"","Date","ID","Site","randLat","randLon","Winter","Mean_Veg_Height_25_m","Mean_Veg_Height_50_m","Mean_Veg_Height_100_m","Mean_Veg_Height_200_m","Sd_Veg_Height_25_m","Sd_Veg_Height_50_m","Sd_Veg_Height_100_m","Sd_Veg_Height_200_m","mean_Pop_Dens_25_m","mean_Pop_Dens_50_m","mean_Pop_Dens_100_m","mean_Pop_Dens_200_m","mean_Single_House_25_m","mean_Single_House_50_m","mean_Single_House_100_m","mean_Single_House_200_m","mean_Semi_Detached_House_25_m","mean_Semi_Detached_House_50_m","mean_Semi_Detached_House_100_m","mean_Semi_Detached_House_200_m","mean_Row_House_25_m","mean_Row_House_50_m","mean_Row_House_100_m","mean_Row_House_200_m","mean_App_Duplex_25_m","mean_App_Duplex_50_m","mean_App_Duplex_100_m","mean_App_Duplex_200_m","mean_App_Less_5_Storeys_25_m","mean_App_Less_5_Storeys_50_m","mean_App_Less_5_Storeys_100_m","mean_App_Less_5_Storeys_200_m","mean_App_Over_5_Storeys_25_m","mean_App_Over_5_Storeys_50_m","mean_App_Over_5_Storeys_100_m","mean_App_Over_5_Storeys_200_m","sd_Pop_Dens_25_m","sd_Pop_Dens_50_m","sd_Pop_Dens_100_m","sd_Pop_Dens_200_m","sd_Single_House_25_m","sd_Single_House_50_m","sd_Single_House_100_m","sd_Single_House_200_m","sd_Semi_Detached_House_25_m","sd_Semi_Detached_House_50_m","sd_Semi_Detached_House_100_m","sd_Semi_Detached_House_200_m","sd_Row_House_25_m","sd_Row_House_50_m","sd_Row_House_100_m","sd_Row_House_200_m","sd_App_Duplex_25_m","sd_App_Duplex_50_m","sd_App_Duplex_100_m","sd_App_Duplex_200_m","sd_App_Less_5_Storeys_25_m","sd_App_Less_5_Storeys_50_m","sd_App_Less_5_Storeys_100_m","sd_App_Less_5_Storeys_200_m","sd_App_Over_5_Storeys_25_m","sd_App_Over_5_Storeys_50_m","sd_App_Over_5_Storeys_100_m","sd_App_Over_5_Storeys_200_m","Road_Length_25_m","Road_Length_50_m","Road_Length_100_m","Road_Length_200_m","Dist_to_Nearest_Feeder_m"
"1","2024-10-24","608",4,45.4110967687627,-73.9309867554877,3,9.51887969232628,8.21239580211942,6.56749675486122,6.23585131321776,6.051788003697,6.80451821192992,6.82216070702993,7.01821154397833,201.7,201.7,201.7,326.490384615385,155,155,155,181.442307692308,0,0,0,2.30769230769231,40,40,40,31.7307692307692,0,0,0,0,40,40,40,30.5769230769231,0,0,0,0,0,0,0,348.975301817021,0,0,0,63.8651807498984,0,0,0,6.45205078064472,0,0,0,14.9471164306953,0,0,0,0,0,0,0,16.5284616721844,0,0,0,0,0,295.144958341083,752.656873246931,4204.64920123224,72.8733920769868
"2","2024-10-26","608",4,45.4106419429115,-73.9335868490029,3,1.9846611839135,1.93860520149009,3.03075301295438,3.81108370918586,1.32249688326498,2.79604813299339,5.42480826749937,6.30791841683709,118.3,118.3,118.3,141.194117647059,355,355,355,300.098039215686,20,20,20,14.5098039215686,15,15,15,21.8627450980392,0,0,0,0,5,5,5,14.6078431372549,0,0,0,0,0,0,0,37.5890059020704,0,0,0,90.1415009641976,0,0,0,9.01415009641976,0,0,0,11.2676876205247,0,0,0,0,0,0,0,15.7747626687346,0,0,0,0,0,0,505.460809810946,2291.74719974921,224.980298764076
"3","2024-11-03","608",4,45.408394327895,-73.9329936157895,3,11.4225392961673,9.14543477205264,5.87678976918984,6.08786479890566,8.21376181274561,7.33065633926605,6.43838311916317,6.68965597278876,201.7,201.7,173.9,242.401960784314,155,155,221.666666666667,247.156862745098,0,0,6.66666666666667,9.01960784313725,40,40,31.6666666666667,25.5882352941176,0,0,0,0,40,40,28.3333333333333,21.078431372549,0,0,0,0,0,0,41.0633213907054,285.078857504513,0,0,98.4731927834662,98.9305559569984,0,0,9.84731927834662,10.0508511004361,0,0,12.3091490979333,14.2704960959151,0,0,0,0,0,0,17.2328087371066,18.0641558200265,0,0,0,0,271.927634215446,671.177483170955,1890.09675168386,4880.7659465939,29.0285766721992
"4","2024-11-29","608",4,45.4069817108647,-73.9336004301115,3,10.8606270211865,9.74527973253701,7.52269905846044,6.91115657918264,6.91951687420601,7.2793833242736,7.1040439636475,7.20881088988307,118.3,118.3,141.045454545455,152.641176470588,355,355,300.454545454545,272.647058823529,20,20,14.5454545454545,11.7647058823529,15,15,21.8181818181818,25.2941176470588,0,0,0,0,5,5,14.5454545454545,19.4117647058824,0,0,0,0,0,0,38.9560871658426,41.4539801537589,0,0,93.4198732993827,99.4100243495416,0,0,9.34198732993828,9.94100243495417,0,0,11.6774841624228,12.4262530436927,0,0,0,0,0,0,16.348477827392,17.3967542611698,0,0,0,0,184.604510626853,552.077709945813,1672.47799769167,4486.28663784809,65.9557072683833
"5","2024-12-06","608",4,45.4104498512179,-73.9294457527046,3,9.15437570106482,9.71255454463535,8.41230345548162,8.12242822822857,6.88176690373837,6.7638658559825,7.13447812220615,7.39890460872497,201.7,201.7,700.95,749.896078431373,155,155,167.5,168.725490196078,0,0,0,0,40,40,20,18.0392156862745,0,0,0,0,40,40,20,18.0392156862745,0,0,0,0,0,0,521.449618415293,501.788741189272,0,0,13.0558241966773,12.5635638755451,0,0,0,0,0,0,20.8893187146837,20.1017022008722,0,0,0,0,0,0,20.8893187146837,20.1017022008722,0,0,0,0,134.85582191988,373.810776949426,1603.94360363617,5111.36902363035,20.6340277543034
"6","2024-12-18","608",4,45.4096653324797,-73.93307005754,3,10.1463083259443,7.55525915379954,5.97788931095325,5.0997594555375,7.43099416372085,7.64345332210181,7.35267580801445,6.84313050793292,118.3,146.1,160,175.490196078431,355,288.333333333333,255,265.294117647059,20,13.3333333333333,10,10.9803921568627,15,23.3333333333333,27.5,25.4901960784314,0,0,0,0,5,16.6666666666667,22.5,20,0,0,0,0,0,48.1510124504148,43.5542295201156,152.100183109557,0,115.470053837925,104.446593573419,100.022056391107,0,11.5470053837925,10.4446593573419,10.0508511004361,0,14.4337567297406,13.0558241966773,12.9327066757421,0,0,0,0,0,20.2072594216369,18.2781538753483,17.606816861659,0,0,0,0,266.181622306702,583.911930276887,1543.89040818589,3625.32387864572,112.808355281749
"7","2025-01-02","608",4,45.4110206868458,-73.9280711531912,3,8.90391310477739,8.21789748389661,8.26181755779852,8.06141588387803,6.37688075351546,7.127526127602,7.01382181763015,7.33579286331406,1200.2,1200.2,1200.2,984.837254901961,180,180,180,174.607843137255,0,0,0,0,0,0,0,8.62745098039216,0,0,0,0,0,0,0,8.62745098039216,0,0,0,0,0,0,0,414.767116324708,0,0,0,10.3847550406787,0,0,0,0,0,0,0,16.6156080650859,0,0,0,0,0,0,0,16.6156080650859,0,0,0,0,0,322.944597455058,1217.77592625511,5591.38003839295,65.5239497376515
"8","2025-01-05","608",4,45.4114163234788,-73.9278520242798,3,9.4676144684491,8.92303906113615,8.25956913743038,8.31599518397249,8.74514821762272,7.3401378037897,7.42443382381535,7.3294254672859,1200.2,1200.2,1200.2,988.978846153846,180,180,180,174.711538461538,0,0,0,0,0,0,0,8.46153846153846,0,0,0,0,0,0,0,8.46153846153846,0,0,0,0,0,0,0,411.765143577391,0,0,0,10.3095929789031,0,0,0,0,0,0,0,16.495348766245,0,0,0,0,0,0,0,16.495348766245,0,0,0,0,133.861611164981,371.956008406913,1039.41905060683,5123.65764423283,103.923955594576
"9","2025-01-12","608",4,45.4108010408648,-73.9287334622091,3,9.03267154450939,8.62457905726246,8.75416073800348,7.87247325528845,5.32760130494595,6.27545542591956,6.9630789280592,7.20408081689643,1200.2,1200.2,867.366666666667,861.08679245283,180,180,171.666666666667,171.509433962264,0,0,0,0,0,0,13.3333333333333,13.5849056603774,0,0,0,0,0,0,13.3333333333333,13.5849056603774,0,0,0,0,0,0,491.627414971455,477.395957669448,0,0,12.3091490979333,11.9528281840122,0,0,0,0,0,0,19.6946385566932,19.1245250944195,0,0,0,0,0,0,19.6946385566932,19.1245250944195,0,0,0,0,0,297.03824579197,1337.83460445903,5286.77750180071,40.4466568172682
"10","2025-01-19","608",4,45.4085785755588,-73.9314409215728,3,10.2930860470999,9.23615022626786,8.66723091126472,7.91548936065966,8.30165068315494,7.65001396012702,7.42982133577315,7.5301687048627,201.7,451.325,534.533333333333,544.3,155,161.25,163.333333333333,187.352941176471,0,0,0,2.35294117647059,40,30,26.6666666666667,22.9411764705882,0,0,0,0,40,30,26.6666666666667,21.7647058823529,0,0,0,0,0,499.25,491.627414971455,489.931854445085,0,12.5,12.3091490979333,62.907495111286,0,0,0,6.50791373455969,0,20,19.6946385566932,18.8195767908908,0,0,0,0,0,20,19.6946385566932,19.5914146863305,0,0,0,0,0,254.30133873116,1311.30072673983,6109.27952787834,72.1962161753068
"11","2025-01-24","608",4,45.412060755963,-73.9279651654686,3,8.71033620105244,8.22331405439384,8.29490893240293,8.34891328284182,6.60233249701263,7.20281692281867,7.90120528537646,7.3131160031482,1200.2,1200.2,1200.2,950.575,180,180,180,173.75,0,0,0,0,0,0,0,10,0,0,0,0,0,0,0,10,0,0,0,0,0,0,0,436.581460123457,0,0,0,10.9309329024401,0,0,0,0,0,0,0,17.4894926439041,0,0,0,0,0,0,0,17.4894926439041,0,0,0,0,0,269.40169195421,1248.27817382645,4953.12341894054,77.0472439794936
"12","2025-01-31","608",4,45.4120837267309,-73.9324990240207,3,8.31691151921273,4.02517940070621,2.55104502093788,3.67829237317941,8.12758665033001,6.14703261098795,5.06270920237628,5.50762154315686,201.7,160,163.207692307692,164.088235294118,155,255,247.307692307692,245.196078431373,0,10,9.23076923076923,9.01960784313725,40,27.5,28.4615384615385,28.7254901960784,0,0,0,0,40,22.5,23.8461538461538,24.2156862745098,0,0,0,0,0,48.1510124504148,43.2741351066751,41.9120490888185,0,115.470053837925,103.774904332554,100.508511004361,0,11.5470053837925,10.3774904332554,10.0508511004361,0,14.4337567297406,12.9718630415693,12.5635638755451,0,0,0,0,0,20.2072594216369,18.160608258197,17.5889894257631,0,0,0,0,99.4417878449035,199.673023981683,1065.16619409062,5957.37367421103,193.827329658535
"13","2025-02-09","608",4,45.4123188704558,-73.9307842852439,3,5.55598258583705,6.19313639796008,5.30977388695165,5.70050931090165,6.92059030985862,6.3860623377566,6.23811090724586,6.5881157419216,201.7,201.7,201.7,289.690384615385,155,155,155,176.634615384615,0,0,0,1.92307692307692,40,40,40,33.75,0,0,0,0,40,40,40,32.7884615384615,0,0,0,0,0,0,0,300.887218959501,0,0,0,59.2081833394589,0,0,0,5.95356592385212,0,0,0,13.3532326995905,0,0,0,0,0,0,0,14.9644500805802,0,0,0,0,0,303.01386175802,756.629190935082,6616.97710780405,74.4736828724268
"14","2024-10-16","610",6,45.4588279081664,-73.6436897193299,3,7.01708054919909,6.88575162352761,6.02895130850781,5.7716136073792,5.68328347386936,5.70153559818737,6.36793025152244,6.62427193279627,2289.3,2289.3,2289.3,3162.554,30,30,30,35.9,95,95,95,86.2,0,0,0,0,15,15,15,33.3,35,35,35,55.8,0,0,0,0,0,0,0,1290.21279327189,0,0,0,12.0242102714923,0,0,0,12.7199024511726,0,0,0,0,0,0,0,38.7773603210609,0,0,0,29.5952285177933,0,0,0,0,272.096196189814,756.751529096854,2926.38260174812,15690.0050599866,257.313873613758
"15","2024-10-19","610",6,45.4593211000178,-73.6435979067317,3,6.6555976097789,6.09445931866626,5.48397117778554,5.13550164776215,5.71588729537602,4.98996973594193,5.94728761806902,5.89568410805353,2289.3,2289.3,2432.92142857143,2960.35294117647,30,30,30.3571428571429,33.2352941176471,95,95,92.8571428571429,86.7647058823529,0,0,0,0,15,15,21.7857142857143,37.0588235294118,35,35,38.9285714285714,52.0588235294118,0,0,0,0,0,0,537.382179113312,1091.06144068113,0,0,1.33630620956212,8.29599478132458,0,0,8.01783725737273,13.0699475672921,0,0,0,0,0,0,25.3898179816803,40.8800253251907,0,0,14.6993683051833,26.8919406251805,0,0,0,0,389.822376067325,820.33532961026,3831.19899353456,13463.1252599222,217.240978838438
"16","2024-10-25","610",6,45.4579268278654,-73.6462309581742,3,5.17422249192513,5.84017415023238,7.42907183724679,7.19012169038241,5.64761882254551,5.30125797759746,6.01594425786667,6.09179969189599,5654.4,4638.6,4820.92307692308,4541.48653846154,65,42.5,46.5384615384615,46.9230769230769,75,67.5,68.8461538461538,72.0192307692308,0,0,0,0,10,85,71.5384615384615,63.8461538461538,105,93.75,95.7692307692308,81.8269230769231,0,0,0,0,0,677.2,685.827099389059,974.035336362034,0,15,15.191090506255,14.0431354437678,0,5,5.06369683541833,8.70314431486168,0,0,0,0,0,50,50.6369683541833,46.4379766052694,0,7.5,7.5955452531275,25.706275386926,0,0,0,0,603.420197594357,1488.89952415665,5265.7449175552,18431.0231368434,248.06711040176
"17","2024-10-26","610",6,45.458285939817,-73.6494350216555,3,3.11225640144603,3.8283076431636,4.95610573817588,6.54533486877161,4.58709423329402,5.08315260073337,5.13948523642545,5.86721012715585,4254,4277,4400.39230769231,4795.05294117647,50,42.5,46.9230769230769,53.7254901960784,70,67.5,63.4615384615385,56.1764705882353,0,0,0,0,85,97.5,95.7692307692308,92.9411764705882,45,67.5,60.7692307692308,56.5686274509804,0,0,0,0,0,32.5269119345812,459.278819566681,894.148241479664,0,10.6066017177982,13.6226621141729,18.1340325701401,0,3.53553390593274,16.2512326948624,24.7100836763884,0,0,0,0,0,17.6776695296637,12.3905464377339,17.1515734143616,0,31.8198051533946,24.6514159368647,26.0862070082722,0,0,0,0,305.619038734648,759.79642101233,4362.58229784842,17495.7016494724,190.307491356666
"18","2024-10-28","610",6,45.4598062655253,-73.6524436024247,3,7.76183642358814,6.32112126538123,6.83519361235367,6.54047085332843,6.40766469074602,5.59583726234828,6.19821396183815,5.80663912472419,5927.1,5927.1,6092.82857142857,6546.79607843137,85,85,81.4285714285714,68.921568627451,10,10,20,30.8823529411765,0,0,0,0.588235294117647,100,100,91.4285714285714,80.3921568627451,25,25,34.2857142857143,59.0196078431373,0,0,0,0,0,0,421.274676389446,816.036870971106,0,0,9.07841299003204,22.7005225818746,0,0,25.4195563720897,32.0734451275965,0,0,0,2.94058817645882,0,0,21.7881911760769,33.5833759061667,0,0,23.6038737740833,66.9553553335589,0,0,0,0,170.596179284199,724.957560837568,3062.1797027664,14542.0570322302,145.492673866938
"19","2024-11-04","610",6,45.4602337637221,-73.6507651201399,3,6.64567401866801,5.89493600612258,6.71510355397382,6.0117799043371,6.17609700455664,5.22623301680862,5.85926135021271,5.46146191393559,7087.2,7087.2,6893.85,6426.3431372549,60,60,64.1666666666667,66.1764705882353,80,80,68.3333333333333,55.2941176470588,0,0,0,0,40,40,50,66.3725490196078,90,90,79.1666666666667,67.4509803921569,0,0,0,0,0,0,451.568312560891,891.142865371182,0,0,9.73123680201904,15.0195950442786,0,0,27.2474630456533,32.6099948590288,0,0,0,0,0,0,23.3549683248457,30.77463941905,0,0,25.3012156852495,30.957592752338,0,0,0,0,0,747.279858245565,2902.59080181739,17120.2950786307,81.0599740176722
"20","2024-11-17","610",6,45.4617362129488,-73.6476122972743,3,2.17043091411767,2.82468621297763,4.1873026375454,4.63182264055284,3.44470342440937,4.457862151703,5.70212479488,5.56395324518845,4300,5025.7,5475.70714285714,6137.01153846154,35,46.6666666666667,51.0714285714286,44.2307692307692,65,60,61.7857142857143,60,0,0,0,0,110,90,78.5714285714286,79.9038461538461,90,91.6666666666667,91.7857142857143,88.2692307692308,0,6.66666666666667,7.14285714285714,24.4230769230769,0,1256.94927105273,1236.73788433946,2005.34690389526,0,20.2072594216369,17.0043627239703,19.5384140330298,0,8.66025403784439,10.489398101296,18.0413468476838,0,0,0,0,0,34.6410161513775,32.783002832646,32.7421654244454,0,2.88675134594813,2.48622579049423,9.9451739889854,0,11.5470053837925,9.94490316197694,51.2362257544659,476.405327119162,1703.44264197379,4908.02236131753,15285.9024348201,85.542008538075
"21","2024-11-24","610",6,45.4604263123069,-73.6519774474141,3,4.47340567893584,6.38093554498579,6.94077241318175,6.50668219978507,4.99339384039383,5.95245645116237,5.94573703661046,5.79642033738811,7087.2,6797.175,6641.00769230769,6825.57307692308,60,66.25,69.6153846153846,61.7307692307692,80,62.5,53.0769230769231,42.8846153846154,0,0,0,0.576923076923077,40,55,63.0769230769231,71.5384615384615,90,73.75,65,70.7692307692308,0,0,0,0,0,580.05,587.439469876881,770.817136859723,0,12.5,12.6592420885458,22.3581501432488,0,35,35.4458778479283,34.7589197727826,0,0,0,2.91275864017731,0,30,30.38218101251,36.374124361652,0,32.5,32.9140294302192,64.6967633777266,0,0,0,0,204.700271923673,734.342457278416,3091.28114939144,15520.782192194,69.7057433862275
"22","2024-12-01","610",6,45.4598807372655,-73.6508192198192,3,6.36000237896189,7.47009556876655,6.85374049367681,6.04493219149057,5.00608800902935,6.35887462132026,5.94662401242844,5.52058118756593,7087.2,7087.2,6641.00769230769,6188.12884615385,60,60,69.6153846153846,66.8269230769231,80,80,53.0769230769231,49.6153846153846,0,0,0,0,40,40,63.0769230769231,74.0384615384615,90,90,65,62.0192307692308,0,0,0,0,0,0,587.439469876881,979.138425459039,0,0,12.6592420885458,16.9494301527742,0,0,35.4458778479283,33.2672799539644,0,0,0,0,0,0,30.38218101251,30.9338075976542,0,0,32.9140294302192,31.9506300435687,0,0,0,0,358.609732401356,780.604561180728,3696.4710698952,16827.511815629,114.593913450347
"23","2024-12-08","610",6,45.4601478613769,-73.652643197828,3,5.386532285549,6.95021262147455,7.24247091137254,6.55000534566913,6.02635342918606,6.27858122951898,6.39981157212181,5.84654332771475,5927.1,5927.1,6387.03125,6796.87037037037,85,85,73.75,61.1111111111111,10,10,32.1875,31.2962962962963,0,0,0,1.11111111111111,100,100,82.5,78.5185185185185,25,25,46.5625,72.4074074074074,0,0,0,0,0,0,620.386037580634,932.326284214703,0,0,16.583123951777,26.893687739906,0,0,33.3150991794011,31.9962436649253,0,0,0,3.96525792859072,0,0,30,38.0370924928677,0,0,30.6441266803282,85.3225884220494,0,0,0,0,0,817.544172465299,3815.15158553045,14427.0668518833,129.580721322751
"24","2024-12-13","610",6,45.4601685718859,-73.6508994328688,3,6.97850257511053,6.62163897605233,6.9033923857515,6.05274937173914,6.1797282757366,5.49199098162916,5.90237728115876,5.54946168352886,7087.2,7087.2,6797.175,6426.3431372549,60,60,66.25,66.1764705882353,80,80,62.5,55.2941176470588,0,0,0,0,40,40,55,66.3725490196078,90,90,73.75,67.4509803921569,0,0,0,0,0,0,524.674966266995,891.142865371182,0,0,11.3066754216661,15.0195950442786,0,0,31.6586911806652,32.6099948590288,0,0,0,0,0,0,27.1360210119987,30.77463941905,0,0,29.397356096332,30.957592752338,0,0,0,0,0,808.873823301347,2897.15463892636,17000.5220299023,82.5476353431231
"25","2024-12-18","610",6,45.4618094662251,-73.6514612231946,3,4.20975606259233,5.19008362940183,6.20461593453843,6.42058506461331,4.38839973858093,4.53454143016051,5.36538593450672,5.60931515190203,7087.2,7087.2,7123.40909090909,7019.94901960784,60,60,57.2727272727273,56.2745098039216,80,80,74.0909090909091,57.9411764705882,0,0,0,0,40,40,47.2727272727273,61.3725490196078,90,90,85.9090909090909,78.6274509803922,0,0,0,3.52941176470588,0,0,120.091968545323,388.743526954494,0,0,9.04534033733291,15.0613126006634,0,0,19.5982373975546,28.127859331777,0,0,0,0,0,0,24.1209075662211,33.2276756841725,0,0,13.5680105059994,22.0698534515422,0,0,0,7.70026737503698,279.680044036422,928.345386834645,4517.42556483265,17170.0186344855,10.4391316878578
"26","2024-12-20","610",6,45.4602139082922,-73.6528139823383,3,6.12689385371943,8.2819990524623,7.29512731923285,6.57865480638143,6.57553667838036,7.22490789309422,6.48384091888891,5.90445343615457,5927.1,5927.1,6403.93076923077,6873.20196078431,85,85,73.0769230769231,58.4313725490196,10,10,31.9230769230769,28.4313725490196,0,0,0,1.47058823529412,100,100,83.0769230769231,79.2156862745098,25,25,46.5384615384615,78.235294117647,0,0,0,0,0,0,636.144639455283,999.361081989927,0,0,17.5045781557356,28.8182268031611,0,0,33.3877760526752,30.5857842155213,0,0,0,4.50489929377548,0,0,30.38218101251,39.7916140539638,0,0,30.6447803728884,95.8427020143514,0,0,0,0,0,817.767413226662,4077.59166682728,14858.4600332086,136.534204958949
"27","2024-12-26","610",6,45.4635168120105,-73.6508216326279,3,8.36461975591732,6.852454383017,7.46793466574018,7.07859456027774,6.43455074810745,5.91353160183477,6.10531301442946,5.98115264908805,6477.1,6477.1,6722.75,7108.19433962264,70,70,65.4166666666667,52.2641509433962,50,50,52.9166666666667,50.4716981132076,0,0,0,0,50,50,50,48.4905660377358,95,95,93.75,84.0566037735849,20,20,24.1666666666667,63.0188679245284,0,0,681.771504644668,816.266830057402,0,0,13.0485689451047,22.7563608549652,0,0,8.64931246172816,19.7158699973718,0,0,0,0,0,0,4.26401432711221,23.4230513034862,0,0,3.1079078025403,18.1885584221125,0,0,21.5146180044822,107.391893865061,517.144375817363,1444.27787259081,5249.8437979171,16741.3177736957,112.4200990934
"28","2024-12-31","610",6,45.4615750911986,-73.6513623617348,3,5.49035739052208,5.08607800196483,6.0296197506007,6.40502296211563,4.35109880748002,4.58990328288479,5.26300666849335,5.58567107049529,7087.2,7087.2,7115.65,7013.042,60,60,57.8571428571429,57,80,80,75.3571428571429,58.4,0,0,0,0,40,40,45.7142857142857,61.8,90,90,86.7857142857143,76.3,0,0,0,2,0,0,106.450152653719,417.863773861916,0,0,8.01783725737273,15.3529894715748,0,0,17.3719807243076,29.6310647800581,0,0,0,0,0,0,21.3808993529939,33.5449743795169,0,0,12.0267558860591,23.8577844225112,0,0,0,6.06091526731326,383.161205638206,791.656378634172,4451.76457337182,16316.7524178819,12.8868598347847
"29","2025-01-04","610",6,45.461829954662,-73.6515234557131,3,5.07184042401637,5.37683041573263,6.22567705142639,6.4246011411316,5.0420758667874,4.57991047295498,5.38639781679116,5.63040512792822,7087.2,7087.2,7123.40909090909,7019.94901960784,60,60,57.2727272727273,56.2745098039216,80,80,74.0909090909091,57.9411764705882,0,0,0,0,40,40,47.2727272727273,61.3725490196078,90,90,85.9090909090909,78.6274509803922,0,0,0,3.52941176470588,0,0,120.091968545323,388.743526954494,0,0,9.04534033733291,15.0613126006634,0,0,19.5982373975546,28.127859331777,0,0,0,0,0,0,24.1209075662211,33.2276756841725,0,0,13.5680105059994,22.0698534515422,0,0,0,7.70026737503698,285.524658993806,924.491335822026,4634.82387595082,17193.9542637257,15.2392227604828
"30","2025-01-07","610",6,45.461420079269,-73.649552907146,3,3.43450858956529,5.73333964925435,6.3324040464916,5.8362413235194,3.73801301809688,4.48748363852784,5.30431086250559,5.53440235682221,7087.2,7087.2,7087.2,6451.78823529412,60,60,60,57.9411764705882,80,80,80,70.2941176470588,0,0,0,0,40,40,40,54.7058823529412,90,90,90,91.1764705882353,0,0,0,4.70588235294118,0,0,0,1037.22577130479,0,0,0,11.4968026245663,0,0,0,12.6653766112928,0,0,0,0,0,0,0,26.1803698351624,0,0,0,2.14201664188625,0,0,0,8.568066567545,246.29941225755,941.508100859596,4357.45696497488,17782.2881443458,142.461925490833
"31","2025-01-11","610",6,45.4614656434387,-73.6490549597499,3,7.87144473880851,7.29924139681119,6.17333996156213,5.56774299107782,5.44681055639385,5.21544712327817,5.49999840636237,5.53962611118764,7087.2,7087.2,6757.37857142857,6242.38867924528,60,60,60.3571428571429,56.5094339622642,80,80,72.5,68.3962264150943,0,0,0,0,40,40,47.1428571428571,59.811320754717,90,90,91.0714285714286,91.3207547169811,0,0,4.28571428571429,5.28301886792453,0,0,752.544372500664,1146.69232656038,0,0,8.42712783316377,13.0673148343924,0,0,12.8227562139767,12.7012107579152,0,0,0,0,0,0,18.5756546332813,29.1870997609017,0,0,2.1290765681316,2.22549549284631,0,0,8.5163062725264,8.90198197138525,374.564842041052,788.042986193869,5577.96270696301,17943.0962385667,122.974279179166
"32","2025-01-15","610",6,45.4624471047004,-73.649266826966,3,4.63102781230874,6.48695990311597,7.2917185149593,6.87429586211228,4.11002513600812,5.11998385180982,5.8559708151436,6.11973485700956,6477.1,6629.625,6694.99285714286,6943.02549019608,70,67.5,66.4285714285714,57.156862745098,50,57.5,60.7142857142857,62.843137254902,0,0,0,0,50,47.5,46.4285714285714,51.3725490196078,95,93.75,93.2142857142857,91.2745098039216,20,15,12.8571428571429,22.3529411764706,0,305.05,303.369270956106,1038.64168082032,0,5,4.97245158098847,16.3479326509741,0,15,14.9173547429654,13.8294939155699,0,0,0,0,0,5,4.97245158098847,16.3731008478098,0,2.5,2.48622579049423,3.5837323079301,0,10,9.94490316197694,30.8926033408722,115.838460423612,1070.86239071957,3432.52205073531,18693.3830840237,32.0413968862041
"33","2025-01-25","610",6,45.4611070381165,-73.6475940719698,3,1.194104863843,2.6217055440588,3.37851422573928,4.39687407194544,2.72353930921381,4.54908271686813,4.86256659820407,5.33792806740072,4300,4844.275,5063.73846153846,5188.01568627451,35,43.75,44.2307692307692,45.3921568627451,65,61.25,65,65.5882352941177,0,0,0,0,110,95,90,86.8627450980392,90,91.25,90.7692307692308,90.7843137254902,0,5,3.07692307692308,3.13725490196078,0,1088.55,1205.3230137868,1227.89078396615,0,17.5,14.6978107562195,14.5204386040816,0,7.5,8.66025403784439,8.98037075089494,0,0,0,0,0,30,31.3581462037113,31.7798801809215,0,2.5,1.87766904049703,1.83645011356363,0,10,7.5106761619881,7.3458004542545,124.887604102335,1201.96202281664,4866.74997471081,16579.1113485636,105.493916644071
"34","2025-01-27","610",6,45.4615868142642,-73.6479655866455,3,2.74222392659333,3.8296069031259,4.83042475754778,4.86727913359457,4.54650751284492,5.0350154222043,5.80315594149072,5.57540895746624,6477.1,6477.1,5903.925,5892.53137254902,70,70,55.8333333333333,49.0196078431373,50,50,62.5,63.921568627451,0,0,0,0,50,50,67.5,75,95,95,92.0833333333333,90.1960784313726,20,20,8.33333333333333,12.156862745098,0,0,1211.0614691441,1591.66398595812,0,0,15.9307212262307,17.2342568114537,0,0,12.5227066490508,14.2938352267751,0,0,0,0,0,0,31.6586911806652,33.0302891298275,0,0,2.57464325272219,6.24185744099667,0,0,10.2985730108887,32.6994633283298,664.945216778241,1859.12548658218,5524.91061125264,15942.1093213463,90.9519314620718
"35","2025-02-05","610",6,45.4617799571076,-73.6541740848411,3,7.50726636565151,6.87195733085936,6.69228510718915,5.61720429988996,6.51411759353592,6.3607196016725,6.36127368096774,5.96704807035376,7485.5,7485.5,7485.5,7728.84038461539,30,30,30,30.2884615384615,15,15,15,20.8653846153846,0,0,0,3.84615384615385,120,120,120,82.5,45,45,45,114.711538461538,0,0,0,6.15384615384615,0,0,0,1217.32999429233,0,0,0,22.4790416885103,0,0,0,22.2226071485013,0,0,0,7.58063739723886,0,0,0,50.667118161043,0,0,0,127.014795577625,0,0,0,27.3792426135843,287.531820130281,755.832023963112,3950.19787838361,19178.2023761433,9.28441582817216
"36","2025-02-08","610",6,45.460340848719,-73.6496537790524,3,5.45407572566835,5.82119596564017,5.25748487207385,5.84372989408562,5.10354267143265,5.00062779955021,4.99087963254624,5.54524427589955,7087.2,7087.2,6658.4,6008.7862745098,60,60,56.1538461538462,55.0980392156863,80,80,77.6923076923077,66.2745098039216,0,0,0,0,40,40,50.7692307692308,70.0980392156863,90,90,90,81.5686274509804,0,0,0,0.392156862745098,0,0,1046.68782993466,1276.38703707294,0,0,9.38834520248513,15.9527488564959,0,0,5.63300712149108,22.0871713276033,0,0,0,0,0,0,26.2873665669584,33.4438364437818,0,0,0,21.8057376870958,0,0,0,2.80056016805602,247.058910010202,1112.48282883921,5359.54308612262,19184.26696773,142.037562334337
"37","2025-02-10","610",6,45.459724578716,-73.6499196131081,3,6.98763999748096,5.88208211027731,5.786326184306,5.81522834392259,4.92082674013188,5.76461173580048,5.63652792854044,5.52451738933378,7087.2,6700.5,6241.35,5861.01153846154,60,68.3333333333333,60,59.4230769230769,80,56.6666666666667,61.7857142857143,56.5384615384615,0,0,0,0,40,60,67.8571428571429,77.5961538461539,90,68.3333333333333,76.0714285714286,69.9038461538461,0,0,0,0,0,669.784047286885,1154.47212162762,1200.46972157288,0,14.4337567297406,16.9841555121689,18.6729815864339,0,40.4145188432738,28.7299858668968,29.1806150659293,0,0,0,0,0,34.6410161513775,33.55330350091,31.8003943836591,0,37.5277674973257,27.6779953857108,29.4473672150404,0,0,0,0,207.00082502811,1350.90504115149,5101.12750365408,18186.0254562667,166.213681496867
"38","2025-02-12","610",6,45.4606342124855,-73.6488529015554,3,2.48538250252902,4.46700120107797,5.10697685039686,5.51879398605827,3.85990820886562,4.88195180621402,5.17952785275436,5.52051974176003,7087.2,6390.4,5925.86666666667,5759.62941176471,60,53.75,49.5833333333333,50,80,76.25,73.75,69.5098039215686,0,0,0,0,40,57.5,69.1666666666667,73.5294117647059,90,90,90,89.1176470588235,0,0,0,1.56862745098039,0,1393.6,1435.20913479746,1353.70027233419,0,12.5,12.8732162636109,14.3527000944073,0,7.5,7.72392975816656,12.6986181122508,0,0,0,0,0,35,36.0450055381106,34.4571344955882,0,0,0,9.25774715321936,0,0,0,5.43048764646707,725.834091390458,2047.1420807161,6578.30959326831,18998.7825128813,105.093017111836
"39","2025-02-19","610",6,45.460615758742,-73.6504381830807,3,4.64216367236355,5.54694578394305,5.82452012594805,6.14541035516219,4.47160811225793,4.66051020882629,5.07284249654036,5.5887466681449,7087.2,7087.2,7087.2,6489.57962962963,60,60,60,61.8518518518519,80,80,80,63.7962962962963,0,0,0,0,40,40,40,61.2962962962963,90,90,90,76.7592592592593,0,0,0,0,0,0,0,970.289134184672,0,0,0,14.4488785324524,0,0,0,27.9138699747483,0,0,0,0,0,0,0,30.5327721424538,0,0,0,26.4246420051687,0,0,0,0,302.397445540173,760.234146337426,3190.63212195134,18003.3363226597,73.6995121566202
"40","2025-02-21","610",6,45.4607173870987,-73.6538380124353,3,5.7873877435602,7.79994375708607,7.62223880113557,6.0700416204462,5.46369624083259,6.7332351582078,6.82219850297608,5.98053335158616,7485.5,7485.5,7221.93076923077,7373.22941176471,30,30,42.6923076923077,42.843137254902,15,15,18.0769230769231,23.0392156862745,0,0,1.15384615384615,3.23529411764706,120,120,100,74.9019607843137,45,45,67.6923076923077,114.705882352941,0,0,0,0,0,0,878.17611026549,1115.34036837086,0,0,27.0505225315662,31.2770667096642,0,0,18.8788309068718,26.8901177270117,0,0,4.16025147168922,6.23085302440723,0,0,37.4165738677394,48.471540062994,0,0,87.8591530190837,129.051973114346,0,0,0,0,144.786526477737,1274.16345783922,4482.79278555518,15768.9994197266,103.723223704654
"41","2025-02-22","610",6,45.4614173455108,-73.6487934086394,3,8.61410790080594,7.63101835181839,5.698640750533,5.42679666690206,5.03338465941774,5.37210141847462,5.44451755110644,5.52540963090935,7087.2,7087.2,6667.42727272727,6057.26862745098,60,60,60.4545454545455,54.7058823529412,80,80,70.4545454545455,67.6470588235294,0,0,0,0,40,40,49.0909090909091,64.5098039215686,90,90,91.3636363636364,91.2745098039216,0,0,5.45454545454546,5.09803921568628,0,0,833.477612285908,1225.03826331918,0,0,9.60586941784695,14.0503297009672,0,0,13.8662441660576,12.2618490113225,0,0,0,0,0,0,20.7145096270925,31.3249884590686,0,0,2.33549683248457,2.2007128969727,0,0,9.34198732993828,8.8028515878908,341.269483549055,1225.09495900326,5928.2300976316,17975.8134778581,117.922982425024
"42","2025-03-01","610",6,45.4622918570292,-73.6501745249962,3,7.73343200510042,7.0698839443353,6.80143136536126,7.02185581707058,7.97709537329357,6.83757074811029,5.85013247631481,5.90744433527762,7087.2,6782.15,6852.54615384615,6877.62307692308,60,65,63.8461538461538,62.4038461538462,80,65,68.4615384615385,64.3269230769231,0,0,0,0,40,45,43.8461538461538,47.6923076923077,90,92.5,91.9230769230769,90.2884615384615,0,10,7.69230769230769,10.1923076923077,0,431.405847201912,308.936143928872,424.882970099465,0,7.07106781186548,5.06369683541833,9.82645412156992,0,21.2132034355964,15.191090506255,17.7683582542898,0,0,0,0,0,7.07106781186548,5.06369683541833,15.5444189108509,0,3.53553390593274,2.53184841770917,9.51847849610664,0,14.142135623731,10.1273936708367,15.0150753806893,149.807446337878,980.177439178153,3614.1605574246,18104.4006951759,102.852859062613
"43","2025-03-04","610",6,45.4630529285582,-73.6504671054323,3,6.81658854065705,7.9150131775243,7.5976829374055,7.20567745224283,5.33132292706802,6.00825397896696,6.30752873915081,5.9104672093853,6477.1,6477.1,6667.75625,7076.03018867924,70,70,66.875,56.6037735849057,50,50,59.375,56.6037735849057,0,0,0,0,50,50,46.875,49.622641509434,95,95,93.4375,88.3018867924528,20,20,13.75,36.6037735849057,0,0,292.063139221071,809.541592884256,0,0,4.78713553878169,18.9069987272128,0,0,14.3614066163451,17.6986957609892,0,0,0,0,0,0,4.78713553878169,17.6190744704691,0,0,2.39356776939085,13.0067806364757,0,0,9.57427107756338,69.2249231526205,107.709403441111,1093.35702323684,4234.24828541504,17579.7251945595,127.589829804975
"44","2025-03-06","610",6,45.4586398507361,-73.6490463100003,3,8.71910868004386,6.65941862563042,5.36853019649835,6.32991439302927,5.944569015614,5.40472169000546,5.76192108259398,5.74340666108758,4300,4300,4561.51875,4836.25925925926,35,35,44.375,49.9074074074074,65,65,64.0625,60.0925925925926,0,0,0,0,110,110,97.1875,92.8703703703704,90,90,71.875,66.2037037037037,0,0,0,0,0,0,788.76466048182,993.35067332522,0,0,13.7689263682153,17.1423215865896,0,0,14.9687173799227,21.5767769276508,0,0,0,0,0,0,19.1458219985458,21.7099631908262,0,0,24.6221445044903,26.6517581491138,0,0,0,0,0,837.096715759943,3965.74706342922,17364.9275066338,199.441523095743
"45","2025-03-08","610",6,45.4608331007072,-73.6503966292157,3,5.88374714977118,4.97365797637859,5.83587706642654,6.13147554265888,4.34318033645151,4.65558965827749,5.05383310571533,5.56534576507011,7087.2,7087.2,7087.2,6641.57450980392,60,60,60,61.078431372549,80,80,80,68.5294117647059,0,0,0,0,40,40,40,54.5098039215686,90,90,90,82.6470588235294,0,0,0,1.17647058823529,0,0,0,870.70536161049,0,0,0,11.9295316542686,0,0,0,23.0281158075744,0,0,0,0,0,0,0,26.7068324958387,0,0,0,21.2920863509537,0,0,0,4.75270820628803,0,987.8100359688,3004.24032451445,18163.1898548124,72.2242854013354
"46","2025-03-12","610",6,45.4579544157187,-73.6515111393872,3,2.44031903308976,6.0566338350916,6.91357351400986,6.5817492740401,2.74606754010927,5.55982868323457,5.87112118030337,5.86327466217673,5927.1,5927.1,5648.25,5485.30576923077,85,85,79.1666666666667,71.6346153846154,10,10,20,34.4230769230769,0,0,0,0.384615384615385,100,100,97.5,80.8653846153846,25,25,28.3333333333333,32.1153846153846,0,0,0,0,0,0,651.253291738322,803.685645650641,0,0,13.6237315228267,20.453705590875,0,0,23.3549683248457,25.7943192969686,0,0,0,1.34534558799263,0,0,5.83874208121142,28.62401901472,0,0,7.78498944161523,14.8965765854715,0,0,0,0,0,843.982755077838,4322.80548826433,16224.0643202901,51.9690621220246
"47","2025-03-19","610",6,45.4613922493136,-73.6396751210188,3,4.56490200628927,6.83382086885941,7.84128918056598,7.23402626871953,4.83647633602021,5.94733835781202,6.67580620621312,6.10727402553042,4970,5909.73333333333,6251.45454545455,5615.89411764706,65,58.3333333333333,55.9090909090909,53.8235294117647,125,111.666666666667,106.818181818182,103.43137254902,0,0,0,0,30,20,16.3636363636364,16.4705882352941,30,68.3333333333333,82.2727272727273,73.7254901960784,0,0,0,0,0,1627.66587889939,1472.27918301091,1748.39292407762,0,11.5470053837925,10.4446593573419,12.4735013245727,0,23.094010767585,20.8893187146837,23.1838348009649,0,0,0,0,0,17.3205080756888,15.6669890360128,14.1525304326491,0,66.395280956807,60.0567913047158,54.1557304193647,0,0,0,0,762.679195992274,1840.08167785027,5150.72272789862,16684.0590224662,33.4786841006613
"48","2025-03-22","610",6,45.4616588757462,-73.6396405380133,3,8.56443198681637,9.43741128548531,8.1917181616204,7.29439734415215,8.39467386558665,7.8026207121196,6.71987303802837,6.13383733088657,4970,4970,5909.73333333333,5809.27450980392,65,65,58.3333333333333,56.5686274509804,125,125,111.666666666667,103.823529411765,0,0,0,0,30,30,20,17.0588235294118,30,30,68.3333333333333,74.6078431372549,0,0,0,0,0,0,1388.07812547574,1438.21079050925,0,0,9.84731927834662,10.4158627140737,0,0,19.6946385566932,25.428099325237,0,0,0,0,0,0,14.7709789175199,14.7029408822941,0,0,56.6220858504931,53.9522301416253,0,0,0,0,457.403252367257,1706.0965089244,5108.01050621412,17053.4185738203,30.1886379537298
"49","2025-03-26","610",6,45.4622470183029,-73.6376117595852,3,7.39904699490474,7.97529310090694,7.36339912441387,7.6190701650156,5.60099524778145,6.45642632010192,6.0742614808529,6.27682435698832,5949.4,5949.4,6256.03333333333,6184.57647058823,55,55,53.3333333333333,52.6470588235294,55,55,60,82.4509803921569,0,0,0,0,0,0,0,11.1764705882353,120,120,124.166666666667,99.2156862745098,0,0,0,0,0,0,716.141178734185,1064.03642110376,0,0,3.89249472080762,8.44706701621756,0,0,11.6774841624228,26.6152690953822,0,0,0,0,0,0,0,16.204574517528,0,0,9.73123680201904,45.8734405622644,0,0,0,0,79.3918679122925,649.490284160455,3910.0961775896,15611.7934245081,90.2160385000492
"50","2025-03-29","610",6,45.4619192436699,-73.6379265743011,3,4.86307652656246,7.64037084565778,7.57650478452714,7.29589070424402,4.86638068200668,6.30448672829002,6.05879709833606,6.12148159272358,7789.2,6409.35,6581.67692307692,6322.23846153846,45,52.5,51.9230769230769,53.4615384615385,85,62.5,71.9230769230769,84.2307692307692,0,0,0,0,0,0,2.30769230769231,9.03846153846153,145,126.25,122.692307692308,103.461538461538,0,0,0,0,0,919.9,1028.20560375333,1143.31503063505,0,5,6.30425171956115,8.19722941826972,0,15,21.7503315624595,27.2674591557125,0,0,0,0,0,0,8.32050294337844,14.4520322723973,0,12.5,30.4559370659335,46.8888805491809,0,0,0,0,245.708731671364,741.233124840616,3978.76480296882,16550.5884168511,116.27244503635
"51","2025-04-02","610",6,45.459120944835,-73.6383161034316,3,10.931489583557,9.3556975782486,6.96731726141875,5.26961779944423,3.24389940673837,5.12887692109479,5.75028504897531,6.11217103670579,2289.3,2289.3,3702.96666666667,3816.06538461538,30,30,31.6666666666667,25.5769230769231,95,95,84.5833333333333,61.4423076923077,0,0,0,0,15,15,17.5,35.7692307692308,35,35,68.3333333333333,85.3846153846154,0,0,0,0,0,0,2467.62368551879,2325.00396119288,0,0,10.7308673997732,15.6760666258061,0,0,27.0065929099926,43.4237729511754,0,0,0,0,0,0,23.7888438329628,38.6333267613803,0,0,50.3322295684717,46.143915472609,0,0,0,0,0,229.499672765912,2605.93489592787,9862.45220028202,211.449762484609
"52","2025-04-09","610",6,45.4585420691109,-73.6543717892317,3,6.63699843390303,6.91089541054176,6.74706000813699,5.63722346511744,5.1024213355692,5.24794684125495,5.58935050829861,5.41030866583852,5927.1,5927.1,6290.47692307692,6596.63333333333,85,85,69.2307692307692,54.7058823529412,10,10,18.8461538461538,16.078431372549,0,0,1.15384615384615,3.23529411764706,100,100,73.8461538461538,53.1372549019608,25,25,48.8461538461538,112.254901960784,0,0,0,0,0,0,872.499218866743,1383.82187317106,0,0,25.1533756719115,32.7934713732152,0,0,14.7413599205668,13.0120607703083,0,0,4.16025147168922,6.23085302440723,0,0,35.9486813709167,43.4276499975963,0,0,92.0179748326798,135.592454530074,0,0,0,0,368.129803449231,994.951776716614,4837.24634792882,14040.9036916508,112.54704837046
"53","2025-04-12","610",6,45.4572938901891,-73.6528791249524,3,5.7175957267089,8.84882558159777,7.23983140851197,6.63525783448646,5.88950704135794,7.47671786181786,6.02147568678236,5.64483079190411,6306.7,6306.7,6159.21666666667,5947.27547169811,55,55,67.0833333333333,74.811320754717,40,40,32.9166666666667,31.7924528301887,0,0,0.416666666666667,0.849056603773586,40,40,52.9166666666667,59.811320754717,20,20,22.0833333333333,24.9056603773585,0,0,0,0,0,0,227.522921256232,482.683810307479,0,0,19.0045847737919,21.302813649279,0,0,13.8921713292928,17.788672379404,0,0,1.44337567297406,1.89530012252063,0,0,29.2682214676394,33.769043973947,0,0,3.34278961710761,6.16211798923126,0,0,0,0,379.168307195708,959.897046240665,4693.45550546478,18423.5209221352,74.7403062148386
"54","2025-04-18","610",6,45.4572903425761,-73.6552965628142,3,3.96219331227795,4.2752385750738,4.0641812875405,5.2122251672673,3.9616991432918,4.05062427598478,4.3696387093562,5.09940983984006,6306.7,5739.05,5402.9,5350.63725490196,55,50,65.7692307692308,73.6274509803922,40,27.5,36.9230769230769,36.1764705882353,0,0,0.769230769230769,1.66666666666667,40,25,33.8461538461538,43.3333333333333,20,85,70.7692307692308,76.8627450980392,0,0,0,0,0,655.465760610982,1307.52916666003,1595.50628879497,0,5.77350269189626,35.4639578684093,40.9765595355753,0,14.4337567297406,18.6568197471306,21.8537922405728,0,0,1.87766904049703,3.41565025531987,0,17.3205080756888,18.0455264717055,27.7608837515427,0,75.0555349946514,60.4788583530833,77.3948369357654,0,0,0,0,598.428389022215,1279.55555054524,4529.50684506648,16274.1487514236,87.5649949842623
"55","2025-04-23","610",6,45.4548148860705,-73.6554695073875,3,9.11213858660296,7.89759580170782,7.23636945632116,5.88186439568936,6.7595403201913,6.40387998710804,6.17008183603487,5.62910095221422,2702.6,2702.6,3303.28333333333,3489.34705882353,145,145,130,127.549019607843,70,70,65,59.2156862745098,5,5,4.16666666666667,3.72549019607843,60,60,56.6666666666667,51.7647058823529,90,90,78.3333333333333,73.7254901960784,0,0,0,0,0,0,1402.89402232627,1415.00229389962,0,0,35.0324524872685,34.3419939581209,0,0,11.6774841624228,20.8655828823354,0,0,1.94624736040381,2.2007128969727,0,0,7.78498944161523,17.0535488802702,0,0,27.2474630456533,28.4928611630159,0,0,0,0,0,292.26690670527,1820.83480040499,10132.5781293835,190.100748407941
"56","2025-04-25","610",6,45.4553678126827,-73.6542207056534,3,4.93299737340411,6.31631933277766,5.92507193745574,6.16987198669787,4.27439009545103,4.99197699480917,5.39529036292233,5.59589437199276,6306.7,6306.7,5149.20769230769,4324.41176470588,55,55,86.9230769230769,109.117647058824,40,40,49.6153846153846,56.4705882352941,0,0,1.92307692307692,3.23529411764706,40,40,44.2307692307692,47.6470588235294,20,20,42.3076923076923,58.235294117647,0,0,0,0,0,0,1706.33765926791,1747.59068910853,0,0,42.9892652074553,41.8294858007237,0,0,14.2099640014701,14.5703163193892,0,0,2.53184841770917,2.41319899961953,0,0,12.8850937530792,15.2102906341881,0,0,33.2048807039583,34.1587987114852,0,0,0,0,239.36025678362,1008.21913031033,5309.3171608461,14444.4622928714,145.85584127241
"57","2025-04-30","610",6,45.4581683657762,-73.6541396259891,3,8.52091430094948,8.25182951406546,7.01576268908376,5.83149239576815,6.34763874563541,6.55719156755513,5.60334525760607,5.47037363842909,5927.1,6053.63333333333,6102.3,6290.27115384615,85,75,71.1538461538462,58.4615384615385,10,20,23.8461538461538,20.0961538461539,0,0,0,1.73076923076923,100,80,72.3076923076923,53.2692307692308,25,23.3333333333333,22.6923076923077,83.0769230769231,0,0,0,0,0,219.162162184382,196.964768423188,1105.97581531132,0,17.3205080756888,15.5662356498831,26.725519520959,0,17.3205080756888,15.5662356498831,14.2626065535497,0,0,0,4.83903808548353,0,34.6410161513775,31.1324712997662,39.7403905684624,0,2.88675134594813,2.59437260831385,110.174344217155,0,0,0,0,88.6610974860786,1073.93953208026,4141.34489802109,14747.8501982959,67.4794800691266
"58","2025-05-09","610",6,45.4576646830217,-73.6509822559294,3,8.81298464368375,7.24599429504067,6.93177350185392,6.57249856018895,7.25326454126912,6.26735186985787,5.99125167467111,5.78953768894606,4254,4811.7,4982.75833333333,5276.39803921569,50,61.6666666666667,62.0833333333333,70.8823529411765,70,50,47.5,40.9803921568627,0,0,0,0.686274509803921,85,90,86.25,78.0392156862745,45,38.3333333333333,36.25,35.6862745098039,0,0,0,0,0,965.964735381163,906.41989212138,837.838576216253,0,20.2072594216369,16.9837266139375,23.2530832870168,0,34.6410161513775,28.9592189749027,26.2301278655507,0,0,0,1.73770188557683,0,8.66025403784439,16.2543700417625,31.017389177243,0,11.5470053837925,10.8972473588517,16.7038800236094,0,0,0,0,386.91064141826,1423.85133884149,4597.92226853776,16454.2866791452,51.3339935554504
"59","2025-05-13","610",6,45.4581224132174,-73.6573139950795,3,6.28496052479733,6.04804773405939,4.81809400764187,4.79517639393668,5.87837744916164,4.95287300939784,4.88758020127531,5.12335147912157,5171.4,5171.4,4981.49230769231,6424.47884615385,45,45,52.6923076923077,47.3076923076923,15,15,19.2307692307692,19.4230769230769,0,0,0.384615384615385,3.07692307692308,10,10,13.8461538461538,16.3461538461539,150,150,145.384615384615,158.461538461538,0,0,0,12.7884615384615,0,0,684.721922220423,4198.62053612928,0,0,27.7350098112615,37.5403252263423,0,0,15.2542553961938,18.4617741312258,0,0,1.38675049056307,5.70120783159716,0,0,13.8675049056307,20.8664141581395,0,0,16.6410058867569,86.9501686314506,0,0,0,52.3413893656252,729.854978903887,1546.7755450086,4402.47894346161,17217.10695057,246.975528633365
"60","2025-05-20","610",6,45.4572245446235,-73.6542756858896,3,7.97532682616234,6.30793787157801,6.3123929879978,5.62745917750282,4.84608780642268,4.47017298912721,5.25995044494408,5.3917674447043,6306.7,6306.7,6306.7,5671.09607843137,55,55,55,72.7450980392157,40,40,40,32.7450980392157,0,0,0,0.784313725490196,40,40,40,50.4901960784314,20,20,20,46.4705882352941,0,0,0,0,0,0,0,1061.03773730453,0,0,0,30.0052283025841,0,0,0,18.474677953626,0,0,0,1.83645011356362,0,0,0,30.9071982224333,0,0,0,46.4036002660037,0,0,0,0,288.018970814915,847.436964373957,4750.3526603074,16846.0790219244,65.8196805706105
"61","2025-05-27","610",6,45.4581068414021,-73.6554232793383,3,5.2901223010211,6.28158976240276,4.82736834083723,5.14229584257563,4.3177476467648,4.85898318985818,5.01298219911029,5.16934081315138,5171.4,5739.05,5636.98461538462,6025.04339622642,45,50,54.2307692307692,57.3584905660377,15,27.5,21.9230769230769,23.1132075471698,0,0,0,3.0188679245283,10,25,33.0769230769231,38.4905660377358,150,85,90.7692307692308,123.77358490566,0,0,0,0,0,655.465760610982,538.500378901374,1725.49949897564,0,5.77350269189626,14.4115338424578,38.9600852646865,0,14.4337567297406,12.6718950073351,19.7636616598771,0,0,0,5.66191923847293,0,17.3205080756888,32.7578528459501,36.7630785945677,0,75.0555349946514,66.6097513458726,118.844216310104,0,0,0,0,489.667861756611,1228.70585063087,3711.23046540533,15683.6386812693,144.72846404786
"62","2024-10-22","614",4,45.4086228739352,-73.9292647816441,3,3.91155251102623,8.80679500565755,10.0569874910927,8.40690080589927,3.69871611234573,7.42462478908829,8.06516430707594,7.42269319791338,1200.2,1200.2,1200.2,1026.82692307692,180,180,180,175.961538461538,0,0,0,0,0,0,0,6.15384615384615,0,0,0,0.192307692307692,0,0,0,6.15384615384615,0,0,0,0,0,0,0,368.908451960106,0,0,0,9.076929468004,0,0,0,0,0,0,0,14.5728522991462,0,0,0,0.970919546725772,0,0,0,14.5728522991462,0,0,0,0,135.657065260929,382.090410270205,1002.70221800259,6657.29696968887,79.3004716674238
"63","2024-10-24","614",4,45.4066803810896,-73.9325455618933,3,7.19210216980758,8.4849449802418,9.01628667340639,7.72423040003735,6.45984134193283,6.97211112793175,7.73587608548476,7.33644932422421,201.7,201.7,188.869230769231,386.703846153846,155,155,185.769230769231,222.115384615385,0,0,3.07692307692308,6.15384615384615,40,40,36.1538461538462,23.0769230769231,0,0,0,0.192307692307692,40,40,34.6153846153846,20,0,0,0,0,0,0,31.3195195954904,414.719360324611,0,0,75.1067616198811,89.9692003608716,0,0,7.51067616198811,9.3208276485674,0,0,9.38834520248513,16.7494174951053,0,0,0,0.970919546725772,0,0,13.1436832834792,18.7867287325545,0,0,0,0,185.914887863059,395.978073032767,1915.28220433652,6969.65101525229,9.2176455014755
"64","2024-10-26","614",4,45.4077260228839,-73.9348037162706,3,4.20405788674129,3.91176191969799,4.23838338073726,4.77975110139373,4.87886996408618,4.63489445880939,5.27525833221372,6.22805388184535,118.3,118.3,118.3,128.308,355,355,355,331,20,20,20,17.6,15,15,15,18,0,0,0,0,5,5,5,9.2,0,0,0,0,0,0,0,27.376944269787,0,0,0,65.6521445318632,0,0,0,6.56521445318632,0,0,0,8.2065180664829,0,0,0,0,0,0,0,11.4891252930761,0,0,0,0,0,0,0,2591.89417665854,47.8357279952005
"65","2024-11-03","614",4,45.4068094311239,-73.9312789353723,3,6.77051407256581,6.73575574613218,7.59935519872419,8.54162123302855,7.01212309311894,6.67930341661441,6.92702397434591,7.63445939666488,201.7,700.95,700.95,664.034,155,167.5,167.5,182.9,0,0,0,1.6,40,20,20,18.8,0,0,0,0.1,40,20,20,18,0,0,0,0,0,576.484243785841,521.449618415293,505.202902301518,0,14.4337567297406,13.0558241966773,52.6549220522311,0,0,0,5.48095031235739,0,23.094010767585,20.8893187146837,19.3928242567467,0,0,0,0.707106781186548,0,23.094010767585,20.8893187146837,19.7432499444075,0,0,0,0,195.224518633906,397.423271155679,1511.92797477093,7244.23561902306,82.7373473211976
"66","2024-11-08","614",4,45.4085999053763,-73.9326736329974,3,9.99781430963947,7.79791962097277,7.2741737778594,6.6590543766438,6.76616777136111,7.08715767461599,6.86629844322216,7.22589448995426,201.7,201.7,186.0625,280.211111111111,155,155,192.5,235.555555555556,0,0,3.75,7.77777777777778,40,40,35.3125,25.8333333333333,0,0,0,0,40,40,33.4375,21.9444444444444,0,0,0,0,0,0,33.619614810405,330.67183051608,0,0,80.6225774829855,96.4788894039983,0,0,8.06225774829855,9.84151136319772,0,0,10.0778221853732,14.9763965235363,0,0,0,0,0,0,14.1089510595225,18.2853861296925,0,0,0,0,44.1019179320188,793.245444234532,1903.25573232787,4928.35881964975,31.5149640601627
"67","2024-11-17","614",4,45.4083849284858,-73.9330334256217,3,11.442609335912,8.92746636688653,5.74959182490359,6.03374647195454,8.30282867222105,7.38421894075741,6.40325294381403,6.65296654586283,201.7,201.7,173.9,242.401960784314,155,155,221.666666666667,247.156862745098,0,0,6.66666666666667,9.01960784313725,40,40,31.6666666666667,25.5882352941176,0,0,0,0,40,40,28.3333333333333,21.078431372549,0,0,0,0,0,0,41.0633213907054,285.078857504513,0,0,98.4731927834662,98.9305559569984,0,0,9.84731927834662,10.0508511004361,0,0,12.3091490979333,14.2704960959151,0,0,0,0,0,0,17.2328087371066,18.0641558200265,0,0,0,0,285.629246853803,646.40050368253,1879.32481607038,4853.27068219357,29.5894922249853
"68","2024-11-24","614",4,45.4092782688104,-73.9338879038015,3,0.199176403369526,0.939524934052597,3.27736777204318,4.1412901556511,0.40263749089781,1.67228148115337,5.12989005051126,6.2631347342704,118.3,118.3,131.130769230769,144.464705882353,355,355,324.230769230769,292.254901960784,20,20,16.9230769230769,13.7254901960784,15,15,18.8461538461538,22.843137254902,0,0,0,0,5,5,10.3846153846154,15.9803921568627,0,0,0,0,0,0,31.3195195954904,39.0831872985273,0,0,75.1067616198811,93.724669780641,0,0,7.51067616198811,9.3724669780641,0,0,9.38834520248513,11.7155837225801,0,0,0,0,0,0,13.1436832834792,16.4018172116122,0,0,0,0,0,0,853.832811480143,2966.23223972246,94.7082655352447
"69","2024-11-29","614",4,45.4054346828653,-73.9352981233526,3,3.10404781994171,3.6454895550955,5.52534269853945,5.9910157417349,4.56463009587733,5.0454030398768,6.66964478936366,7.3074195149083,118.3,118.3,118.3,147.918181818182,355,355,355,337.727272727273,20,20,20,18.1818181818182,15,15,15,15.4545454545455,0,0,0,0.227272727272727,5,5,5,6.36363636363636,0,0,0,0,0,0,0,120.175761346546,0,0,0,55.3367549482526,0,0,0,5.81606726902305,0,0,0,6.27084262523339,0,0,0,1.05353527470743,0,0,0,7.49911904621767,0,0,0,0,0,218.811103897752,732.712408457809,3317.3913953167,58.9483452193163
"70","2024-12-08","614",4,45.4062255817288,-73.9347775628497,3,3.79470634070994,5.63362683418231,7.09982055172836,6.80537414315517,6.48418858007207,7.46568078968632,7.073695424236,7.34275655878373,118.3,118.3,118.3,150.756603773585,355,355,355,321.792452830189,20,20,20,16.6037735849057,15,15,15,17.7358490566038,0,0,0,0.188679245283019,5,5,5,9.43396226415094,0,0,0,0,0,0,0,110.815122387616,0,0,0,74.2079610311884,0,0,0,7.58120049008251,0,0,0,9.22819872288659,0,0,0,0.961901237805486,0,0,0,12.0758968992628,0,0,0,0,0,0,25.2659531653019,3819.1481429053,70.885785935795
"71","2024-12-13","614",4,45.4090932508374,-73.9331587021751,3,8.7180525884184,6.57831071903621,5.61250956087473,5.44859858153056,6.90324043946608,6.77661428649724,6.65255497704075,6.9263491901469,201.7,173.9,156.792307692308,198.339215686274,155,221.666666666667,262.692307692308,257.941176470588,0,6.66666666666667,10.7692307692308,10.1960784313726,40,31.6666666666667,26.5384615384615,25.6862745098039,0,0,0,0,40,28.3333333333333,21.1538461538462,20.5882352941176,0,0,0,0,0,48.1510124504148,43.2741351066751,208.531677285185,0,115.470053837925,103.774904332554,100.080849669596,0,11.5470053837925,10.3774904332554,10.097563285948,0,14.4337567297406,12.9718630415693,13.4171385862686,0,0,0,0,0,20.2072594216369,18.160608258197,17.7945794786932,0,0,0,0,267.55502719168,584.310048062488,1771.81470221185,4043.1484901404,49.7341537760265
"72","2024-12-19","614",4,45.407393835919,-73.9302690887148,3,12.3074107223464,10.4469442862715,8.19596180393306,8.57469531839394,8.12861454494305,7.4517735891242,7.15583499091433,7.41162779269631,1200.2,1200.2,1200.2,935.041176470588,180,180,180,173.823529411765,0,0,0,0,0,0,0,9.41176470588235,0,0,0,0.294117647058824,0,0,0,9.41176470588235,0,0,0,0,0,0,0,428.250412341411,0,0,0,10.6107603541932,0,0,0,0,0,0,0,17.13613313509,0,0,0,1.18817705157201,0,0,0,17.13613313509,0,0,0,0,0,162.555729475599,1504.47845053304,5964.85741427785,47.5930764883001
"73","2024-12-22","614",4,45.4051989540208,-73.9339142777175,3,7.12338960696494,6.71527853110605,7.43058409534952,6.10278849212534,6.01391255097118,5.7992523725279,7.39368417291678,7.62044191899345,686.5,260.35,229.190909090909,227.768421052632,175,310,304.090909090909,279.210526315789,0,15,14.5454545454545,12.1052631578947,0,11.25,14.5454545454545,18.5526315789474,5,1.25,0.909090909090909,0.789473684210526,0,3.75,7.27272727272727,12.5,0,0,0,0,0,284.1,227.462812145394,204.301098812067,0,90,87.3446673191381,95.312617324975,0,10,9.34198732993828,9.9071076688057,0,7.5,10.3572548135463,13.2495739215961,0,2.5,2.02259958738973,1.84768510738316,0,2.5,11.037127426019,15.6287157743929,0,0,0,0,307.856010326654,880.752638296703,1872.44243733433,4490.64308186743,152.072217870343
"74","2024-12-29","614",4,45.408077903254,-73.9312029957036,3,11.9727594060956,7.96754316379546,8.68871892014725,7.96267387487677,6.3961653718658,6.50107587624894,7.41444198963245,7.18808884893252,201.7,700.95,700.95,657.674,155,167.5,167.5,174.5,0,0,0,0.8,40,20,20,20.6,0,0,0,0,40,20,20,20.2,0,0,0,0,0,576.484243785841,521.449618415293,506.072279184687,0,14.4337567297406,13.0558241966773,39.2174731985837,0,0,0,3.95897327444315,0,23.094010767585,20.8893187146837,19.8113552266968,0,0,0,0,0,23.094010767585,20.8893187146837,20.0244748204974,0,0,0,0,164.566899353707,383.342231449353,1045.34430864007,6033.53316444534,15.4515285281881
"75","2025-01-10","614",4,45.4081378065878,-73.9328405068691,3,8.33108435823093,9.19322018325716,6.2469215890895,6.56316246922788,6.68053680528177,7.28048067376301,6.55242171900536,6.7990484785916,201.7,201.7,180.85,262.425,155,155,205,242.019230769231,0,0,5,8.46153846153846,40,40,33.75,25.5769230769231,0,0,0,0,40,40,31.25,21.3461538461538,0,0,0,0,0,0,37.7190692066782,311.425635145038,0,0,90.4534033733291,97.9558704933122,0,0,9.04534033733291,9.97734991429173,0,0,11.3066754216661,14.641260732502,0,0,0,0,0,0,15.8293455903326,18.1798041528145,0,0,0,0,40.4806175834264,807.697817207921,1915.98993365073,5084.83905834256,59.6740502461099
"76","2025-01-17","614",4,45.4075123740119,-73.9343143557014,3,6.33621360060516,5.43878396133578,5.64470685491839,5.63058355659963,5.68081300425467,5.80807118653906,6.08640746013197,6.68178022796483,118.3,118.3,118.3,138.756603773585,355,355,355,305.943396226415,20,20,20,15.0943396226415,15,15,15,21.1320754716981,0,0,0,0,5,5,5,13.5849056603774,0,0,0,0,0,0,0,36.22664504644,0,0,0,86.8744485526139,0,0,0,8.68744485526139,0,0,0,10.8593060690767,0,0,0,0,0,0,0,15.2030284967074,0,0,0,0,0,0,693.6083618816,3311.80664475162,19.4973000433387
"77","2025-01-24","614",4,45.4073118091115,-73.9358679009418,3,3.3858759741059,5.28586291052905,5.32424142259462,4.07251003359696,4.75940416333991,5.74936987847527,6.29285908314383,5.91486724944176,118.3,118.3,118.3,118.3,355,355,355,355,20,20,20,20,15,15,15,15,0,0,0,0,5,5,5,5,0,0,0,0,0,0,0,0,0,0,0,0,0,0,0,0,0,0,0,0,0,0,0,0,0,0,0,0,0,0,0,0,0,0,0,170.421086386296,110.373998139582
"78","2025-01-31","614",4,45.4081304324316,-73.9308172487908,3,10.7002545696029,9.67075481419649,9.1664178254282,8.24667976968262,6.30705438511954,7.27402444069384,7.52783977289723,7.35064842278104,1200.2,1200.2,892.969230769231,749.896078431373,180,180,172.307692307692,168.725490196078,0,0,0,0,0,0,12.3076923076923,18.0392156862745,0,0,0,0,0,0,12.3076923076923,18.0392156862745,0,0,0,0,0,0,479.663884723138,501.788741189271,0,0,12.0096115353815,12.5635638755451,0,0,0,0,0,0,19.2153784566105,20.1017022008722,0,0,0,0,0,0,19.2153784566105,20.1017022008722,0,0,0,0,154.179387258416,379.85605209739,990.189357107442,5492.15051615025,23.9841666987209
"79","2025-02-07","614",4,45.4073114825084,-73.9353333853602,3,8.90069849013313,7.06727641212257,5.80268658332969,4.7007678819221,4.77845431751857,5.60597741993221,6.30870756178273,6.20799018680455,118.3,118.3,118.3,123.205882352941,355,355,355,343.235294117647,20,20,20,18.8235294117647,15,15,15,16.4705882352941,0,0,0,0,5,5,5,7.05882352941176,0,0,0,0,0,0,0,19.8187932202211,0,0,0,47.5270820628804,0,0,0,4.75270820628803,0,0,0,5.94088525786005,0,0,0,0,0,0,0,8.31723936100406,0,0,0,0,0,0,0,1464.06857553051,68.6609894454299
"80","2025-02-21","614",4,45.4066156303369,-73.9339985175356,3,9.37688523697785,9.37667448230383,8.3353834680033,7.05409080548748,7.23740077537043,7.60247312871151,7.41018238417193,7.23461724183325,118.3,118.3,133.9375,165.4,355,355,317.5,284.285714285714,20,20,16.25,12.8571428571429,15,15,19.6875,22.5,0,0,0,0.178571428571428,5,5,11.5625,16.0714285714286,0,0,0,0,0,0,33.619614810405,108.432769283762,0,0,80.6225774829855,95.8001165848056,0,0,8.06225774829855,9.66987556830457,0,0,10.0778221853732,12.4681412189045,0,0,0,0.936281675898539,0,0,14.1089510595225,16.6437071295126,0,0,0,0,0,228.653773470542,1065.04038824412,4442.49695345621,65.025606711349
"81","2025-02-23","614",4,45.4087161169536,-73.9315654933522,3,10.8268515275439,9.50990287968518,8.41674734921414,7.81164967141051,8.65500427363244,7.67465561327219,7.12299216156046,7.55611448223372,201.7,201.7,451.325,529.798113207547,155,155,161.25,189.905660377358,0,0,0,2.64150943396227,40,40,30,23.1132075471698,0,0,0,0,40,40,30,21.7924528301887,0,0,0,0,0,0,451.588616341345,486.141909279492,0,0,11.3066754216661,66.0236741197205,0,0,0,6.83625611557919,0,0,18.0906806746658,18.6368745082663,0,0,0,0,0,0,18.0906806746658,19.5156332704027,0,0,0,0,0,65.6937598415506,1341.35750227859,6001.58883868262,90.1997824193227
"82","2025-02-28","614",4,45.4077237100781,-73.9320789429812,3,7.18695960168492,5.80864549581492,6.7298989529253,7.83263365806857,6.51470976456629,6.06883417358056,6.4441376853071,7.25333595868003,201.7,201.7,278.507692307692,452.884615384615,155,155,156.923076923077,204.038461538462,0,0,0,4.23076923076923,40,40,36.9230769230769,23.9423076923077,0,0,0,0,40,40,36.9230769230769,21.8269230769231,0,0,0,0,0,0,276.934072965446,459.190884476297,0,0,6.93375245281536,79.668667184283,0,0,0,8.2476743831225,0,0,11.0940039245046,17.6384311488767,0,0,0,0,0,0,11.0940039245046,19.1492805924832,0,0,0,0,0,314.740368916079,1781.05402682686,6374.6689588937,85.7890912164338
"83","2025-03-04","614",4,45.407648909264,-73.9337801579045,3,5.83835612192717,5.43434678567857,5.46806878187556,5.99008319958321,7.1243259642516,6.24755374762275,6.26233562682792,6.71231082199397,118.3,118.3,146.1,149.370588235294,355,355,288.333333333333,280.490196078431,20,20,13.3333333333333,12.5490196078431,15,15,23.3333333333333,24.3137254901961,0,0,0,0,5,5,16.6666666666667,18.0392156862745,0,0,0,0,0,0,41.0633213907054,40.7237488162259,0,0,98.4731927834662,97.6588700628918,0,0,9.84731927834662,9.76588700628918,0,0,12.3091490979333,12.2073587578615,0,0,0,0,0,0,17.2328087371066,17.0903022610061,0,0,0,0,0,329.916343080631,1155.41171416379,3712.43213827929,61.5716912970045
"84","2025-03-07","614",4,45.4079629052433,-73.933083093251,3,10.0631922723805,7.03281575193368,5.87592315303463,6.35841580613844,6.76525463776589,6.68541829753111,6.54558073290617,6.72862605438906,201.7,173.9,173.9,244.037254901961,155,221.666666666667,221.666666666667,243.235294117647,0,6.66666666666667,6.66666666666667,8.62745098039216,40,31.6666666666667,31.6666666666667,26.078431372549,0,0,0,0,40,28.3333333333333,28.3333333333333,21.7647058823529,0,0,0,0,0,48.1510124504148,41.0633213907054,284.591521982496,0,115.470053837925,98.4731927834662,98.5333625195637,0,11.5470053837925,9.84731927834662,10.0039207999938,0,14.4337567297406,12.3091490979333,14.3287726442357,0,0,0,0,0,20.2072594216369,17.2328087371066,18.1058976417013,0,0,0,0,279.873652499213,632.790485430066,1893.09261262617,4916.38096503962,76.3464200512895
"85","2025-03-09","614",4,45.4052505388836,-73.9323810475771,3,4.36756494277708,6.96294932157473,7.97559764224504,6.97236517110489,5.51354715528632,6.96839099000344,8.3968166655679,7.8037299624484,201.7,363.3,422.063636363636,453.1875,155,161.666666666667,164.090909090909,209.125,0,0,0,4.5,40,26.6666666666667,21.8181818181818,17.375,0,1.66666666666667,2.27272727272727,1.5,40,26.6666666666667,21.8181818181818,15.125,0,0,0,0,0,279.899410503131,253.178542821967,369.966916876811,0,11.5470053837925,10.4446593573419,80.1831837028061,0,0,0,8.45804123532521,0,23.094010767585,20.8893187146837,17.794680132715,0,2.88675134594813,2.61116483933547,2.32047740446129,0,23.094010767585,20.8893187146837,18.5875440785434,0,0,0,0,213.8717323783,568.309932373613,2000.00999202371,6074.82344334684,95.0675985231265
"86","2025-03-16","614",4,45.4066284422915,-73.9334512920355,3,12.9338845954165,10.308614461028,9.08225939444394,7.15940701293465,7.80091596667944,7.72652693085708,7.94023192631917,7.24519972576491,118.3,146.1,150.376923076923,175.438461538462,355,288.333333333333,278.076923076923,263.461538461538,20,13.3333333333333,12.3076923076923,10.7692307692308,15,23.3333333333333,24.6153846153846,25,0,0,0,0.192307692307692,5,16.6666666666667,18.4615384615385,19.6153846153846,0,0,0,0,0,48.1510124504148,42.2312316073889,111.051569285283,0,115.470053837925,101.273936708367,99.9094612761408,0,11.5470053837925,10.1273936708367,10.0676445141527,0,14.4337567297406,12.6592420885458,13.2842232831014,0,0,0,0.970919546725772,0,20.2072594216369,17.7229389239642,17.6525883745064,0,0,0,0,296.120730821045,597.976192293962,1770.60437748143,5798.21753439614,62.4367371290254
"87","2024-11-01","616",5,45.4619841184358,-73.6427505653708,3,3.31496030838581,3.34177484224007,4.82254754206016,5.56652164945105,4.53524005015343,4.21334158562641,5.03382215716262,5.49877869498181,4970,8156.75,8156.75,6803.46078431372,65,32.5,32.5,34.6078431372549,125,62.5,62.5,70.2941176470588,0,0,0,0,30,77.5,77.5,72.1568627450981,30,40,40,48.6274509803922,0,100,100,67.3529411764706,0,3679.74194068008,3328.45182070092,3442.71862864675,0,37.5277674973257,33.9451429113611,28.4577430105569,0,72.1687836487032,65.2791209833867,55.7889932218344,0,0,0,0,0,54.8482755730144,49.6121319473739,49.7117179542287,0,11.5470053837925,10.4446593573419,34.4249681390201,0,115.470053837925,104.446593573419,94.8543775541038,676.563566993144,1533.22850241577,4698.83654953328,13757.6194071701,78.3155329465506
"88","2024-11-15","616",5,45.4494160953158,-73.6392122539275,3,6.68937910475271,8.05223668732583,5.7972294583454,5.47839874392566,3.7159478668203,4.51848662573998,4.90975323658896,5.5601744857063,2488.5,2488.5,2488.5,2488.5,110,110,110,110,5,5,5,5,0,0,0,0,60,60,60,60,40,40,40,40,55,55,55,55,0,0,0,0,0,0,0,0,0,0,0,0,0,0,0,0,0,0,0,0,0,0,0,0,0,0,0,0,390.931226547585,795.464848679604,3196.17533137258,13859.3127205881,178.405413144081
"89","2024-11-18","616",5,45.46079247915,-73.635061466147,3,7.28854776625921,6.66528766836827,7.41028065248146,7.46864932895807,5.44878590666997,5.84076055586627,5.68080634461688,5.9339492805387,13060.3,9106.975,7599.29166666667,6582.13469387755,0,33.75,27.0833333333333,28.469387755102,0,63.75,49.5833333333333,38.8775510204081,0,0,0,0,70,17.5,32.5,35.5102040816327,90,131.25,127.083333333333,120.408163265306,0,0,0,0,0,2635.55,3210.95699483059,3021.6622475297,0,22.5,22.2034327130384,24.2427841848665,0,42.5,43.7689352962772,37.1969043587978,0,0,0,0,0,35,40.7040315179981,40.3144527687133,0,27.5,23.3995273197533,18.4796265827926,0,0,0,0,355.285186861824,1380.33764322846,5784.20973231617,17155.3488879865,69.9600146870786
"90","2024-11-29","616",5,45.4593436817277,-73.6321878969143,3,6.50376819658269,5.92131144885962,5.24244146858736,5.36002438279463,4.28017477466644,4.58594272698063,5.37852819158036,5.67710768728244,13060.3,6189.16666666667,5730.57142857143,4266.2,0,3.33333333333333,2.14285714285714,1.27450980392157,0,0,0,0,0,0,0,0,70,83.3333333333333,71.4285714285714,58.4313725490196,90,100,139.285714285714,191.470588235294,0,0,0,0,0,5950.57601945672,4959.66621324593,4179.03901455825,0,2.88675134594813,2.56776295506548,2.2007128969727,0,0,0,0,0,0,0,0,0,11.5470053837925,23.8124540321439,28.5917854650323,0,8.66025403784439,94.0306239570824,120.732324245196,0,0,0,0,377.018622755237,1039.17794145807,4730.56230665506,9840.72283023562,152.465671793526
"91","2024-12-06","616",5,45.4612760579288,-73.6493710814081,3,4.62441971921016,6.16779925351268,6.07900708878653,5.68853773875136,4.21468089393931,4.86752944696663,5.24710550997747,5.48928030671542,7087.2,7087.2,7087.2,6368.54038461538,60,60,60,56.8269230769231,80,80,80,70.4807692307692,0,0,0,0,40,40,40,56.9230769230769,90,90,90,91.0576923076923,0,0,0,4.23076923076923,0,0,0,1108.71095373201,0,0,0,12.0874609374978,0,0,0,12.2578352447273,0,0,0,0,0,0,0,28.0432761881795,0,0,0,2.06191859578062,0,0,0,8.24767438312249,136.869102684953,1050.0296167139,4708.03497936755,18322.8595911464,153.999368761199
"92","2024-12-13","616",5,45.4558071378196,-73.6345899550036,3,8.66933795196704,7.10158760634461,3.22905334800598,2.92351761878464,0.273782595240369,3.2227156539227,4.06896223359816,4.42912669313436,693.3,693.3,693.3,4049.93725490196,0,0,0,0.490196078431373,0,0,0,0,0,0,0,0,20,20,20,25.0980392156863,360,360,360,344.411764705882,0,0,0,0,0,0,0,8672.61315318424,0,0,0,1.50163309792516,0,0,0,0,0,0,0,0,0,0,0,22.147013254126,0,0,0,83.8012354254013,0,0,0,0,0,0,0,9796.45389772616,194.634617148908
"93","2024-12-18","616",5,45.4572882940175,-73.631512730781,3,6.87264330191901,7.04661220959055,3.97830874412795,2.36917542376089,7.23519360578981,6.97045771984092,5.45123145616847,4.06018524673779,693.3,693.3,693.3,814.494117647059,0,0,0,0.294117647058823,0,0,0,0,0,0,0,0,20,20,20,24.1176470588235,360,360,360,345,0,0,0,0,0,0,0,489.600235870762,0,0,0,1.18817705157201,0,0,0,0,0,0,0,0,0,0,0,16.6344787220081,0,0,0,60.5970296301725,0,0,0,0,0,0,437.003927768333,10006.6207124392,351.927266308133
"94","2024-12-20","616",5,45.4584746091206,-73.6353676536694,3,4.89320695160539,4.23038856084544,5.59285128103398,5.339810786953,4.77375713683424,5.02473934928674,6.41584094498026,6.36326118816136,2753.6,2753.6,2753.6,2740.24230769231,5,5,5,6.53846153846154,0,0,0,5.09615384615385,0,0,0,0,90,90,90,78.3653846153846,105,105,105,129.711538461538,0,0,0,0,0,0,0,1189.372972117,0,0,0,8.66243080149265,0,0,0,20.828204496886,0,0,0,0,0,0,0,27.7545465953223,0,0,0,76.8842615115406,0,0,0,0,0,0,0,9630.37844200843,199.692469724063
"95","2024-12-26","616",5,45.457445366836,-73.6360190637723,3,14.3038871718006,13.2630129860124,6.83818780986511,3.92141832364492,7.99935593837762,8.85162277210723,7.96192457884219,5.76929494734943,2753.6,2753.6,2595.11538461538,2198.90384615385,5,5,4.61538461538461,3.65384615384615,0,0,0,0,0,0,0,0,90,90,84.6153846153846,71.1538461538461,105,105,124.615384615385,173.653846153846,0,0,0,0,0,0,571.42440714142,922.782859118523,0,0,1.38675049056307,2.23943808940087,0,0,0,0,0,0,0,0,0,0,19.414506867883,31.3521332516122,0,0,70.7242750187167,114.211342559444,0,0,0,0,0,81.6239457470849,1677.64644451448,4536.03467554834,323.654125095129
"96","2024-12-31","616",5,45.4554257328486,-73.6324722447483,3,2.14264595364732,2.25795027177771,1.7620067792775,2.28788066302713,3.5914883341748,3.66086121390433,3.21110937377872,3.52821644894542,693.3,693.3,693.3,693.3,0,0,0,0,0,0,0,0,0,0,0,0,20,20,20,20,360,360,360,360,0,0,0,0,0,0,0,0,0,0,0,0,0,0,0,0,0,0,0,0,0,0,0,0,0,0,0,0,0,0,0,0,501.937544381502,1335.58051106735,4726.8492197425,9927.71153017483,286.299537647191
"97","2025-01-04","616",5,45.458543260517,-73.633091221741,3,4.24955967697939,4.28797295456683,5.03265123423537,4.73251041825006,4.24624210547188,5.17188156515351,5.25377524079449,5.35445827124274,2753.6,2753.6,2017.77857142857,3546.82307692308,5,5,3.21428571428571,2.30769230769231,0,0,0,0,0,0,0,0,90,90,65,60,105,105,196.071428571429,200.769230769231,0,0,0,0,0,0,1024.47419923105,4205.51153945351,0,0,2.48622579049423,2.51691112853817,0,0,0,0,0,0,0,0,0,0,34.8071610669193,32.659863237109,0,0,126.797515315206,127.215212955212,0,0,0,0,360.295380704208,1470.52600460373,2996.9605394277,9758.45627568766,170.533605582179
"98","2024-10-26","617",3,45.4098817604245,-73.9338704954127,3,0.220489270582598,0.294737673789334,2.97508285485554,3.64639035052644,0.420468094673558,0.60728109883416,5.56939901557357,6.07081922171969,118.3,118.3,124.257142857143,141.194117647059,355,355,340.714285714286,300.098039215686,20,20,18.5714285714286,14.5098039215686,15,15,16.7857142857143,21.8627450980392,0,0,0,0,5,5,7.5,14.6078431372549,0,0,0,0,0,0,22.2895875754962,37.5890059020704,0,0,53.4522483824849,90.1415009641976,0,0,5.34522483824849,9.01415009641976,0,0,6.68153104781061,11.2676876205247,0,0,0,0,0,0,9.35414346693485,15.7747626687346,0,0,0,0,0,0,752.814837055253,2400.26806283605,150.511369223324
"99","2024-11-01","617",3,45.4104339055299,-73.933080162912,3,6.7025937501549,5.69769428115818,4.47730357947024,4.39584987569067,6.73566646654903,7.15469371510337,6.78693398576328,6.53379427847969,118.3,118.3,146.1,154.276470588235,355,355,288.333333333333,268.725490196078,20,20,13.3333333333333,11.3725490196078,15,15,23.3333333333333,25.7843137254902,0,0,0,0,5,5,16.6666666666667,20.0980392156863,0,0,0,0,0,0,41.0633213907054,41.7163497359742,0,0,98.4731927834662,100.039207999938,0,0,9.84731927834662,10.0039207999938,0,0,12.3091490979333,12.5049009999923,0,0,0,0,0,0,17.2328087371066,17.5068613999892,0,0,0,0,68.7508325497041,322.554832626283,804.349441166919,2725.43657901265,198.202151589737
"100","2024-11-03","617",3,45.411902123162,-73.9296800767233,3,8.04632956839268,7.22555931620671,6.50709528128341,7.53194629932102,6.81259756126664,6.28501322761794,5.951249150327,7.04789410594224,201.7,201.7,432.123076923077,554.111764705882,155,155,160.769230769231,163.823529411765,0,0,0,0,40,40,30.7692307692308,25.8823529411765,0,0,0,0,40,40,30.7692307692308,25.8823529411765,0,0,0,0,0,0,437.871216139034,481.91584022402,0,0,10.9632252413379,12.0659949980977,0,0,0,0,0,0,17.5411603861406,19.3055919969562,0,0,0,0,0,0,17.5411603861406,19.3055919969562,0,0,0,0,0,0,1319.098749384,3984.27876716329,54.7917012052051
"101","2024-11-10","617",3,45.414629576497,-73.9323985838324,3,3.24513239190439,4.54692713986121,3.63573543579566,2.89725556186768,2.58392960823278,4.24318711873108,3.68753916150346,3.52296396902507,201.7,180.85,169.623076923077,164.088235294118,155,205,231.923076923077,245.196078431373,0,5,7.69230769230769,9.01960784313726,40,33.75,30.3846153846154,28.7254901960784,0,0,0,0,40,31.25,26.5384615384615,24.2156862745098,0,0,0,0,0,41.7,42.2312316073889,41.9120490888184,0,100,101.273936708367,100.508511004361,0,10,10.1273936708367,10.0508511004361,0,12.5,12.6592420885458,12.5635638755451,0,0,0,0,0,17.5,17.7229389239642,17.5889894257631,0,0,0,0,11.2714165916255,173.517028098182,387.364976401904,3803.66329644822,252.267651575325
"102","2024-11-17","617",3,45.4100654411922,-73.9362621364967,3,0.402534442154199,1.37189030113151,0.939011636932631,1.87771727313074,1.00940517428739,2.72012403172857,2.19383382880929,3.95364404901649,118.3,118.3,118.3,118.3,355,355,355,355,20,20,20,20,15,15,15,15,0,0,0,0,5,5,5,5,0,0,0,0,0,0,0,0,0,0,0,0,0,0,0,0,0,0,0,0,0,0,0,0,0,0,0,0,0,0,0,0,0,0,0,2717.16999942946,295.191094168114
"103","2024-11-24","617",3,45.4112085914685,-73.9317289421177,3,0.46346078419661,3.17693946542141,4.16750659129216,5.77543347580872,0.74240682643605,5.81538251843893,6.14040632845787,7.03488237345098,201.7,201.7,189.785714285714,198.38431372549,155,155,183.571428571429,210.392156862745,0,0,2.85714285714286,5.49019607843137,40,40,36.4285714285714,32.3529411764706,0,0,0,0,40,40,35,29.6078431372549,0,0,0,0,0,0,30.2855857347469,147.906687303244,0,0,72.6273039202563,89.9046335694379,0,0,7.26273039202563,9.01415009641976,0,0,9.07841299003204,12.1389019757337,0,0,0,0,0,0,12.7097781860449,16.2740018819866,0,0,0,0,0,0,562.688072651779,3179.53054081834,132.204963505117
"104","2024-11-24","617",3,45.4082170083884,-73.9308236084547,3,9.35510930951856,10.0500519748253,9.42329800654922,8.27942879484697,6.5958395453942,7.61425240322421,7.55267213334851,7.3840152731176,1200.2,1200.2,927.881818181818,749.896078431373,180,180,173.181818181818,168.725490196078,0,0,0,0,0,0,10.9090909090909,18.0392156862745,0,0,0,0,0,0,10.9090909090909,18.0392156862745,0,0,0,0,0,0,466.398717447169,501.788741189271,0,0,11.6774841624228,12.5635638755451,0,0,0,0,0,0,18.6839746598766,20.1017022008722,0,0,0,0,0,0,18.6839746598766,20.1017022008722,0,0,0,0,163.377010118331,383.557701508454,917.909973984556,5556.51720089722,30.8228245821991
"105","2024-11-29","617",3,45.4100223777826,-73.9308615706396,3,6.63490821581996,7.00967793210421,8.38383771886437,8.0344393441609,6.52750907611795,6.61007251487916,8.13777947176684,7.6934658453173,201.7,201.7,368.116666666667,483.313461538462,155,155,159.166666666667,177.596153846154,0,0,0,1.53846153846154,40,40,33.3333333333333,26.5384615384615,0,0,0,0,40,40,33.3333333333333,25.7692307692308,0,0,0,0,0,0,388.66559787264,461.432905083356,0,0,9.73123680201904,52.9195688685269,0,0,0,5.3813823519705,0,0,15.5699788832305,18.298678339139,0,0,0,0,0,0,15.5699788832305,18.9784350112203,0,0,0,0,282.357445149533,595.385443604977,1241.00861235852,5031.39048861281,98.2017704767477
"106","2024-12-06","617",3,45.4100772379228,-73.927948923158,3,8.15380206093511,9.82303823812916,8.35387108833054,8.0444242022093,6.45707600613035,7.45884003039651,7.24031299177891,7.30103293071565,1200.2,1200.2,1200.2,1082.72941176471,180,180,180,177.058823529412,0,0,0,0,0,0,0,4.70588235294118,0,0,0,0,0,0,0,4.70588235294118,0,0,0,0,0,0,0,324.907593197892,0,0,0,8.1348921681996,0,0,0,0,0,0,0,13.0158274691194,0,0,0,0,0,0,0,13.0158274691194,0,0,0,0,225.062232855951,777.421037590178,1639.30321406674,5527.22859423308,30.2079805718813
"107","2024-12-13","617",3,45.4109317029344,-73.9297413395587,3,13.137016547328,10.9430038419129,8.16422191944981,7.23063487311023,6.73979758846179,7.02747468269593,6.50344848762013,7.16386200053889,201.7,201.7,415.664285714286,616.171698113208,155,155,160.357142857143,165.377358490566,0,0,0,0,40,40,31.4285714285714,23.3962264150943,0,0,0,0,40,40,31.4285714285714,23.3962264150943,0,0,0,0,0,0,425.176590655881,496.707422540348,0,0,10.645382840658,12.4363400736191,0,0,0,0,0,0,17.0326125450528,19.8981441177906,0,0,0,0,0,0,17.0326125450528,19.8981441177906,0,0,0,0,0,125.087032788178,1311.75427802707,4787.01196934544,27.3159596249693
"108","2024-12-18","617",3,45.4120885425473,-73.9326540292411,3,9.49620647003112,4.31928529241283,2.69246816487911,3.53407129244208,7.64320179886496,6.17904212780595,5.17780740418289,5.43327975208123,118.3,160,156.792307692308,158.396153846154,355,255,262.692307692308,258.846153846154,20,10,10.7692307692308,10.3846153846154,15,27.5,26.5384615384615,27.0192307692308,0,0,0,0,5,22.5,21.1538461538462,21.8269230769231,0,0,0,0,0,48.1510124504148,43.2741351066751,42.0756832644693,0,115.470053837925,103.774904332554,100.900919099447,0,11.5470053837925,10.3774904332554,10.0900919099447,0,14.4337567297406,12.9718630415693,12.6126148874309,0,0,0,0,0,20.2072594216369,18.160608258197,17.6576608424032,0,0,0,0,92.422092689286,196.293573761438,1318.86293824441,5878.12406443633,204.389594223389
"109","2024-12-29","617",3,45.4107480561181,-73.9294006968702,3,7.97687863818013,9.83094474289169,8.75727893136071,7.89502290461128,6.47912263480865,6.89862263548435,6.82598230928366,7.27646138645468,201.7,201.7,534.533333333333,720.151923076923,155,155,163.333333333333,167.980769230769,0,0,0,0,40,40,26.6666666666667,19.2307692307692,0,0,0,0,40,40,26.6666666666667,19.2307692307692,0,0,0,0,0,0,491.627414971455,503.747838603988,0,0,12.3091490979333,12.6126148874309,0,0,0,0,0,0,19.6946385566932,20.1801838198894,0,0,0,0,0,0,19.6946385566932,20.1801838198894,0,0,0,0,134.691546125771,372.287184174984,1422.76274776274,5075.39019927584,14.3857456865045
"110","2025-01-05","617",3,45.4113368750865,-73.9298497976394,3,11.8832616737979,9.34606214167561,7.25301383843398,6.82799207872107,6.52638968834327,6.6283791464875,6.39440960824897,6.89513666374526,201.7,201.7,344.342857142857,559.652830188679,155,155,158.571428571429,163.962264150943,0,0,0,0,40,40,34.2857142857143,25.6603773584906,0,0,0,0,40,40,34.2857142857143,25.6603773584906,0,0,0,0,0,0,362.59181482188,483.420119725377,0,0,9.07841299003204,12.1036584808557,0,0,0,0,0,0,14.5254607840513,19.3658535693691,0,0,0,0,0,0,14.5254607840513,19.3658535693691,0,0,0,0,0,27.3637672782098,1320.44157411174,4562.74057070192,49.9859400260557
"111","2025-01-10","617",3,45.4100430321147,-73.9289290554375,3,5.95574543882573,8.32774593892964,7.96569389681753,8.07629000810148,5.71398483627036,7.31308806695991,7.30338581581994,7.28884897147374,1200.2,950.575,986.235714285714,926.101960784314,180,173.75,174.642857142857,173.137254901961,0,0,0,0,0,10,8.57142857142857,10.9803921568627,0,0,0,0,0,10,8.57142857142857,10.9803921568627,0,0,0,0,0,499.25,425.176590655881,450.031443563757,0,12.5,10.645382840658,11.2676876205247,0,0,0,0,0,20,17.0326125450528,18.0283001928395,0,0,0,0,0,20,17.0326125450528,18.0283001928395,0,0,0,0,204.232742007022,668.726978577765,1790.57810707702,5265.11346780215,40.1621810621832
"112","2025-01-12","617",3,45.4081804212215,-73.9322921456408,3,5.61226287748473,7.53298392875576,7.51400461366834,7.30000293885271,5.64164157140102,6.56509516103619,6.78676976086181,7.11701874966746,201.7,201.7,201.7,395.803921568627,155,155,155,211.372549019608,0,0,0,5.09803921568627,40,40,40,25,0,0,0,0,40,40,40,22.4509803921569,0,0,0,0,0,0,0,427.456525958271,0,0,0,85.4170851257086,0,0,0,8.80285158789078,0,0,0,16.8819430161341,0,0,0,0,0,0,0,18.8778322118724,0,0,0,0,186.563070422683,393.781467073249,1771.47458310265,5234.93682625097,80.1730963556659
"113","2025-01-17","617",3,45.4100874144643,-73.9279749952669,3,7.86270858702493,9.94482483252836,8.374841470034,8.05100823981702,6.25073132814407,7.49896614447122,7.22666659940598,7.30801319405602,1200.2,1200.2,1200.2,1068.32264150943,180,180,180,176.698113207547,0,0,0,0,0,0,0,5.28301886792453,0,0,0,0,0,0,0,5.28301886792453,0,0,0,0,0,0,0,341.300086570291,0,0,0,8.54532014447399,0,0,0,0,0,0,0,13.6725122311584,0,0,0,0,0,0,0,13.6725122311584,0,0,0,0,200.954335088851,769.668938796484,1725.19929926298,5518.25065474714,31.0226919686635
"114","2025-01-19","617",3,45.4096737148213,-73.926222446493,3,5.79040209193337,8.59873725131968,7.42276745874815,7.1054597776959,7.02597694840718,8.1081695743936,6.97881680933302,6.92741779899095,1200.2,1200.2,1200.2,1149.83725490196,180,180,180,179.509803921569,0,0,0,0,0,0,0,0,0,0,0,0.490196078431373,0,0,0,0,0,0,0,0,0,0,0,154.277784480831,0,0,0,1.50163309792516,0,0,0,0,0,0,0,0,0,0,0,1.50163309792516,0,0,0,0,0,0,0,0,430.529453389275,842.652033111273,1661.82976637283,7005.24899551047,106.449200012958
"115","2025-01-24","617",3,45.4096296122312,-73.9307379106108,3,3.76679737649355,4.80868636442461,8.29249209838434,8.70516108380578,5.88664148211672,6.40018536308722,7.9651443791055,7.76614643623197,201.7,534.533333333333,534.533333333333,570.419607843137,155,163.333333333333,163.333333333333,172.156862745098,0,0,0,0.784313725490196,40,26.6666666666667,26.6666666666667,24.1176470588235,0,0,0,0,40,26.6666666666667,26.6666666666667,23.7254901960784,0,0,0,0,0,576.484243785841,491.627414971455,490.373169339273,0,14.4337567297406,12.3091490979333,39.2078423527843,0,0,0,3.92078423527842,0,23.094010767585,19.6946385566932,19.3831339662332,0,0,0,0,0,23.094010767585,19.6946385566932,19.6683282780948,0,0,0,0,197.189526020499,520.458997879594,1220.34301994459,5290.1435305348,112.862304817444
"116","2025-01-31","617",3,45.4114321299926,-73.9255055610647,3,8.07446235233098,8.08185481259684,7.86455462310058,7.55010193778707,6.2352759008653,7.07564082050186,7.18843713969293,7.28114131788137,1200.2,1200.2,1200.2,1201.60943396226,180,180,180,179.905660377358,0,0,0,0.0943396226415094,0,0,0,0,0,0,0,0,0,0,0,0,0,0,0,0,0,0,0,10.2608341269671,0,0,0,0.686802819743445,0,0,0,0.686802819743446,0,0,0,0,0,0,0,0,0,0,0,0,0,0,0,0,0,220.075076036504,1276.14165110035,6081.3240491684,160.358429466495
"117","2025-02-09","617",3,45.4098175053428,-73.931328031228,3,11.5914661908587,11.6594383869539,8.7200812888504,7.5315820561763,6.43889129560048,8.50765969722991,8.10469306974642,7.67243678595289,201.7,201.7,344.342857142857,401.694230769231,155,155,158.571428571429,187.211538461538,0,0,0,2.69230769230769,40,40,34.2857142857143,28.1730769230769,0,0,0,0,40,40,34.2857142857143,26.8269230769231,0,0,0,0,0,0,362.59181482188,418.583832544956,0,0,9.07841299003204,67.5801155748948,0,0,0,6.89284500168069,0,0,14.5254607840513,16.9783266154422,0,0,0,0,0,0,14.5254607840513,18.3385602037594,0,0,0,0,0,172.215440750817,1311.9144285262,5123.59082201576,140.536652471628
"118","2025-02-21","617",3,45.4108773625707,-73.9279749900694,3,7.89443291342675,7.59042774726108,8.57194977065241,8.12125743305975,5.96087385772103,6.6195328156137,7.22165818705936,7.31344628972695,1200.2,1200.2,1200.2,988.978846153846,180,180,180,174.711538461538,0,0,0,0,0,0,0,8.46153846153846,0,0,0,0,0,0,0,8.46153846153846,0,0,0,0,0,0,0,411.765143577391,0,0,0,10.3095929789031,0,0,0,0,0,0,0,16.495348766245,0,0,0,0,0,0,0,16.495348766245,0,0,0,0,118.604690524822,366.415001856037,1102.93245975157,5350.78971519968,48.327302399587
"119","2025-02-28","617",3,45.4085953878863,-73.9321483954045,3,6.21196331400593,7.47907420008545,8.34327691227081,7.39389276970081,6.58325584436287,6.56681088547283,7.04660872615742,7.50843143600533,201.7,201.7,201.7,374.590196078431,155,155,155,214.803921568627,0,0,0,5.49019607843137,40,40,40,25.2941176470588,0,0,0,0,40,40,40,22.5490196078431,0,0,0,0,0,0,0,413.351141890235,0,0,0,87.6182674121882,0,0,0,9.01415009641976,0,0,0,16.5653784957025,0,0,0,0,0,0,0,18.7715888783983,0,0,0,0,153.631016785681,381.277547485804,1876.60379904536,5106.77229585644,72.379361670382
"120","2025-03-04","617",3,45.4119502946132,-73.9285688089164,3,8.04050588510274,8.35095496233558,7.56682615001641,8.44050922500998,7.43921830441808,7.25391171068955,7.08973911363309,7.24476788621329,1200.2,1200.2,914.914285714286,808.63137254902,180,180,172.857142857143,170.196078431373,0,0,0,0,0,0,11.4285714285714,15.6862745098039,0,0,0,0,0,0,11.4285714285714,15.6862745098039,0,0,0,0,0,0,468.104020092088,492.349865640358,0,0,11.7201807734624,12.3272374972548,0,0,0,0,0,0,18.7522892375398,19.7235799956077,0,0,0,0,0,0,18.7522892375398,19.7235799956077,0,0,0,0,0,307.221213995928,1216.44199667287,4249.29261174064,32.4878161376276
"121","2025-03-07","617",3,45.4101334633382,-73.9299886086503,3,9.43029986854019,7.85084632482145,6.27175451401281,8.24793369335743,7.23167759700584,7.25451278894637,6.76504525862051,7.66786947020696,201.7,534.533333333333,585.738461538462,662.546153846154,155,163.333333333333,164.615384615385,166.538461538462,0,0,0,0,40,26.6666666666667,24.6153846153846,21.5384615384615,0,0,0,0,40,26.6666666666667,24.6153846153846,21.5384615384615,0,0,0,0,0,576.484243785841,505.610129016521,502.627152369072,0,14.4337567297406,12.6592420885458,12.5845556426908,0,0,0,0,0,23.094010767585,20.2547873416733,20.1352890283053,0,0,0,0,0,23.094010767585,20.2547873416733,20.1352890283053,0,0,0,0,141.368764501926,380.302510290748,1788.09622715619,5004.24946886365,31.8245358113443
"122","2025-03-09","617",3,45.4121307303398,-73.9314815656157,3,0.910081432649106,3.29418760211769,3.76015714126962,4.8807628879855,2.75942007120674,5.89802963863767,5.96610431600668,6.28151242977508,201.7,201.7,201.7,182.453846153846,155,155,155,201.153846153846,0,0,0,4.61538461538462,40,40,40,34.2307692307692,0,0,0,0,40,40,40,31.9230769230769,0,0,0,0,0,0,0,35.4813315262805,0,0,0,85.0871259623034,0,0,0,8.50871259623035,0,0,0,10.6358907452879,0,0,0,0,0,0,0,14.8902470434031,0,0,0,0,0,0,661.92602476674,6030.92993798663,125.340829471984
"123","2025-03-12","617",3,45.4125058562014,-73.9287663546288,3,5.87301567532368,7.245745047246,8.14077927413812,8.36534203998084,5.54391711685482,6.64905119497757,7.1063725655076,7.19241574365432,1200.2,1200.2,816.161538461538,700.95,180,180,170.384615384615,167.5,0,0,0,0,0,0,15.3846153846154,20,0,0,0,0,0,0,15.3846153846154,20,0,0,0,0,0,0,505.610129016521,504.120847050955,0,0,12.6592420885458,12.621954107435,0,0,0,0,0,0,20.2547873416733,20.195126571896,0,0,0,0,0,0,20.2547873416733,20.195126571896,0,0,0,0,184.249082893654,392.081263619144,795.785596905526,5821.14973692988,18.8031894789179
"124","2025-03-16","617",3,45.4112621592031,-73.9289489659323,3,5.56237008297552,6.53056011882453,8.33015990477316,7.86904852156793,5.15256531032132,5.74268711639713,6.74657967877925,7.13567252766128,1200.2,700.95,739.353846153846,789.05294117647,180,167.5,168.461538461538,169.705882352941,0,0,0,0,0,20,18.4615384615385,16.4705882352941,0,0,0,0,0,20,18.4615384615385,16.4705882352941,0,0,0,0,0,576.484243785841,518.096209880277,496.304546565087,0,14.4337567297406,12.9718630415693,12.4262530436927,0,0,0,0,0,23.094010767585,20.7549808665108,19.8820048699083,0,0,0,0,0,23.094010767585,20.7549808665108,19.8820048699083,0,0,0,0,177.811666989387,389.601203088011,875.172580545133,5214.82192451621,66.2175736544522
"125","2025-03-26","617",3,45.4083264458293,-73.9216120682079,3,6.74954645523174,6.053949723904,6.6238929768455,5.61622604128686,6.35209082328931,6.03448670908086,6.59757663534273,6.52463532969594,686.5,686.5,686.5,686.5,175,175,175,175,0,0,0,0,0,0,0,0,5,5,5,5,0,0,0,0,0,0,0,0,0,0,0,0,0,0,0,0,0,0,0,0,0,0,0,0,0,0,0,0,0,0,0,0,0,0,0,0,221.93939032196,600.282980557657,1218.4116347661,5574.93612561717,63.990969692687
"126","2025-03-28","617",3,45.4132542303427,-73.9313634368174,3,0.825510619244363,3.32943612814985,3.87008330098326,4.69908987288038,1.2774307689688,5.43112644250061,5.68387872352856,5.89375563030896,201.7,201.7,201.7,183.711764705882,155,155,155,198.137254901961,0,0,0,4.31372549019608,40,40,40,34.6078431372549,0,0,0,0,40,40,40,32.4509803921569,0,0,0,0,0,0,0,34.6435428157042,0,0,0,83.0780403254297,0,0,0,8.30780403254297,0,0,0,10.3847550406787,0,0,0,0,0,0,0,14.5386570569502,0,0,0,0,329.127237808901,1092.88002588305,2928.31790958178,6429.91559565954,91.3483991102613
"127","2025-04-04","617",3,45.410354773568,-73.9294710856219,3,9.62006091877112,9.15464678328455,7.92246801103634,8.10841017116318,7.25215087166981,7.08498584425042,7.17826954697126,7.40776781092605,201.7,201.7,700.95,758.555769230769,155,155,167.5,168.942307692308,0,0,0,0,40,40,20,17.6923076923077,0,0,0,0,40,40,20,17.6923076923077,0,0,0,0,0,0,521.449618415293,500.75376846583,0,0,13.0558241966773,12.5376506876773,0,0,0,0,0,0,20.8893187146837,20.0602411002836,0,0,0,0,0,0,20.8893187146837,20.0602411002836,0,0,0,0,126.770400203113,556.258380948036,1654.16342695186,5108.81865073952,15.4227281130667
"128","2025-04-06","617",3,45.4115059933421,-73.9323442210544,3,0.315636987715321,2.18617580585669,2.81164067644547,4.71862951068772,0.397816516765872,4.32904169931906,5.19915773434917,6.64570023489148,201.7,173.9,173.9,165.507547169811,155,221.666666666667,221.666666666667,241.792452830189,0,6.66666666666667,6.66666666666667,8.67924528301887,40,31.6666666666667,31.6666666666667,29.1509433962264,0,0,0,0,40,28.3333333333333,28.3333333333333,24.811320754717,0,0,0,0,0,48.1510124504148,41.0633213907054,41.7302502760131,0,115.470053837925,98.4731927834662,100.072542628329,0,11.5470053837925,9.84731927834662,10.0072542628329,0,14.4337567297406,12.3091490979333,12.5090678285411,0,0,0,0,0,20.2072594216369,17.2328087371066,17.5126949599576,0,0,0,0,39.0262149036784,177.489670140135,389.756172919412,5198.65578407162,188.037925274838
"129","2025-04-19","617",3,45.4298844940654,-73.937531242297,3,6.31229726914778,5.00419793692223,2.52169727017785,2.59185209240724,6.24355824834463,6.11976872240546,4.63405812693419,4.29531027380808,118.3,118.3,118.3,118.3,355,355,355,355,20,20,20,20,15,15,15,15,0,0,0,0,5,5,5,5,0,0,0,0,0,0,0,0,0,0,0,0,0,0,0,0,0,0,0,0,0,0,0,0,0,0,0,0,0,0,0,0,0,0,0,0,67.2860073538069
"130","2024-11-04","618b",6,45.4595383870028,-73.6416634459971,3,3.79019620854179,5.31778059723333,5.47172118762885,6.18974074355803,4.75288978933429,6.4468283813582,7.02519809610755,6.86794025067483,2289.3,2289.3,2289.3,2810.14615384615,30,30,30,34.6153846153846,95,95,95,98.0769230769231,0,0,0,0,15,15,15,16.1538461538462,35,35,35,38.6538461538462,0,0,0,0,0,0,0,1324.78720251431,0,0,0,11.4552049068104,0,0,0,10.0075386365777,0,0,0,0,0,0,0,5.82551728035462,0,0,0,21.5369127863773,0,0,0,0,0,0,1109.29989717321,8674.46152639748,101.996642864161
"131","2024-11-15","618b",6,45.450923641144,-73.6364898307431,3,11.3141538100536,10.1906388287759,7.9261936712842,4.95650214591881,8.10177800578337,8.27174692620559,7.70232976869805,6.1301309470556,2488.5,2488.5,2889.35714285714,2738.98148148148,110,110,78.5714285714286,68.2,5,5,3.57142857142857,3.1,0,0,0,0,60,60,42.8571428571429,37.6,40,40,92.8571428571429,113,55,55,39.2857142857143,34.1,0,0,657.736545006709,1063.38034766566,0,0,51.5687954032345,53.9345786625816,0,0,2.34403615469248,2.45157175739007,0,0,0,0,0,0,28.1284338563097,29.0362194649429,0,0,86.7293377236217,96.0442075084092,0,0,25.7843977016172,26.9672893312908,345.157521433553,1309.33001918595,3828.05862588401,14969.1766428825,50.0077020365592
"132","2024-11-18","618b",6,45.4608941266789,-73.6519277680957,3,4.29434131196494,6.16708308858366,6.3400833807269,6.62546063081303,4.40250256225711,5.331701493909,5.67535969553624,5.92590760432037,7087.2,7087.2,6939.36153846154,6919.05961538462,60,60,61.5384615384615,58.2692307692308,80,80,64.2307692307692,47.5961538461538,0,0,0,0,40,40,55.3846153846154,73.8461538461538,90,90,76.5384615384615,63.75,0,0,0,0,0,0,462.437038126023,572.956554236869,0,0,13.2891897459011,19.3239822395064,0,0,29.9893143362594,34.0485579524674,0,0,0,0,0,0,29.6128870075695,36.1995475084842,0,0,26.0115851901141,28.4204255463442,0,0,0,0,251.382187057548,747.22119784147,4078.65207919918,15826.4734446239,47.774605046502
"133","2025-01-14","618b",6,45.4663629490001,-73.6424259128972,3,9.75934290752987,8.67740958535363,8.28748659944452,7.25537716532332,4.63584855300347,5.84059294074336,5.88638794029035,5.9764118771454,10231.2,10231.2,13748.4,13563.575,10,10,6.66666666666667,5.38461538461538,0,0,0,2.59615384615385,0,0,0,0,175,175,133.333333333333,124.230769230769,250,250,260,227.980769230769,35,35,41.6666666666667,33.6538461538462,0,0,5195.24870487011,4959.73632485718,0,0,4.92365963917331,5.03382225707634,0,0,0,10.5945965054419,0,0,0,0,0,0,61.5457454896664,58.9398548154912,0,0,14.7709789175199,73.8391177439208,0,0,9.84731927834662,18.6588407426137,518.760410889277,1162.35490042119,4291.00598904473,18501.7488534342,30.0639687408605
"134","2025-01-13","618b",6,45.4668499305615,-73.6419053175463,3,9.78951189333065,8.63398762432453,8.69195038309464,7.1626045060846,5.36538010220718,5.80061136560992,5.59277993336528,5.80993289706172,20782.8,20782.8,17536.1538461538,13997.7196078431,0,0,3.07692307692308,3.52941176470588,0,0,0,10.7843137254902,0,0,0,0,50,50,88.4615384615385,111.666666666667,280,280,270.769230769231,210,55,55,48.8461538461538,29.6078431372549,0,0,5068.82468306927,5346.30559377294,0,0,4.80384461415261,4.82639799923906,0,0,0,19.6817821606583,0,0,0,0,0,0,60.0480576769077,56.8565446247542,0,0,14.4115338424578,82.7768083462995,0,0,9.60768922830523,22.6901550733992,489.277447094976,1150.86375109756,4530.4990986304,19071.9338134897,89.9363694544778
"135","2025-01-18","618b",6,45.4663113427649,-73.6422406047291,3,7.67957967185791,8.4645726863267,8.32890536933446,7.14659447951109,5.04139520503987,5.48409083062939,5.89740580072696,5.99416178785654,10231.2,10231.2,13477.8461538462,13454.0745098039,10,10,6.92307692307692,5.49019607843137,0,0,0,2.64705882352941,0,0,0,0,175,175,136.538461538462,125.882352941176,250,250,259.230769230769,228.921568627451,35,35,41.1538461538462,34.3137254901961,0,0,5068.82468306927,4945.1992423296,0,0,4.80384461415261,5.02542555021804,0,0,0,10.6935934641481,0,0,0,0,0,0,60.0480576769077,58.2984209250383,0,0,14.4115338424578,74.2584252828606,0,0,9.60768922830523,18.2214052104424,489.409253251596,1150.14719551336,4201.67114435215,18820.3783918361,44.7244360343492
"136","2024-11-08","619",6,45.4509776135723,-73.6405871782186,3,5.97369519063381,6.91716227682235,7.0808023086522,7.70725200691154,3.78107967231832,5.07171982670724,5.49270231699293,5.95622053011847,2488.5,2488.5,2503.86428571429,2744.29230769231,110,110,108.214285714286,99.0384615384615,5,5,7.14285714285714,12.8846153846154,0,0,0,0,60,60,57.5,49.7115384615385,40,40,40.3571428571429,47.6923076923077,55,55,51.0714285714286,38.0769230769231,0,0,57.4878931353625,1238.19152385388,0,0,6.68153104781061,22.8815890871975,0,0,8.01783725737273,13.5887119332935,0,0,0,0,0,0,9.35414346693485,17.4168461817879,0,0,1.33630620956212,32.0914981481648,0,0,14.6993683051833,25.6322760335604,33.7495835869201,952.04234541401,5168.24948351161,19875.6116885713,146.084420675699
"137","2024-11-15","619",6,45.4479482256956,-73.6383719379218,3,0.420312286468178,1.04508275129735,1.63910318471529,4.05685840471635,0.379515144522702,1.82876384943034,2.39076264759251,4.85441864817937,2488.5,2488.5,2209.825,1963.93529411765,110,110,88.75,70,5,5,5,5,0,0,1.25,2.35294117647059,60,60,72.5,83.5294117647059,40,40,77.5,110.588235294118,55,55,41.25,29.1176470588235,0,0,504.14204370125,561.921195479768,0,0,38.4426964336649,42.8485705712571,0,0,0,0,0,0,2.26133508433323,2.52050415125042,0,0,22.6133508433323,25.2050415125042,0,0,67.8400525299968,75.6151245375125,0,0,24.8746859276655,27.7255456637546,661.193287955956,2528.90015999871,7954.88724140553,20220.0161802373,309.487681579075
"138","2024-11-29","619",6,45.4508699194036,-73.64057437825,3,4.94134573156251,6.60859811285418,7.01426904142977,7.69619247635757,3.65115277033643,4.98519780893434,5.47232122408442,5.98181977917882,2488.5,2488.5,2488.5,2570.83921568627,110,110,110,101.470588235294,5,5,5,12.5490196078431,0,0,0,0,60,60,60,49.9019607843137,40,40,40,44.9019607843137,55,55,55,39.9019607843137,0,0,0,210.908798373545,0,0,0,18.1739956434203,0,0,0,13.2805327084273,0,0,0,0,0,0,0,16.926021271357,0,0,0,25.8164714102922,0,0,0,24.7889127651543,214.52584217519,959.826541438039,4786.20108736137,20067.3553817101,148.273521115449
"139","2024-12-06","619",6,45.4589857619382,-73.635329812653,3,6.239074675803,4.90180081535199,6.29214893435231,6.14017371516477,5.04552285768674,4.73567385055331,5.67484206762686,6.41548618175107,2753.6,2753.6,2753.6,4041.93333333333,5,5,5,10.6862745098039,0,0,0,13.5294117647059,0,0,0,0,90,90,90,75,105,105,105,108.235294117647,0,0,0,0,0,0,0,2869.6714063228,0,0,0,14.3185057824878,0,0,0,31.7063734546709,0,0,0,0,0,0,0,32.2645316098034,0,0,0,18.0228612992434,0,0,0,0,0,0,1091.17056982404,12491.3877554489,153.943803749694
"140","2024-12-18","619",6,45.4498691811659,-73.6389697830194,3,10.9616785628016,8.46595921855471,7.42967009731839,6.14375899210204,5.37622569691941,5.24632401372839,5.19342910668294,5.78500052732268,2488.5,2488.5,2488.5,2488.5,110,110,110,110,5,5,5,5,0,0,0,0,60,60,60,60,40,40,40,40,55,55,55,55,0,0,0,0,0,0,0,0,0,0,0,0,0,0,0,0,0,0,0,0,0,0,0,0,0,0,0,0,0,1308.37480861767,3753.40374195436,13686.2191597262,191.61166597009
"141","2024-12-26","619",6,45.4484871224453,-73.6361400176907,3,0.754451601604265,0.903564068959655,0.875911637578002,1.93393550129697,0.711915621504205,1.12664097406615,1.36865600456902,3.49198672964978,1373.8,1373.8,1745.36666666667,1920.63396226415,25,25,53.3333333333333,66.6981132075472,5,5,5,5,5,5,3.33333333333333,2.54716981132075,110,110,93.3333333333333,85.4716981132076,190,190,140,116.415094339623,0,0,18.3333333333333,26.9811320754717,0,0,548.840339978649,562.583448149762,0,0,41.8511069329731,42.8990697880414,0,0,0,0,0,0,2.46182981958665,2.5234746934142,0,0,24.6182981958666,25.234746934142,0,0,73.8548945875996,75.704240802426,0,0,27.0801280154532,27.7582216275562,521.640337363613,2631.85312776949,8609.95629979148,19984.3808261839,289.537808824561
"142","2025-01-04","619",6,45.4504929871604,-73.6394815544352,3,10.4583422505124,9.20333269558106,8.00375168568168,7.3588235922368,5.89283395232564,5.81726215675331,5.70810066812012,5.77432286220146,2488.5,2488.5,2488.5,2520.22745098039,110,110,110,107.352941176471,5,5,5,5.49019607843137,0,0,0,0,60,60,60,58.1372549019608,40,40,40,43.7254901960784,55,55,55,52.843137254902,0,0,0,198.158462931495,0,0,0,15.7274581918526,0,0,0,4.27257556525152,0,0,0,0,0,0,0,9.64161730798962,0,0,0,25.9006397074455,0,0,0,10.7821566470157,82.260838465015,781.885086371858,4507.50944884053,17816.5049544271,150.13320620617
"143","2025-01-07","619",6,45.450198719568,-73.640686358934,3,6.30443606831041,5.6866103423612,6.09466743629421,7.06264808669051,4.41534367725382,4.54906410555406,4.7945375140373,5.85533573288969,2488.5,2488.5,2488.5,2526.91071428571,110,110,110,105.535714285714,5,5,5,10.3571428571429,0,0,0,0,60,60,60,53.75,40,40,40,40.8928571428571,55,55,55,45.1785714285714,0,0,0,83.1273561329983,0,0,0,9.66147793270554,0,0,0,11.5937735192466,0,0,0,0,0,0,0,13.5260691057877,0,0,0,1.9322955865411,0,0,0,21.2552514519521,390.09014799004,1205.88662244739,4693.88138725564,17781.4295452237,82.7995818456644
"144","2025-01-11","619",6,45.4501831644879,-73.6426637383596,3,6.75582919995888,7.83854307947767,6.39767908981038,6.53681051205485,6.22557937743662,6.72839013838136,6.01635173717164,5.70652362395528,2703.6,2649.825,2626.77857142857,2615.02941176471,85,91.25,93.9285714285714,95.2941176470588,35,27.5,24.2857142857143,22.6470588235294,0,0,0,0,25,33.75,37.5,39.4117647058824,45,43.75,43.2142857142857,42.9411764705882,0,13.75,19.6428571428571,22.6470588235294,0,107.55,106.957433507062,106.915481187932,0,12.5,12.4311289524712,12.4262530436927,0,15,14.9173547429654,14.9115036524313,0,0,0,0,0,17.5,17.4035805334596,17.3967542611698,0,2.5,2.48622579049423,2.48525060873854,0,27.5,27.3484836954366,27.337756696124,511.595462189746,1468.59476023279,4120.88763455766,18603.7748522892,108.926948652467
"145","2025-01-15","619",6,45.4501098186806,-73.6406404702178,3,6.36746401141263,5.73196230717877,6.30445292727575,6.96229903576543,4.43796892753779,4.5658584948567,4.87348474772255,5.86347013277398,2488.5,2488.5,2488.5,2517.45576923077,110,110,110,106.634615384615,5,5,5,9.03846153846154,0,0,0,0,60,60,60,55.2884615384615,40,40,40,40.6730769230769,55,55,55,47.5961538461539,0,0,0,74.1325479930758,0,0,0,8.61605625210087,0,0,0,10.339267502521,0,0,0,0,0,0,0,12.0624787529412,0,0,0,1.72321125042017,0,0,0,18.9553237546219,210.610685235639,1051.32997114216,4773.50196552401,17457.2877269516,79.2705151449527
"146","2025-01-25","619",6,45.4516694134099,-73.6385660493547,3,8.3745311876981,8.03651912791831,7.89796251635855,8.5635724422379,5.29813656465387,5.59929326893403,6.19630553339806,6.22725508176848,2488.5,2488.5,2920.19230769231,3814.08269230769,110,110,76.1538461538462,62.0192307692308,5,5,3.46153846153846,4.61538461538462,0,0,0,0,60,60,41.5384615384615,39.8076923076923,40,40,96.9230769230769,114.711538461538,55,55,38.0769230769231,28.5576923076923,0,0,673.979399365612,2570.97301933823,0,0,52.8422907556788,53.935869829814,0,0,2.40192230707631,7.97337197385675,0,0,0,0,0,0,28.8230676849157,29.6377068134222,0,0,88.8711253618234,88.2032715898643,0,0,26.4211453778394,27.7477527523479,388.763372983396,1206.52251822794,3389.67170169867,14742.6524330639,46.4402755094728
"147","2025-01-27","619",6,45.4513205524058,-73.6406107955674,3,8.66395463014438,8.70224001059022,7.55750318431036,7.69753165748587,5.97675599114538,5.44789409062519,5.72969081402563,6.02379640843215,2488.5,2488.5,2534.59285714286,3133.75490196078,110,110,104.642857142857,91.3725490196078,5,5,11.4285714285714,13.921568627451,0,0,0,0,60,60,52.5,47.5490196078431,40,40,41.0714285714286,57.3529411764706,55,55,43.2142857142857,32.3529411764706,0,0,91.5928739610214,2099.37467149756,0,0,10.645382840658,32.4973603754605,0,0,12.7744594087896,14.4676786489815,0,0,0,0,0,0,14.9035359769212,19.7831379972847,0,0,2.1290765681316,48.2840857962173,0,0,23.4198422494476,27.337756696124,264.751984049192,1009.35341824811,5629.88200130259,20397.8650856776,114.06544408092
"148","2024-11-03","620",4,45.4130881646581,-73.9291027903989,3,9.70141373961283,10.3971621907383,9.24498544009438,6.86144079753768,6.28488785656911,7.1562565975641,7.12450927399387,6.79964791696633,201.7,451.325,558.307142857143,571.514814814815,155,161.25,163.928571428571,164.259259259259,0,0,0,0,40,30,25.7142857142857,25.1851851851852,0,0,0,0,40,30,25.7142857142857,25.1851851851852,0,0,0,0,0,499.25,496.499290361699,486.707132661858,0,12.5,12.4311289524712,12.1859572524251,0,0,0,0,0,20,19.8898063239539,19.4975316038801,0,0,0,0,0,20,19.8898063239539,19.4975316038801,0,0,0,0,52.5952476383458,349.225847786549,1180.62748896281,7265.68433358634,84.1857153924247
"149","2024-11-08","620",4,45.4139745505372,-73.9272814793889,3,9.25926376381503,9.55667662147356,7.66980160474329,6.85264777839414,5.38030419983392,6.49160133310726,6.31496970855103,6.8568496280275,1200.2,700.95,784.158333333333,710.739215686275,180,167.5,169.583333333333,167.745098039216,0,0,0,0,0,20,16.6666666666667,19.6078431372549,0,0,0,0,0,20,16.6666666666667,19.6078431372549,0,0,0,0,0,706.046121014768,514.156257568621,504.120847050955,0,17.6776695296637,12.8732162636109,12.621954107435,0,0,0,0,0,28.2842712474619,20.5971460217775,20.195126571896,0,0,0,0,0,28.2842712474619,20.5971460217775,20.195126571896,0,0,0,0,181.092097888292,390.762738913303,2111.47243344724,8623.42432431609,100.270516805457
"150","2024-11-10","620",4,45.4167172285848,-73.9189066354748,3,2.4660243842586,3.82136989823735,5.03781535416655,4.64894828191846,3.97494521041818,5.35640398962577,6.15424317097923,5.88909078069353,201.7,201.7,559.433333333333,687.677358490566,155,155,161.666666666667,164.056603773585,0,0,1.66666666666667,2.26415094339623,40,40,26.6666666666667,21.8867924528302,0,0,0,0,40,40,26.6666666666667,21.8867924528302,0,0,0,0,0,0,528.40715247608,539.318946108284,0,0,9.84731927834662,10.0506698864757,0,0,2.46182981958665,2.51266747161892,0,0,19.6946385566932,20.1013397729513,0,0,0,0,0,0,19.6946385566932,20.1013397729513,0,0,0,0,100.866341389211,599.186310613694,1941.2891097427,14156.3356292145,29.7685551269033
"151","2024-11-17","620",4,45.4163255870464,-73.9206717798708,3,4.38015268386075,4.8223501128138,3.86844143977826,4.24819270718525,3.72216844264868,4.99163509172034,5.32697810889127,5.75772483644631,201.7,201.7,449.361538461538,593.830769230769,155,155,159.615384615385,162.307692307692,0,0,1.15384615384615,1.82692307692308,40,40,30.7692307692308,25.3846153846154,0,0,0,0,40,40,30.7692307692308,25.3846153846154,0,0,0,0,0,0,470.629333160152,521.828355649807,0,0,8.77058019307029,9.72471777207988,0,0,2.19264504826757,2.43117944301997,0,0,17.5411603861406,19.4494355441598,0,0,0,0,0,0,17.5411603861406,19.4494355441598,0,0,0,0,0,462.783382148834,3091.23568304506,11498.8235258125,122.687218345208
"152","2024-11-29","620",4,45.4063702336646,-73.9336138742118,3,12.1162891893455,11.0548588983782,9.27085011293273,7.38187736409152,7.8456243475143,7.97980162820538,8.34230636584307,7.31131064883788,118.3,118.3,146.1,184.429411764706,355,355,288.333333333333,265.980392156863,20,20,13.3333333333333,10.9803921568627,15,15,23.3333333333333,23.921568627451,0,0,0,0.294117647058823,5,5,16.6666666666667,18.4313725490196,0,0,0,0,0,0,41.0633213907054,133.014049324299,0,0,98.4731927834662,99.3026666703524,0,0,9.84731927834662,10.0508511004361,0,0,12.3091490979333,13.5023599970596,0,0,0,1.18817705157201,0,0,17.2328087371066,17.5353983723904,0,0,0,0,254.670824505041,578.631186642727,1625.66349192829,5719.64723686797,67.2807578097157
"153","2024-12-08","620",4,45.406302568573,-73.9330020434046,3,15.4291293428145,10.7714295626475,10.251896620427,7.41510551884249,9.9896321987807,9.03319092551075,8.4455973462973,7.22107554202672,201.7,201.7,173.9,316.67,155,155,221.666666666667,239.5,0,0,6.66666666666667,8,40,40,31.6666666666667,22,0,0,0,0.5,40,40,28.3333333333333,18,0,0,0,0,0,0,41.0633213907054,339.21796631881,0,0,98.4731927834662,95.630293637657,0,0,9.84731927834662,9.89743318610787,0,0,12.3091490979333,15.8436235805849,0,0,0,1.51522881682832,0,0,17.2328087371066,18.2387790497196,0,0,0,0,44.9789163738542,729.367464762416,1857.69053926248,6777.91953391457,18.9451908162028
"154","2024-12-13","620",4,45.4071005587902,-73.9305855023494,3,10.560993649544,9.01378271333705,7.78704259539603,8.32443356917534,8.09182922376461,7.52554154421037,7.15023387215176,7.32437647066802,1200.2,1200.2,969.776923076923,827.643137254902,180,180,174.230769230769,170.980392156863,0,0,0,0,0,0,9.23076923076923,14.1176470588235,0,0,0,0.196078431372549,0,0,9.23076923076923,14.1176470588235,0,0,0,0,0,0,437.871216139034,477.390541697215,0,0,10.9632252413379,11.9590805601073,0,0,0,0,0,0,17.5411603861406,19.3055919969562,0,0,0,0.980196058819607,0,0,17.5411603861406,19.3055919969562,0,0,0,0,0,158.835477011737,1525.11409550768,6583.09623793069,62.3434003562853
"155","2024-12-19","620",4,45.4075988605841,-73.932606299522,3,2.71340625883362,5.67361815602389,7.03516412318674,7.34663405209581,4.256581510588,6.09664041892968,6.68671342002472,7.14416018343494,201.7,201.7,187.8,340.316666666667,155,155,188.333333333333,225.833333333333,0,0,3.33333333333333,6.66666666666667,40,40,35.8333333333333,25,0,0,0,0,40,40,34.1666666666667,21.6666666666667,0,0,0,0,0,0,32.4634059715355,390.444566765005,0,0,77.8498944161523,92.7323610189121,0,0,7.78498944161523,9.52786134680662,0,0,9.73123680201904,15.9787092387392,0,0,0,0,0,0,13.6237315228267,18.603743998995,0,0,0,0,183.787694184082,452.050203906531,1834.82171005025,5620.65813732411,99.9561271130989
"156","2024-12-22","620",4,45.4084731942484,-73.9351276001343,3,1.02507156535893,1.41535263896929,1.76024164824602,3.35026121707415,1.38162512040751,1.96209334298139,2.97482992571386,5.16423821114583,118.3,118.3,118.3,126.319230769231,355,355,355,335.769230769231,20,20,20,18.0769230769231,15,15,15,17.4038461538462,0,0,0,0,5,5,5,8.36538461538462,0,0,0,0,0,0,0,24.8263699024633,0,0,0,59.5356592385212,0,0,0,5.95356592385212,0,0,0,7.44195740481515,0,0,0,0,0,0,0,10.4187403667412,0,0,0,0,0,0,0,1490.87695686983,133.241062645881
"157","2024-12-29","620",4,45.4070480195737,-73.9306210950876,3,9.5451424867978,9.03065488607698,7.84306807119086,8.38405632035106,7.61723417211027,7.62097899359334,7.20274789263523,7.37171942992163,1200.2,1200.2,986.235714285714,818.137254901961,180,180,174.642857142857,170.588235294118,0,0,0,0,0,0,8.57142857142857,14.9019607843137,0,0,0,0.0980392156862745,0,0,8.57142857142857,14.9019607843137,0,0,0,0,0,0,425.176590655881,485.022915731117,0,0,10.645382840658,12.151010609144,0,0,0,0,0,0,17.0326125450528,19.5317740125784,0,0,0,0.700140042014005,0,0,17.0326125450528,19.5317740125784,0,0,0,0,0,194.339152993789,1565.69299795135,6603.36478815577,65.6777732806062
"158","2025-01-05","620",4,45.4063114843854,-73.9332992578337,3,12.2163299381672,12.1245942232944,9.74848388522015,7.3678512860098,9.5505937902473,8.79534173388181,8.51066705743221,7.27320081373028,201.7,160,160,262.03,155,255,255,250.1,0,10,10,9.2,40,27.5,27.5,22.9,0,0,0,0.4,40,22.5,22.5,18.3,0,0,0,0,0,48.1510124504148,43.2741351066751,282.450044165299,0,115.470053837925,103.774904332554,98.0706222004098,0,11.5470053837925,10.3774904332554,10.0691486781178,0,14.4337567297406,12.9718630415693,14.9519639007655,0,0,0,1.37023757808935,0,20.2072594216369,18.160608258197,17.9741878417754,0,0,0,0,260.834455093926,668.815297043279,1789.62837014185,6339.55043078027,42.2232118154384
"159","2025-01-12","620",4,45.4077706123015,-73.933883786235,3,1.19218319803096,4.29845361948887,5.24532696166743,5.67209606055466,3.06273274191222,6.04380947400901,6.1575803933484,6.60209134165687,118.3,118.3,136.171428571429,149.370588235294,355,355,312.142857142857,280.490196078431,20,20,15.7142857142857,12.5490196078431,15,15,20.3571428571429,24.3137254901961,0,0,0,0,5,5,12.5,18.0392156862745,0,0,0,0,0,0,35.5129971564351,40.7237488162259,0,0,85.163062725264,97.6588700628918,0,0,8.5163062725264,9.76588700628918,0,0,10.645382840658,12.2073587578615,0,0,0,0,0,0,14.9035359769212,17.0903022610061,0,0,0,0,0,34.5602237359514,1029.84658605935,3646.71113321183,63.3617543710389
"160","2025-01-17","620",4,45.4063525764756,-73.9352431924858,3,7.96895655663555,6.997392567732,7.01459869177108,6.02285086495743,9.311455365039,8.39127711933839,7.12223972308356,7.09435194235462,118.3,118.3,118.3,135.982352941176,355,355,355,335.78431372549,20,20,20,18.0392156862745,15,15,15,16.6666666666667,0,0,0,0.0980392156862745,5,5,5,7.64705882352941,0,0,0,0,0,0,0,81.8202339421793,0,0,0,58.9183549415597,0,0,0,6.00653239170064,0,0,0,7.18795288428261,0,0,0,0.700140042014005,0,0,0,9.55787325593255,0,0,0,0,0,0,0,2861.71476398512,35.1239685674841
"161","2025-01-19","620",4,45.4079773264163,-73.933672667803,3,2.32473094088173,3.57105491009035,5.28678110020012,5.60636764956247,4.26766810374328,5.46070772581102,6.32254643733292,6.47211728286105,118.3,118.3,146.1,151.980769230769,355,355,288.333333333333,274.230769230769,20,20,13.3333333333333,11.9230769230769,15,15,23.3333333333333,25.0961538461538,0,0,0,0,5,5,16.6666666666667,19.1346153846154,0,0,0,0,0,0,41.0633213907054,41.3209012223603,0,0,98.4731927834662,99.0908902214874,0,0,9.84731927834662,9.90908902214875,0,0,12.3091490979333,12.3863612776859,0,0,0,0,0,0,17.2328087371066,17.3409057887603,0,0,0,0,0,398.008256255345,1247.4294491425,3759.94101712295,88.3752748564914
"162","2025-01-19","620",4,45.4075852482688,-73.9338234340651,3,8.20804066755345,5.78643227764918,5.68996294562584,6.04873843408043,7.73685580768416,6.27440514139132,6.38699763118727,6.80674760039138,118.3,118.3,142.128571428571,151.005882352941,355,355,297.857142857143,276.56862745098,20,20,14.2857142857143,12.156862745098,15,15,22.1428571428571,24.8039215686275,0,0,0,0,5,5,15,18.7254901960784,0,0,0,0,0,0,39.0985230602705,41.1236642908421,0,0,93.7614461876991,98.6178999780386,0,0,9.37614461876991,9.86178999780386,0,0,11.7201807734624,12.3272374972548,0,0,0,0,0,0,16.4082530828473,17.2581324961568,0,0,0,0,0,276.02425088716,1075.50757487265,3689.3267313276,55.2613491789631
"163","2025-01-24","620",4,45.4081645551332,-73.9365868704459,3,0.809898461709475,1.77999995618719,2.44334400034727,3.08915369628745,1.31849275056095,3.88939515240267,4.31006760732683,4.78260257130929,118.3,118.3,118.3,118.3,355,355,355,355,20,20,20,20,15,15,15,15,0,0,0,0,5,5,5,5,0,0,0,0,0,0,0,0,0,0,0,0,0,0,0,0,0,0,0,0,0,0,0,0,0,0,0,0,0,0,0,0,0,0,0,0,188.411916883117
"164","2025-01-31","620",4,45.4061265920732,-73.9353298880549,3,0.880275178028534,5.94161175333706,6.52869039412197,6.31472973436994,3.35507398795128,7.98779281133777,7.00604491287048,7.23721383528421,118.3,118.3,118.3,134.347058823529,355,355,355,339.705882352941,20,20,20,18.4313725490196,15,15,15,16.1764705882353,0,0,0,0.0980392156862745,5,5,5,6.96078431372549,0,0,0,0,0,0,0,81.3123615520818,0,0,0,53.0038844303498,0,0,0,5.43048764646706,0,0,0,6.37088967838226,0,0,0,0.700140042014005,0,0,0,8.37128612415972,0,0,0,0,0,0,0,2927.32233278129,32.2694295969155
"165","2025-02-07","620",4,45.408171392007,-73.9354241148963,3,1.2486187140633,2.01649477500946,2.2865843418638,3.61457493833949,1.38214065617921,3.71252066462224,3.73432920793758,5.46253292646947,118.3,118.3,118.3,122.767857142857,355,355,355,344.285714285714,20,20,20,18.9285714285714,15,15,15,16.3392857142857,0,0,0,0,5,5,5,6.875,0,0,0,0,0,0,0,18.9491290962538,0,0,0,45.4415565857406,0,0,0,4.54415565857406,0,0,0,5.68019457321758,0,0,0,0,0,0,0,7.9522724025046,0,0,0,0,0,0,0,1137.79766046536,116.708769556523
"166","2025-02-21","620",4,45.4064952519568,-73.9360847749295,3,9.83472725377057,8.73492205501638,5.76792739668713,4.6909856594351,6.84454926968277,7.38727171116063,7.04080181129162,6.19979470281797,118.3,118.3,118.3,118.3,355,355,355,355,20,20,20,20,15,15,15,15,0,0,0,0,5,5,5,5,0,0,0,0,0,0,0,0,0,0,0,0,0,0,0,0,0,0,0,0,0,0,0,0,0,0,0,0,0,0,0,0,0,0,0,789.217182722418,39.6925718252111
"167","2025-02-23","620",4,45.4058209045697,-73.9294694943729,3,9.42781153671613,10.9298368563718,9.92247360903943,8.8443080490994,7.10691313242554,8.02785375995161,8.40261341761525,7.81562711674051,1200.2,1028.96666666667,1060.1,860,180,178.333333333333,178.636363636364,175.490196078431,0,0,0,0,0,0,0,3.13725490196078,0,1.66666666666667,1.36363636363636,2.54901960784314,0,0,0,3.13725490196078,0,0,0,0,0,296.584833282711,239.948944569465,314.533015755103,0,2.88675134594813,2.33549683248457,6.50037706296983,0,0,0,0,0,0,0,10.8609752929341,0,2.88675134594813,2.33549683248457,2.52439082148701,0,0,0,10.8609752929341,0,0,0,0,0,471.365746239746,2127.64254273917,7760.4157494811,81.2688859638352
"168","2025-02-28","620",4,45.4088263785108,-73.9333588985185,3,5.66529035811274,5.42154577797606,5.03967425968671,5.36715931133241,6.2355279674594,6.58489142195508,6.24805833346219,6.78569472762743,118.3,160,160,191.988461538462,355,255,255,271.346153846154,20,10,10,11.5384615384615,15,27.5,27.5,24.0384615384615,0,0,0,0,5,22.5,22.5,18.2692307692308,0,0,0,0,0,48.1510124504148,43.5542295201156,207.589667518236,0,115.470053837925,104.446593573419,98.752589365979,0,11.5470053837925,10.4446593573419,9.97734991429173,0,14.4337567297406,13.0558241966773,13.0623865616038,0,0,0,0,0,20.2072594216369,18.2781538753483,17.3737636147664,0,0,0,0,93.0063409951958,529.529190500466,1621.38158811645,4019.46460185081,29.9197913216947
"169","2025-03-04","620",4,45.4091558909516,-73.9338255524262,3,0.479501471999708,1.60318993363224,3.57810239294068,4.32773027408722,0.957170361649796,3.08562458293933,5.31019806858313,6.38222290082255,118.3,118.3,136.171428571429,144.464705882353,355,355,312.142857142857,292.254901960784,20,20,15.7142857142857,13.7254901960784,15,15,20.3571428571429,22.843137254902,0,0,0,0,5,5,12.5,15.9803921568627,0,0,0,0,0,0,35.5129971564351,39.0831872985273,0,0,85.163062725264,93.724669780641,0,0,8.5163062725264,9.3724669780641,0,0,10.645382840658,11.7155837225801,0,0,0,0,0,0,14.9035359769212,16.4018172116122,0,0,0,0,0,0,923.246382143762,3110.14531245517,81.5810407412881
"170","2025-03-07","620",4,45.4088096535391,-73.931827175974,3,9.54427973106955,8.709151013142,8.68029099614254,7.37092009644105,7.13648564808391,7.62082215971253,6.96918212775288,7.49932473192649,201.7,201.7,368.116666666667,484.57,155,155,159.166666666667,202.5,0,0,0,4,40,40,33.3333333333333,23,0,0,0,0,40,40,33.3333333333333,21,0,0,0,0,0,0,388.66559787264,474.316210400804,0,0,9.73123680201904,77.7965032528284,0,0,0,8.08122035641769,0,0,15.5699788832305,17.9568644142522,0,0,0,0,0,0,15.5699788832305,19.2724822331886,0,0,0,0,0,259.504978135972,1630.52678390211,5654.4377076056,98.867240427357
"171","2025-03-09","620",4,45.4073838624182,-73.9360110530345,3,2.10074916940702,4.80407015021338,4.89862679576138,3.8958169581354,3.89235926044723,5.64203310592216,6.07532683796876,5.7381506084213,118.3,118.3,118.3,118.3,355,355,355,355,20,20,20,20,15,15,15,15,0,0,0,0,5,5,5,5,0,0,0,0,0,0,0,0,0,0,0,0,0,0,0,0,0,0,0,0,0,0,0,0,0,0,0,0,0,0,0,0,0,0,0,0,121.397473237683
"172","2025-03-11","620",4,45.4070435431359,-73.932224557845,3,8.58162059842265,7.3109499394013,6.88626097922637,7.9811538687015,6.78169715517964,6.74219642380279,6.74240150970815,7.47129534565472,201.7,201.7,201.7,417.017647058824,155,155,155,207.941176470588,0,0,0,4.70588235294118,40,40,40,24.7058823529412,0,0,0,0,40,40,40,22.3529411764706,0,0,0,0,0,0,0,440.06925759743,0,0,0,83.0131102331929,0,0,0,8.568066567545,0,0,0,17.1875467913802,0,0,0,0,0,0,0,18.9829644991627,0,0,0,0,0,327.303931497312,1833.94799916736,6250.43585001094,51.1688432027847
"173","2025-03-16","620",4,45.4063493541401,-73.9338456576756,3,8.72978596871836,9.44043809193736,9.17560354201613,7.28998256230486,7.55961980816952,7.65926840536485,8.21359345058938,7.25720528336026,118.3,118.3,137.546153846154,180.748,355,355,308.846153846154,276.2,20,20,15.3846153846154,12,15,15,20.7692307692308,22.6,0,0,0,0.3,5,5,13.0769230769231,16.6,0,0,0,0,0,0,36.5733194051031,134.908177752462,0,0,87.7058019307029,97.5964201417746,0,0,8.77058019307029,9.89743318610787,0,0,10.9632252413379,13.1024222717693,0,0,0,1.19948968741048,0,0,15.348515337873,17.0066013593521,0,0,0,0,0,471.361399686015,1391.08516452175,5026.13473374391,85.1435374318982
"174","2025-03-23","620",4,45.4080944137178,-73.9340214094146,3,0.120489259500144,1.25338381179044,4.38614816104376,4.95004858734957,0.180612451926569,2.59737756718007,5.74282175072712,6.12765347929144,118.3,118.3,131.130769230769,143.961538461538,355,355,324.230769230769,293.461538461538,20,20,16.9230769230769,13.8461538461538,15,15,18.8461538461538,22.6923076923077,0,0,0,0,5,5,10.3846153846154,15.7692307692308,0,0,0,0,0,0,31.3195195954904,38.8678512945261,0,0,75.1067616198811,93.2082764856741,0,0,7.51067616198811,9.32082764856741,0,0,9.38834520248513,11.6510345607093,0,0,0,0,0,0,13.1436832834792,16.311448384993,0,0,0,0,0,0,901.51766382144,3519.03271819016,87.4993934026504
"175","2025-03-26","620",4,45.4057801546585,-73.9325648276536,3,15.1889437768839,10.4923484691223,9.41851998565646,7.43916158395685,9.88852317964456,10.3143585013969,8.56057534887448,7.57020339640096,201.7,201.7,246.6625,407.857142857143,155,155,195,223.469387755102,0,0,3.75,6.12244897959184,40,40,30.3125,19.2857142857143,0,0,0.625,0.918367346938775,40,40,28.4375,16.2244897959184,0,0,0,0,0,0,174.849027735358,385.034925363921,0,0,79.6659693135448,88.7717349068235,0,0,8.06225774829855,9.31314629314664,0,0,15.4346741678167,17.0477271212323,0,0,1.70782512765993,1.95615199108988,0,0,17.7687694190303,18.4145156807097,0,0,0,0,0,247.179148756231,2406.64664551024,6759.76536825158,59.7430112132804
"176","2025-03-28","620",4,45.4070765007648,-73.9310077363995,3,6.87770930106651,7.06978341372585,7.8551839004553,8.49846107727433,7.57352276782634,7.1612512647995,6.93259867914013,7.44069119668186,1200.2,867.366666666667,816.161538461538,748.676923076923,180,171.666666666667,170.384615384615,168.846153846154,0,0,0,0,0,13.3333333333333,15.3846153846154,17.6923076923077,0,0,0,0.0961538461538462,0,13.3333333333333,15.3846153846154,17.6923076923077,0,0,0,0,0,576.484243785841,505.610129016521,496.922663575189,0,14.4337567297406,12.6592420885458,12.4701755815502,0,0,0,0,0,23.094010767585,20.2547873416733,20.0602411002836,0,0,0,0.693375245281536,0,23.094010767585,20.2547873416733,20.0602411002836,0,0,0,0,169.467715445504,385.465610377964,995.002319332602,6663.81649494084,93.0060727121894
"177","2025-04-01","620",4,45.4076872572584,-73.9325320505335,3,4.53595604962199,5.97245275537271,7.01684986849871,7.31625476572921,6.64857034743508,6.23698247032245,6.68713252421577,7.11299246715681,201.7,201.7,188.869230769231,368.057692307692,155,155,185.769230769231,221.346153846154,0,0,3.07692307692308,6.15384615384615,40,40,36.1538461538462,24.6153846153846,0,0,0,0,40,40,34.6153846153846,21.5384615384615,0,0,0,0,0,0,31.3195195954904,411.649422682178,0,0,75.1067616198811,90.4624035470276,0,0,7.51067616198811,9.3208276485674,0,0,9.38834520248513,16.3852562206942,0,0,0,0,0,0,13.1436832834792,18.7223904314882,0,0,0,0,195.03639908304,398.829414452902,1801.90997327794,5575.55186821265,110.145155256551
"178","2025-04-06","620",4,45.406235666571,-73.9327010822523,3,12.4145654413893,10.4606909193476,10.0480845314163,7.58964873209883,9.88722593911084,9.05364535289143,8.5183247945529,7.26347814920685,201.7,201.7,185.02,367.98431372549,155,155,195,227.450980392157,0,0,4,6.66666666666667,40,40,35,21.4705882352941,0,0,0,0.588235294117647,40,40,33,18.1372549019608,0,0,0,0,0,0,34.5308805894914,376.756483353664,0,0,82.8078671210825,91.5498364226808,0,0,8.28078671210825,9.52190457139046,0,0,10.3509833901353,16.6821496710424,0,0,0,1.62697843363992,0,0,14.4913767461894,18.573119940218,0,0,0,0,198.166463152334,411.549893049729,1831.44496355925,7041.92123400182,8.50602382858032
"179","2024-11-03","623",4,45.4128067537802,-73.9323398982424,3,1.02600089688721,1.87058661714436,2.91995724920398,3.68113420640715,2.05298044304041,3.9772188705481,5.2985569692917,5.25600816732023,201.7,201.7,173.9,165.723529411765,155,155,221.666666666667,241.274509803922,0,0,6.66666666666667,8.62745098039216,40,40,31.6666666666667,29.2156862745098,0,0,0,0,40,40,28.3333333333333,24.9019607843137,0,0,0,0,0,0,41.0633213907054,41.7163497359742,0,0,98.4731927834662,100.039207999938,0,0,9.84731927834662,10.0039207999938,0,0,12.3091490979333,12.5049009999923,0,0,0,0,0,0,17.2328087371066,17.5068613999892,0,0,0,0,238.868361312603,1143.57621624868,2687.39537994436,6386.19177669242,159.185069139196
"180","2024-11-08","623",4,45.4134151888413,-73.9319654926802,3,4.07702130746944,2.72008134925187,3.07918171375333,3.98365243693044,5.76031622468694,4.52622131448184,4.70778230211158,5.33034722140793,201.7,201.7,186.0625,172.355555555556,155,155,192.5,225.37037037037,0,0,3.75,7.03703703703704,40,40,35.3125,31.2037037037037,0,0,0,0,40,40,33.4375,27.6851851851852,0,0,0,0,0,0,33.619614810405,40.2014815584806,0,0,80.6225774829855,96.4064305958768,0,0,8.06225774829855,9.64064305958767,0,0,10.0778221853732,12.0508038244846,0,0,0,0,0,0,14.1089510595225,16.8711253542784,0,0,0,0,336.888722865893,1255.52893255808,2730.97783557767,6221.00636954193,141.630328419871
"181","2024-11-10","623",4,45.411811262551,-73.9345145433806,3,2.7699742920265,3.51480219072209,3.1425716014804,2.60991308624676,5.11237520051483,5.81978794408062,5.25891125974818,4.64832781352728,118.3,118.3,118.3,126.476470588235,355,355,355,335.392156862745,20,20,20,18.0392156862745,15,15,15,17.4509803921569,0,0,0,0,5,5,5,8.43137254901961,0,0,0,0,0,0,0,25.0472400733917,0,0,0,60.0653239170064,0,0,0,6.00653239170064,0,0,0,7.5081654896258,0,0,0,0,0,0,0,10.5114316854761,0,0,0,0,0,228.683217452996,2037.39272730944,5156.15623178903,350.556371546147
"182","2024-11-17","623",4,45.4065898793232,-73.9272010306672,3,7.66011712893796,9.72316840760153,8.3254288786256,8.63415399550138,6.52552950506779,7.79802809151148,7.43470090624051,7.58557933664422,686.5,686.5,686.5,847.660784313725,175,175,175,176.56862745098,0,0,0,0,0,0,0,0,5,5,5,3.43137254901961,0,0,0,0,0,0,0,0,0,0,0,240.731814331576,0,0,0,2.34311674451602,0,0,0,0,0,0,0,0,0,0,0,2.34311674451602,0,0,0,0,0,0,0,0,0,205.556207596928,1609.27923680371,8333.47217320505,36.8561102822612
"183","2024-11-24","623",4,45.4076201459825,-73.9199565859642,3,3.16866518682322,4.70816018265788,5.68862497144334,4.38420530885938,5.36791640682136,5.80051900831478,6.96962173417967,6.2402202875973,686.5,686.5,686.5,686.5,175,175,175,175,0,0,0,0,0,0,0,0,5,5,5,5,0,0,0,0,0,0,0,0,0,0,0,0,0,0,0,0,0,0,0,0,0,0,0,0,0,0,0,0,0,0,0,0,0,0,0,0,42.2590799661203,321.390162825358,869.786202018566,3572.19058234261,141.99017169105
"184","2024-12-06","623",4,45.4074082307336,-73.9270323800883,3,9.94455827262226,9.62496479452476,7.82823986576515,7.80379780684065,6.72129646156337,7.14056277922949,6.96807919587128,7.12883582785645,686.5,686.5,782.81875,888.310714285714,175,175,175.9375,176.964285714286,0,0,0,0,0,0,0,0,5,5,4.0625,3.03571428571429,0,0,0,0,0,0,0,0,0,0,207.079090265048,253.154123862464,0,0,2.01556443707464,2.46402690152291,0,0,0,0,0,0,0,0,0,0,2.01556443707464,2.4640269015229,0,0,0,0,0,0,0,0,16.7932593548532,267.568870553612,2368.61718182442,6990.14441264683,74.710530772594
"185","2024-12-13","623",4,45.4097907291497,-73.927421391532,3,9.25065353187044,8.09511824586487,7.51869034262263,7.66006772894182,7.60935681006877,7.36952063820507,7.20331455873131,7.15938862692975,1200.2,1200.2,1200.2,1161.0431372549,180,180,180,179.019607843137,0,0,0,0,0,0,0,1.56862745098039,0,0,0,0,0,0,0,1.56862745098039,0,0,0,0,0,0,0,195.745152946275,0,0,0,4.90098029409804,0,0,0,0,0,0,0,7.84156847055685,0,0,0,0,0,0,0,7.84156847055685,0,0,0,0,198.602890269116,707.315366697501,2079.07543194407,6311.48692110519,46.8949397613591
"186","2024-12-18","623",4,45.4047387036171,-73.9237306779821,3,4.00382251136776,6.20440781313785,8.14547694189713,7.13740058872842,7.34335058138538,8.99448154937939,9.55796396371358,8.62671375258524,686.5,686.5,686.5,686.5,175,175,175,175,0,0,0,0,0,0,0,0,5,5,5,5,0,0,0,0,0,0,0,0,0,0,0,0,0,0,0,0,0,0,0,0,0,0,0,0,0,0,0,0,0,0,0,0,0,0,0,0,0,0,1144.55939807305,4755.45093242638,146.278734920672
"187","2024-12-29","623",4,45.4077331823952,-73.922413493329,3,9.51696830702945,7.93053570322976,6.14342360262289,6.08775480791181,6.30968765841871,7.1508513753996,6.21902832703868,6.68138985638105,686.5,686.5,686.5,686.5,175,175,175,175,0,0,0,0,0,0,0,0,5,5,5,5,0,0,0,0,0,0,0,0,0,0,0,0,0,0,0,0,0,0,0,0,0,0,0,0,0,0,0,0,0,0,0,0,0,0,0,0,0,228.679291626426,1690.51292103046,4793.11114454328,51.2298490763507
"188","2025-01-05","623",4,45.406431685074,-73.9259078583225,3,2.64017749401232,6.37065006682761,8.39798218041432,8.38893027048173,4.49314429675953,6.54656973251424,7.51451717502471,7.78257947914825,686.5,686.5,686.5,686.5,175,175,175,175,0,0,0,0,0,0,0,0,5,5,5,5,0,0,0,0,0,0,0,0,0,0,0,0,0,0,0,0,0,0,0,0,0,0,0,0,0,0,0,0,0,0,0,0,0,0,0,0,605.754652559787,1101.81243525017,1941.57187274518,8235.05481896439,19.7549502694846
"189","2025-01-12","623",4,45.4069945901934,-73.9260179790882,3,7.30168262301332,5.96578144711538,7.27685380508001,7.61708273847941,6.52397252410254,5.72641847806106,6.87080488054519,7.20225303327147,686.5,686.5,686.5,736.862745098039,175,175,175,175.490196078431,0,0,0,0,0,0,0,0,5,5,5,4.50980392156863,0,0,0,0,0,0,0,0,0,0,0,154.277784480831,0,0,0,1.50163309792516,0,0,0,0,0,0,0,0,0,0,0,1.50163309792516,0,0,0,0,0,0,0,0,197.175229971711,471.542275753361,1976.13485288809,8931.38525027266,62.6121566272142
"190","2025-01-19","623",4,45.4090885695407,-73.9273882049185,3,4.98967375254656,6.72129712168541,7.27824915213688,7.86760307910506,4.62601935020813,6.03685803665941,6.86083287607866,7.19713634219359,1200.2,1200.2,1200.2,1111.29038461538,180,180,180,179.134615384615,0,0,0,0,0,0,0,0,0,0,0,0.865384615384615,0,0,0,0,0,0,0,0,0,0,0,196.235821777954,0,0,0,1.91002357190922,0,0,0,0,0,0,0,0,0,0,0,1.91002357190922,0,0,0,0,0,0,0,0,0,252.21837065731,1782.48180295127,7127.49657272762,38.7847391563195
"191","2025-05-08","623",4,45.4089381636312,-73.9281541042849,3,6.21547342560681,7.67829752357236,8.62304589360584,8.03062100338416,6.14486685594413,7.94786436263,7.36155047826759,7.46341893896757,1200.2,1200.2,1200.2,1131.60384615385,180,180,180,179.038461538462,0,0,0,0,0,0,0,0.769230769230769,0,0,0,0.480769230769231,0,0,0,0.769230769230769,0,0,0,0,0,0,0,201.550763285569,0,0,0,3.70987837896702,0,0,0,0,0,0,0,5.5470019622523,0,0,0,1.48839148096303,0,0,0,5.5470019622523,0,0,0,0,58.8570612560106,349.492034632014,928.60897424444,7263.35588031132,23.2281645426514
"192","2025-05-14","623",4,45.4060122171988,-73.9234298323342,3,5.66073345858651,7.17158811361343,5.72679652185868,7.12892419244718,6.84837114252149,7.95960658250809,6.86071320315514,7.84266753627817,686.5,686.5,686.5,686.5,175,175,175,175,0,0,0,0,0,0,0,0,5,5,5,5,0,0,0,0,0,0,0,0,0,0,0,0,0,0,0,0,0,0,0,0,0,0,0,0,0,0,0,0,0,0,0,0,0,0,0,0,0,335.073788885938,1981.73297816939,7125.729315539,162.620499471128
"193","2024-12-22","625b",1,45.4301614557566,-73.9369599966226,3,0.0487016281625161,0.070302970542352,1.66435268691206,2.31195316792436,0.0257202724889333,0.299418950250612,4.12880866356679,4.22998620922311,118.3,118.3,118.3,118.3,355,355,355,355,20,20,20,20,15,15,15,15,0,0,0,0,5,5,5,5,0,0,0,0,0,0,0,0,0,0,0,0,0,0,0,0,0,0,0,0,0,0,0,0,0,0,0,0,0,0,0,0,0,0,0,0,109.213739147139
"194","2025-01-02","625b",1,45.429092391921,-73.9413485381378,3,3.01186476684197,7.98299676706299,11.1711004153232,10.096925739438,4.13112463473585,8.0583279169706,9.14096378724726,9.22562602282839,118.3,118.3,118.3,118.3,355,355,355,355,20,20,20,20,15,15,15,15,0,0,0,0,5,5,5,5,0,0,0,0,0,0,0,0,0,0,0,0,0,0,0,0,0,0,0,0,0,0,0,0,0,0,0,0,0,0,0,0,0,0,0,0,9.63785506604633
"195","2025-01-07","625b",1,45.4298000219973,-73.9384306362498,3,0.798380859514845,3.02638003094576,3.34990666787524,3.89408499647655,1.5571404897966,4.0611012145643,4.54279421791782,5.39789338804584,118.3,118.3,118.3,118.3,355,355,355,355,20,20,20,20,15,15,15,15,0,0,0,0,5,5,5,5,0,0,0,0,0,0,0,0,0,0,0,0,0,0,0,0,0,0,0,0,0,0,0,0,0,0,0,0,0,0,0,0,0,0,0,0,24.8967649802746
"196","2025-02-22","625b",1,45.4225490401505,-73.9356284373783,3,3.99838160158113,4.24987648127721,4.34188053435269,6.29592961059745,5.6274072956343,5.7105643724249,5.57038315955624,6.93127209575904,118.3,118.3,118.3,118.3,355,355,355,355,20,20,20,20,15,15,15,15,0,0,0,0,5,5,5,5,0,0,0,0,0,0,0,0,0,0,0,0,0,0,0,0,0,0,0,0,0,0,0,0,0,0,0,0,0,0,0,0,165.583428877267,734.37439080189,2959.00130264223,6623.24645199301,158.841598975773
"197","2025-03-13","625b",1,45.4215132694037,-73.9369468834067,3,15.8603560317558,13.0544638415218,10.7942029118778,6.53976472077868,5.79009002854546,8.47139666096886,8.25504268297359,7.84462215355198,118.3,118.3,118.3,118.3,355,355,355,355,20,20,20,20,15,15,15,15,0,0,0,0,5,5,5,5,0,0,0,0,0,0,0,0,0,0,0,0,0,0,0,0,0,0,0,0,0,0,0,0,0,0,0,0,0,0,0,0,0,414.044707475405,960.921530873417,9518.12201075701,283.459881839577
"198","2025-03-18","625b",1,45.4238294969695,-73.9347919846577,3,12.9396999948393,10.5762361089844,6.5498970601153,4.79136960250859,4.9583801662339,5.47307751801949,6.96800183172291,6.28716854991619,118.3,118.3,118.3,118.3,355,355,355,355,20,20,20,20,15,15,15,15,0,0,0,0,5,5,5,5,0,0,0,0,0,0,0,0,0,0,0,0,0,0,0,0,0,0,0,0,0,0,0,0,0,0,0,0,0,0,0,0,0,0,579.972925848648,3859.72700085303,175.631384821276
"199","2025-03-25","625b",1,45.4306263145936,-73.9385888867832,3,1.74201011851354,2.12809211825143,2.93079135811259,4.08674271037267,2.42508473234403,2.76177586047454,4.72381184608602,6.37508643056183,118.3,118.3,118.3,118.3,355,355,355,355,20,20,20,20,15,15,15,15,0,0,0,0,5,5,5,5,0,0,0,0,0,0,0,0,0,0,0,0,0,0,0,0,0,0,0,0,0,0,0,0,0,0,0,0,0,0,0,0,0,0,0,0,64.5728046670611
"200","2025-04-05","625b",1,45.4312230213179,-73.9407171147593,3,21.1230611563093,19.1883891139039,16.265957491193,12.2166574997622,5.45650638449384,5.4516528936499,9.46380247846914,10.0999921670818,118.3,118.3,118.3,118.3,355,355,355,355,20,20,20,20,15,15,15,15,0,0,0,0,5,5,5,5,0,0,0,0,0,0,0,0,0,0,0,0,0,0,0,0,0,0,0,0,0,0,0,0,0,0,0,0,0,0,0,0,0,0,0,0,196.396663004554
"201","2025-04-08","625b",1,45.4311078162871,-73.9399182960382,3,5.48625622397156,6.62719215848478,10.3426908402864,10.0291366527977,6.41902824952523,6.60224811589499,9.060205541622,9.83551864095595,118.3,118.3,118.3,118.3,355,355,355,355,20,20,20,20,15,15,15,15,0,0,0,0,5,5,5,5,0,0,0,0,0,0,0,0,0,0,0,0,0,0,0,0,0,0,0,0,0,0,0,0,0,0,0,0,0,0,0,0,0,0,0,0,168.36773203131
"202","2025-04-13","625b",1,45.4284901611814,-73.9393560593384,3,5.00712025104797,6.79366460351547,7.65438133519444,8.50077756667952,3.96352677855111,6.675965148675,6.97835422763958,7.70292570894907,118.3,118.3,118.3,118.3,355,355,355,355,20,20,20,20,15,15,15,15,0,0,0,0,5,5,5,5,0,0,0,0,0,0,0,0,0,0,0,0,0,0,0,0,0,0,0,0,0,0,0,0,0,0,0,0,0,0,0,0,0,0,0,0,163.407968088314
"203","2025-04-17","625b",1,45.4320692096854,-73.9350988196971,3,0.0564603457344471,0.0584999608629534,0.298589546236015,0.62245128319701,0.0249107510658848,0.0285511568907458,1.56274614320602,2.41617697544467,118.3,118.3,118.3,118.3,355,355,355,355,20,20,20,20,15,15,15,15,0,0,0,0,5,5,5,5,0,0,0,0,0,0,0,0,0,0,0,0,0,0,0,0,0,0,0,0,0,0,0,0,0,0,0,0,0,0,0,0,0,0,0,0,337.676020654971
"204","2024-11-04","626",5,45.4609096655955,-73.6506285210961,3,5.46473667174003,5.26352045516396,5.77538632847666,6.25150964873034,4.48952305369137,5.01155641923679,5.04766568616901,5.64961196753684,7087.2,7087.2,7087.2,6799.57843137255,60,60,60,61.9607843137255,80,80,80,65.2941176470588,0,0,0,0,40,40,40,55.4901960784314,90,90,90,78.1372549019608,0,0,0,0.392156862745098,0,0,0,674.894021995668,0,0,0,12.6126298357063,0,0,0,27.557426670607,0,0,0,0,0,0,0,28.0224000035826,0,0,0,24.778232065943,0,0,0,2.80056016805602,0,977.189457982712,2951.88988663483,18396.8646251612,54.4727537230623
"205","2024-11-15","626",5,45.4568108407974,-73.6356320728903,3,2.08872295388287,2.33715700695345,3.68941924717544,3.8274805535817,3.27599894665901,3.87663916355511,6.15098997607353,5.6702243099636,2753.6,1723.45,1723.45,1662.85294117647,5,2.5,2.5,2.35294117647059,0,0,0,0,0,0,0,0,90,55,55,52.9411764705882,105,232.5,232.5,240,0,0,0,0,0,1189.51475961139,1069.03717698181,1038.59894056425,0,2.88675134594813,2.59437260831385,2.52050415125042,0,0,0,0,0,0,0,0,0,40.4145188432738,36.321216516394,35.2870581175059,0,147.224318643355,132.313003024007,128.545711713771,0,0,0,0,218.578314389953,905.910017486951,1954.77502830069,5052.58397744935,284.642589678519
"206","2024-11-18","626",5,45.4587213084471,-73.6388891745982,3,7.84983564832092,8.63349362243498,5.68369068067663,5.074334399865,5.34507415905414,6.11998853098505,6.05096005811809,6.28202979089345,2289.3,2289.3,2327.99166666667,3269.37115384615,30,30,27.9166666666667,25.0961538461539,95,95,87.0833333333333,66.0576923076923,0,0,0,0,15,15,21.25,34.3269230769231,35,35,40.8333333333333,72.1153846153846,0,0,0,0,0,0,134.031864992372,1956.77187728663,0,0,7.21687836487032,13.9498536296835,0,0,27.4241377865072,42.6147417471698,0,0,0,0,0,0,21.650635094611,36.1780570229352,0,0,20.2072594216369,43.9846915642935,0,0,0,0,0,0,1187.14715847114,7831.61054956279,227.121136850005
"207","2024-11-29","626",5,45.45774825883,-73.6325645383274,3,5.77142294656364,4.6421205197188,4.35489705334204,3.06697333321703,4.34774529791332,4.54448739444253,5.29283499991476,4.73985663648673,693.3,693.3,1036.68333333333,1582.15882352941,0,0,0.833333333333333,1.56862745098039,0,0,0,0,0,0,0,0,20,20,31.6666666666667,42.9411764705882,360,360,317.5,274.705882352941,0,0,0,0,0,0,801.970687327993,1900.34994684416,0,0,1.94624736040381,2.34311674451602,0,0,0,0,0,0,0,0,0,0,27.2474630456533,32.8812480083745,0,0,99.2586153805942,121.841748857713,0,0,0,0,0,0,1438.26619053343,8845.90326447999,267.943370370525
"208","2024-12-06","626",5,45.4589622209956,-73.6370732649266,3,8.99169847030017,5.82065693438394,4.6693682815942,6.08740684381771,7.69452940280985,7.19828933119677,6.20166544959053,6.57209872083084,2753.6,2598.83333333333,3456.87692307692,3748.67058823529,5,13.3333333333333,15,18.5294117647059,0,31.6666666666667,27.6923076923077,36.9607843137255,0,0,0,0,90,65,64.6153846153846,55.8823529411765,105,81.6666666666667,100.384615384615,99.9019607843137,0,0,0,0,0,268.063729984743,1930.36922424781,2147.49736486862,0,14.4337567297406,16.2018517460196,17.0380197689479,0,54.8482755730144,43.3308677799569,44.7334151543625,0,0,0,0,0,43.3012701892219,39.8675692377034,41.4693366519521,0,40.4145188432738,32.5615787433044,36.1315678607839,0,0,0,0,165.545892931968,905.184057466575,3086.85847356333,9433.97470288643,255.0375717748
"209","2024-12-13","626",5,45.4604423740087,-73.6342583704648,3,11.2673785307378,9.09580159248213,7.57751785559209,7.36246730905165,4.97960292016805,5.92808294679589,5.5991334581894,5.99616326066031,13060.3,10483.625,7227.06923076923,6172.37647058823,0,1.25,8.46153846153846,18.3333333333333,0,0,13.0769230769231,23.0392156862745,0,0,0,0,70,75,65.3846153846154,52.9411764705882,90,93.75,110,114.509803921569,0,0,0,0,0,5153.35,4388.85916542948,3466.28181575522,0,2.5,16.3789264229751,23.1012265186649,0,0,31.9203736884495,34.0452409504258,0,0,0,0,0,10,30.4454114264051,38.6933646842483,0,7.5,19.2570333471522,16.8894908733444,0,0,0,0,0,1278.6730480376,4507.23495668801,15615.3115477222,59.4302824373342
"210","2024-12-18","626",5,45.4501722524767,-73.6403703392184,3,8.19514561434661,5.83947308023764,6.90155584661838,7.14681819831247,5.51432192961864,4.62021020574433,5.18781971489172,5.8805338322942,2488.5,2488.5,2488.5,2509.58823529412,110,110,110,107.549019607843,5,5,5,7.94117647058824,0,0,0,0,60,60,60,56.5686274509804,40,40,40,40.4901960784314,55,55,55,49.6078431372549,0,0,0,64.6002558727403,0,0,0,7.50816548962581,0,0,0,9.00979858755096,0,0,0,0,0,0,0,10.5114316854761,0,0,0,1.50163309792516,0,0,0,16.5179640771768,0,1238.44737207194,4294.69545480718,17449.7791800358,100.665278124768
"211","2024-12-20","626",5,45.4582753701942,-73.635004565168,3,6.72890705553486,4.84161912052631,5.63621140569799,5.12548316020215,5.46591128515416,5.38342154560831,6.25958665670669,6.33225773770602,2753.6,2753.6,2753.6,2349.61960784314,5,5,5,4.01960784313725,0,0,0,0,0,0,0,0,90,90,90,76.2745098039216,105,105,105,155,0,0,0,0,0,0,0,826.137432639293,0,0,0,2.00489596815826,0,0,0,0,0,0,0,0,0,0,0,28.0685435542157,0,0,0,102.249694376071,0,0,0,0,0,0,1179.87728844574,7190.25453002155,205.176542431408
"212","2024-12-26","626",5,45.4607996558537,-73.6420168418821,3,6.50129239950502,7.45617825861468,6.7496388006717,5.94067055224296,4.83347306159311,6.22305084439972,5.85816924532166,5.96060174605023,2289.3,3629.65,3629.65,4342.068,30,47.5,47.5,42.8,95,110,110,97.7,0,0,0,0,15,22.5,22.5,34,35,32.5,32.5,45,0,0,0,12,0,1547.70286661663,1399.94991696132,2384.89312270177,0,20.2072594216369,18.2781538753483,19.4611072109875,0,17.3205080756888,15.6669890360128,31.2039047792001,0,0,0,0,0,8.66025403784439,7.8334945180064,34.7879876053883,0,2.88675134594813,2.61116483933547,30.152672741722,0,0,0,47.979587496419,388.94856182677,794.449384024246,3543.10771077462,14887.5750214301,70.1517283732153
"213","2024-12-31","626",5,45.4595271897834,-73.6374971441554,3,10.9145004092285,7.27033133819929,6.63378516952853,5.86804791409573,6.42361751532942,6.98633362391815,6.39246078397591,5.88345099126492,7789.2,7789.2,5574.95833333333,4634.95283018868,45,45,34.5833333333333,26.9811320754717,85,85,73.3333333333333,56.9811320754717,0,0,0,0,0,0,18.75,35.9433962264151,145,145,110.833333333333,103.679245283019,0,0,0,0,0,0,2740.7172393897,2585.87953320185,0,0,15.2938391240236,17.6051681289218,0,0,34.5314963826395,43.1827469848237,0,0,0,0,0,0,33.9200262649984,41.2200544425142,0,0,48.1396327616263,43.2362799869711,0,0,0,0,201.298630479411,1889.05271004411,4420.44095061833,11573.4379014971,216.197137600379
"214","2025-01-04","626",5,45.4611531810679,-73.6374973603494,3,9.10618038565311,6.63470815940552,6.91175617181509,7.02322561297855,6.96297451441478,5.74657475891282,5.61123109975996,6.03217846648339,7789.2,7789.2,7329.25,6742.18269230769,45,45,47.5,47.5961538461539,85,85,77.5,76.3461538461538,0,0,0,0,0,0,0,6.05769230769231,145,145,138.75,125.288461538462,0,0,0,0,0,0,832.080857631254,1445.23013483519,0,0,4.52267016866645,11.0031361222556,0,0,13.5680105059994,24.4771879515414,0,0,0,0,0,0,0,18.8475966757698,0,0,11.3066754216661,33.5397548943197,0,0,0,0,0,645.468223643906,2851.94281570511,18998.8438554975,129.00069524432
"215","2025-01-07","626",5,45.460454911157,-73.6411944092795,3,7.59607863608526,7.38944368253077,6.61188114352434,6.39676662891103,5.16385529032498,6.04171718928942,6.43414372421684,6.16767032470004,4970,3182.86666666667,3320.33846153846,3935.03921568627,65,41.6666666666667,43.4615384615385,44.8039215686274,125,105,106.538461538462,105,0,0,0,0,30,20,20.7692307692308,18.8235294117647,30,33.3333333333333,33.0769230769231,46.078431372549,0,0,0,0,0,1547.70286661663,1357.42521067059,1896.83400170689,0,20.2072594216369,17.7229389239642,16.4000239119864,0,17.3205080756888,15.191090506255,15.8745078663875,0,0,0,0,0,8.66025403784439,7.5955452531275,9.8786757864664,0,2.88675134594813,2.53184841770917,36.5556250868481,0,0,0,0,382.962228033688,791.622351795285,4399.14430187994,13379.3421399697,9.12221807380249
"216","2025-01-14","626",5,45.4623425452482,-73.6413246882305,3,8.14724289543032,7.70580241754372,7.0583088062798,6.41175677392627,5.73625085515827,6.00197821587142,5.98443209640172,6.02374204001803,4970,4970,5460.26923076923,6526.15660377359,65,65,60,48.2075471698113,125,125,115.384615384615,92.2641509433962,0,0,0,0,30,30,37.3076923076923,54.7169811320755,30,30,31.5384615384615,50.6603773584906,0,0,15.3846153846154,39.7169811320755,0,0,1767.69085032075,2717.43512303206,0,0,18.0277563773199,27.1763178086575,0,0,34.6687622640768,53.7852392330962,0,0,0,0,0,0,26.3482593206984,48.6294376493887,0,0,5.54700196225229,54.2522397255586,0,0,55.4700196225229,78.455126164454,225.873918465336,737.151679253279,3730.39204020437,17183.9272348814,10.6470922116117
"217","2025-01-11","626",5,45.460177456541,-73.637586536426,3,3.40896779376233,6.2175820263534,6.72453212668373,6.6664400068948,3.85208677232276,6.08564594416985,6.10932740906643,5.78233354186088,7789.2,7789.2,7789.2,5686.95882352941,45,45,45,35.2941176470588,85,85,85,67.7450980392157,0,0,0,0,0,0,0,20.2941176470588,145,145,145,115.78431372549,0,0,0,0,0,0,0,2505.8408316712,0,0,0,16.5049012328424,0,0,0,35.0900801579335,0,0,0,0,0,0,0,35.2194799039662,0,0,0,40.955738902132,0,0,0,0,118.118436058211,886.015490982618,5108.29262460059,15080.6710654594,169.463816307704
"218","2025-01-13","626",5,45.4589483734418,-73.6387296460308,3,10.5505691458567,9.44826405484478,6.41656242809956,5.1483160293433,3.52623558203874,4.36707966729436,5.90710244480472,6.14620795111226,2289.3,2289.3,2325.01538461538,3568.81538461539,30,30,28.0769230769231,26.9230769230769,95,95,87.6923076923077,69.1346153846154,0,0,0,0,15,15,20.7692307692308,30.5769230769231,35,35,40.3846153846154,75.7692307692308,0,0,0,0,0,0,128.773650553687,2215.84343375066,0,0,6.93375245281536,14.0779986236989,0,0,26.3482593206984,40.4959590558017,0,0,0,0,0,0,20.8012573584461,35.1419229856765,0,0,19.414506867883,46.519915779186,0,0,0,0,0,0,2024.9600794711,8795.79170023108,209.651935559523
"219","2025-01-18","626",5,45.4597659448803,-73.6371902401891,3,3.61320210721934,5.94681251851917,6.65855338942708,6.08784870056702,5.31844000917113,7.0277798090082,6.49503132428971,5.79306513995498,7789.2,6530.3,5842.8125,4942.93928571429,45,35,33.125,28.3928571428571,85,63.75,65,55.3571428571429,0,0,0,0,0,22.5,24.375,34.8214285714286,145,135,121.25,110.178571428571,0,0,0,0,0,2517.8,2598.8725845066,2568.11523521388,0,20,17.5,18.5890276252403,0,42.5,38.9015852290538,42.2315817073727,0,0,0,0,0,45,39.4493345951487,41.854339252767,0,20,37.9253653025694,39.6228158069001,0,0,0,0,522.388159204545,1670.1410368479,5523.0015648237,13659.8284380176,180.62697646547
"220","2025-01-25","626",5,45.4600360802389,-73.6374565979573,3,4.27977753643606,5.95480245692413,6.44701516669879,6.55427102247832,5.02373573405141,6.27740684392265,6.21898997991227,5.80593548714047,7789.2,7789.2,6911.24166666667,5417.71764705882,45,45,40.4166666666667,33.235294117647,85,85,78.75,65.1960784313726,0,0,0,0,0,0,8.75,24.1176470588235,145,145,132.5,112.549019607843,0,0,0,0,0,0,2052.85693052316,2569.47638430135,0,0,11.9579439805689,17.1412814401889,0,0,24.9658858153572,37.5228035241735,0,0,0,0,0,0,25.9479373851845,37.3591472380318,0,0,32.78719262151,42.0401302212494,0,0,0,0,295.864638990862,797.143355705256,5670.87380039846,14271.4307851563,171.739252691749
"221","2025-01-27","626",5,45.4600412977061,-73.6399645625906,3,7.83192295149828,7.25081555190455,5.84870899042109,6.64238832031333,4.59902511741246,5.39948848981585,5.51934290146909,6.1693580847857,7789.2,3664.275,3887.66666666667,4324.70392156863,45,33.75,36.6666666666667,40.9803921568627,85,92.5,95,98.1372549019608,0,0,0,0,0,11.25,12.5,13.8235294117647,145,62.5,62.0833333333333,64.2156862745098,0,0,0,0,0,2749.95,2473.04634567951,2383.52595840371,0,7.5,11.1464085804543,13.6021912882865,0,5,10.4446593573419,14.0698537417318,0,0,0,0,0,7.5,8.66025403784439,10.3241578491477,0,55,50.0208289948631,50.2232271864285,0,0,0,0,154.617214913023,1309.51256010992,4345.42676573359,11468.5559885932,63.2502415891379
"222","2025-02-05","626",5,45.4618933978737,-73.639341128264,3,11.1939044619452,9.99793410521287,8.24012455957279,7.16546968265625,8.16907935772814,7.84230704821259,6.73234478933727,6.16866585272993,4970,5674.8,5695.92307692308,5898.52692307692,65,60,59.6153846153846,57.8846153846154,125,115,110.384615384615,102.115384615385,0,0,0,0,30,22.5,20.7692307692308,16.7307692307692,30,58.75,63.4615384615385,76.5384615384615,0,0,0,0,0,1409.6,1223.1228543867,1213.25217916199,0,10,8.77058019307029,8.70801714480791,0,20,24.0192230707631,27.7479226186951,0,0,0,0,0,15,14.4115338424578,15.0451808252127,0,57.5,52.6143443441922,53.3995158744529,0,0,0,0,442.755772812672,1658.20491631937,5022.44214620229,16074.7713183756,62.8316797078987
"223","2025-02-08","626",5,45.4602597382677,-73.637553296768,3,4.23316800708966,6.35479460235825,6.62568802236716,6.72773243365244,4.41928102954647,6.13685694626031,6.02040440238105,5.76563157118759,7789.2,7789.2,7789.2,5686.95882352941,45,45,45,35.2941176470588,85,85,85,67.7450980392157,0,0,0,0,0,0,0,20.2941176470588,145,145,145,115.78431372549,0,0,0,0,0,0,0,2505.8408316712,0,0,0,16.5049012328424,0,0,0,35.0900801579335,0,0,0,0,0,0,0,35.2194799039662,0,0,0,40.955738902132,0,0,0,0,0,1044.62244006965,4820.42257601435,15435.7838513923,162.01383842083
"224","2025-02-10","626",5,45.4606737175973,-73.6392414586596,3,5.20278929329117,5.92534889868019,6.75006550378618,7.06708871569941,5.2031246819519,5.39944646019076,5.45481330237096,6.0854072298934,7789.2,7789.2,6792.23571428571,5584.44807692308,45,45,48.2142857142857,47.0192307692308,85,85,94.2857142857143,97.1153846153846,0,0,0,0,0,0,7.5,11.8269230769231,145,145,112.5,85.5769230769231,0,0,0,0,0,0,1758.00229526723,2251.39370765288,0,0,9.92416298682216,12.9197984331624,0,0,16.8542556663275,18.7173546879851,0,0,0,0,0,0,12.8227562139767,12.7197872004739,0,0,53.3403440904941,56.0256755404045,0,0,0,0,355.454548001333,803.524855276474,5587.16889636965,15001.1978347296,59.7329785959522
"225","2025-02-12","626",5,45.4577933609759,-73.6406268395992,3,2.51532972191254,5.93290738662627,9.74168802230015,6.4546266860119,4.87599931440792,8.09795151411093,9.95198318423432,7.59723363303727,2289.3,2289.3,2289.3,3360.26481481481,30,30,30,25.8333333333333,95,95,95,77.037037037037,0,0,0,0,15,15,15,26.2037037037037,35,35,35,48.1481481481481,0,0,0,13.7037037037037,0,0,0,4835.0636628131,0,0,0,11.564013796876,0,0,0,37.1701660459756,0,0,0,0,0,0,0,26.8808549600315,0,0,0,26.7641039576684,0,0,0,70.5315745244049,0,0,237.752531961923,8958.61355530738,296.559139631361
"226","2025-02-15","626",5,45.4594904013233,-73.6397227162525,3,5.40949299659416,4.09984635781063,6.00958344987075,6.06652001028354,4.18411990961639,4.35082547880421,5.53722989728798,6.26195987919324,2289.3,2289.3,3135.43846153846,3782.57307692308,30,30,32.3076923076923,35.1923076923077,95,95,93.4615384615385,91.3461538461538,0,0,0,0,15,15,12.6923076923077,15.5769230769231,35,35,51.9230769230769,62.6923076923077,0,0,0,0,0,0,2065.39839116592,2327.20317701401,0,0,5.63300712149108,12.0847310264606,0,0,3.75533808099405,20.842908810004,0,0,0,0,0,0,5.63300712149108,17.0539468766734,0,0,41.3087188909346,47.5318421492324,0,0,0,0,0,0,2063.04000462922,10112.6944352952,126.275879919158
"227","2025-05-08","627",4,45.4315123512358,-73.9409216202781,3,22.3207451778486,22.3292302453754,19.9848425876407,13.6379451023379,3.68864837553387,5.14871422890964,8.02771902465165,10.0301067492386,118.3,118.3,118.3,118.3,355,355,355,355,20,20,20,20,15,15,15,15,0,0,0,0,5,5,5,5,0,0,0,0,0,0,0,0,0,0,0,0,0,0,0,0,0,0,0,0,0,0,0,0,0,0,0,0,0,0,0,0,0,0,0,0,192.623116657684
"228","2025-05-14","627",4,45.4315365002688,-73.9411438102079,3,23.8724319364634,24.0979513003862,21.3393548365092,14.1942295006937,4.040915758708,4.59217804760627,6.64132484925162,9.93069567667455,118.3,118.3,118.3,118.3,355,355,355,355,20,20,20,20,15,15,15,15,0,0,0,0,5,5,5,5,0,0,0,0,0,0,0,0,0,0,0,0,0,0,0,0,0,0,0,0,0,0,0,0,0,0,0,0,0,0,0,0,0,0,0,0,178.405999951683
"229","2025-05-21","627",4,45.4280023371724,-73.9362010459624,3,10.0555246841165,9.35130960909708,7.48096184916901,5.12910583171288,6.07606284671055,8.11314027905109,7.19862967581876,6.68758259107436,118.3,118.3,118.3,118.3,355,355,355,355,20,20,20,20,15,15,15,15,0,0,0,0,5,5,5,5,0,0,0,0,0,0,0,0,0,0,0,0,0,0,0,0,0,0,0,0,0,0,0,0,0,0,0,0,0,0,0,0,0,0,0,0,281.149324509123
"230","2025-05-27","627",4,45.4311315577918,-73.9392467927921,3,2.89409270369192,5.96176986956673,6.31212914776973,7.27939485362394,4.84478561902601,7.98251001253857,7.66191123190234,9.0702183093975,118.3,118.3,118.3,118.3,355,355,355,355,20,20,20,20,15,15,15,15,0,0,0,0,5,5,5,5,0,0,0,0,0,0,0,0,0,0,0,0,0,0,0,0,0,0,0,0,0,0,0,0,0,0,0,0,0,0,0,0,0,0,0,0,137.232326013027
"231","2024-11-08","627",4,45.4068617606743,-73.9275663985659,3,9.17012206012969,7.88679139548484,8.45829182266854,8.51008393877452,7.98488426731268,7.1360812880041,7.24845194217596,7.55615462949555,686.5,686.5,765.530769230769,887.950980392157,175,175,175.769230769231,176.960784313725,0,0,0,0,0,0,0,0,5,5,4.23076923076923,3.03921568627451,0,0,0,0,0,0,0,0,0,0,192.911717220665,253.300076093592,0,0,1.87766904049703,2.46544749945097,0,0,0,0,0,0,0,0,0,0,1.87766904049703,2.46544749945097,0,0,0,0,0,0,0,0,0,197.337085303907,1526.392950506,8687.32130106458,17.8181209082791
"232","2024-11-10","627",4,45.4071374528359,-73.930650191012,3,10.3931308038256,8.58507110036172,7.86069488233931,8.28271007955299,7.94628660750668,7.63095343330285,7.09014657223384,7.32671976340817,1200.2,1200.2,969.776923076923,818.137254901961,180,180,174.230769230769,170.588235294118,0,0,0,0,0,0,9.23076923076923,14.9019607843137,0,0,0,0.0980392156862745,0,0,9.23076923076923,14.9019607843137,0,0,0,0,0,0,437.871216139034,485.022915731117,0,0,10.9632252413379,12.151010609144,0,0,0,0,0,0,17.5411603861406,19.5317740125784,0,0,0,0.700140042014005,0,0,17.5411603861406,19.5317740125784,0,0,0,0,0,237.193423037395,1465.9062988496,6306.36683005401,67.3252553561747
"233","2024-11-29","627",4,45.4297573964933,-73.9381894680321,3,1.68020363009389,4.34959365959367,3.42260568021659,3.34043312843862,3.30636963906945,5.25254813951962,4.75874821562941,4.87097296447349,118.3,118.3,118.3,118.3,355,355,355,355,20,20,20,20,15,15,15,15,0,0,0,0,5,5,5,5,0,0,0,0,0,0,0,0,0,0,0,0,0,0,0,0,0,0,0,0,0,0,0,0,0,0,0,0,0,0,0,0,0,0,0,0,32.4150488118369
"234","2024-12-06","627",4,45.4300803673458,-73.9374470714863,3,1.31859669013831,3.72256732047669,2.07366411297373,2.49301169225131,3.21100401445684,5.73039516585762,4.40735364129294,4.31664502220199,118.3,118.3,118.3,118.3,355,355,355,355,20,20,20,20,15,15,15,15,0,0,0,0,5,5,5,5,0,0,0,0,0,0,0,0,0,0,0,0,0,0,0,0,0,0,0,0,0,0,0,0,0,0,0,0,0,0,0,0,0,0,0,0,70.6455690738427
"235","2024-12-13","627",4,45.4322324741298,-73.9398057524388,3,12.5150786043731,12.8855351217688,12.4652634247418,11.1603625407495,6.82833656442967,6.97352974163791,9.39256735574281,10.7901350004024,118.3,118.3,118.3,118.3,355,355,355,355,20,20,20,20,15,15,15,15,0,0,0,0,5,5,5,5,0,0,0,0,0,0,0,0,0,0,0,0,0,0,0,0,0,0,0,0,0,0,0,0,0,0,0,0,0,0,0,0,0,0,0,0,265.884992089288
"236","2024-12-22","627",4,45.4268643379056,-73.9360595791041,3,11.1478467104386,8.81421712883611,7.28323383493407,5.14821289930334,8.6173460509971,8.48759619804654,8.07583524130128,6.87736525535382,118.3,118.3,118.3,118.3,355,355,355,355,20,20,20,20,15,15,15,15,0,0,0,0,5,5,5,5,0,0,0,0,0,0,0,0,0,0,0,0,0,0,0,0,0,0,0,0,0,0,0,0,0,0,0,0,0,0,0,0,0,0,0,0,394.459131496166
"237","2025-01-02","627",4,45.4270954187741,-73.9383573113454,3,8.55536478109792,6.94963430034453,5.21861091161257,6.50010831295954,7.63764960590387,6.89606454891695,6.2208496614537,7.33111577533992,118.3,118.3,118.3,118.3,355,355,355,355,20,20,20,20,15,15,15,15,0,0,0,0,5,5,5,5,0,0,0,0,0,0,0,0,0,0,0,0,0,0,0,0,0,0,0,0,0,0,0,0,0,0,0,0,0,0,0,0,0,0,0,0,314.02136262208
"238","2025-01-07","627",4,45.4213923553232,-73.9384468709294,3,18.9205310433631,15.19390947067,10.8049586615784,5.472417303406,3.55044778446514,7.85051457357377,9.4683540280794,7.89286893621742,118.3,118.3,118.3,118.3,355,355,355,355,20,20,20,20,15,15,15,15,0,0,0,0,5,5,5,5,0,0,0,0,0,0,0,0,0,0,0,0,0,0,0,0,0,0,0,0,0,0,0,0,0,0,0,0,0,0,0,0,0,0,1997.11031941536,10888.2697168851,398.352724043682
"239","2025-01-14","627",4,45.4284480130336,-73.9352893948308,3,4.98082048375301,4.87733659847473,3.96024882619606,3.66426590992359,6.59550400433851,6.57500720496395,5.84209200732311,6.01782770452668,118.3,118.3,118.3,118.3,355,355,355,355,20,20,20,20,15,15,15,15,0,0,0,0,5,5,5,5,0,0,0,0,0,0,0,0,0,0,0,0,0,0,0,0,0,0,0,0,0,0,0,0,0,0,0,0,0,0,0,0,0,0,0,0,297.633157815494
"240","2025-02-08","627",4,45.4303930981473,-73.9368064232857,3,0.0641670071586807,0.0561518693432045,0.88597646793471,1.97038676821017,0.0195973306973696,0.0275991878636667,2.96966792170732,4.06604331052888,118.3,118.3,118.3,118.3,355,355,355,355,20,20,20,20,15,15,15,15,0,0,0,0,5,5,5,5,0,0,0,0,0,0,0,0,0,0,0,0,0,0,0,0,0,0,0,0,0,0,0,0,0,0,0,0,0,0,0,0,0,0,0,0,125.976749811745
"241","2025-02-11","627",4,45.4314317967821,-73.9364620715695,3,1.53234835103405,2.15541886324056,1.24072875238451,1.27752706248902,4.14146909089512,4.25531411447357,3.33015764084047,3.52003800873728,118.3,118.3,118.3,118.3,355,355,355,355,20,20,20,20,15,15,15,15,0,0,0,0,5,5,5,5,0,0,0,0,0,0,0,0,0,0,0,0,0,0,0,0,0,0,0,0,0,0,0,0,0,0,0,0,0,0,0,0,0,0,0,0,211.435920539371
"242","2025-02-22","627",4,45.4312934339689,-73.9373647768271,3,0.0639755509558318,0.0531334387670194,0.788015786440154,2.18339264150433,0.0264352335806634,0.0255911640690531,2.55679428212562,4.80422151449161,118.3,118.3,118.3,118.3,355,355,355,355,20,20,20,20,15,15,15,15,0,0,0,0,5,5,5,5,0,0,0,0,0,0,0,0,0,0,0,0,0,0,0,0,0,0,0,0,0,0,0,0,0,0,0,0,0,0,0,0,0,0,0,0,156.260073134067
"243","2025-03-06","627",4,45.4310109504353,-73.9382458851406,3,3.2786747643707,3.43236752391603,2.60463748517193,3.79126115229959,3.41945861157061,5.73099125895211,5.28114574802135,6.18849816786765,118.3,118.3,118.3,118.3,355,355,355,355,20,20,20,20,15,15,15,15,0,0,0,0,5,5,5,5,0,0,0,0,0,0,0,0,0,0,0,0,0,0,0,0,0,0,0,0,0,0,0,0,0,0,0,0,0,0,0,0,0,0,0,0,104.86124291846
"244","2025-03-13","627",4,45.4280641610697,-73.9391302493858,3,13.4104428789291,10.5744702568362,9.06065816817372,8.28986573829794,7.81560859356737,7.43408236536083,6.86109234892324,7.72426994572599,118.3,118.3,118.3,118.3,355,355,355,355,20,20,20,20,15,15,15,15,0,0,0,0,5,5,5,5,0,0,0,0,0,0,0,0,0,0,0,0,0,0,0,0,0,0,0,0,0,0,0,0,0,0,0,0,0,0,0,0,0,0,0,0,200.306579454447
"245","2025-03-18","627",4,45.4308948954236,-73.9379418042191,3,0.924105059182619,1.16574371217512,2.09227657217917,3.07136572351652,2.03934333005521,2.39725960880272,4.50531086069342,5.45830764248393,118.3,118.3,118.3,118.3,355,355,355,355,20,20,20,20,15,15,15,15,0,0,0,0,5,5,5,5,0,0,0,0,0,0,0,0,0,0,0,0,0,0,0,0,0,0,0,0,0,0,0,0,0,0,0,0,0,0,0,0,0,0,0,0,97.0539130725121
"246","2025-03-25","627",4,45.4299376531815,-73.9356115856443,3,0.093672889868823,1.86330815762174,1.29445806912351,1.84882184064587,0.331811896032949,3.87183019853518,3.19008280896932,4.12420275771797,118.3,118.3,118.3,118.3,355,355,355,355,20,20,20,20,15,15,15,15,0,0,0,0,5,5,5,5,0,0,0,0,0,0,0,0,0,0,0,0,0,0,0,0,0,0,0,0,0,0,0,0,0,0,0,0,0,0,0,0,0,0,0,0,214.730759052306
"247","2025-04-05","627",4,45.4285952460148,-73.9392959402345,3,4.30913955665168,4.54610666934765,7.12662482396687,8.18735525071967,2.67812506461443,5.23452923552757,6.86928016991235,7.48018461147863,118.3,118.3,118.3,118.3,355,355,355,355,20,20,20,20,15,15,15,15,0,0,0,0,5,5,5,5,0,0,0,0,0,0,0,0,0,0,0,0,0,0,0,0,0,0,0,0,0,0,0,0,0,0,0,0,0,0,0,0,0,0,0,0,164.163815350642
"248","2025-04-08","627",4,45.4305314473723,-73.9420171627502,3,7.61372051763975,8.61507877207998,8.96938081194522,10.264906989833,6.36861022326462,8.31720294764797,9.32867830474379,9.93512473700877,118.3,118.3,118.3,118.3,355,355,355,355,20,20,20,20,15,15,15,15,0,0,0,0,5,5,5,5,0,0,0,0,0,0,0,0,0,0,0,0,0,0,0,0,0,0,0,0,0,0,0,0,0,0,0,0,0,0,0,0,0,0,0,0,91.4355575699434
"249","2025-04-13","627",4,45.4312826295384,-73.9351034499514,3,0.0752215936848292,0.0878866752949881,1.01708373054171,0.690412661711574,0.0279286529727849,0.300243252201842,2.91534131896672,2.47697465874832,118.3,118.3,118.3,118.3,355,355,355,355,20,20,20,20,15,15,15,15,0,0,0,0,5,5,5,5,0,0,0,0,0,0,0,0,0,0,0,0,0,0,0,0,0,0,0,0,0,0,0,0,0,0,0,0,0,0,0,0,0,0,0,0,287.498606227478
"250","2025-04-17","627",4,45.4286299105487,-73.9406585039849,3,12.655981401461,12.4870159009862,12.5402635711532,10.6313796123234,5.61355844477119,6.70427965791646,8.0541045754654,9.20757471342596,118.3,118.3,118.3,118.3,355,355,355,355,20,20,20,20,15,15,15,15,0,0,0,0,5,5,5,5,0,0,0,0,0,0,0,0,0,0,0,0,0,0,0,0,0,0,0,0,0,0,0,0,0,0,0,0,0,0,0,0,0,0,0,0,66.1896354279912
"251","2025-04-19","627",4,45.4319150470396,-73.9350656674025,3,0.0731176045010177,0.0624012656876051,0.445502961743052,0.646935840716258,0.0330207991355982,0.0300195454686901,1.98710767499608,2.45984721891628,118.3,118.3,118.3,118.3,355,355,355,355,20,20,20,20,15,15,15,15,0,0,0,0,5,5,5,5,0,0,0,0,0,0,0,0,0,0,0,0,0,0,0,0,0,0,0,0,0,0,0,0,0,0,0,0,0,0,0,0,0,0,0,0,328.687459254972
"252","2025-04-22","627",4,45.4306463107047,-73.9374864102969,3,0.0334691549525599,0.375544938781271,1.38206087498552,2.40609310600484,0.0142046231435751,1.24914895463596,3.36780665886661,4.66918435052257,118.3,118.3,118.3,118.3,355,355,355,355,20,20,20,20,15,15,15,15,0,0,0,0,5,5,5,5,0,0,0,0,0,0,0,0,0,0,0,0,0,0,0,0,0,0,0,0,0,0,0,0,0,0,0,0,0,0,0,0,0,0,0,0,93.0812188966791
"253","2024-11-08","630",4,45.413471394439,-73.9287258007246,3,11.8811726567698,9.66822283898602,9.2886948065887,6.76480524750632,7.87817820849047,6.70537713282978,7.09793735258988,6.7483676107641,201.7,201.7,585.738461538462,593.26862745098,155,155,164.615384615385,164.803921568627,0,0,0,0,40,40,24.6153846153846,24.3137254901961,0,0,0,0,40,40,24.6153846153846,24.3137254901961,0,0,0,0,0,0,505.610129016521,492.349865640358,0,0,12.6592420885458,12.3272374972548,0,0,0,0,0,0,20.2547873416733,19.7235799956077,0,0,0,0,0,0,20.2547873416733,19.7235799956077,0,0,0,0,227.764334639081,433.051053824156,1752.74146887707,7752.68898771812,125.034314506835
"254","2024-11-10","630",4,45.4117377058158,-73.9310762880405,3,8.73161719769852,5.97434486957362,4.71521804272123,5.77896152457662,5.8348917176543,6.07939421763478,6.026230799825,6.84016250773542,201.7,201.7,201.7,268.884615384615,155,155,155,180,0,0,0,2.30769230769231,40,40,40,34.0384615384615,0,0,0,0,40,40,40,32.8846153846154,0,0,0,0,0,0,0,272.786140025562,0,0,0,64.1688947919748,0,0,0,6.45205078064472,0,0,0,12.7586365035557,0,0,0,0,0,0,0,14.7643633570624,0,0,0,0,0,84.0382197230506,700.56338756281,5394.76111762443,119.210534303251
"255","2024-12-08","630",4,45.4069806537658,-73.9330869999647,3,5.4838766233082,7.62012969052841,8.3972187914753,7.26243396283082,4.93884705473911,6.57392594778237,7.41462490229091,7.23422849551606,201.7,180.85,169.623076923077,265.250980392157,155,205,231.923076923077,239.803921568627,0,5,7.69230769230769,8.23529411764706,40,33.75,30.3846153846154,25.7843137254902,0,0,0,0,40,31.25,26.5384615384615,21.6666666666667,0,0,0,0,0,41.7,42.2312316073889,313.850376053653,0,100,101.273936708367,97.6061513651354,0,10,10.1273936708367,9.94100243495417,0,12.5,12.6592420885458,14.7096073713613,0,0,0,0,0,17.5,17.7229389239642,18.2117178395303,0,0,0,0,167.979560491593,812.482745221698,1902.3105897137,5329.3829215616,45.7064234868641
"256","2024-12-13","630",4,45.4101118825356,-73.9284555187429,3,13.024632759172,9.45407871899516,8.14631294774622,7.8270362913587,7.22057306160005,6.91931780263307,7.22634578781111,7.26310040516223,1200.2,1200.2,1046.58461538462,988.978846153846,180,180,176.153846153846,174.711538461538,0,0,0,0,0,0,6.15384615384615,8.46153846153846,0,0,0,0,0,0,6.15384615384615,8.46153846153846,0,0,0,0,0,0,374.970507387256,411.765143577391,0,0,9.38834520248514,10.3095929789031,0,0,0,0,0,0,15.0213523239762,16.495348766245,0,0,0,0,0,0,15.0213523239762,16.495348766245,0,0,0,0,23.3228637581712,470.425800479969,1996.35492106802,5959.91739675546,47.818548812681
"257","2024-12-18","630",4,45.4078652431359,-73.9315409693932,3,8.45255078123442,7.30494318235504,7.18135812652684,7.79433129776094,6.8405422337272,6.31798217373145,6.59037701112252,7.13923470837486,201.7,201.7,508.930769230769,585.092156862745,155,155,162.692307692308,184.411764705882,0,0,0,1.96078431372549,40,40,27.6923076923077,21.8627450980392,0,0,0,0,40,40,27.6923076923077,20.8823529411765,0,0,0,0,0,0,479.663884723139,499.566931589006,0,0,12.0096115353815,58.0314316454758,0,0,0,6.00653239170064,0,0,19.2153784566105,19.1562205122442,0,0,0,0,0,0,19.2153784566105,19.7409696406469,0,0,0,0,0,259.690543909968,1295.41045777487,6571.62650136466,40.8473511132681
"258","2024-12-19","630",4,45.4072396778227,-73.9345187142578,3,5.12057706406214,6.28482896405822,6.98114630320551,5.94911415688353,4.40805253442134,5.44381503473383,6.61735349677401,6.92152881675597,118.3,118.3,118.3,136.648,355,355,355,311,20,20,20,15.6,15,15,15,20.5,0,0,0,0,5,5,5,12.7,0,0,0,0,0,0,0,34.8988932635464,0,0,0,83.6903915192961,0,0,0,8.36903915192961,0,0,0,10.461298939912,0,0,0,0,0,0,0,14.6458185158768,0,0,0,0,0,0,401.354061245424,3091.51048308425,15.1910564193074
"259","2024-12-29","630",4,45.4054788323506,-73.9325218059028,3,6.59925566001524,7.58889717517847,8.88552260442921,7.09220654759702,7.5810146868942,8.87596511583475,8.3378488860759,7.59062820329145,201.7,201.7,328.3,418.548837209302,155,155,189.285714285714,218.837209302326,0,0,2.85714285714286,5.58139534883721,40,40,25,18.1395348837209,0,0,1.42857142857143,1.27906976744186,40,40,23.5714285714286,15.3488372093023,0,0,0,0,0,0,236.911122575535,366.184068580201,0,0,70.7883395128676,86.229464148078,0,0,7.26273039202563,9.07700537501621,0,0,18.6052101883813,17.2869086103423,0,0,2.34403615469248,2.20740724224413,0,0,19.7511997131792,18.3677819913672,0,0,0,0,0,304.579253441827,2312.01134670332,6386.22463437702,93.1207080834682
"260","2025-01-05","630",4,45.4052363283294,-73.9329610146406,3,4.93210886500043,6.14615291992332,8.13696360391487,6.64829812590648,5.48693867783892,6.85084629899169,8.08439348307094,7.75052371408886,201.7,444.1,378.94,345.876923076923,155,165,203,237.948717948718,0,0,4,7.69230769230769,40,20,19,19.1025641025641,0,2.5,2,1.02564102564103,40,20,17,15.2564102564103,0,0,0,0,0,342.805367519238,266.64481243782,331.062724587556,0,14.142135623731,80.6639117986889,94.1353864662763,0,0,8.43274042711568,9.85728116180288,0,28.2842712474619,18.9736659610103,16.1763226446864,0,3.53553390593274,2.58198889747161,2.04536934622653,0,28.2842712474619,19.8885785202351,17.8424655316555,0,0,0,0,216.522277192615,592.885225699428,2114.36587992346,5801.09202324067,119.221552926194
"261","2025-01-10","630",4,45.4086516379993,-73.9313893612554,3,10.0119896051538,9.49597380948713,8.71391910915461,8.00786941293836,8.56284465913861,7.7885378827925,7.46611212801939,7.56086799942176,201.7,534.533333333333,508.930769230769,558.517307692308,155,163.333333333333,162.692307692308,183.365384615385,0,0,0,1.92307692307692,40,26.6666666666667,27.6923076923077,22.9807692307692,0,0,0,0,40,26.6666666666667,27.6923076923077,22.0192307692308,0,0,0,0,0,576.484243785841,479.663884723138,492.238859092263,0,14.4337567297406,12.0096115353815,57.7411495114878,0,0,0,5.95356592385212,0,23.094010767585,19.2153784566105,19.0268029571242,0,0,0,0,0,23.094010767585,19.2153784566105,19.6603416727889,0,0,0,0,0,281.849676361075,1293.38001752174,6084.87707031215,78.1616873044538
"262","2025-01-12","630",4,45.4064908398359,-73.9348094832533,3,8.72861342279434,6.50030284374109,7.29115394960401,6.29919713188972,7.28733484249746,7.52599003026178,7.20087034114501,7.15997551655253,118.3,118.3,118.3,139.252941176471,355,355,355,327.941176470588,20,20,20,17.2549019607843,15,15,15,17.6470588235294,0,0,0,0.0980392156862745,5,5,5,9.01960784313725,0,0,0,0,0,0,0,82.7277809516034,0,0,0,68.5651257607556,0,0,0,6.9508075423073,0,0,0,8.50605320794966,0,0,0,0.700140042014005,0,0,0,11.446379682814,0,0,0,0,0,0,0,3646.39816731523,72.0438886033422
"263","2025-01-19","630",4,45.4051887447342,-73.9317484494156,3,5.92648450890362,6.74069491531503,7.88474734679885,7.30642407474277,6.63684793850478,6.74617292665476,7.86193917530385,8.06735175703496,686.5,444.1,586.742857142857,585.825641025641,175,165,168.571428571429,183.589743589744,0,0,0,1.53846153846154,0,20,14.2857142857143,13.4615384615385,5,2.5,2.5,2.17948717948718,0,20,14.2857142857143,12.6923076923077,0,0,0,0,0,279.899410503131,346.810716971943,371.372358689928,0,11.5470053837925,10.6389291372212,51.1183960854952,0,0,0,5.39905524799018,0,23.094010767585,19.8898063239539,18.3587726826429,0,2.88675134594813,2.59437260831385,2.51178061051471,0,23.094010767585,19.8898063239539,18.490614754737,0,0,0,0,290.163915754639,601.85627125604,2072.68966510392,6631.71567812212,57.8883487905793
"264","2025-01-24","630",4,45.4072170999769,-73.930720173546,3,8.70477065146582,8.49648700537873,8.0453157436764,8.2864407635657,7.7257738398662,7.6541399860896,7.08694562206017,7.31558097317432,1200.2,1200.2,867.366666666667,808.63137254902,180,180,171.666666666667,170.196078431373,0,0,0,0,0,0,13.3333333333333,15.6862745098039,0,0,0,0,0,0,13.3333333333333,15.6862745098039,0,0,0,0,0,0,491.627414971455,492.349865640358,0,0,12.3091490979333,12.3272374972548,0,0,0,0,0,0,19.6946385566932,19.7235799956077,0,0,0,0,0,0,19.6946385566932,19.7235799956077,0,0,0,0,0,294.145187576399,1270.84686180309,5837.79855881232,73.4374771139627
"265","2025-01-31","630",4,45.4056655077923,-73.9316451167558,3,11.0299234030932,6.92927726715468,7.71299847070799,8.18468321450296,8.15570796162069,6.93566557936864,7.24820375628549,7.97130837599024,201.7,201.7,572.525,580.767391304348,155,155,166.25,184.45652173913,0,0,0,1.73913043478261,40,40,20,16.0869565217391,0,0,1.25,1.52173913043478,40,40,20,15.2173913043478,0,0,0,0,0,0,431.273558249813,412.995709988129,0,0,11.8944219164814,54.2753091077698,0,0,0,5.69769849289536,0,0,20.8893187146837,18.9711196728741,0,0,2.26133508433323,2.32607566930306,0,0,20.8893187146837,19.2341282833732,0,0,0,0,0,592.322397380742,2518.50426682493,7355.28079058065,31.6025550056699
"266","2025-02-07","630",4,45.4083950200401,-73.9329751186383,3,11.3928882085845,9.21187781291905,5.93718155065523,6.11807562792737,8.14629664946663,7.31441014549893,6.45235103165092,6.71021419140265,201.7,201.7,173.9,260.821153846154,155,155,221.666666666667,245.865384615385,0,0,6.66666666666667,8.84615384615385,40,40,31.6666666666667,25.0961538461538,0,0,0,0,40,40,28.3333333333333,20.6730769230769,0,0,0,0,0,0,41.0633213907054,311.958800910167,0,0,98.4731927834662,98.3975587227359,0,0,9.84731927834662,10.0301205501418,0,0,12.3091490979333,14.5686469897902,0,0,0,0,0,0,17.2328087371066,18.1234558815918,0,0,0,0,263.336846599437,714.686592806709,1894.72023185506,4894.66064731368,29.2864740206875
"267","2025-02-21","630",4,45.4084463675395,-73.9306455726865,3,10.3496075249787,10.5040353938927,9.7907635377769,8.34913554457413,8.97242624248373,8.49248199518233,7.81392264593171,7.56325686408941,1200.2,1200.2,969.776923076923,749.896078431373,180,180,174.230769230769,168.725490196078,0,0,0,0,0,0,9.23076923076923,18.0392156862745,0,0,0,0,0,0,9.23076923076923,18.0392156862745,0,0,0,0,0,0,437.871216139034,501.788741189271,0,0,10.9632252413379,12.5635638755451,0,0,0,0,0,0,17.5411603861406,20.1017022008722,0,0,0,0,0,0,17.5411603861406,20.1017022008722,0,0,0,0,41.8802902045393,345.362663294148,1172.83199127319,5553.78783423353,59.772270885193
"268","2025-02-22","630",4,45.4055526293023,-73.9317475196128,3,9.18958206001858,7.35178085390286,7.92250752747325,7.88328174378174,7.38110889972137,7.30175258336782,7.44788223863326,7.9677889808073,201.7,201.7,467.192307692308,586.322727272727,155,155,163.461538461538,185.681818181818,0,0,0,1.81818181818182,40,40,24.6153846153846,15,0,0,1.15384615384615,1.70454545454546,40,40,24.6153846153846,14.0909090909091,0,0,0,0,0,0,385.441031939471,403.881921417886,0,0,11.251780485886,55.1592926777561,0,0,0,5.81606726902305,0,0,20.2547873416733,18.6771841909407,0,0,2.19264504826757,2.39747488727101,0,0,20.2547873416733,18.9022186243249,0,0,0,0,0,385.878728392514,2453.76498481336,7181.68453669798,38.2762417033975
"269","2025-02-23","630",4,45.4067803705499,-73.9352172761863,3,8.59835443093469,9.25854504676369,6.72762153746181,5.45493219163505,7.42535237469343,7.45162089739738,6.94686721636785,6.7772869366378,118.3,118.3,118.3,124.841176470588,355,355,355,339.313725490196,20,20,20,18.4313725490196,15,15,15,16.9607843137255,0,0,0,0,5,5,5,7.74509803921569,0,0,0,0,0,0,0,22.6451334857676,0,0,0,54.3048764646706,0,0,0,5.43048764646706,0,0,0,6.78810955808383,0,0,0,0,0,0,0,9.50335338131736,0,0,0,0,0,0,0,2259.41535035652,66.3482873390565
"270","2025-02-28","630",4,45.4084621502107,-73.9305117174525,3,11.9541749060762,10.392494031023,9.76523613833379,8.38861062166818,10.7536670103038,8.72357704353446,7.87142023472137,7.51520158549803,1200.2,1200.2,1033.78333333333,800.8,180,180,175.833333333333,170,0,0,0,0,0,0,6.66666666666667,16,0,0,0,0,0,0,6.66666666666667,16,0,0,0,0,0,0,388.66559787264,494.129351816435,0,0,9.73123680201904,12.3717914826348,0,0,0,0,0,0,15.5699788832305,19.7948663722157,0,0,0,0,0,0,15.5699788832305,19.7948663722157,0,0,0,0,0,281.543339092883,1312.84990725526,4997.80623896041,67.2790965431174
"271","2025-03-04","630",4,45.4069790580521,-73.9362357534722,3,4.00371226554378,4.97123890901944,5.38250553434559,4.14084235868468,5.94639426990407,6.67297245823602,6.73792332828626,5.84672082093302,118.3,118.3,118.3,118.3,355,355,355,355,20,20,20,20,15,15,15,15,0,0,0,0,5,5,5,5,0,0,0,0,0,0,0,0,0,0,0,0,0,0,0,0,0,0,0,0,0,0,0,0,0,0,0,0,0,0,0,0,0,0,0,0,89.0180130817287
"272","2025-03-07","630",4,45.4078448993267,-73.932572822936,3,6.87584546303734,6.7063497164776,6.84510772337764,7.18380566145673,6.96755728780448,6.48627536296632,6.64995679888585,7.09688153897575,201.7,201.7,186.0625,360.351851851852,155,155,192.5,222.592592592593,0,0,3.75,6.2962962962963,40,40,35.3125,24.7222222222222,0,0,0,0,40,40,33.4375,21.5740740740741,0,0,0,0,0,0,33.619614810405,405.831661234873,0,0,80.6225774829855,91.0667427890569,0,0,8.06225774829855,9.37606271638023,0,0,10.0778221853732,16.2648094104183,0,0,0,0,0,0,14.1089510595225,18.6786144004029,0,0,0,0,180.825208745914,457.571257889463,1837.64119907599,5244.51031808028,97.5465689416968
"273","2025-03-09","630",4,45.4078224772619,-73.9354897554853,3,6.61278783485183,4.33147646817551,3.40714656127132,3.88824144120947,5.85189764814656,5.16764107574846,4.84376457119201,5.72664730815861,118.3,118.3,118.3,119.87358490566,355,355,355,351.22641509434,20,20,20,19.622641509434,15,15,15,15.4716981132075,0,0,0,0,5,5,5,5.66037735849057,0,0,0,0,0,0,0,11.4558710333207,0,0,0,27.4721127897378,0,0,0,2.74721127897378,0,0,0,3.43401409871723,0,0,0,0,0,0,0,4.80761973820412,0,0,0,0,0,0,0,1119.2584063016,94.984425821433
"274","2025-03-11","630",4,45.4068376515722,-73.9340522760232,3,10.1100455296252,8.7879712668161,7.77291422500768,6.94926773911962,7.17043258738844,7.23561534106487,6.97008731985891,7.24622489039864,118.3,118.3,132.2,144.464705882353,355,355,321.666666666667,292.254901960784,20,20,16.6666666666667,13.7254901960784,15,15,19.1666666666667,22.843137254902,0,0,0,0,5,5,10.8333333333333,15.9803921568627,0,0,0,0,0,0,32.4634059715355,39.0831872985273,0,0,77.8498944161523,93.724669780641,0,0,7.78498944161523,9.3724669780641,0,0,9.73123680201904,11.7155837225801,0,0,0,0,0,0,13.6237315228267,16.4018172116122,0,0,0,0,0,0,1017.99305004558,3867.94109506759,42.5712835715025
"275","2024-11-17","631",4,45.4109016706465,-73.9320273899032,3,0.36982175348003,0.723541053670882,5.95027587895903,5.47369410112626,0.538727883314734,1.96037618793619,7.83318978264589,7.00178890273587,201.7,201.7,182.453846153846,191.843137254902,155,155,201.153846153846,226.078431372549,0,0,4.61538461538462,7.05882352941176,40,40,34.2307692307692,30.3921568627451,0,0,0,0,40,40,31.9230769230769,26.8627450980392,0,0,0,0,0,0,36.5733194051031,149.482258820105,0,0,87.7058019307029,96.2253278793593,0,0,8.77058019307029,9.65279599847812,0,0,10.9632252413379,12.7610006368976,0,0,0,0,0,0,15.348515337873,17.232550139597,0,0,0,0,0,0,387.461054348159,3287.19147191804,151.627318811796
"276","2024-11-24","631",4,45.4142681174293,-73.9300352343208,3,4.04394282507645,2.69725889789724,4.0353591641344,5.15603255223936,5.52993760672119,4.4331501607888,5.4173167387386,5.79974516922161,201.7,201.7,201.7,258.218867924528,155,155,155,156.415094339623,0,0,0,0,40,40,40,37.7358490566038,0,0,0,0,40,40,40,37.7358490566038,0,0,0,0,0,0,0,232.945374957474,0,0,0,5.8323829483594,0,0,0,0,0,0,0,9.33181271737504,0,0,0,0,0,0,0,9.33181271737504,0,0,0,0,41.7914226003849,671.389197534985,2243.6491769794,6447.81160440576,153.517813665755
"277","2024-12-06","631",4,45.4139334313575,-73.9313982668641,3,2.43269753152167,3.45675441051275,4.02903528622058,4.12514662999506,3.61800744276923,4.53477325159046,5.01308692111105,5.36647093697436,201.7,201.7,201.7,183.711764705882,155,155,155,198.137254901961,0,0,0,4.31372549019608,40,40,40,34.6078431372549,0,0,0,0,40,40,40,32.4509803921569,0,0,0,0,0,0,0,34.6435428157042,0,0,0,83.0780403254297,0,0,0,8.30780403254297,0,0,0,10.3847550406787,0,0,0,0,0,0,0,14.5386570569502,0,0,0,0,0,298.065964425413,2358.81026005411,5916.81161221076,142.953733521367
"278","2024-12-18","631",4,45.4087543360673,-73.9307619164766,3,9.32248951995445,9.58819223761324,9.69933323038224,8.57502114348486,7.37078231861843,8.24172333448098,7.89314260300179,7.67444298311561,1200.2,1200.2,784.158333333333,710.739215686275,180,180,169.583333333333,167.745098039216,0,0,0,0,0,0,16.6666666666667,19.6078431372549,0,0,0,0,0,0,16.6666666666667,19.6078431372549,0,0,0,0,0,0,514.156257568621,504.120847050955,0,0,12.8732162636109,12.621954107435,0,0,0,0,0,0,20.5971460217775,20.195126571896,0,0,0,0,0,0,20.5971460217775,20.195126571896,0,0,0,0,172.713715282766,387.31988524407,917.837755855873,5905.99918605536,87.863255165317
"279","2024-12-29","631",4,45.4123485199785,-73.9308067462716,3,6.13654421690651,6.24233213311776,5.17850802629387,5.63489979557963,7.24699516816087,6.48739373611461,6.19790635150955,6.56048230897253,201.7,201.7,201.7,289.690384615385,155,155,155,176.634615384615,0,0,0,1.92307692307692,40,40,40,33.75,0,0,0,0,40,40,40,32.7884615384615,0,0,0,0,0,0,0,300.887218959501,0,0,0,59.2081833394589,0,0,0,5.95356592385212,0,0,0,13.3532326995905,0,0,0,0,0,0,0,14.9644500805802,0,0,0,0,0,287.494575341278,750.691221964918,6668.98021291033,72.5627396301444
"280","2025-01-05","631",4,45.4103813571548,-73.9324118209427,3,6.20454942154832,7.73400954704847,7.20198775538458,5.24365381946036,7.61017969957427,8.78775424703584,8.40531501351731,6.94182631647436,201.7,160,165.957142857143,208.150980392157,155,255,240.714285714286,234.411764705882,0,10,8.57142857142857,7.84313725490196,40,27.5,29.2857142857143,28.6274509803922,0,0,0,0,40,22.5,25,24.7058823529412,0,0,0,0,0,48.1510124504148,42.8302860904922,206.445795668063,0,115.470053837925,102.710518202619,97.9420597027831,0,11.5470053837925,10.2710518202619,9.86178999780386,0,14.4337567297406,12.8388147753274,13.4936441101931,0,0,0,0,0,20.2072594216369,17.9743406854583,17.7598357173112,0,0,0,0,0,271.643935469124,928.506312560327,3632.80924307435,191.300719041498
"281","2025-01-10","631",4,45.4094708571894,-73.9296432766259,3,3.05363742052997,5.08797775155761,7.26183519287283,8.78277449090342,5.59023804501419,7.11744029144955,7.87478567683184,7.60771965673382,1200.2,1200.2,969.776923076923,873.767307692308,180,180,174.230769230769,171.826923076923,0,0,0,0,0,0,9.23076923076923,13.0769230769231,0,0,0,0,0,0,9.23076923076923,13.0769230769231,0,0,0,0,0,0,437.871216139034,472.954968515598,0,0,10.9632252413379,11.8416366678918,0,0,0,0,0,0,17.5411603861406,18.9466186686268,0,0,0,0,0,0,17.5411603861406,18.9466186686268,0,0,0,0,0,0,1493.65278521975,5576.14157851714,94.3877041281138
"282","2025-01-12","631",4,45.4109103665157,-73.9270783940889,3,6.58958722278284,7.46191603444678,7.80411725914486,8.00735029753456,6.00641882747222,7.27707199402506,7.36190416819698,7.30098556161975,1200.2,1200.2,1200.2,1141.46470588235,180,180,180,178.529411764706,0,0,0,0,0,0,0,2.35294117647059,0,0,0,0,0,0,0,2.35294117647059,0,0,0,0,0,0,0,237.27895719893,0,0,0,5.94088525786005,0,0,0,0,0,0,0,9.50541641257607,0,0,0,0,0,0,0,9.50541641257607,0,0,0,0,0,70.9255428582311,1236.01499356356,6039.41835445219,79.7340472617125
"283","2025-01-12","631",4,45.4099194567017,-73.9292746828261,3,4.87332813383853,4.59401064305216,8.08132595815427,8.59216802681054,6.39784935658339,5.83445928948612,7.54678575639545,7.55250456431511,1200.2,867.366666666667,950.575,867.366666666667,180,171.666666666667,173.75,171.666666666667,0,0,0,0,0,13.3333333333333,10,13.3333333333333,0,0,0,0,0,13.3333333333333,10,13.3333333333333,0,0,0,0,0,576.484243785841,451.588616341345,475.381085726669,0,14.4337567297406,11.3066754216661,11.9023807142381,0,0,0,0,0,23.094010767585,18.0906806746658,19.0438091427809,0,0,0,0,0,23.094010767585,18.0906806746658,19.0438091427809,0,0,0,0,354.025539732836,654.922427672782,1255.27635906429,5209.39239242711,42.2972245431441
"284","2025-01-17","631",4,45.4106042865329,-73.9312333814122,3,13.1462426003051,8.61113916660554,7.75851712914048,6.57382866644931,6.75942316316534,7.34380981179275,8.02433897898975,7.20849384811373,201.7,201.7,201.7,348.769642857143,155,155,155,191.160714285714,0,0,0,3.21428571428571,40,40,40,29.5535714285714,0,0,0,0,40,40,40,27.9464285714286,0,0,0,0,0,0,0,377.175373205353,0,0,0,72.9133425340007,0,0,0,7.41181927296294,0,0,0,15.9053103114619,0,0,0,0,0,0,0,17.7297076249873,0,0,0,0,0,107.393899700125,892.282156959087,4508.75493351505,96.1073895250437
"285","2025-01-19","631",4,45.411640352563,-73.9296009122314,3,6.19740017587974,6.57150315947054,7.02452373134114,7.4888930114688,5.36909273500554,5.92692372662994,6.33893872362245,7.05283108636266,201.7,201.7,508.930769230769,581.13,155,155,162.692307692308,164.5,0,0,0,0,40,40,27.6923076923077,24.8,0,0,0,0,40,40,27.6923076923077,24.8,0,0,0,0,0,0,479.663884723139,489.578879950798,0,0,12.0096115353815,12.2578587869504,0,0,0,0,0,0,19.2153784566105,19.6125740591206,0,0,0,0,0,0,19.2153784566105,19.6125740591206,0,0,0,0,0,176.134687229992,1301.42049491276,4652.91504363946,57.083437008517
"286","2025-01-24","631",4,45.4106137379177,-73.931026490882,3,9.525009816255,8.85661167681963,8.22114256844754,6.7884800064236,6.93008650646946,7.08798939195989,7.95796089366477,7.26911407180884,201.7,201.7,201.7,408.886274509804,155,155,155,180,0,0,0,1.96078431372549,40,40,40,28.921568627451,0,0,0,0,40,40,40,27.9411764705882,0,0,0,0,0,0,0,419.82302891557,0,0,0,59.1607978309962,0,0,0,6.00653239170064,0,0,0,17.0092247174936,0,0,0,0,0,0,0,18.0603563250628,0,0,0,0,0,312.62021603924,1001.97628067254,4526.3790932046,80.80106128987
"287","2025-02-09","631",4,45.4091271152666,-73.9285543552547,3,12.7397398049436,11.7587881227843,8.44271604600824,8.10360943714674,8.92124059036518,8.5255604219007,7.60169353105592,7.42448623751492,1200.2,1200.2,1200.2,1082.16274509804,180,180,180,177.352941176471,0,0,0,0,0,0,0,3.92156862745098,0,0,0,0.196078431372549,0,0,0,3.92156862745098,0,0,0,0,0,0,0,309.910121138878,0,0,0,7.50685960814978,0,0,0,0,0,0,0,12.0130647834013,0,0,0,0.980196058819607,0,0,0,12.0130647834013,0,0,0,0,0,64.7650353703676,1387.72527294423,7194.64820157347,59.4534077090956
"288","2025-02-21","631",4,45.4112251476106,-73.9320174737804,3,0.351222634376219,0.409105497276619,3.85888004224056,5.42241801849742,0.633458914734281,0.914500764923201,6.07604772023997,6.98162930674214,201.7,201.7,182.453846153846,170.008,155,155,201.153846153846,231,0,0,4.61538461538462,7.6,40,40,34.2307692307692,30.5,0,0,0,0,40,40,31.9230769230769,26.7,0,0,0,0,0,0,36.5733194051031,40.8922169132664,0,0,87.7058019307029,98.0628702956029,0,0,8.77058019307029,9.8062870295603,0,0,10.9632252413379,12.2578587869504,0,0,0,0,0,0,15.348515337873,17.1610023017305,0,0,0,0,0,0,342.362309943005,3703.96676406329,154.600466425349
"289","2025-02-22","631",4,45.4051277618042,-73.9291000930532,3,12.612196457617,9.87817070168632,9.07209052486966,9.26909946903148,7.16924243152036,7.7165458111933,7.79489501613172,8.22841964321706,686.5,814.925,814.925,815.527083333333,175,176.25,176.25,175.9375,0,0,0,0,0,0,0,0.833333333333333,5,3.75,3.75,3.54166666666667,0,0,0,0.833333333333333,0,0,0,0,0,256.85,232.329566564396,246.958846377444,0,2.5,2.26133508433323,3.81155159113909,0,0,0,0,0,0,0,5.77350269189625,0,2.5,2.26133508433323,2.29669821592552,0,0,0,5.77350269189625,0,0,0,0,0,735.578866990048,2512.76335720008,6788.83053614056,32.3544156497143
"290","2025-02-28","631",4,45.4100547588936,-73.9310501705025,3,9.19524686311011,9.63383906913486,8.48171216926039,7.68533923802476,6.12848648417656,8.28397288410072,8.07804409786261,7.64369238327234,201.7,201.7,278.507692307692,449.678431372549,155,155,156.923076923077,177.058823529412,0,0,0,1.56862745098039,40,40,36.9230769230769,27.843137254902,0,0,0,0,40,40,36.9230769230769,27.0588235294118,0,0,0,0,0,0,276.934072965446,443.907491855556,0,0,6.93375245281536,53.5366834104265,0,0,0,5.43048764646706,0,0,11.0940039245046,17.7554189463607,0,0,0,0,0,0,11.0940039245046,18.5250228228803,0,0,0,0,37.2175640586206,485.667487185554,1253.56679690411,5007.62172516338,111.202263216214
"291","2025-03-04","631",4,45.4083873689051,-73.9310963077841,3,7.35220391798993,9.48091487901517,9.36793548932562,8.18715904520481,6.64542641664156,7.39721776420921,7.5647156197701,7.46606976052023,1200.2,700.95,739.353846153846,711.138775510204,180,167.5,168.461538461538,167.755102040816,0,0,0,0,0,20,18.4615384615385,19.5918367346939,0,0,0,0,0,20,18.4615384615385,19.5918367346939,0,0,0,0,0,576.484243785841,518.096209880277,504.318657867691,0,14.4337567297406,12.9718630415693,12.6269068069026,0,0,0,0,0,23.094010767585,20.7549808665108,20.2030508910442,0,0,0,0,0,23.094010767585,20.7549808665108,20.2030508910442,0,0,0,0,184.659316850088,392.279702826829,889.724592760297,6092.98272929924,44.2981092402895
"292","2025-03-07","631",4,45.411269033314,-73.9286881728828,3,4.18644078443103,7.65707973501587,8.12538163298803,7.98166739104728,4.43973993655114,6.80868347222109,6.83537300741719,7.16595808808414,1200.2,1200.2,867.366666666667,842.247169811321,180,180,171.666666666667,171.037735849057,0,0,0,0,0,0,13.3333333333333,14.3396226415094,0,0,0,0,0,0,13.3333333333333,14.3396226415094,0,0,0,0,0,0,491.627414971455,483.420119725377,0,0,12.3091490979333,12.1036584808557,0,0,0,0,0,0,19.6946385566932,19.3658535693691,0,0,0,0,0,0,19.6946385566932,19.3658535693691,0,0,0,0,0,311.412538555796,1228.49331773013,5115.37686205806,74.7867090712016
"293","2025-03-09","631",4,45.4107155114935,-73.9317443369537,3,1.25706569770739,4.82396601670753,6.8503293154407,5.91687568468381,2.87774723995365,7.23761132228924,8.20855952724552,7.1340254821748,201.7,201.7,188.869230769231,219.598039215686,155,155,185.769230769231,206.960784313725,0,0,3.07692307692308,5.09803921568628,40,40,36.1538461538462,32.0588235294118,0,0,0,0,40,40,34.6153846153846,29.5098039215686,0,0,0,0,0,0,31.3195195954904,203.375979397957,0,0,75.1067616198811,87.5846929056245,0,0,7.51067616198811,8.80285158789079,0,0,9.38834520248513,12.734852593895,0,0,0,0,0,0,13.1436832834792,16.4394313150055,0,0,0,0,0,0,694.631271595339,3729.63742860724,131.441521242843
"294","2025-03-11","631",4,45.4102560129151,-73.9298803736734,3,13.2435350792177,9.34473825614721,6.7974101843468,8.13631089008996,6.72583096874989,7.15345184902707,6.93276904080299,7.545155426095,201.7,201.7,558.307142857143,681.748076923077,155,155,163.928571428571,167.019230769231,0,0,0,0,40,40,25.7142857142857,20.7692307692308,0,0,0,0,40,40,25.7142857142857,20.7692307692308,0,0,0,0,0,0,496.499290361699,503.747838603989,0,0,12.4311289524712,12.6126148874309,0,0,0,0,0,0,19.8898063239539,20.1801838198894,0,0,0,0,0,0,19.8898063239539,20.1801838198894,0,0,0,0,0,387.72971870808,1835.63298905677,5008.35998487414,17.2170763796231
"295","2025-03-14","631",4,45.4097137251253,-73.9301935356534,3,0.39973508394681,1.80014401177437,7.02425205305343,8.60082913441669,1.32499515353604,4.10517386425172,7.27858780219419,7.64672904354583,1200.2,1200.2,739.353846153846,681.748076923077,180,180,168.461538461538,167.019230769231,0,0,0,0,0,0,18.4615384615385,20.7692307692308,0,0,0,0,0,0,18.4615384615385,20.7692307692308,0,0,0,0,0,0,518.096209880277,503.747838603988,0,0,12.9718630415693,12.6126148874309,0,0,0,0,0,0,20.7549808665108,20.1801838198894,0,0,0,0,0,0,20.7549808665108,20.1801838198894,0,0,0,0,0,505.624063184312,1589.79943321571,4986.7057522804,78.4377374291029
"296","2025-03-16","631",4,45.4116971177789,-73.9286409327222,3,7.63451324672765,6.65681377320047,7.72904469097293,8.39857870276316,6.11198658539018,6.78985766663859,6.76687928201485,7.26551277172964,1200.2,1200.2,927.881818181818,785.728301886792,180,180,173.181818181818,169.622641509434,0,0,0,0,0,0,10.9090909090909,16.6037735849057,0,0,0,0,0,0,10.9090909090909,16.6037735849057,0,0,0,0,0,0,466.398717447169,496.707422540349,0,0,11.6774841624228,12.4363400736191,0,0,0,0,0,0,18.6839746598766,19.8981441177906,0,0,0,0,0,0,18.6839746598766,19.8981441177906,0,0,0,0,0,321.934794797014,1202.57904827728,4315.30859521538,35.5454042160301
"297","2025-03-28","631",4,45.4103758117286,-73.9264630663854,3,2.83864937450786,6.94049894695902,7.4354242913176,7.79033962638415,4.05017204367074,7.28294147218885,7.35944427709533,7.2331758937922,1200.2,1200.2,1200.2,1200.2,180,180,180,180,0,0,0,0,0,0,0,0,0,0,0,0,0,0,0,0,0,0,0,0,0,0,0,0,0,0,0,0,0,0,0,0,0,0,0,0,0,0,0,0,0,0,0,0,0,0,0,0,128.53116136088,370.456640214801,1434.53343711742,5716.24863826173,109.630679748909
"298","2025-04-04","631",4,45.4098948529145,-73.9296719541071,3,2.98838505912543,3.87606319026745,7.33855941380854,8.64805562715869,4.65694619682171,5.94107527348354,7.55921564493433,7.65547003416672,1200.2,867.366666666667,739.353846153846,808.63137254902,180,171.666666666667,168.461538461538,170.196078431373,0,0,0,0,0,13.3333333333333,18.4615384615385,15.6862745098039,0,0,0,0,0,13.3333333333333,18.4615384615385,15.6862745098039,0,0,0,0,0,576.484243785841,518.096209880277,492.349865640358,0,14.4337567297406,12.9718630415693,12.3272374972548,0,0,0,0,0,23.094010767585,20.7549808665108,19.7235799956077,0,0,0,0,0,23.094010767585,20.7549808665108,19.7235799956077,0,0,0,0,214.349114063934,589.840424590769,1661.32809841105,5116.06698668148,47.2401299567215
"299","2025-04-06","631",4,45.4107975563689,-73.9269388283757,3,7.0730747337672,7.76360514280816,7.34269679386088,8.00964588145341,7.63660992670309,7.25437543903748,7.11566998505191,7.28986540975738,1200.2,1200.2,1200.2,1160.26,180,180,180,179,0,0,0,0,0,0,0,1.6,0,0,0,0,0,0,0,1.6,0,0,0,0,0,0,0,197.651740726574,0,0,0,4.94871659305393,0,0,0,0,0,0,0,7.91794654888629,0,0,0,0,0,0,0,7.91794654888629,0,0,0,0,0,0,1261.15349153539,6103.3173456438,81.779259035473
"300","2025-04-09","631",4,45.409997426281,-73.9293242211009,3,4.50495162459121,5.73550189331679,7.8335276696713,8.55851166461507,5.7061594312303,6.50845868315426,7.35298944163332,7.5762917958239,700.95,700.95,867.366666666667,840.74,167.5,167.5,171.666666666667,171,0,0,0,0,20,20,13.3333333333333,14.4,0,0,0,0,20,20,13.3333333333333,14.4,0,0,0,0,706.046121014768,706.046121014768,491.627414971455,484.145911552983,17.6776695296637,17.6776695296637,12.3091490979333,12.1218305346265,0,0,0,0,28.2842712474619,28.2842712474619,19.6946385566932,19.3949288554025,0,0,0,0,28.2842712474619,28.2842712474619,19.6946385566932,19.3949288554025,0,0,0,0,376.875601218261,682.95729790093,1286.14522511975,5193.98495139186,33.7239341618489
"301","2025-04-15","631",4,45.4097425269288,-73.9323737238783,3,7.37242092703026,9.80481069262493,8.92476834628452,5.85551671499512,7.76048569656648,7.70272505970744,8.18593407818085,7.1138796545933,201.7,173.9,187.8,268.840384615385,155,221.666666666667,188.333333333333,226.634615384615,0,6.66666666666667,3.33333333333333,6.92307692307692,40,31.6666666666667,35.8333333333333,27.5,0,0,0,0,40,28.3333333333333,34.1666666666667,24.0384615384615,0,0,0,0,0,48.1510124504148,32.4634059715355,309.198968404803,0,115.470053837925,77.8498944161523,94.5874486649641,0,11.5470053837925,7.78498944161523,9.60768922830523,0,14.4337567297406,9.73123680201904,14.7694703663321,0,0,0,0,0,20.2072594216369,13.6237315228267,18.1507430177536,0,0,0,0,141.341314714941,617.562434662774,1465.81122575485,4283.29920407303,133.054402087469
"302","2025-04-18","631",4,45.4106752286409,-73.9262877886315,3,8.35342498024908,6.7842702843743,7.34380861279863,7.87260067723732,8.12057634472746,6.97565612830678,7.03232419299433,7.30667615561815,1200.2,1200.2,1200.2,1200.2,180,180,180,180,0,0,0,0,0,0,0,0,0,0,0,0,0,0,0,0,0,0,0,0,0,0,0,0,0,0,0,0,0,0,0,0,0,0,0,0,0,0,0,0,0,0,0,0,0,0,0,0,184.706087329604,392.595409522269,797.00021314403,5848.30141559658,125.555816412474
"303","2025-04-22","631",4,45.4126457029895,-73.9284426444283,3,8.30903748630749,8.99182620685168,8.2383534580969,8.16931843609051,7.65479867687227,8.3553537591942,7.22300994550513,7.14856229193018,1200.2,1200.2,950.575,756.422222222222,180,180,173.75,168.888888888889,0,0,0,0,0,0,10,17.7777777777778,0,0,0,0,0,0,10,17.7777777777778,0,0,0,0,0,0,446.542775106708,500.817507781656,0,0,11.1803398874989,12.539246564388,0,0,0,0,0,0,17.8885438199983,20.0627945030208,0,0,0,0,0,0,17.8885438199983,20.0627945030208,0,0,0,0,0,300.727442474177,1205.066835331,5950.68634267655,46.3256131962916
"304","2025-04-24","631",4,45.4101169505904,-73.9292603736068,3,5.74240176888034,7.3874759907119,7.92541959335572,8.3419569319034,5.74233641968085,6.88234404913219,7.20941133424365,7.46138024888322,201.7,867.366666666667,816.161538461538,816.161538461539,155,171.666666666667,170.384615384615,170.384615384615,0,0,0,0,40,13.3333333333333,15.3846153846154,15.3846153846154,0,0,0,0,40,13.3333333333333,15.3846153846154,15.3846153846154,0,0,0,0,0,576.484243785841,505.610129016521,490.513874662891,0,14.4337567297406,12.6592420885458,12.2812687697269,0,0,0,0,0,23.094010767585,20.2547873416733,19.650030031563,0,0,0,0,0,23.094010767585,20.2547873416733,19.650030031563,0,0,0,0,339.518074556392,704.742694058931,1324.57656364159,5216.2259413916,20.4694190628209
"305","2024-11-15","633",6,45.4602980617925,-73.6414413819192,3,7.77814948772432,7.2378733406171,6.90229869767499,6.02751037881576,7.12230130660073,6.64399706078866,6.73652978084861,6.07425682277943,2289.3,2959.475,3114.13076923077,3642.96730769231,30,38.75,40.7692307692308,42.2115384615385,95,102.5,104.230769230769,103.269230769231,0,0,0,0,15,18.75,19.6153846153846,18.1730769230769,35,33.75,33.4615384615385,44.0384615384615,0,0,0,0,0,1340.35,1287.76662571589,1830.76835115121,0,17.5,16.8134561495341,15.9476306414753,0,15,14.4115338424578,14.9142850125609,0,0,0,0,0,7.5,7.20576692122892,9.07641017800853,0,2.5,2.40192230707631,33.3289967013131,0,0,0,0,51.0977206419656,665.839253705266,3317.89624125749,13326.7996192475,17.4866252964771
"306","2024-11-18","633",6,45.4583765504605,-73.6348142029902,3,7.63393892587186,5.17144807448129,5.2679116526318,5.38193710275539,6.21682745489111,5.0987066708494,5.64786725910964,6.33479185673799,2753.6,2753.6,2753.6,2592.10980392157,5,5,5,4.01960784313725,0,0,0,0,0,0,0,0,90,90,90,77.2549019607843,105,105,105,149.705882352941,0,0,0,0,0,0,0,1691.75386179608,0,0,0,2.00489596815826,0,0,0,0,0,0,0,0,0,0,0,26.9130772207527,0,0,0,98.3382517879278,0,0,0,0,0,0,1178.4880857043,8045.95091454765,189.037500818461
"307","2024-11-29","633",6,45.4593042653822,-73.6387056499421,3,9.83374973785598,8.87793053992192,7.53808163118677,5.67111764940831,3.53423347679638,4.42462494447904,5.57508248605937,6.2372023762209,2289.3,2289.3,3135.43846153846,4041.41568627451,30,30,32.3076923076923,30.6862745098039,95,95,93.4615384615385,75.8823529411765,0,0,0,0,15,15,12.6923076923077,24.1176470588235,35,35,51.9230769230769,79.6078431372549,0,0,0,0,0,0,2065.39839116592,2475.05331161755,0,0,5.63300712149108,14.2835432523984,0,0,3.75533808099405,36.0514338460059,0,0,0,0,0,0,5.63300712149108,31.6181258513679,0,0,41.3087188909346,49.8281360002047,0,0,0,0,0,269.462570917475,1981.45325538944,11612.823918439,176.896083777626
"308","2024-12-06","633",6,45.4628706105828,-73.6401360704882,3,7.90779421688973,6.98103848509253,6.63296668582053,7.41723917046836,5.43188138386127,6.00581424042081,6.52372932667505,6.50519857135833,4970,4970,4970,5877.84117647059,65,65,65,56.1764705882353,125,125,125,103.823529411765,0,0,0,0,30,30,30,40.5882352941177,30,30,30,56.1764705882353,0,0,0,13.8235294117647,0,0,0,1947.27279230995,0,0,0,19.6364007723951,0,0,0,42.5157410295777,0,0,0,0,0,0,0,42.3868736618252,0,0,0,59.233337195317,0,0,0,47.734560177026,114.996497733983,678.38439688563,2791.4098437862,16979.3993666838,111.84698265325
"309","2024-12-08","633",6,45.4620969395497,-73.6404683533836,3,9.44007147343723,8.76661455258779,8.4516881439647,6.89542676610232,6.69523759788564,6.6667725550776,6.72136637328104,6.251781843891,4970,4970,4970,5681.93653846154,65,65,65,57.6923076923077,125,125,125,109.134615384615,0,0,0,0,30,30,30,30.9615384615385,30,30,30,54.0384615384615,0,0,0,8.36538461538461,0,0,0,1699.51932431991,0,0,0,15.9183436688109,0,0,0,33.0436602718721,0,0,0,0,0,0,0,30.4707906024715,0,0,0,50.0885339853585,0,0,0,39.0037850582322,94.3439970895685,661.706602947206,3008.50696930525,18035.427688789,57.3651477372777
"310","2024-12-13","633",6,45.4604948201416,-73.640290675383,3,6.7131607632122,6.56925159347395,6.34097699431878,6.81935554071253,5.75434909432457,5.65689630804375,5.59619714469112,6.16960899539445,4970,3629.65,4557.84166666667,4592.20961538462,65,47.5,45.4166666666667,45.8653846153846,125,110,102.5,102.884615384615,0,0,0,0,30,22.5,16.25,16.4423076923077,30,32.5,60.8333333333333,60.7692307692308,0,0,0,0,0,1895.54114832678,2291.00879862535,2199.8664162884,0,24.7487373415292,15.7333365433998,15.2663012793254,0,21.2132034355964,17.1225529107612,16.7257625004578,0,0,0,0,0,10.6066017177982,11.8944219164814,11.6036056964364,0,3.53553390593274,50.8041396547624,49.1534673081797,0,0,0,0,664.759929990235,2080.38291326696,5192.70227172916,12772.2344318671,26.0839340563233
"311","2024-12-18","633",6,45.4640676211282,-73.6424060375272,3,8.89958629828114,8.558685921102,7.25278535107788,6.6360918514873,5.79723224983853,5.36027042819851,5.73267597701722,5.94847399435173,10231.2,10231.2,10416.5833333333,9213.54528301887,10,10,8.33333333333333,21.0377358490566,0,0,0,30.6603773584906,0,0,0,0,175,175,166.666666666667,127.169811320755,250,250,216.666666666667,146.981132075472,35,35,62.5,66.8867924528302,0,0,432.962187795431,2484.7177442678,0,0,3.89249472080761,25.6334834093635,0,0,0,54.2965303453837,0,0,0,0,0,0,19.4624736040381,59.5779179049318,0,0,77.8498944161523,106.221555571007,0,0,64.2261628933257,77.9498508355405,23.0173390192363,649.640678328363,3692.97888730435,13756.4311485161,54.2591412393834
"312","2024-12-20","633",6,45.4621337973078,-73.6435589983036,3,5.38697231132346,5.177065894191,3.98355286656272,4.53251084374361,4.28364632522432,4.80261676081928,4.65388126096751,5.12574313611015,11343.5,11343.5,8971.53571428571,7593.02075471698,0,0,18.9285714285714,25.8490566037736,0,0,36.0714285714286,51.3207547169811,0,0,0,0,125,125,102.5,92.1698113207547,50,50,51.4285714285714,59.811320754717,200,200,128.571428571429,88.1132075471698,0,0,3308.72142668367,3559.07535790053,0,0,27.8856574265318,26.5977126159484,0,0,53.4278295182667,53.0071742549664,0,0,0,0,0,0,39.6499102724758,47.2463819734284,0,0,18.3374953650638,43.5444320399704,0,0,99.4490316197694,99.1270863350831,381.853908056529,795.667225107932,3746.62513342518,12289.0167582587,133.673325153088
"313","2024-12-26","633",6,45.4636220487795,-73.642465450174,3,8.69264963692001,7.26025575050318,6.60309153714324,6.45889630043945,5.06876768386333,5.44028435391025,5.38312665440996,5.8695248718468,10787.35,10787.35,10163.5333333333,9077.18269230769,5,5,11.25,22.5961538461539,0,0,10.4166666666667,36.0576923076923,0,0,0,0,150,150,146.25,116.826923076923,150,150,165,121.153846153846,117.5,117.5,87.0833333333333,78.8461538461539,786.514872713796,786.514872713796,1720.8382013285,2682.49468436665,7.07106781186548,7.07106781186548,17.597133030954,27.5910326547641,0,0,36.0843918243516,57.1833698098095,0,0,0,0,35.3553390593274,35.3553390593274,43.8035386698381,59.7218129933247,141.42135623731,141.42135623731,105.183821777098,103.159002461436,116.67261889578,116.67261889578,83.9766832718067,86.4587365288896,353.31712529583,787.519811722982,4087.65793390328,14884.1812842454,49.6635135860585
"314","2024-12-31","633",6,45.4608669582287,-73.6431649112736,3,6.7147020481068,6.1994498868213,5.52112011372429,4.93335552286195,4.51330158582779,5.36047812362686,5.1971106085994,5.7641543307667,2289.3,2289.3,3294.59166666667,4680.98461538462,30,30,39.5833333333333,35.9615384615385,95,95,97.5,82.2115384615385,0,0,0,0,15,15,34.5833333333333,57.3076923076923,35,35,42.9166666666667,49.5192307692308,0,0,0,26.9230769230769,0,0,1261.92315099421,2877.838100093,0,0,15.4417281965773,20.1474579123974,0,0,20.0567377026456,39.1254074906859,0,0,0,0,0,0,35.8315714859328,46.8357741858693,0,0,22.1008364026561,24.359634229373,0,0,0,68.9284500168069,0,1533.40732724241,3818.22668720661,12385.0256313709,154.046016727231
"315","2024-11-17","634",5,45.4596155095105,-73.6407810629675,3,4.29216765534363,3.98835607701734,5.50681277687832,6.23400265446984,6.07139921944458,5.56087196455618,6.01974250400642,6.70586908522611,2289.3,2289.3,2289.3,3251.72352941177,30,30,30,35.8823529411765,95,95,95,97.3529411764706,0,0,0,0,15,15,15,15,35,35,35,47.3529411764706,0,0,0,0,0,0,0,1883.46013205358,0,0,0,11.7773461506802,0,0,0,10.6935934641481,0,0,0,0,0,0,0,7.34846922834953,0,0,0,36.0465385463913,0,0,0,0,203.702598252417,516.819191776628,1839.53679093357,8720.68886530057,98.1671239363243
"316","2024-11-18","634",5,45.4631166194524,-73.6392617994012,3,7.67721188833305,6.05421053726875,7.09672330710997,7.73988390856169,7.25723076298193,6.14284638528692,6.51150116306161,6.66382149365399,4970,4970,5120.67692307692,5440.67307692308,65,65,63.4615384615385,59.9038461538462,125,125,114.230769230769,105.480769230769,0,0,0,0,30,30,25.3846153846154,25.6730769230769,30,30,43.8461538461538,58.9423076923077,0,0,0,0.673076923076923,0,0,367.797811652558,990.734782008052,0,0,3.75533808099405,10.0240096384017,0,0,26.2873665669584,31.9506300435687,0,0,0,0,0,0,11.2660142429822,25.0299594242236,0,0,33.7980427289465,49.7674645516874,0,0,0,4.85362671697075,379.228420222707,789.916817604734,4368.6416168434,17375.485976288,173.395782781368
"317","2024-11-29","634",5,45.4587917979759,-73.6427353486274,3,0.0257487967423295,2.37357169137012,4.4831268237201,6.32186455936879,0.0128331862550331,5.63562487043834,6.23795115670005,7.2445671107371,2289.3,2289.3,2289.3,2638.936,30,30,30,33,95,95,95,92.2,0,0,0,0,15,15,15,18.4,35,35,35,42.8,0,0,0,0,0,0,0,982.179525499388,0,0,0,9.5831484749991,0,0,0,7.83503382902976,0,0,0,0,0,0,0,18.9370600912063,0,0,0,21.4799384333857,0,0,0,0,0,95.2889506167791,1073.83729906519,11625.9747059894,212.8988903012
"318","2024-12-06","634",5,45.4620413163056,-73.6423454156329,3,4.05448110332185,4.86107638456375,5.44412405792293,6.02025343898215,4.83314182243932,5.5737844937634,5.23626902782144,5.75127232252025,4970,4970,7094.5,6735.51764705883,65,65,43.3333333333333,37.9411764705882,125,125,83.3333333333333,75.6862745098039,0,0,0,0,30,30,61.6666666666667,68.4313725490196,30,30,36.6666666666667,49.7058823529412,0,0,66.6666666666667,60.1960784313725,0,0,3138.09447102711,3296.7853021212,0,0,32.0037876546265,28.9167161100329,0,0,61.5457454896664,56.6570349369179,0,0,0,0,0,0,46.7747665721464,50.7591390399643,0,0,9.84731927834662,44.1634664027393,0,0,98.4731927834662,91.3945336675762,50.0397424276002,1384.51765417676,4341.69864637337,14197.7585796122,48.3802010844799
"319","2024-12-08","634",5,45.4621383827067,-73.6421366822937,3,6.8413009838256,5.15993760637437,5.6967678769728,6.13447975789995,7.14411847787639,5.8928411766586,5.47194464454938,5.8235451922124,4970,4970,7094.5,6831.38301886793,65,65,43.3333333333333,39.1509433962264,125,125,83.3333333333333,76.8867924528302,0,0,0,0,30,30,61.6666666666667,68.4905660377359,30,30,36.6666666666667,51.8867924528302,0,0,66.6666666666667,58.5849056603774,0,0,3109.94955746874,3219.00289941417,0,0,31.7167523708273,29.2984616466824,0,0,60.9937545592833,57.6730374202974,0,0,0,0,0,0,46.3552534650553,51.8928713947929,0,0,9.75900072948533,51.274397711408,0,0,97.5900072948533,90.0607559805012,0,1213.80117151074,4283.67123125227,13829.0481953179,29.0176614378955
"320","2024-12-13","634",5,45.4610334093908,-73.6423406422551,3,6.81073006095157,6.66598466921062,6.64629249430126,5.78516363034706,4.81934694300646,5.72107782741777,5.77178241158481,5.89580272480457,4970,4299.825,3853.04166666667,4629.17058823529,65,56.25,50.4166666666667,40.1960784313726,125,117.5,112.5,90.8823529411765,0,0,0,0,30,26.25,23.75,46.5686274509804,30,31.25,32.0833333333333,42.4509803921569,0,0,0,23.5294117647059,0,1340.35,1380.36923351447,2747.6674170135,0,17.5,18.0225027690553,21.7016309136831,0,15,15.4478595163331,39.1625571477775,0,0,0,0,0,7.5,7.72392975816656,42.2432266295844,0,2.5,2.57464325272219,20.0841367506699,0,0,0,65.0791373455968,365.929676208712,783.84313270559,4443.6222757454,14693.5137789554,106.143412737041
"321","2024-12-18","634",5,45.4637193341461,-73.6441041544106,3,4.32851007039615,6.09521614140103,5.84265456079599,6.38416813278565,4.46927639633897,5.64189195841864,5.38223148729953,6.39865974453611,11343.5,11343.5,11025.7,10806.2647058824,0,0,2.85714285714286,5.09803921568628,0,0,0,3.52941176470588,0,0,0,0,125,125,139.285714285714,138.137254901961,50,50,107.142857142857,123.627450980392,200,200,152.857142857143,132.745098039216,0,0,521.454282972888,731.799654502113,0,0,4.68807230938495,6.89131308811546,0,0,0,13.1641223652418,0,0,0,0,0,0,23.4403615469248,31.6537641413107,0,0,93.7614461876991,94.8371152628154,0,0,77.3531931048517,79.0652497971783,0,602.788409816714,2855.53392149714,15620.7988154478,77.0879914370505
"322","2024-12-20","634",5,45.4624840527919,-73.639924859975,3,7.9617342548765,7.86240056236475,7.6370000192425,7.24790686797009,6.83357362660233,6.53817570396336,6.73831535490158,6.40696820824956,4970,4970,4970,5632.04423076923,65,65,65,59.2307692307692,125,125,125,107.5,0,0,0,0,30,30,30,27.6923076923077,30,30,30,58.2692307692308,0,0,0,4.51923076923077,0,0,0,1392.92802333838,0,0,0,12.9245402461036,0,0,0,32.637341779492,0,0,0,0,0,0,0,28.2055052765142,0,0,0,51.4865736865925,0,0,0,28.0625983623695,385.800677521456,792.951149532,4046.31549800101,17483.8357387472,100.671281102511
"323","2024-12-26","634",5,45.4635591508917,-73.6455547744131,3,7.30683071915443,8.05990548452045,6.55341409677575,6.49785935084304,7.62373037142924,8.53082955363065,7.96344261774076,6.92202710355625,11343.5,11343.5,10711.325,9712.93333333333,0,0,6.25,13.3333333333333,0,0,13.75,24.1176470588235,0,0,0,0,125,125,108.75,106.470588235294,50,50,58.75,86.6666666666667,200,200,172.5,123.235294117647,0,0,1143.64760555069,2183.24545634857,0,0,11.3066754216661,15.4164414397962,0,0,24.8746859276655,28.2082591159565,0,0,0,0,0,0,29.397356096332,36.7599526339066,0,0,15.8293455903326,57.4166061925177,0,0,49.749371855331,75.271664850804,133.021662783498,909.999587810329,4729.42314992042,14811.4782694302,37.9742450335431
"324","2024-12-31","634",5,45.4622826370124,-73.6420021899568,3,6.33173640454725,5.53214078190731,5.93477188777946,6.0950450178928,6.55943105085955,5.72164723270911,5.39005789238929,5.82437863905348,4970,6563.375,6931.07692307692,6961.40588235294,65,48.75,45,40.1960784313726,125,93.75,86.5384615384615,77.9411764705882,0,0,0,0,30,53.75,59.2307692307692,68.1372549019608,30,35,36.1538461538462,54.2156862745098,0,50,61.5384615384615,57.6470588235294,0,3186.75,3061.73036483017,3159.67948984778,0,32.5,31.224989991992,29.8154453985468,0,62.5,60.0480576769077,59.0946399480379,0,0,0,0,0,47.5,45.6365238344498,53.5440079216501,0,10,9.60768922830523,58.816430944249,0,100,96.0768922830523,88.9289207242305,324.204109004657,1143.08124743058,4304.51794455432,14365.9741580047,11.1384707324989
"325","2025-01-04","634",5,45.4605248378765,-73.6546261278828,3,5.6327392399644,4.38361377333782,6.55201969931299,5.41883286489494,5.43853458565087,4.50751174490246,6.28945591638789,6.06941435511157,7485.5,8309.05,8080.08571428571,7804.16274509804,30,15,21.0714285714286,31.2745098039216,15,10,10.3571428571429,13.6274509803922,0,7.5,6.42857142857143,6.1764705882353,120,60,67.1428571428571,61.5686274509804,45,200,176.428571428571,170.980392156863,0,0,0,0,0,950.953628382233,1028.69561234465,1256.84930074544,0,17.3205080756888,23.7112900265944,33.1035215234709,0,5.77350269189626,4.98624481575437,17.2938842187794,0,8.66025403784439,7.70328886519643,7.45575182621563,0,69.2820323027551,60.5651043764631,55.113430269567,0,178.978583448784,160.569043038867,156.150631147758,0,0,0,0,357.828319200676,875.443186569186,4647.23329110727,15658.4111291051,141.445111665508
"326","2025-01-07","634",5,45.4616167821572,-73.6421337650181,3,5.51813521743526,6.12882935380766,5.77557983311401,6.1854044848389,4.12446785328346,5.60363032273893,5.75886534881574,5.90008421537416,4970,4970,5501.125,5836.044,65,65,59.5833333333333,42,125,125,114.583333333333,87.3,0,0,0,0,30,30,37.9166666666667,54.6,30,30,31.6666666666667,40.1,0,0,16.6666666666667,44,0,0,1839.87097034004,3116.13931293457,0,0,18.7638837486628,26.5921578128375,0,0,36.0843918243516,50.1651354660438,0,0,0,0,0,0,27.4241377865072,44.4104234868991,0,0,5.77350269189626,16.8574455178641,0,0,57.7350269189626,83.6903915192961,390.527655502178,802.581353750766,4685.4453643339,15169.9632507202,80.8117621243545
"327","2025-01-11","634",5,45.4619482855997,-73.639244072527,3,11.6606433838008,9.87975160397506,8.14342389589492,7.15471883034996,7.83013409899256,7.74878577823133,6.74426469487204,6.18217117584442,7789.2,5674.8,5912.78461538461,5935.93725490196,45,60,58.0769230769231,57.5490196078431,85,115,107.307692307692,100.294117647059,0,0,0,0,0,22.5,18.4615384615385,15.8823529411765,145,58.75,72.3076923076923,79.2156862745098,0,0,0,0,0,1409.6,1329.02916060694,1210.60241829608,0,10,9.47330933431342,8.68173652097366,0,20,24.5471811531203,28.3797773899987,0,0,0,0,0,15,15.191090506255,15.1230249075025,0,57.5,56.0734408542116,53.4076075949823,0,0,0,0,548.500408006202,1697.19550304647,4990.85233060052,15801.870722718,72.5336094880521
"328","2025-01-18","634",5,45.4639522177029,-73.6421942052148,3,7.23318721571339,8.0897135974477,6.86903683300183,6.69535691054333,5.87038815342676,5.54968689785441,5.5595870143821,5.99361115598523,10231.2,10231.2,9592.90769230769,8890.44423076923,10,10,16.9230769230769,24.4230769230769,0,0,19.2307692307692,38.4615384615385,0,0,0,0,175,175,145,117.884615384615,250,250,185.384615384615,132.307692307692,35,35,55,65.4807692307692,0,0,2092.41589933006,2677.02937537725,0,0,21.6543357416074,27.6116955568357,0,0,46.9417260124257,58.2551728035463,0,0,0,0,0,0,54.2755316264459,62.5076164288311,0,0,101.045813422706,106.100495916776,0,0,65.6378955583841,79.8543994600308,0,707.519895117633,4047.6810943252,13899.9909203531,65.7597818666891
"329","2025-01-25","634",5,45.4614431030922,-73.645021782915,3,0.0277841768451265,0.464574806163988,1.56757512265298,3.02748194028158,0.0109957556558429,2.08825333651308,3.27762530830683,4.39978178887082,4300,4300,5809.32142857143,6227.05294117647,35,35,27.5,24.9019607843137,65,65,51.0714285714286,49.4117647058824,0,0,0,0,110,110,113.214285714286,105.392156862745,90,90,81.4285714285714,72.7450980392157,0,0,42.8571428571429,58.8235294117647,0,0,2999.23016152699,3380.51403418788,0,0,14.9035359769212,16.8371671037153,0,0,27.6779953857108,34.1122713817701,0,0,0,0,0,0,6.3872297043948,29.9306387712475,0,0,17.0326125450528,22.1430288237674,0,0,85.163062725264,92.0357986616845,0,0,0,9699.31312535152,237.464161631639
"330","2025-01-27","634",5,45.4630059266548,-73.6408464242719,3,8.4376955276673,6.94330532104808,6.61132502121764,7.22370989370785,5.81853137058376,5.51067358617715,6.24396717807417,6.39644126252419,4970,4970,5345.8,6497.22745098039,65,65,61.0714285714286,49.4117647058824,125,125,116.071428571429,92.3529411764706,0,0,0,0,30,30,40.3571428571429,60.4901960784314,30,30,45.7142857142857,64.8039215686275,0,0,2.5,28.3333333333333,0,0,1406.11484594965,2555.32726742219,0,0,14.6993683051833,26.2801647411794,0,0,33.407655239053,54.8393375340774,0,0,0,0,0,0,38.7528800773015,55.6440014912729,0,0,58.7974732207334,76.5046455080586,0,0,9.35414346693485,64.4411876571705,338.455469992677,772.168996311151,3730.9883653184,16705.9085685824,93.0979689823144
"331","2025-02-05","634",5,45.4607465062872,-73.6431282403252,3,5.98194131956207,7.01561461886794,5.82785456570118,4.97620318607212,4.6958839860551,5.31723046575444,5.4120873027844,5.7846591719835,2289.3,2289.3,3294.59166666667,4320.25098039216,30,30,39.5833333333333,36.5686274509804,95,95,97.5,85.0980392156863,0,0,0,0,15,15,34.5833333333333,53.5294117647059,35,35,42.9166666666667,49.3137254901961,0,0,0,19.6078431372549,0,0,1261.92315099421,2601.23643803269,0,0,15.4417281965773,18.6142471262856,0,0,20.0567377026456,35.390538228154,0,0,0,0,0,0,35.8315714859328,45.7853046036286,0,0,22.1008364026561,24.6174655040509,0,0,0,60.0653239170065,143.650444961086,1100.87058711578,4248.05912840976,11860.7448306198,147.48556024173
"332","2025-02-08","634",5,45.4647420542988,-73.6418320695181,3,6.75149670987381,7.911241118198,7.05084479843592,7.10440509317897,4.8553716125979,5.95436180271684,6.27747875514763,6.20042658344785,10231.2,10231.2,9792.76666666667,9472.78076923077,10,10,14.5833333333333,21.7307692307692,0,0,10.4166666666667,29.1346153846154,0,0,0,0,175,175,162.916666666667,132.019230769231,250,250,231.666666666667,182.980769230769,35,35,32.0833333333333,39.3269230769231,0,0,1518.77761813023,3112.76424880564,0,0,15.8771324027147,24.1093224054029,0,0,36.0843918243516,53.0604645280043,0,0,0,0,0,0,41.8578945162479,64.285359655705,0,0,63.5085296108588,100.368241673607,0,0,10.1036297108184,49.3589180427094,0,602.441659518622,3739.24888120447,14950.4616629531,82.0465196290055
"333","2025-02-10","634",5,45.4607424605366,-73.6378520873707,3,6.27810972644472,7.56684048085605,6.54644413135751,7.13586772275763,5.43295316542095,6.02773458072934,5.65677846475022,5.99328232949295,7789.2,7789.2,7789.2,6213.11923076923,45,45,45,43.6538461538461,85,85,85,78.8461538461538,0,0,0,0,0,0,0,11.5384615384615,145,145,145,114.326923076923,0,0,0,0,0,0,0,2079.6456819295,0,0,0,14.3183477732684,0,0,0,28.9457806979042,0,0,0,0,0,0,0,24.7841359273459,0,0,0,44.5459538682604,0,0,0,0,384.528778327035,792.299778381805,3236.30455275341,18691.6099933268,161.239121953991
"334","2025-02-12","634",5,45.4631469006551,-73.6385559115952,3,7.0648350587111,7.12840711970792,7.17980178414848,8.06521698618818,5.83459847629668,5.9711058796303,6.14265313008683,6.76222095442316,5949.4,5214.85,5346.69230769231,5751.82745098039,55,62.5,61.1538461538462,57.0588235294118,55,107.5,98.0769230769231,99.1176470588235,0,0,0,0,0,22.5,18.4615384615385,21.2745098039216,120,52.5,64.6153846153846,65.3921568627451,0,0,0,0,0,489.7,495.938468060871,2041.15103224415,0,5,5.06369683541833,11.2772545678563,0,35,35.4458778479283,31.7758694979845,0,0,0,0,0,15,15.191090506255,15.324592564075,0,45,45.573271518765,46.8278030368167,0,0,0,0,251.280425785364,1572.31406421201,4863.4773834854,16019.4652413536,118.106592713568
"335","2025-02-19","634",5,45.4598785713468,-73.6415726496455,3,3.7782213263983,5.84859179306985,6.30815290350188,5.77327564414413,7.23940388461167,7.62858360197452,6.85385059260204,6.2855618784343,2289.3,2289.3,2495.50769230769,3122.12115384615,30,30,32.6923076923077,37.5961538461539,95,95,97.3076923076923,100.192307692308,0,0,0,0,15,15,16.1538461538462,17.0192307692308,35,35,34.6153846153846,40.3846153846154,0,0,0,0,0,0,743.492408010486,1575.1843282534,0,0,9.70725343394151,13.9498536296834,0,0,8.32050294337843,12.4444466889318,0,0,0,0,0,0,4.16025147168922,7.29353832905992,0,0,1.38675049056307,26.2126700738057,0,0,0,0,0,100.953144247567,2509.69881416179,10547.2679584489,63.8249441632044
"336","2025-02-21","634",5,45.4587028514905,-73.6383397854859,3,8.2046009651768,6.77704591629244,5.85281018171057,5.12416726467925,5.6934160315053,5.39689820927491,6.10772857392652,6.26719432674178,2289.3,2289.3,2863.7,3312.20188679245,30,30,25,21.8867924528302,95,95,70.4166666666667,54.0566037735849,0,0,0,0,15,15,32.5,43.8679245283019,35,35,61.6666666666667,80.6603773584906,0,0,0,0,0,0,1564.85256813541,1917.9237599641,0,0,12.7920429813366,15.2298547613643,0,0,42.5578928334597,46.0983126231901,0,0,0,0,0,0,34.9350045864395,39.5605853459889,0,0,40.7505344824588,42.5400008120079,0,0,0,0,84.5093395664702,593.919420883422,2166.45005721497,7308.76785886514,248.509799294329
"337","2025-03-01","634",5,45.4608207170418,-73.6438898488427,3,2.07253744011197,4.5780967575705,3.85926417522685,4.34354681166116,3.17974383425559,4.66191242126353,4.68190647702988,5.42560960605005,3294.65,3294.65,3518.04166666667,4732.56346153846,32.5,32.5,35.4166666666667,33.3653846153846,80,80,82.5,74.7115384615385,0,0,0,0,62.5,62.5,63.75,70.4807692307692,62.5,62.5,62.0833333333333,58.4615384615385,0,0,0,26.9230769230769,1421.77960493179,1421.77960493179,1100.65957205696,2820.87560415715,3.53553390593274,3.53553390593274,9.64325796826074,17.7322447470911,21.2132034355964,21.2132034355964,20.0567377026456,36.4800974685131,0,0,0,0,67.175144212722,67.175144212722,48.4826585679682,47.6842105591734,38.8908729652601,38.8908729652601,29.1904664802283,26.8170720707812,0,0,0,68.9284500168069,484.31993208806,1120.54168420817,3327.64637320325,11825.7102647969,207.342608603013
"338","2025-03-04","634",5,45.4631521130024,-73.6394282610802,3,5.76333257690279,6.12619794352637,6.94098740026932,7.67498754769139,6.74191629259293,6.25414759601007,6.46613187750366,6.62469585322433,4970,4970,5045.33846153846,5486.01764705882,65,65,64.2307692307692,59.8039215686275,125,125,119.615384615385,107.450980392157,0,0,0,0,30,30,27.6923076923077,30,30,30,36.9230769230769,58.1372549019608,0,0,0,1.37254901960784,0,0,271.636686091495,1204.74196170066,0,0,2.77350098112615,11.9983659018104,0,0,19.414506867883,33.427122954565,0,0,0,0,0,0,8.32050294337844,31.984371183439,0,0,24.9615088301353,55.3530557811737,0,0,0,6.86137241173725,365.605882581521,783.755297119344,3847.12419801447,17585.0467212962,174.364195373557
"339","2025-03-06","634",5,45.4615627697139,-73.6397545255951,3,7.11211951599141,8.30046912365692,8.08617912138098,7.26998155789342,6.82500875223196,7.31428183052199,6.74533850137249,6.12539739245628,4970,4970,5909.73333333333,5684.94509803922,65,65,58.3333333333333,55.3921568627451,125,125,111.666666666667,104.019607843137,0,0,0,0,30,30,20,17.0588235294118,30,30,68.3333333333333,73.0392156862745,0,0,0,0,0,0,1388.07812547574,1591.79515143296,0,0,9.84731927834662,11.569059480135,0,0,19.6946385566932,24.3519939192489,0,0,0,0,0,0,14.7709789175199,14.3936260403081,0,0,56.6220858504931,53.7594496937287,0,0,0,0,504.414195346708,1712.4267646137,5329.44718414518,16989.2898869464,20.067281792672
"340","2025-03-08","634",5,45.4606883399747,-73.6399401119533,3,5.95647209639375,6.06736881953588,6.46301328512838,6.85829319688336,6.5511625330583,5.44006535630776,5.53611437827145,6.11752576432278,7789.2,6379.6,6064.96153846154,5015.27884615385,45,55,53.0769230769231,47.0192307692308,85,105,104.230769230769,102.115384615385,0,0,0,0,0,15,15,15.2884615384615,145,87.5,83.4615384615385,69.2307692307692,0,0,0,0,0,1627.66587889939,1809.40262496515,2245.57119755069,0,11.5470053837925,12.1686861688895,14.5608801509123,0,23.094010767585,20.1913919206257,17.3019933637421,0,0,0,0,0,17.3205080756888,15,12.4228387688532,0,66.395280956807,59.3150000486321,53.3613708354264,0,0,0,0,794.626484770627,2068.12568427492,5732.25519488039,14468.9582671236,9.88415637515342
"341","2025-03-12","634",5,45.4622482270475,-73.6399916648757,3,8.78593020542675,9.67421714993093,7.77762975537834,7.02018504761427,7.0952690675913,7.28863294972189,6.71923095036628,6.31495020399398,4970,4970,5146.2,5711.93888888889,65,65,63.75,58.7037037037037,125,125,122.5,106.666666666667,0,0,0,0,30,30,28.125,26.6666666666667,30,30,37.1875,61.4814814814815,0,0,0,4.35185185185185,0,0,704.8,1426.9285127625,0,0,5,12.965308762493,0,0,10,32.3016443298959,0,0,0,0,0,0,7.5,28.1672900083606,0,0,28.75,53.1430042044765,0,0,0,27.5415003547185,55.3678163125032,641.101753298041,4115.02278929815,16395.8972289064,74.2617465942898
"342","2024-11-17","635",3,45.4080045629532,-73.9261942292048,3,4.26745650376194,6.38803701318216,7.00322255065005,7.31794316641972,5.66404693154577,7.07272744135038,6.71866838921865,6.85189844300939,686.5,814.925,833.271428571429,868.435416666667,175,176.25,176.428571428571,176.770833333333,0,0,0,0,0,0,0,0,5,3.75,3.57142857142857,3.22916666666667,0,0,0,0,0,0,0,0,0,256.85,240.826274533105,248.282051766957,0,2.5,2.34403615469248,2.41660552625031,0,0,0,0,0,0,0,0,0,2.5,2.34403615469248,2.41660552625031,0,0,0,0,0,0,0,0,190.803645763968,763.98169094209,1927.53806794612,7036.06924036695,62.8390169698538
"343","2024-11-24","635",3,45.4100944062144,-73.9177549931099,3,5.84063691344343,3.58405999019428,4.29570505528894,5.81271375614915,4.74948379821468,4.58880337476456,5.54342579343204,6.72593496473863,686.5,686.5,867.546153846154,959.809803921569,175,175,175,175,0,0,1.53846153846154,2.05882352941176,0,0,0,0,5,5,3.46153846153846,2.54901960784314,0,0,0,0,0,0,0,0,0,0,282.65821709674,285.898321264678,0,0,0,0,0,0,2.40192230707631,2.48525060873854,0,0,0,0,0,0,2.40192230707631,2.52439082148701,0,0,0,0,0,0,0,0,0,408.067945097287,1069.75253699538,5036.19556934018,63.7109127899791
"344","2024-11-29","635",3,45.4098437025667,-73.9218953011123,3,4.31806415279968,3.90409871905511,5.18380207563234,6.01445248249412,5.82321898163469,5.76776029552167,6.80008630779211,6.89943977926033,686.5,857.733333333333,923.592307692308,955.243396226415,175,176.666666666667,177.307692307692,177.075471698113,0,0,0,0.471698113207547,0,0,0,0,5,3.33333333333333,2.69230769230769,2.45283018867925,0,0,0,0,0,0,0,0,0,296.584833282711,266.545841778165,267.063169212421,0,2.88675134594813,2.59437260831385,2.48726801472383,0,0,0,1.47548914425151,0,0,0,0,0,2.88675134594813,2.59437260831385,2.5234746934142,0,0,0,0,0,0,0,0,96.9618685843606,700.859519483973,1577.92922114849,5978.10610679737,103.710895401792
"345","2024-12-06","635",3,45.4114102564909,-73.9196914177831,3,10.0073405366373,9.02519338639866,8.43124200456163,5.77481826009005,6.90671339315716,7.58936703038886,7.53173456588969,6.83010596136644,1274.9,1274.9,1274.9,1215.56862745098,175,175,175,175.882352941176,5,5,5,3.72549019607843,0,0,0,0,0,0,0,0.392156862745098,0,0,0,0,0,0,0,0,0,0,0,158.464396619804,0,0,0,1.92506684375924,0,0,0,2.2007128969727,0,0,0,0,0,0,0,1.35762191161677,0,0,0,0,0,0,0,0,0,290.101273755315,1807.63113862276,6243.4545820447,155.919009487626
"346","2024-12-13","635",3,45.4093647278889,-73.9196520871965,3,2.66412744424786,4.16289018927783,3.95799787786619,4.80925084679152,4.72244797135383,5.94660174635473,5.86008959288439,6.6046163683156,686.5,686.5,739.990909090909,832.090196078431,175,175,175,175.294117647059,0,0,0.454545454545455,0.980392156862745,0,0,0,0,5,5,4.54545454545455,3.72549019607843,0,0,0,0,0,0,0,0,0,0,177.409275149556,251.904224065339,0,0,0,1.18817705157201,0,0,1.50755672288882,2.00489596815826,0,0,0,0,0,0,1.50755672288882,2.2007128969727,0,0,0,0,0,0,0,0,0,0,489.287484744811,4007.19920802548,133.519545378203
"347","2024-12-18","635",3,45.4125124830916,-73.9226031989442,3,6.87332807018051,7.29299076994756,5.78827927893564,5.67194730146403,5.55381245051052,6.81892590918419,6.28218695336,6.60200551205949,1274.9,1250,1251.91538461538,1241.85961538462,175,176.666666666667,176.538461538462,177.211538461538,5,3.33333333333333,3.46153846153846,2.78846153846154,0,0,0,0,0,0,0,0,0,0,0,0,0,0,0,0,0,43.1280651084651,35.88471926772,37.4625002547797,0,2.88675134594813,2.40192230707631,2.50753013753545,0,2.88675134594813,2.40192230707631,2.50753013753545,0,0,0,0,0,0,0,0,0,0,0,0,0,0,0,0,160.047748777151,737.070779926908,1599.31819237326,5612.67693763651,24.738962674922
"348","2024-12-29","635",3,45.4084940481597,-73.9228325367077,3,2.27287523935101,5.47503040923149,6.66370717867799,6.3088275775695,2.96441965083561,5.7543331136913,6.86769364728191,6.70950844784796,686.5,686.5,686.5,765.530769230769,175,175,175,175.769230769231,0,0,0,0,0,0,0,0,5,5,5,4.23076923076923,0,0,0,0,0,0,0,0,0,0,0,187.151855651785,0,0,0,1.82160653739327,0,0,0,0,0,0,0,0,0,0,0,1.82160653739327,0,0,0,0,0,0,0,0,149.295561517087,377.966105534687,1640.75635113197,6253.37657014779,117.033901425314
"349","2025-01-12","635",3,45.4112518146556,-73.9203387682316,3,8.08862445382396,8.25802451005275,8.59641570100078,5.87347257491468,7.51798551561284,7.82100339086837,7.8028041515638,6.86956266537561,1274.9,1274.9,1250,1195.2431372549,175,175,176.666666666667,176.470588235294,5,5,3.33333333333333,3.03921568627451,0,0,0,0,0,0,0,0.490196078431373,0,0,0,0,0,0,0,0,0,0,36.7797375046246,172.694420587235,0,0,2.46182981958665,2.30089496654211,0,0,2.46182981958665,2.46544749945097,0,0,0,0,0,0,0,1.50163309792516,0,0,0,0,0,0,0,0,56.9749812523257,684.517447387786,1682.4732657089,5356.12824074006,178.705106230632
"350","2025-01-19","635",3,45.4091831172852,-73.9233497789609,3,6.05514734079974,6.99520023713391,6.7756055227897,6.43704260482996,6.57824586259696,7.23862444847005,6.94759214474129,6.80202935383451,686.5,814.925,833.271428571429,871.432,175,176.25,176.428571428571,176.8,0,0,0,0,0,0,0,0,5,3.75,3.57142857142857,3.2,0,0,0,0,0,0,0,0,0,256.85,240.826274533105,249.079373825506,0,2.5,2.34403615469248,2.42436610692531,0,0,0,0,0,0,0,0,0,2.5,2.34403615469248,2.42436610692531,0,0,0,0,0,0,0,0,128.248816197946,738.913628044495,1993.21550226947,6368.82651218926,54.5419225310748
"351","2025-01-26","635",3,45.4094185457787,-73.9328108605106,3,9.06486719287171,8.25960005281226,6.93848223638423,5.53101299172231,6.50897663290883,6.96610518255387,7.30213634889104,6.99821056820777,201.7,180.85,169.623076923077,199.974509803922,155,205,231.923076923077,254.019607843137,0,5,7.69230769230769,9.80392156862745,40,33.75,30.3846153846154,26.1764705882353,0,0,0,0,40,31.25,26.5384615384615,21.2745098039216,0,0,0,0,0,41.7,42.2312316073889,208.218234401445,0,100,101.273936708367,100.120026008003,0,10,10.1273936708367,10.097563285948,0,12.5,12.6592420885458,13.4754679063147,0,0,0,0,0,17.5,17.7229389239642,17.8561792457094,0,0,0,0,262.317283945454,705.653446221104,1812.63064860872,4194.74494971594,87.7643937822235
"352","2025-01-31","635",3,45.4107799103105,-73.9206053648653,3,6.78362004577259,8.22150348918817,7.74205310894267,6.15708914817662,6.24629131593059,8.49851265783787,7.84568764531429,7.02370818077048,1274.9,1237.55,1240.42307692308,1107.93469387755,175,177.5,177.307692307692,176.530612244898,5,2.5,2.69230769230769,2.24489795918367,0,0,0,0,0,0,0,1.22448979591837,0,0,0,0,0,0,0,0,0,43.1280651084651,38.759926768209,244.620574011247,0,2.88675134594813,2.59437260831385,2.32828657328666,0,2.88675134594813,2.59437260831385,2.51272272847684,0,0,0,0,0,0,0,2.17241518939222,0,0,0,0,0,0,0,0,164.271406156877,651.777380417152,1693.16048087594,5328.61127859313,172.010052476481
"353","2025-02-09","635",3,45.4098504889164,-73.9215597299709,3,2.47971501241203,2.83733319507814,4.93651080473789,6.09992959904998,4.39511279447761,4.83400056015778,6.91852107116894,7.04065184561716,686.5,857.733333333333,884.076923076923,963.284615384615,175,176.666666666667,176.923076923077,176.923076923077,0,0,0,0.673076923076923,0,0,0,0,5,3.33333333333333,3.07692307692308,2.40384615384615,0,0,0,0,0,0,0,0,0,296.584833282711,260.12210643544,269.987294824249,0,2.88675134594813,2.53184841770917,2.45625375394537,0,0,0,1.72321125042017,0,0,0,0,0,2.88675134594813,2.53184841770917,2.52252297748617,0,0,0,0,0,0,0,0,346.221189094554,729.423065941879,1686.70628867314,5595.8693089059,129.754888597705
"354","2025-02-21","635",3,45.4110338021945,-73.923257392028,3,5.26892451092859,7.1159015891964,8.0772716914496,6.47358075711054,4.52590403591266,6.11653396899375,6.91926619815432,6.63975506880116,1200.2,1200.2,1200.2,1165.76862745098,180,180,180,179.21568627451,0,0,0,0.392156862745098,0,0,0,0,0,0,0,0.392156862745098,0,0,0,0,0,0,0,0,0,0,0,142.647091088737,0,0,0,1.83645011356362,0,0,0,1.35762191161677,0,0,0,0,0,0,0,1.35762191161677,0,0,0,0,0,0,0,0,99.5024983754246,427.371223538531,859.760555027061,6262.29441952162,150.481290516625
"355","2025-02-23","635",3,45.4110970070247,-73.9221048230409,3,5.36986709103766,7.20479418726529,6.99322587419807,6.56438309722405,5.68634056954032,7.37791379111574,6.84740063012803,6.99960315619943,1200.2,1200.2,1200.2,1163.87222222222,180,180,180,178.055555555556,0,0,0,1.38888888888889,0,0,0,0,0,0,0,0.555555555555555,0,0,0,0,0,0,0,0,0,0,0,173.518705877229,0,0,0,2.46037784079943,0,0,0,2.26054482217933,0,0,0,0,0,0,0,1.58610317143629,0,0,0,0,0,0,0,0,0,0,520.128826795416,5920.56250939966,179.253389151236
"356","2025-02-28","635",3,45.4112927616031,-73.9217997390304,3,1.93346076638694,5.30863028147332,6.70592170372089,6.40952377357682,4.30323582631635,6.22165355472707,6.86597383717671,6.99338223507857,1200.2,1200.2,1200.2,1200.73076923077,180,180,180,177.692307692308,0,0,0,2.01923076923077,0,0,0,0,0,0,0,0.288461538461539,0,0,0,0,0,0,0,0,0,0,0,133.492330011674,0,0,0,2.51691112853817,0,0,0,2.47727225553719,0,0,0,0,0,0,0,1.17717738949355,0,0,0,0,0,0,0,0,0,0,1109.50897927192,5577.24618191213,172.344726186196
"357","2025-03-04","635",3,45.4107561949045,-73.9231163185908,3,7.30753809585024,7.16042379018686,7.87473823062707,6.39156069292311,6.44807442245499,6.548581788301,6.95974107293468,6.80231934853963,1200.2,1200.2,1200.2,1132.48461538462,180,180,180,179.230769230769,0,0,0,0.0961538461538461,0,0,0,0,0,0,0,0.673076923076923,0,0,0,0,0,0,0,0,0,0,0,177.915738355973,0,0,0,1.82160653739327,0,0,0,0.693375245281537,0,0,0,0,0,0,0,1.72321125042017,0,0,0,0,0,0,0,0,186.213728515987,388.846822125635,792.047065882846,6640.97830184355,119.749876162011
"358","2025-03-07","635",3,45.4086812108906,-73.9212397317741,3,8.54224752043116,6.16257051039234,5.9227679399685,5.44583826120057,7.34066142426634,6.81177926887663,6.81351595625205,6.62001478283605,686.5,686.5,686.5,737.330769230769,175,175,175,175.384615384615,0,0,0,0.0961538461538461,0,0,0,0,5,5,5,4.51923076923077,0,0,0,0,0,0,0,0,0,0,0,157.642523797358,0,0,0,1.34534558799263,0,0,0,0.693375245281537,0,0,0,0,0,0,0,1.48839148096303,0,0,0,0,0,0,0,0,0,441.588989211136,1086.85629306607,5299.82234865216,110.152575730695
"359","2025-03-09","635",3,45.4102921695374,-73.9173406616058,3,2.21871561911736,4.15788100337458,5.12496788862435,6.70822331487736,2.56971430454282,5.15519642283643,5.74590504934241,7.15117450181159,686.5,882.633333333333,958.069230769231,998.398039215686,175,175,175,175,0,1.66666666666667,2.30769230769231,2.25490196078431,0,0,0,0,5,3.33333333333333,2.69230769230769,2.15686274509804,0,0,0,0,0,0,0,0,0,339.712898391176,305.305768546374,280.735865532137,0,0,0,0,0,2.88675134594813,2.59437260831385,2.51271277510902,0,0,0,0,0,2.88675134594813,2.59437260831385,2.50098019999845,0,0,0,0,0,0,0,0,162.253789373103,548.515785547758,1173.5016806695,5213.53249075957,93.1074569895295
"360","2024-11-17","637",3,45.4096850849925,-73.9183087452945,3,1.71225560609775,4.58249671332177,3.54117800087387,5.05404104318163,3.64280909853158,5.91139904881774,5.35741898540437,6.55463579019033,686.5,686.5,735.533333333333,890.176923076923,175,175,175,175,0,0,0.416666666666667,1.73076923076923,0,0,0,0,5,5,4.58333333333333,3.26923076923077,0,0,0,0,0,0,0,0,0,0,169.856449195588,282.65821709674,0,0,0,0,0,0,1.44337567297406,2.40192230707631,0,0,0,0,0,0,1.44337567297406,2.40192230707631,0,0,0,0,0,0,0,0,0,0,630.735685168922,4327.98893748221,67.2541845136785
"361","2024-11-29","637",3,45.4080249472655,-73.9191472095342,3,1.99732549786872,3.68443646364786,3.99367853187636,3.84628321614972,4.22402870519467,5.50514686673444,6.28889032622126,6.10348021760999,686.5,686.5,686.5,686.5,175,175,175,175,0,0,0,0,0,0,0,0,5,5,5,5,0,0,0,0,0,0,0,0,0,0,0,0,0,0,0,0,0,0,0,0,0,0,0,0,0,0,0,0,0,0,0,0,0,0,0,0,153.214226758047,368.521145087778,895.244464723285,2709.68756951718,206.58748664671
"362","2024-12-06","637",3,45.4104282198359,-73.9169999851413,3,3.42045875767074,4.38849090028708,6.1099848898135,7.19565468855513,5.38767652686869,5.39835868783127,6.22925245780187,7.28641213827621,1274.9,980.7,1003.33076923077,1021.86470588235,175,175,175,175,5,2.5,2.69230769230769,2.05882352941176,0,0,0,0,0,2.5,2.30769230769231,1.76470588235294,0,0,0,0,0,0,0,0,0,339.712898391176,305.305768546374,261.249087901588,0,0,0,0,0,2.88675134594813,2.59437260831385,2.48525060873854,0,0,0,0,0,2.88675134594813,2.59437260831385,2.41319899961953,0,0,0,0,0,0,0,0,186.856091866049,474.601603184712,1676.37998462213,5196.73283300783,99.0924476322729
"363","2024-12-13","637",3,45.41254806936,-73.919439282257,3,1.43746954251111,2.81794418045557,4.58009628420184,5.64955925430465,2.42569916312519,4.35063967102929,6.40332886760521,6.67881264936518,1274.9,1274.9,1274.9,1270.59038461538,175,175,175,175.288461538462,5,5,5,4.71153846153846,0,0,0,0,0,0,0,0,0,0,0,0,0,0,0,0,0,0,0,17.5870301990336,0,0,0,1.17717738949355,0,0,0,1.17717738949355,0,0,0,0,0,0,0,0,0,0,0,0,0,0,0,0,161.601394898297,612.668021562507,1366.33814131333,5229.23206882493,212.449274800111
"364","2024-12-18","637",3,45.4116475151964,-73.920649982947,3,10.2150456684203,7.69736756567286,6.3707142553273,5.87205537092585,8.53696720840554,6.84863419751188,7.09297070019913,6.85517811958974,1274.9,1237.55,1246.16923076923,1250,175,177.5,176.923076923077,176.666666666667,5,2.5,3.07692307692308,3.33333333333333,0,0,0,0,0,0,0,0,0,0,0,0,0,0,0,0,0,43.1280651084651,37.825815360575,35.5643135741434,0,2.88675134594813,2.53184841770917,2.38047614284762,0,2.88675134594813,2.53184841770917,2.38047614284762,0,0,0,0,0,0,0,0,0,0,0,0,0,0,0,0,196.187430266139,515.561432175985,1727.69563707865,5644.7818105697,205.001390013776
"365","2024-12-29","637",3,45.4102855307153,-73.9220289651952,3,6.57755204606002,5.55410757666944,5.81270339127737,6.31463727536696,7.04806021820312,6.64508755751888,6.72088678168899,7.01180186767486,1200.2,1200.2,1081.65384615385,1037.75490196078,180,180,178.846153846154,177.745098039216,0,0,0,0.588235294117647,0,0,0,0,0,0,1.15384615384615,1.66666666666667,0,0,0,0,0,0,0,0,0,0,225.27235225901,251.94294458367,0,0,2.19264504826757,2.51271277510902,0,0,0,1.62697843363992,0,0,0,0,0,0,2.19264504826757,2.38047614284762,0,0,0,0,0,0,0,0,0,310.335835572422,1312.92282923279,6016.80265492203,113.68677596448
"366","2025-01-12","637",3,45.4079007120043,-73.9195842761622,3,2.20495162944452,3.75327470607961,5.46710068681978,4.11559408397308,4.95818028727297,6.14868102886411,6.87196618116969,6.1703667463717,686.5,686.5,686.5,686.5,175,175,175,175,0,0,0,0,0,0,0,0,5,5,5,5,0,0,0,0,0,0,0,0,0,0,0,0,0,0,0,0,0,0,0,0,0,0,0,0,0,0,0,0,0,0,0,0,0,0,0,0,48.9699291742752,327.249743063361,839.504743856932,3273.36014156824,170.990606921507
"367","2025-01-17","637",3,45.4053070630031,-73.9265327765291,3,13.2695820274489,11.2486987799316,9.12211909602536,8.9309213651284,7.06264480441419,7.66008178004285,7.53944696893552,8.59968139557096,686.5,686.5,686.5,717.322,175,175,175,175.3,0,0,0,0,0,0,0,0,5,5,5,4.7,0,0,0,0,0,0,0,0,0,0,0,123.235570484552,0,0,0,1.19948968741048,0,0,0,0,0,0,0,0,0,0,0,1.19948968741048,0,0,0,0,0,0,0,0,296.913397343483,672.349338364516,2236.87933673983,6348.20634532096,48.0012144954795
"368","2025-01-19","637",3,45.4050506966476,-73.9256632861826,3,7.5298826001835,9.73783543216202,12.2691487793587,8.01814326107933,6.42796095218233,7.23916372257384,9.27582274083743,8.59868651848842,686.5,686.5,686.5,686.5,175,175,175,175,0,0,0,0,0,0,0,0,5,5,5,5,0,0,0,0,0,0,0,0,0,0,0,0,0,0,0,0,0,0,0,0,0,0,0,0,0,0,0,0,0,0,0,0,0,0,0,0,0,513.846698294653,1429.30965186153,6133.41847034707,48.6207546939196
"369","2025-01-26","637",3,45.4102795057174,-73.9217391098158,3,4.39867200841694,5.12921719176635,5.738643269533,6.35303069815345,5.40390833095352,6.073620726103,7.13618639428145,7.02825742649114,1200.2,1200.2,1042.13846153846,1019.07450980392,180,180,178.461538461538,177.450980392157,0,0,0,0.686274509803922,0,0,0,0,0,0,1.53846153846154,1.86274509803922,0,0,0,0,0,0,0,0,0,0,246.77349782902,259.992235917258,0,0,2.40192230707631,2.52439082148701,0,0,0,1.73770188557683,0,0,0,0,0,0,2.40192230707631,2.4414717515723,0,0,0,0,0,0,0,0,28.9928719088311,444.580850535753,1529.37472306377,5596.88231727577,132.314656072116
"370","2025-02-07","637",3,45.4128974438069,-73.9195375025207,3,0.765245209675395,2.11587741189139,4.44063982328489,5.1961229684204,1.49810891227461,4.08889686793248,6.77889937312059,6.4022722006613,1274.9,1274.9,1274.9,1273.46346153846,175,175,175,175.096153846154,5,5,5,4.90384615384615,0,0,0,0,0,0,0,0,0,0,0,0,0,0,0,0,0,0,0,10.3590261645062,0,0,0,0.693375245281536,0,0,0,0.693375245281537,0,0,0,0,0,0,0,0,0,0,0,0,0,0,0,0,126.014577699321,369.987191052539,1241.93690830082,5317.14516004638,173.6663805443
"371","2025-02-09","637",3,45.4108306676709,-73.91923184635,3,12.1300607657008,9.90997175282013,8.03939066424938,5.91046608173272,7.44655783517515,7.7465150364972,7.5002230554242,6.75838998446402,1274.9,1274.9,1274.9,1117.74423076923,175,175,175,175.673076923077,5,5,5,3.07692307692308,0,0,0,0,0,0,0,1.25,0,0,0,0,0,0,0,0,0,0,0,252.654815605039,0,0,0,1.72321125042017,0,0,0,2.45625375394537,0,0,0,0,0,0,0,2.18618658048802,0,0,0,0,0,0,0,0,0,274.436997583913,1254.78891447446,5896.97848381125,83.0489980643688
"372","2025-02-22","637",3,45.4116774756984,-73.9198611756529,3,11.5509121240582,8.28966348079201,6.90664145807964,5.83396407697682,7.85011687961232,6.86867484517444,7.13329843454217,6.8868283894246,1274.9,1274.9,1263.40769230769,1261.71764705882,175,175,175.769230769231,175.882352941176,5,5,4.23076923076923,4.11764705882353,0,0,0,0,0,0,0,0,0,0,0,0,0,0,0,0,0,0,28.0523754650256,28.7604986457631,0,0,1.87766904049703,1.92506684375924,0,0,1.87766904049703,1.92506684375924,0,0,0,0,0,0,0,0,0,0,0,0,0,0,0,0,0,168.112154173704,2042.63990143368,5861.13081914382,187.899199788161
"373","2025-02-23","637",3,45.413501243207,-73.9208832854184,3,2.34595505825671,1.67939222279681,2.30319837635515,5.02494694236641,4.19693053339327,3.26670764718546,4.56213499504566,6.43271117406485,1274.9,1274.9,1274.9,1271.97058823529,175,175,175,175.196078431373,5,5,5,4.80392156862745,0,0,0,0,0,0,0,0,0,0,0,0,0,0,0,0,0,0,0,14.6441291187649,0,0,0,0.980196058819607,0,0,0,0.980196058819607,0,0,0,0,0,0,0,0,0,0,0,0,0,0,0,0,0,0,50.4544521256843,5057.34009575264,134.057424740192
"374","2025-03-04","637",3,45.4090874698165,-73.9204969516752,3,1.5934819435626,4.31285323072764,4.36250157823171,5.29328081124075,3.63909150470679,5.4295875808292,6.3889902713632,6.72877453057651,686.5,686.5,686.5,792.471153846154,175,175,175,175.480769230769,0,0,0,0.480769230769231,0,0,0,0,5,5,5,4.03846153846154,0,0,0,0,0,0,0,0,0,0,0,219.917863755182,0,0,0,1.48839148096303,0,0,0,1.48839148096303,0,0,0,0,0,0,0,1.98979295860136,0,0,0,0,0,0,0,0,0,0,550.152072545286,4093.29137352422,177.548586647322
"375","2025-03-09","637",3,45.4103149595824,-73.9209205945137,3,8.23074357727025,6.80487113612491,5.27781204738585,6.3497474929393,9.54091787208062,8.17396861025293,7.14006865753045,7.16350717256007,1200.2,1225.1,1080.47272727273,1029.32745098039,180,178.333333333333,177.272727272727,176.764705882353,0,1.66666666666667,1.36363636363636,1.37254901960784,0,0,0,0,0,0,1.36363636363636,1.86274509803922,0,0,0,0,0,0,0,0,0,43.1280651084651,255.092634511109,268.436902886642,0,2.88675134594813,2.61116483933547,2.41319899961953,0,2.88675134594813,2.33549683248457,2.25353752410494,0,0,0,0,0,0,2.33549683248457,2.4414717515723,0,0,0,0,0,0,0,0,192.398989063188,695.795878661724,1897.6159109688,4658.6621527764,187.148978066098
"376","2025-04-18","637",3,45.4102620815756,-73.9229176446631,3,4.91898101868826,7.20315897107749,7.05124065550868,6.23367841914587,5.48108474148928,6.63979999791078,6.74014959698454,6.82406743705419,1200.2,1200.2,1126.81428571429,1049.11176470588,180,180,179.285714285714,178.529411764706,0,0,0,0,0,0,0,0,0,0,0.714285714285714,1.47058823529412,0,0,0,0,0,0,0,0,0,0,186.543230119178,236.393948862537,0,0,1.81568259800641,2.30089496654211,0,0,0,0,0,0,0,0,0,0,1.81568259800641,2.30089496654211,0,0,0,0,0,0,0,0,0,40.031773370642,1197.49037505465,6393.36355283439,68.3428972130429
"377","2025-04-24","637",3,45.4102255032247,-73.9201870268067,3,8.3702294738926,7.64670173068119,5.87023351312137,5.8795422613109,8.83809826417419,8.98498695269037,7.5672792385945,7.03552383229612,1274.9,1127.8,1082.36153846154,997.407692307692,175,175,175.769230769231,176.153846153846,5,3.75,2.69230769230769,1.63461538461538,0,0,0,0,0,1.25,1.53846153846154,2.21153846153846,0,0,0,0,0,0,0,0,0,294.2,275.997380840415,280.957499993172,0,0,1.87766904049703,2.12717814905759,0,2.5,2.59437260831385,2.36832733357836,0,0,0,0,0,2.5,2.40192230707631,2.50753013753545,0,0,0,0,0,0,0,0,15.2427731845533,398.188216338764,1669.10773212387,4114.38544036983,129.769335518087
"378","2024-11-23","641",2,45.4321418723422,-73.9351312413752,3,0.0493777545965915,0.0565070775764291,0.257780697655266,0.622230337656948,0.0203845814029398,0.027799755428346,1.41765957904841,2.44031893563304,118.3,118.3,118.3,118.3,355,355,355,355,20,20,20,20,15,15,15,15,0,0,0,0,5,5,5,5,0,0,0,0,0,0,0,0,0,0,0,0,0,0,0,0,0,0,0,0,0,0,0,0,0,0,0,0,0,0,0,0,0,0,0,0,341.164118804346
"379","2024-11-26","641",2,45.4306220301159,-73.9405979446934,3,9.97480857572893,9.93172968919095,10.6298606102246,9.66501354770496,4.62986033662919,6.12186224571277,8.32322116194714,9.55642702735736,118.3,118.3,118.3,118.3,355,355,355,355,20,20,20,20,15,15,15,15,0,0,0,0,5,5,5,5,0,0,0,0,0,0,0,0,0,0,0,0,0,0,0,0,0,0,0,0,0,0,0,0,0,0,0,0,0,0,0,0,0,0,0,0,186.244801640264
"380","2024-12-13","641",2,45.4298160676662,-73.9410120449637,3,14.9126355087413,11.795041723875,7.84698076491221,8.18934681377689,6.11780822796957,6.95114768400303,7.21645263771334,8.85063835672452,118.3,118.3,118.3,118.3,355,355,355,355,20,20,20,20,15,15,15,15,0,0,0,0,5,5,5,5,0,0,0,0,0,0,0,0,0,0,0,0,0,0,0,0,0,0,0,0,0,0,0,0,0,0,0,0,0,0,0,0,0,0,0,0,92.5418738897941
"381","2024-12-22","641",2,45.4306802888672,-73.937424540646,3,0.0327305106319946,0.223857406625917,1.23363129908191,2.36064866249351,0.0136350884880649,0.942113731327402,3.21149427739157,4.64542171534765,118.3,118.3,118.3,118.3,355,355,355,355,20,20,20,20,15,15,15,15,0,0,0,0,5,5,5,5,0,0,0,0,0,0,0,0,0,0,0,0,0,0,0,0,0,0,0,0,0,0,0,0,0,0,0,0,0,0,0,0,0,0,0,0,99.1928064390132
"382","2025-01-02","641",2,45.4306109192811,-73.9378912309658,3,1.05787678114508,1.26916858565272,2.13302732125783,2.88520428668093,1.98352465642219,2.74337776183854,4.40226563277116,5.15373511522964,118.3,118.3,118.3,118.3,355,355,355,355,20,20,20,20,15,15,15,15,0,0,0,0,5,5,5,5,0,0,0,0,0,0,0,0,0,0,0,0,0,0,0,0,0,0,0,0,0,0,0,0,0,0,0,0,0,0,0,0,0,0,0,0,69.9994829785595
"383","2025-01-07","641",2,45.4284260873389,-73.9383958355177,3,1.86692812196222,3.46755185902859,6.4597910512402,6.62562074482215,2.40196997455235,3.80451321104143,6.13259610731538,6.6730939515463,118.3,118.3,118.3,118.3,355,355,355,355,20,20,20,20,15,15,15,15,0,0,0,0,5,5,5,5,0,0,0,0,0,0,0,0,0,0,0,0,0,0,0,0,0,0,0,0,0,0,0,0,0,0,0,0,0,0,0,0,0,0,0,0,177.103411637096
"384","2025-01-14","641",2,45.4370318417582,-73.9412878305506,3,26.5153918980823,25.5838980797383,21.2929411086553,13.60901471015,1.86508946033002,2.56312287482845,8.38872532085023,10.4038357990284,118.3,118.3,118.3,107.9,355,355,355,307.941176470588,20,20,20,18.8235294117647,15,15,15,11.4705882352941,0,0,0,0,5,5,5,5,0,0,0,0,0,0,0,18.9354271142744,0,0,0,85.6806656754499,0,0,0,2.14201664188625,0,0,0,6.42604992565875,0,0,0,0,0,0,0,0,0,0,0,0,0,0,134.636238661978,1123.72262092652,491.578020110119
"385","2025-05-08","641",4,45.4306444681241,-73.9403671340901,3,9.23726376761036,8.42004311341226,8.78520742909618,9.50559120534027,4.41768134400941,6.09866329522341,7.90908585084859,9.4443588723457,118.3,118.3,118.3,118.3,355,355,355,355,20,20,20,20,15,15,15,15,0,0,0,0,5,5,5,5,0,0,0,0,0,0,0,0,0,0,0,0,0,0,0,0,0,0,0,0,0,0,0,0,0,0,0,0,0,0,0,0,0,0,0,0,170.219174454492
"386","2025-05-14","641",4,45.4314719353525,-73.9383899490532,3,2.41427764660562,4.28178358102256,3.48133961728396,4.59390735558551,4.05384416189055,6.40019238107624,6.26882482377645,7.32628072014558,118.3,118.3,118.3,118.3,355,355,355,355,20,20,20,20,15,15,15,15,0,0,0,0,5,5,5,5,0,0,0,0,0,0,0,0,0,0,0,0,0,0,0,0,0,0,0,0,0,0,0,0,0,0,0,0,0,0,0,0,0,0,0,0,155.793604234554
"387","2024-11-23","645",2,45.429133618341,-73.9368324118502,3,1.68218117522023,2.91544322916432,3.43725478778156,3.92458628486541,3.60974714094548,4.85311748203904,4.97354352148814,5.63420092158882,118.3,118.3,118.3,118.3,355,355,355,355,20,20,20,20,15,15,15,15,0,0,0,0,5,5,5,5,0,0,0,0,0,0,0,0,0,0,0,0,0,0,0,0,0,0,0,0,0,0,0,0,0,0,0,0,0,0,0,0,0,0,0,0,155.459046949034
"388","2024-12-01","645",2,45.4310425178951,-73.9375969793976,3,0.0436446485180541,0.138577249342026,1.2232698765232,2.53008095532304,0.0167409022655106,0.675608298569919,3.55873238949205,5.07835266905307,118.3,118.3,118.3,118.3,355,355,355,355,20,20,20,20,15,15,15,15,0,0,0,0,5,5,5,5,0,0,0,0,0,0,0,0,0,0,0,0,0,0,0,0,0,0,0,0,0,0,0,0,0,0,0,0,0,0,0,0,0,0,0,0,123.066563544524
"389","2024-12-06","645",2,45.4309209663823,-73.93566311808,3,4.05910325402576,2.27753206650929,1.3198324981369,0.852757335117813,4.79637538643178,4.01559671404378,3.27025015175795,2.734296966882,118.3,118.3,118.3,118.3,355,355,355,355,20,20,20,20,15,15,15,15,0,0,0,0,5,5,5,5,0,0,0,0,0,0,0,0,0,0,0,0,0,0,0,0,0,0,0,0,0,0,0,0,0,0,0,0,0,0,0,0,0,0,0,0,230.478615471906
"390","2024-12-13","645",2,45.4285648136186,-73.9361669384985,3,5.70010656018396,4.56711597165786,5.11932260382043,4.28825235332345,4.7007960947216,5.44607767231241,6.62339255114108,6.0476101764234,118.3,118.3,118.3,118.3,355,355,355,355,20,20,20,20,15,15,15,15,0,0,0,0,5,5,5,5,0,0,0,0,0,0,0,0,0,0,0,0,0,0,0,0,0,0,0,0,0,0,0,0,0,0,0,0,0,0,0,0,0,0,0,0,236.313078453019
"391","2024-12-22","645",2,45.432504331089,-73.9411288735233,3,24.971647480556,23.9162396143676,22.1480304431045,17.6018701982915,2.99444631921077,3.82515177130054,5.92106487393399,9.40714047185197,118.3,118.3,118.3,118.3,355,355,355,355,20,20,20,20,15,15,15,15,0,0,0,0,5,5,5,5,0,0,0,0,0,0,0,0,0,0,0,0,0,0,0,0,0,0,0,0,0,0,0,0,0,0,0,0,0,0,0,0,0,0,0,0,247.158705662608
"392","2025-01-02","645",2,45.4266460059806,-73.9378060684282,3,3.79691949444245,3.14330567418579,3.60336581851279,5.4371583923474,4.02004787428256,4.74251235576074,5.44111404750452,6.99047597584611,118.3,118.3,118.3,118.3,355,355,355,355,20,20,20,20,15,15,15,15,0,0,0,0,5,5,5,5,0,0,0,0,0,0,0,0,0,0,0,0,0,0,0,0,0,0,0,0,0,0,0,0,0,0,0,0,0,0,0,0,0,0,0,0,377.455171245595
"393","2025-01-07","645",2,45.4300425615429,-73.938142667582,3,6.67684169691435,3.9223357524018,2.86659441054367,2.91351385511153,5.67222735313539,5.28635965502498,4.44120634380008,4.75620919421653,118.3,118.3,118.3,118.3,355,355,355,355,20,20,20,20,15,15,15,15,0,0,0,0,5,5,5,5,0,0,0,0,0,0,0,0,0,0,0,0,0,0,0,0,0,0,0,0,0,0,0,0,0,0,0,0,0,0,0,0,0,0,0,0,16.5036462181302
"394","2025-01-14","645",2,45.4287312715746,-73.9307350616807,3,0.058309574476813,0.0570245749348979,0.0519081616934413,0.0597128786063951,0.031516152313089,0.0305789924247186,0.0315771816183859,0.243123039037488,118.3,118.3,118.3,118.3,355,355,355,355,20,20,20,20,15,15,15,15,0,0,0,0,5,5,5,5,0,0,0,0,0,0,0,0,0,0,0,0,0,0,0,0,0,0,0,0,0,0,0,0,0,0,0,0,0,0,0,0,0,0,0,0,371.94388863503
"395","2025-02-08","645",2,45.4324032266166,-73.9372933680471,3,0.0383876566984215,2.01691991809188,1.32672280021565,1.9106958528681,0.0441914261179914,4.87792535059232,3.80810865141686,4.80079345385983,118.3,118.3,118.3,118.3,355,355,355,355,20,20,20,20,15,15,15,15,0,0,0,0,5,5,5,5,0,0,0,0,0,0,0,0,0,0,0,0,0,0,0,0,0,0,0,0,0,0,0,0,0,0,0,0,0,0,0,0,0,0,0,0,272.092825894618
"396","2025-02-11","645",2,45.4305670573757,-73.9379687064688,3,1.13150201941216,1.60888095683598,2.23180897451677,2.97401132803509,2.01565696418327,3.18699408034504,4.44426077041414,5.23656869683218,118.3,118.3,118.3,118.3,355,355,355,355,20,20,20,20,15,15,15,15,0,0,0,0,5,5,5,5,0,0,0,0,0,0,0,0,0,0,0,0,0,0,0,0,0,0,0,0,0,0,0,0,0,0,0,0,0,0,0,0,0,0,0,0,62.7663156944357
"397","2025-02-22","645",2,45.4295509507848,-73.9374345605815,3,9.2449717645553,5.3337987495486,3.4333572350052,3.05336320745827,6.46520992982418,6.18911481703329,5.10528138826192,4.7079505626731,118.3,118.3,118.3,118.3,355,355,355,355,20,20,20,20,15,15,15,15,0,0,0,0,5,5,5,5,0,0,0,0,0,0,0,0,0,0,0,0,0,0,0,0,0,0,0,0,0,0,0,0,0,0,0,0,0,0,0,0,0,0,0,0,89.8395339699635
"398","2025-03-06","645",2,45.4291165633594,-73.9386251784612,3,3.88993359777447,2.5782251028007,3.45245680502706,5.80895723419627,4.86894813157015,3.78000131167692,4.12409537483259,6.48456016221993,118.3,118.3,118.3,118.3,355,355,355,355,20,20,20,20,15,15,15,15,0,0,0,0,5,5,5,5,0,0,0,0,0,0,0,0,0,0,0,0,0,0,0,0,0,0,0,0,0,0,0,0,0,0,0,0,0,0,0,0,0,0,0,0,102.342298156831
"399","2025-03-13","645",2,45.4300892289641,-73.9363291926057,3,0.0591141856516318,0.0543441679989327,0.894960800407075,1.98643478558969,0.022999567084068,0.0245323119810317,2.65557070790263,4.05241486959414,118.3,118.3,118.3,118.3,355,355,355,355,20,20,20,20,15,15,15,15,0,0,0,0,5,5,5,5,0,0,0,0,0,0,0,0,0,0,0,0,0,0,0,0,0,0,0,0,0,0,0,0,0,0,0,0,0,0,0,0,0,0,0,0,158.102379479506
"400","2025-03-18","645",2,45.4310944144177,-73.9402457843975,3,11.8754094150535,11.2284527538932,11.8720342942632,10.845750132503,6.59034089855906,8.05896777687265,9.45072714657615,9.9714456274441,118.3,118.3,118.3,118.3,355,355,355,355,20,20,20,20,15,15,15,15,0,0,0,0,5,5,5,5,0,0,0,0,0,0,0,0,0,0,0,0,0,0,0,0,0,0,0,0,0,0,0,0,0,0,0,0,0,0,0,0,0,0,0,0,186.94690957087
"401","2025-03-25","645",2,45.4309849089732,-73.9412885804144,3,21.2936239620151,20.7041196326804,16.351848542203,11.678446049733,5.32135642779535,6.55892715719112,8.71580346580066,10.1807693352959,118.3,118.3,118.3,118.3,355,355,355,355,20,20,20,20,15,15,15,15,0,0,0,0,5,5,5,5,0,0,0,0,0,0,0,0,0,0,0,0,0,0,0,0,0,0,0,0,0,0,0,0,0,0,0,0,0,0,0,0,0,0,0,0,146.974427252489
"402","2025-04-05","645",2,45.4302345461793,-73.936394443986,3,0.0622363875122382,0.0555044108591262,0.839190048898231,1.84213182060508,0.0231389842754905,0.0242766658332235,2.52093848523234,3.89308885520257,118.3,118.3,118.3,118.3,355,355,355,355,20,20,20,20,15,15,15,15,0,0,0,0,5,5,5,5,0,0,0,0,0,0,0,0,0,0,0,0,0,0,0,0,0,0,0,0,0,0,0,0,0,0,0,0,0,0,0,0,0,0,0,0,154.071625217124
"403","2025-04-08","645",2,45.4313326714943,-73.9379956152388,3,0.0479612651828842,1.20905001081822,2.25720960542456,3.28479549577336,0.0255788996860294,3.13352251685015,5.17937265387817,5.96106786074138,118.3,118.3,118.3,118.3,355,355,355,355,20,20,20,20,15,15,15,15,0,0,0,0,5,5,5,5,0,0,0,0,0,0,0,0,0,0,0,0,0,0,0,0,0,0,0,0,0,0,0,0,0,0,0,0,0,0,0,0,0,0,0,0,143.002352926774
"404","2025-04-13","645",2,45.4299813027137,-73.9365950452753,3,0.0701782568583243,0.0560656982647382,1.21175288480045,2.25135701444043,0.0219956662456579,0.0256264434657284,3.62826065644468,4.1759021407365,118.3,118.3,118.3,118.3,355,355,355,355,20,20,20,20,15,15,15,15,0,0,0,0,5,5,5,5,0,0,0,0,0,0,0,0,0,0,0,0,0,0,0,0,0,0,0,0,0,0,0,0,0,0,0,0,0,0,0,0,0,0,0,0,137.643626207689
"405","2025-04-17","645",2,45.4304555701238,-73.9397382264296,3,3.01133161077695,3.34012214665502,4.32988498518633,7.94148367993303,3.232111170226,3.7985035096657,5.09652342588561,8.62289352551801,118.3,118.3,118.3,118.3,355,355,355,355,20,20,20,20,15,15,15,15,0,0,0,0,5,5,5,5,0,0,0,0,0,0,0,0,0,0,0,0,0,0,0,0,0,0,0,0,0,0,0,0,0,0,0,0,0,0,0,0,0,0,0,0,116.744491236489
"406","2025-04-19","645",2,45.4322829843157,-73.9351308629275,3,0.047004520923461,0.0529626591951734,0.070285838526485,0.61834129380119,0.0205479373724222,0.0245911531026937,0.333806474254489,2.4967834936433,118.3,118.3,118.3,118.3,355,355,355,355,20,20,20,20,15,15,15,15,0,0,0,0,5,5,5,5,0,0,0,0,0,0,0,0,0,0,0,0,0,0,0,0,0,0,0,0,0,0,0,0,0,0,0,0,0,0,0,0,0,0,0,0,351.954063726038
"407","2025-04-22","645",2,45.4294393348108,-73.9388622197362,3,3.94004062918823,3.68554599659019,2.76114129312701,5.55730103687397,3.67095459604141,3.62811562174847,3.66983217623167,6.35050315701717,118.3,118.3,118.3,118.3,355,355,355,355,20,20,20,20,15,15,15,15,0,0,0,0,5,5,5,5,0,0,0,0,0,0,0,0,0,0,0,0,0,0,0,0,0,0,0,0,0,0,0,0,0,0,0,0,0,0,0,0,0,0,0,0,75.1327537165306
