"","Date","Site","ID","Lat","Lon","Winter","Mean_Veg_Height_25_m","Mean_Veg_Height_50_m","Mean_Veg_Height_100_m","Mean_Veg_Height_200_m","Sd_Veg_Height_25_m","Sd_Veg_Height_50_m","Sd_Veg_Height_100_m","Sd_Veg_Height_200_m","mean_Pop_Dens_25_m","mean_Pop_Dens_50_m","mean_Pop_Dens_100_m","mean_Pop_Dens_200_m","mean_Single_House_25_m","mean_Single_House_50_m","mean_Single_House_100_m","mean_Single_House_200_m","mean_Semi_Detached_House_25_m","mean_Semi_Detached_House_50_m","mean_Semi_Detached_House_100_m","mean_Semi_Detached_House_200_m","mean_Row_House_25_m","mean_Row_House_50_m","mean_Row_House_100_m","mean_Row_House_200_m","mean_App_Duplex_25_m","mean_App_Duplex_50_m","mean_App_Duplex_100_m","mean_App_Duplex_200_m","mean_App_Less_5_Storeys_25_m","mean_App_Less_5_Storeys_50_m","mean_App_Less_5_Storeys_100_m","mean_App_Less_5_Storeys_200_m","mean_App_Over_5_Storeys_25_m","mean_App_Over_5_Storeys_50_m","mean_App_Over_5_Storeys_100_m","mean_App_Over_5_Storeys_200_m","sd_Pop_Dens_25_m","sd_Pop_Dens_50_m","sd_Pop_Dens_100_m","sd_Pop_Dens_200_m","sd_Single_House_25_m","sd_Single_House_50_m","sd_Single_House_100_m","sd_Single_House_200_m","sd_Semi_Detached_House_25_m","sd_Semi_Detached_House_50_m","sd_Semi_Detached_House_100_m","sd_Semi_Detached_House_200_m","sd_Row_House_25_m","sd_Row_House_50_m","sd_Row_House_100_m","sd_Row_House_200_m","sd_App_Duplex_25_m","sd_App_Duplex_50_m","sd_App_Duplex_100_m","sd_App_Duplex_200_m","sd_App_Less_5_Storeys_25_m","sd_App_Less_5_Storeys_50_m","sd_App_Less_5_Storeys_100_m","sd_App_Less_5_Storeys_200_m","sd_App_Over_5_Storeys_25_m","sd_App_Over_5_Storeys_50_m","sd_App_Over_5_Storeys_100_m","sd_App_Over_5_Storeys_200_m","Road_Length_25_m","Road_Length_50_m","Road_Length_100_m","Road_Length_200_m","Dist_to_Nearest_Feeder_m"
"1","2023-10-13",1,"118",45.42955,-73.93736,2,7.94281535667604,5.12855933440123,3.35097638492859,3.07880682832288,6.95827291541005,6.14088553609375,5.11038177741303,4.74964477051658,118.3,118.3,118.3,118.3,355,355,355,355,20,20,20,20,15,15,15,15,0,0,0,0,5,5,5,5,0,0,0,0,0,0,0,0,0,0,0,0,0,0,0,0,0,0,0,0,0,0,0,0,0,0,0,0,0,0,0,0,0,0,0,0,94.709502363102
"2","2023-10-18",1,"118",45.42966,-73.93481,2,4.62104052432297,2.76238571060147,1.46366933466043,1.31203131560632,5.13371824742102,4.56208258983567,3.60390825470717,3.53016528856952,118.3,118.3,118.3,118.3,355,355,355,355,20,20,20,20,15,15,15,15,0,0,0,0,5,5,5,5,0,0,0,0,0,0,0,0,0,0,0,0,0,0,0,0,0,0,0,0,0,0,0,0,0,0,0,0,0,0,0,0,0,0,0,0,280.657111600394
"3","2023-10-20",1,"123",45.4308,-73.93901,2,2.5950838006483,3.44448225856166,3.914281443271,5.79700717563701,2.75450976375613,5.15465085518994,5.99108026101388,7.76468865423982,118.3,118.3,118.3,118.3,355,355,355,355,20,20,20,20,15,15,15,15,0,0,0,0,5,5,5,5,0,0,0,0,0,0,0,0,0,0,0,0,0,0,0,0,0,0,0,0,0,0,0,0,0,0,0,0,0,0,0,0,0,0,0,0,96.1463512195714
"4","2023-10-20",1,"125",45.42907,-73.93983,2,3.3237308012236,5.06987768472346,7.07230644601198,8.09520034569509,2.39467761468286,5.4047724927651,6.74484832405691,7.70191240578903,118.3,118.3,118.3,118.3,355,355,355,355,20,20,20,20,15,15,15,15,0,0,0,0,5,5,5,5,0,0,0,0,0,0,0,0,0,0,0,0,0,0,0,0,0,0,0,0,0,0,0,0,0,0,0,0,0,0,0,0,0,0,0,0,115.974350091038
"5","2023-10-23",1,"123",45.43112,-73.93871,2,10.4694560930981,5.87140021418262,3.7977860050392,5.10980969068344,7.50453590886158,6.72966714929197,6.3229773729377,7.61276130860577,118.3,118.3,118.3,118.3,355,355,355,355,20,20,20,20,15,15,15,15,0,0,0,0,5,5,5,5,0,0,0,0,0,0,0,0,0,0,0,0,0,0,0,0,0,0,0,0,0,0,0,0,0,0,0,0,0,0,0,0,0,0,0,0,120.011594180788
"6","2023-10-23",1,"125",45.43121,-73.9388,2,11.8894969384158,6.9306540113528,4.34598055076512,5.52460675155141,8.15836239711318,7.67800829900492,6.83336747256889,8.00448118069006,118.3,118.3,118.3,118.3,355,355,355,355,20,20,20,20,15,15,15,15,0,0,0,0,5,5,5,5,0,0,0,0,0,0,0,0,0,0,0,0,0,0,0,0,0,0,0,0,0,0,0,0,0,0,0,0,0,0,0,0,0,0,0,0,131.460979582219
"7","2023-10-25",1,"118",45.43081,-73.9356,2,3.99651022827026,2.39786807547339,1.31273513231167,0.878058965874424,4.36912494373418,4.0665572519634,3.20203549290704,2.80301305038072,118.3,118.3,118.3,118.3,355,355,355,355,20,20,20,20,15,15,15,15,0,0,0,0,5,5,5,5,0,0,0,0,0,0,0,0,0,0,0,0,0,0,0,0,0,0,0,0,0,0,0,0,0,0,0,0,0,0,0,0,0,0,0,0,230.306941588934
"8","2023-10-25",1,"123",45.42988,-73.93851,2,1.16807847407007,2.77817333740031,3.21526014275466,4.02698500908764,1.84220572808696,3.7597539407811,4.39615676329194,5.59018270575988,118.3,118.3,118.3,118.3,355,355,355,355,20,20,20,20,15,15,15,15,0,0,0,0,5,5,5,5,0,0,0,0,0,0,0,0,0,0,0,0,0,0,0,0,0,0,0,0,0,0,0,0,0,0,0,0,0,0,0,0,0,0,0,0,19.0236903752586
"9","2023-10-25",1,"125",45.43115,-73.93881,2,10.5751070133634,6.45057127647817,4.22189241067723,5.4551477981247,8.50328773444289,7.24068818101325,6.69193198818189,7.91811307434535,118.3,118.3,118.3,118.3,355,355,355,355,20,20,20,20,15,15,15,15,0,0,0,0,5,5,5,5,0,0,0,0,0,0,0,0,0,0,0,0,0,0,0,0,0,0,0,0,0,0,0,0,0,0,0,0,0,0,0,0,0,0,0,0,125.273351272917
"10","2023-10-28",1,"118",45.4301,-73.93533,2,5.21315003800334,2.87547725863952,1.34006809147799,1.42284828985049,4.78352517137758,4.29044891547791,3.23002880539173,3.6965002188264,118.3,118.3,118.3,118.3,355,355,355,355,20,20,20,20,15,15,15,15,0,0,0,0,5,5,5,5,0,0,0,0,0,0,0,0,0,0,0,0,0,0,0,0,0,0,0,0,0,0,0,0,0,0,0,0,0,0,0,0,0,0,0,0,236.278379106669
"11","2023-10-28",1,"125",45.4301,-73.93533,2,5.21315003800334,2.87547725863952,1.34006809147799,1.42284828985049,4.78352517137758,4.29044891547791,3.23002880539173,3.6965002188264,118.3,118.3,118.3,118.3,355,355,355,355,20,20,20,20,15,15,15,15,0,0,0,0,5,5,5,5,0,0,0,0,0,0,0,0,0,0,0,0,0,0,0,0,0,0,0,0,0,0,0,0,0,0,0,0,0,0,0,0,0,0,0,0,236.278379106669
"12","2023-10-28",1,"123",45.42906,-73.93797,2,1.4430663147751,4.72675104962291,4.57771726180004,5.00401825319064,2.89986542660943,4.99054949710879,5.04957329283608,6.17987350832298,118.3,118.3,118.3,118.3,355,355,355,355,20,20,20,20,15,15,15,15,0,0,0,0,5,5,5,5,0,0,0,0,0,0,0,0,0,0,0,0,0,0,0,0,0,0,0,0,0,0,0,0,0,0,0,0,0,0,0,0,0,0,0,0,111.156490827856
"13","2023-10-29",1,"118",45.43143,-73.93593,2,4.1899693677479,2.66531153504249,1.24617884567272,0.814832678664204,4.76242072426026,4.66016395887225,3.23933798212522,2.70413498521503,118.3,118.3,118.3,118.3,355,355,355,355,20,20,20,20,15,15,15,15,0,0,0,0,5,5,5,5,0,0,0,0,0,0,0,0,0,0,0,0,0,0,0,0,0,0,0,0,0,0,0,0,0,0,0,0,0,0,0,0,0,0,0,0,242.223332700603
"14","2023-11-02",1,"118",45.43007,-73.9353,2,5.5094065869314,2.83754158286985,1.36675361369164,1.42816915006091,4.90906726699361,4.24897261076268,3.2721868316271,3.70358689636102,118.3,118.3,118.3,118.3,355,355,355,355,20,20,20,20,15,15,15,15,0,0,0,0,5,5,5,5,0,0,0,0,0,0,0,0,0,0,0,0,0,0,0,0,0,0,0,0,0,0,0,0,0,0,0,0,0,0,0,0,0,0,0,0,238.601834137627
"15","2023-11-08",1,"104",45.43043,-73.93925,2,1.53739295034933,2.06652098334732,3.4320572860191,6.53116998627663,2.34108093696342,2.65126018097094,4.42319655797851,7.86085218202218,118.3,118.3,118.3,118.3,355,355,355,355,20,20,20,20,15,15,15,15,0,0,0,0,5,5,5,5,0,0,0,0,0,0,0,0,0,0,0,0,0,0,0,0,0,0,0,0,0,0,0,0,0,0,0,0,0,0,0,0,0,0,0,0,80.9750151392644
"16","2023-11-08",1,"97",45.4312,-73.93884,2,11.3329289339661,7.06896848559578,4.482579922742,5.6368417163933,8.56292486529595,7.73808162447745,6.92456602593253,8.08827941158368,118.3,118.3,118.3,118.3,355,355,355,355,20,20,20,20,15,15,15,15,0,0,0,0,5,5,5,5,0,0,0,0,0,0,0,0,0,0,0,0,0,0,0,0,0,0,0,0,0,0,0,0,0,0,0,0,0,0,0,0,0,0,0,0,131.27024703304
"17","2023-11-08",1,"118",45.42997,-73.93526,2,5.50579550257781,2.70326236796262,1.4041660228594,1.50495328812657,5.24960089863334,4.20751115994524,3.3534719476954,3.78851680813741,118.3,118.3,118.3,118.3,355,355,355,355,20,20,20,20,15,15,15,15,0,0,0,0,5,5,5,5,0,0,0,0,0,0,0,0,0,0,0,0,0,0,0,0,0,0,0,0,0,0,0,0,0,0,0,0,0,0,0,0,0,0,0,0,241.986450373017
"18","2023-11-13",1,"97",45.43092,-73.93904,2,3.14127902113242,4.37819178569474,4.38540897329917,6.05268659289443,3.91484782948634,6.09745513940597,6.50568672122677,8.09581674284166,118.3,118.3,118.3,118.3,355,355,355,355,20,20,20,20,15,15,15,15,0,0,0,0,5,5,5,5,0,0,0,0,0,0,0,0,0,0,0,0,0,0,0,0,0,0,0,0,0,0,0,0,0,0,0,0,0,0,0,0,0,0,0,0,108.777107299659
"19","2023-11-13",1,"120b",45.43092,-73.93904,2,3.14127902113242,4.37819178569474,4.38540897329917,6.05268659289443,3.91484782948634,6.09745513940597,6.50568672122677,8.09581674284166,118.3,118.3,118.3,118.3,355,355,355,355,20,20,20,20,15,15,15,15,0,0,0,0,5,5,5,5,0,0,0,0,0,0,0,0,0,0,0,0,0,0,0,0,0,0,0,0,0,0,0,0,0,0,0,0,0,0,0,0,0,0,0,0,108.777107299659
"20","2023-11-13",1,"123",45.4308,-73.93909,2,2.30957702465709,3.31892047200341,4.18842556846186,6.17269668602457,2.44745703197826,4.89539932059101,6.17775061068774,8.03575316245322,118.3,118.3,118.3,118.3,355,355,355,355,20,20,20,20,15,15,15,15,0,0,0,0,5,5,5,5,0,0,0,0,0,0,0,0,0,0,0,0,0,0,0,0,0,0,0,0,0,0,0,0,0,0,0,0,0,0,0,0,0,0,0,0,99.6471067646432
"21","2023-11-29",1,"97",45.43123,-73.93886,2,11.4430715703746,7.4002467800752,4.66193889568992,5.75559874176325,8.59022890889676,7.95774011019011,7.05732738399662,8.19669861315551,118.3,118.3,118.3,118.3,355,355,355,355,20,20,20,20,15,15,15,15,0,0,0,0,5,5,5,5,0,0,0,0,0,0,0,0,0,0,0,0,0,0,0,0,0,0,0,0,0,0,0,0,0,0,0,0,0,0,0,0,0,0,0,0,134.916013402026
"22","2023-11-29",1,"116",45.43161,-73.93925,2,15.4128795083267,10.4322607311148,7.53336901041444,7.71001446219192,10.537694310739,9.16133263854476,8.12759180412995,9.60748161843008,118.3,118.3,118.3,118.3,355,355,355,355,20,20,20,20,15,15,15,15,0,0,0,0,5,5,5,5,0,0,0,0,0,0,0,0,0,0,0,0,0,0,0,0,0,0,0,0,0,0,0,0,0,0,0,0,0,0,0,0,0,0,0,0,185.021339097693
"23","2023-11-29",1,"123",45.43219,-73.93909,2,6.84119764088852,5.67810808032421,6.90215984883672,7.58840980186568,4.81753494122368,5.31079891674412,8.7254524572262,9.59141032637201,118.3,118.3,118.3,118.3,355,355,355,355,20,20,20,20,15,15,15,15,0,0,0,0,5,5,5,5,0,0,0,0,0,0,0,0,0,0,0,0,0,0,0,0,0,0,0,0,0,0,0,0,0,0,0,0,0,0,0,0,0,0,0,0,242.55233882845
"24","2023-12-08",1,"120b",45.42845,-73.93687,2,3.0370131890222,4.93350838971645,7.30870600637277,5.02142992397759,3.42213973699473,4.97915326581126,6.56859622241888,6.37399000679372,118.3,118.3,118.3,118.3,355,355,355,355,20,20,20,20,15,15,15,15,0,0,0,0,5,5,5,5,0,0,0,0,0,0,0,0,0,0,0,0,0,0,0,0,0,0,0,0,0,0,0,0,0,0,0,0,0,0,0,0,0,0,0,0,210.232936473963
"25","2023-12-08",1,"97",45.4317,-73.93948,2,15.5332855798073,10.9584686485154,9.413700204511,8.87653492223714,10.4127310415807,9.47640903079843,8.5886093761657,10.0826822101684,118.3,118.3,118.3,118.3,355,355,355,355,20,20,20,20,15,15,15,15,0,0,0,0,5,5,5,5,0,0,0,0,0,0,0,0,0,0,0,0,0,0,0,0,0,0,0,0,0,0,0,0,0,0,0,0,0,0,0,0,0,0,0,0,201.524322093802
"26","2023-12-08",1,"123",45.4317,-73.93948,2,15.5332855798073,10.9584686485154,9.413700204511,8.87653492223714,10.4127310415807,9.47640903079843,8.5886093761657,10.0826822101684,118.3,118.3,118.3,118.3,355,355,355,355,20,20,20,20,15,15,15,15,0,0,0,0,5,5,5,5,0,0,0,0,0,0,0,0,0,0,0,0,0,0,0,0,0,0,0,0,0,0,0,0,0,0,0,0,0,0,0,0,0,0,0,0,201.524322093802
"27","2023-12-08",1,"104",45.43006,-73.93851,2,1.14437658101245,2.3879785901903,2.95776988276215,3.88908639600665,1.67841242526399,3.95220852219875,4.12148927895956,5.67443208141943,118.3,118.3,118.3,118.3,355,355,355,355,20,20,20,20,15,15,15,15,0,0,0,0,5,5,5,5,0,0,0,0,0,0,0,0,0,0,0,0,0,0,0,0,0,0,0,0,0,0,0,0,0,0,0,0,0,0,0,0,0,0,0,0,11.8195622635198
"28","2023-12-14",1,"123",45.42979,-73.93957,2,2.69947099540143,2.64467585340331,3.65929715174074,6.6727359600167,3.00400036423108,3.2159599333093,4.68954220327769,7.2162612732551,118.3,118.3,118.3,118.3,355,355,355,355,20,20,20,20,15,15,15,15,0,0,0,0,5,5,5,5,0,0,0,0,0,0,0,0,0,0,0,0,0,0,0,0,0,0,0,0,0,0,0,0,0,0,0,0,0,0,0,0,0,0,0,0,97.2922892988141
"29","2024-01-05",1,"120b",45.43128,-73.9389,2,11.4317754458075,8.0206169165311,5.00143613320453,5.97154281855299,8.59658275830527,8.44530551238535,7.25691715631684,8.39367418089355,118.3,118.3,118.3,118.3,355,355,355,355,20,20,20,20,15,15,15,15,0,0,0,0,5,5,5,5,0,0,0,0,0,0,0,0,0,0,0,0,0,0,0,0,0,0,0,0,0,0,0,0,0,0,0,0,0,0,0,0,0,0,0,0,141.154580683332
"30","2024-01-05",1,"123",45.43012,-73.93965,2,1.79527486074725,2.44717368763923,3.5305563684703,7.07951302149414,2.64293543916244,2.87167454192747,3.90975662395294,7.90108968486474,118.3,118.3,118.3,118.3,355,355,355,355,20,20,20,20,15,15,15,15,0,0,0,0,5,5,5,5,0,0,0,0,0,0,0,0,0,0,0,0,0,0,0,0,0,0,0,0,0,0,0,0,0,0,0,0,0,0,0,0,0,0,0,0,100.749008230554
"31","2024-01-05",1,"97",45.43012,-73.93965,2,1.79527486074725,2.44717368763923,3.5305563684703,7.07951302149414,2.64293543916244,2.87167454192747,3.90975662395294,7.90108968486474,118.3,118.3,118.3,118.3,355,355,355,355,20,20,20,20,15,15,15,15,0,0,0,0,5,5,5,5,0,0,0,0,0,0,0,0,0,0,0,0,0,0,0,0,0,0,0,0,0,0,0,0,0,0,0,0,0,0,0,0,0,0,0,0,100.749008230554
"32","2024-01-05",1,"104",45.43012,-73.93965,2,1.79527486074725,2.44717368763923,3.5305563684703,7.07951302149414,2.64293543916244,2.87167454192747,3.90975662395294,7.90108968486474,118.3,118.3,118.3,118.3,355,355,355,355,20,20,20,20,15,15,15,15,0,0,0,0,5,5,5,5,0,0,0,0,0,0,0,0,0,0,0,0,0,0,0,0,0,0,0,0,0,0,0,0,0,0,0,0,0,0,0,0,0,0,0,0,100.749008230554
"33","2024-01-05",1,"118",45.43098,-73.93843,2,5.21601724892111,4.2783894897919,3.02894265744791,4.17259098743654,3.93320392834559,5.86157946734947,5.69028723261937,6.59835779596696,118.3,118.3,118.3,118.3,355,355,355,355,20,20,20,20,15,15,15,15,0,0,0,0,5,5,5,5,0,0,0,0,0,0,0,0,0,0,0,0,0,0,0,0,0,0,0,0,0,0,0,0,0,0,0,0,0,0,0,0,0,0,0,0,101.299202080482
"34","2024-01-08",1,"104",45.43045,-73.93928,2,1.78161313976647,2.11759221975756,3.51177198421539,6.65045557168879,2.47873464123126,2.70734531406381,4.52796455736945,7.94012773696081,118.3,118.3,118.3,118.3,355,355,355,355,20,20,20,20,15,15,15,15,0,0,0,0,5,5,5,5,0,0,0,0,0,0,0,0,0,0,0,0,0,0,0,0,0,0,0,0,0,0,0,0,0,0,0,0,0,0,0,0,0,0,0,0,84.116767160116
"35","2024-01-08",1,"97",45.43028,-73.93851,2,0.808677971271799,2.0113677725887,2.87901616016026,3.8895822930809,1.5046723567619,3.50492982675641,4.23689745879149,5.94187372989702,118.3,118.3,118.3,118.3,355,355,355,355,20,20,20,20,15,15,15,15,0,0,0,0,5,5,5,5,0,0,0,0,0,0,0,0,0,0,0,0,0,0,0,0,0,0,0,0,0,0,0,0,0,0,0,0,0,0,0,0,0,0,0,0,26.4774638522282
"36","2024-01-15",1,"118",45.43022,-73.93822,2,4.1932466586674,3.10321580183412,2.59008936640863,3.03197971745134,4.96360361039721,4.73343921966251,4.04552971004839,5.01830333639682,118.3,118.3,118.3,118.3,355,355,355,355,20,20,20,20,15,15,15,15,0,0,0,0,5,5,5,5,0,0,0,0,0,0,0,0,0,0,0,0,0,0,0,0,0,0,0,0,0,0,0,0,0,0,0,0,0,0,0,0,0,0,0,0,19.5236989092631
"37","2024-01-15",1,"104",45.43018,-73.93822,2,4.69811506072178,3.26516245859835,2.66775309106336,3.03196230236694,5.1379564085049,4.86974670223665,4.1265798336254,4.99014269416379,118.3,118.3,118.3,118.3,355,355,355,355,20,20,20,20,15,15,15,15,0,0,0,0,5,5,5,5,0,0,0,0,0,0,0,0,0,0,0,0,0,0,0,0,0,0,0,0,0,0,0,0,0,0,0,0,0,0,0,0,0,0,0,0,15.8994842676638
"38","2024-01-15",1,"116",45.43018,-73.93822,2,4.69811506072178,3.26516245859835,2.66775309106336,3.03196230236694,5.1379564085049,4.86974670223665,4.1265798336254,4.99014269416379,118.3,118.3,118.3,118.3,355,355,355,355,20,20,20,20,15,15,15,15,0,0,0,0,5,5,5,5,0,0,0,0,0,0,0,0,0,0,0,0,0,0,0,0,0,0,0,0,0,0,0,0,0,0,0,0,0,0,0,0,0,0,0,0,15.8994842676638
"39","2024-01-15",1,"120b",45.43092,-73.93833,2,3.59461255321443,3.68712437163486,2.73430211295374,3.86140955308626,3.03122545383694,5.66726435337111,5.23995021974546,6.24273031574521,118.3,118.3,118.3,118.3,355,355,355,355,20,20,20,20,15,15,15,15,0,0,0,0,5,5,5,5,0,0,0,0,0,0,0,0,0,0,0,0,0,0,0,0,0,0,0,0,0,0,0,0,0,0,0,0,0,0,0,0,0,0,0,0,94.4523440461067
"40","2024-01-22",1,"116",45.43,-73.9385,2,1.10471582876616,2.55737430692238,3.00946378698767,3.88734885635175,1.65283245015963,4.01252525556655,4.23512943361941,5.61562104788978,118.3,118.3,118.3,118.3,355,355,355,355,20,20,20,20,15,15,15,15,0,0,0,0,5,5,5,5,0,0,0,0,0,0,0,0,0,0,0,0,0,0,0,0,0,0,0,0,0,0,0,0,0,0,0,0,0,0,0,0,0,0,0,0,10.4098541358825
"41","2024-01-22",1,"97",45.42993,-73.93845,2,1.05379834728669,2.99418647475481,3.08748639108869,3.79471839778108,1.65377330223578,4.31450255918201,4.39031502141987,5.45937339346828,118.3,118.3,118.3,118.3,355,355,355,355,20,20,20,20,15,15,15,15,0,0,0,0,5,5,5,5,0,0,0,0,0,0,0,0,0,0,0,0,0,0,0,0,0,0,0,0,0,0,0,0,0,0,0,0,0,0,0,0,0,0,0,0,11.796484936024
"42","2024-01-22",1,"104",45.42994,-73.93845,2,1.0498011081818,2.97437407720571,3.06948520017409,3.78703781602724,1.63918403451401,4.33054077514864,4.37728391573218,5.46497478807131,118.3,118.3,118.3,118.3,355,355,355,355,20,20,20,20,15,15,15,15,0,0,0,0,5,5,5,5,0,0,0,0,0,0,0,0,0,0,0,0,0,0,0,0,0,0,0,0,0,0,0,0,0,0,0,0,0,0,0,0,0,0,0,0,10.8706783952596
"43","2024-01-25",1,"118",45.43003,-73.93852,2,1.12382426341818,2.38418585220622,2.98627908119897,3.92499414168004,1.67341754532899,3.86648215990382,4.16354069027501,5.67501389521911,118.3,118.3,118.3,118.3,355,355,355,355,20,20,20,20,15,15,15,15,0,0,0,0,5,5,5,5,0,0,0,0,0,0,0,0,0,0,0,0,0,0,0,0,0,0,0,0,0,0,0,0,0,0,0,0,0,0,0,0,0,0,0,0,11.7870038093544
"44","2024-01-29",1,"116",45.4301,-73.93826,2,4.24519134529275,3.48930609615475,2.85407582633177,3.17419948647859,4.78106281322365,4.9905039063928,4.28730567468026,5.07141431547405,118.3,118.3,118.3,118.3,355,355,355,355,20,20,20,20,15,15,15,15,0,0,0,0,5,5,5,5,0,0,0,0,0,0,0,0,0,0,0,0,0,0,0,0,0,0,0,0,0,0,0,0,0,0,0,0,0,0,0,0,0,0,0,0,7.78983085366741
"45","2024-01-29",1,"97",45.4301,-73.93826,2,4.24519134529275,3.48930609615475,2.85407582633177,3.17419948647859,4.78106281322365,4.9905039063928,4.28730567468026,5.07141431547405,118.3,118.3,118.3,118.3,355,355,355,355,20,20,20,20,15,15,15,15,0,0,0,0,5,5,5,5,0,0,0,0,0,0,0,0,0,0,0,0,0,0,0,0,0,0,0,0,0,0,0,0,0,0,0,0,0,0,0,0,0,0,0,0,7.78983085366741
"46","2024-01-29",1,"118",45.43003,-73.9388,2,1.12721315374229,1.94646940401183,2.95690036122718,4.86100641908617,1.72159011085552,2.58337628439825,3.85128404534697,6.39186768264223,118.3,118.3,118.3,118.3,355,355,355,355,20,20,20,20,15,15,15,15,0,0,0,0,5,5,5,5,0,0,0,0,0,0,0,0,0,0,0,0,0,0,0,0,0,0,0,0,0,0,0,0,0,0,0,0,0,0,0,0,0,0,0,0,33.6573076712012
"47","2024-02-02",1,"104",45.4132,-73.92882,2,8.6539190562331,9.77839841570717,9.6500274599412,7.06434382094948,6.80521009830785,7.24473821178723,7.03064583746837,6.87272996384761,700.95,700.95,700.95,601.1,167.5,167.5,167.5,165,0,0,0,0,20,20,20,24,0,0,0,0,20,20,20,24,0,0,0,0,706.046121014768,706.046121014768,521.449618415293,494.129351816436,17.6776695296637,17.6776695296637,13.0558241966773,12.3717914826348,0,0,0,0,28.2842712474619,28.2842712474619,20.8893187146837,19.7948663722157,0,0,0,0,28.2842712474619,28.2842712474619,20.8893187146837,19.7948663722157,0,0,0,0,196.978339252031,427.163966365711,956.549776217987,7334.90786173018,94.4910994282609
"48","2024-02-02",1,"120b",45.43798,-73.93169,2,4.47353201855455,5.19580947090311,10.1814423134383,11.7291217702049,4.39038379200847,5.83330166189179,9.52418273655222,9.87195862121183,3020.3,1085.63333333333,1323.78333333333,1133.86862745098,150,286.666666666667,252.916666666667,243.43137254902,0,13.3333333333333,11.25,11.9607843137255,0,10,7.5,6.76470588235294,0,0,0,0,0,3.33333333333333,2.91666666666667,3.23529411764706,0,0,0,0,0,1675.47048118829,1497.62517572646,1407.18191368283,0,118.356805183873,106.631445416046,102.139562345246,0,11.5470053837925,10.0283688513228,9.11473704352183,0,8.66025403784439,7.8334945180064,7.53813832532706,0,0,0,0,0,2.88675134594813,2.57464325272219,2.41319899961953,0,0,0,0,408.745236732373,1028.76928687595,2812.16362165778,8249.59644762159,127.341833435217
"49","2024-02-07",1,"97",45.43043,-73.93797,2,2.2268416141893,2.34447424183569,2.14034173089747,2.8564459868407,3.42417112736759,4.16966574873613,4.14950693184767,5.01861787608664,118.3,118.3,118.3,118.3,355,355,355,355,20,20,20,20,15,15,15,15,0,0,0,0,5,5,5,5,0,0,0,0,0,0,0,0,0,0,0,0,0,0,0,0,0,0,0,0,0,0,0,0,0,0,0,0,0,0,0,0,0,0,0,0,49.8351613773173
"50","2024-02-07",1,"118",45.43024,-73.93822,2,3.83775393849672,3.03880200546928,2.5581746566393,3.0408012804083,4.82749964167079,4.66172746888686,4.01666338191155,5.0444531637604,118.3,118.3,118.3,118.3,355,355,355,355,20,20,20,20,15,15,15,15,0,0,0,0,5,5,5,5,0,0,0,0,0,0,0,0,0,0,0,0,0,0,0,0,0,0,0,0,0,0,0,0,0,0,0,0,0,0,0,0,0,0,0,0,21.451775109333
"51","2024-02-07",1,"104",45.42998,-73.93848,2,1.090585833961,2.72503052214373,3.02794467347391,3.8447020735468,1.64236825663444,4.15665585884888,4.29150294775502,5.56303316607668,118.3,118.3,118.3,118.3,355,355,355,355,20,20,20,20,15,15,15,15,0,0,0,0,5,5,5,5,0,0,0,0,0,0,0,0,0,0,0,0,0,0,0,0,0,0,0,0,0,0,0,0,0,0,0,0,0,0,0,0,0,0,0,0,9.68516942026296
"52","2024-02-07",1,"120b",45.43815,-73.93144,2,4.88559788614131,6.77120051518736,9.54288185340256,10.5754446752176,5.27201893901223,7.15463663724313,8.96383785509876,9.85959212116554,118.3,2052.96666666667,1320.1,1168.44615384615,355,218.333333333333,236.25,233.942307692308,20,6.66666666666667,10.8333333333333,11.5384615384615,15,5,6.25,6.05769230769231,0,0,0,0,5,1.66666666666667,2.91666666666667,3.17307692307692,0,0,0,0,0,1675.47048118829,1500.9102813717,1418.97476500127,0,118.356805183873,104.840246435838,100.627134192258,0,11.5470053837925,9.73123680201904,9.04988687712105,0,8.66025403784439,7.72392975816656,7.43181676661156,0,0,0,0,0,2.88675134594813,2.57464325272219,2.43117944301997,0,0,0,0,394.237695626508,1205.2669099242,2931.9704361857,8855.58464429301,124.252910992974
"53","2024-02-12",1,"104",45.42993,-73.93852,2,1.18310395414797,2.63347501036107,3.12092946770217,4.00864823514131,1.82297964018932,3.7761983926586,4.32668011647607,5.64144665301513,118.3,118.3,118.3,118.3,355,355,355,355,20,20,20,20,15,15,15,15,0,0,0,0,5,5,5,5,0,0,0,0,0,0,0,0,0,0,0,0,0,0,0,0,0,0,0,0,0,0,0,0,0,0,0,0,0,0,0,0,0,0,0,0,15.4171505318041
"54","2024-02-12",1,"118",45.42993,-73.93852,2,1.18310395414797,2.63347501036107,3.12092946770217,4.00864823514131,1.82297964018932,3.7761983926586,4.32668011647607,5.64144665301513,118.3,118.3,118.3,118.3,355,355,355,355,20,20,20,20,15,15,15,15,0,0,0,0,5,5,5,5,0,0,0,0,0,0,0,0,0,0,0,0,0,0,0,0,0,0,0,0,0,0,0,0,0,0,0,0,0,0,0,0,0,0,0,0,15.4171505318041
"55","2024-02-12",1,"97",45.42994,-73.93871,2,1.27828424715148,2.05348257600445,3.04826930450158,4.5887316685763,1.90642618420386,2.70569379375319,4.0353629239534,6.0836035212568,118.3,118.3,118.3,118.3,355,355,355,355,20,20,20,20,15,15,15,15,0,0,0,0,5,5,5,5,0,0,0,0,0,0,0,0,0,0,0,0,0,0,0,0,0,0,0,0,0,0,0,0,0,0,0,0,0,0,0,0,0,0,0,0,28.0441071597575
"56","2024-02-14",1,"120b",45.43822,-73.9311,2,2.6024515033376,6.16611523163167,8.24864599229173,9.07199870702648,3.55307327511615,6.61686356520008,8.3320657060489,9.4176078338183,3020.3,1085.63333333333,1466.67333333333,1478.82830188679,150,286.666666666667,232.666666666667,220.566037735849,0,13.3333333333333,10,9.62264150943396,0,10,6,5.09433962264151,0,0,0,0,0,3.33333333333333,2.66666666666667,2.64150943396226,0,0,0,0,0,1675.47048118829,1504.36212370496,1470.57459732548,0,118.356805183873,103.403969712874,97.3478120796295,0,11.5470053837925,9.81980506061966,9.34638230113733,0,8.66025403784439,7.60638829255665,7.17169691040733,0,0,0,0,0,2.88675134594813,2.58198889747161,2.51987743614219,0,0,0,0,588.032797824144,1307.45352990028,3760.60587791378,9601.04836936321,113.890413299557
"57","2024-02-22",1,"104",45.42966,-73.93817,2,1.07138125101725,4.15751104324511,3.66654509803452,3.53350784303954,2.14246954005244,5.20156584248203,4.84036199670489,5.07890483124305,118.3,118.3,118.3,118.3,355,355,355,355,20,20,20,20,15,15,15,15,0,0,0,0,5,5,5,5,0,0,0,0,0,0,0,0,0,0,0,0,0,0,0,0,0,0,0,0,0,0,0,0,0,0,0,0,0,0,0,0,0,0,0,0,42.9491340364558
"58","2024-02-22",1,"118",45.42966,-73.93817,2,1.07138125101725,4.15751104324511,3.66654509803452,3.53350784303954,2.14246954005244,5.20156584248203,4.84036199670489,5.07890483124305,118.3,118.3,118.3,118.3,355,355,355,355,20,20,20,20,15,15,15,15,0,0,0,0,5,5,5,5,0,0,0,0,0,0,0,0,0,0,0,0,0,0,0,0,0,0,0,0,0,0,0,0,0,0,0,0,0,0,0,0,0,0,0,0,42.9491340364558
"59","2024-02-26",1,"104",45.42961,-73.93842,2,1.73528265698007,2.69971087897911,3.66209752225989,4.29190573564188,2.44376221158517,3.63779543564141,4.72199802193512,5.6959592706115,118.3,118.3,118.3,118.3,355,355,355,355,20,20,20,20,15,15,15,15,0,0,0,0,5,5,5,5,0,0,0,0,0,0,0,0,0,0,0,0,0,0,0,0,0,0,0,0,0,0,0,0,0,0,0,0,0,0,0,0,0,0,0,0,45.7207366321659
"60","2024-02-26",1,"118",45.42978,-73.93758,2,8.61609559637567,5.45877184922528,2.9195300737504,2.63837220004163,5.92541749197979,6.24961950582864,4.86263118278715,4.28630661683332,118.3,118.3,118.3,118.3,355,355,355,355,20,20,20,20,15,15,15,15,0,0,0,0,5,5,5,5,0,0,0,0,0,0,0,0,0,0,0,0,0,0,0,0,0,0,0,0,0,0,0,0,0,0,0,0,0,0,0,0,0,0,0,0,67.3091168061215
"61","2024-02-27",1,"120b",45.43805,-73.93082,2,4.44600905847112,5.22657448429689,6.33939694163689,8.07624114563467,4.52581528330349,5.05937745495189,7.00928238807688,8.91953349714768,3020.3,3020.3,2052.96666666667,1675.81538461538,150,150,218.333333333333,221.538461538462,0,0,6.66666666666667,8.65384615384615,0,0,5,5.19230769230769,0,0,0,0,0,0,1.66666666666667,2.30769230769231,0,0,0,0,0,0,1428.84602728809,1466.43636891356,0,0,100.935022603053,98.067296129422,0,0,9.84731927834662,9.55455874230626,0,0,7.38548945875996,7.20576692122892,0,0,0,0,0,0,2.46182981958665,2.51691112853817,0,0,0,0,475.827508945269,1292.39009496308,4179.59239036091,10424.3003286492,86.7050839592313
"62","2024-02-27",1,"118",45.43135,-73.93853,2,7.70470596492811,5.97608945714482,3.74260189750119,4.97305607488467,6.65259245323112,7.24148468689195,6.42677528895228,7.58198158251925,118.3,118.3,118.3,118.3,355,355,355,355,20,20,20,20,15,15,15,15,0,0,0,0,5,5,5,5,0,0,0,0,0,0,0,0,0,0,0,0,0,0,0,0,0,0,0,0,0,0,0,0,0,0,0,0,0,0,0,0,0,0,0,0,142.910027113155
"63","2024-03-01",1,"118",45.43076,-73.93825,2,2.10892054408239,2.05310372073958,2.5046013609004,3.51828389049731,2.52128329222765,2.96973635471999,4.67912290484652,5.86269808255027,118.3,118.3,118.3,118.3,355,355,355,355,20,20,20,20,15,15,15,15,0,0,0,0,5,5,5,5,0,0,0,0,0,0,0,0,0,0,0,0,0,0,0,0,0,0,0,0,0,0,0,0,0,0,0,0,0,0,0,0,0,0,0,0,77.0606684672496
"64","2024-03-04",1,"118",45.42867,-73.93786,2,7.36615484141378,6.14294117328787,5.14186836812868,5.92825693728614,3.25092469500095,4.66976645821592,5.18598862302351,6.50852794196294,118.3,118.3,118.3,118.3,355,355,355,355,20,20,20,20,15,15,15,15,0,0,0,0,5,5,5,5,0,0,0,0,0,0,0,0,0,0,0,0,0,0,0,0,0,0,0,0,0,0,0,0,0,0,0,0,0,0,0,0,0,0,0,0,155.207670435588
"65","2024-03-05",1,"116",45.42969,-73.93919,2,5.4445921288354,3.66850163778967,2.60685740278976,5.92587572037421,3.61428611727035,3.17714105322618,3.30945402997376,6.61094331190627,118.3,118.3,118.3,118.3,355,355,355,355,20,20,20,20,15,15,15,15,0,0,0,0,5,5,5,5,0,0,0,0,0,0,0,0,0,0,0,0,0,0,0,0,0,0,0,0,0,0,0,0,0,0,0,0,0,0,0,0,0,0,0,0,73.8876376028919
"66","2024-03-07",1,"120b",45.43653,-73.93424,2,3.10227083334368,1.72507184673346,3.96369994988884,10.5606296970847,5.21781174353849,4.14923934572694,7.11053500932348,10.6842638863061,118.3,118.3,118.3,112.35,355,355,355,328.076923076923,20,20,20,19.3269230769231,15,15,15,12.9807692307692,0,0,0,0,5,5,5,5,0,0,0,0,0,0,0,15.2331874537143,0,0,0,68.9284500168069,0,0,0,1.72321125042017,0,0,0,5.16963375126053,0,0,0,0,0,0,0,0,0,0,0,0,0,0,0,663.246676190811,319.124143782991
"67","2024-03-08",1,"104",45.4287,-73.93804,2,6.0759672992341,4.9092524863394,5.09009665393854,6.13168931675191,3.70906475837325,4.64331102812798,5.04096110220148,6.5590746051868,118.3,118.3,118.3,118.3,355,355,355,355,20,20,20,20,15,15,15,15,0,0,0,0,5,5,5,5,0,0,0,0,0,0,0,0,0,0,0,0,0,0,0,0,0,0,0,0,0,0,0,0,0,0,0,0,0,0,0,0,0,0,0,0,148.913658578328
"68","2024-03-11",1,"120b",45.43839,-73.93147,2,11.1415985256979,11.3399055490675,10.8300656648427,10.2761988941699,8.39284447202465,9.46348493164998,9.25680235278412,9.88990870530781,118.3,118.3,832.75,1188.17058823529,355,355,253.75,227.647058823529,20,20,13.75,11.2745098039216,15,15,7.5,5.58823529411765,0,0,0,0,5,5,3.75,3.13725490196078,0,0,0,0,0,0,1319.27691248584,1425.90389904707,0,0,105.768293066409,99.1279624585136,0,0,8.56127645538062,8.9912811798376,0,0,7.8334945180064,7.32441525471689,0,0,0,0,0,0,2.26133508433323,2.4414717515723,0,0,0,0,87.1292152854647,939.161087670023,2720.0530798819,8775.28926958516,145.955583562254
"69","2024-03-13",1,"104",45.42764,-73.93806,2,7.79108650635697,8.69982798778941,7.86421308915882,6.37805135401702,4.49571898276587,6.51799253008464,6.34784687235028,6.75315761917102,118.3,118.3,118.3,118.3,355,355,355,355,20,20,20,20,15,15,15,15,0,0,0,0,5,5,5,5,0,0,0,0,0,0,0,0,0,0,0,0,0,0,0,0,0,0,0,0,0,0,0,0,0,0,0,0,0,0,0,0,0,0,0,0,265.539990407849
"70","2024-03-13",1,"118",45.43133,-73.93857,2,9.04728543807048,6.26975665615803,3.81820532564486,5.07707725123933,7.0553105359008,7.35020331380106,6.49476043604182,7.65718523213847,118.3,118.3,118.3,118.3,355,355,355,355,20,20,20,20,15,15,15,15,0,0,0,0,5,5,5,5,0,0,0,0,0,0,0,0,0,0,0,0,0,0,0,0,0,0,0,0,0,0,0,0,0,0,0,0,0,0,0,0,0,0,0,0,141.046444032067
"71","2024-03-20",1,"118",45.43014,-73.93768,2,5.05582557468243,4.03820658865012,2.18355134217089,2.50976456550972,6.01149596956967,5.49624213578059,4.29447098023962,4.42973470512323,118.3,118.3,118.3,118.3,355,355,355,355,20,20,20,20,15,15,15,15,0,0,0,0,5,5,5,5,0,0,0,0,0,0,0,0,0,0,0,0,0,0,0,0,0,0,0,0,0,0,0,0,0,0,0,0,0,0,0,0,0,0,0,0,52.988003119268
"72","2024-03-20",1,"104",45.43014,-73.93768,2,5.05582557468243,4.03820658865012,2.18355134217089,2.50976456550972,6.01149596956967,5.49624213578059,4.29447098023962,4.42973470512323,118.3,118.3,118.3,118.3,355,355,355,355,20,20,20,20,15,15,15,15,0,0,0,0,5,5,5,5,0,0,0,0,0,0,0,0,0,0,0,0,0,0,0,0,0,0,0,0,0,0,0,0,0,0,0,0,0,0,0,0,0,0,0,0,52.988003119268
"73","2024-03-25",1,"104",45.42984,-73.93834,2,0.899469389234258,3.66461472709843,3.24513201015706,3.56989910039833,1.54305023187504,4.83873057339659,4.5800945298001,5.14271842885617,118.3,118.3,118.3,118.3,355,355,355,355,20,20,20,20,15,15,15,15,0,0,0,0,5,5,5,5,0,0,0,0,0,0,0,0,0,0,0,0,0,0,0,0,0,0,0,0,0,0,0,0,0,0,0,0,0,0,0,0,0,0,0,0,20.1361625042229
"74","2024-03-25",1,"118",45.43109,-73.9385,2,8.88364726575243,5.12127196444555,3.25068457218189,4.51510036050758,7.29796535823765,6.52453348061981,6.0076632707502,6.99268443689665,118.3,118.3,118.3,118.3,355,355,355,355,20,20,20,20,15,15,15,15,0,0,0,0,5,5,5,5,0,0,0,0,0,0,0,0,0,0,0,0,0,0,0,0,0,0,0,0,0,0,0,0,0,0,0,0,0,0,0,0,0,0,0,0,113.933158222907
"75","2024-03-27",1,"118",45.43008,-73.93824,2,4.67005086309681,3.61390654181262,2.87537893452658,3.13470245470551,5.03492586894159,5.06683968175596,4.33578036922635,5.01988491032957,118.3,118.3,118.3,118.3,355,355,355,355,20,20,20,20,15,15,15,15,0,0,0,0,5,5,5,5,0,0,0,0,0,0,0,0,0,0,0,0,0,0,0,0,0,0,0,0,0,0,0,0,0,0,0,0,0,0,0,0,0,0,0,0,8.67673804273677
"76","2024-04-01",1,"104",45.429,-73.93858,2,3.0785130522159,2.3437884681847,3.69891188192795,6.02097993803131,4.26574590587025,3.82616025491775,4.21362630996411,6.57701353605137,118.3,118.3,118.3,118.3,355,355,355,355,20,20,20,20,15,15,15,15,0,0,0,0,5,5,5,5,0,0,0,0,0,0,0,0,0,0,0,0,0,0,0,0,0,0,0,0,0,0,0,0,0,0,0,0,0,0,0,0,0,0,0,0,114.511825835952
"77","2024-04-01",1,"123",45.42869,-73.94138,2,14.7465780067832,15.4762835798259,13.7492019786665,11.677781683545,8.97229190211518,9.14342645727159,9.35607830868574,9.39737127696656,118.3,118.3,118.3,118.3,355,355,355,355,20,20,20,20,15,15,15,15,0,0,0,0,5,5,5,5,0,0,0,0,0,0,0,0,0,0,0,0,0,0,0,0,0,0,0,0,0,0,0,0,0,0,0,0,0,0,0,0,0,0,0,0,22.7966050748735
"78","2024-04-03",1,"120b",45.43491,-73.92234,2,13.8733873751113,10.3709736623107,8.4207425295557,4.55339020425339,8.16222284779314,9.3762654341914,8.1241324101564,6.03560198724128,118.3,118.3,118.3,250.718867924528,355,355,355,349.150943396226,20,20,20,19.2452830188679,15,15,15,14.4339622641509,0,0,0,0,5,5,5,4.81132075471698,0,0,0,0,0,0,0,675.081526716646,0,0,0,29.8189383719701,0,0,0,3.84760495122195,0,0,0,2.88570371341646,0,0,0,0,0,0,0,0.961901237805488,0,0,0,0,0,0,0,5839.27330173698,171.509826654224
"79","2024-04-06",1,"120b",45.43515,-73.92301,2,3.82941443565675,3.99487887461457,5.19779805947342,5.00501173920889,6.13620022795192,6.10256030017712,7.20781913431057,6.05051427551927,118.3,118.3,118.3,531.135294117647,355,355,355,336.764705882353,20,20,20,17.6470588235294,15,15,15,13.2352941176471,0,0,0,0,5,5,5,4.41176470588235,0,0,0,0,0,0,0,1141.84600429717,0,0,0,50.4363314428376,0,0,0,6.50791373455969,0,0,0,4.88093530091977,0,0,0,0,0,0,0,1.62697843363992,0,0,0,0,0,0,1813.19602656213,7218.60838557706,114.079614451026
"80","2024-04-07",1,"118",45.43139,-73.93865,2,9.37935210465778,7.09942185458369,4.15670105079997,5.38591506726096,6.38185058158617,8.0996657983575,6.82879738237424,7.94448876242441,118.3,118.3,118.3,118.3,355,355,355,355,20,20,20,20,15,15,15,15,0,0,0,0,5,5,5,5,0,0,0,0,0,0,0,0,0,0,0,0,0,0,0,0,0,0,0,0,0,0,0,0,0,0,0,0,0,0,0,0,0,0,0,0,148.52470924451
"81","2024-04-07",1,"104",45.43071,-73.9391,2,1.9327090983488,2.61722206538236,3.8565806339567,6.17084950079842,2.11722586761682,3.5149869884012,5.62921586767427,7.95182038597665,118.3,118.3,118.3,118.3,355,355,355,355,20,20,20,20,15,15,15,15,0,0,0,0,5,5,5,5,0,0,0,0,0,0,0,0,0,0,0,0,0,0,0,0,0,0,0,0,0,0,0,0,0,0,0,0,0,0,0,0,0,0,0,0,92.1882768478634
"82","2024-04-14",1,"118",45.43466,-73.9305,2,0.742316605360109,2.51242256237393,3.65103032068203,5.2524363785385,1.52510809454002,3.59783121516169,4.39226977651561,5.62797845014736,118.3,118.3,995.575,1384.23888888889,355,355,316.25,294.814814814815,20,20,15,12.5925925925926,15,15,11.25,9.44444444444445,0,0,0,0,5,5,3.75,3.14814814814815,0,0,0,0,0,0,1569.3172279689,1671.39446451348,0,0,69.3181073024935,79.9643963401246,0,0,8.94427190999916,9.74876580194006,0,0,6.70820393249937,7.31157435145505,0,0,0,0,0,0,2.23606797749979,2.43719145048502,0,0,0,0,0,369.178303471931,1473.57969011649,5858.77326582815,46.9870736238194
"83","2024-04-23",1,"104",45.42995,-73.93901,2,2.34843519484961,2.48127236109354,2.68606685194278,5.47121160002645,2.37791400397669,3.07439844418088,3.66272613180416,6.66452461881258,118.3,118.3,118.3,118.3,355,355,355,355,20,20,20,20,15,15,15,15,0,0,0,0,5,5,5,5,0,0,0,0,0,0,0,0,0,0,0,0,0,0,0,0,0,0,0,0,0,0,0,0,0,0,0,0,0,0,0,0,0,0,0,0,50.6677895320772
"84","2024-05-03",1,"104",45.42987,-73.93817,2,3.90060171529024,4.47659146333417,3.16787254019991,3.11292717187224,5.10842655730675,5.36650199326368,4.6730324321499,4.75618494459931,118.3,118.3,118.3,118.3,355,355,355,355,20,20,20,20,15,15,15,15,0,0,0,0,5,5,5,5,0,0,0,0,0,0,0,0,0,0,0,0,0,0,0,0,0,0,0,0,0,0,0,0,0,0,0,0,0,0,0,0,0,0,0,0,22.8592855823936
"85","2024-05-07",1,"120b",45.43438,-73.9227,2,4.87667671304716,8.41206812114191,7.29184282062437,4.62763263226889,5.96673415831928,8.18974270705425,7.67605941431513,6.04172546563898,118.3,118.3,118.3,189.914285714286,355,355,355,351.836734693878,20,20,20,19.5918367346939,15,15,15,14.6938775510204,0,0,0,0,5,5,5,4.89795918367347,0,0,0,0,0,0,0,501.299999999999,0,0,0,22.1428571428572,0,0,0,2.85714285714285,0,0,0,2.14285714285714,0,0,0,0,0,0,0,0.714285714285713,0,0,0,0,0,0,125.397612901382,5352.8644723813,195.283639086538
"86","2023-10-20",2,"124",45.4292,-73.93842,2,4.70312416784382,2.38455405217069,4.18425930131143,5.34488570919667,5.09032784482358,3.74367590394197,4.83005300072491,6.31002927325783,118.3,118.3,118.3,118.3,355,355,355,355,20,20,20,20,15,15,15,15,0,0,0,0,5,5,5,5,0,0,0,0,0,0,0,0,0,0,0,0,0,0,0,0,0,0,0,0,0,0,0,0,0,0,0,0,0,0,0,0,0,0,0,0,91.1901449691001
"87","2023-10-23",2,"124",45.42958,-73.93848,2,2.05128237891742,2.60822526287078,3.64865431590282,4.52387445195166,2.51744553359882,3.5046226098063,4.69877221086952,5.85692728931711,118.3,118.3,118.3,118.3,355,355,355,355,20,20,20,20,15,15,15,15,0,0,0,0,5,5,5,5,0,0,0,0,0,0,0,0,0,0,0,0,0,0,0,0,0,0,0,0,0,0,0,0,0,0,0,0,0,0,0,0,0,0,0,0,49.6378765144902
"88","2023-10-25",2,"127",45.42989,-73.9374,2,3.10932167399483,4.27833299334455,2.36341890139484,2.57472693888658,4.91994790701104,5.99900204727429,4.58601636954178,4.28428744357045,118.3,118.3,118.3,118.3,355,355,355,355,20,20,20,20,15,15,15,15,0,0,0,0,5,5,5,5,0,0,0,0,0,0,0,0,0,0,0,0,0,0,0,0,0,0,0,0,0,0,0,0,0,0,0,0,0,0,0,0,0,0,0,0,76.9625086960613
"89","2023-10-25",2,"124",45.43198,-73.93895,2,6.88140510978624,6.05927358465944,6.14441128762777,6.83696391759886,4.88432167464171,6.42159591734902,8.24553148139541,9.14997051093793,118.3,118.3,118.3,118.3,355,355,355,355,20,20,20,20,15,15,15,15,0,0,0,0,5,5,5,5,0,0,0,0,0,0,0,0,0,0,0,0,0,0,0,0,0,0,0,0,0,0,0,0,0,0,0,0,0,0,0,0,0,0,0,0,217.339724960191
"90","2023-10-26",2,"125",45.42964,-73.93739,2,7.10504303211231,5.23265874520945,3.11692576381106,2.90212042610424,6.80009160105242,6.26306138998847,5.00589636255431,4.59785377453565,118.3,118.3,118.3,118.3,355,355,355,355,20,20,20,20,15,15,15,15,0,0,0,0,5,5,5,5,0,0,0,0,0,0,0,0,0,0,0,0,0,0,0,0,0,0,0,0,0,0,0,0,0,0,0,0,0,0,0,0,0,0,0,0,87.5224128516827
"91","2023-10-26",2,"124",45.42956,-73.93803,2,1.38761091792139,4.85292743929152,3.91473563069822,3.47806832396012,2.56406232112416,5.81919990109998,4.98611008804608,5.07218334294596,118.3,118.3,118.3,118.3,355,355,355,355,20,20,20,20,15,15,15,15,0,0,0,0,5,5,5,5,0,0,0,0,0,0,0,0,0,0,0,0,0,0,0,0,0,0,0,0,0,0,0,0,0,0,0,0,0,0,0,0,0,0,0,0,57.6154333742114
"92","2023-10-27",2,"127",45.42969,-73.93764,2,9.50540199007862,5.61970957102046,3.17820989748276,2.72056689422539,5.61603904789981,6.2382925725258,4.95197314708245,4.3645433877365,118.3,118.3,118.3,118.3,355,355,355,355,20,20,20,20,15,15,15,15,0,0,0,0,5,5,5,5,0,0,0,0,0,0,0,0,0,0,0,0,0,0,0,0,0,0,0,0,0,0,0,0,0,0,0,0,0,0,0,0,0,0,0,0,67.8649036744016
"93","2023-10-27",2,"124",45.42912,-73.93787,2,1.41784911782733,5.36623604861568,4.4770711695337,4.64032032278394,2.9102090487204,5.48603832577377,5.10970879022021,5.97619402361384,118.3,118.3,118.3,118.3,355,355,355,355,20,20,20,20,15,15,15,15,0,0,0,0,5,5,5,5,0,0,0,0,0,0,0,0,0,0,0,0,0,0,0,0,0,0,0,0,0,0,0,0,0,0,0,0,0,0,0,0,0,0,0,0,107.372901265896
"94","2023-10-29",2,"124",45.43003,-73.93849,2,1.12452597817392,2.54000124576209,2.9746959538632,3.839406917669,1.67593323899446,4.09295904437255,4.19569735755913,5.60601076935785,118.3,118.3,118.3,118.3,355,355,355,355,20,20,20,20,15,15,15,15,0,0,0,0,5,5,5,5,0,0,0,0,0,0,0,0,0,0,0,0,0,0,0,0,0,0,0,0,0,0,0,0,0,0,0,0,0,0,0,0,0,0,0,0,9.45313761689107
"95","2023-10-29",2,"125",45.43023,-73.93517,2,5.21006101309157,2.94573550079878,1.32114744102925,1.03114567774348,4.50220907183005,4.30460947236417,3.21659420849746,3.11857828884074,118.3,118.3,118.3,118.3,355,355,355,355,20,20,20,20,15,15,15,15,0,0,0,0,5,5,5,5,0,0,0,0,0,0,0,0,0,0,0,0,0,0,0,0,0,0,0,0,0,0,0,0,0,0,0,0,0,0,0,0,0,0,0,0,249.405743385389
"96","2023-11-08",2,"127",45.43065,-73.93884,2,2.22943957849115,2.16176927550993,3.23004321966342,4.98069910038622,2.54071863319546,3.38553920851843,4.97909936614026,7.05964896123525,118.3,118.3,118.3,118.3,355,355,355,355,20,20,20,20,15,15,15,15,0,0,0,0,5,5,5,5,0,0,0,0,0,0,0,0,0,0,0,0,0,0,0,0,0,0,0,0,0,0,0,0,0,0,0,0,0,0,0,0,0,0,0,0,74.9801641372984
"97","2023-11-08",2,"124",45.43062,-73.93922,2,1.6617149683052,2.18168715770027,3.89281862202101,6.66257845715907,2.14613561277481,2.83146129008291,5.32300060601654,8.15664231308819,118.3,118.3,118.3,118.3,355,355,355,355,20,20,20,20,15,15,15,15,0,0,0,0,5,5,5,5,0,0,0,0,0,0,0,0,0,0,0,0,0,0,0,0,0,0,0,0,0,0,0,0,0,0,0,0,0,0,0,0,0,0,0,0,91.4675314617321
"98","2023-11-13",2,"124",45.431,-73.93877,2,7.85767920690631,5.39488844455712,3.68690037314721,5.08488152045642,7.90826055055569,6.35681311064343,6.14882808147246,7.50719880564816,118.3,118.3,118.3,118.3,355,355,355,355,20,20,20,20,15,15,15,15,0,0,0,0,5,5,5,5,0,0,0,0,0,0,0,0,0,0,0,0,0,0,0,0,0,0,0,0,0,0,0,0,0,0,0,0,0,0,0,0,0,0,0,0,108.425891417576
"99","2023-11-13",2,"127",45.43092,-73.93904,2,3.14127902113242,4.37819178569474,4.38540897329917,6.05268659289443,3.91484782948634,6.09745513940597,6.50568672122677,8.09581674284166,118.3,118.3,118.3,118.3,355,355,355,355,20,20,20,20,15,15,15,15,0,0,0,0,5,5,5,5,0,0,0,0,0,0,0,0,0,0,0,0,0,0,0,0,0,0,0,0,0,0,0,0,0,0,0,0,0,0,0,0,0,0,0,0,108.777107299659
"100","2023-11-13",2,"99",45.43032,-73.93926,2,1.34817379149149,2.0542505211577,3.12371316893995,6.44159426896578,2.24538066275823,2.68774271350913,3.93256915540734,7.68358127292721,118.3,118.3,118.3,118.3,355,355,355,355,20,20,20,20,15,15,15,15,0,0,0,0,5,5,5,5,0,0,0,0,0,0,0,0,0,0,0,0,0,0,0,0,0,0,0,0,0,0,0,0,0,0,0,0,0,0,0,0,0,0,0,0,76.4161443097457
"101","2023-11-29",2,"111",45.4314,-73.93862,2,8.65082166837227,6.86204971146512,4.08222626516981,5.30207607142314,6.3445419380225,7.9663283059987,6.76942165627529,7.88337039921059,118.3,118.3,118.3,118.3,355,355,355,355,20,20,20,20,15,15,15,15,0,0,0,0,5,5,5,5,0,0,0,0,0,0,0,0,0,0,0,0,0,0,0,0,0,0,0,0,0,0,0,0,0,0,0,0,0,0,0,0,0,0,0,0,149.27178608632
"102","2023-11-29",2,"99",45.43123,-73.93886,2,11.4430715703746,7.4002467800752,4.66193889568992,5.75559874176325,8.59022890889676,7.95774011019011,7.05732738399662,8.19669861315551,118.3,118.3,118.3,118.3,355,355,355,355,20,20,20,20,15,15,15,15,0,0,0,0,5,5,5,5,0,0,0,0,0,0,0,0,0,0,0,0,0,0,0,0,0,0,0,0,0,0,0,0,0,0,0,0,0,0,0,0,0,0,0,0,134.916013402026
"103","2023-11-29",2,"127",45.43161,-73.93925,2,15.4128795083267,10.4322607311148,7.53336901041444,7.71001446219192,10.537694310739,9.16133263854476,8.12759180412995,9.60748161843008,118.3,118.3,118.3,118.3,355,355,355,355,20,20,20,20,15,15,15,15,0,0,0,0,5,5,5,5,0,0,0,0,0,0,0,0,0,0,0,0,0,0,0,0,0,0,0,0,0,0,0,0,0,0,0,0,0,0,0,0,0,0,0,0,185.021339097693
"104","2023-12-08",2,"124",45.42889,-73.93697,2,5.18228170055098,4.85660366062729,4.19950097589816,4.3836866765733,4.97267929558091,5.24356627901974,5.21687845519229,5.87191384302487,118.3,118.3,118.3,118.3,355,355,355,355,20,20,20,20,15,15,15,15,0,0,0,0,5,5,5,5,0,0,0,0,0,0,0,0,0,0,0,0,0,0,0,0,0,0,0,0,0,0,0,0,0,0,0,0,0,0,0,0,0,0,0,0,166.606919295218
"105","2023-12-08",2,"111",45.4317,-73.93948,2,15.5332855798073,10.9584686485154,9.413700204511,8.87653492223714,10.4127310415807,9.47640903079843,8.5886093761657,10.0826822101684,118.3,118.3,118.3,118.3,355,355,355,355,20,20,20,20,15,15,15,15,0,0,0,0,5,5,5,5,0,0,0,0,0,0,0,0,0,0,0,0,0,0,0,0,0,0,0,0,0,0,0,0,0,0,0,0,0,0,0,0,0,0,0,0,201.524322093802
"106","2023-12-14",2,"111",45.43031,-73.93958,2,2.52425583033508,2.28009663499675,3.54018707921364,7.24534054322685,2.67440475467214,3.01511858681888,4.10448389253005,8.12543619315876,118.3,118.3,118.3,118.3,355,355,355,355,20,20,20,20,15,15,15,15,0,0,0,0,5,5,5,5,0,0,0,0,0,0,0,0,0,0,0,0,0,0,0,0,0,0,0,0,0,0,0,0,0,0,0,0,0,0,0,0,0,0,0,0,99.8491939652817
"107","2023-12-14",2,"99",45.43008,-73.93849,2,1.18013244566721,2.46401195742393,2.93592006857777,3.82664559804192,1.70554102548521,4.08312042240203,4.10932028556312,5.63711138126758,118.3,118.3,118.3,118.3,355,355,355,355,20,20,20,20,15,15,15,15,0,0,0,0,5,5,5,5,0,0,0,0,0,0,0,0,0,0,0,0,0,0,0,0,0,0,0,0,0,0,0,0,0,0,0,0,0,0,0,0,0,0,0,0,11.0084228591496
"108","2024-01-05",2,"111",45.43128,-73.9389,2,11.4317754458075,8.0206169165311,5.00143613320453,5.97154281855299,8.59658275830527,8.44530551238535,7.25691715631684,8.39367418089355,118.3,118.3,118.3,118.3,355,355,355,355,20,20,20,20,15,15,15,15,0,0,0,0,5,5,5,5,0,0,0,0,0,0,0,0,0,0,0,0,0,0,0,0,0,0,0,0,0,0,0,0,0,0,0,0,0,0,0,0,0,0,0,0,141.154580683332
"109","2024-01-05",2,"127",45.43128,-73.9389,2,11.4317754458075,8.0206169165311,5.00143613320453,5.97154281855299,8.59658275830527,8.44530551238535,7.25691715631684,8.39367418089355,118.3,118.3,118.3,118.3,355,355,355,355,20,20,20,20,15,15,15,15,0,0,0,0,5,5,5,5,0,0,0,0,0,0,0,0,0,0,0,0,0,0,0,0,0,0,0,0,0,0,0,0,0,0,0,0,0,0,0,0,0,0,0,0,141.154580683332
"110","2024-01-05",2,"124",45.43128,-73.9389,2,11.4317754458075,8.0206169165311,5.00143613320453,5.97154281855299,8.59658275830527,8.44530551238535,7.25691715631684,8.39367418089355,118.3,118.3,118.3,118.3,355,355,355,355,20,20,20,20,15,15,15,15,0,0,0,0,5,5,5,5,0,0,0,0,0,0,0,0,0,0,0,0,0,0,0,0,0,0,0,0,0,0,0,0,0,0,0,0,0,0,0,0,0,0,0,0,141.154580683332
"111","2024-01-08",2,"127",45.43198,-73.93893,2,6.5712995266696,5.81935435966121,6.04310750827701,6.7489913621002,5.02205073424527,6.30521948130263,8.19418328716037,9.09894918950867,118.3,118.3,118.3,118.3,355,355,355,355,20,20,20,20,15,15,15,15,0,0,0,0,5,5,5,5,0,0,0,0,0,0,0,0,0,0,0,0,0,0,0,0,0,0,0,0,0,0,0,0,0,0,0,0,0,0,0,0,0,0,0,0,217.007212625106
"112","2024-01-08",2,"99",45.43028,-73.93851,2,0.808677971271799,2.0113677725887,2.87901616016026,3.8895822930809,1.5046723567619,3.50492982675641,4.23689745879149,5.94187372989702,118.3,118.3,118.3,118.3,355,355,355,355,20,20,20,20,15,15,15,15,0,0,0,0,5,5,5,5,0,0,0,0,0,0,0,0,0,0,0,0,0,0,0,0,0,0,0,0,0,0,0,0,0,0,0,0,0,0,0,0,0,0,0,0,26.4774638522282
"113","2024-01-15",2,"99",45.43018,-73.93822,2,4.69811506072178,3.26516245859835,2.66775309106336,3.03196230236694,5.1379564085049,4.86974670223665,4.1265798336254,4.99014269416379,118.3,118.3,118.3,118.3,355,355,355,355,20,20,20,20,15,15,15,15,0,0,0,0,5,5,5,5,0,0,0,0,0,0,0,0,0,0,0,0,0,0,0,0,0,0,0,0,0,0,0,0,0,0,0,0,0,0,0,0,0,0,0,0,15.8994842676638
"114","2024-01-15",2,"124",45.43018,-73.93822,2,4.69811506072178,3.26516245859835,2.66775309106336,3.03196230236694,5.1379564085049,4.86974670223665,4.1265798336254,4.99014269416379,118.3,118.3,118.3,118.3,355,355,355,355,20,20,20,20,15,15,15,15,0,0,0,0,5,5,5,5,0,0,0,0,0,0,0,0,0,0,0,0,0,0,0,0,0,0,0,0,0,0,0,0,0,0,0,0,0,0,0,0,0,0,0,0,15.8994842676638
"115","2024-01-15",2,"111",45.43018,-73.93821,2,4.86807332247888,3.28921261215272,2.65910018951982,3.00947378352126,5.20185083503492,4.89521109987429,4.1306887020156,4.96736221942033,118.3,118.3,118.3,118.3,355,355,355,355,20,20,20,20,15,15,15,15,0,0,0,0,5,5,5,5,0,0,0,0,0,0,0,0,0,0,0,0,0,0,0,0,0,0,0,0,0,0,0,0,0,0,0,0,0,0,0,0,0,0,0,0,16.4108935061753
"116","2024-01-22",2,"124",45.43,-73.9385,2,1.10471582876616,2.55737430692238,3.00946378698767,3.88734885635175,1.65283245015963,4.01252525556655,4.23512943361941,5.61562104788978,118.3,118.3,118.3,118.3,355,355,355,355,20,20,20,20,15,15,15,15,0,0,0,0,5,5,5,5,0,0,0,0,0,0,0,0,0,0,0,0,0,0,0,0,0,0,0,0,0,0,0,0,0,0,0,0,0,0,0,0,0,0,0,0,10.4098541358825
"117","2024-01-25",2,"99",45.4301,-73.93781,2,8.64859962074917,4.35969927162129,2.33249214943673,2.56868830728631,5.93146901036752,5.46259026347337,4.32788903823093,4.45328749655509,118.3,118.3,118.3,118.3,355,355,355,355,20,20,20,20,15,15,15,15,0,0,0,0,5,5,5,5,0,0,0,0,0,0,0,0,0,0,0,0,0,0,0,0,0,0,0,0,0,0,0,0,0,0,0,0,0,0,0,0,0,0,0,0,42.3755317357753
"118","2024-01-25",2,"111",45.43003,-73.93852,2,1.12382426341818,2.38418585220622,2.98627908119897,3.92499414168004,1.67341754532899,3.86648215990382,4.16354069027501,5.67501389521911,118.3,118.3,118.3,118.3,355,355,355,355,20,20,20,20,15,15,15,15,0,0,0,0,5,5,5,5,0,0,0,0,0,0,0,0,0,0,0,0,0,0,0,0,0,0,0,0,0,0,0,0,0,0,0,0,0,0,0,0,0,0,0,0,11.7870038093544
"119","2024-01-29",2,"127",45.43012,-73.93833,2,2.90127223745254,3.17960267799854,2.84900606684304,3.34447766469639,3.76576387248485,4.72970621571994,4.20254189454663,5.24088719085004,118.3,118.3,118.3,118.3,355,355,355,355,20,20,20,20,15,15,15,15,0,0,0,0,5,5,5,5,0,0,0,0,0,0,0,0,0,0,0,0,0,0,0,0,0,0,0,0,0,0,0,0,0,0,0,0,0,0,0,0,0,0,0,0,5.77138310124886
"120","2024-01-29",2,"124",45.43003,-73.9388,2,1.12721315374229,1.94646940401183,2.95690036122718,4.86100641908617,1.72159011085552,2.58337628439825,3.85128404534697,6.39186768264223,118.3,118.3,118.3,118.3,355,355,355,355,20,20,20,20,15,15,15,15,0,0,0,0,5,5,5,5,0,0,0,0,0,0,0,0,0,0,0,0,0,0,0,0,0,0,0,0,0,0,0,0,0,0,0,0,0,0,0,0,0,0,0,0,33.6573076712012
"121","2024-01-29",2,"111",45.43003,-73.9388,2,1.12721315374229,1.94646940401183,2.95690036122718,4.86100641908617,1.72159011085552,2.58337628439825,3.85128404534697,6.39186768264223,118.3,118.3,118.3,118.3,355,355,355,355,20,20,20,20,15,15,15,15,0,0,0,0,5,5,5,5,0,0,0,0,0,0,0,0,0,0,0,0,0,0,0,0,0,0,0,0,0,0,0,0,0,0,0,0,0,0,0,0,0,0,0,0,33.6573076712012
"122","2024-02-07",2,"127",45.42998,-73.93848,2,1.090585833961,2.72503052214373,3.02794467347391,3.8447020735468,1.64236825663444,4.15665585884888,4.29150294775502,5.56303316607668,118.3,118.3,118.3,118.3,355,355,355,355,20,20,20,20,15,15,15,15,0,0,0,0,5,5,5,5,0,0,0,0,0,0,0,0,0,0,0,0,0,0,0,0,0,0,0,0,0,0,0,0,0,0,0,0,0,0,0,0,0,0,0,0,9.68516942026296
"123","2024-02-07",2,"124",45.42996,-73.93851,2,1.12689757383544,2.60005726290928,3.06756882482109,3.95051044116397,1.71307887659498,3.89414756411231,4.28949957176265,5.62830988948773,118.3,118.3,118.3,118.3,355,355,355,355,20,20,20,20,15,15,15,15,0,0,0,0,5,5,5,5,0,0,0,0,0,0,0,0,0,0,0,0,0,0,0,0,0,0,0,0,0,0,0,0,0,0,0,0,0,0,0,0,0,0,0,0,12.8215042378448
"124","2024-02-14",2,"127",45.43032,-73.93819,2,2.70314409669949,2.84457514735469,2.49718529906874,3.03586045360067,4.22969867909529,4.40608681719102,4.16474931057664,5.13229387642873,118.3,118.3,118.3,118.3,355,355,355,355,20,20,20,20,15,15,15,15,0,0,0,0,5,5,5,5,0,0,0,0,0,0,0,0,0,0,0,0,0,0,0,0,0,0,0,0,0,0,0,0,0,0,0,0,0,0,0,0,0,0,0,0,30.466246184221
"125","2024-02-14",2,"124",45.42968,-73.93798,2,4.05488018787945,5.32154116995298,3.46888700568594,3.07480219947408,5.23070853353918,5.94307062666933,4.89201426780032,4.65149032783809,118.3,118.3,118.3,118.3,355,355,355,355,20,20,20,20,15,15,15,15,0,0,0,0,5,5,5,5,0,0,0,0,0,0,0,0,0,0,0,0,0,0,0,0,0,0,0,0,0,0,0,0,0,0,0,0,0,0,0,0,0,0,0,0,48.5577858520204
"126","2024-02-22",2,"127",45.42966,-73.93817,2,1.07138125101725,4.15751104324511,3.66654509803452,3.53350784303954,2.14246954005244,5.20156584248203,4.84036199670489,5.07890483124305,118.3,118.3,118.3,118.3,355,355,355,355,20,20,20,20,15,15,15,15,0,0,0,0,5,5,5,5,0,0,0,0,0,0,0,0,0,0,0,0,0,0,0,0,0,0,0,0,0,0,0,0,0,0,0,0,0,0,0,0,0,0,0,0,42.9491340364558
"127","2024-02-25",2,"127",45.42931,-73.93855,2,4.04502278490527,2.93001135531375,3.89467413923201,5.29923243199827,4.50652074450733,3.89683274834927,4.66866467707762,6.23932444911174,118.3,118.3,118.3,118.3,355,355,355,355,20,20,20,20,15,15,15,15,0,0,0,0,5,5,5,5,0,0,0,0,0,0,0,0,0,0,0,0,0,0,0,0,0,0,0,0,0,0,0,0,0,0,0,0,0,0,0,0,0,0,0,0,80.1316232860663
"128","2024-02-26",2,"124",45.42971,-73.9386,2,2.01163098085427,2.59160885464621,3.2866576724867,4.56478189780937,2.39786162699997,3.16167552795577,4.46690824319346,5.87522016151075,118.3,118.3,118.3,118.3,355,355,355,355,20,20,20,20,15,15,15,15,0,0,0,0,5,5,5,5,0,0,0,0,0,0,0,0,0,0,0,0,0,0,0,0,0,0,0,0,0,0,0,0,0,0,0,0,0,0,0,0,0,0,0,0,38.8592311691404
"129","2024-02-27",2,"124",45.42965,-73.93794,2,4.20736482408318,5.3626227387344,3.55230329830384,3.05020594505765,5.19022136624679,6.00472807667439,4.93727608065499,4.62403050455954,118.3,118.3,118.3,118.3,355,355,355,355,20,20,20,20,15,15,15,15,0,0,0,0,5,5,5,5,0,0,0,0,0,0,0,0,0,0,0,0,0,0,0,0,0,0,0,0,0,0,0,0,0,0,0,0,0,0,0,0,0,0,0,0,53.1180736900283
"130","2024-03-04",2,"127",45.42665,-73.94037,2,9.42373132826906,13.3474882240511,13.0201349658126,11.3190354518521,7.95142778239766,8.89932896317846,9.98944240189276,9.9149018960998,118.3,118.3,118.3,118.3,355,355,355,355,20,20,20,20,15,15,15,15,0,0,0,0,5,5,5,5,0,0,0,0,0,0,0,0,0,0,0,0,0,0,0,0,0,0,0,0,0,0,0,0,0,0,0,0,0,0,0,0,0,0,0,0,262.801485114985
"131","2024-03-04",2,"124",45.42861,-73.93784,2,7.35867088535412,6.59598125411156,5.32938392890791,5.99607772602805,3.8109714102261,4.48535077199461,5.26439462054154,6.51670985389745,118.3,118.3,118.3,118.3,355,355,355,355,20,20,20,20,15,15,15,15,0,0,0,0,5,5,5,5,0,0,0,0,0,0,0,0,0,0,0,0,0,0,0,0,0,0,0,0,0,0,0,0,0,0,0,0,0,0,0,0,0,0,0,0,162.052292494915
"132","2024-03-08",2,"127",45.43014,-73.93822,2,5.0158519744873,3.42942191032414,2.75076639422923,3.0487511134863,5.20143516238644,4.99411641905004,4.21738307366202,4.97736069191025,118.3,118.3,118.3,118.3,355,355,355,355,20,20,20,20,15,15,15,15,0,0,0,0,5,5,5,5,0,0,0,0,0,0,0,0,0,0,0,0,0,0,0,0,0,0,0,0,0,0,0,0,0,0,0,0,0,0,0,0,0,0,0,0,12.80290270984
"133","2024-03-08",2,"124",45.4287,-73.93804,2,6.0759672992341,4.9092524863394,5.09009665393854,6.13168931675191,3.70906475837325,4.64331102812798,5.04096110220148,6.5590746051868,118.3,118.3,118.3,118.3,355,355,355,355,20,20,20,20,15,15,15,15,0,0,0,0,5,5,5,5,0,0,0,0,0,0,0,0,0,0,0,0,0,0,0,0,0,0,0,0,0,0,0,0,0,0,0,0,0,0,0,0,0,0,0,0,148.913658578328
"134","2024-03-13",2,"127",45.43101,-73.93858,2,8.16068174444698,5.07784961868009,3.34242855832213,4.5658510948826,7.07010992724373,6.33711442047204,5.96954135224269,7.0281425672177,118.3,118.3,118.3,118.3,355,355,355,355,20,20,20,20,15,15,15,15,0,0,0,0,5,5,5,5,0,0,0,0,0,0,0,0,0,0,0,0,0,0,0,0,0,0,0,0,0,0,0,0,0,0,0,0,0,0,0,0,0,0,0,0,105.977415914845
"135","2023-11-06",3,"98",45.41346,-73.9289,2,14.3015158119221,10.4670849470642,8.92629622016248,6.67774924152321,6.9166735522666,6.44059650020708,7.01741234515389,6.71762368661228,201.7,201.7,585.738461538462,566.536538461538,155,155,164.615384615385,164.134615384615,0,0,0,0,40,40,24.6153846153846,25.3846153846154,0,0,0,0,40,40,24.6153846153846,25.3846153846154,0,0,0,0,0,0,505.610129016521,485.506534771088,0,0,12.6592420885458,12.1558972150999,0,0,0,0,0,0,20.2547873416733,19.4494355441598,0,0,0,0,0,0,20.2547873416733,19.4494355441598,0,0,0,0,164.277276323683,389.154356441206,2046.8538345434,7434.99597713052,123.366255105262
"136","2023-12-08",1,"93b",45.4317,-73.93948,2,15.5332855798073,10.9584686485154,9.413700204511,8.87653492223714,10.4127310415807,9.47640903079843,8.5886093761657,10.0826822101684,118.3,118.3,118.3,118.3,355,355,355,355,20,20,20,20,15,15,15,15,0,0,0,0,5,5,5,5,0,0,0,0,0,0,0,0,0,0,0,0,0,0,0,0,0,0,0,0,0,0,0,0,0,0,0,0,0,0,0,0,0,0,0,0,201.524322093802
"137","2023-12-14",1,"93b",45.43031,-73.93958,2,2.52425583033508,2.28009663499675,3.54018707921364,7.24534054322685,2.67440475467214,3.01511858681888,4.10448389253005,8.12543619315876,118.3,118.3,118.3,118.3,355,355,355,355,20,20,20,20,15,15,15,15,0,0,0,0,5,5,5,5,0,0,0,0,0,0,0,0,0,0,0,0,0,0,0,0,0,0,0,0,0,0,0,0,0,0,0,0,0,0,0,0,0,0,0,0,99.8491939652817
"138","2024-01-05",1,"93b",45.43012,-73.93965,2,1.79527486074725,2.44717368763923,3.5305563684703,7.07951302149414,2.64293543916244,2.87167454192747,3.90975662395294,7.90108968486474,118.3,118.3,118.3,118.3,355,355,355,355,20,20,20,20,15,15,15,15,0,0,0,0,5,5,5,5,0,0,0,0,0,0,0,0,0,0,0,0,0,0,0,0,0,0,0,0,0,0,0,0,0,0,0,0,0,0,0,0,0,0,0,0,100.749008230554
"139","2024-01-11",1,"93b",45.43096,-73.93832,2,3.80795922704023,3.77300739858787,2.73920943553947,3.89512440238336,3.20182877593403,5.77535247553397,5.3433559270507,6.28508009330494,118.3,118.3,118.3,118.3,355,355,355,355,20,20,20,20,15,15,15,15,0,0,0,0,5,5,5,5,0,0,0,0,0,0,0,0,0,0,0,0,0,0,0,0,0,0,0,0,0,0,0,0,0,0,0,0,0,0,0,0,0,0,0,0,98.911437631345
"140","2024-03-20",1,"93b",45.43226,-73.93038,2,0.271790414230019,0.131338569708098,0.227530392921129,1.94328169793696,1.00994402207523,0.590141833882942,1.11293412420906,4.59359225293276,118.3,118.3,118.3,324.717647058824,355,355,355,345.882352941176,20,20,20,18.8235294117647,15,15,15,14.1176470588235,0,0,0,0,5,5,5,4.70588235294118,0,0,0,0,0,0,0,833.886418334267,0,0,0,36.8334885987323,0,0,0,4.75270820628803,0,0,0,3.56453115471602,0,0,0,0,0,0,0,1.18817705157201,0,0,0,0,0,0,0,1582.9430566528,150.602794753774
"141","2024-03-22",1,"93b",45.43327,-73.93044,2,6.03987251588785,4.9904136706287,3.53191801900918,2.86904799121055,8.23857208811099,7.44604680449856,6.31613970271668,4.98861780082771,118.3,118.3,118.3,725.644230769231,355,355,355,328.173076923077,20,20,20,16.5384615384615,15,15,15,12.4038461538462,0,0,0,0,5,5,5,4.13461538461539,0,0,0,0,0,0,0,1340.49274323733,0,0,0,59.210730729186,0,0,0,7.6400942876369,0,0,0,5.73007071572767,0,0,0,0,0,0,0,1.91002357190922,0,0,0,0,0,0,86.1846484114308,2734.92250841715,111.158949526637
"142","2024-03-26",1,"93b",45.43341,-73.9303,2,6.12594792027124,4.26763614609861,3.55817793027314,3.1238068831049,8.46029426163887,7.11854165509467,6.03019835356108,5.04485984187502,118.3,118.3,118.3,943.970588235294,355,355,355,318.529411764706,20,20,20,15.2941176470588,15,15,15,11.4705882352941,0,0,0,0,5,5,5,3.82352941176471,0,0,0,0,0,0,0,1503.31011960861,0,0,0,66.4025158984738,0,0,0,8.568066567545,0,0,0,6.42604992565875,0,0,0,0,0,0,0,2.14201664188625,0,0,0,0,0,0,409.976940252574,3204.6523301879,96.8793309892139
"143","2024-04-03",1,"93b",45.43299,-73.93089,2,1.02106124916855,3.51788021063375,3.82507155454016,2.2162034532411,2.37541672008087,6.37649606977024,6.99613032456588,4.77910955984023,118.3,118.3,118.3,324.717647058824,355,355,355,345.882352941176,20,20,20,18.8235294117647,15,15,15,14.1176470588235,0,0,0,0,5,5,5,4.70588235294118,0,0,0,0,0,0,0,833.886418334266,0,0,0,36.8334885987323,0,0,0,4.75270820628803,0,0,0,3.56453115471602,0,0,0,0,0,0,0,1.18817705157201,0,0,0,0,0,0,0,1424.32487636187,155.106538999945
"144","2024-04-11",3,"98",45.41355,-73.92883,2,13.9137235749333,10.2366630282902,8.70198398442885,6.61672588710888,6.45545735007615,6.19040680131675,6.9802531521799,6.7022872346705,201.7,201.7,534.533333333333,554.111764705882,155,155,163.333333333333,163.823529411765,0,0,0,0,40,40,26.6666666666667,25.8823529411765,0,0,0,0,40,40,26.6666666666667,25.8823529411765,0,0,0,0,0,0,491.627414971455,481.91584022402,0,0,12.3091490979333,12.0659949980977,0,0,0,0,0,0,19.6946385566932,19.3055919969562,0,0,0,0,0,0,19.6946385566932,19.3055919969562,0,0,0,0,185.823212387134,389.303880320234,2264.59574713739,7635.91117107852,133.346655912089
"145","2024-04-17",3,"98",45.41359,-73.92895,2,14.4025999682394,10.4235218532032,8.38730600861317,6.48226274585674,5.48044765462237,5.98545111884675,6.95035601905146,6.68568680473537,201.7,201.7,486.985714285714,561.16,155,155,162.142857142857,164,0,0,0,0,40,40,28.5714285714286,25.6,0,0,0,0,40,40,28.5714285714286,25.6,0,0,0,0,0,0,468.104020092088,484.145911552984,0,0,11.7201807734624,12.1218305346265,0,0,0,0,0,0,18.7522892375398,19.3949288554025,0,0,0,0,0,0,18.7522892375398,19.3949288554025,0,0,0,0,91.0357064016707,335.485899412305,2486.01809579647,7411.93403233218,131.161513097076
"146","2024-04-23",3,"98",45.41356,-73.92899,2,15.0269996273274,10.8635452756148,8.34325690716606,6.48887557505473,5.19638944520213,6.02811566221793,6.93620838303862,6.6944764640155,201.7,201.7,508.930769230769,554.111764705882,155,155,162.692307692308,163.823529411765,0,0,0,0,40,40,27.6923076923077,25.8823529411765,0,0,0,0,40,40,27.6923076923077,25.8823529411765,0,0,0,0,0,0,479.663884723138,481.91584022402,0,0,12.0096115353815,12.0659949980977,0,0,0,0,0,0,19.2153784566105,19.3055919969562,0,0,0,0,0,0,19.2153784566105,19.3055919969562,0,0,0,0,56.0215441617594,329.390343370443,2462.58115994571,7363.15078512946,126.676568961909
"147","2024-05-03",3,"98",45.41361,-73.92905,2,14.0486591934064,10.8200506885937,8.1240712091799,6.40182249851003,4.72248553397238,6.03700595595518,6.95013207032798,6.70359561801919,201.7,201.7,451.325,521.22,155,155,161.25,163,0,0,0,0,40,40,30,27.2,0,0,0,0,40,40,30,27.2,0,0,0,0,0,0,451.588616341345,470.505253391913,0,0,11.3066754216661,11.780301787479,0,0,0,0,0,0,18.0906806746658,18.8484828599664,0,0,0,0,0,0,18.0906806746658,18.8484828599664,0,0,0,0,0,340.155073363354,2602.65395055731,7295.4570373253,126.271913601325
"148","2024-05-07",3,"98",45.41388,-73.92863,2,9.13661212309004,8.40439303519688,7.6187822330813,6.23362176139625,3.00810713872967,5.89302592983626,6.55375730815466,6.54128159023731,201.7,534.533333333333,451.325,503.133962264151,155,163.333333333333,161.25,162.547169811321,0,0,0,0,40,26.6666666666667,30,27.9245283018868,0,0,0,0,40,26.6666666666667,30,27.9245283018868,0,0,0,0,0,576.484243785841,451.588616341345,462.774388852959,0,14.4337567297406,11.3066754216661,11.5867398310706,0,0,0,0,0,23.094010767585,18.0906806746658,18.5387837297129,0,0,0,0,0,23.094010767585,18.0906806746658,18.5387837297129,0,0,0,0,19.9739673221391,654.621412152757,2782.52966118427,7700.99410761849,170.700463854788
"149","2023-10-20",4,"121",45.4143,-73.9274,2,8.13047820811963,7.76945244432797,6.73789806165158,6.33859361176799,2.91385738253851,5.13257638173788,6.30677757193025,6.60704244153556,201.7,201.7,534.533333333333,624.142307692308,155,155,163.333333333333,165.576923076923,0,0,0,0,40,40,26.6666666666667,23.0769230769231,0,0,0,0,40,40,26.6666666666667,23.0769230769231,0,0,0,0,0,0,491.627414971455,498.119194471015,0,0,12.3091490979333,12.4716873928647,0,0,0,0,0,0,19.6946385566932,19.9546998285835,0,0,0,0,0,0,19.6946385566932,19.9546998285835,0,0,0,0,32.8991342744414,619.537872717765,3057.21987535677,8439.45137808792,92.9651742871038
"150","2023-10-25",4,"130",45.41336,-73.9303,2,10.0681392619126,8.87458850616795,6.862827128474,5.58205116591436,6.60719294783556,7.42450754254828,6.8365928591625,6.43123027796318,201.7,201.7,201.7,333.577358490566,155,155,155,158.301886792453,0,0,0,0,40,40,40,34.7169811320755,0,0,0,0,40,40,40,34.7169811320755,0,0,0,0,0,0,0,341.300086570291,0,0,0,8.54532014447399,0,0,0,0,0,0,0,13.6725122311584,0,0,0,0,0,0,0,13.6725122311584,0,0,0,0,139.69424718111,726.620962731446,2576.61670482008,7120.96422017666,51.1142758254443
"151","2023-10-25",4,"121",45.41401,-73.9279,2,11.9719813349785,9.56994118790648,7.62725591288963,6.57022108830821,5.14351754306096,5.29351001858952,6.62684942300464,6.76550489595803,201.7,700.95,534.533333333333,573.690196078431,155,167.5,163.333333333333,164.313725490196,0,0,0,0,40,20,26.6666666666667,25.0980392156863,0,0,0,0,40,20,26.6666666666667,25.0980392156863,0,0,0,0,0,576.484243785841,491.627414971455,487.561908788988,0,14.4337567297406,12.3091490979333,12.2073587578615,0,0,0,0,0,23.094010767585,19.6946385566932,19.5317740125784,0,0,0,0,0,23.094010767585,19.6946385566932,19.5317740125784,0,0,0,0,157.166115756025,424.62612474574,2640.90969698542,7840.90076972659,140.559610384212
"152","2023-10-27",4,"130",45.41338,-73.93043,2,8.07822540391802,7.87683700177013,6.47445979805471,5.40409484201989,5.44047782554394,7.1944838872884,6.8254539077499,6.30592775554432,201.7,201.7,201.7,313.164150943396,155,155,155,161.603773584906,0,0,0,0.377358490566038,40,40,40,35,0,0,0,0,40,40,40,34.811320754717,0,0,0,0,0,0,0,320.170730953598,0,0,0,28.2293761495699,0,0,0,2.74721127897378,0,0,0,13.0825779628423,0,0,0,0,0,0,0,13.443695410823,0,0,0,0,117.59413458679,879.994951797392,2639.22226085483,7120.48417864761,54.1508083874585
"153","2023-11-06",4,"130",45.41348,-73.92924,2,14.0733855746672,12.7763877407589,7.82375846642742,6.42054733232901,4.6510836919231,6.13147573509094,6.86212672586638,6.7466807174424,201.7,201.7,415.664285714286,451.325,155,155,160.357142857143,161.25,0,0,0,0,40,40,31.4285714285714,30,0,0,0,0,40,40,31.4285714285714,30,0,0,0,0,0,0,425.176590655881,436.581460123457,0,0,10.645382840658,10.9309329024401,0,0,0,0,0,0,17.0326125450528,17.4894926439041,0,0,0,0,0,0,17.0326125450528,17.4894926439041,0,0,0,0,0,211.811358608213,2585.85284941222,7245.01383211972,105.657713995428
"154","2023-11-06",1,"121",45.42455,-73.94099,2,3.71903521044634,1.96871512609887,2.26518480055099,5.32741849338637,6.64514871590232,4.75364705992508,5.3791873768983,7.91696698155965,118.3,118.3,118.3,118.3,355,355,355,355,20,20,20,20,15,15,15,15,0,0,0,0,5,5,5,5,0,0,0,0,0,0,0,0,0,0,0,0,0,0,0,0,0,0,0,0,0,0,0,0,0,0,0,0,0,0,0,0,0,0,0,0,482.672508014408
"155","2023-11-15",4,"109",45.41076,-73.93033,2,4.59296068091243,8.633673130965,8.79196757513568,7.13553936695719,4.87220217313075,6.91907847426246,6.93406588614254,7.31221361754547,201.7,201.7,201.7,534.533333333333,155,155,155,163.333333333333,0,0,0,0,40,40,40,26.6666666666667,0,0,0,0,40,40,40,26.6666666666667,0,0,0,0,0,0,0,475.381085726669,0,0,0,11.9023807142381,0,0,0,0,0,0,0,19.0438091427809,0,0,0,0,0,0,0,19.0438091427809,0,0,0,0,89.5678818694614,359.954519711144,1472.44080768745,4129.87743098526,25.8604624435938
"156","2023-11-15",4,"130",45.41095,-73.93052,2,6.3146814918615,7.09157633954492,8.68081975796718,6.70182278668253,6.2339692691089,6.29956838332864,6.95337239816249,7.14773771172284,201.7,201.7,201.7,455.937037037037,155,155,155,172.592592592593,0,0,0,1.11111111111111,40,40,40,28.2407407407407,0,0,0,0,40,40,40,27.6851851851852,0,0,0,0,0,0,0,444.85589665762,0,0,0,45.9772374027559,0,0,0,4.62424564645329,0,0,0,17.8081338053607,0,0,0,0,0,0,0,18.370222083552,0,0,0,0,195.356028746942,397.689664880826,838.456942746885,4134.6770919807,33.8150241723264
"157","2023-11-27",4,"109",45.41252,-73.92886,2,5.7173567247293,6.78129538031896,8.28965802325732,8.19943643646944,5.32788172487275,6.2232710290423,7.12462500275273,7.19490573170735,1200.2,867.366666666667,784.158333333333,691.530188679245,180,171.666666666667,169.583333333333,167.264150943396,0,0,0,0,0,13.3333333333333,16.6666666666667,20.377358490566,0,0,0,0,0,13.3333333333333,16.6666666666667,20.377358490566,0,0,0,0,0,576.484243785841,514.156257568621,503.937896274816,0,14.4337567297406,12.8732162636109,12.617373467071,0,0,0,0,0,23.094010767585,20.5971460217775,20.1877975473136,0,0,0,0,0,23.094010767585,20.5971460217775,20.1877975473136,0,0,0,0,198.209973986234,398.965705743585,799.338387801189,6060.55027068272,18.8878467148834
"158","2023-11-29",1,"121",45.43182,-73.93892,2,7.72221414227969,7.83804286707118,5.80776225270831,6.64104438538238,4.53497191688735,8.01686378336011,7.85315403404556,8.96647520633378,118.3,118.3,118.3,118.3,355,355,355,355,20,20,20,20,15,15,15,15,0,0,0,0,5,5,5,5,0,0,0,0,0,0,0,0,0,0,0,0,0,0,0,0,0,0,0,0,0,0,0,0,0,0,0,0,0,0,0,0,0,0,0,0,199.481583953697
"159","2023-12-07",4,"109",45.41272,-73.9302,2,3.66706354272274,5.79883640555399,7.79230384986907,6.01837761231017,4.1783554739396,5.25541126924496,6.83477542410598,6.67028917981737,201.7,201.7,201.7,390.096226415094,155,155,155,159.716981132075,0,0,0,0,40,40,40,32.4528301886792,0,0,0,0,40,40,40,32.4528301886792,0,0,0,0,0,0,0,394.405252813682,0,0,0,9.87494373594598,0,0,0,0,0,0,0,15.7999099775136,0,0,0,0,0,0,0,15.7999099775136,0,0,0,0,186.71675335499,393.553365457837,814.135876474597,6827.38812195702,21.7727452076762
"160","2023-12-08",1,"121",45.42845,-73.93687,2,3.0370131890222,4.93350838971645,7.30870600637277,5.02142992397759,3.42213973699473,4.97915326581126,6.56859622241888,6.37399000679372,118.3,118.3,118.3,118.3,355,355,355,355,20,20,20,20,15,15,15,15,0,0,0,0,5,5,5,5,0,0,0,0,0,0,0,0,0,0,0,0,0,0,0,0,0,0,0,0,0,0,0,0,0,0,0,0,0,0,0,0,0,0,0,0,210.232936473963
"161","2023-12-08",1,"130",45.42889,-73.93697,2,5.18228170055098,4.85660366062729,4.19950097589816,4.3836866765733,4.97267929558091,5.24356627901974,5.21687845519229,5.87191384302487,118.3,118.3,118.3,118.3,355,355,355,355,20,20,20,20,15,15,15,15,0,0,0,0,5,5,5,5,0,0,0,0,0,0,0,0,0,0,0,0,0,0,0,0,0,0,0,0,0,0,0,0,0,0,0,0,0,0,0,0,0,0,0,0,166.606919295218
"162","2023-12-12",4,"109",45.41351,-73.92926,2,13.4557452000431,12.5638721052681,7.76667314434348,6.37824684674717,4.40485234840285,6.20200662594028,6.87468727091124,6.75022557062707,201.7,201.7,368.116666666667,456.219607843137,155,155,159.166666666667,161.372549019608,0,0,0,0,40,40,33.3333333333333,29.8039215686274,0,0,0,0,40,40,33.3333333333333,29.8039215686274,0,0,0,0,0,0,388.66559787264,439.482365525448,0,0,9.73123680201904,11.0035644848635,0,0,0,0,0,0,15.5699788832305,17.6057031757816,0,0,0,0,0,0,15.5699788832305,17.6057031757816,0,0,0,0,0,182.695539337325,2650.05213289119,7218.46059798408,106.511031541485
"163","2023-12-14",1,"130",45.42986,-73.93957,2,2.31079969828793,2.5755465826612,3.4879716486309,6.70511894058802,2.97846982428787,3.05360180060638,4.37120480123485,7.33733766459034,118.3,118.3,118.3,118.3,355,355,355,355,20,20,20,20,15,15,15,15,0,0,0,0,5,5,5,5,0,0,0,0,0,0,0,0,0,0,0,0,0,0,0,0,0,0,0,0,0,0,0,0,0,0,0,0,0,0,0,0,0,0,0,0,95.5446381425953
"164","2023-12-21",4,"109",45.41336,-73.9297,2,17.575763329469,11.9944670357838,7.78764908302281,6.11872730052668,5.5058999424003,6.8753076522844,6.83629766912567,6.62095426783526,201.7,201.7,268.266666666667,427.775471698113,155,155,156.666666666667,160.660377358491,0,0,0,0,40,40,37.3333333333333,30.9433962264151,0,0,0,0,40,40,37.3333333333333,30.9433962264151,0,0,0,0,0,0,257.81159141254,421.882017277553,0,0,6.45497224367903,10.5628947741,0,0,0,0,0,0,10.3279555898864,16.9006316385599,0,0,0,0,0,0,10.3279555898864,16.9006316385599,0,0,0,0,0,143.840997002657,2668.4436938266,6903.25143306934,69.9332405712253
"165","2023-12-22",1,"121",45.42863,-73.93704,2,5.72066315242219,5.76415390509999,5.93575016191096,4.92671129385702,4.19149176198133,4.86364318998658,6.089597178752,6.26866544995242,118.3,118.3,118.3,118.3,355,355,355,355,20,20,20,20,15,15,15,15,0,0,0,0,5,5,5,5,0,0,0,0,0,0,0,0,0,0,0,0,0,0,0,0,0,0,0,0,0,0,0,0,0,0,0,0,0,0,0,0,0,0,0,0,186.215969435018
"166","2023-12-30",4,"109",45.41257,-73.92872,2,5.31420661434301,7.52531166889127,8.32213120085427,8.3080131686515,5.36011382834775,6.95086937873961,7.18829753163553,7.20060034675998,1200.2,1200.2,837.109090909091,710.739215686275,180,180,170.909090909091,167.745098039216,0,0,0,0,0,0,14.5454545454545,19.6078431372549,0,0,0,0,0,0,14.5454545454545,19.6078431372549,0,0,0,0,0,0,503.768191640849,504.120847050955,0,0,12.6131244777378,12.621954107435,0,0,0,0,0,0,20.1809991643805,20.195126571896,0,0,0,0,0,0,20.1809991643805,20.195126571896,0,0,0,0,173.518535180224,387.099279242331,793.616758238138,6071.83070189943,26.7860205034039
"167","2024-01-03",4,"109",45.41267,-73.93039,2,3.83989304000638,5.89907677118364,7.03045754779453,5.96488982974624,4.45425689308203,5.6835930027215,6.80084163731171,6.71062039739471,201.7,201.7,201.7,358.327450980392,155,155,155,158.921568627451,0,0,0,0,40,40,40,33.7254901960784,0,0,0,0,40,40,40,33.7254901960784,0,0,0,0,0,0,0,366.739087678655,0,0,0,9.18225056781811,0,0,0,0,0,0,0,14.691600908509,0,0,0,0,0,0,0,14.691600908509,0,0,0,0,192.807142506462,396.379288971552,909.211466186674,6894.05000538904,26.3098041927401
"168","2024-01-05",1,"121",45.431,-73.93866,2,8.30008635744297,5.2495325635889,3.49196025659111,4.74958079400101,7.47041142169138,6.37461484946488,6.0392514945883,7.2064734838076,118.3,118.3,118.3,118.3,355,355,355,355,20,20,20,20,15,15,15,15,0,0,0,0,5,5,5,5,0,0,0,0,0,0,0,0,0,0,0,0,0,0,0,0,0,0,0,0,0,0,0,0,0,0,0,0,0,0,0,0,0,0,0,0,106.135528848704
"169","2024-01-05",1,"130",45.42699,-73.94025,2,8.91568644340259,10.73925388225,12.6913698451612,11.7451432767981,7.78507440039059,8.65462973937051,9.18698789786716,9.80497551847764,118.3,118.3,118.3,118.3,355,355,355,355,20,20,20,20,15,15,15,15,0,0,0,0,5,5,5,5,0,0,0,0,0,0,0,0,0,0,0,0,0,0,0,0,0,0,0,0,0,0,0,0,0,0,0,0,0,0,0,0,0,0,0,0,231.313494699429
"170","2024-01-11",1,"121",45.42992,-73.93844,2,1.04761852943308,3.06779682197782,3.10649067445597,3.77152667625126,1.65743743856822,4.38032606363771,4.41171410836571,5.42627161347318,118.3,118.3,118.3,118.3,355,355,355,355,20,20,20,20,15,15,15,15,0,0,0,0,5,5,5,5,0,0,0,0,0,0,0,0,0,0,0,0,0,0,0,0,0,0,0,0,0,0,0,0,0,0,0,0,0,0,0,0,0,0,0,0,12.3867422271705
"171","2024-01-15",1,"121",45.43018,-73.93822,2,4.69811506072178,3.26516245859835,2.66775309106336,3.03196230236694,5.1379564085049,4.86974670223665,4.1265798336254,4.99014269416379,118.3,118.3,118.3,118.3,355,355,355,355,20,20,20,20,15,15,15,15,0,0,0,0,5,5,5,5,0,0,0,0,0,0,0,0,0,0,0,0,0,0,0,0,0,0,0,0,0,0,0,0,0,0,0,0,0,0,0,0,0,0,0,0,15.8994842676638
"172","2024-01-22",4,"109",45.41256,-73.92886,2,6.18865357923728,6.88661548708869,8.45478424538596,8.16059650955562,5.8362996531719,6.23070528617293,7.20525058677608,7.20669125914932,1200.2,950.575,784.158333333333,710.739215686275,180,173.75,169.583333333333,167.745098039216,0,0,0,0,0,10,16.6666666666667,19.6078431372549,0,0,0,0,0,10,16.6666666666667,19.6078431372549,0,0,0,0,0,499.25,514.156257568621,504.120847050955,0,12.5,12.8732162636109,12.621954107435,0,0,0,0,0,20,20.5971460217775,20.195126571896,0,0,0,0,0,20,20.5971460217775,20.195126571896,0,0,0,0,198.461174241826,399.104230780321,799.519135897207,6226.8926714357,23.3320460213575
"173","2024-01-22",1,"121",45.42896,-73.93684,2,2.7903865511517,3.4748261438484,3.84006610843391,4.16174407445045,4.40702623086522,4.80238839009676,5.05929300365376,5.73547236572772,118.3,118.3,118.3,118.3,355,355,355,355,20,20,20,20,15,15,15,15,0,0,0,0,5,5,5,5,0,0,0,0,0,0,0,0,0,0,0,0,0,0,0,0,0,0,0,0,0,0,0,0,0,0,0,0,0,0,0,0,0,0,0,0,167.918426772907
"174","2024-01-29",1,"121",45.43003,-73.9388,2,1.12721315374229,1.94646940401183,2.95690036122718,4.86100641908617,1.72159011085552,2.58337628439825,3.85128404534697,6.39186768264223,118.3,118.3,118.3,118.3,355,355,355,355,20,20,20,20,15,15,15,15,0,0,0,0,5,5,5,5,0,0,0,0,0,0,0,0,0,0,0,0,0,0,0,0,0,0,0,0,0,0,0,0,0,0,0,0,0,0,0,0,0,0,0,0,33.6573076712012
"175","2024-01-31",4,"109",45.41319,-73.92879,2,8.05770231374236,9.63322181473213,9.66827732122483,7.09841866780263,6.56148715508151,7.28254587726102,7.02789711883631,6.8804061262033,700.95,700.95,700.95,612.847058823529,167.5,167.5,167.5,165.294117647059,0,0,0,0,20,20,20,23.5294117647059,0,0,0,0,20,20,20,23.5294117647059,0,0,0,0,706.046121014768,706.046121014768,521.449618415293,496.304546565087,17.6776695296637,17.6776695296637,13.0558241966773,12.4262530436927,0,0,0,0,28.2842712474619,28.2842712474619,20.8893187146837,19.8820048699083,0,0,0,0,28.2842712474619,28.2842712474619,20.8893187146837,19.8820048699083,0,0,0,0,198.687293131379,429.00314961464,923.428658716491,7326.79593325776,93.4888076191144
"176","2024-02-07",1,"121",45.43024,-73.93822,2,3.83775393849672,3.03880200546928,2.5581746566393,3.0408012804083,4.82749964167079,4.66172746888686,4.01666338191155,5.0444531637604,118.3,118.3,118.3,118.3,355,355,355,355,20,20,20,20,15,15,15,15,0,0,0,0,5,5,5,5,0,0,0,0,0,0,0,0,0,0,0,0,0,0,0,0,0,0,0,0,0,0,0,0,0,0,0,0,0,0,0,0,0,0,0,0,21.451775109333
"177","2024-02-09",1,"130",45.42656,-73.93972,2,6.8065493634638,5.86222701350177,6.8036720162972,8.73545046143435,7.55698265728864,7.33400147876665,8.51156216288618,9.53155555285552,118.3,118.3,118.3,118.3,355,355,355,355,20,20,20,20,15,15,15,15,0,0,0,0,5,5,5,5,0,0,0,0,0,0,0,0,0,0,0,0,0,0,0,0,0,0,0,0,0,0,0,0,0,0,0,0,0,0,0,0,0,0,0,0,292.603675499149
"178","2024-02-14",1,"130",45.42442,-73.93829,2,0.973360492838381,0.598459892029987,1.05426993302505,1.1610708401775,2.5568635647414,2.03806932692247,3.97543691708241,3.46462297836798,118.3,118.3,118.3,118.3,355,355,355,355,20,20,20,20,15,15,15,15,0,0,0,0,5,5,5,5,0,0,0,0,0,0,0,0,0,0,0,0,0,0,0,0,0,0,0,0,0,0,0,0,0,0,0,0,0,0,0,0,0,0,0,0,425.003460604634
"179","2024-02-19",4,"109",45.41339,-73.92878,2,12.3561555567196,10.0221533437682,9.43624068624121,6.83857143985962,7.85282541550683,6.83885733848096,7.11351101981379,6.77962807638702,201.7,534.533333333333,655.563636363636,593.26862745098,155,163.333333333333,166.363636363636,164.803921568627,0,0,0,0,40,26.6666666666667,21.8181818181818,24.3137254901961,0,0,0,0,40,26.6666666666667,21.8181818181818,24.3137254901961,0,0,0,0,0,576.484243785841,521.449618415293,492.349865640358,0,14.4337567297406,13.0558241966773,12.3272374972548,0,0,0,0,0,23.094010767585,20.8893187146837,19.7235799956077,0,0,0,0,0,23.094010767585,20.8893187146837,19.7235799956077,0,0,0,0,209.547054607436,432.357044121821,1540.34074895655,7555.9886123497,115.718653353163
"180","2024-02-22",1,"121",45.42925,-73.93708,2,4.69831288966685,4.80611102855647,3.48557726260811,3.83343383444991,5.56669284780623,5.9751005720491,5.07401132975109,5.52036637377561,118.3,118.3,118.3,118.3,355,355,355,355,20,20,20,20,15,15,15,15,0,0,0,0,5,5,5,5,0,0,0,0,0,0,0,0,0,0,0,0,0,0,0,0,0,0,0,0,0,0,0,0,0,0,0,0,0,0,0,0,0,0,0,0,132.300152953934
"181","2024-02-22",1,"130",45.42503,-73.93983,2,0.751285031643039,0.521913857513497,0.573985488196123,3.57313388155775,1.48539166407726,1.23317187394019,1.95745909304285,7.22656336637878,118.3,118.3,118.3,118.3,355,355,355,355,20,20,20,20,15,15,15,15,0,0,0,0,5,5,5,5,0,0,0,0,0,0,0,0,0,0,0,0,0,0,0,0,0,0,0,0,0,0,0,0,0,0,0,0,0,0,0,0,0,0,0,0,447.034483681922
"182","2024-02-26",1,"130",45.42498,-73.93874,2,1.23641725108218,1.1360035551949,0.537270801923994,1.56363038413021,2.24438690801635,2.21221991491853,1.6006223149948,4.40185839191382,118.3,118.3,118.3,118.3,355,355,355,355,20,20,20,20,15,15,15,15,0,0,0,0,5,5,5,5,0,0,0,0,0,0,0,0,0,0,0,0,0,0,0,0,0,0,0,0,0,0,0,0,0,0,0,0,0,0,0,0,0,0,0,0,483.781486699687
"183","2024-02-26",1,"121",45.42971,-73.9386,2,2.01163098085427,2.59160885464621,3.2866576724867,4.56478189780937,2.39786162699997,3.16167552795577,4.46690824319346,5.87522016151075,118.3,118.3,118.3,118.3,355,355,355,355,20,20,20,20,15,15,15,15,0,0,0,0,5,5,5,5,0,0,0,0,0,0,0,0,0,0,0,0,0,0,0,0,0,0,0,0,0,0,0,0,0,0,0,0,0,0,0,0,0,0,0,0,38.8592311691404
"184","2024-02-27",1,"121",45.42965,-73.93794,2,4.20736482408318,5.3626227387344,3.55230329830384,3.05020594505765,5.19022136624679,6.00472807667439,4.93727608065499,4.62403050455954,118.3,118.3,118.3,118.3,355,355,355,355,20,20,20,20,15,15,15,15,0,0,0,0,5,5,5,5,0,0,0,0,0,0,0,0,0,0,0,0,0,0,0,0,0,0,0,0,0,0,0,0,0,0,0,0,0,0,0,0,0,0,0,0,53.1180736900283
"185","2024-03-01",1,"121",45.42976,-73.93816,2,2.13674476106615,4.54296575252961,3.38860094321556,3.2727581476282,3.8954440624079,5.35227580340107,4.77043842081933,4.81085393585828,118.3,118.3,118.3,118.3,355,355,355,355,20,20,20,20,15,15,15,15,0,0,0,0,5,5,5,5,0,0,0,0,0,0,0,0,0,0,0,0,0,0,0,0,0,0,0,0,0,0,0,0,0,0,0,0,0,0,0,0,0,0,0,0,33.2320585150321
"186","2024-03-04",1,"121",45.42867,-73.93786,2,7.36615484141378,6.14294117328787,5.14186836812868,5.92825693728614,3.25092469500095,4.66976645821592,5.18598862302351,6.50852794196294,118.3,118.3,118.3,118.3,355,355,355,355,20,20,20,20,15,15,15,15,0,0,0,0,5,5,5,5,0,0,0,0,0,0,0,0,0,0,0,0,0,0,0,0,0,0,0,0,0,0,0,0,0,0,0,0,0,0,0,0,0,0,0,0,155.207670435588
"187","2024-03-05",4,"109",45.41296,-73.92891,2,7.96939445293811,7.98004684419123,9.45966622375811,7.4237342352549,6.1244417163984,6.61630205207492,7.23612206641378,6.99198308303427,1200.2,867.366666666667,662.546153846154,624.142307692308,180,171.666666666667,166.538461538462,165.576923076923,0,0,0,0,0,13.3333333333333,21.5384615384615,23.0769230769231,0,0,0,0,0,13.3333333333333,21.5384615384615,23.0769230769231,0,0,0,0,0,576.484243785841,518.096209880277,498.119194471014,0,14.4337567297406,12.9718630415693,12.4716873928647,0,0,0,0,0,23.094010767585,20.7549808665108,19.9546998285835,0,0,0,0,0,23.094010767585,20.7549808665108,19.9546998285835,0,0,0,0,189.373625653459,394.96240714779,851.312643175027,7137.69825497203,67.8868904405518
"188","2024-03-08",1,"121",45.4275,-73.938,2,8.0213701070357,8.26240208733247,7.55784108376392,6.31564336519496,5.83148704939485,6.64234152868257,6.4053782764747,6.82032247008139,118.3,118.3,118.3,118.3,355,355,355,355,20,20,20,20,15,15,15,15,0,0,0,0,5,5,5,5,0,0,0,0,0,0,0,0,0,0,0,0,0,0,0,0,0,0,0,0,0,0,0,0,0,0,0,0,0,0,0,0,0,0,0,0,281.477203419757
"189","2024-03-11",1,"130",45.42451,-73.93893,2,0.560713479278295,0.849320687598532,0.639695347116375,0.965049816548924,1.29742372279048,1.92376001912689,2.0805021319558,3.29574678906703,118.3,118.3,118.3,118.3,355,355,355,355,20,20,20,20,15,15,15,15,0,0,0,0,5,5,5,5,0,0,0,0,0,0,0,0,0,0,0,0,0,0,0,0,0,0,0,0,0,0,0,0,0,0,0,0,0,0,0,0,0,0,0,0,473.572857483932
"190","2024-03-11",4,"109",45.40931,-73.93099,2,9.36218366724636,9.04706176168532,8.16927689967091,8.54684598042147,6.25495723785652,7.59225567004091,7.88747685800762,7.73851458649644,201.7,534.533333333333,585.738461538462,563.328846153846,155,163.333333333333,164.615384615385,171.826923076923,0,0,0,0.769230769230769,40,26.6666666666667,24.6153846153846,24.4230769230769,0,0,0,0,40,26.6666666666667,24.6153846153846,24.0384615384615,0,0,0,0,0,576.484243785841,505.610129016521,488.226721415906,0,14.4337567297406,12.6592420885458,38.8943874946271,0,0,0,3.88367818690308,0,23.094010767585,20.2547873416733,19.318127374279,0,0,0,0,0,23.094010767585,20.2547873416733,19.6048828836299,0,0,0,0,171.611798117053,386.911031059582,1239.05564193995,5689.37426179327,146.73357795048
"191","2024-03-13",1,"121",45.42778,-73.93173,2,0.053111985559942,0.0665508702207783,0.0784818380663276,0.201920722406956,0.0255119450444427,0.0413209131120449,0.335498465806941,1.0195018237928,118.3,118.3,118.3,118.3,355,355,355,355,20,20,20,20,15,15,15,15,0,0,0,0,5,5,5,5,0,0,0,0,0,0,0,0,0,0,0,0,0,0,0,0,0,0,0,0,0,0,0,0,0,0,0,0,0,0,0,0,0,0,0,0,454.054700073259
"192","2024-03-20",1,"130",45.42633,-73.93954,2,5.17467264400892,4.29388535477732,4.1326319443383,7.5013657625652,7.01694983835449,7.14621968032053,7.14836253705124,9.20688056664488,118.3,118.3,118.3,118.3,355,355,355,355,20,20,20,20,15,15,15,15,0,0,0,0,5,5,5,5,0,0,0,0,0,0,0,0,0,0,0,0,0,0,0,0,0,0,0,0,0,0,0,0,0,0,0,0,0,0,0,0,0,0,0,0,321.779659251789
"193","2024-03-20",4,"109",45.40733,-73.93337,2,9.45679568952442,7.46070283781913,6.9469718611849,6.99213133563,7.07367633372142,6.73407941535499,6.7667916304859,7.22316498304884,118.3,160,154.042857142857,177.125490196078,355,255,269.285714285714,261.372549019608,20,10,11.4285714285714,10.5882352941176,15,27.5,25.7142857142857,25.9803921568627,0,0,0,0,5,22.5,20,20.6862745098039,0,0,0,0,0,48.1510124504148,42.8302860904922,151.921238598344,0,115.470053837925,102.710518202619,100.354762873381,0,11.5470053837925,10.2710518202619,10.0820166050017,0,14.4337567297406,12.8388147753274,13.0007541259397,0,0,0,0,0,20.2072594216369,17.9743406854583,17.6923601546865,0,0,0,0,290.926436635329,595.410370931534,1806.08061979112,4801.84855517254,85.4207569084768
"194","2024-03-20",1,"121",45.4289,-73.93839,2,3.09514024198023,2.84942637211874,4.38816516671558,6.04932314878084,4.00640801121648,4.06428436469603,4.61406589966708,6.57365702341493,118.3,118.3,118.3,118.3,355,355,355,355,20,20,20,20,15,15,15,15,0,0,0,0,5,5,5,5,0,0,0,0,0,0,0,0,0,0,0,0,0,0,0,0,0,0,0,0,0,0,0,0,0,0,0,0,0,0,0,0,0,0,0,0,124.447590215866
"195","2024-03-25",4,"109",45.40705,-73.93445,2,4.38578695820963,6.89865430560681,7.51716652800533,6.28645932098957,4.48616178411855,5.95004979219489,6.84097956213134,7.11866306674944,118.3,118.3,118.3,137.923529411765,355,355,355,307.941176470588,20,20,20,15.2941176470588,15,15,15,20.8823529411765,0,0,0,0,5,5,5,13.2352941176471,0,0,0,0,0,0,0,35.7288375866627,0,0,0,85.68066567545,0,0,0,8.568066567545,0,0,0,10.7100832094312,0,0,0,0,0,0,0,14.9941164932037,0,0,0,0,0,0,602.557011376303,3158.58072704975,8.12399919276037
"196","2024-03-26",1,"130",45.42903,-73.94141,2,4.24861865379027,8.42067061713633,11.6749787619551,10.4278968297255,5.51030087119822,8.53183183615912,9.36391792181848,9.30247135456007,118.3,118.3,118.3,118.3,355,355,355,355,20,20,20,20,15,15,15,15,0,0,0,0,5,5,5,5,0,0,0,0,0,0,0,0,0,0,0,0,0,0,0,0,0,0,0,0,0,0,0,0,0,0,0,0,0,0,0,0,0,0,0,0,8.13261439132536
"197","2024-04-05",4,"109",45.4072,-73.93433,2,6.39595121638175,6.59286683032195,6.99700023267205,6.30678270659233,5.32471435249999,5.8770751501124,6.68171210957081,7.07110464576019,118.3,118.3,118.3,140.753846153846,355,355,355,301.153846153846,20,20,20,14.6153846153846,15,15,15,21.7307692307692,0,0,0,0,5,5,5,14.4230769230769,0,0,0,0,0,0,0,37.3538273312065,0,0,0,89.5775235760349,0,0,0,8.95775235760349,0,0,0,11.1971904470044,0,0,0,0,0,0,0,15.6760666258061,0,0,0,0,0,0,736.370610921897,3292.18056674563,11.3408594711253
"198","2024-04-07",4,"109",45.40754,-73.93447,2,5.12248590656895,4.92671964123924,5.52654101744428,5.41873562338047,5.41342587411339,5.14127636205901,5.97762184389689,6.60233619964096,118.3,118.3,118.3,136.288235294118,355,355,355,311.862745098039,20,20,20,15.6862745098039,15,15,15,20.3921568627451,0,0,0,0,5,5,5,12.5490196078431,0,0,0,0,0,0,0,34.6435428157042,0,0,0,83.0780403254297,0,0,0,8.30780403254297,0,0,0,10.3847550406787,0,0,0,0,0,0,0,14.5386570569502,0,0,0,0,0,0,404.769163873701,3147.50712751657,18.9040202187343
"199","2023-11-10",6,"108",45.46144,-73.64198,2,4.74002360505246,6.79794836608469,6.11781863252064,6.34900569317482,4.63333153762665,6.08680327156096,5.71367459800317,6.01027289802184,4970,4970,5233.77142857143,5440.42352941177,65,65,57.8571428571429,43.0392156862745,125,125,113.928571428571,92.156862745098,0,0,0,0,30,30,35.7142857142857,45.4901960784314,30,30,31.7857142857143,39.4117647058824,0,0,14.2857142857143,35.2941176470588,0,0,1898.04757192087,3021.8304985944,0,0,19.0862703084106,25.1212744774733,0,0,33.7512718523073,46.067937895686,0,0,0,0,0,0,26.0071841300366,41.3794019043386,0,0,5.40908881034891,19.916000070886,0,0,53.4522483824849,77.0026737503698,339.679748145588,772.635642963418,3981.72075973489,16161.0385980304,98.1558970523751
"200","2023-11-10",6,"107",45.45859,-73.64829,2,5.32369005022016,6.92713597739499,6.77516273331118,6.23848062085957,4.75464641700723,5.4141782453369,5.75769369363688,5.74687149365457,4300,4300,4293.42857142857,4509.22692307692,35,35,37.1428571428571,42.9807692307692,65,65,65.7142857142857,65.2884615384615,0,0,0,0,110,110,106.428571428571,97.8846153846154,90,90,83.5714285714286,73.6538461538461,0,0,0,0,0,0,16.7042799016589,718.902612269284,0,0,5.44704779401922,11.8511857346955,0,0,1.81568259800641,11.8161347624332,0,0,0,0,0,0,9.07841299003204,18.4003983824667,0,0,16.3411433820577,22.9900955787697,0,0,0,0,153.723709489579,716.700054658423,3161.18092982487,18911.3930273777,180.643975414919
"201","2023-11-11",6,"108",45.46158,-73.64183,2,4.79300792224314,6.15005087901929,6.5232530176379,6.45194559986204,4.78843468047246,5.70680938375009,5.84087621844541,5.99988658306618,4970,4970,4970,5545.54901960784,65,65,65,44.4117647058824,125,125,125,93.3333333333333,0,0,0,0,30,30,30,46.078431372549,30,30,30,39.2156862745098,0,0,0,35.2941176470588,0,0,0,2954.97139041125,0,0,0,25.3307532225856,0,0,0,46.5152304806358,0,0,0,0,0,0,0,41.0403913905581,0,0,0,19.9843075691806,0,0,0,77.0026737503698,369.988705051884,785.714354347155,4187.79621800717,16616.6775473796,82.282161150019
"202","2023-11-16",6,"107",45.45552,-73.6439,2,9.17593685329969,7.59780944943475,7.86857572095653,8.08570825817808,5.58503986388009,6.0208693436843,5.86761176555815,6.1273604678407,4254,4954.2,5070.9,5407.91886792453,50,57.5,58.75,61.3207547169811,70,72.5,72.9166666666667,68.7735849056604,0,0,0,0.471698113207547,85,47.5,41.25,37.5471698113207,45,75,80,70.377358490566,0,0,0,6.9811320754717,0,990.232336373641,721.10608222243,3231.10908697692,0,10.6066017177982,7.72392975816656,19.7861388786984,0,3.53553390593274,2.57464325272219,14.2742930707807,0,0,0,1.47548914425151,0,53.0330085889911,38.6196487908328,35.8900918605549,0,42.4264068711929,30.8957190326662,32.5051631491027,0,0,0,50.8234086610149,368.963594996163,785.240332658365,3257.57813499091,15633.3194314621,286.823309150268
"203","2023-11-19",6,"108",45.46233,-73.64172,2,8.42727453954921,7.6163417069329,6.2529218696198,6.22601961520268,5.0262986181926,6.21423489004248,5.56726056468043,5.91231225208762,4970,4970,6032.25,6729.52692307692,65,65,54.1666666666667,43.8461538461538,125,125,104.166666666667,84.2307692307692,0,0,0,0,30,30,45.8333333333333,64.0384615384615,30,30,33.3333333333333,52.8846153846154,0,0,33.3333333333333,48.8461538461539,0,0,2480.88151030673,2977.07421216723,0,0,25.3012156852495,28.9965411158254,0,0,48.6561840100952,57.5597269967961,0,0,0,0,0,0,36.9786998476723,52.2065886978749,0,0,7.78498944161523,58.5473342425425,0,0,77.8498944161523,84.1136916451296,388.774549544621,794.561220808087,4455.25183662665,15310.1328543106,11.7809737837287
"204","2023-11-20",6,"108",45.46229,-73.64165,2,8.9612679787725,7.72187194037122,6.4383448924338,6.2294807578347,5.08714670920192,6.262003583988,5.65995218342482,5.91615818568715,4970,4970,5501.125,6546.48113207547,65,65,59.5833333333333,44.622641509434,125,125,114.583333333333,86.7924528301887,0,0,0,0,30,30,37.9166666666667,60.377358490566,30,30,31.6666666666667,48.3962264150943,0,0,16.6666666666667,47.2641509433962,0,0,1839.87097034004,2976.78693754864,0,0,18.7638837486628,28.5355556988486,0,0,36.0843918243516,56.0399440270976,0,0,0,0,0,0,27.4241377865072,49.911932600984,0,0,5.77350269189626,51.0916746276284,0,0,57.7350269189626,83.8127838017099,390.126293586828,794.986893696694,4365.34935813565,15709.1660836441,17.5217388370012
"205","2023-12-06",6,"108",45.46289,-73.63876,2,8.58658092312918,6.92269790376413,7.08153729510987,7.75044644524372,6.5310678376521,6.08756078433668,6.20798786276036,6.65114338011578,4970,5296.46666666667,5346.69230769231,5505.13921568627,65,61.6666666666667,61.1538461538462,59.2156862745098,125,101.666666666667,98.0769230769231,102.549019607843,0,0,0,0,30,20,18.4615384615385,20.5882352941176,30,60,64.6153846153846,63.6274509803922,0,0,0,0,0,565.456853644319,495.938468060871,864.169360271106,0,5.77350269189626,5.06369683541833,8.20807827811162,0,40.4145188432738,35.4458778479283,29.9227764256529,0,0,0,0,0,17.3205080756888,15.191090506255,14.887815784175,0,51.9615242270663,45.573271518765,46.2285456333265,0,0,0,0,448.544772795548,1656.68526353856,4895.73746988553,16166.7983788099,138.937468814419
"206","2023-12-06",6,"107",45.46281,-73.6427,2,8.15258239274857,4.73793452307153,5.56218006653591,5.799891779301,4.88221251391253,4.5729570973176,5.09877140470033,5.56118524004093,11343.5,11343.5,9787.13076923077,8380.35306122449,0,0,15.7692307692308,28.469387755102,0,0,28.8461538461539,51.1224489795919,0,0,0,0,125,125,106.923076923077,96.734693877551,50,50,60.7692307692308,80.6122448979592,200,200,141.153846153846,83.9795918367347,0,0,2763.02989891671,3068.43295918984,0,0,28.199154379029,30.2455933710573,0,0,54.8161262066893,60.7699324820881,0,0,0,0,0,0,45.9410156948769,56.8766118856586,0,0,57.5125404385192,82.2700878019391,0,0,92.2892609803963,94.1462713449835,340.263423009313,1278.21628680799,4369.78898337332,14387.1576877931,84.7105524283801
"207","2023-12-12",6,"108",45.46263,-73.63867,2,8.32801342539228,6.5772214254968,7.18014531666061,7.56354987867777,4.63992595439045,5.57990744452717,6.25226213284973,6.44244142084112,4970,5296.46666666667,5689.675,5681.48113207547,65,61.6666666666667,58.75,57.9245283018868,125,101.666666666667,93.75,98.4905660377358,0,0,0,0,30,20,15,18.1132075471698,30,60,78.125,72.2641509433962,0,0,0,0,0,565.456853644319,943.900056503159,989.150135616935,0,5.77350269189626,7.18795288428261,8.57287550853041,0,40.4145188432738,33.6402536653139,30.3280922334326,0,0,0,0,0,17.3205080756888,15.4919333848297,15.5732269979338,0,51.9615242270663,50.328090234646,49.1716580904223,0,0,0,0,572.505720501242,1697.62423696022,5005.05930450739,15336.3921953611,143.139120249095
"208","2023-12-12",6,"107",45.46296,-73.64321,2,6.61448800097112,5.95291705313748,5.50426977116701,5.43831170807938,5.44963249154746,5.3672718428804,4.95907594641251,5.39245890963421,11343.5,11343.5,11250.8083333333,9202.75882352941,0,0,0.833333333333333,20.0980392156863,0,0,0,34.4117647058824,0,0,0,0,125,125,129.166666666667,110.980392156863,50,50,66.6666666666667,89.6078431372549,200,200,186.25,105.588235294118,0,0,321.09335220981,2853.73168298468,0,0,2.88675134594813,27.5225397824843,0,0,0,54.9876991592077,0,0,0,0,0,0,14.4337567297406,52.0098029975421,0,0,57.7350269189626,85.8361412066905,0,0,47.6313972081441,94.3273399329353,374.072415578936,787.53453364201,4091.13866169689,13794.2848366094,98.9004448478485
"209","2023-12-13",6,"108",45.4625,-73.63889,2,6.47364214562818,6.60724234752273,7.72526855461516,7.51949231738528,4.86122987506326,5.59491407789934,6.71868310624332,6.42778070473388,4970,4970,5684.71666666667,5702.45769230769,65,65,59.1666666666667,58.2692307692308,125,125,100.833333333333,100.576923076923,0,0,0,0,30,30,17.5,18.2692307692308,30,30,71.6666666666667,71.4423076923077,0,0,0,0,0,0,1072.10970421818,1044.18936009882,0,0,7.92961461098759,8.51092811836038,0,0,31.4666730867995,29.5829482905709,0,0,0,0,0,0,15.4478595163331,15.3036140606803,0,0,52.1507139902894,50.0424970229866,0,0,0,0,403.641288716301,1664.03874687783,5013.5827056775,15396.1191668209,134.605130594146
"210","2023-12-20",6,"108",45.46305,-73.63871,2,7.62258581255879,6.88351526706388,7.16004327480788,7.99707613661711,6.92571604580741,6.11136060279138,6.22970430502986,6.7765641876062,4970,5296.46666666667,5249.82857142857,5713.7568627451,65,61.6666666666667,62.1428571428571,58.2352941176471,125,101.666666666667,105,101.862745098039,0,0,0,0,30,20,21.4285714285714,21.4705882352941,30,60,55.7142857142857,62.8431372549019,0,0,0,0,0,565.456853644319,459.149801981162,2048.6815884617,0,5.77350269189626,4.68807230938495,10.8546547348022,0,40.4145188432738,32.8165061656947,31.6221565411615,0,0,0,0,0,17.3205080756888,14.0642169281549,14.7069411383557,0,51.9615242270663,42.1926507844646,46.8215217817702,0,0,0,0,361.415582956333,1553.7105312115,4873.97118906647,16400.5086593111,131.325078224201
"211","2023-12-28",6,"107",45.46288,-73.64301,2,6.55375778036322,6.13166373964592,5.34313684798444,5.54526620398447,4.955667478043,5.17532871145345,4.93712018730759,5.40297789747669,11343.5,11343.5,10281.25,8974.62745098039,0,0,10.8333333333333,22.4509803921569,0,0,20.8333333333333,39.3137254901961,0,0,0,0,125,125,109.166666666667,106.274509803922,50,50,46.6666666666667,84.9019607843137,200,200,166.666666666667,100.980392156863,0,0,2480.88151030673,2948.65059415852,0,0,25.3012156852495,28.6770387072935,0,0,48.6561840100952,57.2714554367456,0,0,0,0,0,0,36.9786998476723,53.4681506810821,0,0,7.78498944161523,83.3156059575782,0,0,77.8498944161523,95.100050514409,374.957329865897,787.996862509761,4375.68968471464,14040.3739273963,106.67015010427
"212","2023-12-28",6,"108",45.46186,-73.63499,2,5.86848529959133,6.64937264537,7.88412049897179,7.6426332240504,5.42412418296784,5.68942367743406,5.73043079948013,6.01072665118149,5949.4,5949.4,6308.05,6567.5862745098,55,55,51.7857142857143,39.6078431372549,55,55,63.9285714285714,53.5294117647059,0,0,0,0.490196078431373,0,0,2.85714285714286,22.156862745098,120,120,120.357142857143,113.627450980392,0,0,0,2.05882352941176,0,0,813.448381181101,2425.28263689159,0,0,5.40908881034891,20.8528927790583,0,0,14.6993683051833,31.3575209104141,0,0,0,3.50070021007003,0,0,10.690449676497,31.0041110493558,0,0,22.8257854961551,37.2300742864227,0,0,0,14.7029408822941,371.253394033159,1339.45198254586,4319.70366387373,16296.1319291498,96.7377082878094
"213","2023-12-31",6,"108",45.46324,-73.63822,2,6.18742534102559,6.23608865032052,7.47823562770852,8.03909012210477,4.52400457324091,5.44547668758304,6.12376318118008,6.62780977733012,4970,5459.7,5418.175,5962.19038461538,65,60,58.75,55.0961538461538,125,90,92.9166666666667,94.3269230769231,0,0,0,0,30,15,18.3333333333333,21.5384615384615,30,75,69.1666666666667,67.6923076923077,0,0,0,0,0,692.540381494104,487.782462924164,2692.81090736927,0,7.07106781186548,7.72392975816656,13.1167601442486,0,49.4974746830583,34.8671721963468,33.752688290231,0,0,0,0,0,21.2132034355964,16.4224532179869,15.8590130722546,0,63.6396103067893,45.2183255959016,46.7834135437489,0,0,0,0,530.507696210577,1597.14243982276,5045.67758253456,15959.191295907,91.4873368830919
"214","2023-12-31",6,"107",45.46469,-73.64299,2,8.64162239036673,7.52538016060578,7.59611858063384,6.84557302118496,5.04633291429226,6.79992856332019,6.17757467621565,6.12781771259835,10231.2,10231.2,10231.2,10336.3307692308,10,10,10,9.61538461538462,0,0,0,5.38461538461538,0,0,0,0,175,175,175,154.615384615385,250,250,250,189.615384615385,35,35,35,73.0769230769231,0,0,0,1197.39326963698,0,0,0,11.9576931445562,0,0,0,24.3311741020137,0,0,0,0,0,0,0,35.6706909106797,0,0,0,92.0562815583976,0,0,0,70.8779249225547,365.940008315562,783.902463303852,2965.81622679878,17014.3499843165,70.9842607806077
"215","2024-01-02",6,"107",45.4651,-73.6422,2,7.92152647572683,8.15945310671177,7.56441563866986,7.43286103509309,6.36327203427683,7.6187078137618,6.37555658802138,6.1025876617609,10231.2,10231.2,10231.2,10275.6653846154,10,10,10,15.3846153846154,0,0,0,14.4230769230769,0,0,0,0,175,175,175,149.134615384615,250,250,250,218.653846153846,35,35,35,38.4615384615385,0,0,0,3138.82002943935,0,0,0,18.3336761245891,0,0,0,40.3253173790295,0,0,0,0,0,0,0,52.995755969979,0,0,0,79.4596665759933,0,0,0,34.9725166820594,346.183111594226,775.359304284322,2727.57017433954,16201.8031442553,34.6232969271037
"216","2024-01-11",6,"107",45.4644,-73.64455,2,7.44362367900147,6.8683025078106,6.95843390206048,7.09439994413602,5.08829343962485,5.89670286256512,6.73834320665157,6.73047003623781,10787.35,10787.35,10897.4166666667,10603.3576923077,5,5,4.58333333333333,7.88461538461538,0,0,1.25,9.42307692307693,0,0,0,0,150,150,142.916666666667,130.769230769231,150,150,137.5,138.365384615385,117.5,117.5,120.416666666667,104.230769230769,786.514872713796,786.514872713796,590.965667105094,900.13772722783,7.07106781186548,7.07106781186548,4.98102459947811,8.0650634758059,0,0,4.33012701892219,18.8558475393004,0,0,0,0,35.3553390593274,35.3553390593274,29.9589365430063,41.1642408039467,141.42135623731,141.42135623731,100.283688513228,90.7524166687682,116.67261889578,116.67261889578,83.6784520251978,72.8373464281257,375.037979065379,791.016176977141,4284.22170717326,16406.8157566546,99.7715072070793
"217","2024-01-11",6,"108",45.46244,-73.63453,2,4.54779685095087,7.03170967891845,7.77943071742892,7.97597999641347,5.24194204095728,6.04812788819907,6.18576410157008,6.10817000473536,5451.1,5824.825,5834.40769230769,7109.63529411765,40,51.25,51.5384615384615,40.4901960784314,90,63.75,63.0769230769231,57.3529411764706,0,0,0,2.94117647058824,40,10,9.23076923076923,24.7058823529412,50,102.5,103.846153846154,120.980392156863,0,0,0,12.3529411764706,0,249.15,218.519005510346,3467.69965797637,0,7.5,6.57793514480272,18.4730858808371,0,17.5,15.348515337873,29.9057342524217,0,0,0,8.1348921681996,0,20,17.5411603861406,28.3797773899987,0,35,30.697030675746,65.6050273061687,0,0,0,34.1665471064384,597.383903326255,1491.15333673464,4172.49978804435,16033.7411094979,80.0996685393354
"218","2024-01-18",6,"108",45.46178,-73.63506,2,6.92471966034348,6.58838686566905,7.88944003153859,7.59640353412127,6.09916936042368,5.61599348363568,5.65427116596156,5.97751312308397,5949.4,6562.66666666667,6378.20625,6622.98,55,51.6666666666667,51.5625,40.1818181818182,55,65,64.6875,55.2727272727273,0,0,0,0.454545454545455,0,0,2.5,20.5454545454545,120,128.333333333333,121.875,115.454545454545,0,0,0,1.90909090909091,0,1062.20902525507,850.323948048625,2352.26526922769,0,5.77350269189626,5.39096466321196,20.2064262871905,0,17.3205080756888,14.8849756466042,31.0229631470664,0,0,0,3.37099931231621,0,0,10,30.3936020203438,0,14.4337567297406,22.1265300789196,36.5436411765126,0,0,0,14.1581971117281,509.678869284402,1452.08529284046,4231.65517235581,16474.4535469675,98.455619699538
"219","2024-01-27",6,"108",45.46211,-73.63666,2,10.1546819875713,7.76607253317351,7.70889284700264,7.58944683500937,6.69882982676222,5.94851382694514,6.08171496877295,6.07479210875616,5949.4,5949.4,5949.4,6417.11960784314,55,55,55,49.6078431372549,55,55,55,75.2941176470588,0,0,0,0,0,0,0,8.82352941176471,120,120,120,110.686274509804,0,0,0,0,0,0,0,1014.87185950141,0,0,0,7.13043738173908,0,0,0,20.0102914697883,0,0,0,0,0,0,0,16.204574517528,0,0,0,38.6266696447304,0,0,0,0,376.89851569134,788.830774005479,2793.61863884128,16656.3143439395,15.0214044970009
"220","2024-01-27",6,"107",45.46531,-73.6426,2,7.06536401945107,7.11093089755662,6.91452142237412,7.25458604713549,5.36171504329203,7.36337547821744,6.4229825687187,5.98359107384208,10231.2,10231.2,10231.2,10970.4923076923,10,10,10,11.6346153846154,0,0,0,7.21153846153846,0,0,0,0,175,175,175,151.346153846154,250,250,250,227.884615384615,35,35,35,40.5769230769231,0,0,0,3470.73728760151,0,0,0,13.8167685080859,0,0,0,29.4294347373387,0,0,0,0,0,0,0,48.9108370907414,0,0,0,71.6564937183367,0,0,0,34.2232269217142,380.096966310999,790.293035512242,2964.11730759117,18131.954577766,5.77146233370359
"221","2024-02-03",6,"108",45.46339,-73.63755,2,7.15375247514501,6.67077657834745,7.57693505317592,8.01486333618783,5.82743083142756,5.54692491225177,6.45994746609018,6.47834071488066,5949.4,5783.3,5546.39090909091,6540.07058823529,55,50,53.6363636363636,50.4901960784314,55,66.6666666666667,83.6363636363636,85.3921568627451,0,0,0,0,0,13.3333333333333,19.0909090909091,21.3725490196078,120,96.6666666666667,76.3636363636364,75.5882352941176,0,0,0,0,0,287.69363913719,428.485956489931,3685.23227687451,0,8.66025403784439,9.77008420918395,15.5001581269607,0,20.2072594216369,30.5852014126856,34.8258975082467,0,0,0,0,0,23.094010767585,18.6839746598766,17.0316890346363,0,40.4145188432738,42.4906406806787,48.6687482767282,0,0,0,0,463.446566636542,1677.43882624845,4793.90934781107,16546.0100265631,42.9466156652394
"222","2024-02-08",6,"108",45.46248,-73.63495,2,7.71386143923546,7.43621202457654,8.0367504988473,8.04987949023439,6.04502671686317,6.4569573613543,6.47005182092357,6.14849022547575,5451.1,5824.825,5834.40769230769,6967.61176470588,40,51.25,51.5384615384615,43.0392156862745,90,63.75,63.0769230769231,61.6666666666667,0,0,0,2.45098039215686,40,10,9.23076923076923,21.3725490196078,50,102.5,103.846153846154,117.058823529412,0,0,0,10.2941176470588,0,249.15,218.519005510346,3196.06205363082,0,7.5,6.57793514480272,15.9711750154004,0,17.5,15.348515337873,27.1231758219178,0,0,0,7.50816548962581,0,20,17.5411603861406,26.4589952827493,0,35,30.697030675746,62.6592089846994,0,0,0,31.5342950564284,474.577254298852,1419.01986810108,4247.97419799285,15999.5517152382,47.6866830488381
"223","2024-02-11",6,"108",45.46385,-73.63631,2,8.78565155263787,10.646486855772,7.71401464619976,8.08740068332013,5.80116480487191,6.94017082214822,6.36659517379042,6.37511676369262,5451.1,5451.1,5451.1,6743.57307692308,40,40,40,42.5,90,90,90,79.0384615384615,0,0,0,0,40,40,40,26.3461538461539,50,50,50,74.2307692307692,0,0,0,4.42307692307692,0,0,0,3693.50543246563,0,0,0,13.7733758517272,0,0,0,27.1711796120135,0,0,0,0,0,0,0,17.9900676468059,0,0,0,42.453949854168,0,0,0,22.3311495746927,383.496202620191,791.846674620977,3768.49505845734,17370.9210717755,87.4099994685576
"224","2024-02-15",6,"108",45.46202,-73.63409,2,10.7284493735964,9.226902327672,7.58956772769882,8.0763013273854,7.0395291110387,6.10275145464376,5.60917879145095,6.27162590397688,5949.4,5949.4,5985.35,7601.66153846154,55,55,48.3333333333333,33.8461538461538,55,55,55.8333333333333,46.1538461538462,0,0,0,3.36538461538462,0,0,9.16666666666667,30.3846153846154,120,120,116.25,131.826923076923,0,0,0,14.1346153846154,0,0,635.748671753519,3826.52047232971,0,0,16.0018938273133,22.8296200919878,0,0,21.619996355787,33.8916292605807,0,0,0,8.61605625210087,0,0,22.3437334445796,32.2345289512956,0,0,22.0665316300913,63.5010332334794,0,0,0,36.1874362588237,369.122652702802,785.278674343333,4586.38621014005,16481.5488477097,131.254080682682
"225","2024-02-16",6,"108",45.4628,-73.63595,2,10.2050619399622,9.29756226824003,8.15215823588156,7.92401598146916,6.91268568736266,6.55021156223778,6.6146205701483,6.21328063041456,5451.1,5700.25,5700.25,5831.258,40,47.5,47.5,49.1,90,72.5,72.5,72.9,0,0,0,0,40,20,20,16.4,50,85,85,91.3,0,0,0,0,0,287.69363913719,258.555174144558,573.085439756782,0,8.66025403784439,7.78311782494156,7.86947084806669,0,20.2072594216369,18.160608258197,20.0786717993121,0,0,0,0,0,23.094010767585,20.7549808665108,19.5625631641414,0,40.4145188432738,36.321216516394,37.7938824549742,0,0,0,0,389.186525326673,794.481453009917,2853.50978758144,16393.612718353,38.2278362476185
"226","2024-02-17",6,"108",45.46182,-73.63503,2,6.21364053569333,6.65400060451575,7.8836939177011,7.61547267565182,5.72258907431035,5.6869822656905,5.68299640218022,5.98638316505038,5949.4,5949.4,6378.20625,6578.97169811321,55,55,51.5625,40,55,55,64.6875,54.1509433962264,0,0,0,0.471698113207547,0,0,2.5,21.3207547169811,120,120,121.875,114.339622641509,0,0,0,1.9811320754717,0,0,850.323948048625,2385.72444056286,0,0,5.39096466321196,20.5688337801861,0,0,14.8849756466042,31.0510722138761,0,0,0,3.43401409871723,0,0,10,30.6993946225114,0,0,22.1265300789196,36.7690000053486,0,0,0,14.4228592146123,454.010787896765,1406.3144154117,4281.68358818246,16287.0989514115,99.5673136904009
"227","2024-02-22",6,"108",45.46194,-73.6349,2,6.23220791167347,6.52120859827641,7.84795422104678,7.73452969607127,5.37369187150554,5.51379227580499,5.80745659690792,6.09959675286105,5949.4,5949.4,6194.11538461538,6632.17450980392,55,55,52.3076923076923,39.8039215686274,55,55,62.3076923076923,53.7254901960784,0,0,0,0.980392156862745,0,0,3.07692307692308,22.156862745098,120,120,118.461538461538,117.254901960784,0,0,0,4.11764705882353,0,0,721.08239918213,2636.32878760166,0,0,5.25015262293417,20.5173288786266,0,0,13.9366699476873,31.0458231853321,0,0,0,4.90098029409804,0,0,11.0940039245046,31.0041110493558,0,0,22.5817602820484,43.3856396229236,0,0,0,20.5841172352118,362.334268046601,1295.9562217239,4353.09831880145,16269.1476060334,92.1869741454395
"228","2024-02-23",6,"108",45.46324,-73.63687,2,7.69909148299265,7.8495151385176,7.61423114949686,8.01475511506495,6.22693862343285,6.52925281538731,6.41225705270911,6.35537185174759,5451.1,5700.25,5700.25,6085.08461538462,40,47.5,47.5,49.4230769230769,90,72.5,72.5,82.3076923076923,0,0,0,0,40,20,20,21.9230769230769,50,85,85,76.6346153846154,0,0,0,0,0,352.351309065256,260.228687888172,2637.51686900169,0,10.6066017177982,7.8334945180064,12.6279275834474,0,24.7487373415292,18.2781538753483,29.279945932085,0,0,0,0,0,28.2842712474619,20.8893187146837,18.2346859237845,0,49.4974746830583,36.5563077506965,43.3829409168427,0,0,0,0,371.882456527236,786.623350807696,3986.52615513532,16363.3080258237,14.1177313198612
"229","2024-02-27",6,"108",45.46403,-73.63685,2,9.87410526887688,8.97075232598563,8.16428143664309,8.3748447642446,5.71805526338615,6.35838403048627,6.54882418471766,6.52780333838634,5451.1,5451.1,6575.525,7340.39411764706,40,40,40.8333333333333,42.3529411764706,90,90,83.75,79.4117647058824,0,0,0,0,40,40,32.9166666666667,24.7058823529412,50,50,64.5833333333333,76.1764705882353,0,0,0,6.76470588235295,0,0,3895.30792273917,4450.51340819964,0,0,12.5830573921179,16.7138547671227,0,0,26.2959554442746,32.4907226577608,0,0,0,0,0,0,14.5318354802221,17.6185063131323,0,0,40.8688775416594,47.4509034191565,0,0,0,27.3280721861562,371.31256027045,1284.21443919022,4943.28410405073,17362.3949608471,41.3947183765718
"230","2024-03-01",6,"108",45.46337,-73.6351,2,9.0185208077373,9.58769709304067,8.9027468956394,7.86296384909858,5.22011763452457,6.65169325655099,6.4742239858675,6.2320967894696,5451.1,5451.1,5513.3875,6775.20714285714,40,40,41.875,41.4285714285714,90,90,85.625,68.75,0,0,0,2.85714285714286,40,40,35,29.0178571428571,50,50,58.75,99.2857142857143,0,0,0,13.3035714285714,0,0,170.201852222589,3358.45433419261,0,0,5.1234753829798,13.6086298059285,0,0,11.9547758936195,26.4274306528102,0,0,0,7.85419070867977,0,0,13.6626010212795,23.4602108580996,0,0,23.9095517872391,69.7034534909959,0,0,0,35.5384143723928,379.641022048126,790.159254388824,3487.0441143091,15543.089854722,86.1845301723333
"231","2024-03-08",6,"107",45.46519,-73.64182,2,7.36519469432633,6.85599787022124,7.3175600828259,7.43650345135432,6.24336679256726,5.8917840473409,6.45841857749962,6.24548661231639,10231.2,10231.2,10231.2,10574.5019607843,10,10,10,17.843137254902,0,0,0,20.1960784313726,0,0,0,0,175,175,175,135.78431372549,250,250,250,214.901960784314,35,35,35,29.7058823529412,0,0,0,4029.91330177165,0,0,0,20.7184676547467,0,0,0,45.7488883396496,0,0,0,0,0,0,0,64.8179955646548,0,0,0,82.3680168273975,0,0,0,15.7610838683728,335.892472923383,771.098620149849,3467.26597049948,16730.9839201655,59.9280127850119
"232","2024-03-09",6,"107",45.46519,-73.64226,2,7.3480057424484,8.34000375324231,7.37586189692523,7.38476276454205,5.83062247946743,7.6352717561277,6.44409874451695,6.0602720675576,10231.2,10231.2,10231.2,10382.668,10,10,10,14.5,0,0,0,12.5,0,0,0,0,175,175,175,151,250,250,250,221.8,35,35,35,39.3,0,0,0,3109.35786306237,0,0,0,17.268882005338,0,0,0,37.8807204207079,0,0,0,0,0,0,0,51.150039399909,0,0,0,76.2565487318289,0,0,0,35.2398487337206,383.642461446972,791.947289066739,2989.43321910604,17090.3730716536,26.2005021959077
"233","2024-03-15",6,"107",45.46548,-73.64286,2,5.99526535099463,6.03669519011986,6.81818765716045,7.36745072866402,4.37951771890998,5.64837738640391,6.49056245165867,6.1475423486069,10231.2,10231.2,10231.2,11454.0826923077,10,10,10,7.98076923076923,0,0,0,0.865384615384616,0,0,0,0,175,175,175,151.923076923077,250,250,250,229.423076923077,35,35,35,40.0961538461538,0,0,0,3252.04911153141,0,0,0,3.86786856547879,0,0,0,3.53153216848064,0,0,0,0,0,0,0,44.5693318254438,0,0,0,64.6684898127413,0,0,0,26.2807314902409,389.459022740508,794.627990706938,3332.40734308639,18719.1536870266,32.8145601968504
