"","Date","Site","ID","Lat","Lon","Winter","Mean_Veg_Height_25_m","Mean_Veg_Height_50_m","Mean_Veg_Height_100_m","Mean_Veg_Height_200_m","Sd_Veg_Height_25_m","Sd_Veg_Height_50_m","Sd_Veg_Height_100_m","Sd_Veg_Height_200_m","mean_Pop_Dens_25_m","mean_Pop_Dens_50_m","mean_Pop_Dens_100_m","mean_Pop_Dens_200_m","mean_Single_House_25_m","mean_Single_House_50_m","mean_Single_House_100_m","mean_Single_House_200_m","mean_Semi_Detached_House_25_m","mean_Semi_Detached_House_50_m","mean_Semi_Detached_House_100_m","mean_Semi_Detached_House_200_m","mean_Row_House_25_m","mean_Row_House_50_m","mean_Row_House_100_m","mean_Row_House_200_m","mean_App_Duplex_25_m","mean_App_Duplex_50_m","mean_App_Duplex_100_m","mean_App_Duplex_200_m","mean_App_Less_5_Storeys_25_m","mean_App_Less_5_Storeys_50_m","mean_App_Less_5_Storeys_100_m","mean_App_Less_5_Storeys_200_m","mean_App_Over_5_Storeys_25_m","mean_App_Over_5_Storeys_50_m","mean_App_Over_5_Storeys_100_m","mean_App_Over_5_Storeys_200_m","sd_Pop_Dens_25_m","sd_Pop_Dens_50_m","sd_Pop_Dens_100_m","sd_Pop_Dens_200_m","sd_Single_House_25_m","sd_Single_House_50_m","sd_Single_House_100_m","sd_Single_House_200_m","sd_Semi_Detached_House_25_m","sd_Semi_Detached_House_50_m","sd_Semi_Detached_House_100_m","sd_Semi_Detached_House_200_m","sd_Row_House_25_m","sd_Row_House_50_m","sd_Row_House_100_m","sd_Row_House_200_m","sd_App_Duplex_25_m","sd_App_Duplex_50_m","sd_App_Duplex_100_m","sd_App_Duplex_200_m","sd_App_Less_5_Storeys_25_m","sd_App_Less_5_Storeys_50_m","sd_App_Less_5_Storeys_100_m","sd_App_Less_5_Storeys_200_m","sd_App_Over_5_Storeys_25_m","sd_App_Over_5_Storeys_50_m","sd_App_Over_5_Storeys_100_m","sd_App_Over_5_Storeys_200_m","Road_Length_25_m","Road_Length_50_m","Road_Length_100_m","Road_Length_200_m","Dist_to_Nearest_Feeder_m"
"1",2022-10-08,1,208,45.43113,-73.93878,1,10.3070277653275,6.15916510437664,4.04976371933133,5.32676168731183,8.18890425087182,6.98284359584908,6.54096623813651,7.80322914588277,118.3,118.3,118.3,118.3,355,355,355,355,20,20,20,20,15,15,15,15,0,0,0,0,5,5,5,5,0,0,0,0,0,0,0,0,0,0,0,0,0,0,0,0,0,0,0,0,0,0,0,0,0,0,0,0,0,0,0,0,0,0,0,0,122.481325431909
"2",2022-10-09,1,208,45.43044,-73.93912,1,1.18186949711944,1.90457776360002,3.36502476169645,6.07411436607261,2.14118893719306,2.53710601506167,4.48550752947636,7.61184227933077,118.3,118.3,118.3,118.3,355,355,355,355,20,20,20,20,15,15,15,15,0,0,0,0,5,5,5,5,0,0,0,0,0,0,0,0,0,0,0,0,0,0,0,0,0,0,0,0,0,0,0,0,0,0,0,0,0,0,0,0,0,0,0,0,72.9275973935211
"3",2022-10-10,1,207,45.42953,-73.93798,1,1.68743906543414,5.07250243907659,3.97871613497159,3.45806442811221,3.0078500943391,5.9313871017312,5.03600777523438,5.06514576494956,118.3,118.3,118.3,118.3,355,355,355,355,20,20,20,20,15,15,15,15,0,0,0,0,5,5,5,5,0,0,0,0,0,0,0,0,0,0,0,0,0,0,0,0,0,0,0,0,0,0,0,0,0,0,0,0,0,0,0,0,0,0,0,0,62.4077963176822
"4",2022-10-10,1,208,45.42975,-73.93842,1,0.933275700100567,2.9588653523649,3.42644342985912,3.94365213917083,1.75579812669799,3.94096788153976,4.60270347311368,5.40400494945757,118.3,118.3,118.3,118.3,355,355,355,355,20,20,20,20,15,15,15,15,0,0,0,0,5,5,5,5,0,0,0,0,0,0,0,0,0,0,0,0,0,0,0,0,0,0,0,0,0,0,0,0,0,0,0,0,0,0,0,0,0,0,0,0,30.2523276578678
"5",2022-10-11,1,208,45.43002,-73.93935,1,2.28176719855391,2.2812394166181,2.73100919570884,6.37198211382098,2.64863663209738,2.85213450421941,3.35083828508325,7.28588792174291,118.3,118.3,118.3,118.3,355,355,355,355,20,20,20,20,15,15,15,15,0,0,0,0,5,5,5,5,0,0,0,0,0,0,0,0,0,0,0,0,0,0,0,0,0,0,0,0,0,0,0,0,0,0,0,0,0,0,0,0,0,0,0,0,76.6655501225165
"6",2022-10-11,1,207,45.42932,-73.94029,1,10.5763026523931,9.47710354256832,7.66684972911249,7.81231400007617,7.64393364630125,8.08912102117917,7.103805324132,8.10356654045719,118.3,118.3,118.3,118.3,355,355,355,355,20,20,20,20,15,15,15,15,0,0,0,0,5,5,5,5,0,0,0,0,0,0,0,0,0,0,0,0,0,0,0,0,0,0,0,0,0,0,0,0,0,0,0,0,0,0,0,0,0,0,0,0,86.9119245866064
"7",2022-10-12,1,207,45.43099,-73.93957,1,3.11809592176422,3.22088735729553,7.8150999473697,8.62742257471904,3.63875290938015,4.33788070904039,8.18636334909371,9.42986594827006,118.3,118.3,118.3,118.3,355,355,355,355,20,20,20,20,15,15,15,15,0,0,0,0,5,5,5,5,0,0,0,0,0,0,0,0,0,0,0,0,0,0,0,0,0,0,0,0,0,0,0,0,0,0,0,0,0,0,0,0,0,0,0,0,139.846489256859
"8",2022-10-13,1,207,45.42967,-73.93741,1,7.04704516309291,5.2386151929721,3.05349571860078,2.85168778149364,6.68838916557392,6.2657359098812,4.9788841823109,4.55711960215424,118.3,118.3,118.3,118.3,355,355,355,355,20,20,20,20,15,15,15,15,0,0,0,0,5,5,5,5,0,0,0,0,0,0,0,0,0,0,0,0,0,0,0,0,0,0,0,0,0,0,0,0,0,0,0,0,0,0,0,0,0,0,0,0,84.5716996095665
"9",2022-10-13,1,208,45.42995,-73.93961,1,1.44992349928761,2.5303629924993,3.52772428363147,6.83869866499571,2.47595613945753,2.8709797742684,4.26832094569693,7.54978369391259,118.3,118.3,118.3,118.3,355,355,355,355,20,20,20,20,15,15,15,15,0,0,0,0,5,5,5,5,0,0,0,0,0,0,0,0,0,0,0,0,0,0,0,0,0,0,0,0,0,0,0,0,0,0,0,0,0,0,0,0,0,0,0,0,97.3167213009506
"10",2022-10-14,1,208,45.43019,-73.93933,1,1.83342652408264,1.90296068550855,2.88633605767173,6.51071995060581,2.76205698693545,2.55069314735874,3.46654667289267,7.58956189780341,118.3,118.3,118.3,118.3,355,355,355,355,20,20,20,20,15,15,15,15,0,0,0,0,5,5,5,5,0,0,0,0,0,0,0,0,0,0,0,0,0,0,0,0,0,0,0,0,0,0,0,0,0,0,0,0,0,0,0,0,0,0,0,0,77.4395707669744
"11",2022-10-14,1,207,45.42941,-73.93762,1,8.78372941503718,5.58333409756786,4.01976871611925,3.34802280551705,6.39241629402436,6.11739147908725,5.17888090102371,4.99412604894616,118.3,118.3,118.3,118.3,355,355,355,355,20,20,20,20,15,15,15,15,0,0,0,0,5,5,5,5,0,0,0,0,0,0,0,0,0,0,0,0,0,0,0,0,0,0,0,0,0,0,0,0,0,0,0,0,0,0,0,0,0,0,0,0,89.6428914500204
"12",2022-10-15,1,208,45.4311,-73.939,1,6.70268004557805,6.55882805831556,4.94295670274652,6.11838770109211,9.01218753027878,7.33220346007115,7.15286118311699,8.35814272739354,118.3,118.3,118.3,118.3,355,355,355,355,20,20,20,20,15,15,15,15,0,0,0,0,5,5,5,5,0,0,0,0,0,0,0,0,0,0,0,0,0,0,0,0,0,0,0,0,0,0,0,0,0,0,0,0,0,0,0,0,0,0,0,0,125.226821496704
"13",2022-10-15,1,207,45.42946,-73.93856,1,3.24756266236976,2.81726486151555,3.75883479259987,5.00495965256971,3.42268675255494,3.81992469529533,4.69038684084068,6.12199102059732,118.3,118.3,118.3,118.3,355,355,355,355,20,20,20,20,15,15,15,15,0,0,0,0,5,5,5,5,0,0,0,0,0,0,0,0,0,0,0,0,0,0,0,0,0,0,0,0,0,0,0,0,0,0,0,0,0,0,0,0,0,0,0,0,63.9696927859381
"14",2022-10-15,1,209,45.42869,-73.93789,1,7.06003552854579,5.87389504616173,5.07887148525385,5.94143154234916,3.2783838079729,4.699906042082,5.1347653671426,6.51785028655623,118.3,118.3,118.3,118.3,355,355,355,355,20,20,20,20,15,15,15,15,0,0,0,0,5,5,5,5,0,0,0,0,0,0,0,0,0,0,0,0,0,0,0,0,0,0,0,0,0,0,0,0,0,0,0,0,0,0,0,0,0,0,0,0,152.466376801939
"15",2022-10-16,1,206,45.43182,-73.94016,1,15.8461279886083,14.9718049295177,15.7359301628888,12.272330915676,9.4452311253032,8.43840897197999,9.00544696857528,10.4494106342807,118.3,118.3,118.3,118.3,355,355,355,355,20,20,20,20,15,15,15,15,0,0,0,0,5,5,5,5,0,0,0,0,0,0,0,0,0,0,0,0,0,0,0,0,0,0,0,0,0,0,0,0,0,0,0,0,0,0,0,0,0,0,0,0,240.527584174686
"16",2022-10-16,1,210,45.43118,-73.93872,1,11.4619620281379,6.29240278477316,3.97730020808722,5.24856311082417,7.5825730233222,7.12563902122659,6.529358949356,7.75986657782116,118.3,118.3,118.3,118.3,355,355,355,355,20,20,20,20,15,15,15,15,0,0,0,0,5,5,5,5,0,0,0,0,0,0,0,0,0,0,0,0,0,0,0,0,0,0,0,0,0,0,0,0,0,0,0,0,0,0,0,0,0,0,0,0,126.677880018575
"17",2022-10-16,1,208,45.43052,-73.9399,1,3.22862960535593,4.54548247570237,5.26646108395408,8.42898014349621,3.83235939462986,4.4724821386312,6.05796280412239,8.89946224026367,118.3,118.3,118.3,118.3,355,355,355,355,20,20,20,20,15,15,15,15,0,0,0,0,5,5,5,5,0,0,0,0,0,0,0,0,0,0,0,0,0,0,0,0,0,0,0,0,0,0,0,0,0,0,0,0,0,0,0,0,0,0,0,0,131.159382564959
"18",2022-10-16,1,209,45.42899,-73.93848,1,3.59901665305217,2.56040650279496,4.05654677582084,5.91014185023033,4.49780125329342,3.91856965116693,4.49017638691593,6.53239080600942,118.3,118.3,118.3,118.3,355,355,355,355,20,20,20,20,15,15,15,15,0,0,0,0,5,5,5,5,0,0,0,0,0,0,0,0,0,0,0,0,0,0,0,0,0,0,0,0,0,0,0,0,0,0,0,0,0,0,0,0,0,0,0,0,114.761385013322
"19",2022-10-16,1,207,45.42977,-73.9384,1,0.819943986252383,3.07984843155733,3.40755378888468,3.84995343714372,1.57901397262265,4.15422325643886,4.60192844060325,5.33526434143853,118.3,118.3,118.3,118.3,355,355,355,355,20,20,20,20,15,15,15,15,0,0,0,0,5,5,5,5,0,0,0,0,0,0,0,0,0,0,0,0,0,0,0,0,0,0,0,0,0,0,0,0,0,0,0,0,0,0,0,0,0,0,0,0,27.8752592403807
"20",2022-10-17,1,210,45.43102,-73.9385,1,7.18795404021667,4.77711326790396,3.19479926702935,4.39605954748417,6.24358671408817,6.17933595436887,5.89080917132732,6.85131779936995,118.3,118.3,118.3,118.3,355,355,355,355,20,20,20,20,15,15,15,15,0,0,0,0,5,5,5,5,0,0,0,0,0,0,0,0,0,0,0,0,0,0,0,0,0,0,0,0,0,0,0,0,0,0,0,0,0,0,0,0,0,0,0,0,106.200178222951
"21",2022-10-17,1,207,45.42973,-73.93833,1,0.768915471622756,3.33212403395619,3.51865393545018,3.74256882231431,1.61376719171676,4.46063509083848,4.69524648053911,5.23294799249075,118.3,118.3,118.3,118.3,355,355,355,355,20,20,20,20,15,15,15,15,0,0,0,0,5,5,5,5,0,0,0,0,0,0,0,0,0,0,0,0,0,0,0,0,0,0,0,0,0,0,0,0,0,0,0,0,0,0,0,0,0,0,0,0,32.3720884919258
"22",2022-10-17,1,208,45.43003,-73.93834,1,2.53603353325558,3.35023545539059,2.96824324703446,3.4156796847016,3.495121253317,4.90092777255645,4.34805794830227,5.23533363960618,118.3,118.3,118.3,118.3,355,355,355,355,20,20,20,20,15,15,15,15,0,0,0,0,5,5,5,5,0,0,0,0,0,0,0,0,0,0,0,0,0,0,0,0,0,0,0,0,0,0,0,0,0,0,0,0,0,0,0,0,0,0,0,0,2.59661250798833
"23",2022-10-18,1,207,45.43016,-73.93781,1,7.21432128828405,4.05481274679824,2.22807919413018,2.56626105847706,6.07926381501456,5.35906515222179,4.23037841695998,4.53510029289242,118.3,118.3,118.3,118.3,355,355,355,355,20,20,20,20,15,15,15,15,0,0,0,0,5,5,5,5,0,0,0,0,0,0,0,0,0,0,0,0,0,0,0,0,0,0,0,0,0,0,0,0,0,0,0,0,0,0,0,0,0,0,0,0,43.4115555954657
"24",2022-10-18,1,210,45.43147,-73.93874,1,8.89349109560218,8.05879629866789,4.64607086521602,5.74224425362584,5.61332256320952,8.73877114695876,7.19209213819153,8.24946633991985,118.3,118.3,118.3,118.3,355,355,355,355,20,20,20,20,15,15,15,15,0,0,0,0,5,5,5,5,0,0,0,0,0,0,0,0,0,0,0,0,0,0,0,0,0,0,0,0,0,0,0,0,0,0,0,0,0,0,0,0,0,0,0,0,158.511071340648
"25",2022-10-18,1,208,45.43006,-73.93971,1,1.1862639253171,2.5577801137449,3.84266207731013,7.14482227604182,2.13875317224772,2.96826057465614,4.33890858064084,7.90525258799935,118.3,118.3,118.3,118.3,355,355,355,355,20,20,20,20,15,15,15,15,0,0,0,0,5,5,5,5,0,0,0,0,0,0,0,0,0,0,0,0,0,0,0,0,0,0,0,0,0,0,0,0,0,0,0,0,0,0,0,0,0,0,0,0,104.922529128066
"26",2022-10-18,1,209,45.43095,-73.9389,1,5.3735894554744,5.01494129249904,3.91052480420266,5.49348824722924,6.6820354479721,6.27769363742274,6.25457173208001,7.73062181405852,118.3,118.3,118.3,118.3,355,355,355,355,20,20,20,20,15,15,15,15,0,0,0,0,5,5,5,5,0,0,0,0,0,0,0,0,0,0,0,0,0,0,0,0,0,0,0,0,0,0,0,0,0,0,0,0,0,0,0,0,0,0,0,0,106.820988893629
"27",2022-10-18,1,206,45.43274,-73.93947,1,7.69174619119178,8.84342356292025,7.09172140573201,9.36476225714536,6.87687175356945,9.98757181716413,7.94544321232028,10.442607244103,118.3,118.3,118.3,118.3,355,355,355,355,20,20,20,20,15,15,15,15,0,0,0,0,5,5,5,5,0,0,0,0,0,0,0,0,0,0,0,0,0,0,0,0,0,0,0,0,0,0,0,0,0,0,0,0,0,0,0,0,0,0,0,0,309.31891431946
"28",2022-10-19,1,210,45.43096,-73.93864,1,6.85528976580125,4.94055986446874,3.41531444740518,4.62102590572759,6.87167694397133,6.20287354227577,5.95415818676607,7.06543427974622,118.3,118.3,118.3,118.3,355,355,355,355,20,20,20,20,15,15,15,15,0,0,0,0,5,5,5,5,0,0,0,0,0,0,0,0,0,0,0,0,0,0,0,0,0,0,0,0,0,0,0,0,0,0,0,0,0,0,0,0,0,0,0,0,101.452666606547
"29",2022-10-19,1,206,45.43177,-73.93979,1,16.6195212094839,11.6579124083632,12.2729651671349,10.5073022083014,10.2730805335624,9.37725499864266,9.05662667180008,10.4600869500508,118.3,118.3,118.3,118.3,355,355,355,355,20,20,20,20,15,15,15,15,0,0,0,0,5,5,5,5,0,0,0,0,0,0,0,0,0,0,0,0,0,0,0,0,0,0,0,0,0,0,0,0,0,0,0,0,0,0,0,0,0,0,0,0,219.92072345444
"30",2022-10-19,1,208,45.42961,-73.93957,1,3.86241972501097,2.82454193830645,4.21892250146314,6.80855453524824,3.04225718685761,3.2997749155647,5.37969177992992,7.15775620636586,118.3,118.3,118.3,118.3,355,355,355,355,20,20,20,20,15,15,15,15,0,0,0,0,5,5,5,5,0,0,0,0,0,0,0,0,0,0,0,0,0,0,0,0,0,0,0,0,0,0,0,0,0,0,0,0,0,0,0,0,0,0,0,0,104.345037097349
"31",2022-10-19,1,207,45.42994,-73.93819,1,4.53143216443232,4.18949624582934,3.07250127226224,3.08472686446065,5.21796265815508,5.30362505529938,4.58606078861196,4.8122497093638,118.3,118.3,118.3,118.3,355,355,355,355,20,20,20,20,15,15,15,15,0,0,0,0,5,5,5,5,0,0,0,0,0,0,0,0,0,0,0,0,0,0,0,0,0,0,0,0,0,0,0,0,0,0,0,0,0,0,0,0,0,0,0,0,16.6520505211817
"32",2022-10-20,1,210,45.43111,-73.93842,1,7.00791523240272,4.73183508497435,3.11818317157949,4.34904938892126,6.30064454557358,6.33616017647026,5.92933388907561,6.82522450768658,118.3,118.3,118.3,118.3,355,355,355,355,20,20,20,20,15,15,15,15,0,0,0,0,5,5,5,5,0,0,0,0,0,0,0,0,0,0,0,0,0,0,0,0,0,0,0,0,0,0,0,0,0,0,0,0,0,0,0,0,0,0,0,0,115.67905212529
"33",2022-10-20,1,206,45.43274,-73.9394,1,5.87530800911222,7.79836580874059,6.54715965592314,9.01489510387911,6.09181634704397,9.77975900956082,7.74937450245254,10.3004682918833,118.3,118.3,118.3,118.3,355,355,355,355,20,20,20,20,15,15,15,15,0,0,0,0,5,5,5,5,0,0,0,0,0,0,0,0,0,0,0,0,0,0,0,0,0,0,0,0,0,0,0,0,0,0,0,0,0,0,0,0,0,0,0,0,307.812631095998
"34",2022-10-20,1,207,45.43066,-73.93932,1,2.22615261902942,2.35058560139472,4.3735875047209,7.14707501481467,2.68230754635455,3.01168187907389,5.7688320743148,8.45308657707351,118.3,118.3,118.3,118.3,355,355,355,355,20,20,20,20,15,15,15,15,0,0,0,0,5,5,5,5,0,0,0,0,0,0,0,0,0,0,0,0,0,0,0,0,0,0,0,0,0,0,0,0,0,0,0,0,0,0,0,0,0,0,0,0,100.275953296706
"35",2022-10-20,1,208,45.43072,-73.93967,1,3.11302497719527,3.23151067942779,5.87019058969086,8.46973107759461,3.62656545658508,3.76681294021673,6.9107149750039,9.06457100193421,118.3,118.3,118.3,118.3,355,355,355,355,20,20,20,20,15,15,15,15,0,0,0,0,5,5,5,5,0,0,0,0,0,0,0,0,0,0,0,0,0,0,0,0,0,0,0,0,0,0,0,0,0,0,0,0,0,0,0,0,0,0,0,0,126.010953026432
"36",2022-10-21,1,208,45.43015,-73.93908,1,2.01461793740266,1.64759733114106,2.85988852348788,5.75869511989156,2.66837860549631,2.33346347024833,3.58094410683172,7.1142566615762,118.3,118.3,118.3,118.3,355,355,355,355,20,20,20,20,15,15,15,15,0,0,0,0,5,5,5,5,0,0,0,0,0,0,0,0,0,0,0,0,0,0,0,0,0,0,0,0,0,0,0,0,0,0,0,0,0,0,0,0,0,0,0,0,57.3906165770693
"37",2022-10-21,1,210,45.43126,-73.93853,1,9.09937122834231,5.78135150823492,3.57037567342298,4.8703629223614,7.51784028390395,6.84448927017052,6.24720595584954,7.42362510123784,118.3,118.3,118.3,118.3,355,355,355,355,20,20,20,20,15,15,15,15,0,0,0,0,5,5,5,5,0,0,0,0,0,0,0,0,0,0,0,0,0,0,0,0,0,0,0,0,0,0,0,0,0,0,0,0,0,0,0,0,0,0,0,0,132.962872235661
"38",2022-10-21,1,207,45.43078,-73.93946,1,2.58591531406307,2.74620312019739,5.77788064835733,7.86480334031572,2.93807148590314,3.43401214615533,6.99054689742512,8.93864784233907,118.3,118.3,118.3,118.3,355,355,355,355,20,20,20,20,15,15,15,15,0,0,0,0,5,5,5,5,0,0,0,0,0,0,0,0,0,0,0,0,0,0,0,0,0,0,0,0,0,0,0,0,0,0,0,0,0,0,0,0,0,0,0,0,117.316152176601
"39",2022-10-21,1,206,45.43288,-73.93983,1,14.6234145674867,11.439113437697,10.2087440388745,11.0662283272294,9.58471511747287,8.7962764144767,9.18183046576872,10.9633260668798,118.3,118.3,118.3,118.3,355,355,355,355,20,20,20,20,15,15,15,15,0,0,0,0,5,5,5,5,0,0,0,0,0,0,0,0,0,0,0,0,0,0,0,0,0,0,0,0,0,0,0,0,0,0,0,0,0,0,0,0,0,0,0,0,332.98159740997
"40",2022-10-22,1,207,45.42906,-73.93781,1,2.87741599175111,5.91382723507887,4.46725196716982,4.79439745841692,4.21018149101309,5.45530489390625,5.1185102559162,6.10607227598693,118.3,118.3,118.3,118.3,355,355,355,355,20,20,20,20,15,15,15,15,0,0,0,0,5,5,5,5,0,0,0,0,0,0,0,0,0,0,0,0,0,0,0,0,0,0,0,0,0,0,0,0,0,0,0,0,0,0,0,0,0,0,0,0,115.307446913276
"41",2022-10-23,1,207,45.43128,-73.93857,1,9.90960746411451,6.11442475591612,3.70930130253513,5.01389028928607,7.45436055406323,7.10657173335926,6.36880095872199,7.56798042008062,118.3,118.3,118.3,118.3,355,355,355,355,20,20,20,20,15,15,15,15,0,0,0,0,5,5,5,5,0,0,0,0,0,0,0,0,0,0,0,0,0,0,0,0,0,0,0,0,0,0,0,0,0,0,0,0,0,0,0,0,0,0,0,0,135.534392090091
"42",2022-10-23,1,210,45.43094,-73.93839,1,4.22565672693816,4.03885921524416,2.90230206184016,4.01830951261673,3.08100649595203,5.80581920590048,5.45135732856378,6.42572187371837,118.3,118.3,118.3,118.3,355,355,355,355,20,20,20,20,15,15,15,15,0,0,0,0,5,5,5,5,0,0,0,0,0,0,0,0,0,0,0,0,0,0,0,0,0,0,0,0,0,0,0,0,0,0,0,0,0,0,0,0,0,0,0,0,96.7121239272069
"43",2022-10-23,1,206,45.43272,-73.94019,1,17.8991671241705,16.2549264127858,14.2680573148788,13.225347699971,6.52255096191616,7.03164580209919,8.95469188224371,11.077904664079,118.3,118.3,118.3,118.3,355,355,355,355,20,20,20,20,15,15,15,15,0,0,0,0,5,5,5,5,0,0,0,0,0,0,0,0,0,0,0,0,0,0,0,0,0,0,0,0,0,0,0,0,0,0,0,0,0,0,0,0,0,0,0,0,317.297478778398
"44",2022-10-23,1,208,45.42977,-73.93909,1,4.16503550586713,3.29204166639591,2.59156707573747,5.67575334097935,3.30943324521272,3.19039547539367,3.49330503735002,6.5473077500097,118.3,118.3,118.3,118.3,355,355,355,355,20,20,20,20,15,15,15,15,0,0,0,0,5,5,5,5,0,0,0,0,0,0,0,0,0,0,0,0,0,0,0,0,0,0,0,0,0,0,0,0,0,0,0,0,0,0,0,0,0,0,0,0,62.802243481899
"45",2022-10-24,1,213,45.431,-73.93875,1,7.97787769502047,5.37662406900025,3.64949189356859,5.01703666431174,7.84329057520831,6.36013189995416,6.12436116199785,7.45425501856378,118.3,118.3,118.3,118.3,355,355,355,355,20,20,20,20,15,15,15,15,0,0,0,0,5,5,5,5,0,0,0,0,0,0,0,0,0,0,0,0,0,0,0,0,0,0,0,0,0,0,0,0,0,0,0,0,0,0,0,0,0,0,0,0,107.962069684035
"46",2022-10-24,1,210,45.43108,-73.93877,1,9.25340449676351,5.80707339745175,3.86452111295617,5.21596300052635,7.96219984086023,6.61991551382271,6.33413222113916,7.6807138374537,118.3,118.3,118.3,118.3,355,355,355,355,20,20,20,20,15,15,15,15,0,0,0,0,5,5,5,5,0,0,0,0,0,0,0,0,0,0,0,0,0,0,0,0,0,0,0,0,0,0,0,0,0,0,0,0,0,0,0,0,0,0,0,0,116.927398638416
"47",2022-10-24,1,206,45.4329,-73.93967,1,9.99748570294159,9.46642034456844,8.53691411534404,10.225315016688,8.50517270864367,9.28001358448167,8.76318978299227,10.73480563168,118.3,118.3,118.3,118.3,355,355,355,355,20,20,20,20,15,15,15,15,0,0,0,0,5,5,5,5,0,0,0,0,0,0,0,0,0,0,0,0,0,0,0,0,0,0,0,0,0,0,0,0,0,0,0,0,0,0,0,0,0,0,0,0,330.949524162547
"48",2022-10-24,1,207,45.42991,-73.9396,1,1.82633985993568,2.54715279026527,3.54626353074705,6.80048454491938,2.79694285387089,2.94469325489063,4.35032948761265,7.47825757978962,118.3,118.3,118.3,118.3,355,355,355,355,20,20,20,20,15,15,15,15,0,0,0,0,5,5,5,5,0,0,0,0,0,0,0,0,0,0,0,0,0,0,0,0,0,0,0,0,0,0,0,0,0,0,0,0,0,0,0,0,0,0,0,0,96.9962216537155
"49",2022-10-24,1,208,45.42991,-73.93958,1,1.92213476308704,2.56113762150405,3.45824691351498,6.76183276993352,2.79772172033778,2.97310756636583,4.26124288863529,7.44750360747251,118.3,118.3,118.3,118.3,355,355,355,355,20,20,20,20,15,15,15,15,0,0,0,0,5,5,5,5,0,0,0,0,0,0,0,0,0,0,0,0,0,0,0,0,0,0,0,0,0,0,0,0,0,0,0,0,0,0,0,0,0,0,0,0,95.4442904573769
"50",2022-10-25,1,210,45.431,-73.93854,1,7.28533658008181,4.83740660037911,3.26193690041132,4.45458514487792,6.48400502985127,6.18621089736346,5.90403201203707,6.91465940859929,118.3,118.3,118.3,118.3,355,355,355,355,20,20,20,20,15,15,15,15,0,0,0,0,5,5,5,5,0,0,0,0,0,0,0,0,0,0,0,0,0,0,0,0,0,0,0,0,0,0,0,0,0,0,0,0,0,0,0,0,0,0,0,0,104.391378566826
"51",2022-10-25,1,213,45.43097,-73.93854,1,6.3912434670295,4.62289483830981,3.24515315658756,4.40181188730349,5.8310067753995,6.04852137562266,5.84531089662754,6.85473731497795,118.3,118.3,118.3,118.3,355,355,355,355,20,20,20,20,15,15,15,15,0,0,0,0,5,5,5,5,0,0,0,0,0,0,0,0,0,0,0,0,0,0,0,0,0,0,0,0,0,0,0,0,0,0,0,0,0,0,0,0,0,0,0,0,101.093297711891
"52",2022-10-25,1,206,45.43278,-73.93943,1,5.74860907742641,7.82803265411573,6.66461233007766,9.14000695087484,6.03843811447921,9.76240138658708,7.84083737686607,10.3559697497699,118.3,118.3,118.3,118.3,355,355,355,355,20,20,20,20,15,15,15,15,0,0,0,0,5,5,5,5,0,0,0,0,0,0,0,0,0,0,0,0,0,0,0,0,0,0,0,0,0,0,0,0,0,0,0,0,0,0,0,0,0,0,0,0,312.723780551171
"53",2022-10-25,1,209,45.43033,-73.93957,1,2.53856119817616,2.30059451488614,3.55896464235734,7.26238721279171,2.62663471930812,3.0519379506932,4.16521674461367,8.14921870534952,118.3,118.3,118.3,118.3,355,355,355,355,20,20,20,20,15,15,15,15,0,0,0,0,5,5,5,5,0,0,0,0,0,0,0,0,0,0,0,0,0,0,0,0,0,0,0,0,0,0,0,0,0,0,0,0,0,0,0,0,0,0,0,0,99.7164170189987
"54",2022-10-25,1,208,45.42976,-73.93961,1,2.91311769684659,2.59640202915336,3.96207440317663,6.76358882955864,2.99948507667072,3.19372454857469,5.10045589588121,7.25972147930477,118.3,118.3,118.3,118.3,355,355,355,355,20,20,20,20,15,15,15,15,0,0,0,0,5,5,5,5,0,0,0,0,0,0,0,0,0,0,0,0,0,0,0,0,0,0,0,0,0,0,0,0,0,0,0,0,0,0,0,0,0,0,0,0,101.215446603783
"55",2022-10-25,1,207,45.43136,-73.93898,1,11.2074106843158,8.8556939195561,5.52019433702103,6.36484933290326,8.95096825445277,8.87468027355045,7.43408192337751,8.73960944063805,118.3,118.3,118.3,118.3,355,355,355,355,20,20,20,20,15,15,15,15,0,0,0,0,5,5,5,5,0,0,0,0,0,0,0,0,0,0,0,0,0,0,0,0,0,0,0,0,0,0,0,0,0,0,0,0,0,0,0,0,0,0,0,0,151.562508491284
"56",2022-10-25,1,212,45.43138,-73.93897,1,11.6535711327377,8.92528441737731,5.49596848302236,6.34696510713222,8.86816792588131,8.91545141648507,7.42851906925704,8.73587162510244,118.3,118.3,118.3,118.3,355,355,355,355,20,20,20,20,15,15,15,15,0,0,0,0,5,5,5,5,0,0,0,0,0,0,0,0,0,0,0,0,0,0,0,0,0,0,0,0,0,0,0,0,0,0,0,0,0,0,0,0,0,0,0,0,153.416433854356
"57",2022-10-26,1,207,45.43103,-73.93878,1,8.2902751885646,5.53696482055573,3.77761400458517,5.16303323269029,7.98423756677713,6.3924354863058,6.22892595192183,7.59738201165628,118.3,118.3,118.3,118.3,355,355,355,355,20,20,20,20,15,15,15,15,0,0,0,0,5,5,5,5,0,0,0,0,0,0,0,0,0,0,0,0,0,0,0,0,0,0,0,0,0,0,0,0,0,0,0,0,0,0,0,0,0,0,0,0,111.839693391643
"58",2022-10-26,1,210,45.43101,-73.93877,1,8.0233111855465,5.43422228763901,3.70727579415244,5.09965880003963,7.92704466461428,6.3640782705418,6.1701537813814,7.52921868948573,118.3,118.3,118.3,118.3,355,355,355,355,20,20,20,20,15,15,15,15,0,0,0,0,5,5,5,5,0,0,0,0,0,0,0,0,0,0,0,0,0,0,0,0,0,0,0,0,0,0,0,0,0,0,0,0,0,0,0,0,0,0,0,0,109.485219120226
"59",2022-10-26,1,213,45.43172,-73.93973,1,16.6302544402299,11.4402086070408,11.6389181700587,10.1369947470933,11.0629613002326,9.86937501859713,8.9683372683626,10.3802861032982,118.3,118.3,118.3,118.3,355,355,355,355,20,20,20,20,15,15,15,15,0,0,0,0,5,5,5,5,0,0,0,0,0,0,0,0,0,0,0,0,0,0,0,0,0,0,0,0,0,0,0,0,0,0,0,0,0,0,0,0,0,0,0,0,212.748658849481
"60",2022-10-26,1,206,45.43155,-73.93923,1,14.3533331407096,9.98101084359531,7.23382643356173,7.5645459639006,11.3406049506744,9.12999589231782,7.99740635489828,9.52138798046654,118.3,118.3,118.3,118.3,355,355,355,355,20,20,20,20,15,15,15,15,0,0,0,0,5,5,5,5,0,0,0,0,0,0,0,0,0,0,0,0,0,0,0,0,0,0,0,0,0,0,0,0,0,0,0,0,0,0,0,0,0,0,0,0,178.264520658798
"61",2022-10-26,1,209,45.43154,-73.93918,1,13.970438379952,9.82155653852564,6.90799925947255,7.34042639293584,11.1336940168077,8.9337553530957,7.93157872279091,9.41602522867507,118.3,118.3,118.3,118.3,355,355,355,355,20,20,20,20,15,15,15,15,0,0,0,0,5,5,5,5,0,0,0,0,0,0,0,0,0,0,0,0,0,0,0,0,0,0,0,0,0,0,0,0,0,0,0,0,0,0,0,0,0,0,0,0,175.757901824576
"62",2022-10-26,1,208,45.43055,-73.93911,1,1.31440768413998,1.94612466823056,3.39734439506885,6.08622156757585,2.0137379111124,2.5616368848472,4.64981590610283,7.73677300023015,118.3,118.3,118.3,118.3,355,355,355,355,20,20,20,20,15,15,15,15,0,0,0,0,5,5,5,5,0,0,0,0,0,0,0,0,0,0,0,0,0,0,0,0,0,0,0,0,0,0,0,0,0,0,0,0,0,0,0,0,0,0,0,0,79.8685805232411
"63",2022-10-27,1,210,45.43096,-73.93889,1,5.73299525139948,5.11709029762584,3.90236150629785,5.46629063073005,7.03010138071732,6.30514969178466,6.26000901446825,7.72335155882227,118.3,118.3,118.3,118.3,355,355,355,355,20,20,20,20,15,15,15,15,0,0,0,0,5,5,5,5,0,0,0,0,0,0,0,0,0,0,0,0,0,0,0,0,0,0,0,0,0,0,0,0,0,0,0,0,0,0,0,0,0,0,0,0,107.529122073647
"64",2022-10-27,1,213,45.43111,-73.93902,1,6.3527716694589,6.64202247957572,5.08634469299765,6.21360614221788,8.91254395390209,7.46963528645601,7.23889418008402,8.42931648416714,118.3,118.3,118.3,118.3,355,355,355,355,20,20,20,20,15,15,15,15,0,0,0,0,5,5,5,5,0,0,0,0,0,0,0,0,0,0,0,0,0,0,0,0,0,0,0,0,0,0,0,0,0,0,0,0,0,0,0,0,0,0,0,0,126.881236235946
"65",2022-10-27,1,211,45.4319,-73.9398,1,13.3934007517625,12.344399441647,12.6786560025083,10.7565751225937,9.14105139105388,8.50570820992011,9.16804189316083,10.5907447889763,118.3,118.3,118.3,118.3,355,355,355,355,20,20,20,20,15,15,15,15,0,0,0,0,5,5,5,5,0,0,0,0,0,0,0,0,0,0,0,0,0,0,0,0,0,0,0,0,0,0,0,0,0,0,0,0,0,0,0,0,0,0,0,0,232.823498798696
"66",2022-10-28,1,210,45.43107,-73.93836,1,5.06570546310045,4.24330394639006,2.94366459995417,4.14278467940318,4.55681603617148,6.00972599715964,5.73638348620936,6.58776399896051,118.3,118.3,118.3,118.3,355,355,355,355,20,20,20,20,15,15,15,15,0,0,0,0,5,5,5,5,0,0,0,0,0,0,0,0,0,0,0,0,0,0,0,0,0,0,0,0,0,0,0,0,0,0,0,0,0,0,0,0,0,0,0,0,111.107913506363
"67",2022-10-28,1,217,45.42996,-73.93825,1,3.5124009359912,3.9660177463794,3.06479884034497,3.21130503457488,4.56543910401149,5.19828758969473,4.52251596207904,4.96041827689211,118.3,118.3,118.3,118.3,355,355,355,355,20,20,20,20,15,15,15,15,0,0,0,0,5,5,5,5,0,0,0,0,0,0,0,0,0,0,0,0,0,0,0,0,0,0,0,0,0,0,0,0,0,0,0,0,0,0,0,0,0,0,0,0,11.5137814288674
"68",2022-10-28,1,208,45.4295,-73.93891,1,4.888856554419,3.55711042565385,2.61629313557125,5.5735104828811,3.63609707816438,3.43307755718426,3.61782482193201,6.37771751123851,118.3,118.3,118.3,118.3,355,355,355,355,20,20,20,20,15,15,15,15,0,0,0,0,5,5,5,5,0,0,0,0,0,0,0,0,0,0,0,0,0,0,0,0,0,0,0,0,0,0,0,0,0,0,0,0,0,0,0,0,0,0,0,0,71.5717031098724
"69",2022-10-28,1,207,45.43058,-73.93991,1,3.36587959768087,4.65802466167051,5.59593515445929,8.62278750652593,4.19718687676641,4.50343398820095,6.37275519396276,9.03032318532348,118.3,118.3,118.3,118.3,355,355,355,355,20,20,20,20,15,15,15,15,0,0,0,0,5,5,5,5,0,0,0,0,0,0,0,0,0,0,0,0,0,0,0,0,0,0,0,0,0,0,0,0,0,0,0,0,0,0,0,0,0,0,0,0,134.551593597584
"70",2022-10-28,1,213,45.43114,-73.93852,1,9.73678181370507,5.38016147812553,3.33926813542337,4.65014757608078,7.56696850180062,6.66114934155879,6.07810618171434,7.15403099123737,118.3,118.3,118.3,118.3,355,355,355,355,20,20,20,20,15,15,15,15,0,0,0,0,5,5,5,5,0,0,0,0,0,0,0,0,0,0,0,0,0,0,0,0,0,0,0,0,0,0,0,0,0,0,0,0,0,0,0,0,0,0,0,0,119.624063814644
"71",2022-10-28,1,206,45.43321,-73.93961,1,3.49836468028585,4.51135972161175,7.27029176683075,9.60463667114702,4.39311842399681,5.78024282427485,8.92559359475873,10.5903400542035,118.3,118.3,118.3,118.3,355,355,355,355,20,20,20,20,15,15,15,15,0,0,0,0,5,5,5,5,0,0,0,0,0,0,0,0,0,0,0,0,0,0,0,0,0,0,0,0,0,0,0,0,0,0,0,0,0,0,0,0,0,0,0,0,362.527136665385
"72",2022-10-28,1,216,45.4345,-73.9407,1,17.3407335641066,15.0125541118669,13.4516119630667,13.4969267134483,6.12493669988734,9.45555895263268,10.7667555567448,11.2780408101309,118.3,118.3,118.3,118.3,355,355,355,355,20,20,20,20,15,15,15,15,0,0,0,0,5,5,5,5,0,0,0,0,0,0,0,0,0,0,0,0,0,0,0,0,0,0,0,0,0,0,0,0,0,0,0,0,0,0,0,0,0,0,0,0,438.461538025995
"73",2022-10-29,1,212,45.43096,-73.93872,1,7.01897028146295,5.14375668579738,3.55019881906513,4.85347965402236,7.31139307251002,6.2919663382993,6.02334911480276,7.27699784696938,118.3,118.3,118.3,118.3,355,355,355,355,20,20,20,20,15,15,15,15,0,0,0,0,5,5,5,5,0,0,0,0,0,0,0,0,0,0,0,0,0,0,0,0,0,0,0,0,0,0,0,0,0,0,0,0,0,0,0,0,0,0,0,0,103.032866291708
"74",2022-10-29,1,206,45.43268,-73.93939,1,6.53627587822226,8.25169832091574,6.66121321518791,8.99522932852881,6.30114068439979,9.78960423178414,7.73995845994235,10.2907593048819,118.3,118.3,118.3,118.3,355,355,355,355,20,20,20,20,15,15,15,15,0,0,0,0,5,5,5,5,0,0,0,0,0,0,0,0,0,0,0,0,0,0,0,0,0,0,0,0,0,0,0,0,0,0,0,0,0,0,0,0,0,0,0,0,301.181056348547
"75",2022-10-29,1,213,45.43264,-73.93938,1,7.03097275332167,8.45416370206388,6.80452820223454,8.9641871803221,6.43424953769344,9.68061506412242,7.82524964232282,10.2741524839654,118.3,118.3,118.3,118.3,355,355,355,355,20,20,20,20,15,15,15,15,0,0,0,0,5,5,5,5,0,0,0,0,0,0,0,0,0,0,0,0,0,0,0,0,0,0,0,0,0,0,0,0,0,0,0,0,0,0,0,0,0,0,0,0,296.691093352602
"76",2022-10-29,1,208,45.43095,-73.93896,1,4.36971954516803,4.84741902867446,4.13469749426914,5.73938793417392,5.893146282841,6.2323918730055,6.40842199406187,7.90853352019701,118.3,118.3,118.3,118.3,355,355,355,355,20,20,20,20,15,15,15,15,0,0,0,0,5,5,5,5,0,0,0,0,0,0,0,0,0,0,0,0,0,0,0,0,0,0,0,0,0,0,0,0,0,0,0,0,0,0,0,0,0,0,0,0,108.796439335178
"77",2022-10-29,1,210,45.43087,-73.93895,1,3.37272389017635,4.15162962351792,3.90463809882684,5.60004068716548,3.79836902864702,5.84684735586735,6.13237166369862,7.70629448520724,118.3,118.3,118.3,118.3,355,355,355,355,20,20,20,20,15,15,15,15,0,0,0,0,5,5,5,5,0,0,0,0,0,0,0,0,0,0,0,0,0,0,0,0,0,0,0,0,0,0,0,0,0,0,0,0,0,0,0,0,0,0,0,0,100.516350489175
"78",2022-10-29,1,217,45.4297,-73.93804,1,3.29092341637125,5.10089368798324,3.44987385527684,3.16069692074395,4.8317432450775,5.75493407034406,4.86130484057995,4.73039403357542,118.3,118.3,118.3,118.3,355,355,355,355,20,20,20,20,15,15,15,15,0,0,0,0,5,5,5,5,0,0,0,0,0,0,0,0,0,0,0,0,0,0,0,0,0,0,0,0,0,0,0,0,0,0,0,0,0,0,0,0,0,0,0,0,43.9377862547651
"79",2022-10-30,1,206,45.43232,-73.94023,1,15.019172639248,16.861326107654,16.2263043350637,13.5734879876874,4.87569177569096,6.88906400918535,8.60503697591402,10.8068561688089,118.3,118.3,118.3,118.3,355,355,355,355,20,20,20,20,15,15,15,15,0,0,0,0,5,5,5,5,0,0,0,0,0,0,0,0,0,0,0,0,0,0,0,0,0,0,0,0,0,0,0,0,0,0,0,0,0,0,0,0,0,0,0,0,286.11672713997
"80",2022-10-30,1,210,45.43093,-73.93834,1,3.76181855592808,3.78632257754951,2.76466904281512,3.8966870276044,3.05298265765999,5.73398903685089,5.29587955081762,6.28320250743917,118.3,118.3,118.3,118.3,355,355,355,355,20,20,20,20,15,15,15,15,0,0,0,0,5,5,5,5,0,0,0,0,0,0,0,0,0,0,0,0,0,0,0,0,0,0,0,0,0,0,0,0,0,0,0,0,0,0,0,0,0,0,0,0,95.5536385044229
"81",2022-10-30,1,213,45.43029,-73.93788,1,4.45477835936495,3.17178104102722,2.10886286565965,2.67986250534689,5.36180522391034,4.92865253743025,4.01756651583716,4.73996410674417,118.3,118.3,118.3,118.3,355,355,355,355,20,20,20,20,15,15,15,15,0,0,0,0,5,5,5,5,0,0,0,0,0,0,0,0,0,0,0,0,0,0,0,0,0,0,0,0,0,0,0,0,0,0,0,0,0,0,0,0,0,0,0,0,44.1515341877029
"82",2022-10-30,1,217,45.43027,-73.93785,1,4.6870590408278,3.29762114109384,2.11279000964214,2.64674390683068,5.5715967167158,5.02661581713616,4.04938251336319,4.70278575190038,118.3,118.3,118.3,118.3,355,355,355,355,20,20,20,20,15,15,15,15,0,0,0,0,5,5,5,5,0,0,0,0,0,0,0,0,0,0,0,0,0,0,0,0,0,0,0,0,0,0,0,0,0,0,0,0,0,0,0,0,0,0,0,0,44.9861724549422
"83",2022-10-30,1,207,45.43005,-73.93963,1,1.43520882710525,2.39862373832836,3.48174770841363,6.98018351907953,2.38081438560673,2.80116388027945,4.0156662794353,7.77760013872083,118.3,118.3,118.3,118.3,355,355,355,355,20,20,20,20,15,15,15,15,0,0,0,0,5,5,5,5,0,0,0,0,0,0,0,0,0,0,0,0,0,0,0,0,0,0,0,0,0,0,0,0,0,0,0,0,0,0,0,0,0,0,0,0,98.6263040810855
"84",2022-10-30,1,208,45.43018,-73.93961,1,2.04076212596119,2.3763741777931,3.41188223347404,7.07190714636987,2.72633570841692,2.91788866521432,3.77730846420324,7.93768390494948,118.3,118.3,118.3,118.3,355,355,355,355,20,20,20,20,15,15,15,15,0,0,0,0,5,5,5,5,0,0,0,0,0,0,0,0,0,0,0,0,0,0,0,0,0,0,0,0,0,0,0,0,0,0,0,0,0,0,0,0,0,0,0,0,98.6206576084183
"85",2022-10-30,1,216,45.43756,-73.93796,1,20.1989552599401,20.1432191277935,15.8984856891114,12.1807359892328,4.46204747912962,4.2878518708421,8.67854459127806,10.8393299739166,74.1,88.8333333333333,88.8333333333333,95.7666666666667,155,221.666666666667,221.666666666667,253.039215686275,15,16.6666666666667,16.6666666666667,17.4509803921569,0,5,5,7.35294117647059,0,0,0,0,5,5,5,5,0,0,0,0,0,25.5188818981815,21.762575605146,22.3156148619451,0,115.470053837925,98.4731927834662,100.97563285948,0,2.88675134594813,2.46182981958665,2.52439082148701,0,8.66025403784439,7.38548945875996,7.57317246446102,0,0,0,0,0,0,0,0,0,0,0,0,0,101.247127895353,327.250720618528,1105.08546352704,597.274034258415
"86",2022-10-30,1,209,45.43615,-73.93909,1,7.1259641603659,4.10370580672004,3.95306888293867,7.89145582821702,8.23750647842567,7.25471261057921,7.40927632825697,10.7286629931849,118.3,118.3,118.3,115.75,355,355,355,343.461538461538,20,20,20,19.7115384615385,15,15,15,14.1346153846154,0,0,0,0,5,5,5,5,0,0,0,0,0,0,0,10.4062481231229,0,0,0,47.0870955797419,0,0,0,1.17717738949355,0,0,0,3.53153216848064,0,0,0,0,0,0,0,0,0,0,0,0,0,0,216.027323419631,774.109001034152,599.141765715524
"87",2022-10-30,1,211,45.43646,-73.93318,1,9.77315635136488,10.8460422914525,12.3307246155136,9.61623359362132,8.56439294547322,9.46488155290634,9.66944167000102,9.33327210261089,118.3,118.3,118.3,400.209803921569,355,355,355,323.137254901961,20,20,20,17.7450980392157,15,15,15,12.6470588235294,0,0,0,0,5,5,5,4.50980392156863,0,0,0,0,0,0,0,872.476371085178,0,0,0,74.6120686237403,0,0,0,6.02608707953977,0,0,0,5.50935034069086,0,0,0,0,0,0,0,1.50163309792516,0,0,0,0,0,0,0,3259.37917925873,243.875747631003
"88",2022-10-30,1,215,45.43808,-73.93915,1,10.4403052767037,8.09836419488221,7.11266436865368,10.3348474505129,5.07103971894477,5.23747718307118,7.11303302949076,9.84027945609718,74.1,74.1,88.8333333333333,91.4333333333333,155,155,221.666666666667,233.43137254902,15,15,16.6666666666667,16.9607843137255,0,0,5,5.88235294117647,0,0,0,0,5,5,5,5,0,0,0,0,0,0,21.762575605146,21.7945558951465,0,0,98.4731927834662,98.6178999780386,0,0,2.46182981958665,2.46544749945097,0,0,7.38548945875996,7.3963424983529,0,0,0,0,0,0,0,0,0,0,0,0,0,0,262.278540254255,1022.61789624697,693.225153452299
"89",2022-10-31,1,213,45.43108,-73.93875,1,9.40686176628464,5.76497053061321,3.80682873240812,5.15753338333753,7.8166472921726,6.58849206183623,6.29601603576254,7.6311539828877,118.3,118.3,118.3,118.3,355,355,355,355,20,20,20,20,15,15,15,15,0,0,0,0,5,5,5,5,0,0,0,0,0,0,0,0,0,0,0,0,0,0,0,0,0,0,0,0,0,0,0,0,0,0,0,0,0,0,0,0,0,0,0,0,116.497430276432
"90",2022-10-31,1,210,45.43099,-73.93839,1,4.9117736116462,4.18673704936879,2.94422934445551,4.10145281465778,3.63926157602923,5.86432112852028,5.63028999689874,6.51700199958863,118.3,118.3,118.3,118.3,355,355,355,355,20,20,20,20,15,15,15,15,0,0,0,0,5,5,5,5,0,0,0,0,0,0,0,0,0,0,0,0,0,0,0,0,0,0,0,0,0,0,0,0,0,0,0,0,0,0,0,0,0,0,0,0,102.264631564921
"91",2022-10-31,1,217,45.42996,-73.93822,1,4.11541318309546,4.05523930465347,3.05748017835478,3.13860724447048,4.95264440785938,5.25020402042125,4.54165206286653,4.89006615445376,118.3,118.3,118.3,118.3,355,355,355,355,20,20,20,20,15,15,15,15,0,0,0,0,5,5,5,5,0,0,0,0,0,0,0,0,0,0,0,0,0,0,0,0,0,0,0,0,0,0,0,0,0,0,0,0,0,0,0,0,0,0,0,0,13.4958836506549
"92",2022-10-31,1,207,45.42997,-73.93826,1,3.3994035808318,3.87978725365331,3.05239855975234,3.22928704370331,4.46874067645996,5.16510407699984,4.50168069989002,4.99324163013,118.3,118.3,118.3,118.3,355,355,355,355,20,20,20,20,15,15,15,15,0,0,0,0,5,5,5,5,0,0,0,0,0,0,0,0,0,0,0,0,0,0,0,0,0,0,0,0,0,0,0,0,0,0,0,0,0,0,0,0,0,0,0,0,10.2426774739676
"93",2022-10-31,1,208,45.43021,-73.93816,1,5.0895629374961,3.27262056051376,2.55550650337276,2.9112271123357,5.39883946230544,4.90173449665178,4.09956644085683,4.8947358822943,118.3,118.3,118.3,118.3,355,355,355,355,20,20,20,20,15,15,15,15,0,0,0,0,5,5,5,5,0,0,0,0,0,0,0,0,0,0,0,0,0,0,0,0,0,0,0,0,0,0,0,0,0,0,0,0,0,0,0,0,0,0,0,0,21.514620785401
"94",2022-11-01,1,219,45.43064,-73.93814,1,1.40133741767263,1.61137966638121,2.38163619867856,3.24306323777251,2.2478974965303,2.69816476256422,4.56600462898631,5.54056705534494,118.3,118.3,118.3,118.3,355,355,355,355,20,20,20,20,15,15,15,15,0,0,0,0,5,5,5,5,0,0,0,0,0,0,0,0,0,0,0,0,0,0,0,0,0,0,0,0,0,0,0,0,0,0,0,0,0,0,0,0,0,0,0,0,65.4260514921789
"95",2022-11-01,1,213,45.43092,-73.93835,1,3.7736117245892,3.80460587956227,2.78566060555723,3.90458557620726,3.03249787745622,5.733650358399,5.29292900007751,6.29177532532461,118.3,118.3,118.3,118.3,355,355,355,355,20,20,20,20,15,15,15,15,0,0,0,0,5,5,5,5,0,0,0,0,0,0,0,0,0,0,0,0,0,0,0,0,0,0,0,0,0,0,0,0,0,0,0,0,0,0,0,0,0,0,0,0,94.4393843970095
"96",2022-11-01,1,212,45.43166,-73.93885,1,9.11830692650044,8.2008642112883,5.34352392528774,6.2923180817644,6.51567515203946,8.39075202313739,7.46875047604598,8.69121118155158,118.3,118.3,118.3,118.3,355,355,355,355,20,20,20,20,15,15,15,15,0,0,0,0,5,5,5,5,0,0,0,0,0,0,0,0,0,0,0,0,0,0,0,0,0,0,0,0,0,0,0,0,0,0,0,0,0,0,0,0,0,0,0,0,180.935657020776
"97",2022-11-01,1,210,45.4309,-73.93829,1,3.11121038177771,3.33305054771525,2.62481466014252,3.7503999295336,2.93648686358324,5.37584938832083,5.07794878768744,6.11743250377617,118.3,118.3,118.3,118.3,355,355,355,355,20,20,20,20,15,15,15,15,0,0,0,0,5,5,5,5,0,0,0,0,0,0,0,0,0,0,0,0,0,0,0,0,0,0,0,0,0,0,0,0,0,0,0,0,0,0,0,0,0,0,0,0,92.3366584677328
"98",2022-11-01,1,208,45.42987,-73.93958,1,2.23561278159092,2.55527549161999,3.51445087129156,6.73206023698822,2.97736797936438,3.02565876683997,4.38242079356701,7.37207380792559,118.3,118.3,118.3,118.3,355,355,355,355,20,20,20,20,15,15,15,15,0,0,0,0,5,5,5,5,0,0,0,0,0,0,0,0,0,0,0,0,0,0,0,0,0,0,0,0,0,0,0,0,0,0,0,0,0,0,0,0,0,0,0,0,96.1145158859456
"99",2022-11-01,1,207,45.43069,-73.93897,1,1.9771980483861,2.52269771074222,3.45837876837454,5.54317603334065,2.32342812896693,3.74715884813266,5.27790593078317,7.47852170445037,118.3,118.3,118.3,118.3,355,355,355,355,20,20,20,20,15,15,15,15,0,0,0,0,5,5,5,5,0,0,0,0,0,0,0,0,0,0,0,0,0,0,0,0,0,0,0,0,0,0,0,0,0,0,0,0,0,0,0,0,0,0,0,0,84.2475608173343
"100",2022-11-02,1,213,45.43662,-73.93905,1,7.2010962132713,8.24934327559843,6.31815498479295,9.20901618473782,8.82548006335721,9.07171917759735,8.93379302802791,10.8380338175234,118.3,118.3,118.3,109.8,355,355,355,316.538461538462,20,20,20,19.0384615384615,15,15,15,12.1153846153846,0,0,0,0,5,5,5,5,0,0,0,0,0,0,0,17.589769754036,0,0,0,79.5917183440543,0,0,0,1.98979295860136,0,0,0,5.96937887580407,0,0,0,0,0,0,0,0,0,0,0,0,79.0973048387938,192.170093803226,397.664145205959,901.153694014636,621.572938388474
"101",2022-11-02,1,209,45.43686,-73.93851,1,8.82027920228426,9.93507739319699,8.47534732323444,9.27457583956656,9.63196895464785,10.5739185440482,9.69992804621657,10.4027148492233,118.3,118.3,114.616666666667,107.25,355,355,338.333333333333,305,20,20,19.5833333333333,18.75,15,15,13.75,11.25,0,0,0,0,5,5,5,5,0,0,0,0,0,0,12.7594409490907,19.3258893715141,0,0,57.7350269189626,87.4474632195206,0,0,1.44337567297406,2.18618658048802,0,0,4.33012701892219,6.55855974146405,0,0,0,0,0,0,0,0,0,0,0,0,91.4953357683722,195.839121199404,488.573880500751,990.39133578909,642.154957960234
"102",2022-11-02,1,215,45.43691,-73.93853,1,11.9315025603597,11.2833033520523,8.83085322552388,9.44550609156247,9.80948024802124,10.5601175553647,9.74939674162135,10.4232512950571,118.3,118.3,111.5,105.55,355,355,324.230769230769,297.307692307692,20,20,19.2307692307692,18.5576923076923,15,15,12.6923076923077,10.6730769230769,0,0,0,0,5,5,5,5,0,0,0,0,0,0,16.5985943179937,20.2200395647486,0,0,75.1067616198811,91.4933916956952,0,0,1.87766904049703,2.28733479239238,0,0,5.63300712149108,6.86200437717713,0,0,0,0,0,0,0,0,0,0,0,0,98.4316550246222,199.189060811774,499.742106843014,999.220041744858,643.267448034191
"103",2022-11-02,1,210,45.43073,-73.93993,1,4.11916020905397,5.52649296612774,6.64359328926031,9.10966327762776,4.60624889752701,5.27296335480744,7.24318902730375,9.29983130389668,118.3,118.3,118.3,118.3,355,355,355,355,20,20,20,20,15,15,15,15,0,0,0,0,5,5,5,5,0,0,0,0,0,0,0,0,0,0,0,0,0,0,0,0,0,0,0,0,0,0,0,0,0,0,0,0,0,0,0,0,0,0,0,0,143.717966499314
"104",2022-11-02,1,208,45.43073,-73.93993,1,4.11916020905397,5.52649296612774,6.64359328926031,9.10966327762776,4.60624889752701,5.27296335480744,7.24318902730375,9.29983130389668,118.3,118.3,118.3,118.3,355,355,355,355,20,20,20,20,15,15,15,15,0,0,0,0,5,5,5,5,0,0,0,0,0,0,0,0,0,0,0,0,0,0,0,0,0,0,0,0,0,0,0,0,0,0,0,0,0,0,0,0,0,0,0,0,143.717966499314
"105",2022-11-02,1,217,45.4311,-73.94022,1,11.4479151345661,10.8967760772433,11.7780384349932,10.8057418639918,6.64231661197336,8.00960022485442,9.42627859504556,9.96665963968238,118.3,118.3,118.3,118.3,355,355,355,355,20,20,20,20,15,15,15,15,0,0,0,0,5,5,5,5,0,0,0,0,0,0,0,0,0,0,0,0,0,0,0,0,0,0,0,0,0,0,0,0,0,0,0,0,0,0,0,0,0,0,0,0,185.732525686906
"106",2022-11-02,1,207,45.4311,-73.94022,1,11.4479151345661,10.8967760772433,11.7780384349932,10.8057418639918,6.64231661197336,8.00960022485442,9.42627859504556,9.96665963968238,118.3,118.3,118.3,118.3,355,355,355,355,20,20,20,20,15,15,15,15,0,0,0,0,5,5,5,5,0,0,0,0,0,0,0,0,0,0,0,0,0,0,0,0,0,0,0,0,0,0,0,0,0,0,0,0,0,0,0,0,0,0,0,0,185.732525686906
"107",2022-11-02,1,219,45.43346,-73.93977,1,4.34036655581407,4.67445060619119,7.7639483741789,10.0045216873623,5.10466679447541,5.79891183494753,9.33271999864217,10.7016321706071,118.3,118.3,118.3,118.3,355,355,355,355,20,20,20,20,15,15,15,15,0,0,0,0,5,5,5,5,0,0,0,0,0,0,0,0,0,0,0,0,0,0,0,0,0,0,0,0,0,0,0,0,0,0,0,0,0,0,0,0,0,0,0,0,392.685784188009
"108",2022-11-02,1,206,45.43353,-73.93987,1,5.05032132401753,6.19115397553755,8.43247568786908,10.3634861479546,5.23900158059931,7.01868113008662,9.54750287386266,10.8023704170928,118.3,118.3,118.3,118.3,355,355,355,355,20,20,20,20,15,15,15,15,0,0,0,0,5,5,5,5,0,0,0,0,0,0,0,0,0,0,0,0,0,0,0,0,0,0,0,0,0,0,0,0,0,0,0,0,0,0,0,0,0,0,0,0,397.271737242638
"109",2022-11-02,1,212,45.43189,-73.93936,1,8.85970938357542,11.4764864974016,8.84621284837579,8.48816812591904,4.22803383238092,8.45925490645782,8.87934791399136,10.0307185996886,118.3,118.3,118.3,118.3,355,355,355,355,20,20,20,20,15,15,15,15,0,0,0,0,5,5,5,5,0,0,0,0,0,0,0,0,0,0,0,0,0,0,0,0,0,0,0,0,0,0,0,0,0,0,0,0,0,0,0,0,0,0,0,0,217.099520744989
"110",2022-11-02,1,214,45.43494,-73.93824,1,6.64399680489193,4.21370537533534,1.9973021855172,1.34814315639917,7.38765369405309,7.20304724932446,5.17786256171946,4.28397496231333,118.3,118.3,118.3,118.3,355,355,355,355,20,20,20,20,15,15,15,15,0,0,0,0,5,5,5,5,0,0,0,0,0,0,0,0,0,0,0,0,0,0,0,0,0,0,0,0,0,0,0,0,0,0,0,0,0,0,0,0,0,0,0,0,541.150731437692
"111",2022-11-04,1,217,45.43075,-73.93878,1,2.80476637903204,3.24204443332192,3.36339317793009,4.83515188389802,2.81518379510115,5.00092340787,5.38359455436351,7.03472665287849,118.3,118.3,118.3,118.3,355,355,355,355,20,20,20,20,15,15,15,15,0,0,0,0,5,5,5,5,0,0,0,0,0,0,0,0,0,0,0,0,0,0,0,0,0,0,0,0,0,0,0,0,0,0,0,0,0,0,0,0,0,0,0,0,82.7018395869066
"112",2022-11-04,1,210,45.43113,-73.93845,1,7.90507841569891,5.01301933217696,3.20259310328797,4.45765533178167,6.95869557732598,6.5300897945207,6.00636779979041,6.94836123168703,118.3,118.3,118.3,118.3,355,355,355,355,20,20,20,20,15,15,15,15,0,0,0,0,5,5,5,5,0,0,0,0,0,0,0,0,0,0,0,0,0,0,0,0,0,0,0,0,0,0,0,0,0,0,0,0,0,0,0,0,0,0,0,0,118.031000954919
"113",2022-11-04,1,222,45.43224,-73.93919,1,7.83520374239768,6.44749632217934,7.42765916805452,8.08243787187438,4.48777690986587,5.70121023931787,8.8706622391847,9.84266620138691,118.3,118.3,118.3,118.3,355,355,355,355,20,20,20,20,15,15,15,15,0,0,0,0,5,5,5,5,0,0,0,0,0,0,0,0,0,0,0,0,0,0,0,0,0,0,0,0,0,0,0,0,0,0,0,0,0,0,0,0,0,0,0,0,249.892802499837
"114",2022-11-04,1,206,45.43272,-73.93943,1,6.96614031005046,8.48151797622033,6.82419149161331,9.17325457405665,6.41319235067398,9.96150394766364,7.81942709490735,10.3653215828165,118.3,118.3,118.3,118.3,355,355,355,355,20,20,20,20,15,15,15,15,0,0,0,0,5,5,5,5,0,0,0,0,0,0,0,0,0,0,0,0,0,0,0,0,0,0,0,0,0,0,0,0,0,0,0,0,0,0,0,0,0,0,0,0,306.31066591954
"115",2022-11-04,1,207,45.43084,-73.93896,1,2.9562726900979,3.83565312137957,3.8742701271649,5.61410809419453,3.16128378924089,5.58235275574937,6.05746945269933,7.67807609246485,118.3,118.3,118.3,118.3,355,355,355,355,20,20,20,20,15,15,15,15,0,0,0,0,5,5,5,5,0,0,0,0,0,0,0,0,0,0,0,0,0,0,0,0,0,0,0,0,0,0,0,0,0,0,0,0,0,0,0,0,0,0,0,0,97.9600380805223
"116",2022-11-04,1,212,45.43073,-73.94035,1,10.0984256703576,9.29257235798953,9.07035693931174,9.78918137114513,5.0676704142618,6.61528131300379,8.11025597308079,9.55754003395341,118.3,118.3,118.3,118.3,355,355,355,355,20,20,20,20,15,15,15,15,0,0,0,0,5,5,5,5,0,0,0,0,0,0,0,0,0,0,0,0,0,0,0,0,0,0,0,0,0,0,0,0,0,0,0,0,0,0,0,0,0,0,0,0,172.790898771798
"117",2022-11-04,1,213,45.43153,-73.94045,1,16.0026727004352,17.3019827839799,16.4884532811879,12.4430262414521,5.99229321217952,7.91768755728021,9.35477523763005,10.2159951768099,118.3,118.3,118.3,118.3,355,355,355,355,20,20,20,20,15,15,15,15,0,0,0,0,5,5,5,5,0,0,0,0,0,0,0,0,0,0,0,0,0,0,0,0,0,0,0,0,0,0,0,0,0,0,0,0,0,0,0,0,0,0,0,0,227.160253967829
"118",2022-11-04,1,208,45.42952,-73.93956,1,3.61306517575765,2.85936302330842,4.42015079569711,6.86847005807788,2.93408825277751,3.26101334885951,5.4726531257629,7.12006807232506,118.3,118.3,118.3,118.3,355,355,355,355,20,20,20,20,15,15,15,15,0,0,0,0,5,5,5,5,0,0,0,0,0,0,0,0,0,0,0,0,0,0,0,0,0,0,0,0,0,0,0,0,0,0,0,0,0,0,0,0,0,0,0,0,108.40956978809
"119",2022-11-04,1,220,45.43714,-73.93896,1,14.4636867536755,11.6258016671767,9.38243965333598,10.2337821008853,8.54229929270146,9.46907643475075,9.33266097833871,10.5590315609737,118.3,118.3,108.1,105.55,355,355,308.846153846154,297.307692307692,20,20,18.8461538461538,18.5576923076923,15,15,11.5384615384615,10.6730769230769,0,0,0,0,5,5,5,5,0,0,0,0,0,0,19.3829822266853,20.2200395647486,0,0,87.7058019307029,91.4933916956952,0,0,2.19264504826757,2.28733479239238,0,0,6.57793514480272,6.86200437717713,0,0,0,0,0,0,0,0,0,0,0,0,0,224.228258358489,532.725392032884,1091.52256702302,653.545488297654
"120",2022-11-04,1,211,45.43892,-73.94099,1,3.98946073751366,2.81178204080963,2.87466734425389,4.53112304303107,6.41084107847881,5.11979651797315,5.11328936394071,7.00797972498262,74.1,74.1,80.4142857142857,81.4666666666667,155,155,183.571428571429,188.333333333333,15,15,15.7142857142857,15.8333333333333,0,0,2.14285714285714,2.5,0,0,0,0,5,5,5,5,0,0,0,0,0,0,16.0506341663766,16.6270409443785,0,0,72.6273039202563,75.2354793863279,0,0,1.81568259800641,1.8808869846582,0,0,5.44704779401922,5.64266095397459,0,0,0,0,0,0,0,0,0,0,0,0,0,0,150.63144677685,617.166618548942,619.619516522307
"121",2022-11-04,1,219,45.4358,-73.93875,1,6.42491831292913,3.59391209185315,2.17017761451273,5.49034837633636,8.36987856243952,6.57546441213309,5.55781096391738,9.39610384592415,118.3,118.3,118.3,117.433333333333,355,355,355,351.078431372549,20,20,20,19.9019607843137,15,15,15,14.7058823529412,0,0,0,0,5,5,5,5,0,0,0,0,0,0,0,6.18923797140381,0,0,0,28.0056016805602,0,0,0,0.700140042014006,0,0,0,2.10042012604201,0,0,0,0,0,0,0,0,0,0,0,0,0,0,0,690.355420471809,612.752145556295
"122",2022-11-04,1,215,45.43638,-73.93843,1,0.795865171353635,0.459842129712803,4.74545129141269,7.3749067365175,2.40560691513873,2.08620874091892,8.1877119979516,10.0720839541148,118.3,118.3,118.3,113.1,355,355,355,331.470588235294,20,20,20,19.4117647058824,15,15,15,13.2352941176471,0,0,0,0,5,5,5,5,0,0,0,0,0,0,0,14.3824893533769,0,0,0,65.0791373455968,0,0,0,1.62697843363992,0,0,0,4.88093530091977,0,0,0,0,0,0,0,0,0,0,0,0,0,0,310.332838998805,882.084758226918,642.688653572083
"123",2022-11-04,1,209,45.43709,-73.93826,1,17.5624436089075,14.2726722172817,10.8758964539196,9.94165714536182,8.90511807811029,10.3407214943749,10.1214269077473,10.4390562363711,118.3,107.25,104.7,103.85,355,305,293.461538461538,289.615384615385,20,18.75,18.4615384615385,18.3653846153846,15,11.25,10.3846153846154,10.0961538461539,0,0,0,0,5,5,5,5,0,0,0,0,0,22.1,21.2329931945546,20.9360136288327,0,100,96.0768922830523,94.7330933431342,0,2.5,2.40192230707631,2.36832733357835,0,7.5,7.20576692122892,7.10498200073506,0,0,0,0,0,0,0,0,0,0,0,0,98.4879305059052,199.226405323584,498.415109626166,1042.95209510316,620.958968439589
"124",2022-11-07,1,214,45.43201,-73.93615,1,1.78148245362077,2.43823141841631,1.46325413691657,0.724849901109334,3.63965967195152,4.49209203594274,3.74492261732355,2.66043389007479,118.3,118.3,118.3,118.3,355,355,355,355,20,20,20,20,15,15,15,15,0,0,0,0,5,5,5,5,0,0,0,0,0,0,0,0,0,0,0,0,0,0,0,0,0,0,0,0,0,0,0,0,0,0,0,0,0,0,0,0,0,0,0,0,275.823826352992
"125",2022-11-07,1,216,45.43719,-73.93902,1,11.3039508011579,10.6884232186258,9.54527720630901,10.3353332923854,9.16517102271535,9.52140370085895,9.25535066907984,10.5522387360974,118.3,118.3,108.828571428571,104.769387755102,355,355,312.142857142857,293.775510204082,20,20,18.9285714285714,18.469387755102,15,15,11.7857142857143,10.4081632653061,0,0,0,0,5,5,5,5,0,0,0,0,0,0,18.8210368622833,20.5820533078541,0,0,85.163062725264,93.1314629314663,0,0,2.1290765681316,2.32828657328666,0,0,6.3872297043948,6.98485971985999,0,0,0,0,0,0,0,0,0,0,0,0,0,211.079210746638,539.543997715807,1099.49615973916,652.114795273746
"126",2022-11-07,1,219,45.43719,-73.93902,1,11.3039508011579,10.6884232186258,9.54527720630901,10.3353332923854,9.16517102271535,9.52140370085895,9.25535066907984,10.5522387360974,118.3,118.3,108.828571428571,104.769387755102,355,355,312.142857142857,293.775510204082,20,20,18.9285714285714,18.469387755102,15,15,11.7857142857143,10.4081632653061,0,0,0,0,5,5,5,5,0,0,0,0,0,0,18.8210368622833,20.5820533078541,0,0,85.163062725264,93.1314629314663,0,0,2.1290765681316,2.32828657328666,0,0,6.3872297043948,6.98485971985999,0,0,0,0,0,0,0,0,0,0,0,0,0,211.079210746638,539.543997715807,1099.49615973916,652.114795273746
"127",2022-11-07,1,210,45.43085,-73.93879,1,3.63373264349702,4.20399325774099,3.53474364189089,4.95726340000104,3.94849974491962,5.68456344300443,5.8485494546011,7.22994871509866,118.3,118.3,118.3,118.3,355,355,355,355,20,20,20,20,15,15,15,15,0,0,0,0,5,5,5,5,0,0,0,0,0,0,0,0,0,0,0,0,0,0,0,0,0,0,0,0,0,0,0,0,0,0,0,0,0,0,0,0,0,0,0,0,93.2475791270694
"128",2022-11-07,1,217,45.4309,-73.939,1,3.2835029322358,4.33935157388152,4.14771679549189,5.84767107025381,3.99573139808087,6.03763603588328,6.33323137652836,7.92301102019775,118.3,118.3,118.3,118.3,355,355,355,355,20,20,20,20,15,15,15,15,0,0,0,0,5,5,5,5,0,0,0,0,0,0,0,0,0,0,0,0,0,0,0,0,0,0,0,0,0,0,0,0,0,0,0,0,0,0,0,0,0,0,0,0,105.307480760573
"129",2022-11-07,1,213,45.4309,-73.939,1,3.2835029322358,4.33935157388152,4.14771679549189,5.84767107025381,3.99573139808087,6.03763603588328,6.33323137652836,7.92301102019775,118.3,118.3,118.3,118.3,355,355,355,355,20,20,20,20,15,15,15,15,0,0,0,0,5,5,5,5,0,0,0,0,0,0,0,0,0,0,0,0,0,0,0,0,0,0,0,0,0,0,0,0,0,0,0,0,0,0,0,0,0,0,0,0,105.307480760573
"130",2022-11-07,1,207,45.43081,-73.93945,1,2.46327891488394,2.87310366081178,6.00119435161606,7.87567996737625,2.74906742150307,3.50716797203502,7.17231819511588,8.98223573904998,118.3,118.3,118.3,118.3,355,355,355,355,20,20,20,20,15,15,15,15,0,0,0,0,5,5,5,5,0,0,0,0,0,0,0,0,0,0,0,0,0,0,0,0,0,0,0,0,0,0,0,0,0,0,0,0,0,0,0,0,0,0,0,0,119.015990397212
"131",2022-11-07,1,220,45.43095,-73.93834,1,3.92045864295764,3.85511894376655,2.77961649482294,3.92541100800319,3.15433107587286,5.78324170367437,5.3596096341067,6.31698966582508,118.3,118.3,118.3,118.3,355,355,355,355,20,20,20,20,15,15,15,15,0,0,0,0,5,5,5,5,0,0,0,0,0,0,0,0,0,0,0,0,0,0,0,0,0,0,0,0,0,0,0,0,0,0,0,0,0,0,0,0,0,0,0,0,97.7756690598172
"132",2022-11-07,1,208,45.42946,-73.93964,1,2.31775353452977,2.85564444547153,5.00069771645733,7.06757540826997,2.5320577429174,3.17910824801422,5.82022537551205,7.21361057911003,118.3,118.3,118.3,118.3,355,355,355,355,20,20,20,20,15,15,15,15,0,0,0,0,5,5,5,5,0,0,0,0,0,0,0,0,0,0,0,0,0,0,0,0,0,0,0,0,0,0,0,0,0,0,0,0,0,0,0,0,0,0,0,0,117.226975878889
"133",2022-11-07,1,222,45.43142,-73.93934,1,9.80765255502665,8.80756442958132,7.5918884566359,7.94977857209359,11.5810970938077,9.63470360355792,7.94085475538237,9.59560184923527,118.3,118.3,118.3,118.3,355,355,355,355,20,20,20,20,15,15,15,15,0,0,0,0,5,5,5,5,0,0,0,0,0,0,0,0,0,0,0,0,0,0,0,0,0,0,0,0,0,0,0,0,0,0,0,0,0,0,0,0,0,0,0,0,168.806408738401
"134",2022-11-07,1,206,45.43207,-73.93905,1,7.37479632116648,5.90831262133597,6.73332192145363,7.31584590552942,4.52739129100218,5.47004408804582,8.59190383010886,9.439008592962,118.3,118.3,118.3,118.3,355,355,355,355,20,20,20,20,15,15,15,15,0,0,0,0,5,5,5,5,0,0,0,0,0,0,0,0,0,0,0,0,0,0,0,0,0,0,0,0,0,0,0,0,0,0,0,0,0,0,0,0,0,0,0,0,228.858245917668
"135",2022-11-08,1,224,45.42936,-73.93919,1,4.52085066886193,3.02795845178356,3.06275399698955,6.30588143753192,3.44010401551422,3.3576975771349,4.08178571330151,6.63779694710115,118.3,118.3,118.3,118.3,355,355,355,355,20,20,20,20,15,15,15,15,0,0,0,0,5,5,5,5,0,0,0,0,0,0,0,0,0,0,0,0,0,0,0,0,0,0,0,0,0,0,0,0,0,0,0,0,0,0,0,0,0,0,0,0,97.4284680104396
"136",2022-11-08,1,220,45.42962,-73.93922,1,5.8309753601105,3.60798135227999,2.70222013733867,6.05063779732681,3.4622602505441,3.19354285814502,3.42493565639623,6.61422371777929,118.3,118.3,118.3,118.3,355,355,355,355,20,20,20,20,15,15,15,15,0,0,0,0,5,5,5,5,0,0,0,0,0,0,0,0,0,0,0,0,0,0,0,0,0,0,0,0,0,0,0,0,0,0,0,0,0,0,0,0,0,0,0,0,79.979975055971
"137",2022-11-08,1,207,45.42901,-73.93857,1,3.27619467710837,2.36505668580787,3.72284706879214,5.97733394956799,4.4119844399999,3.82989197833115,4.2540369586438,6.55975948004969,118.3,118.3,118.3,118.3,355,355,355,355,20,20,20,20,15,15,15,15,0,0,0,0,5,5,5,5,0,0,0,0,0,0,0,0,0,0,0,0,0,0,0,0,0,0,0,0,0,0,0,0,0,0,0,0,0,0,0,0,0,0,0,0,113.301701851275
"138",2022-11-08,1,208,45.43014,-73.93958,1,1.816147845132,2.26991716607981,3.27753024350387,6.96714481578481,2.61207509894033,2.78051932603739,3.66357789454099,7.83860449616868,118.3,118.3,118.3,118.3,355,355,355,355,20,20,20,20,15,15,15,15,0,0,0,0,5,5,5,5,0,0,0,0,0,0,0,0,0,0,0,0,0,0,0,0,0,0,0,0,0,0,0,0,0,0,0,0,0,0,0,0,0,0,0,0,95.5927204244634
"139",2022-11-08,1,219,45.43084,-73.93887,1,3.26804553772595,3.95841445272446,3.64986627594276,5.25645898355831,3.44304977244772,5.59573212453293,5.90295637831013,7.43278337770919,118.3,118.3,118.3,118.3,355,355,355,355,20,20,20,20,15,15,15,15,0,0,0,0,5,5,5,5,0,0,0,0,0,0,0,0,0,0,0,0,0,0,0,0,0,0,0,0,0,0,0,0,0,0,0,0,0,0,0,0,0,0,0,0,94.7300327210506
"140",2022-11-08,1,210,45.4314,-73.93875,1,10.7040403953339,7.89215740312626,4.55528901947597,5.68012575915061,6.35342195898108,8.61536529938496,7.10477520036154,8.18946083314908,118.3,118.3,118.3,118.3,355,355,355,355,20,20,20,20,15,15,15,15,0,0,0,0,5,5,5,5,0,0,0,0,0,0,0,0,0,0,0,0,0,0,0,0,0,0,0,0,0,0,0,0,0,0,0,0,0,0,0,0,0,0,0,0,151.046683153225
"141",2022-11-08,1,217,45.43119,-73.93872,1,11.6200809875922,6.36904909022966,4.00132882922813,5.26870025997347,7.56714799796658,7.20480581880501,6.55787555833761,7.77935857903748,118.3,118.3,118.3,118.3,355,355,355,355,20,20,20,20,15,15,15,15,0,0,0,0,5,5,5,5,0,0,0,0,0,0,0,0,0,0,0,0,0,0,0,0,0,0,0,0,0,0,0,0,0,0,0,0,0,0,0,0,0,0,0,0,127.759791418307
"142",2022-11-08,1,213,45.43114,-73.93911,1,4.49752804688808,6.70067437903273,5.65171278918792,6.65734837865268,7.47188384550256,7.90243087428905,7.48612668348735,8.73620209249837,118.3,118.3,118.3,118.3,355,355,355,355,20,20,20,20,15,15,15,15,0,0,0,0,5,5,5,5,0,0,0,0,0,0,0,0,0,0,0,0,0,0,0,0,0,0,0,0,0,0,0,0,0,0,0,0,0,0,0,0,0,0,0,0,132.920526543511
"143",2022-11-08,1,206,45.43142,-73.93887,1,11.9982861394467,8.65287536031527,5.07919605118671,6.04111261339547,7.33989946339355,8.85939010921264,7.32741523458622,8.49926969919074,118.3,118.3,118.3,118.3,355,355,355,355,20,20,20,20,15,15,15,15,0,0,0,0,5,5,5,5,0,0,0,0,0,0,0,0,0,0,0,0,0,0,0,0,0,0,0,0,0,0,0,0,0,0,0,0,0,0,0,0,0,0,0,0,155.410370520235
"144",2022-11-09,1,208,45.43006,-73.9388,1,1.03425582784639,1.84766354620357,2.95195803124504,4.85226409593015,1.63614961246782,2.51161762608969,3.82306169791403,6.43250606744855,118.3,118.3,118.3,118.3,355,355,355,355,20,20,20,20,15,15,15,15,0,0,0,0,5,5,5,5,0,0,0,0,0,0,0,0,0,0,0,0,0,0,0,0,0,0,0,0,0,0,0,0,0,0,0,0,0,0,0,0,0,0,0,0,33.9312583033098
"145",2022-11-09,1,207,45.42941,-73.93893,1,3.73960252859976,3.72748241349312,2.59781901078105,5.73402963570454,3.72923283634015,3.57480548557565,3.3859404878975,6.4184348136548,118.3,118.3,118.3,118.3,355,355,355,355,20,20,20,20,15,15,15,15,0,0,0,0,5,5,5,5,0,0,0,0,0,0,0,0,0,0,0,0,0,0,0,0,0,0,0,0,0,0,0,0,0,0,0,0,0,0,0,0,0,0,0,0,80.7005113211309
"146",2022-11-09,1,224,45.42944,-73.93893,1,4.21355451675426,3.66200604540343,2.59451509356932,5.68129986590915,3.76860487854475,3.4995983534043,3.4367160780965,6.40370354793522,118.3,118.3,118.3,118.3,355,355,355,355,20,20,20,20,15,15,15,15,0,0,0,0,5,5,5,5,0,0,0,0,0,0,0,0,0,0,0,0,0,0,0,0,0,0,0,0,0,0,0,0,0,0,0,0,0,0,0,0,0,0,0,0,77.9222572727789
"147",2022-11-09,1,217,45.42944,-73.93896,1,4.43456431159056,3.65569164349014,2.5416192828095,5.7415369698202,3.85849583474812,3.45559614144426,3.35957913110657,6.43054149019671,118.3,118.3,118.3,118.3,355,355,355,355,20,20,20,20,15,15,15,15,0,0,0,0,5,5,5,5,0,0,0,0,0,0,0,0,0,0,0,0,0,0,0,0,0,0,0,0,0,0,0,0,0,0,0,0,0,0,0,0,0,0,0,0,79.2654958814056
"148",2022-11-09,1,219,45.43072,-73.93916,1,1.96401419034735,2.60236026003309,4.08333122286643,6.47208606242175,2.07791826673948,3.41699097090969,5.82669226939249,8.15665443604896,118.3,118.3,118.3,118.3,355,355,355,355,20,20,20,20,15,15,15,15,0,0,0,0,5,5,5,5,0,0,0,0,0,0,0,0,0,0,0,0,0,0,0,0,0,0,0,0,0,0,0,0,0,0,0,0,0,0,0,0,0,0,0,0,96.076741566034
"149",2022-11-09,1,220,45.43055,-73.93804,1,1.17076923333439,1.77758145526566,2.30755120275944,3.0567329879186,2.02217113112287,3.2977306103855,4.46386468322763,5.32368881745128,118.3,118.3,118.3,118.3,355,355,355,355,20,20,20,20,15,15,15,15,0,0,0,0,5,5,5,5,0,0,0,0,0,0,0,0,0,0,0,0,0,0,0,0,0,0,0,0,0,0,0,0,0,0,0,0,0,0,0,0,0,0,0,0,58.5855065128143
"150",2022-11-09,1,210,45.43105,-73.93873,1,9.07796315894353,5.56990312637956,3.6931562684773,5.0450672406542,7.70647519128631,6.44836375243595,6.19670291042288,7.514791987015,118.3,118.3,118.3,118.3,355,355,355,355,20,20,20,20,15,15,15,15,0,0,0,0,5,5,5,5,0,0,0,0,0,0,0,0,0,0,0,0,0,0,0,0,0,0,0,0,0,0,0,0,0,0,0,0,0,0,0,0,0,0,0,0,112.868171809379
"151",2022-11-09,1,213,45.43086,-73.9391,1,2.61068319605662,3.79907437038619,4.43599588712959,6.2681301268222,3.04164924063992,5.6557179430575,6.42438959998163,8.16492173959875,118.3,118.3,118.3,118.3,355,355,355,355,20,20,20,20,15,15,15,15,0,0,0,0,5,5,5,5,0,0,0,0,0,0,0,0,0,0,0,0,0,0,0,0,0,0,0,0,0,0,0,0,0,0,0,0,0,0,0,0,0,0,0,0,105.577144547185
"152",2022-11-09,1,212,45.43112,-73.93838,1,5.9373393024752,4.51724715605619,3.04153788489024,4.26201135764972,5.587665741437,6.2196356529311,5.87340333176444,6.73810613846075,118.3,118.3,118.3,118.3,355,355,355,355,20,20,20,20,15,15,15,15,0,0,0,0,5,5,5,5,0,0,0,0,0,0,0,0,0,0,0,0,0,0,0,0,0,0,0,0,0,0,0,0,0,0,0,0,0,0,0,0,0,0,0,0,116.684021705195
"153",2022-11-09,1,206,45.43285,-73.93948,1,5.4929355578564,7.71475903699377,6.88319201816701,9.30951613568548,5.70126554122349,9.5708142553842,8.03961714758023,10.4386245250491,118.3,118.3,118.3,118.3,355,355,355,355,20,20,20,20,15,15,15,15,0,0,0,0,5,5,5,5,0,0,0,0,0,0,0,0,0,0,0,0,0,0,0,0,0,0,0,0,0,0,0,0,0,0,0,0,0,0,0,0,0,0,0,0,321.27295565392
"154",2022-11-09,1,209,45.43651,-73.93349,1,7.71760945023628,6.86114972876066,10.0834024292962,10.0070666325924,7.84553061699427,8.59137791024473,9.92054312307171,9.79273783093472,118.3,118.3,118.3,169.857692307692,355,355,355,331.826923076923,20,20,20,19.1346153846154,15,15,15,13.2692307692308,0,0,0,0,5,5,5,4.90384615384615,0,0,0,0,0,0,0,403.250178437972,0,0,0,64.792495678352,0,0,0,3.08715775211202,0,0,0,4.83903808548355,0,0,0,0,0,0,0,0.693375245281537,0,0,0,0,0,0,0,2631.75685003863,264.20990911637
"155",2022-11-09,1,215,45.43651,-73.93349,1,7.71760945023628,6.86114972876066,10.0834024292962,10.0070666325924,7.84553061699427,8.59137791024473,9.92054312307171,9.79273783093472,118.3,118.3,118.3,169.857692307692,355,355,355,331.826923076923,20,20,20,19.1346153846154,15,15,15,13.2692307692308,0,0,0,0,5,5,5,4.90384615384615,0,0,0,0,0,0,0,403.250178437972,0,0,0,64.792495678352,0,0,0,3.08715775211202,0,0,0,4.83903808548355,0,0,0,0,0,0,0,0.693375245281537,0,0,0,0,0,0,0,2631.75685003863,264.20990911637
"156",2022-11-09,1,214,45.43435,-73.93789,1,6.61520615731704,3.50461610567032,1.64818952002528,1.1088766695225,7.20305304460821,6.21724830272289,4.49509158645068,3.75867111354068,118.3,118.3,118.3,118.3,355,355,355,355,20,20,20,20,15,15,15,15,0,0,0,0,5,5,5,5,0,0,0,0,0,0,0,0,0,0,0,0,0,0,0,0,0,0,0,0,0,0,0,0,0,0,0,0,0,0,0,0,0,0,0,0,476.889806493398
"157",2022-11-09,1,221,45.44181,-73.93541,1,18.5187356153638,15.280114403768,12.0301153096099,10.0344959433743,2.3229370159407,6.85169471418525,8.67580207897227,10.2047715356877,74.1,74.1,74.1,74.1,155,155,155,155,15,15,15,15,0,0,0,0,0,0,0,0,5,5,5,5,0,0,0,0,0,0,0,0,0,0,0,0,0,0,0,0,0,0,0,0,0,0,0,0,0,0,0,0,0,0,0,0,0,0,0,0,620.662350785684
"158",2022-11-09,1,211,45.43864,-73.94041,1,8.59882821516898,5.56050208415317,3.24352884839107,6.35623605701624,7.69805414338496,6.43485555768882,4.99774097397018,8.14051194128462,74.1,74.1,83.5714285714286,85.3666666666667,155,155,197.857142857143,205.980392156863,15,15,16.0714285714286,16.2745098039216,0,0,3.21428571428571,3.8235294117647,0,0,0,0,5,5,5,5,0,0,0,0,0,0,18.8210368622833,19.4543020092386,0,0,85.163062725264,88.0285158789079,0,0,2.1290765681316,2.2007128969727,0,0,6.3872297043948,6.60213869091809,0,0,0,0,0,0,0,0,0,0,0,0,0,50.5549134505185,279.077199838733,688.966067731558,637.83355928607
"159",2022-11-10,1,206,45.43096,-73.93881,1,6.68133078637875,5.20223183482504,3.70808721081318,5.16676072933635,7.41120421853842,6.30280519512639,6.11840642279575,7.51847564480708,118.3,118.3,118.3,118.3,355,355,355,355,20,20,20,20,15,15,15,15,0,0,0,0,5,5,5,5,0,0,0,0,0,0,0,0,0,0,0,0,0,0,0,0,0,0,0,0,0,0,0,0,0,0,0,0,0,0,0,0,0,0,0,0,105.227963057068
"160",2022-11-10,1,207,45.43107,-73.93913,1,3.15148891738822,5.70302327506354,5.49660849163618,6.64450772491464,5.42801261098344,7.20877943777894,7.39385241236872,8.65353537542683,118.3,118.3,118.3,118.3,355,355,355,355,20,20,20,20,15,15,15,15,0,0,0,0,5,5,5,5,0,0,0,0,0,0,0,0,0,0,0,0,0,0,0,0,0,0,0,0,0,0,0,0,0,0,0,0,0,0,0,0,0,0,0,0,126.758291660385
"161",2022-11-10,1,213,45.431,-73.93877,1,7.85767920690631,5.39488844455712,3.68690037314721,5.08488152045642,7.90826055055569,6.35681311064343,6.14882808147246,7.50719880564816,118.3,118.3,118.3,118.3,355,355,355,355,20,20,20,20,15,15,15,15,0,0,0,0,5,5,5,5,0,0,0,0,0,0,0,0,0,0,0,0,0,0,0,0,0,0,0,0,0,0,0,0,0,0,0,0,0,0,0,0,0,0,0,0,108.425891417576
"162",2022-11-10,1,217,45.43116,-73.93909,1,5.15431980982283,7.06222640826066,5.62201590391196,6.5989930080008,7.9488197501467,8.05711750566666,7.47540054344541,8.72316027555476,118.3,118.3,118.3,118.3,355,355,355,355,20,20,20,20,15,15,15,15,0,0,0,0,5,5,5,5,0,0,0,0,0,0,0,0,0,0,0,0,0,0,0,0,0,0,0,0,0,0,0,0,0,0,0,0,0,0,0,0,0,0,0,0,134.229454750342
"163",2022-11-10,1,224,45.43108,-73.93904,1,5.37001000324272,6.17793872233511,5.08266592755839,6.25952894669908,8.09263953815044,7.21725487312725,7.21930149417927,8.42910959248875,118.3,118.3,118.3,118.3,355,355,355,355,20,20,20,20,15,15,15,15,0,0,0,0,5,5,5,5,0,0,0,0,0,0,0,0,0,0,0,0,0,0,0,0,0,0,0,0,0,0,0,0,0,0,0,0,0,0,0,0,0,0,0,0,124.523616936844
"164",2022-11-10,1,225,45.43116,-73.93893,1,9.47449523350273,7.18735420632515,4.78865472284193,5.91543281571732,9.50191060001858,7.68976357258463,7.10082178349656,8.26519854506739,118.3,118.3,118.3,118.3,355,355,355,355,20,20,20,20,15,15,15,15,0,0,0,0,5,5,5,5,0,0,0,0,0,0,0,0,0,0,0,0,0,0,0,0,0,0,0,0,0,0,0,0,0,0,0,0,0,0,0,0,0,0,0,0,129.325322994756
"165",2022-11-10,1,216,45.43213,-73.94025,1,14.0390457896518,16.5322184118606,16.7283358461795,13.3909053168479,5.08012410244718,7.38323233308796,8.51536785117005,10.6306875020605,118.3,118.3,118.3,118.3,355,355,355,355,20,20,20,20,15,15,15,15,0,0,0,0,5,5,5,5,0,0,0,0,0,0,0,0,0,0,0,0,0,0,0,0,0,0,0,0,0,0,0,0,0,0,0,0,0,0,0,0,0,0,0,0,272.545367957396
"166",2022-11-10,1,219,45.42997,-73.93851,1,1.1180406895606,2.57503435014919,3.05096831261178,3.94133585395556,1.68626287860264,3.9048219137367,4.27186451804722,5.63061996512285,118.3,118.3,118.3,118.3,355,355,355,355,20,20,20,20,15,15,15,15,0,0,0,0,5,5,5,5,0,0,0,0,0,0,0,0,0,0,0,0,0,0,0,0,0,0,0,0,0,0,0,0,0,0,0,0,0,0,0,0,0,0,0,0,12.2805602792059
"167",2022-11-10,1,208,45.43003,-73.93882,1,1.15335032547823,1.96815015864488,2.93877428866491,4.92705483138878,1.77160283703773,2.59233583307617,3.8310443509107,6.43273444088776,118.3,118.3,118.3,118.3,355,355,355,355,20,20,20,20,15,15,15,15,0,0,0,0,5,5,5,5,0,0,0,0,0,0,0,0,0,0,0,0,0,0,0,0,0,0,0,0,0,0,0,0,0,0,0,0,0,0,0,0,0,0,0,0,35.2210957671707
"168",2022-11-10,1,220,45.43027,-73.93853,1,0.754285757882251,1.91567272258767,2.89455753216977,3.95800355484556,1.46490889556548,3.40735453879642,4.21101176468332,5.99970955609464,118.3,118.3,118.3,118.3,355,355,355,355,20,20,20,20,15,15,15,15,0,0,0,0,5,5,5,5,0,0,0,0,0,0,0,0,0,0,0,0,0,0,0,0,0,0,0,0,0,0,0,0,0,0,0,0,0,0,0,0,0,0,0,0,26.3070286282491
"169",2022-11-10,1,214,45.43259,-73.93676,1,7.44324323261829,3.40331838256333,1.39877334577233,0.913390245125989,6.60279931152154,5.68104223179604,3.88604640930087,3.01056074638196,118.3,118.3,118.3,118.3,355,355,355,355,20,20,20,20,15,15,15,15,0,0,0,0,5,5,5,5,0,0,0,0,0,0,0,0,0,0,0,0,0,0,0,0,0,0,0,0,0,0,0,0,0,0,0,0,0,0,0,0,0,0,0,0,306.370356541049
"170",2022-11-13,1,216,45.43256,-73.93953,1,13.2641910213287,10.9229937233568,8.47544504231488,9.75306583296552,7.76873862983775,9.38441455830685,8.53460163856,10.570795783934,118.3,118.3,118.3,118.3,355,355,355,355,20,20,20,20,15,15,15,15,0,0,0,0,5,5,5,5,0,0,0,0,0,0,0,0,0,0,0,0,0,0,0,0,0,0,0,0,0,0,0,0,0,0,0,0,0,0,0,0,0,0,0,0,291.645825977739
"171",2022-11-13,1,210,45.42992,-73.9392,1,2.73543775057355,2.79023286563287,2.56972595615431,5.93951595594532,2.62488786967523,3.29663073822376,3.39498099056365,6.89996013046799,118.3,118.3,118.3,118.3,355,355,355,355,20,20,20,20,15,15,15,15,0,0,0,0,5,5,5,5,0,0,0,0,0,0,0,0,0,0,0,0,0,0,0,0,0,0,0,0,0,0,0,0,0,0,0,0,0,0,0,0,0,0,0,0,65.8748006087914
"172",2022-11-13,1,217,45.4299,-73.93915,1,2.85850218249656,2.88343512214785,2.54712565972194,5.812943495299,2.67636389786678,3.28580202372367,3.42602100787978,6.80459524223991,118.3,118.3,118.3,118.3,355,355,355,355,20,20,20,20,15,15,15,15,0,0,0,0,5,5,5,5,0,0,0,0,0,0,0,0,0,0,0,0,0,0,0,0,0,0,0,0,0,0,0,0,0,0,0,0,0,0,0,0,0,0,0,0,62.4591741940212
"173",2022-11-13,1,225,45.42973,-73.93897,1,4.5012473244289,3.12774855471502,2.70549851510456,5.43989426393173,3.33409768110355,3.17860591397513,3.79472457346012,6.35245325691365,118.3,118.3,118.3,118.3,355,355,355,355,20,20,20,20,15,15,15,15,0,0,0,0,5,5,5,5,0,0,0,0,0,0,0,0,0,0,0,0,0,0,0,0,0,0,0,0,0,0,0,0,0,0,0,0,0,0,0,0,0,0,0,0,56.9329071356989
"174",2022-11-13,1,213,45.42976,-73.93897,1,4.0853267704746,3.04986368319686,2.73335438190553,5.41529931241086,3.26361884845348,3.19067932799158,3.81684152348038,6.37295068308543,118.3,118.3,118.3,118.3,355,355,355,355,20,20,20,20,15,15,15,15,0,0,0,0,5,5,5,5,0,0,0,0,0,0,0,0,0,0,0,0,0,0,0,0,0,0,0,0,0,0,0,0,0,0,0,0,0,0,0,0,0,0,0,0,55.1150881307083
"175",2022-11-13,1,219,45.42966,-73.93887,1,4.87347416190306,3.16332265277693,2.80123381884415,5.29559326623973,3.18427856948027,3.26236584174559,3.98380669021711,6.23482666299435,118.3,118.3,118.3,118.3,355,355,355,355,20,20,20,20,15,15,15,15,0,0,0,0,5,5,5,5,0,0,0,0,0,0,0,0,0,0,0,0,0,0,0,0,0,0,0,0,0,0,0,0,0,0,0,0,0,0,0,0,0,0,0,0,55.9448578526853
"176",2022-11-13,1,220,45.42946,-73.93877,1,3.81559336774518,3.55142485204357,3.07931696044325,5.38811649978158,3.34381112792661,3.75546579396592,4.11417478541,6.28307162163572,118.3,118.3,118.3,118.3,355,355,355,355,20,20,20,20,15,15,15,15,0,0,0,0,5,5,5,5,0,0,0,0,0,0,0,0,0,0,0,0,0,0,0,0,0,0,0,0,0,0,0,0,0,0,0,0,0,0,0,0,0,0,0,0,69.6447534536696
"177",2022-11-13,1,215,45.4365,-73.9335,1,7.32698157453919,6.60891292786167,9.9497269988521,9.96689101106061,7.70339441362114,8.49086918689367,9.87923355859896,9.77983162496674,118.3,118.3,118.3,171.735294117647,355,355,355,335.294117647059,20,20,20,19.2156862745098,15,15,15,13.5294117647059,0,0,0,0,5,5,5,4.90196078431373,0,0,0,0,0,0,0,407.033087020468,0,0,0,60.3689635881375,0,0,0,3.06146190889383,0,0,0,4.50489929377548,0,0,0,0,0,0,0,0.700140042014005,0,0,0,0,0,0,0,2597.82278822302,265.33527262159
"178",2022-11-15,1,217,45.4308,-73.93874,1,3.20615372388141,3.76189665201764,3.38687469264729,4.72816726248664,2.88929812397154,5.32608304623726,5.55533278136735,7.00907483991876,118.3,118.3,118.3,118.3,355,355,355,355,20,20,20,20,15,15,15,15,0,0,0,0,5,5,5,5,0,0,0,0,0,0,0,0,0,0,0,0,0,0,0,0,0,0,0,0,0,0,0,0,0,0,0,0,0,0,0,0,0,0,0,0,86.6552868488069
"179",2022-11-15,1,220,45.4308,-73.93874,1,3.20615372388141,3.76189665201764,3.38687469264729,4.72816726248664,2.88929812397154,5.32608304623726,5.55533278136735,7.00907483991876,118.3,118.3,118.3,118.3,355,355,355,355,20,20,20,20,15,15,15,15,0,0,0,0,5,5,5,5,0,0,0,0,0,0,0,0,0,0,0,0,0,0,0,0,0,0,0,0,0,0,0,0,0,0,0,0,0,0,0,0,0,0,0,0,86.6552868488069
"180",2022-11-15,1,219,45.4308,-73.93874,1,3.20615372388141,3.76189665201764,3.38687469264729,4.72816726248664,2.88929812397154,5.32608304623726,5.55533278136735,7.00907483991876,118.3,118.3,118.3,118.3,355,355,355,355,20,20,20,20,15,15,15,15,0,0,0,0,5,5,5,5,0,0,0,0,0,0,0,0,0,0,0,0,0,0,0,0,0,0,0,0,0,0,0,0,0,0,0,0,0,0,0,0,0,0,0,0,86.6552868488069
"181",2022-11-15,1,224,45.43082,-73.93879,1,3.03871167021712,3.86134773643768,3.49694828323018,4.93010882636187,2.94036154636019,5.42450690468869,5.72666424941491,7.17693243904972,118.3,118.3,118.3,118.3,355,355,355,355,20,20,20,20,15,15,15,15,0,0,0,0,5,5,5,5,0,0,0,0,0,0,0,0,0,0,0,0,0,0,0,0,0,0,0,0,0,0,0,0,0,0,0,0,0,0,0,0,0,0,0,0,90.158225934737
"182",2022-11-15,1,213,45.43082,-73.93879,1,3.03871167021712,3.86134773643768,3.49694828323018,4.93010882636187,2.94036154636019,5.42450690468869,5.72666424941491,7.17693243904972,118.3,118.3,118.3,118.3,355,355,355,355,20,20,20,20,15,15,15,15,0,0,0,0,5,5,5,5,0,0,0,0,0,0,0,0,0,0,0,0,0,0,0,0,0,0,0,0,0,0,0,0,0,0,0,0,0,0,0,0,0,0,0,0,90.158225934737
"183",2022-11-15,1,210,45.43091,-73.93854,1,4.55999991747794,4.32352631421377,3.17935313402025,4.29428004449755,4.01069612849113,5.78626548055877,5.66880172009153,6.74099512991657,118.3,118.3,118.3,118.3,355,355,355,355,20,20,20,20,15,15,15,15,0,0,0,0,5,5,5,5,0,0,0,0,0,0,0,0,0,0,0,0,0,0,0,0,0,0,0,0,0,0,0,0,0,0,0,0,0,0,0,0,0,0,0,0,94.5045196321227
"184",2022-11-15,1,207,45.43124,-73.93878,1,12.387802952291,7.07620680626931,4.33369761733135,5.52107853254232,7.85022580098665,7.81613795733078,6.85378832764524,8.01257101319714,118.3,118.3,118.3,118.3,355,355,355,355,20,20,20,20,15,15,15,15,0,0,0,0,5,5,5,5,0,0,0,0,0,0,0,0,0,0,0,0,0,0,0,0,0,0,0,0,0,0,0,0,0,0,0,0,0,0,0,0,0,0,0,0,134.274881010447
"185",2022-11-15,1,212,45.43116,-73.93906,1,5.95815575396106,7.17272185890382,5.47431813883776,6.46621744362877,8.50080693375291,7.9877171830446,7.42568009601091,8.63941986614293,118.3,118.3,118.3,118.3,355,355,355,355,20,20,20,20,15,15,15,15,0,0,0,0,5,5,5,5,0,0,0,0,0,0,0,0,0,0,0,0,0,0,0,0,0,0,0,0,0,0,0,0,0,0,0,0,0,0,0,0,0,0,0,0,133.234132515868
"186",2022-11-15,1,225,45.43116,-73.93906,1,5.95815575396106,7.17272185890382,5.47431813883776,6.46621744362877,8.50080693375291,7.9877171830446,7.42568009601091,8.63941986614293,118.3,118.3,118.3,118.3,355,355,355,355,20,20,20,20,15,15,15,15,0,0,0,0,5,5,5,5,0,0,0,0,0,0,0,0,0,0,0,0,0,0,0,0,0,0,0,0,0,0,0,0,0,0,0,0,0,0,0,0,0,0,0,0,133.234132515868
"187",2022-11-15,1,214,45.43197,-73.93894,1,6.82466376823221,6.07150689240484,6.09122900584563,6.79033632542406,4.91157112034991,6.51580214425944,8.20859927208267,9.12016935481702,118.3,118.3,118.3,118.3,355,355,355,355,20,20,20,20,15,15,15,15,0,0,0,0,5,5,5,5,0,0,0,0,0,0,0,0,0,0,0,0,0,0,0,0,0,0,0,0,0,0,0,0,0,0,0,0,0,0,0,0,0,0,0,0,216.086583346511
"188",2022-11-15,1,206,45.43198,-73.93894,1,6.72958273708156,5.93603553359163,6.09471672760669,6.7936856330133,4.95492876770989,6.35780530311027,8.21830227868377,9.12497312955241,118.3,118.3,118.3,118.3,355,355,355,355,20,20,20,20,15,15,15,15,0,0,0,0,5,5,5,5,0,0,0,0,0,0,0,0,0,0,0,0,0,0,0,0,0,0,0,0,0,0,0,0,0,0,0,0,0,0,0,0,0,0,0,0,217.1721234748
"189",2022-11-15,1,222,45.4348,-73.9336,1,4.07086975819459,4.66381847489832,5.57688985448159,4.04763044969089,4.1289276946478,5.1024278119326,6.06253601816867,6.1930654902628,118.3,118.3,118.3,118.3,355,355,355,355,20,20,20,20,15,15,15,15,0,0,0,0,5,5,5,5,0,0,0,0,0,0,0,0,0,0,0,0,0,0,0,0,0,0,0,0,0,0,0,0,0,0,0,0,0,0,0,0,0,0,0,0,287.882358902813
"190",2022-11-15,1,215,45.4361,-73.93518,1,1.79579824320991,0.776402873291533,0.565191094057881,6.17917976047714,4.29491772767102,2.92568878921922,2.47951463841483,9.44217748445812,118.3,118.3,118.3,114.9,355,355,355,339.615384615385,20,20,20,19.6153846153846,15,15,15,13.8461538461538,0,0,0,0,5,5,5,5,0,0,0,0,0,0,0,11.8928549978548,0,0,0,53.8138235197049,0,0,0,1.34534558799262,0,0,0,4.03603676397788,0,0,0,0,0,0,0,0,0,0,0,0,0,0,0,598.029215645315,403.993817183188
"191",2022-11-15,1,211,45.4386,-73.9389,1,2.02995915099229,3.7455839822561,7.91477509454533,11.0268156950644,3.11276736134122,4.53431123568444,6.79984880424451,10.0968383275806,74.1,74.1,74.1,83.5714285714286,155,155,155,197.857142857143,15,15,15,16.0714285714286,0,0,0,3.21428571428572,0,0,0,0,5,5,5,5,0,0,0,0,0,0,0,18.3005386337592,0,0,0,82.8078671210825,0,0,0,2.07019667802706,0,0,0,6.21059003408119,0,0,0,0,0,0,0,0,0,0,0,0,0,0,0,804.634870506671,684.574362339551
"192",2022-11-17,1,210,45.43108,-73.93841,1,6.39927611316987,4.55750212481607,3.06528948574681,4.28171823049362,5.76453192964354,6.18611139935953,5.8552427306913,6.74016394777129,118.3,118.3,118.3,118.3,355,355,355,355,20,20,20,20,15,15,15,15,0,0,0,0,5,5,5,5,0,0,0,0,0,0,0,0,0,0,0,0,0,0,0,0,0,0,0,0,0,0,0,0,0,0,0,0,0,0,0,0,0,0,0,0,112.314332843152
"193",2022-11-17,1,207,45.43108,-73.93841,1,6.39927611316987,4.55750212481607,3.06528948574681,4.28171823049362,5.76453192964354,6.18611139935953,5.8552427306913,6.74016394777129,118.3,118.3,118.3,118.3,355,355,355,355,20,20,20,20,15,15,15,15,0,0,0,0,5,5,5,5,0,0,0,0,0,0,0,0,0,0,0,0,0,0,0,0,0,0,0,0,0,0,0,0,0,0,0,0,0,0,0,0,0,0,0,0,112.314332843152
"194",2022-11-17,1,220,45.43108,-73.93841,1,6.39927611316987,4.55750212481607,3.06528948574681,4.28171823049362,5.76453192964354,6.18611139935953,5.8552427306913,6.74016394777129,118.3,118.3,118.3,118.3,355,355,355,355,20,20,20,20,15,15,15,15,0,0,0,0,5,5,5,5,0,0,0,0,0,0,0,0,0,0,0,0,0,0,0,0,0,0,0,0,0,0,0,0,0,0,0,0,0,0,0,0,0,0,0,0,112.314332843152
"195",2022-11-17,1,212,45.43129,-73.9385,1,7.859036955248,5.6911061501215,3.54673184454835,4.81800623910483,7.1299435915351,6.88202897823875,6.2392670943824,7.39542028821489,118.3,118.3,118.3,118.3,355,355,355,355,20,20,20,20,15,15,15,15,0,0,0,0,5,5,5,5,0,0,0,0,0,0,0,0,0,0,0,0,0,0,0,0,0,0,0,0,0,0,0,0,0,0,0,0,0,0,0,0,0,0,0,0,136.055269213505
"196",2022-11-17,1,206,45.43178,-73.93883,1,6.69030087724023,7.2486016445826,5.40053372356862,6.27262863354351,4.89709114433809,8.00648433570357,7.59999761616682,8.71006777854574,118.3,118.3,118.3,118.3,355,355,355,355,20,20,20,20,15,15,15,15,0,0,0,0,5,5,5,5,0,0,0,0,0,0,0,0,0,0,0,0,0,0,0,0,0,0,0,0,0,0,0,0,0,0,0,0,0,0,0,0,0,0,0,0,193.664987932917
"197",2022-11-17,1,217,45.43088,-73.93894,1,3.60127917998425,4.28331325001587,3.89341252902236,5.5681586240611,4.16120756122387,5.92968882412511,6.14277613140405,7.69611847325592,118.3,118.3,118.3,118.3,355,355,355,355,20,20,20,20,15,15,15,15,0,0,0,0,5,5,5,5,0,0,0,0,0,0,0,0,0,0,0,0,0,0,0,0,0,0,0,0,0,0,0,0,0,0,0,0,0,0,0,0,0,0,0,0,101.140764034463
"198",2022-11-17,1,219,45.42979,-73.93891,1,3.49438611233164,2.983822373733,2.83146939195522,5.2620425482712,3.10530420527282,3.21227276154044,3.93031521983808,6.32422348158359,118.3,118.3,118.3,118.3,355,355,355,355,20,20,20,20,15,15,15,15,0,0,0,0,5,5,5,5,0,0,0,0,0,0,0,0,0,0,0,0,0,0,0,0,0,0,0,0,0,0,0,0,0,0,0,0,0,0,0,0,0,0,0,0,49.3720877064724
"199",2022-11-17,1,225,45.42942,-73.9389,1,3.76729895357931,3.73580587526485,2.65825260693444,5.65908605357115,3.71128814064034,3.60525343702573,3.49225812905511,6.38904593653588,118.3,118.3,118.3,118.3,355,355,355,355,20,20,20,20,15,15,15,15,0,0,0,0,5,5,5,5,0,0,0,0,0,0,0,0,0,0,0,0,0,0,0,0,0,0,0,0,0,0,0,0,0,0,0,0,0,0,0,0,0,0,0,0,78.5052918429922
"200",2022-11-17,1,213,45.42892,-73.93868,1,1.9264998669527,2.37623162272633,3.81406473488143,6.41621372262775,3.35019310097745,3.8148128421768,4.22739788542872,6.7223104716751,118.3,118.3,118.3,118.3,355,355,355,355,20,20,20,20,15,15,15,15,0,0,0,0,5,5,5,5,0,0,0,0,0,0,0,0,0,0,0,0,0,0,0,0,0,0,0,0,0,0,0,0,0,0,0,0,0,0,0,0,0,0,0,0,124.598572104681
"201",2022-11-17,1,224,45.43,-73.93832,1,2.62240443761655,3.53334220979554,3.00099501716379,3.37314574967344,3.70317368273238,4.99668345133276,4.41113259356823,5.16773735228896,118.3,118.3,118.3,118.3,355,355,355,355,20,20,20,20,15,15,15,15,0,0,0,0,5,5,5,5,0,0,0,0,0,0,0,0,0,0,0,0,0,0,0,0,0,0,0,0,0,0,0,0,0,0,0,0,0,0,0,0,0,0,0,0,4.49862665047183
"202",2022-11-17,1,209,45.43467,-73.93354,1,3.27140088890259,4.44274435000774,5.25288263062014,3.88919996270721,3.75706397776106,5.01018085224727,5.95831204263951,6.05507511689403,118.3,118.3,118.3,118.3,355,355,355,355,20,20,20,20,15,15,15,15,0,0,0,0,5,5,5,5,0,0,0,0,0,0,0,0,0,0,0,0,0,0,0,0,0,0,0,0,0,0,0,0,0,0,0,0,0,0,0,0,0,0,0,0,283.387853466102
"203",2022-11-17,1,222,45.43464,-73.93352,1,3.23325385989361,4.3934579509511,5.13538092819126,3.85912201090534,3.86960729643963,4.98956172230358,5.89855496144422,6.03336080865034,118.3,118.3,118.3,118.3,355,355,355,355,20,20,20,20,15,15,15,15,0,0,0,0,5,5,5,5,0,0,0,0,0,0,0,0,0,0,0,0,0,0,0,0,0,0,0,0,0,0,0,0,0,0,0,0,0,0,0,0,0,0,0,0,281.975738423116
"204",2022-11-17,1,215,45.43436,-73.93284,1,7.1763907778683,5.97088351068153,4.5579675265177,4.56279699295719,4.15730012842078,5.2409553234125,5.35926975158535,6.39989023072208,118.3,118.3,118.3,118.3,355,355,355,355,20,20,20,20,15,15,15,15,0,0,0,0,5,5,5,5,0,0,0,0,0,0,0,0,0,0,0,0,0,0,0,0,0,0,0,0,0,0,0,0,0,0,0,0,0,0,0,0,0,0,0,0,232.912090150717
"205",2022-11-17,1,221,45.4427,-73.93604,1,8.36184999969517,7.28668094002964,5.86157454405035,5.07471400472221,8.47312007054063,8.4466638603005,8.05870971999489,7.69725342783624,74.1,74.1,74.1,74.1,155,155,155,155,15,15,15,15,0,0,0,0,0,0,0,0,5,5,5,5,0,0,0,0,0,0,0,0,0,0,0,0,0,0,0,0,0,0,0,0,0,0,0,0,0,0,0,0,0,0,0,0,0,0,0,0,693.9455383255
"206",2022-11-22,1,212,45.43101,-73.93831,1,4.12714278746624,3.82961532639424,2.76484397418503,3.93814570792211,3.64434677685425,5.85278339598104,5.46076761600073,6.34040353416532,118.3,118.3,118.3,118.3,355,355,355,355,20,20,20,20,15,15,15,15,0,0,0,0,5,5,5,5,0,0,0,0,0,0,0,0,0,0,0,0,0,0,0,0,0,0,0,0,0,0,0,0,0,0,0,0,0,0,0,0,0,0,0,0,104.485717180641
"207",2022-11-22,1,225,45.42958,-73.93836,1,1.53313480988716,2.76443037586812,3.77326322810703,4.20692170836864,2.4167522514931,3.81805201009808,4.79675352630547,5.63659779359955,118.3,118.3,118.3,118.3,355,355,355,355,20,20,20,20,15,15,15,15,0,0,0,0,5,5,5,5,0,0,0,0,0,0,0,0,0,0,0,0,0,0,0,0,0,0,0,0,0,0,0,0,0,0,0,0,0,0,0,0,0,0,0,0,48.8925226135855
"208",2022-11-22,1,207,45.42963,-73.93838,1,1.44133907908578,2.87895448189943,3.66403989740877,4.13860948630583,2.34251121235975,3.88757245888478,4.73580953639573,5.57941135124085,118.3,118.3,118.3,118.3,355,355,355,355,20,20,20,20,15,15,15,15,0,0,0,0,5,5,5,5,0,0,0,0,0,0,0,0,0,0,0,0,0,0,0,0,0,0,0,0,0,0,0,0,0,0,0,0,0,0,0,0,0,0,0,0,43.3380678168063
"209",2022-11-22,1,219,45.4297,-73.93878,1,3.52791130233042,2.99876761798032,2.95273585751912,5.06783672798592,3.1084721645465,3.26110898044851,4.16381188290067,6.15720979038313,118.3,118.3,118.3,118.3,355,355,355,355,20,20,20,20,15,15,15,15,0,0,0,0,5,5,5,5,0,0,0,0,0,0,0,0,0,0,0,0,0,0,0,0,0,0,0,0,0,0,0,0,0,0,0,0,0,0,0,0,0,0,0,0,47.883529106576
"210",2022-11-22,1,224,45.42981,-73.93797,1,6.9997713370878,5.22447485412152,3.15955096054569,2.80942609109905,6.13490313125973,5.83579430537482,4.7888775760876,4.3669308822642,118.3,118.3,118.3,118.3,355,355,355,355,20,20,20,20,15,15,15,15,0,0,0,0,5,5,5,5,0,0,0,0,0,0,0,0,0,0,0,0,0,0,0,0,0,0,0,0,0,0,0,0,0,0,0,0,0,0,0,0,0,0,0,0,39.033101021386
"211",2022-11-22,1,220,45.43165,-73.93959,1,14.80224910474,10.7381448975191,10.2187102380194,9.34242414756988,11.7476167414386,9.98746330097853,8.69966539429873,10.1876386433781,118.3,118.3,118.3,118.3,355,355,355,355,20,20,20,20,15,15,15,15,0,0,0,0,5,5,5,5,0,0,0,0,0,0,0,0,0,0,0,0,0,0,0,0,0,0,0,0,0,0,0,0,0,0,0,0,0,0,0,0,0,0,0,0,200.56473926554
"212",2022-11-22,1,206,45.43158,-73.93925,1,14.911279759074,10.2283895234225,7.43554819338969,7.67922498922148,11.013300648314,9.20077602542297,8.06798253300803,9.58353471589743,118.3,118.3,118.3,118.3,355,355,355,355,20,20,20,20,15,15,15,15,0,0,0,0,5,5,5,5,0,0,0,0,0,0,0,0,0,0,0,0,0,0,0,0,0,0,0,0,0,0,0,0,0,0,0,0,0,0,0,0,0,0,0,0,181.943369875705
"213",2022-11-22,1,217,45.43147,-73.93909,1,13.7402545411774,9.48872273782439,6.23491677698181,6.91583708244994,10.6663186599137,8.89129453745101,7.73589826024818,9.16155411811592,118.3,118.3,118.3,118.3,355,355,355,355,20,20,20,20,15,15,15,15,0,0,0,0,5,5,5,5,0,0,0,0,0,0,0,0,0,0,0,0,0,0,0,0,0,0,0,0,0,0,0,0,0,0,0,0,0,0,0,0,0,0,0,0,165.970290287915
"214",2022-11-22,1,213,45.43085,-73.93947,1,2.42999996492497,2.93474914974204,6.39030572229481,8.01932079081993,2.84784929061361,3.58644128253763,7.42898491565908,9.08698966761025,118.3,118.3,118.3,118.3,355,355,355,355,20,20,20,20,15,15,15,15,0,0,0,0,5,5,5,5,0,0,0,0,0,0,0,0,0,0,0,0,0,0,0,0,0,0,0,0,0,0,0,0,0,0,0,0,0,0,0,0,0,0,0,0,123.235787451026
"215",2022-11-22,1,209,45.43437,-73.93311,1,5.42006591858906,4.95118605351634,4.24954232675742,4.27625530624383,5.03771456108434,5.2030150709417,5.332274189664,6.28575533714284,118.3,118.3,118.3,118.3,355,355,355,355,20,20,20,20,15,15,15,15,0,0,0,0,5,5,5,5,0,0,0,0,0,0,0,0,0,0,0,0,0,0,0,0,0,0,0,0,0,0,0,0,0,0,0,0,0,0,0,0,0,0,0,0,253.461110384726
"216",2022-11-22,1,215,45.43603,-73.93313,1,8.56541732372424,8.99156692937074,10.8446659843713,8.17252503369456,9.37656581904776,8.56143680694814,8.36044154912461,8.42791818062275,118.3,118.3,118.3,292.42,355,355,355,342.7,20,20,20,18.8,15,15,15,14.1,0,0,0,0,5,5,5,4.7,0,0,0,0,0,0,0,696.18381457304,0,0,0,49.1790771838295,0,0,0,4.79795874964191,0,0,0,3.59846906223142,0,0,0,0,0,0,0,1.19948968741048,0,0,0,0,0,0,0,2462.75899855621,263.587110437663
"217",2022-11-22,1,221,45.43704,-73.93006,1,7.55837400827203,6.91020616935667,4.43263243608899,5.04673340799687,5.2398612641266,5.40358327030646,4.82856870456805,6.06379641357154,3020.3,3020.3,3020.3,2342.71176470588,150,150,150,216.078431372549,0,0,0,5.49019607843137,0,0,0,4.11764705882353,0,0,0,0,0,0,0,1.37254901960784,0,0,0,0,0,0,0,1401.23333854816,0,0,0,88.39295065496,0,0,0,9.01415009641976,0,0,0,6.76061257231482,0,0,0,0,0,0,0,2.25353752410494,0,0,0,0,83.1614998368244,492.259292015515,3941.24532405647,13736.6404930674,40.4021224538764
"218",2022-12-02,1,217,45.4306,-73.93928,1,2.0229519248861,2.14926153628554,3.98398111100478,6.89075221638325,2.57126139240167,2.74747357102484,5.3019037156415,8.24859486322479,118.3,118.3,118.3,118.3,355,355,355,355,20,20,20,20,15,15,15,15,0,0,0,0,5,5,5,5,0,0,0,0,0,0,0,0,0,0,0,0,0,0,0,0,0,0,0,0,0,0,0,0,0,0,0,0,0,0,0,0,0,0,0,0,93.5981880860539
"219",2022-12-02,1,212,45.4306,-73.93928,1,2.0229519248861,2.14926153628554,3.98398111100478,6.89075221638325,2.57126139240167,2.74747357102484,5.3019037156415,8.24859486322479,118.3,118.3,118.3,118.3,355,355,355,355,20,20,20,20,15,15,15,15,0,0,0,0,5,5,5,5,0,0,0,0,0,0,0,0,0,0,0,0,0,0,0,0,0,0,0,0,0,0,0,0,0,0,0,0,0,0,0,0,0,0,0,0,93.5981880860539
"220",2022-12-02,1,225,45.43062,-73.93965,1,3.13031954404849,3.13180298034067,4.92954201461414,8.16897673108349,3.46876722861561,3.63651350236659,6.05353086394633,8.84722256661774,118.3,118.3,118.3,118.3,355,355,355,355,20,20,20,20,15,15,15,15,0,0,0,0,5,5,5,5,0,0,0,0,0,0,0,0,0,0,0,0,0,0,0,0,0,0,0,0,0,0,0,0,0,0,0,0,0,0,0,0,0,0,0,0,118.645584315309
"221",2022-12-02,1,213,45.43062,-73.93965,1,3.13031954404849,3.13180298034067,4.92954201461414,8.16897673108349,3.46876722861561,3.63651350236659,6.05353086394633,8.84722256661774,118.3,118.3,118.3,118.3,355,355,355,355,20,20,20,20,15,15,15,15,0,0,0,0,5,5,5,5,0,0,0,0,0,0,0,0,0,0,0,0,0,0,0,0,0,0,0,0,0,0,0,0,0,0,0,0,0,0,0,0,0,0,0,0,118.645584315309
"222",2022-12-02,1,224,45.42957,-73.93882,1,4.52130468564902,3.17087326389749,2.88393753807059,5.32513336123955,3.3678900796032,3.48038648403362,4.06888488681749,6.26567186672757,118.3,118.3,118.3,118.3,355,355,355,355,20,20,20,20,15,15,15,15,0,0,0,0,5,5,5,5,0,0,0,0,0,0,0,0,0,0,0,0,0,0,0,0,0,0,0,0,0,0,0,0,0,0,0,0,0,0,0,0,0,0,0,0,61.1476290788176
"223",2022-12-02,1,220,45.42883,-73.93843,1,2.38196321144084,2.74167104460389,4.42597717646568,6.21398914935992,3.39887928076039,3.98001971978062,4.58399309864349,6.6100746962576,118.3,118.3,118.3,118.3,355,355,355,355,20,20,20,20,15,15,15,15,0,0,0,0,5,5,5,5,0,0,0,0,0,0,0,0,0,0,0,0,0,0,0,0,0,0,0,0,0,0,0,0,0,0,0,0,0,0,0,0,0,0,0,0,132.298406356855
"224",2022-12-02,1,219,45.42889,-73.93839,1,3.02166057814732,2.84888469810165,4.38738596408598,6.0711176162704,3.93586995419803,4.06708781754057,4.60389199309795,6.57766047294689,118.3,118.3,118.3,118.3,355,355,355,355,20,20,20,20,15,15,15,15,0,0,0,0,5,5,5,5,0,0,0,0,0,0,0,0,0,0,0,0,0,0,0,0,0,0,0,0,0,0,0,0,0,0,0,0,0,0,0,0,0,0,0,0,125.558554447652
"225",2022-12-02,1,207,45.42915,-73.93851,1,4.74170637397944,2.48925389484718,3.90849407214494,5.57820633722654,5.09147236801113,3.77033834474859,4.62458679139465,6.39977944160599,118.3,118.3,118.3,118.3,355,355,355,355,20,20,20,20,15,15,15,15,0,0,0,0,5,5,5,5,0,0,0,0,0,0,0,0,0,0,0,0,0,0,0,0,0,0,0,0,0,0,0,0,0,0,0,0,0,0,0,0,0,0,0,0,97.2799721607442
"226",2022-12-02,1,206,45.43289,-73.93945,1,4.29142403348838,6.71857727076049,6.52384984636683,9.11110692096669,5.25463232712923,9.1540019418438,7.95828267320287,10.3717693003767,118.3,118.3,118.3,118.3,355,355,355,355,20,20,20,20,15,15,15,15,0,0,0,0,5,5,5,5,0,0,0,0,0,0,0,0,0,0,0,0,0,0,0,0,0,0,0,0,0,0,0,0,0,0,0,0,0,0,0,0,0,0,0,0,324.918512720589
"227",2022-12-02,1,222,45.43356,-73.93225,1,5.14190420550869,4.98285068109947,3.83162688820292,2.8241998681843,5.81742012097525,6.82445096281042,6.66084057008514,5.29099047605005,118.3,118.3,118.3,118.3,355,355,355,355,20,20,20,20,15,15,15,15,0,0,0,0,5,5,5,5,0,0,0,0,0,0,0,0,0,0,0,0,0,0,0,0,0,0,0,0,0,0,0,0,0,0,0,0,0,0,0,0,0,0,0,0,226.480217499055
"228",2022-12-02,1,209,45.43349,-73.9322,1,6.86749860867509,6.00611660048844,3.78601195465206,2.68671698403442,7.20047244131714,7.50176879297015,6.70377800074299,5.21928645581454,118.3,118.3,118.3,118.3,355,355,355,355,20,20,20,20,15,15,15,15,0,0,0,0,5,5,5,5,0,0,0,0,0,0,0,0,0,0,0,0,0,0,0,0,0,0,0,0,0,0,0,0,0,0,0,0,0,0,0,0,0,0,0,0,228.110741551083
"229",2022-12-02,1,215,45.43589,-73.93515,1,0.888951118997567,0.76918078409087,0.597452644464478,4.76138282732102,3.20268278150993,2.91610615104017,2.56413774137482,8.24271670588646,118.3,118.3,118.3,117.466037735849,355,355,355,351.22641509434,20,20,20,19.9056603773585,15,15,15,14.7169811320755,0,0,0,0,5,5,5,5,0,0,0,0,0,0,0,6.07133692653205,0,0,0,27.4721127897378,0,0,0,0.686802819743446,0,0,0,2.06040845923034,0,0,0,0,0,0,0,0,0,0,0,0,0,0,0,508.686004524551,410.440921275918
"230",2022-12-02,1,221,45.43616,-73.939,1,6.88694476887067,4.08826191685779,3.7604911642673,7.6659007463137,8.10923823425713,7.23311950410008,7.20329695193376,10.6061028565102,118.3,118.3,118.3,114.964150943396,355,355,355,339.905660377358,20,20,20,19.622641509434,15,15,15,13.8679245283019,0,0,0,0,5,5,5,5,0,0,0,0,0,0,0,11.7872012457388,0,0,0,53.3357522431621,0,0,0,1.33339380607905,0,0,0,4.00018141823716,0,0,0,0,0,0,0,0,0,0,0,0,0,0,223.203089866609,784.54588507564,606.145148077312
"231",2022-12-02,1,211,45.43616,-73.939,1,6.88694476887067,4.08826191685779,3.7604911642673,7.6659007463137,8.10923823425713,7.23311950410008,7.20329695193376,10.6061028565102,118.3,118.3,118.3,114.964150943396,355,355,355,339.905660377358,20,20,20,19.622641509434,15,15,15,13.8679245283019,0,0,0,0,5,5,5,5,0,0,0,0,0,0,0,11.7872012457388,0,0,0,53.3357522431621,0,0,0,1.33339380607905,0,0,0,4.00018141823716,0,0,0,0,0,0,0,0,0,0,0,0,0,0,223.203089866609,784.54588507564,606.145148077312
"232",2022-12-08,1,207,45.43079,-73.93866,1,3.31548173545513,3.71902439990109,3.2068906960207,4.44029923376593,2.83800384982014,5.32762241795125,5.3910694525811,6.792169688206,118.3,118.3,118.3,118.3,355,355,355,355,20,20,20,20,15,15,15,15,0,0,0,0,5,5,5,5,0,0,0,0,0,0,0,0,0,0,0,0,0,0,0,0,0,0,0,0,0,0,0,0,0,0,0,0,0,0,0,0,0,0,0,0,83.5908677819526
"233",2022-12-08,1,217,45.43079,-73.93866,1,3.31548173545513,3.71902439990109,3.2068906960207,4.44029923376593,2.83800384982014,5.32762241795125,5.3910694525811,6.792169688206,118.3,118.3,118.3,118.3,355,355,355,355,20,20,20,20,15,15,15,15,0,0,0,0,5,5,5,5,0,0,0,0,0,0,0,0,0,0,0,0,0,0,0,0,0,0,0,0,0,0,0,0,0,0,0,0,0,0,0,0,0,0,0,0,83.5908677819526
"234",2022-12-08,1,213,45.43077,-73.93867,1,3.09654929951428,3.54923862139178,3.20588584510662,4.45325036344431,2.77528878411701,5.18324520146326,5.33737738374798,6.78122654889711,118.3,118.3,118.3,118.3,355,355,355,355,20,20,20,20,15,15,15,15,0,0,0,0,5,5,5,5,0,0,0,0,0,0,0,0,0,0,0,0,0,0,0,0,0,0,0,0,0,0,0,0,0,0,0,0,0,0,0,0,0,0,0,0,81.7031752799872
"235",2022-12-08,1,206,45.43084,-73.93859,1,3.54409631835631,4.10768252640015,3.16027641551251,4.30012158084176,3.02603516661169,5.60317995809161,5.48200561703168,6.7252709242693,118.3,118.3,118.3,118.3,355,355,355,355,20,20,20,20,15,15,15,15,0,0,0,0,5,5,5,5,0,0,0,0,0,0,0,0,0,0,0,0,0,0,0,0,0,0,0,0,0,0,0,0,0,0,0,0,0,0,0,0,0,0,0,0,87.5869426819769
"236",2022-12-08,1,225,45.43082,-73.93859,1,3.36099936073376,3.96793472332749,3.1330409695279,4.26963929467328,2.97593088720499,5.51549941733403,5.40480583756049,6.68379491356123,118.3,118.3,118.3,118.3,355,355,355,355,20,20,20,20,15,15,15,15,0,0,0,0,5,5,5,5,0,0,0,0,0,0,0,0,0,0,0,0,0,0,0,0,0,0,0,0,0,0,0,0,0,0,0,0,0,0,0,0,0,0,0,0,85.417821447688
"237",2022-12-08,1,224,45.4308,-73.9386,1,3.20532606671226,3.78925852538679,3.12814521182329,4.26872835200349,2.86128182665841,5.39416683341038,5.35454206371339,6.6667798310403,118.3,118.3,118.3,118.3,355,355,355,355,20,20,20,20,15,15,15,15,0,0,0,0,5,5,5,5,0,0,0,0,0,0,0,0,0,0,0,0,0,0,0,0,0,0,0,0,0,0,0,0,0,0,0,0,0,0,0,0,0,0,0,0,83.4314014163499
"238",2022-12-08,1,212,45.43064,-73.94015,1,6.15941917392226,6.99846962407314,7.16939913117716,9.19212713081862,4.69700104755043,5.59298655002959,7.3658937320986,9.30814473425435,118.3,118.3,118.3,118.3,355,355,355,355,20,20,20,20,15,15,15,15,0,0,0,0,5,5,5,5,0,0,0,0,0,0,0,0,0,0,0,0,0,0,0,0,0,0,0,0,0,0,0,0,0,0,0,0,0,0,0,0,0,0,0,0,154.399168104498
"239",2022-12-15,1,206,45.43238,-73.93919,1,6.62430734692665,6.14764629913972,7.07575866387982,8.08812545163865,5.53235349193643,6.57169850782516,8.66570796572885,9.86111944797235,118.3,118.3,118.3,118.3,355,355,355,355,20,20,20,20,15,15,15,15,0,0,0,0,5,5,5,5,0,0,0,0,0,0,0,0,0,0,0,0,0,0,0,0,0,0,0,0,0,0,0,0,0,0,0,0,0,0,0,0,0,0,0,0,264.931660184093
"240",2022-12-15,1,220,45.42976,-73.93961,1,2.91311769684659,2.59640202915336,3.96207440317663,6.76358882955864,2.99948507667072,3.19372454857469,5.10045589588121,7.25972147930477,118.3,118.3,118.3,118.3,355,355,355,355,20,20,20,20,15,15,15,15,0,0,0,0,5,5,5,5,0,0,0,0,0,0,0,0,0,0,0,0,0,0,0,0,0,0,0,0,0,0,0,0,0,0,0,0,0,0,0,0,0,0,0,0,101.215446603783
"241",2022-12-15,1,207,45.42986,-73.9396,1,2.20296986055686,2.52892691791018,3.63128683650227,6.76645799555441,2.93552856497383,3.00662347157381,4.52752692902325,7.38568935742475,118.3,118.3,118.3,118.3,355,355,355,355,20,20,20,20,15,15,15,15,0,0,0,0,5,5,5,5,0,0,0,0,0,0,0,0,0,0,0,0,0,0,0,0,0,0,0,0,0,0,0,0,0,0,0,0,0,0,0,0,0,0,0,0,97.8515402664057
"242",2022-12-15,1,219,45.42986,-73.9396,1,2.20296986055686,2.52892691791018,3.63128683650227,6.76645799555441,2.93552856497383,3.00662347157381,4.52752692902325,7.38568935742475,118.3,118.3,118.3,118.3,355,355,355,355,20,20,20,20,15,15,15,15,0,0,0,0,5,5,5,5,0,0,0,0,0,0,0,0,0,0,0,0,0,0,0,0,0,0,0,0,0,0,0,0,0,0,0,0,0,0,0,0,0,0,0,0,97.8515402664057
"243",2022-12-15,1,212,45.42986,-73.9396,1,2.20296986055686,2.52892691791018,3.63128683650227,6.76645799555441,2.93552856497383,3.00662347157381,4.52752692902325,7.38568935742475,118.3,118.3,118.3,118.3,355,355,355,355,20,20,20,20,15,15,15,15,0,0,0,0,5,5,5,5,0,0,0,0,0,0,0,0,0,0,0,0,0,0,0,0,0,0,0,0,0,0,0,0,0,0,0,0,0,0,0,0,0,0,0,0,97.8515402664057
"244",2022-12-15,1,213,45.43004,-73.93967,1,1.15177031731121,2.44652144721304,3.66634169610562,7.05080212765313,2.13240027506647,2.82246431446036,4.21238072101899,7.82014417726065,118.3,118.3,118.3,118.3,355,355,355,355,20,20,20,20,15,15,15,15,0,0,0,0,5,5,5,5,0,0,0,0,0,0,0,0,0,0,0,0,0,0,0,0,0,0,0,0,0,0,0,0,0,0,0,0,0,0,0,0,0,0,0,0,101.723451892483
"245",2022-12-15,1,225,45.43004,-73.93967,1,1.15177031731121,2.44652144721304,3.66634169610562,7.05080212765313,2.13240027506647,2.82246431446036,4.21238072101899,7.82014417726065,118.3,118.3,118.3,118.3,355,355,355,355,20,20,20,20,15,15,15,15,0,0,0,0,5,5,5,5,0,0,0,0,0,0,0,0,0,0,0,0,0,0,0,0,0,0,0,0,0,0,0,0,0,0,0,0,0,0,0,0,0,0,0,0,101.723451892483
"246",2022-12-15,1,224,45.42847,-73.93871,1,1.03851177787196,2.44842329477095,6.46465192867468,7.08776900497667,2.21603666259586,3.37738258778726,6.26752242948883,6.93355904001445,118.3,118.3,118.3,118.3,355,355,355,355,20,20,20,20,15,15,15,15,0,0,0,0,5,5,5,5,0,0,0,0,0,0,0,0,0,0,0,0,0,0,0,0,0,0,0,0,0,0,0,0,0,0,0,0,0,0,0,0,0,0,0,0,174.254949752643
"247",2022-12-15,1,217,45.43016,-73.94003,1,4.07692185763656,3.32561075138229,5.38643903041655,7.82842950177153,3.72481964569124,3.77796423745834,5.75843235519947,8.44135714693133,118.3,118.3,118.3,118.3,355,355,355,355,20,20,20,20,15,15,15,15,0,0,0,0,5,5,5,5,0,0,0,0,0,0,0,0,0,0,0,0,0,0,0,0,0,0,0,0,0,0,0,0,0,0,0,0,0,0,0,0,0,0,0,0,130.790133019123
"248",2022-12-15,1,215,45.43678,-73.93193,1,9.54617202925997,11.9305254957465,11.5605567997577,9.57534751327301,10.1467586743591,9.70538631104368,9.47524405228007,8.69749265330574,118.3,118.3,843.8,1065.89183673469,355,355,303.75,288.061224489796,20,20,15,13.469387755102,15,15,11.25,10.1020408163265,0,0,0,0,5,5,3.75,3.36734693877551,0,0,0,0,0,0,1312.47888294701,1374.97787737305,0,0,92.7147384576623,97.1297260032652,0,0,9.04534033733291,9.47607082958686,0,0,6.78400525299968,7.10705312219014,0,0,0,0,0,0,2.26133508433323,2.36901770739671,0,0,0,0,0,210.789975517171,2028.57291093199,6894.91778874791,140.263784701206
"249",2022-12-15,1,221,45.43612,-73.93899,1,6.80638189044423,4.07498079624861,3.55172074822557,7.50226556109189,8.03697753367027,7.23197307845062,7.04151241240698,10.5453478190331,118.3,118.3,118.3,115.7,355,355,355,343.235294117647,20,20,20,19.7058823529412,15,15,15,14.1176470588235,0,0,0,0,5,5,5,5,0,0,0,0,0,0,0,10.5034851358966,0,0,0,47.5270820628804,0,0,0,1.18817705157201,0,0,0,3.56453115471602,0,0,0,0,0,0,0,0,0,0,0,0,0,0,204.429089244561,773.738331298117,605.407852791147
"250",2022-12-21,1,206,45.43,-73.93842,1,1.39595820731223,3.0350018710713,2.98062044230124,3.65235549281878,2.10740357918544,4.58566624174761,4.31995075562588,5.41477655228052,118.3,118.3,118.3,118.3,355,355,355,355,20,20,20,20,15,15,15,15,0,0,0,0,5,5,5,5,0,0,0,0,0,0,0,0,0,0,0,0,0,0,0,0,0,0,0,0,0,0,0,0,0,0,0,0,0,0,0,0,0,0,0,0,4.49862661319313
"251",2022-12-21,1,217,45.42981,-73.93822,1,1.95359467586041,4.3375431743512,3.31578500547755,3.3059332820951,3.54680923262512,5.24389896728039,4.70245282868788,4.87011338825251,118.3,118.3,118.3,118.3,355,355,355,355,20,20,20,20,15,15,15,15,0,0,0,0,5,5,5,5,0,0,0,0,0,0,0,0,0,0,0,0,0,0,0,0,0,0,0,0,0,0,0,0,0,0,0,0,0,0,0,0,0,0,0,0,26.1167680285999
"252",2022-12-21,1,220,45.43114,-73.9384,1,6.4991923051779,4.75011315964195,3.11543492628171,4.34526246928602,6.19460457967129,6.37423288668412,5.94878424316233,6.83543590649751,118.3,118.3,118.3,118.3,355,355,355,355,20,20,20,20,15,15,15,15,0,0,0,0,5,5,5,5,0,0,0,0,0,0,0,0,0,0,0,0,0,0,0,0,0,0,0,0,0,0,0,0,0,0,0,0,0,0,0,0,0,0,0,0,118.946851030177
"253",2022-12-21,1,219,45.43114,-73.9384,1,6.4991923051779,4.75011315964195,3.11543492628171,4.34526246928602,6.19460457967129,6.37423288668412,5.94878424316233,6.83543590649751,118.3,118.3,118.3,118.3,355,355,355,355,20,20,20,20,15,15,15,15,0,0,0,0,5,5,5,5,0,0,0,0,0,0,0,0,0,0,0,0,0,0,0,0,0,0,0,0,0,0,0,0,0,0,0,0,0,0,0,0,0,0,0,0,118.946851030177
"254",2022-12-21,1,213,45.43114,-73.9384,1,6.4991923051779,4.75011315964195,3.11543492628171,4.34526246928602,6.19460457967129,6.37423288668412,5.94878424316233,6.83543590649751,118.3,118.3,118.3,118.3,355,355,355,355,20,20,20,20,15,15,15,15,0,0,0,0,5,5,5,5,0,0,0,0,0,0,0,0,0,0,0,0,0,0,0,0,0,0,0,0,0,0,0,0,0,0,0,0,0,0,0,0,0,0,0,0,118.946851030177
"255",2022-12-21,1,212,45.43126,-73.93855,1,9.68356605841183,5.91603019401085,3.61424211617377,4.926863380571,7.58123329440023,6.9226612042368,6.27749283431905,7.47731428570893,118.3,118.3,118.3,118.3,355,355,355,355,20,20,20,20,15,15,15,15,0,0,0,0,5,5,5,5,0,0,0,0,0,0,0,0,0,0,0,0,0,0,0,0,0,0,0,0,0,0,0,0,0,0,0,0,0,0,0,0,0,0,0,0,133.137657915818
"256",2022-12-21,1,225,45.42891,-73.93706,1,6.47281043835423,5.43888722595179,4.25034140769503,4.42557837769092,4.93413294846827,5.35600245921829,5.16837324515917,5.93460835896388,118.3,118.3,118.3,118.3,355,355,355,355,20,20,20,20,15,15,15,15,0,0,0,0,5,5,5,5,0,0,0,0,0,0,0,0,0,0,0,0,0,0,0,0,0,0,0,0,0,0,0,0,0,0,0,0,0,0,0,0,0,0,0,0,160.350075195503
"257",2022-12-21,1,224,45.42891,-73.93706,1,6.47281043835423,5.43888722595179,4.25034140769503,4.42557837769092,4.93413294846827,5.35600245921829,5.16837324515917,5.93460835896388,118.3,118.3,118.3,118.3,355,355,355,355,20,20,20,20,15,15,15,15,0,0,0,0,5,5,5,5,0,0,0,0,0,0,0,0,0,0,0,0,0,0,0,0,0,0,0,0,0,0,0,0,0,0,0,0,0,0,0,0,0,0,0,0,160.350075195503
"258",2022-12-21,1,207,45.42985,-73.93866,1,1.28904567660415,2.40334726387014,3.18538889380799,4.5307081656324,1.90514113967478,2.90945522278494,4.24047544574307,5.93533356819443,118.3,118.3,118.3,118.3,355,355,355,355,20,20,20,20,15,15,15,15,0,0,0,0,5,5,5,5,0,0,0,0,0,0,0,0,0,0,0,0,0,0,0,0,0,0,0,0,0,0,0,0,0,0,0,0,0,0,0,0,0,0,0,0,29.5201927460621
"259",2022-12-21,1,211,45.43524,-73.93385,1,6.58484446583373,7.27791863012232,5.31200103560663,4.79620107867684,6.22166469027678,6.57891910512093,6.4211694946639,6.94453716675289,118.3,118.3,118.3,118.3,355,355,355,355,20,20,20,20,15,15,15,15,0,0,0,0,5,5,5,5,0,0,0,0,0,0,0,0,0,0,0,0,0,0,0,0,0,0,0,0,0,0,0,0,0,0,0,0,0,0,0,0,0,0,0,0,311.821370547974
"260",2022-12-21,1,209,45.43516,-73.93365,1,5.33630387190341,7.97556415382602,6.27674609327616,4.94842482482415,5.05836161320846,6.13497871940786,6.45275858406973,6.92092648346321,118.3,118.3,118.3,118.3,355,355,355,355,20,20,20,20,15,15,15,15,0,0,0,0,5,5,5,5,0,0,0,0,0,0,0,0,0,0,0,0,0,0,0,0,0,0,0,0,0,0,0,0,0,0,0,0,0,0,0,0,0,0,0,0,294.973306415126
"261",2022-12-21,1,215,45.43519,-73.93361,1,6.28179484809442,8.27675646045757,6.52170680294993,5.09328868585854,5.13987787255189,6.00499594687688,6.49459510996253,7.00160082640963,118.3,118.3,118.3,118.3,355,355,355,355,20,20,20,20,15,15,15,15,0,0,0,0,5,5,5,5,0,0,0,0,0,0,0,0,0,0,0,0,0,0,0,0,0,0,0,0,0,0,0,0,0,0,0,0,0,0,0,0,0,0,0,0,292.392008813383
"262",2022-12-23,1,222,45.43672,-73.92966,1,3.10322977727735,5.14001394946509,4.28610148504991,4.35168139700421,3.65346010788122,5.2083354163173,4.47547996857383,4.94435916378944,3020.3,3020.3,3160.4,2824.35294117647,150,150,161.538461538462,194.803921568627,0,0,0,2.74509803921569,0,0,0,2.05882352941176,0,0,0,0,0,0,0,0.686274509803922,0,0,0,0,0,0,266.230961760649,1124.80013537569,0,0,21.9264504826757,68.4540779231868,0,0,0,6.9508075423073,0,0,0,5.21310565673048,0,0,0,0,0,0,0,1.73770188557683,0,0,0,0,151.845785373828,826.889439375897,3417.51903891148,14021.2258046032,20.1572282979147
"263",2022-12-23,1,215,45.43672,-73.92966,1,3.10322977727735,5.14001394946509,4.28610148504991,4.35168139700421,3.65346010788122,5.2083354163173,4.47547996857383,4.94435916378944,3020.3,3020.3,3160.4,2824.35294117647,150,150,161.538461538462,194.803921568627,0,0,0,2.74509803921569,0,0,0,2.05882352941176,0,0,0,0,0,0,0,0.686274509803922,0,0,0,0,0,0,266.230961760649,1124.80013537569,0,0,21.9264504826757,68.4540779231868,0,0,0,6.9508075423073,0,0,0,5.21310565673048,0,0,0,0,0,0,0,1.73770188557683,0,0,0,0,151.845785373828,826.889439375897,3417.51903891148,14021.2258046032,20.1572282979147
"264",2023-01-04,1,217,45.43084,-73.93885,1,3.30229735605221,3.9933077640012,3.6176267245304,5.17854083040364,3.52421092162011,5.59331511054021,5.88328597316807,7.37970054296998,118.3,118.3,118.3,118.3,355,355,355,355,20,20,20,20,15,15,15,15,0,0,0,0,5,5,5,5,0,0,0,0,0,0,0,0,0,0,0,0,0,0,0,0,0,0,0,0,0,0,0,0,0,0,0,0,0,0,0,0,0,0,0,0,94.0687722680768
"265",2023-01-04,1,213,45.42892,-73.93958,1,2.84795811932083,3.77125520663682,6.90758152490321,8.1844905666211,2.18278041529545,3.36374682829252,6.71797243289293,7.49262342759079,118.3,118.3,118.3,118.3,355,355,355,355,20,20,20,20,15,15,15,15,0,0,0,0,5,5,5,5,0,0,0,0,0,0,0,0,0,0,0,0,0,0,0,0,0,0,0,0,0,0,0,0,0,0,0,0,0,0,0,0,0,0,0,0,135.709547890684
"266",2023-01-04,1,207,45.42969,-73.93879,1,3.71474776848568,3.02457535936147,2.93207549599606,5.09608199944322,3.13651858618335,3.266503193376,4.15018628026864,6.16360706222264,118.3,118.3,118.3,118.3,355,355,355,355,20,20,20,20,15,15,15,15,0,0,0,0,5,5,5,5,0,0,0,0,0,0,0,0,0,0,0,0,0,0,0,0,0,0,0,0,0,0,0,0,0,0,0,0,0,0,0,0,0,0,0,0,49.2327814533457
"267",2023-01-04,1,224,45.42885,-73.93946,1,3.20007126779504,3.38887314617966,6.72502388993884,8.09466338486023,2.37350492911862,3.1113962382535,6.653358486822,7.40252050351462,118.3,118.3,118.3,118.3,355,355,355,355,20,20,20,20,15,15,15,15,0,0,0,0,5,5,5,5,0,0,0,0,0,0,0,0,0,0,0,0,0,0,0,0,0,0,0,0,0,0,0,0,0,0,0,0,0,0,0,0,0,0,0,0,145.816198617171
"268",2023-01-04,1,225,45.42885,-73.93946,1,3.20007126779504,3.38887314617966,6.72502388993884,8.09466338486023,2.37350492911862,3.1113962382535,6.653358486822,7.40252050351462,118.3,118.3,118.3,118.3,355,355,355,355,20,20,20,20,15,15,15,15,0,0,0,0,5,5,5,5,0,0,0,0,0,0,0,0,0,0,0,0,0,0,0,0,0,0,0,0,0,0,0,0,0,0,0,0,0,0,0,0,0,0,0,0,145.816198617171
"269",2023-01-04,1,219,45.43089,-73.93887,1,4.40787661294105,4.54327464607627,3.71514858149604,5.30333023635752,5.0795913998359,6.03510429990756,6.03419304615137,7.52492330638394,118.3,118.3,118.3,118.3,355,355,355,355,20,20,20,20,15,15,15,15,0,0,0,0,5,5,5,5,0,0,0,0,0,0,0,0,0,0,0,0,0,0,0,0,0,0,0,0,0,0,0,0,0,0,0,0,0,0,0,0,0,0,0,0,99.7755176842503
"270",2023-01-04,1,212,45.43055,-73.93966,1,3.0242457334132,2.96203200892038,4.55544152939004,8.0032515512052,3.39354810959208,3.49791630908517,5.57338614816365,8.70515233254151,118.3,118.3,118.3,118.3,355,355,355,355,20,20,20,20,15,15,15,15,0,0,0,0,5,5,5,5,0,0,0,0,0,0,0,0,0,0,0,0,0,0,0,0,0,0,0,0,0,0,0,0,0,0,0,0,0,0,0,0,0,0,0,0,115.527004598395
"271",2023-01-04,1,206,45.43253,-73.94022,1,15.2967920298482,17.7268915467079,15.4986130834865,13.5308315372482,4.68114068256808,6.91022388384347,8.83867697558467,10.9529950471141,118.3,118.3,118.3,118.3,355,355,355,355,20,20,20,20,15,15,15,15,0,0,0,0,5,5,5,5,0,0,0,0,0,0,0,0,0,0,0,0,0,0,0,0,0,0,0,0,0,0,0,0,0,0,0,0,0,0,0,0,0,0,0,0,301.41626658127
"272",2023-01-12,1,207,45.42998,-73.93845,1,1.14706570726842,2.89793319488277,3.01689356456397,3.75555385125062,1.74080424955313,4.38086889217367,4.32183890611376,5.48658898810929,118.3,118.3,118.3,118.3,355,355,355,355,20,20,20,20,15,15,15,15,0,0,0,0,5,5,5,5,0,0,0,0,0,0,0,0,0,0,0,0,0,0,0,0,0,0,0,0,0,0,0,0,0,0,0,0,0,0,0,0,0,0,0,0,7.67585326531113
"273",2023-01-12,1,225,45.42976,-73.93963,1,2.81816702607692,2.55130389461425,4.07182323094293,6.80566548545599,3.00262307486159,3.14521401081968,5.2270609205976,7.29575177905378,118.3,118.3,118.3,118.3,355,355,355,355,20,20,20,20,15,15,15,15,0,0,0,0,5,5,5,5,0,0,0,0,0,0,0,0,0,0,0,0,0,0,0,0,0,0,0,0,0,0,0,0,0,0,0,0,0,0,0,0,0,0,0,0,102.715947317153
"274",2023-01-12,1,224,45.42976,-73.93963,1,2.81816702607692,2.55130389461425,4.07182323094293,6.80566548545599,3.00262307486159,3.14521401081968,5.2270609205976,7.29575177905378,118.3,118.3,118.3,118.3,355,355,355,355,20,20,20,20,15,15,15,15,0,0,0,0,5,5,5,5,0,0,0,0,0,0,0,0,0,0,0,0,0,0,0,0,0,0,0,0,0,0,0,0,0,0,0,0,0,0,0,0,0,0,0,0,102.715947317153
"275",2023-01-12,1,217,45.42976,-73.93963,1,2.81816702607692,2.55130389461425,4.07182323094293,6.80566548545599,3.00262307486159,3.14521401081968,5.2270609205976,7.29575177905378,118.3,118.3,118.3,118.3,355,355,355,355,20,20,20,20,15,15,15,15,0,0,0,0,5,5,5,5,0,0,0,0,0,0,0,0,0,0,0,0,0,0,0,0,0,0,0,0,0,0,0,0,0,0,0,0,0,0,0,0,0,0,0,0,102.715947317153
"276",2023-01-12,1,206,45.43294,-73.94007,1,14.4704700715704,13.0353753022147,12.5660883761764,12.2853340462995,7.34840685336028,7.66107804584134,9.38406859166367,11.1529153275955,118.3,118.3,118.3,118.3,355,355,355,355,20,20,20,20,15,15,15,15,0,0,0,0,5,5,5,5,0,0,0,0,0,0,0,0,0,0,0,0,0,0,0,0,0,0,0,0,0,0,0,0,0,0,0,0,0,0,0,0,0,0,0,0,341.088679356291
"277",2023-01-12,1,209,45.43294,-73.94007,1,14.4704700715704,13.0353753022147,12.5660883761764,12.2853340462995,7.34840685336028,7.66107804584134,9.38406859166367,11.1529153275955,118.3,118.3,118.3,118.3,355,355,355,355,20,20,20,20,15,15,15,15,0,0,0,0,5,5,5,5,0,0,0,0,0,0,0,0,0,0,0,0,0,0,0,0,0,0,0,0,0,0,0,0,0,0,0,0,0,0,0,0,0,0,0,0,341.088679356291
"278",2023-01-12,1,213,45.43294,-73.94007,1,14.4704700715704,13.0353753022147,12.5660883761764,12.2853340462995,7.34840685336028,7.66107804584134,9.38406859166367,11.1529153275955,118.3,118.3,118.3,118.3,355,355,355,355,20,20,20,20,15,15,15,15,0,0,0,0,5,5,5,5,0,0,0,0,0,0,0,0,0,0,0,0,0,0,0,0,0,0,0,0,0,0,0,0,0,0,0,0,0,0,0,0,0,0,0,0,341.088679356291
"279",2023-01-12,1,219,45.43065,-73.94053,1,10.6126539101117,9.82554358532378,10.1949201763012,9.70304264560642,4.31434672300068,6.3060756041379,8.31258460335727,9.55007933275367,118.3,118.3,118.3,118.3,355,355,355,355,20,20,20,20,15,15,15,15,0,0,0,0,5,5,5,5,0,0,0,0,0,0,0,0,0,0,0,0,0,0,0,0,0,0,0,0,0,0,0,0,0,0,0,0,0,0,0,0,0,0,0,0,182.309539246078
"280",2023-01-19,1,222,45.43113,-73.93849,1,8.99209807019391,5.23523583125251,3.27521091736048,4.55710997274083,7.3993820767275,6.63289950072776,6.05067451946466,7.05470154213063,118.3,118.3,118.3,118.3,355,355,355,355,20,20,20,20,15,15,15,15,0,0,0,0,5,5,5,5,0,0,0,0,0,0,0,0,0,0,0,0,0,0,0,0,0,0,0,0,0,0,0,0,0,0,0,0,0,0,0,0,0,0,0,0,118.279615690486
"281",2023-01-19,1,212,45.43112,-73.93848,1,8.67027415686502,5.1356783262823,3.24593520480069,4.51444576909118,7.24501799603361,6.58212711117744,6.02851666217102,7.00508368854705,118.3,118.3,118.3,118.3,355,355,355,355,20,20,20,20,15,15,15,15,0,0,0,0,5,5,5,5,0,0,0,0,0,0,0,0,0,0,0,0,0,0,0,0,0,0,0,0,0,0,0,0,0,0,0,0,0,0,0,0,0,0,0,0,117.102852393888
"282",2023-01-19,1,206,45.43309,-73.93984,1,7.96457126578508,8.82792050032414,9.8634230968422,10.9211323464679,4.37958397849939,7.9781400727572,9.45842534477759,10.9326308589688,118.3,118.3,118.3,118.3,355,355,355,355,20,20,20,20,15,15,15,15,0,0,0,0,5,5,5,5,0,0,0,0,0,0,0,0,0,0,0,0,0,0,0,0,0,0,0,0,0,0,0,0,0,0,0,0,0,0,0,0,0,0,0,0,355.206486230857
"283",2023-01-19,1,209,45.43298,-73.93992,1,12.4512777153684,11.170624654196,10.9979378610966,11.4291142956562,7.90557280969332,8.32244570069424,9.45097274276893,11.0410135142027,118.3,118.3,118.3,118.3,355,355,355,355,20,20,20,20,15,15,15,15,0,0,0,0,5,5,5,5,0,0,0,0,0,0,0,0,0,0,0,0,0,0,0,0,0,0,0,0,0,0,0,0,0,0,0,0,0,0,0,0,0,0,0,0,345.85767564007
"284",2023-01-19,1,217,45.43096,-73.93857,1,6.41215870967938,4.68922496202986,3.28691158935246,4.45452775743019,6.11878922679892,6.08461636648123,5.86619583547305,6.90851964397787,118.3,118.3,118.3,118.3,355,355,355,355,20,20,20,20,15,15,15,15,0,0,0,0,5,5,5,5,0,0,0,0,0,0,0,0,0,0,0,0,0,0,0,0,0,0,0,0,0,0,0,0,0,0,0,0,0,0,0,0,0,0,0,0,100.370140025937
"285",2023-01-19,1,225,45.42908,-73.93878,1,1.9395358111407,2.6227530000104,3.10360507799902,6.15170534951531,3.29739464901515,3.76188625904585,3.61340425520431,6.64353193458954,118.3,118.3,118.3,118.3,355,355,355,355,20,20,20,20,15,15,15,15,0,0,0,0,5,5,5,5,0,0,0,0,0,0,0,0,0,0,0,0,0,0,0,0,0,0,0,0,0,0,0,0,0,0,0,0,0,0,0,0,0,0,0,0,109.253149512221
"286",2023-01-19,1,207,45.42908,-73.93878,1,1.9395358111407,2.6227530000104,3.10360507799902,6.15170534951531,3.29739464901515,3.76188625904585,3.61340425520431,6.64353193458954,118.3,118.3,118.3,118.3,355,355,355,355,20,20,20,20,15,15,15,15,0,0,0,0,5,5,5,5,0,0,0,0,0,0,0,0,0,0,0,0,0,0,0,0,0,0,0,0,0,0,0,0,0,0,0,0,0,0,0,0,0,0,0,0,109.253149512221
"287",2023-01-19,1,224,45.42908,-73.93878,1,1.9395358111407,2.6227530000104,3.10360507799902,6.15170534951531,3.29739464901515,3.76188625904585,3.61340425520431,6.64353193458954,118.3,118.3,118.3,118.3,355,355,355,355,20,20,20,20,15,15,15,15,0,0,0,0,5,5,5,5,0,0,0,0,0,0,0,0,0,0,0,0,0,0,0,0,0,0,0,0,0,0,0,0,0,0,0,0,0,0,0,0,0,0,0,0,109.253149512221
"288",2023-01-19,1,213,45.43,-73.93835,1,2.14880851232834,3.3929876049759,2.99344902965199,3.45414595459898,3.18158813531966,4.89895030824388,4.38820415719075,5.2406074355409,118.3,118.3,118.3,118.3,355,355,355,355,20,20,20,20,15,15,15,15,0,0,0,0,5,5,5,5,0,0,0,0,0,0,0,0,0,0,0,0,0,0,0,0,0,0,0,0,0,0,0,0,0,0,0,0,0,0,0,0,0,0,0,0,2.71766915401659
"289",2023-01-19,1,219,45.43005,-73.93851,1,1.13198780589256,2.40172011936659,2.96597057906101,3.88996569575657,1.67463612490916,3.9473855458837,4.13979854200619,5.66536691197356,118.3,118.3,118.3,118.3,355,355,355,355,20,20,20,20,15,15,15,15,0,0,0,0,5,5,5,5,0,0,0,0,0,0,0,0,0,0,0,0,0,0,0,0,0,0,0,0,0,0,0,0,0,0,0,0,0,0,0,0,0,0,0,0,11.4481887459791
"290",2023-01-22,1,213,45.43007,-73.93834,1,2.66557471313167,3.24641372418426,2.93762825837521,3.39835161299941,3.59524986682096,4.82292704589603,4.29162898075767,5.25293968577532,118.3,118.3,118.3,118.3,355,355,355,355,20,20,20,20,15,15,15,15,0,0,0,0,5,5,5,5,0,0,0,0,0,0,0,0,0,0,0,0,0,0,0,0,0,0,0,0,0,0,0,0,0,0,0,0,0,0,0,0,0,0,0,0,0.782300905548502
"291",2023-01-25,1,217,45.42976,-73.93844,1,0.957161751065098,2.90034755253141,3.3983966341917,3.98562038217767,1.75423857103494,3.84770143562421,4.57264894008294,5.44686828990324,118.3,118.3,118.3,118.3,355,355,355,355,20,20,20,20,15,15,15,15,0,0,0,0,5,5,5,5,0,0,0,0,0,0,0,0,0,0,0,0,0,0,0,0,0,0,0,0,0,0,0,0,0,0,0,0,0,0,0,0,0,0,0,0,29.4018063718892
"292",2023-01-25,1,219,45.42976,-73.93844,1,0.957161751065098,2.90034755253141,3.3983966341917,3.98562038217767,1.75423857103494,3.84770143562421,4.57264894008294,5.44686828990324,118.3,118.3,118.3,118.3,355,355,355,355,20,20,20,20,15,15,15,15,0,0,0,0,5,5,5,5,0,0,0,0,0,0,0,0,0,0,0,0,0,0,0,0,0,0,0,0,0,0,0,0,0,0,0,0,0,0,0,0,0,0,0,0,29.4018063718892
"293",2023-01-25,1,224,45.42956,-73.93862,1,3.0797197727664,2.89036785783778,3.45106890270398,4.92718064436366,2.8301569581647,3.68185226242519,4.56259705895643,6.08118590928743,118.3,118.3,118.3,118.3,355,355,355,355,20,20,20,20,15,15,15,15,0,0,0,0,5,5,5,5,0,0,0,0,0,0,0,0,0,0,0,0,0,0,0,0,0,0,0,0,0,0,0,0,0,0,0,0,0,0,0,0,0,0,0,0,54.7226229471414
"294",2023-01-25,1,207,45.43,-73.93841,1,1.4778276353026,3.09112821362083,2.97920070933178,3.62261274130027,2.22966136330751,4.63756621781041,4.32997707458442,5.38901548858836,118.3,118.3,118.3,118.3,355,355,355,355,20,20,20,20,15,15,15,15,0,0,0,0,5,5,5,5,0,0,0,0,0,0,0,0,0,0,0,0,0,0,0,0,0,0,0,0,0,0,0,0,0,0,0,0,0,0,0,0,0,0,0,0,3.83792619669622
"295",2023-01-25,1,225,45.4299,-73.9382,1,3.73305340250034,4.29061363099765,3.12596318914441,3.14613616238627,4.91205635314653,5.31097747398477,4.62729826641594,4.82544990389126,118.3,118.3,118.3,118.3,355,355,355,355,20,20,20,20,15,15,15,15,0,0,0,0,5,5,5,5,0,0,0,0,0,0,0,0,0,0,0,0,0,0,0,0,0,0,0,0,0,0,0,0,0,0,0,0,0,0,0,0,0,0,0,0,18.8315124291958
"296",2023-01-25,1,213,45.4308,-73.93883,1,2.78025458554984,3.60796169499687,3.50952145037167,5.06856840800179,2.83041563647687,5.29322946319979,5.6735654221189,7.25714688260465,118.3,118.3,118.3,118.3,355,355,355,355,20,20,20,20,15,15,15,15,0,0,0,0,5,5,5,5,0,0,0,0,0,0,0,0,0,0,0,0,0,0,0,0,0,0,0,0,0,0,0,0,0,0,0,0,0,0,0,0,0,0,0,0,89.3774259547141
"297",2023-01-25,1,209,45.4308,-73.93883,1,2.78025458554984,3.60796169499687,3.50952145037167,5.06856840800179,2.83041563647687,5.29322946319979,5.6735654221189,7.25714688260465,118.3,118.3,118.3,118.3,355,355,355,355,20,20,20,20,15,15,15,15,0,0,0,0,5,5,5,5,0,0,0,0,0,0,0,0,0,0,0,0,0,0,0,0,0,0,0,0,0,0,0,0,0,0,0,0,0,0,0,0,0,0,0,0,89.3774259547141
"298",2023-01-25,1,206,45.42996,-73.93822,1,4.11541318309546,4.05523930465347,3.05748017835478,3.13860724447048,4.95264440785938,5.25020402042125,4.54165206286653,4.89006615445376,118.3,118.3,118.3,118.3,355,355,355,355,20,20,20,20,15,15,15,15,0,0,0,0,5,5,5,5,0,0,0,0,0,0,0,0,0,0,0,0,0,0,0,0,0,0,0,0,0,0,0,0,0,0,0,0,0,0,0,0,0,0,0,0,13.4958836506549
"299",2023-01-25,1,212,45.42996,-73.93822,1,4.11541318309546,4.05523930465347,3.05748017835478,3.13860724447048,4.95264440785938,5.25020402042125,4.54165206286653,4.89006615445376,118.3,118.3,118.3,118.3,355,355,355,355,20,20,20,20,15,15,15,15,0,0,0,0,5,5,5,5,0,0,0,0,0,0,0,0,0,0,0,0,0,0,0,0,0,0,0,0,0,0,0,0,0,0,0,0,0,0,0,0,0,0,0,0,13.4958836506549
"300",2023-01-25,1,211,45.43872,-73.93103,1,15.0911707373113,11.3787982678979,8.53478177048458,8.00792759680369,9.65140772161999,9.26182327839631,8.53717234746023,8.99252484853112,118.3,118.3,836.433333333333,1414.91176470588,355,355,270.416666666667,207.647058823529,20,20,14.1666666666667,9.6078431372549,15,15,8.75,4.11764705882353,0,0,0,0,5,5,3.75,2.74509803921569,0,0,0,0,0,0,1317.02603918024,1469.57774529244,0,0,104.543560588905,91.5661124061542,0,0,8.74729395385519,8.99128117983761,0,0,7.72392975816656,6.76061257231482,0,0,0,0,0,0,2.26133508433323,2.51271277510902,0,0,0,0,126.750073358373,437.59385118037,3653.19776874903,9113.04028325361,161.762718703786
"301",2023-02-08,1,217,45.43002,-73.93859,1,1.20514780641453,2.07205374381516,3.01855289076996,4.15368127684313,1.76104807504823,3.27007717894674,4.08910155059223,5.85337210233231,118.3,118.3,118.3,118.3,355,355,355,355,20,20,20,20,15,15,15,15,0,0,0,0,5,5,5,5,0,0,0,0,0,0,0,0,0,0,0,0,0,0,0,0,0,0,0,0,0,0,0,0,0,0,0,0,0,0,0,0,0,0,0,0,17.2106347450733
"302",2023-02-08,1,219,45.42998,-73.93844,1,1.18187276437385,2.96614636300394,3.01287706886231,3.72547962177122,1.79832456451383,4.45642575428971,4.3327160891224,5.4599873407736,118.3,118.3,118.3,118.3,355,355,355,355,20,20,20,20,15,15,15,15,0,0,0,0,5,5,5,5,0,0,0,0,0,0,0,0,0,0,0,0,0,0,0,0,0,0,0,0,0,0,0,0,0,0,0,0,0,0,0,0,0,0,0,0,7.05257260215521
"303",2023-02-08,1,213,45.43057,-73.93891,1,1.88279832033048,1.79457477202471,3.16034297884253,5.24327696883956,2.43252035432482,2.46969830506498,4.64244315368362,7.20721242299268,118.3,118.3,118.3,118.3,355,355,355,355,20,20,20,20,15,15,15,15,0,0,0,0,5,5,5,5,0,0,0,0,0,0,0,0,0,0,0,0,0,0,0,0,0,0,0,0,0,0,0,0,0,0,0,0,0,0,0,0,0,0,0,0,70.7480519451558
"304",2023-02-08,1,207,45.43111,-73.93826,1,3.61589516167239,3.74412901576972,2.72579816396971,3.92718593880321,4.33916094136296,5.9542040352788,5.59714638528744,6.39022250696786,118.3,118.3,118.3,118.3,355,355,355,355,20,20,20,20,15,15,15,15,0,0,0,0,5,5,5,5,0,0,0,0,0,0,0,0,0,0,0,0,0,0,0,0,0,0,0,0,0,0,0,0,0,0,0,0,0,0,0,0,0,0,0,0,115.763668367345
"305",2023-02-08,1,224,45.43053,-73.93805,1,1.19078843979239,1.89178760840379,2.32542393579078,3.04642501018154,2.0195075112512,3.43892708266639,4.4686363276602,5.3061274066329,118.3,118.3,118.3,118.3,355,355,355,355,20,20,20,20,15,15,15,15,0,0,0,0,5,5,5,5,0,0,0,0,0,0,0,0,0,0,0,0,0,0,0,0,0,0,0,0,0,0,0,0,0,0,0,0,0,0,0,0,0,0,0,0,56.239278969228
"306",2023-02-08,1,212,45.4315,-73.93868,1,7.53498959784109,7.62272002400774,4.48026376548128,5.58062531263884,5.51893658485178,8.62676502992729,7.0763759469531,8.12948367731153,118.3,118.3,118.3,118.3,355,355,355,355,20,20,20,20,15,15,15,15,0,0,0,0,5,5,5,5,0,0,0,0,0,0,0,0,0,0,0,0,0,0,0,0,0,0,0,0,0,0,0,0,0,0,0,0,0,0,0,0,0,0,0,0,160.964034730253
"307",2023-02-08,1,206,45.4315,-73.93868,1,7.53498959784109,7.62272002400774,4.48026376548128,5.58062531263884,5.51893658485178,8.62676502992729,7.0763759469531,8.12948367731153,118.3,118.3,118.3,118.3,355,355,355,355,20,20,20,20,15,15,15,15,0,0,0,0,5,5,5,5,0,0,0,0,0,0,0,0,0,0,0,0,0,0,0,0,0,0,0,0,0,0,0,0,0,0,0,0,0,0,0,0,0,0,0,0,160.964034730253
"308",2023-02-08,1,225,45.43004,-73.93792,1,9.83008123463865,4.469542820277,2.59414995797008,2.62066871464992,5.21977107461312,5.48404453601679,4.47047069208605,4.44608467902912,118.3,118.3,118.3,118.3,355,355,355,355,20,20,20,20,15,15,15,15,0,0,0,0,5,5,5,5,0,0,0,0,0,0,0,0,0,0,0,0,0,0,0,0,0,0,0,0,0,0,0,0,0,0,0,0,0,0,0,0,0,0,0,0,33.8036803851601
"309",2023-02-16,1,222,45.43683,-73.93023,1,8.00441661102088,6.36048897637805,4.59481807135196,5.62859074411704,5.6082259607685,5.55811515312277,4.83556679916181,6.4845659643237,3020.3,3020.3,3070.89166666667,2297.7137254902,150,150,154.166666666667,221.078431372549,0,0,0,5.88235294117647,0,0,0,4.41176470588235,0,0,0,0,0,0,0,1.47058823529412,0,0,0,0,0,0,175.254674212511,1440.48365058679,0,0,14.4337567297406,89.466830308725,0,0,0,9.20357986616845,0,0,0,6.90268489962633,0,0,0,0,0,0,0,2.30089496654211,0,0,0,0,0,556.352447105487,4119.76376785842,13359.4746178904,48.7597379895776
"310",2023-02-16,1,221,45.43879,-73.9309,1,11.9019292818763,9.92636006171343,7.76455845841058,7.43483287931931,9.55906490036841,9.13182300839993,8.24678928073216,8.66740157273938,118.3,118.3,1081.95,1471.8137254902,355,355,270,203.627450980392,20,20,12.9166666666667,9.2156862745098,15,15,8.75,3.82352941176471,0,0,0,0,5,5,3.33333333333333,2.64705882352941,0,0,0,0,0,0,1431.62062553406,1474.54316518976,0,0,105.054098617634,89.4431575436185,0,0,9.64325796826074,8.96507384351115,0,0,7.72392975816656,6.60213869091809,0,0,0,0,0,0,2.46182981958665,2.52050415125042,0,0,0,0,135.013651146223,684.47606620469,3692.70290706156,9107.21867614043,166.087932373849
"311",2023-02-16,1,215,45.43879,-73.9309,1,11.9019292818763,9.92636006171343,7.76455845841058,7.43483287931931,9.55906490036841,9.13182300839993,8.24678928073216,8.66740157273938,118.3,118.3,1081.95,1471.8137254902,355,355,270,203.627450980392,20,20,12.9166666666667,9.2156862745098,15,15,8.75,3.82352941176471,0,0,0,0,5,5,3.33333333333333,2.64705882352941,0,0,0,0,0,0,1431.62062553406,1474.54316518976,0,0,105.054098617634,89.4431575436185,0,0,9.64325796826074,8.96507384351115,0,0,7.72392975816656,6.60213869091809,0,0,0,0,0,0,2.46182981958665,2.52050415125042,0,0,0,0,135.013651146223,684.47606620469,3692.70290706156,9107.21867614043,166.087932373849
"312",2023-02-16,1,211,45.43879,-73.9309,1,11.9019292818763,9.92636006171343,7.76455845841058,7.43483287931931,9.55906490036841,9.13182300839993,8.24678928073216,8.66740157273938,118.3,118.3,1081.95,1471.8137254902,355,355,270,203.627450980392,20,20,12.9166666666667,9.2156862745098,15,15,8.75,3.82352941176471,0,0,0,0,5,5,3.33333333333333,2.64705882352941,0,0,0,0,0,0,1431.62062553406,1474.54316518976,0,0,105.054098617634,89.4431575436185,0,0,9.64325796826074,8.96507384351115,0,0,7.72392975816656,6.60213869091809,0,0,0,0,0,0,2.46182981958665,2.52050415125042,0,0,0,0,135.013651146223,684.47606620469,3692.70290706156,9107.21867614043,166.087932373849
"313",2023-02-16,1,217,45.43005,-73.93793,1,9.70331786255194,4.42411681398308,2.58055596196803,2.62366277025037,5.23896921462967,5.4605551870066,4.44794203643203,4.46055918725222,118.3,118.3,118.3,118.3,355,355,355,355,20,20,20,20,15,15,15,15,0,0,0,0,5,5,5,5,0,0,0,0,0,0,0,0,0,0,0,0,0,0,0,0,0,0,0,0,0,0,0,0,0,0,0,0,0,0,0,0,0,0,0,0,32.9316998725347
"314",2023-02-16,1,212,45.42923,-73.93922,1,2.3433180384357,2.79216824010139,3.53956255477924,6.66402487444556,2.50185040843902,3.36376518600634,4.46579667708726,6.81005172749114,118.3,118.3,118.3,118.3,355,355,355,355,20,20,20,20,15,15,15,15,0,0,0,0,5,5,5,5,0,0,0,0,0,0,0,0,0,0,0,0,0,0,0,0,0,0,0,0,0,0,0,0,0,0,0,0,0,0,0,0,0,0,0,0,110.117391405103
"315",2023-02-16,1,207,45.42923,-73.93922,1,2.3433180384357,2.79216824010139,3.53956255477924,6.66402487444556,2.50185040843902,3.36376518600634,4.46579667708726,6.81005172749114,118.3,118.3,118.3,118.3,355,355,355,355,20,20,20,20,15,15,15,15,0,0,0,0,5,5,5,5,0,0,0,0,0,0,0,0,0,0,0,0,0,0,0,0,0,0,0,0,0,0,0,0,0,0,0,0,0,0,0,0,0,0,0,0,110.117391405103
"316",2023-02-16,1,206,45.42912,-73.93904,1,1.78980646502461,2.52646625255995,3.26953308226387,6.54363463598496,2.93303186819041,3.39349976342821,3.97040720457689,6.74663134206323,118.3,118.3,118.3,118.3,355,355,355,355,20,20,20,20,15,15,15,15,0,0,0,0,5,5,5,5,0,0,0,0,0,0,0,0,0,0,0,0,0,0,0,0,0,0,0,0,0,0,0,0,0,0,0,0,0,0,0,0,0,0,0,0,112.899143490955
"317",2023-02-22,1,212,45.43013,-73.93824,1,4.64310969763654,3.40973901748657,2.78503986610299,3.10278812779439,5.03975862788544,4.96492395313911,4.23305194320661,5.021616657368,118.3,118.3,118.3,118.3,355,355,355,355,20,20,20,20,15,15,15,15,0,0,0,0,5,5,5,5,0,0,0,0,0,0,0,0,0,0,0,0,0,0,0,0,0,0,0,0,0,0,0,0,0,0,0,0,0,0,0,0,0,0,0,0,10.8853552579806
"318",2023-02-22,1,225,45.43009,-73.93832,1,3.08210788773424,3.29486618566945,2.90132493909945,3.33427915739575,3.97028271230695,4.83735554381716,4.27087774438859,5.21124456843698,118.3,118.3,118.3,118.3,355,355,355,355,20,20,20,20,15,15,15,15,0,0,0,0,5,5,5,5,0,0,0,0,0,0,0,0,0,0,0,0,0,0,0,0,0,0,0,0,0,0,0,0,0,0,0,0,0,0,0,0,0,0,0,0,3.23197961050204
"319",2023-02-22,1,217,45.43032,-73.93958,1,2.53643728444822,2.30723359655289,3.56273063137696,7.26590117599224,2.65129169149689,3.04586656369617,4.14700065845177,8.14450692141253,118.3,118.3,118.3,118.3,355,355,355,355,20,20,20,20,15,15,15,15,0,0,0,0,5,5,5,5,0,0,0,0,0,0,0,0,0,0,0,0,0,0,0,0,0,0,0,0,0,0,0,0,0,0,0,0,0,0,0,0,0,0,0,0,100.151621197923
"320",2023-02-22,1,219,45.43453,-73.94603,1,4.30905326086147,9.20122764365105,16.4441266527579,18.2193639637433,4.22158161635588,8.12886358828126,8.67762914876987,10.0677207520824,118.3,118.3,115.142857142857,108.95,355,355,340.714285714286,312.692307692308,20,20,19.6428571428571,18.9423076923077,15,15,13.9285714285714,11.8269230769231,0,0,0,0,5,5,5,5,0,0,0,0,0,0,11.8129468925292,18.2273603867007,0,0,53.4522483824849,82.476743831225,0,0,1.33630620956212,2.06191859578062,0,0,4.00891862868636,6.18575578734188,0,0,0,0,0,0,0,0,0,0,0,0,0,0,302.983811029543,1275.81643195442,30.6569406412058
"321",2023-03-01,1,222,45.43695,-73.93084,1,5.45480093955996,4.80529463687275,5.4414414453924,7.59592875691779,6.43379486289261,5.07634217927999,5.76372300112696,7.93985190376521,3020.3,3020.3,2536.63333333333,1771.07450980392,150,150,184.166666666667,247.352941176471,0,0,3.33333333333333,9.01960784313725,0,0,2.5,6.76470588235294,0,0,0,0,0,0,0.833333333333333,2.25490196078431,0,0,0,0,0,0,1129.60196797837,1522.83264646423,0,0,79.7961417765561,99.5708438307945,0,0,7.78498944161523,10.0508511004361,0,0,5.83874208121142,7.53813832532706,0,0,0,0,0,0,1.94624736040381,2.51271277510902,0,0,0,0,391.69176861246,1294.79733047627,3212.59456348497,11655.5606637389,59.7202691448707
"322",2023-03-01,1,209,45.43595,-73.94028,1,9.61923919179246,9.39264814417175,10.3817156246278,12.2210645866625,10.8163434525268,11.8129681950737,12.3812563824071,11.6422834307191,118.3,118.3,118.3,118.3,355,355,355,355,20,20,20,20,15,15,15,15,0,0,0,0,5,5,5,5,0,0,0,0,0,0,0,0,0,0,0,0,0,0,0,0,0,0,0,0,0,0,0,0,0,0,0,0,0,0,0,0,0,0,0,441.272845759321,504.128742681963
"323",2023-03-01,1,207,45.43018,-73.93834,1,2.55223355640996,2.97420984217433,2.75208313752853,3.35467527560386,3.4690537701859,4.51053450963926,4.0726446416575,5.29744317048421,118.3,118.3,118.3,118.3,355,355,355,355,20,20,20,20,15,15,15,15,0,0,0,0,5,5,5,5,0,0,0,0,0,0,0,0,0,0,0,0,0,0,0,0,0,0,0,0,0,0,0,0,0,0,0,0,0,0,0,0,0,0,0,0,12.2465784678802
"324",2023-03-01,1,217,45.43068,-73.93987,1,3.57500502048342,4.68626790035167,6.03655965895819,8.8509121581249,4.31644184652466,4.58610686372338,6.83366687509286,9.18303153762087,118.3,118.3,118.3,118.3,355,355,355,355,20,20,20,20,15,15,15,15,0,0,0,0,5,5,5,5,0,0,0,0,0,0,0,0,0,0,0,0,0,0,0,0,0,0,0,0,0,0,0,0,0,0,0,0,0,0,0,0,0,0,0,0,136.86746703317
"325",2023-03-03,1,206,45.43018,-73.93834,1,2.55223355640996,2.97420984217433,2.75208313752853,3.35467527560386,3.4690537701859,4.51053450963926,4.0726446416575,5.29744317048421,118.3,118.3,118.3,118.3,355,355,355,355,20,20,20,20,15,15,15,15,0,0,0,0,5,5,5,5,0,0,0,0,0,0,0,0,0,0,0,0,0,0,0,0,0,0,0,0,0,0,0,0,0,0,0,0,0,0,0,0,0,0,0,0,12.2465784678802
"326",2023-03-03,1,225,45.42939,-73.93892,1,3.39612745946771,3.79306204300169,2.61674461182578,5.74690942306948,3.66550468772404,3.66552237063947,3.37656234699743,6.41878914125136,118.3,118.3,118.3,118.3,355,355,355,355,20,20,20,20,15,15,15,15,0,0,0,0,5,5,5,5,0,0,0,0,0,0,0,0,0,0,0,0,0,0,0,0,0,0,0,0,0,0,0,0,0,0,0,0,0,0,0,0,0,0,0,0,82.163135522006
"327",2023-03-03,1,207,45.42938,-73.93833,1,3.75401423152021,2.22563202385086,4.20423637433619,4.64312365643136,4.47063134413827,3.54879508096539,4.94591004772658,5.92837020074916,118.3,118.3,118.3,118.3,355,355,355,355,20,20,20,20,15,15,15,15,0,0,0,0,5,5,5,5,0,0,0,0,0,0,0,0,0,0,0,0,0,0,0,0,0,0,0,0,0,0,0,0,0,0,0,0,0,0,0,0,0,0,0,0,71.1761121224676
"328",2023-03-03,1,219,45.43269,-73.93982,1,20.3859376578495,13.3868720494755,10.6017202483591,11.1955303219063,9.0035907861007,8.50236730258821,8.96200144826095,10.9899436729816,118.3,118.3,118.3,118.3,355,355,355,355,20,20,20,20,15,15,15,15,0,0,0,0,5,5,5,5,0,0,0,0,0,0,0,0,0,0,0,0,0,0,0,0,0,0,0,0,0,0,0,0,0,0,0,0,0,0,0,0,0,0,0,0,312.98655398766
"329",2023-03-03,1,217,45.43277,-73.93998,1,18.5717904168732,14.1167129989555,11.9945870610642,11.9972289652034,9.27012591781917,7.87469769216758,9.17503904390825,11.1153037502994,118.3,118.3,118.3,118.3,355,355,355,355,20,20,20,20,15,15,15,15,0,0,0,0,5,5,5,5,0,0,0,0,0,0,0,0,0,0,0,0,0,0,0,0,0,0,0,0,0,0,0,0,0,0,0,0,0,0,0,0,0,0,0,0,325.959613218951
"330",2023-03-03,1,212,45.42983,-73.93833,1,0.885725933741495,3.70061656608302,3.27008873239677,3.55360220510433,1.53715838776291,4.85753586441649,4.59853501954835,5.11593227387946,118.3,118.3,118.3,118.3,355,355,355,355,20,20,20,20,15,15,15,15,0,0,0,0,5,5,5,5,0,0,0,0,0,0,0,0,0,0,0,0,0,0,0,0,0,0,0,0,0,0,0,0,0,0,0,0,0,0,0,0,0,0,0,0,21.3406451421628
"331",2023-03-09,1,217,45.42869,-73.93668,1,2.59752162127698,3.87461872690744,5.57406224239388,4.52226883656446,4.04046367314068,4.59909219051329,6.15573893728041,6.0399199400514,118.3,118.3,118.3,118.3,355,355,355,355,20,20,20,20,15,15,15,15,0,0,0,0,5,5,5,5,0,0,0,0,0,0,0,0,0,0,0,0,0,0,0,0,0,0,0,0,0,0,0,0,0,0,0,0,0,0,0,0,0,0,0,0,198.281505995304
"332",2023-03-09,1,219,45.43029,-73.9382,1,3.10713707860245,2.9385784816183,2.50873338244232,3.02854123307577,4.54927160691865,4.5290954216831,4.07675823572691,5.08655353419717,118.3,118.3,118.3,118.3,355,355,355,355,20,20,20,20,15,15,15,15,0,0,0,0,5,5,5,5,0,0,0,0,0,0,0,0,0,0,0,0,0,0,0,0,0,0,0,0,0,0,0,0,0,0,0,0,0,0,0,0,0,0,0,0,27.1139274986553
"333",2023-03-09,1,206,45.43018,-73.93822,1,4.69811506072178,3.26516245859835,2.66775309106336,3.03196230236694,5.1379564085049,4.86974670223665,4.1265798336254,4.99014269416379,118.3,118.3,118.3,118.3,355,355,355,355,20,20,20,20,15,15,15,15,0,0,0,0,5,5,5,5,0,0,0,0,0,0,0,0,0,0,0,0,0,0,0,0,0,0,0,0,0,0,0,0,0,0,0,0,0,0,0,0,0,0,0,0,15.8994842676638
"334",2023-03-09,1,225,45.43,-73.93819,1,5.22972479852805,3.98993120271169,2.97539920066832,3.04442921024467,5.42705559816602,5.26501596438782,4.49463904730568,4.8493391478695,118.3,118.3,118.3,118.3,355,355,355,355,20,20,20,20,15,15,15,15,0,0,0,0,5,5,5,5,0,0,0,0,0,0,0,0,0,0,0,0,0,0,0,0,0,0,0,0,0,0,0,0,0,0,0,0,0,0,0,0,0,0,0,0,14.2556813604174
"335",2023-03-12,1,212,45.43016,-73.93791,1,7.79870992363121,3.98998975310613,2.33064499394252,2.61542195699632,5.73032673585621,5.27785416407149,4.22567766011368,4.5923221037158,118.3,118.3,118.3,118.3,355,355,355,355,20,20,20,20,15,15,15,15,0,0,0,0,5,5,5,5,0,0,0,0,0,0,0,0,0,0,0,0,0,0,0,0,0,0,0,0,0,0,0,0,0,0,0,0,0,0,0,0,0,0,0,0,35.8442356422714
"336",2023-03-12,1,217,45.43125,-73.93852,1,8.99048878596376,5.69886186603615,3.53087397432532,4.8282737885216,7.56885323699175,6.78940564266579,6.2176681458499,7.3784444162699,118.3,118.3,118.3,118.3,355,355,355,355,20,20,20,20,15,15,15,15,0,0,0,0,5,5,5,5,0,0,0,0,0,0,0,0,0,0,0,0,0,0,0,0,0,0,0,0,0,0,0,0,0,0,0,0,0,0,0,0,0,0,0,0,131.776875091935
"337",2023-03-12,1,219,45.42934,-73.93868,1,3.09783818738749,3.5976125660336,3.42993881571837,5.43725346646162,3.74067340989848,4.0029868715985,4.3101853660647,6.29295045453532,118.3,118.3,118.3,118.3,355,355,355,355,20,20,20,20,15,15,15,15,0,0,0,0,5,5,5,5,0,0,0,0,0,0,0,0,0,0,0,0,0,0,0,0,0,0,0,0,0,0,0,0,0,0,0,0,0,0,0,0,0,0,0,0,79.3483669803361
"338",2023-03-12,1,225,45.42934,-73.93868,1,3.09783818738749,3.5976125660336,3.42993881571837,5.43725346646162,3.74067340989848,4.0029868715985,4.3101853660647,6.29295045453532,118.3,118.3,118.3,118.3,355,355,355,355,20,20,20,20,15,15,15,15,0,0,0,0,5,5,5,5,0,0,0,0,0,0,0,0,0,0,0,0,0,0,0,0,0,0,0,0,0,0,0,0,0,0,0,0,0,0,0,0,0,0,0,0,79.3483669803361
"339",2023-03-15,1,206,45.43,-73.93803,1,8.77703947841457,4.37955317934833,2.80885083553395,2.71947262253246,5.67787134680899,5.46104029872349,4.53725912298034,4.47494636742875,118.3,118.3,118.3,118.3,355,355,355,355,20,20,20,20,15,15,15,15,0,0,0,0,5,5,5,5,0,0,0,0,0,0,0,0,0,0,0,0,0,0,0,0,0,0,0,0,0,0,0,0,0,0,0,0,0,0,0,0,0,0,0,0,26.2139414053472
"340",2023-03-15,1,225,45.43,-73.93803,1,8.77703947841457,4.37955317934833,2.80885083553395,2.71947262253246,5.67787134680899,5.46104029872349,4.53725912298034,4.47494636742875,118.3,118.3,118.3,118.3,355,355,355,355,20,20,20,20,15,15,15,15,0,0,0,0,5,5,5,5,0,0,0,0,0,0,0,0,0,0,0,0,0,0,0,0,0,0,0,0,0,0,0,0,0,0,0,0,0,0,0,0,0,0,0,0,26.2139414053472
"341",2023-03-15,1,212,45.43023,-73.93995,1,3.64391037305842,3.50567183442372,4.91147247137657,7.80695662985617,3.18483013127744,3.94452120982113,5.2244607813106,8.44222737910603,118.3,118.3,118.3,118.3,355,355,355,355,20,20,20,20,15,15,15,15,0,0,0,0,5,5,5,5,0,0,0,0,0,0,0,0,0,0,0,0,0,0,0,0,0,0,0,0,0,0,0,0,0,0,0,0,0,0,0,0,0,0,0,0,125.786279424943
"342",2023-03-15,1,217,45.43001,-73.93832,1,2.71371365127917,3.50443703037242,2.98826008438671,3.37003916169699,3.7438037158907,4.98740245663456,4.39427510210803,5.17693714364537,118.3,118.3,118.3,118.3,355,355,355,355,20,20,20,20,15,15,15,15,0,0,0,0,5,5,5,5,0,0,0,0,0,0,0,0,0,0,0,0,0,0,0,0,0,0,0,0,0,0,0,0,0,0,0,0,0,0,0,0,0,0,0,0,4.06624308251959
"343",2023-03-15,1,219,45.43006,-73.93808,1,7.95065423462288,4.03225780301116,2.75935992928623,2.77448499163175,5.62883300642736,5.33595104380932,4.41941338373375,4.61426415804315,118.3,118.3,118.3,118.3,355,355,355,355,20,20,20,20,15,15,15,15,0,0,0,0,5,5,5,5,0,0,0,0,0,0,0,0,0,0,0,0,0,0,0,0,0,0,0,0,0,0,0,0,0,0,0,0,0,0,0,0,0,0,0,0,21.1513279468006
"344",2023-03-19,1,206,45.4301,-73.93834,1,2.72025482029968,3.18667809757193,2.88948067959603,3.38259713195789,3.61018555395779,4.7493483228499,4.23484365491366,5.26190195927558,118.3,118.3,118.3,118.3,355,355,355,355,20,20,20,20,15,15,15,15,0,0,0,0,5,5,5,5,0,0,0,0,0,0,0,0,0,0,0,0,0,0,0,0,0,0,0,0,0,0,0,0,0,0,0,0,0,0,0,0,0,0,0,0,3.42372799261287
"345",2023-03-19,1,219,45.4301,-73.93834,1,2.72025482029968,3.18667809757193,2.88948067959603,3.38259713195789,3.61018555395779,4.7493483228499,4.23484365491366,5.26190195927558,118.3,118.3,118.3,118.3,355,355,355,355,20,20,20,20,15,15,15,15,0,0,0,0,5,5,5,5,0,0,0,0,0,0,0,0,0,0,0,0,0,0,0,0,0,0,0,0,0,0,0,0,0,0,0,0,0,0,0,0,0,0,0,0,3.42372799261287
"346",2023-03-19,1,225,45.42914,-73.93837,1,4.25048304622799,2.57771699495951,4.30503762828749,5.42053065405943,5.09910642977104,3.86006453819813,4.84436275837796,6.35259162650092,118.3,118.3,118.3,118.3,355,355,355,355,20,20,20,20,15,15,15,15,0,0,0,0,5,5,5,5,0,0,0,0,0,0,0,0,0,0,0,0,0,0,0,0,0,0,0,0,0,0,0,0,0,0,0,0,0,0,0,0,0,0,0,0,97.7725233678494
"347",2023-03-19,1,212,45.43007,-73.93894,1,1.31646092214005,1.8516854755442,2.86313524753268,5.30467804173362,1.97940853462057,2.54097013246958,3.67811508300053,6.72726649133145,118.3,118.3,118.3,118.3,355,355,355,355,20,20,20,20,15,15,15,15,0,0,0,0,5,5,5,5,0,0,0,0,0,0,0,0,0,0,0,0,0,0,0,0,0,0,0,0,0,0,0,0,0,0,0,0,0,0,0,0,0,0,0,0,44.9358792405199
"348",2023-03-19,1,217,45.43007,-73.93894,1,1.31646092214005,1.8516854755442,2.86313524753268,5.30467804173362,1.97940853462057,2.54097013246958,3.67811508300053,6.72726649133145,118.3,118.3,118.3,118.3,355,355,355,355,20,20,20,20,15,15,15,15,0,0,0,0,5,5,5,5,0,0,0,0,0,0,0,0,0,0,0,0,0,0,0,0,0,0,0,0,0,0,0,0,0,0,0,0,0,0,0,0,0,0,0,0,44.9358792405199
"349",2023-03-21,1,215,45.43667,-73.93143,1,3.97900699258093,5.37735535651035,8.62810564648354,8.57100497997358,4.36332109709437,6.12999032497894,8.37470719530915,8.11728627081785,118.3,1085.63333333333,1327.46666666667,1357.2679245283,355,286.666666666667,269.583333333333,272.735849056604,20,13.3333333333333,11.6666666666667,11.6981132075472,15,10,8.75,8.77358490566038,0,0,0,0,5,3.33333333333333,2.91666666666667,2.92452830188679,0,0,0,0,0,1675.47048118829,1494.32294387996,1490.96396267309,0,118.356805183873,105.56037336161,99.2159941633552,0,11.5470053837925,10.2985730108887,9.94907205889531,0,8.66025403784439,7.72392975816656,7.46180404417149,0,0,0,0,0,2.88675134594813,2.57464325272219,2.48726801472383,0,0,0,0,293.746890628582,1007.43022575699,2634.71509174442,9596.04030147337,114.505000576105
"350",2023-03-21,1,211,45.43667,-73.93143,1,3.97900699258093,5.37735535651035,8.62810564648354,8.57100497997358,4.36332109709437,6.12999032497894,8.37470719530915,8.11728627081785,118.3,1085.63333333333,1327.46666666667,1357.2679245283,355,286.666666666667,269.583333333333,272.735849056604,20,13.3333333333333,11.6666666666667,11.6981132075472,15,10,8.75,8.77358490566038,0,0,0,0,5,3.33333333333333,2.91666666666667,2.92452830188679,0,0,0,0,0,1675.47048118829,1494.32294387996,1490.96396267309,0,118.356805183873,105.56037336161,99.2159941633552,0,11.5470053837925,10.2985730108887,9.94907205889531,0,8.66025403784439,7.72392975816656,7.46180404417149,0,0,0,0,0,2.88675134594813,2.57464325272219,2.48726801472383,0,0,0,0,293.746890628582,1007.43022575699,2634.71509174442,9596.04030147337,114.505000576105
"351",2023-03-21,1,225,45.42905,-73.93892,1,1.96654635846403,2.46026840724482,3.24118836538717,6.47547551984949,3.31575056455376,3.57822320012501,3.80435353621277,6.76172040846502,118.3,118.3,118.3,118.3,355,355,355,355,20,20,20,20,15,15,15,15,0,0,0,0,5,5,5,5,0,0,0,0,0,0,0,0,0,0,0,0,0,0,0,0,0,0,0,0,0,0,0,0,0,0,0,0,0,0,0,0,0,0,0,0,116.04360627558
"352",2023-03-21,1,217,45.43133,-73.93887,1,11.6881262490553,8.15557292698421,4.96065083295587,5.92103325585401,7.8678023093827,8.64013675007978,7.26266972234179,8.37843053924056,118.3,118.3,118.3,118.3,355,355,355,355,20,20,20,20,15,15,15,15,0,0,0,0,5,5,5,5,0,0,0,0,0,0,0,0,0,0,0,0,0,0,0,0,0,0,0,0,0,0,0,0,0,0,0,0,0,0,0,0,0,0,0,0,145.783045377109
"353",2023-03-21,1,206,45.4333,-73.93993,1,8.01923573824805,7.49167035741288,9.96621181981689,11.1536655911305,3.77099741135698,6.59329009525828,9.6637913099832,10.9756298855187,118.3,118.3,118.3,118.3,355,355,355,355,20,20,20,20,15,15,15,15,0,0,0,0,5,5,5,5,0,0,0,0,0,0,0,0,0,0,0,0,0,0,0,0,0,0,0,0,0,0,0,0,0,0,0,0,0,0,0,0,0,0,0,0,376.039917857113
"354",2023-03-21,1,210,45.43189,-73.94028,1,15.7071279168372,16.7496135335983,16.9773126982092,12.9508922842571,8.30103165665961,7.78447704229398,8.8249300674202,10.4187360739934,118.3,118.3,118.3,118.3,355,355,355,355,20,20,20,20,15,15,15,15,0,0,0,0,5,5,5,5,0,0,0,0,0,0,0,0,0,0,0,0,0,0,0,0,0,0,0,0,0,0,0,0,0,0,0,0,0,0,0,0,0,0,0,0,252.358654663164
"355",2023-03-24,1,217,45.43008,-73.93829,1,3.60773806734713,3.45764733016446,2.90320097829539,3.26206041300797,4.3941008268975,4.95356660896043,4.30879950630713,5.13910404881358,118.3,118.3,118.3,118.3,355,355,355,355,20,20,20,20,15,15,15,15,0,0,0,0,5,5,5,5,0,0,0,0,0,0,0,0,0,0,0,0,0,0,0,0,0,0,0,0,0,0,0,0,0,0,0,0,0,0,0,0,0,0,0,0,4.82350921684385
"356",2023-03-24,1,206,45.43008,-73.93829,1,3.60773806734713,3.45764733016446,2.90320097829539,3.26206041300797,4.3941008268975,4.95356660896043,4.30879950630713,5.13910404881358,118.3,118.3,118.3,118.3,355,355,355,355,20,20,20,20,15,15,15,15,0,0,0,0,5,5,5,5,0,0,0,0,0,0,0,0,0,0,0,0,0,0,0,0,0,0,0,0,0,0,0,0,0,0,0,0,0,0,0,0,0,0,0,0,4.82350921684385
"357",2023-03-25,1,215,45.43704,-73.93157,1,4.80712672199699,5.54186372829762,8.66179413634224,9.72233618112709,5.29564417073681,6.54461954349349,8.97086500756837,8.9860447651234,118.3,1085.63333333333,1327.46666666667,1267.37647058824,355,286.666666666667,269.583333333333,271.666666666667,20,13.3333333333333,11.6666666666667,12.0588235294118,15,10,8.75,8.82352941176471,0,0,0,0,5,3.33333333333333,2.91666666666667,3.03921568627451,0,0,0,0,0,1675.47048118829,1494.32294387996,1449.04795608541,0,118.356805183873,105.56037336161,100.829889748361,0,11.5470053837925,10.2985730108887,9.80696031338127,0,8.66025403784439,7.72392975816656,7.45575182621563,0,0,0,0,0,2.88675134594813,2.57464325272219,2.46544749945097,0,0,0,0,356.747898488657,990.5649253326,2728.99083288707,9282.10184238549,102.927075133643
"358",2023-03-27,1,217,45.43124,-73.93874,1,12.4938650661315,6.85850677529159,4.17891582144251,5.41251827785323,7.54519602480355,7.66035185934013,6.73999151921214,7.91608162123396,118.3,118.3,118.3,118.3,355,355,355,355,20,20,20,20,15,15,15,15,0,0,0,0,5,5,5,5,0,0,0,0,0,0,0,0,0,0,0,0,0,0,0,0,0,0,0,0,0,0,0,0,0,0,0,0,0,0,0,0,0,0,0,0,133.525329740724
"359",2023-03-27,1,206,45.4333,-73.93986,1,7.18860040329795,6.38378171085563,9.29267929703675,10.8003888701614,4.28050754863756,6.10184258072319,9.5668740607323,10.9053370186073,118.3,118.3,118.3,118.3,355,355,355,355,20,20,20,20,15,15,15,15,0,0,0,0,5,5,5,5,0,0,0,0,0,0,0,0,0,0,0,0,0,0,0,0,0,0,0,0,0,0,0,0,0,0,0,0,0,0,0,0,0,0,0,0,377.810464587398
"360",2023-03-27,1,212,45.43161,-73.93625,1,6.06020391036052,2.53865973762761,1.30747849409837,0.959861486883176,6.0331536072131,4.48262105684277,3.42221700215801,3.03695996638155,118.3,118.3,118.3,118.3,355,355,355,355,20,20,20,20,15,15,15,15,0,0,0,0,5,5,5,5,0,0,0,0,0,0,0,0,0,0,0,0,0,0,0,0,0,0,0,0,0,0,0,0,0,0,0,0,0,0,0,0,0,0,0,0,237.200611056214
"361",2023-03-29,1,217,45.42998,-73.93839,1,1.53362846859843,3.25957718779601,3.00444690863761,3.57739157191818,2.36040850157984,4.74680617710129,4.38019934736399,5.32771335127904,118.3,118.3,118.3,118.3,355,355,355,355,20,20,20,20,15,15,15,15,0,0,0,0,5,5,5,5,0,0,0,0,0,0,0,0,0,0,0,0,0,0,0,0,0,0,0,0,0,0,0,0,0,0,0,0,0,0,0,0,0,0,0,0,4.71157629014094
"362",2023-03-29,1,206,45.43075,-73.93958,1,2.71794801234228,2.80214396732638,5.90893986504099,8.24529858907451,3.32623532069874,3.5823600486463,7.01389787466514,9.03676752079839,118.3,118.3,118.3,118.3,355,355,355,355,20,20,20,20,15,15,15,15,0,0,0,0,5,5,5,5,0,0,0,0,0,0,0,0,0,0,0,0,0,0,0,0,0,0,0,0,0,0,0,0,0,0,0,0,0,0,0,0,0,0,0,0,122.338807751555
"363",2023-03-29,1,225,45.43071,-73.93564,1,4.62522871884785,2.38645693550134,1.3211895620951,0.998556165088974,4.55075510339006,4.01370958057156,3.19815928893522,3.05072091051765,118.3,118.3,118.3,118.3,355,355,355,355,20,20,20,20,15,15,15,15,0,0,0,0,5,5,5,5,0,0,0,0,0,0,0,0,0,0,0,0,0,0,0,0,0,0,0,0,0,0,0,0,0,0,0,0,0,0,0,0,0,0,0,0,223.609626125888
"364",2023-03-29,1,212,45.43137,-73.93613,1,4.58294440263149,2.66652234897104,1.25305176764949,0.963940803061446,5.14350512965957,4.66439842175283,3.2515163210272,2.93381600883001,118.3,118.3,118.3,118.3,355,355,355,355,20,20,20,20,15,15,15,15,0,0,0,0,5,5,5,5,0,0,0,0,0,0,0,0,0,0,0,0,0,0,0,0,0,0,0,0,0,0,0,0,0,0,0,0,0,0,0,0,0,0,0,0,225.882350331824
"365",2023-04-03,1,225,45.435,-73.93894,1,0.174060113200473,2.9871237123166,1.90543859048059,4.26364127535512,0.813561056770134,6.34274936081347,5.16824048135452,8.27513705465278,118.3,118.3,118.3,118.3,355,355,355,355,20,20,20,20,15,15,15,15,0,0,0,0,5,5,5,5,0,0,0,0,0,0,0,0,0,0,0,0,0,0,0,0,0,0,0,0,0,0,0,0,0,0,0,0,0,0,0,0,0,0,0,81.9304525559253,549.689633491818
"366",2023-04-03,1,217,45.42993,-73.93839,1,1.15683643537337,3.33777688009179,3.07767461870454,3.61152669230223,1.89706279460167,4.74261622043554,4.44121952994504,5.29380457569872,118.3,118.3,118.3,118.3,355,355,355,355,20,20,20,20,15,15,15,15,0,0,0,0,5,5,5,5,0,0,0,0,0,0,0,0,0,0,0,0,0,0,0,0,0,0,0,0,0,0,0,0,0,0,0,0,0,0,0,0,0,0,0,0,10.1211290354241
"367",2023-04-03,1,206,45.43034,-73.93778,1,2.63252915071923,2.7354522935155,1.9709422152542,2.6338697318808,4.3240583067765,4.74052110040235,3.94855589337133,4.71290002351355,118.3,118.3,118.3,118.3,355,355,355,355,20,20,20,20,15,15,15,15,0,0,0,0,5,5,5,5,0,0,0,0,0,0,0,0,0,0,0,0,0,0,0,0,0,0,0,0,0,0,0,0,0,0,0,0,0,0,0,0,0,0,0,0,53.7425813810129
"368",2023-04-03,1,212,45.43137,-73.93654,1,0.183161887034865,1.76496371395084,1.18119843671367,1.40906446324356,1.13638426791753,4.00386164690948,3.21937942583858,3.71281849751673,118.3,118.3,118.3,118.3,355,355,355,355,20,20,20,20,15,15,15,15,0,0,0,0,5,5,5,5,0,0,0,0,0,0,0,0,0,0,0,0,0,0,0,0,0,0,0,0,0,0,0,0,0,0,0,0,0,0,0,0,0,0,0,0,202.26485995996
"369",2023-04-03,1,215,45.43869,-73.9311,1,16.5738011600408,12.1794903661803,8.94919530126074,8.30990003747792,9.01359467910668,9.26784717852021,8.66923396554887,9.15138102290335,118.3,107.25,777.792307692308,1357.1431372549,355,305,261.538461538462,207.745098039216,20,18.75,14.2307692307692,9.90196078431372,15,11.25,8.07692307692308,4.11764705882353,0,0,0,0,5,5,3.84615384615385,2.84313725490196,0,0,0,0,0,22.1,1278.5597877179,1463.10111984851,0,100,105.086960327004,91.5058125229769,0,2.5,8.37808496568922,8.91572745649122,0,7.5,7.78311782494156,6.76061257231482,0,0,0,0,0,0,2.19264504826757,2.50098019999845,0,0,0,0,96.5856783539663,457.053956735848,3601.6212687202,9081.02952230349,160.602441954355
"370",2023-04-13,1,225,45.43069,-73.93906,1,1.90436567363847,2.53322251018744,3.66509604749971,5.95951365720373,2.14480322846323,3.43805009337213,5.40453288906923,7.77882289204241,118.3,118.3,118.3,118.3,355,355,355,355,20,20,20,20,15,15,15,15,0,0,0,0,5,5,5,5,0,0,0,0,0,0,0,0,0,0,0,0,0,0,0,0,0,0,0,0,0,0,0,0,0,0,0,0,0,0,0,0,0,0,0,0,88.4884227430855
"371",2023-04-13,1,217,45.43155,-73.93067,1,0.0474846989462672,0.0484277770141369,0.0691242111753614,0.716583014076067,0.0175784917186093,0.0216716041335343,0.296014384913246,2.80572259176017,118.3,118.3,118.3,118.3,355,355,355,355,20,20,20,20,15,15,15,15,0,0,0,0,5,5,5,5,0,0,0,0,0,0,0,0,0,0,0,0,0,0,0,0,0,0,0,0,0,0,0,0,0,0,0,0,0,0,0,0,0,0,0,242.45798086125,197.934634624752
