"","Date","Site","ID","Lat","Lon","Winter","Mean_Veg_Height_25_m","Mean_Veg_Height_50_m","Mean_Veg_Height_100_m","Mean_Veg_Height_200_m","Sd_Veg_Height_25_m","Sd_Veg_Height_50_m","Sd_Veg_Height_100_m","Sd_Veg_Height_200_m","mean_Pop_Dens_25_m","mean_Pop_Dens_50_m","mean_Pop_Dens_100_m","mean_Pop_Dens_200_m","mean_Single_House_25_m","mean_Single_House_50_m","mean_Single_House_100_m","mean_Single_House_200_m","mean_Semi_Detached_House_25_m","mean_Semi_Detached_House_50_m","mean_Semi_Detached_House_100_m","mean_Semi_Detached_House_200_m","mean_Row_House_25_m","mean_Row_House_50_m","mean_Row_House_100_m","mean_Row_House_200_m","mean_App_Duplex_25_m","mean_App_Duplex_50_m","mean_App_Duplex_100_m","mean_App_Duplex_200_m","mean_App_Less_5_Storeys_25_m","mean_App_Less_5_Storeys_50_m","mean_App_Less_5_Storeys_100_m","mean_App_Less_5_Storeys_200_m","mean_App_Over_5_Storeys_25_m","mean_App_Over_5_Storeys_50_m","mean_App_Over_5_Storeys_100_m","mean_App_Over_5_Storeys_200_m","sd_Pop_Dens_25_m","sd_Pop_Dens_50_m","sd_Pop_Dens_100_m","sd_Pop_Dens_200_m","sd_Single_House_25_m","sd_Single_House_50_m","sd_Single_House_100_m","sd_Single_House_200_m","sd_Semi_Detached_House_25_m","sd_Semi_Detached_House_50_m","sd_Semi_Detached_House_100_m","sd_Semi_Detached_House_200_m","sd_Row_House_25_m","sd_Row_House_50_m","sd_Row_House_100_m","sd_Row_House_200_m","sd_App_Duplex_25_m","sd_App_Duplex_50_m","sd_App_Duplex_100_m","sd_App_Duplex_200_m","sd_App_Less_5_Storeys_25_m","sd_App_Less_5_Storeys_50_m","sd_App_Less_5_Storeys_100_m","sd_App_Less_5_Storeys_200_m","sd_App_Over_5_Storeys_25_m","sd_App_Over_5_Storeys_50_m","sd_App_Over_5_Storeys_100_m","sd_App_Over_5_Storeys_200_m","Road_Length_25_m","Road_Length_50_m","Road_Length_100_m","Road_Length_200_m","Dist_to_Nearest_Feeder_m"
"1",2024-11-23,2,"641",45.43098,-73.93835,3,4.3561212226642,3.98632834110948,2.83088463023405,3.99306725010317,3.39623811835584,5.83895486605298,5.47775404733777,6.39342920332752,118.3,118.3,118.3,118.3,355,355,355,355,20,20,20,20,15,15,15,15,0,0,0,0,5,5,5,5,0,0,0,0,0,0,0,0,0,0,0,0,0,0,0,0,0,0,0,0,0,0,0,0,0,0,0,0,0,0,0,0,0,0,0,0,101.105694407495
"2",2024-11-23,2,"645",45.43069,-73.9388,3,2.58626261748025,2.55693388933549,3.29272678637322,4.85566191345354,2.72563534257908,4.12426203400872,5.15527740337778,6.99889410861164,118.3,118.3,118.3,118.3,355,355,355,355,20,20,20,20,15,15,15,15,0,0,0,0,5,5,5,5,0,0,0,0,0,0,0,0,0,0,0,0,0,0,0,0,0,0,0,0,0,0,0,0,0,0,0,0,0,0,0,0,0,0,0,0,77.3591985289696
"3",2024-11-26,2,"641",45.4295,-73.93832,3,1.83032085090286,2.63198210960892,3.97504861956267,4.29935096980486,2.7758161945162,3.7660286818903,4.86133233604063,5.69810322757575,118.3,118.3,118.3,118.3,355,355,355,355,20,20,20,20,15,15,15,15,0,0,0,0,5,5,5,5,0,0,0,0,0,0,0,0,0,0,0,0,0,0,0,0,0,0,0,0,0,0,0,0,0,0,0,0,0,0,0,0,0,0,0,0,57.9069348025035
"4",2024-12-01,2,"645",45.43132,-73.93851,3,7.6278161029426,5.78529328966059,3.62464226887929,4.87637481697376,6.90178500335511,7.01390072637628,6.30459142151522,7.47139857636335,118.3,118.3,118.3,118.3,355,355,355,355,20,20,20,20,15,15,15,15,0,0,0,0,5,5,5,5,0,0,0,0,0,0,0,0,0,0,0,0,0,0,0,0,0,0,0,0,0,0,0,0,0,0,0,0,0,0,0,0,0,0,0,0,139.444342020011
"5",2024-12-06,2,"645",45.43098,-73.93837,3,4.54832475199959,4.07692884178557,2.88479412599725,4.03973241817147,3.37427875369633,5.84863837004841,5.54091876390868,6.44590185466191,118.3,118.3,118.3,118.3,355,355,355,355,20,20,20,20,15,15,15,15,0,0,0,0,5,5,5,5,0,0,0,0,0,0,0,0,0,0,0,0,0,0,0,0,0,0,0,0,0,0,0,0,0,0,0,0,0,0,0,0,0,0,0,0,101.117799364927
"6",2024-12-13,2,"645",45.43003,-73.93849,3,1.12452597817392,2.54000124576209,2.9746959538632,3.839406917669,1.67593323899446,4.09295904437255,4.19569735755913,5.60601076935785,118.3,118.3,118.3,118.3,355,355,355,355,20,20,20,20,15,15,15,15,0,0,0,0,5,5,5,5,0,0,0,0,0,0,0,0,0,0,0,0,0,0,0,0,0,0,0,0,0,0,0,0,0,0,0,0,0,0,0,0,0,0,0,0,9.45313761689107
"7",2024-12-13,2,"641",45.42905,-73.9381,3,2.58315011526792,3.78605564656834,4.66659408472664,5.22979893894273,4.28572998533216,4.45383402325535,4.98713993062776,6.26626368124106,118.3,118.3,118.3,118.3,355,355,355,355,20,20,20,20,15,15,15,15,0,0,0,0,5,5,5,5,0,0,0,0,0,0,0,0,0,0,0,0,0,0,0,0,0,0,0,0,0,0,0,0,0,0,0,0,0,0,0,0,0,0,0,0,109.822374185049
"8",2024-12-22,2,"641",45.42997,-73.93848,3,1.08890297474627,2.75164731691634,3.04132721105087,3.85326221023976,1.64347908221555,4.15078056716604,4.30672722926797,5.55987903096918,118.3,118.3,118.3,118.3,355,355,355,355,20,20,20,20,15,15,15,15,0,0,0,0,5,5,5,5,0,0,0,0,0,0,0,0,0,0,0,0,0,0,0,0,0,0,0,0,0,0,0,0,0,0,0,0,0,0,0,0,0,0,0,0,10.2426772919037
"9",2024-12-22,1,"625b",45.42998,-73.93848,3,1.090585833961,2.72503052214373,3.02794467347391,3.8447020735468,1.64236825663444,4.15665585884888,4.29150294775502,5.56303316607668,118.3,118.3,118.3,118.3,355,355,355,355,20,20,20,20,15,15,15,15,0,0,0,0,5,5,5,5,0,0,0,0,0,0,0,0,0,0,0,0,0,0,0,0,0,0,0,0,0,0,0,0,0,0,0,0,0,0,0,0,0,0,0,0,9.68516942026296
"10",2024-12-22,2,"645",45.43048,-73.93918,3,1.3132076515928,1.92284267578511,3.46193460048687,6.33324167426331,2.10872543708832,2.51311097566868,4.552260405697,7.80537017602307,118.3,118.3,118.3,118.3,355,355,355,355,20,20,20,20,15,15,15,15,0,0,0,0,5,5,5,5,0,0,0,0,0,0,0,0,0,0,0,0,0,0,0,0,0,0,0,0,0,0,0,0,0,0,0,0,0,0,0,0,0,0,0,0,79.316368270733
"11",2025-01-02,2,"645",45.42904,-73.938,3,1.66011717024349,4.5158280380512,4.61538389920511,5.11503226981143,3.10189477354671,4.82751042979006,5.03809793633432,6.23249121368715,118.3,118.3,118.3,118.3,355,355,355,355,20,20,20,20,15,15,15,15,0,0,0,0,5,5,5,5,0,0,0,0,0,0,0,0,0,0,0,0,0,0,0,0,0,0,0,0,0,0,0,0,0,0,0,0,0,0,0,0,0,0,0,0,112.664782003506
"12",2025-01-02,1,"625b",45.43024,-73.93998,3,4.16149539113165,3.64107184358508,5.07252907290933,7.87924042817355,3.56685409135298,4.0025969422902,5.3693087424318,8.49492677029886,118.3,118.3,118.3,118.3,355,355,355,355,20,20,20,20,15,15,15,15,0,0,0,0,5,5,5,5,0,0,0,0,0,0,0,0,0,0,0,0,0,0,0,0,0,0,0,0,0,0,0,0,0,0,0,0,0,0,0,0,0,0,0,0,128.300208756028
"13",2025-01-02,2,"641",45.43029,-73.93999,3,4.33546374454166,4.08380560781426,5.14758797623428,7.98674295546738,3.68740598151827,4.21688755078121,5.43999673380397,8.58307653385795,118.3,118.3,118.3,118.3,355,355,355,355,20,20,20,20,15,15,15,15,0,0,0,0,5,5,5,5,0,0,0,0,0,0,0,0,0,0,0,0,0,0,0,0,0,0,0,0,0,0,0,0,0,0,0,0,0,0,0,0,0,0,0,0,130.234556822613
"14",2025-01-07,1,"625b",45.42982,-73.93848,3,0.974290095749137,2.84338335835519,3.32617169338221,4.02023379687951,1.73032089178256,3.79403365949439,4.48497725471629,5.53127425669108,118.3,118.3,118.3,118.3,355,355,355,355,20,20,20,20,15,15,15,15,0,0,0,0,5,5,5,5,0,0,0,0,0,0,0,0,0,0,0,0,0,0,0,0,0,0,0,0,0,0,0,0,0,0,0,0,0,0,0,0,0,0,0,0,23.8290974738577
"15",2025-01-07,2,"645",45.43024,-73.93782,3,5.1104620744154,3.50139557738929,2.13042122033829,2.60976311610731,5.77568146766658,5.15833076768801,4.11572259726839,4.65672031030059,118.3,118.3,118.3,118.3,355,355,355,355,20,20,20,20,15,15,15,15,0,0,0,0,5,5,5,5,0,0,0,0,0,0,0,0,0,0,0,0,0,0,0,0,0,0,0,0,0,0,0,0,0,0,0,0,0,0,0,0,0,0,0,0,45.5613870875457
"16",2025-01-07,2,"641",45.42848,-73.93703,3,4.86365106165379,5.63351572022901,6.83205146222623,5.08573463278963,4.09548673952824,4.93239043764911,6.3246869327469,6.34953131930031,118.3,118.3,118.3,118.3,355,355,355,355,20,20,20,20,15,15,15,15,0,0,0,0,5,5,5,5,0,0,0,0,0,0,0,0,0,0,0,0,0,0,0,0,0,0,0,0,0,0,0,0,0,0,0,0,0,0,0,0,0,0,0,0,200.661820153043
"17",2025-01-14,2,"641",45.43579,-73.94461,3,7.8684487712627,8.65691386805021,9.44841728952298,12.4784643733424,7.49770407920046,8.64029879750262,9.60154584662135,10.3382805771362,118.3,118.3,118.3,114.9,355,355,355,339.615384615385,20,20,20,19.6153846153846,15,15,15,13.8461538461538,0,0,0,0,5,5,5,5,0,0,0,0,0,0,0,11.8928549978548,0,0,0,53.8138235197049,0,0,0,1.34534558799262,0,0,0,4.03603676397788,0,0,0,0,0,0,0,0,0,0,0,0,0,0,182.877753938654,632.18170560174,201.327679194344
"18",2025-01-14,2,"645",45.42871,-73.93086,3,0.0556297652396786,0.0580099454082724,0.0526426814799256,0.0576028116246755,0.0244035469695444,0.0291808078450722,0.0315783233537071,0.214144993422367,118.3,118.3,118.3,118.3,355,355,355,355,20,20,20,20,15,15,15,15,0,0,0,0,5,5,5,5,0,0,0,0,0,0,0,0,0,0,0,0,0,0,0,0,0,0,0,0,0,0,0,0,0,0,0,0,0,0,0,0,0,0,0,0,381.47951573666
"19",2025-02-08,2,"645",45.43122,-73.93854,3,9.88312820155591,5.67991330172408,3.52198236329914,4.83964696438106,7.64206460396069,6.73941586978588,6.20757093065317,7.3754799720408,118.3,118.3,118.3,118.3,355,355,355,355,20,20,20,20,15,15,15,15,0,0,0,0,5,5,5,5,0,0,0,0,0,0,0,0,0,0,0,0,0,0,0,0,0,0,0,0,0,0,0,0,0,0,0,0,0,0,0,0,0,0,0,0,128.632565732493
"20",2025-02-11,2,"645",45.43015,-73.9378,3,7.35822196256978,4.10726025470257,2.23387367464463,2.55820237286652,6.10372173882087,5.3845155192804,4.2460084074935,4.5104538939726,118.3,118.3,118.3,118.3,355,355,355,355,20,20,20,20,15,15,15,15,0,0,0,0,5,5,5,5,0,0,0,0,0,0,0,0,0,0,0,0,0,0,0,0,0,0,0,0,0,0,0,0,0,0,0,0,0,0,0,0,0,0,0,0,43.9350134547161
"21",2025-02-22,1,"625b",45.42359,-73.93607,3,4.28162837720099,4.04419762179021,5.02884262625508,4.39836499164201,4.08723115932442,4.83360743525353,6.04681697078921,6.42853543172646,118.3,118.3,118.3,118.3,355,355,355,355,20,20,20,20,15,15,15,15,0,0,0,0,5,5,5,5,0,0,0,0,0,0,0,0,0,0,0,0,0,0,0,0,0,0,0,0,0,0,0,0,0,0,0,0,0,0,0,0,0,0,287.209764503968,3596.74000953119,228.655085240575
"22",2025-02-22,2,"645",45.43009,-73.93855,3,1.13815172626628,2.13819777075201,2.94562024518507,4.01573189996531,1.70153786906381,3.65212886195352,4.01828505336152,5.81627872537301,118.3,118.3,118.3,118.3,355,355,355,355,20,20,20,20,15,15,15,15,0,0,0,0,5,5,5,5,0,0,0,0,0,0,0,0,0,0,0,0,0,0,0,0,0,0,0,0,0,0,0,0,0,0,0,0,0,0,0,0,0,0,0,0,15.8030227985821
"23",2025-03-06,2,"645",45.4304,-73.93922,3,1.23325509777253,2.04541530181389,3.34483804837227,6.39635258708161,2.09884191399185,2.64839494189192,4.32041917169334,7.74918069572199,118.3,118.3,118.3,118.3,355,355,355,355,20,20,20,20,15,15,15,15,0,0,0,0,5,5,5,5,0,0,0,0,0,0,0,0,0,0,0,0,0,0,0,0,0,0,0,0,0,0,0,0,0,0,0,0,0,0,0,0,0,0,0,0,77.3075698945119
"24",2025-03-13,1,"625b",45.42361,-73.93592,3,3.52470970736503,3.68608652054123,5.57533397437156,4.42657809679356,3.76989093599179,4.48163023470519,6.14345034553473,6.38360875619399,118.3,118.3,118.3,118.3,355,355,355,355,20,20,20,20,15,15,15,15,0,0,0,0,5,5,5,5,0,0,0,0,0,0,0,0,0,0,0,0,0,0,0,0,0,0,0,0,0,0,0,0,0,0,0,0,0,0,0,0,0,0,354.724788459923,3750.17112190414,220.074867654324
"25",2025-03-13,2,"645",45.42995,-73.93848,3,1.10450758183668,2.80010937552411,3.06728731411275,3.8710731954839,1.68100105506105,4.12774968170433,4.33674303374137,5.55073932929651,118.3,118.3,118.3,118.3,355,355,355,355,20,20,20,20,15,15,15,15,0,0,0,0,5,5,5,5,0,0,0,0,0,0,0,0,0,0,0,0,0,0,0,0,0,0,0,0,0,0,0,0,0,0,0,0,0,0,0,0,0,0,0,0,11.5990910424672
"26",2025-03-18,1,"625b",45.42559,-73.93602,3,7.00985695585915,6.55473500449222,5.17026633383182,4.3051580181341,5.96851135138296,5.82346040026721,6.63664658763185,6.83009987622876,118.3,118.3,118.3,118.3,355,355,355,355,20,20,20,20,15,15,15,15,0,0,0,0,5,5,5,5,0,0,0,0,0,0,0,0,0,0,0,0,0,0,0,0,0,0,0,0,0,0,0,0,0,0,0,0,0,0,0,0,0,0,0,0,393.036467946551
"27",2025-03-18,2,"645",45.43059,-73.93869,3,2.073955317298,1.78880147230245,3.01086675093145,4.41673091475291,2.54387284078979,2.52049196844255,4.67201751373756,6.60759321131425,118.3,118.3,118.3,118.3,355,355,355,355,20,20,20,20,15,15,15,15,0,0,0,0,5,5,5,5,0,0,0,0,0,0,0,0,0,0,0,0,0,0,0,0,0,0,0,0,0,0,0,0,0,0,0,0,0,0,0,0,0,0,0,0,63.6032458109597
"28",2025-03-25,1,"625b",45.43087,-73.93834,3,3.35514000782355,3.46750406391317,2.72331883381413,3.80849850346767,2.96619451706892,5.39052787574172,5.10750925558273,6.18507865641565,118.3,118.3,118.3,118.3,355,355,355,355,20,20,20,20,15,15,15,15,0,0,0,0,5,5,5,5,0,0,0,0,0,0,0,0,0,0,0,0,0,0,0,0,0,0,0,0,0,0,0,0,0,0,0,0,0,0,0,0,0,0,0,0,88.8875687164947
"29",2025-03-25,2,"645",45.4304,-73.93798,3,2.73045854379012,2.52864257419643,2.13312537901667,2.83643367298914,3.90924731154328,4.34239285279658,4.05945768998543,4.98228606690864,118.3,118.3,118.3,118.3,355,355,355,355,20,20,20,20,15,15,15,15,0,0,0,0,5,5,5,5,0,0,0,0,0,0,0,0,0,0,0,0,0,0,0,0,0,0,0,0,0,0,0,0,0,0,0,0,0,0,0,0,0,0,0,0,46.7131273079477
"30",2025-04-05,2,"645",45.43089,-73.9391,3,2.67713541892205,4.02998207767307,4.55543881687776,6.29871344548899,3.12353177655817,5.8788175783463,6.5363647209672,8.22213577434649,118.3,118.3,118.3,118.3,355,355,355,355,20,20,20,20,15,15,15,15,0,0,0,0,5,5,5,5,0,0,0,0,0,0,0,0,0,0,0,0,0,0,0,0,0,0,0,0,0,0,0,0,0,0,0,0,0,0,0,0,0,0,0,0,108.364034598996
"31",2025-04-05,1,"625b",45.43151,-73.93867,3,7.2694136418334,7.50300299379205,4.45996233825034,5.55653690880905,5.57289043732226,8.58250398294715,7.061819275483,8.11316316630243,118.3,118.3,118.3,118.3,355,355,355,355,20,20,20,20,15,15,15,15,0,0,0,0,5,5,5,5,0,0,0,0,0,0,0,0,0,0,0,0,0,0,0,0,0,0,0,0,0,0,0,0,0,0,0,0,0,0,0,0,0,0,0,0,161.938027782416
"32",2025-04-08,2,"645",45.43163,-73.93872,3,6.65763341500864,7.43781166698202,4.80830769931267,5.81192160450474,5.49090923955892,8.37111121975514,7.29161181319685,8.3244634062571,118.3,118.3,118.3,118.3,355,355,355,355,20,20,20,20,15,15,15,15,0,0,0,0,5,5,5,5,0,0,0,0,0,0,0,0,0,0,0,0,0,0,0,0,0,0,0,0,0,0,0,0,0,0,0,0,0,0,0,0,0,0,0,0,175.724285967117
"33",2025-04-08,1,"625b",45.43161,-73.93872,3,6.86874024519074,7.57635115069542,4.77080936284322,5.80538632804436,5.48030635059547,8.45411490349021,7.27150298487377,8.31303007025198,118.3,118.3,118.3,118.3,355,355,355,355,20,20,20,20,15,15,15,15,0,0,0,0,5,5,5,5,0,0,0,0,0,0,0,0,0,0,0,0,0,0,0,0,0,0,0,0,0,0,0,0,0,0,0,0,0,0,0,0,0,0,0,0,173.532921205983
"34",2025-04-13,1,"625b",45.42985,-73.93959,3,2.25550450121833,2.54700681240266,3.60348222803177,6.7390889958234,2.92745586313552,3.03533349321511,4.51525747754288,7.35107690816185,118.3,118.3,118.3,118.3,355,355,355,355,20,20,20,20,15,15,15,15,0,0,0,0,5,5,5,5,0,0,0,0,0,0,0,0,0,0,0,0,0,0,0,0,0,0,0,0,0,0,0,0,0,0,0,0,0,0,0,0,0,0,0,0,97.2919449597005
"35",2025-04-13,2,"645",45.43036,-73.93975,3,2.76360544278219,3.332118513809,4.10672097775931,7.72725867971417,2.8214000771647,3.93254664292932,4.70965425250231,8.44743455326624,118.3,118.3,118.3,118.3,355,355,355,355,20,20,20,20,15,15,15,15,0,0,0,0,5,5,5,5,0,0,0,0,0,0,0,0,0,0,0,0,0,0,0,0,0,0,0,0,0,0,0,0,0,0,0,0,0,0,0,0,0,0,0,0,114.163006837714
"36",2025-04-17,1,"625b",45.43154,-73.9387,3,7.1877611696203,7.74245841344676,4.60712133210529,5.68188895252235,5.41286324030605,8.6506894458559,7.17251754986176,8.21268350547331,118.3,118.3,118.3,118.3,355,355,355,355,20,20,20,20,15,15,15,15,0,0,0,0,5,5,5,5,0,0,0,0,0,0,0,0,0,0,0,0,0,0,0,0,0,0,0,0,0,0,0,0,0,0,0,0,0,0,0,0,0,0,0,0,165.603727614746
"37",2025-04-17,2,"645",45.43005,-73.93933,3,2.41814455854782,2.1478607779416,2.72240738420188,6.36729876350591,2.72426420752903,2.75211845776295,3.3503605444021,7.33437969296743,118.3,118.3,118.3,118.3,355,355,355,355,20,20,20,20,15,15,15,15,0,0,0,0,5,5,5,5,0,0,0,0,0,0,0,0,0,0,0,0,0,0,0,0,0,0,0,0,0,0,0,0,0,0,0,0,0,0,0,0,0,0,0,0,75.1748574703036
"38",2025-04-19,2,"645",45.43166,-73.93874,3,6.53694752256783,7.34911340799987,4.93966827875733,5.89314465501753,5.38788718929561,8.27442549870923,7.36824407269593,8.39448768463604,118.3,118.3,118.3,118.3,355,355,355,355,20,20,20,20,15,15,15,15,0,0,0,0,5,5,5,5,0,0,0,0,0,0,0,0,0,0,0,0,0,0,0,0,0,0,0,0,0,0,0,0,0,0,0,0,0,0,0,0,0,0,0,0,179.272381038
"39",2025-04-22,2,"645",45.43082,-73.9386,3,3.40982164821899,3.96917527515038,3.14844465498536,4.29730467388988,2.97051769288418,5.50883256506991,5.41997917669944,6.70798519351185,118.3,118.3,118.3,118.3,355,355,355,355,20,20,20,20,15,15,15,15,0,0,0,0,5,5,5,5,0,0,0,0,0,0,0,0,0,0,0,0,0,0,0,0,0,0,0,0,0,0,0,0,0,0,0,0,0,0,0,0,0,0,0,0,85.5931746774891
"40",2025-05-08,4,"627",45.4311,-73.93875,3,9.80461517815925,5.86105011588503,3.85803136086686,5.19145690044506,7.82673116876428,6.69427198258414,6.35203819710087,7.67249380839217,118.3,118.3,118.3,118.3,355,355,355,355,20,20,20,20,15,15,15,15,0,0,0,0,5,5,5,5,0,0,0,0,0,0,0,0,0,0,0,0,0,0,0,0,0,0,0,0,0,0,0,0,0,0,0,0,0,0,0,0,0,0,0,0,118.639372358837
"41",2025-05-08,4,"641",45.43053,-73.94024,3,6.90631487707358,6.81974903123201,7.30687221283289,8.94583014634576,4.53471247430803,5.04155357628089,7.16699738718259,9.17882008151886,118.3,118.3,118.3,118.3,355,355,355,355,20,20,20,20,15,15,15,15,0,0,0,0,5,5,5,5,0,0,0,0,0,0,0,0,0,0,0,0,0,0,0,0,0,0,0,0,0,0,0,0,0,0,0,0,0,0,0,0,0,0,0,0,156.438305636996
"42",2025-05-14,4,"627",45.43144,-73.93903,3,13.0026511039443,9.31782158233053,5.86674566539924,6.64217445564394,9.78623466093386,8.92395824247206,7.5794498186866,8.97389785687203,118.3,118.3,118.3,118.3,355,355,355,355,20,20,20,20,15,15,15,15,0,0,0,0,5,5,5,5,0,0,0,0,0,0,0,0,0,0,0,0,0,0,0,0,0,0,0,0,0,0,0,0,0,0,0,0,0,0,0,0,0,0,0,0,161.241794765931
"43",2025-05-14,4,"641",45.43036,-73.94043,3,8.08517798678211,6.26661901137862,8.38578335550921,8.69744873653721,3.93960257372976,4.23781070901149,7.32905612902946,9.07926619411122,118.3,118.3,118.3,118.3,355,355,355,355,20,20,20,20,15,15,15,15,0,0,0,0,5,5,5,5,0,0,0,0,0,0,0,0,0,0,0,0,0,0,0,0,0,0,0,0,0,0,0,0,0,0,0,0,0,0,0,0,0,0,0,0,165.036094067219
"44",2025-05-21,4,"627",45.42981,-73.93754,3,7.77431830950931,5.31185729368572,2.78479869482777,2.61778987867376,6.18585283384553,6.22030523689442,4.79803651437873,4.27753017978265,118.3,118.3,118.3,118.3,355,355,355,355,20,20,20,20,15,15,15,15,0,0,0,0,5,5,5,5,0,0,0,0,0,0,0,0,0,0,0,0,0,0,0,0,0,0,0,0,0,0,0,0,0,0,0,0,0,0,0,0,0,0,0,0,68.9959506701372
"45",2025-05-27,4,"627",45.43119,-73.93852,3,9.66419816733013,5.5178878186843,3.42302129181618,4.73431862874503,7.6479136546435,6.6937419796257,6.13585958875371,7.25908127506644,118.3,118.3,118.3,118.3,355,355,355,355,20,20,20,20,15,15,15,15,0,0,0,0,5,5,5,5,0,0,0,0,0,0,0,0,0,0,0,0,0,0,0,0,0,0,0,0,0,0,0,0,0,0,0,0,0,0,0,0,0,0,0,0,125.146408797802
"46",2024-10-16,6,"610",45.45885,-73.64362,3,7.86301294279125,6.59002540960345,5.92537261073051,5.8272899515459,5.93762178885776,5.82959492927408,6.36444162791244,6.71726520073698,2289.3,2289.3,2289.3,3145.43137254902,30,30,30,35.7843137254902,95,95,95,86.3725490196078,0,0,0,0,15,15,15,32.9411764705882,35,35,35,55.3921568627451,0,0,0,0,0,0,0,1283.08552863637,0,0,0,11.931996858012,0,0,0,12.6522105330471,0,0,0,0,0,0,0,38.4730616222343,0,0,0,29.4421999391163,0,0,0,0,151.399309815267,785.302470647962,2528.54255714606,15423.2426597569,251.675046822635
"47",2024-10-19,6,"610",45.45844,-73.64375,3,5.65388783954503,7.95190541992068,5.84890154997609,6.359519166049,5.10739901352188,6.77894435463296,6.02560742905454,7.09633867947869,2289.3,2289.3,2850.15,3423.04901960784,30,30,35.8333333333333,39.6078431372549,95,95,91.6666666666667,85.7843137254902,0,0,0,0,15,15,14.1666666666667,26.764705882353,35,35,46.6666666666667,60.3921568627451,0,0,0,0,0,0,1309.86339849897,1482.94535804561,0,0,13.6237315228267,15.0944737322936,0,0,7.78498944161523,11.9738276678599,0,0,0,0,0,0,1.94624736040381,33.5979691262993,0,0,27.2474630456533,32.2465988478615,0,0,0,0,109.881527868585,666.8966342442,4016.80375708997,15713.4754729753,291.721337462666
"48",2024-10-25,6,"610",45.45975,-73.64852,3,7.36473712453129,6.27797508247893,5.7015796950629,5.57234465038781,5.53833719969356,5.78155280046662,5.8418235752572,5.46588226273035,4300,4300,5096.34285714286,5256.36078431373,35,35,42.1428571428571,46.5686274509804,65,65,69.2857142857143,66.078431372549,0,0,0,0,110,110,90,86.6666666666667,90,90,90,84.5098039215686,0,0,0,0.392156862745098,0,0,1306.65951407177,1285.05014533728,0,0,11.7201807734624,15.3130727183812,0,0,7.03210846407743,15.9158325415354,0,0,0,0,0,0,32.8165061656947,31.9008881799029,0,0,0,17.4429040575469,0,0,0,2.80056016805602,772.264135421065,1742.96355200259,6544.55157211904,19617.2062860312,79.2928149220416
"49",2024-10-26,6,"610",45.45894,-73.64966,3,4.35834364372109,3.98910313481495,5.11794320036898,6.17831033022889,4.19259418385023,4.72706401660511,5.42927929140699,5.66146949396126,4300,4842.36666666667,5093.66923076923,5200.86923076923,35,51.6666666666667,53.8461538461538,54.8076923076923,65,46.6666666666667,55.7692307692308,56.3461538461538,0,0,0,0,110,106.666666666667,91.1538461538462,88.4615384615385,90,68.3333333333333,64.6153846153846,64.6153846153846,0,0,0,0,0,939.40662299844,1129.04228912872,1148.55650266715,0,28.8675134594813,20.0160192256359,19.0705999592417,0,31.7542648054294,26.602486870447,26.1802834174691,0,0,0,0,0,5.77350269189626,24.7616846284946,25.6587419941817,0,37.5277674973257,29.4010727172169,28.5232301928355,0,0,0,0,282.563016883297,1763.1472452279,4838.78349126858,17079.3510917508,205.192881967149
"50",2024-10-28,6,"610",45.45954,-73.65041,3,8.30304671374235,6.73929494966201,6.3279177657039,5.80211203355364,6.95663965526791,6.20306810568979,5.86101970568337,5.51199821804961,5927.1,6507.15,6337.36923076923,5792.31346153846,85,72.5,69.6153846153846,61.4423076923077,10,45,46.5384615384615,52.6923076923077,0,0,0,0,100,70,73.0769230769231,80.0961538461539,25,57.5,60,64.4230769230769,0,0,0,0,0,669.784047286885,843.320595804284,1163.54800351421,0,14.4337567297406,16.2610908896998,19.0545280106171,0,40.4145188432738,35.4368343784999,30.5899755857183,0,0,0,0,0,34.6410161513775,31.9855736712181,30.2034017142626,0,37.5277674973257,33.7268439080801,30.6570825734533,0,0,0,0,365.20090014729,948.967707803311,4839.24531917352,17525.143341338,162.01739862143
"51",2024-11-01,5,"616",45.46088,-73.64035,3,5.24473733890369,5.53088816867667,6.74638114422582,6.96322922959547,4.91456100506721,5.15911941125495,5.77585682587138,6.22075493664309,4970,4970,5228.01666666667,4852.23396226415,65,65,54.1666666666667,49.5283018867924,125,125,110,106.132075471698,0,0,0,0,30,30,20,18.1132075471698,30,30,59.5833333333333,59.7169811320755,0,0,0,0,0,0,1844.3303711317,2045.47316163724,0,0,14.2754291980269,15.2625783858441,0,0,18.8293774338254,17.7222564718981,0,0,0,0,0,0,13.3143804689789,12.2563333351162,0,0,51.5424949714193,49.1310560402914,0,0,0,0,428.745618429987,1637.78638869757,5688.54484429369,14867.1106327872,23.9668341044923
"52",2024-11-04,6,"610",45.46067,-73.65065,3,5.85492569416142,5.5372991623919,5.72143819129718,6.22342669523717,5.01448096063761,5.12032256191823,5.09759303084597,5.63030916602229,7087.2,7087.2,7087.2,6719.94423076923,60,60,60,64.2307692307692,80,80,80,62.0192307692308,0,0,0,0,40,40,40,58.0769230769231,90,90,90,74.1346153846154,0,0,0,0,0,0,0,697.783621277345,0,0,0,13.0753703274746,0,0,0,30.2483124692902,0,0,0,0,0,0,0,28.836147082823,0,0,0,27.8779052622315,0,0,0,0,333.687597664539,771.103832118682,3342.34907091998,18318.0392868383,56.0763304682985
"53",2024-11-04,5,"626",45.45954,-73.65065,3,9.35745329684919,7.75139521260677,6.60948300241782,5.89334855460753,7.51786336778296,6.39598162729314,5.86419296813194,5.59644796735381,5927.1,6507.15,6462.53076923077,5949.19019607843,85,72.5,73.4615384615385,65.8823529411765,10,45,42.3076923076923,48.1372549019608,0,0,0,0,100,70,72.3076923076923,78.7254901960784,25,57.5,55,58.8235294117647,0,0,0,0,0,669.784047286885,601.94633258098,1065.1627883577,0,14.4337567297406,12.9718630415693,18.0195971751019,0,40.4145188432738,36.321216516394,32.6184117380618,0,0,0,0,0,34.6410161513775,31.1324712997663,29.5100514614072,0,37.5277674973257,33.7268439080801,31.3940796217076,0,0,0,0,255.868572536042,743.868804178781,4215.48734292066,17052.3835706654,154.69705965316
"54",2024-11-04,6,"618b",45.45964,-73.64296,3,7.19422573024887,6.8773975832758,6.42790452164837,5.36629808255875,5.35617353936603,7.06914116112055,6.68385493587858,6.07160827011307,2289.3,2289.3,2289.3,2906.9431372549,30,30,30,34.3137254901961,95,95,95,92.6470588235294,0,0,0,0,15,15,15,33.235294117647,35,35,35,44.2156862745098,0,0,0,0,0,0,0,1028.21551792509,0,0,0,10.3932481853912,0,0,0,15.6956344623743,0,0,0,0,0,0,0,36.1638428462984,0,0,0,21.4562939255503,0,0,0,0,353.252510916329,658.256467979968,2788.60897344851,11621.0651821097,156.074619143812
"55",2024-11-08,6,"619",45.45046,-73.63988,3,5.08490644463323,8.96712884919297,7.43866184919802,7.33851424880114,4.07150029598372,5.97449710783379,5.42700148815981,5.74176052881359,2488.5,2488.5,2488.5,2501.15294117647,110,110,110,108.529411764706,5,5,5,6.76470588235294,0,0,0,0,60,60,60,57.9411764705882,40,40,40,40.2941176470588,55,55,55,51.7647058823529,0,0,0,51.1153767586278,0,0,0,5.94088525786005,0,0,0,7.12906230943204,0,0,0,0,0,0,0,8.31723936100406,0,0,0,1.18817705157201,0,0,0,13.0699475672921,374.682150647129,810.651836460632,4547.25409533732,19147.879020734,150.294731816903
"56",2024-11-15,6,"618b",45.45108,-73.6369,3,15.0878466860507,12.4431810810405,8.9206000270833,5.7572149805092,7.31101470555085,7.53536573288097,7.53066238280318,6.25234324415971,2488.5,3190,3028.11538461538,2905.62692307692,110,55,67.6923076923077,68.2,5,2.5,3.07692307692308,3.1,0,0,0,0,60,30,36.9230769230769,37.2,40,132.5,111.153846153846,110.3,55,27.5,33.8461538461538,34.1,0,992.070814004726,710.436666009192,893.161406952169,0,77.7817459305202,55.7006651896017,53.9345786625816,0,3.53553390593274,2.53184841770917,2.45157175739007,0,0,0,0,0,42.4264068711929,30.38218101251,29.4188610886809,0,130.814754519511,93.6783914552392,90.7081550234328,0,38.8908729652601,27.8503325948008,26.9672893312908,400.452453979011,1189.0281244837,3486.08956879942,11178.1714689446,19.3657346404698
"57",2024-11-15,6,"619",45.44993,-73.64029,3,5.5940606077808,6.52134102361515,7.07072580269439,6.85798631003118,4.84164921952955,4.96002937004514,5.29506986225477,5.8634198361864,2488.5,2488.5,2488.5,2500.67547169811,110,110,110,108.584905660377,5,5,5,6.69811320754717,0,0,0,0,60,60,60,58.0188679245283,40,40,40,40.2830188679245,55,55,55,51.8867924528302,0,0,0,50.1818228876842,0,0,0,5.8323829483594,0,0,0,6.99885953803127,0,0,0,0,0,0,0,8.16533612770317,0,0,0,1.16647658967188,0,0,0,12.8312424863907,182.317691964658,766.630711883891,4763.04247804362,16206.4245877362,95.3088528596656
"58",2024-11-15,5,"616",45.44981,-73.64026,3,4.44860088852228,6.93073416479851,7.11773642690686,6.68192701819245,4.39528396809129,5.17181675985198,5.42291229986927,5.7318603679608,2488.5,2488.5,2488.5,2496.93529411765,110,110,110,109.019607843137,5,5,5,6.1764705882353,0,0,0,0,60,60,60,58.6274509803922,40,40,40,40.1960784313725,55,55,55,52.843137254902,0,0,0,42.1680344504195,0,0,0,4.90098029409804,0,0,0,5.88117635291764,0,0,0,0,0,0,0,6.86137241173725,0,0,0,0.980196058819606,0,0,0,10.7821566470157,392.164482810478,822.467998088524,5097.80189475992,15480.5872836267,94.7909836686043
"59",2024-11-15,5,"626",45.45863,-73.63597,3,2.1113625430159,3.09035208203824,5.86100918400062,5.79097243989382,2.69999096275618,4.11415850963773,6.67511512359013,6.54317889849217,2753.6,2753.6,2753.6,3202.07692307692,5,5,5,10.7692307692308,0,0,0,15.4807692307692,0,0,0,0,90,90,90,75.5769230769231,105,105,105,103.461538461538,0,0,0,0,0,0,0,1515.86249397282,0,0,0,13.1128067688602,0,0,0,34.2319025521203,0,0,0,0,0,0,0,31.9873419534801,0,0,0,23.2112730712197,0,0,0,0,0,0,0,10077.7338867419,217.44852866078
"60",2024-11-15,6,"633",45.46028,-73.63972,3,7.43121357006839,7.80998953065083,6.33797044888304,6.92757850312559,5.98588543342411,5.65358525920572,5.37864785786232,6.19660055704369,7789.2,7789.2,5027.70833333333,4760.18269230769,45,45,42.0833333333333,42.5961538461539,85,85,95.8333333333333,97.8846153846154,0,0,0,0,0,0,11.25,12.9807692307692,145,145,80,72.0192307692308,0,0,0,0,0,0,2622.11300340994,2449.70702951983,0,0,12.8732162636109,13.4853000801012,0,0,14.4337567297406,14.8636335332231,0,0,0,0,0,0,11.3066754216661,11.1258229651376,0,0,57.406049728705,53.6533866352898,0,0,0,0,342.480585706621,1372.24173839481,4956.44301917053,12320.2614615605,42.7059896519511
"61",2024-11-17,5,"634",45.46042,-73.64082,3,8.70645286418639,7.28024530965244,6.1776023436132,6.56400798500537,5.73060332843424,5.87928748449045,5.98775368090076,6.14472438753233,4970,3629.65,4166.47692307692,3970.724,65,47.5,45.7692307692308,44,125,110,105,103.8,0,0,0,0,30,22.5,18.4615384615385,18,30,32.5,50,48.7,0,0,0,0,0,1547.70286661663,2053.84296022272,1982.30724678006,0,20.2072594216369,16.689087483312,16.0356745147455,0,17.3205080756888,16.8325082306035,15.7324570262128,0,0,0,0,0,8.66025403784439,10.8751657812298,10.0508909139073,0,2.88675134594813,42.2295315310664,39.3157028399076,0,0,0,0,377.841445073589,1450.53046576117,4528.63787521828,12772.9597593276,37.5323401494899
"62",2024-11-17,6,"610",45.46145,-73.65112,3,6.23627516636008,5.22396586152538,5.82575901387481,6.45878938077304,4.75964677613336,4.67328642784007,4.99922063187841,5.58163328941319,7087.2,7087.2,7087.2,6994.69433962264,60,60,60,58.8679245283019,80,80,80,63.3018867924528,0,0,0,0,40,40,40,56.0377358490566,90,90,90,79.622641509434,0,0,0,1.88679245283019,0,0,0,389.807683556458,0,0,0,13.3244104153719,0,0,0,27.3499999336664,0,0,0,0,0,0,0,29.7644355824912,0,0,0,22.1413522058529,0,0,0,5.90195657700605,372.233503213804,786.740903708204,3817.42839216211,16357.567642849,31.7336285237252
"63",2024-11-18,5,"634",45.46093,-73.64028,3,4.94583541302773,5.61225856562798,6.72026071258208,6.9362771947242,4.61647069492347,5.25003045376998,5.83207405922812,6.19207297605454,4970,5909.73333333333,5451.40833333333,4901.52115384615,65,58.3333333333333,57.0833333333333,49.9038461538462,125,111.666666666667,112.5,106.346153846154,0,0,0,0,30,20,21.25,18.1730769230769,30,68.3333333333333,59.1666666666667,60.1923076923077,0,0,0,0,0,1627.66587889939,1602.51990795085,2033.40240969165,0,11.5470053837925,12.3322071557906,15.162207422953,0,23.094010767585,18.6474468152418,17.8258290409023,0,0,0,0,0,17.3205080756888,13.5050495606778,12.36808218818,0,66.395280956807,51.7789591056117,49.4871892559326,0,0,0,0,462.310011892622,1679.5272113638,5798.55504408576,15104.2501499919,20.8778830489338
"64",2024-11-18,5,"616",45.45856,-73.63544,3,3.84959970518011,3.68334482643672,5.62620941081525,5.51276707182581,4.85879595948774,4.26874263578307,6.27262523342442,6.40733889534775,2753.6,2753.6,2753.6,2919.5137254902,5,5,5,7.54901960784314,0,0,0,6.86274509803921,0,0,0,0,90,90,90,79.1176470588235,105,105,105,120.980392156863,0,0,0,0,0,0,0,1323.76727003195,0,0,0,10.1672291711955,0,0,0,23.7899303133432,0,0,0,0,0,0,0,27.7795947118194,0,0,0,61.9275351345679,0,0,0,0,0,0,0,10448.6332208145,195.292365164586
"65",2024-11-18,5,"626",45.45892,-73.63644,3,6.74662566059923,5.41628824028765,4.84235589562884,6.18250389260161,4.9354158881454,5.89359524021618,5.92739109824659,6.54302732612825,2753.6,2753.6,2717.88461538462,3571.57307692308,5,5,6.92307692307692,14.8076923076923,0,0,7.30769230769231,25.6730769230769,0,0,0,0,90,90,84.2307692307692,65.7692307692308,105,105,99.6153846153846,103.846153846154,0,0,0,0,0,0,128.773650553687,1953.96377202808,0,0,6.93375245281536,16.0563205580934,0,0,26.3482593206984,40.8011539407396,0,0,0,0,0,0,20.8012573584461,38.6333267613803,0,0,19.414506867883,29.2825214650039,0,0,0,0,0,0,2094.9725287853,9393.62048314401,227.758215360114
"66",2024-11-18,6,"633",45.45898,-73.63644,3,7.02318379715824,5.80498345259117,4.83258051883309,6.19577417859913,4.80447228093149,6.16793188301565,5.88787081057939,6.52411103006138,2753.6,2753.6,3354.03125,3829.63148148148,5,5,11.5625,16.2037037037037,0,0,16.5625,27.6851851851852,0,0,0,0,90,90,74.0625,63.0555555555556,105,105,105.625,107.407407407407,0,0,0,0,0,0,1735.16236001851,2140.54092227493,0,0,14.4589937409213,17.1270277737669,0,0,35.6706578763742,41.3077835755845,0,0,0,0,0,0,34.4102092408634,40.3103136138606,0,0,23.2289331079439,28.6115945085459,0,0,0,0,0,0,2323.08416982543,9741.66859086111,224.44920917548
"67",2024-11-18,6,"618b",45.46176,-73.64972,3,7.23609365994256,6.99367946663687,6.66362042191505,6.23348218036225,5.02614108270988,5.55650580622422,5.59214289899525,5.72228041247293,7087.2,7087.2,6965.18,6628.5641509434,60,60,62,60.8490566037736,80,80,74,68.9622641509434,0,0,0,0,40,40,42,49.811320754717,90,90,91,91.6037735849057,0,0,4,6.41509433962264,0,0,252.605398652862,808.866856281138,0,0,4.14039335605413,9.59446199721304,0,0,12.4211800681624,13.8452467046816,0,0,0,0,0,0,4.14039335605413,20.1428137632006,0,0,2.07019667802706,2.35616721557498,0,0,8.28078671210825,9.42466886229992,352.345575843139,778.328003583725,3911.24906524256,18376.0290214849,113.88285191532
"68",2024-11-24,6,"610",45.46122,-73.65044,3,3.89183997583179,5.7378515358639,5.3388364771852,6.26247414358351,3.84669025655066,4.88742717646607,4.71545811152324,5.64637073134199,7087.2,7087.2,7087.2,6821.59607843137,60,60,60,59.5098039215686,80,80,80,70.2941176470588,0,0,0,0,40,40,40,50.7843137254902,90,90,90,86.2745098039216,0,0,0,2.35294117647059,0,0,0,706.398128242363,0,0,0,10.5002334241094,0,0,0,19.7588401660088,0,0,0,0,0,0,0,24.235770031497,0,0,0,15.4545506972834,0,0,0,6.50791373455968,383.330729256176,791.778046377939,3821.82845395853,18443.6910511383,80.1544309869178
"69",2024-11-29,5,"616",45.4588,-73.63398,3,4.56606302067003,7.00340707391671,6.21769140068268,5.69485660953771,3.26584428567741,5.63536704237032,5.49785505560729,5.73326796587964,2753.6,2753.6,2753.6,3825.684,5,5,5,3.4,0,0,0,0,0,0,0,0,90,90,90,74.6,105,105,105,148.8,0,0,0,0,0,0,0,3844.77321824562,0,0,0,2.35606035749581,0,0,0,0,0,0,0,0,0,0,0,26.7421550579391,0,0,0,100.089551739165,0,0,0,0,0,455.621186901551,2639.96699426743,10159.8141286808,128.949070829998
"70",2024-11-29,5,"626",45.45729,-73.63313,3,1.07242734290052,0.702049954009306,2.13152988985265,2.9767722434574,2.31869030919554,1.88294528091636,3.86285041244898,4.57821707136782,693.3,693.3,851.784615384615,1299.27058823529,0,0,0.384615384615385,1.47058823529412,0,0,0,0,0,0,0,0,20,20,25.3846153846154,40.5882352941177,360,360,340.384615384615,285,0,0,0,0,0,0,571.42440714142,948.106779913342,0,0,1.38675049056307,2.30089496654211,0,0,0,0,0,0,0,0,0,0,19.414506867883,32.2125295315895,0,0,70.7242750187167,117.345643293648,0,0,0,0,42.2687165542607,178.285478266204,1494.72780631272,6941.87829457428,303.19231678461
"71",2024-11-29,6,"619",45.44995,-73.6402,3,5.97678317670099,6.61327681984989,7.26183242328318,6.9050942072188,5.25349371663245,4.8726173539248,5.33684773850486,5.86291342919957,2488.5,2488.5,2488.5,2496.93529411765,110,110,110,109.019607843137,5,5,5,6.1764705882353,0,0,0,0,60,60,60,58.6274509803922,40,40,40,40.1960784313725,55,55,55,52.843137254902,0,0,0,42.1680344504195,0,0,0,4.90098029409804,0,0,0,5.88117635291764,0,0,0,0,0,0,0,6.86137241173725,0,0,0,0.980196058819606,0,0,0,10.7821566470157,192.438860367044,828.170986579169,4721.65943037721,16068.5324107923,102.688246552428
"72",2024-11-29,5,"634",45.46087,-73.64047,3,6.30335636309846,5.32348843033943,6.76371092786622,6.94880387590279,5.27310544911473,5.07557839143018,5.77851039217694,6.24577474714931,4970,4970,5228.01666666667,4792.33725490196,65,65,54.1666666666667,49.3137254901961,125,125,110,106.176470588235,0,0,0,0,30,30,20,18.2352941176471,30,30,59.5833333333333,58.6274509803922,0,0,0,0,0,0,1844.3303711317,2043.24906420737,0,0,14.2754291980269,15.395441138309,0,0,18.8293774338254,17.6235137045402,0,0,0,0,0,0,13.3143804689789,12.1170759431376,0,0,51.5424949714193,48.4363337936775,0,0,0,0,352.7882806155,1428.64801397454,5521.48154923285,14686.7852526108,24.7552569642979
"73",2024-11-29,6,"633",45.46194,-73.63917,3,11.8890944710137,9.64617996314385,8.07973718462845,7.15445700641959,7.91330237881369,7.59297377968925,6.76380138463501,6.17023521715112,7789.2,5674.8,5912.78461538461,6010.41960784314,45,60,58.0769230769231,56.9607843137255,85,115,107.307692307692,98.1372549019608,0,0,0,0,0,22.5,18.4615384615385,14.7058823529412,145,58.75,72.3076923076923,83.235294117647,0,0,0,0,0,1409.6,1329.02916060694,1221.17710902549,0,10,9.47330933431342,8.72229507483833,0,20,24.5471811531203,28.6698584634408,0,0,0,0,0,15,15.191090506255,15.146344928922,0,57.5,56.0734408542116,53.4679673207404,0,0,0,0,623.838395918849,1744.79379727351,4987.17301211295,15787.6969091591,76.9018205807041
"74",2024-12-01,6,"610",45.46083,-73.65139,3,5.24151942816477,5.85220396929957,5.89888507609866,6.57347919403204,5.36296173831407,5.72641151054752,5.37313224864008,5.83509922569034,7087.2,7087.2,6997.96153846154,6887.74,60,60,61.9230769230769,61.3,80,80,74.6153846153846,55.5,0,0,0,0,40,40,44.6153846153846,64.4,90,90,85,69.4,0,0,0,0,0,0,321.753848820444,533.09718377322,0,0,6.93375245281536,16.3448175647356,0,0,19.414506867883,33.0313703707768,0,0,0,0,0,0,16.6410058867569,33.3906989371322,0,0,18.0277563773199,28.3678461268661,0,0,0,0,377.614249477305,788.937524122544,3542.5852949376,16435.534113066,5.90733191067432
"75",2024-12-06,5,"616",45.46091,-73.65138,3,5.04963619016793,5.31517843111288,5.78998404899564,6.57887855551107,5.21568372703539,5.46497185379991,5.32857928521705,5.82161454419088,7087.2,7087.2,7087.2,6903.07115384615,60,60,60,60.6730769230769,80,80,80,55.1923076923077,0,0,0,0,40,40,40,65,90,90,90,69.3269230769231,0,0,0,0,0,0,0,529.711663460873,0,0,0,16.598749248706,0,0,0,33.0472261370671,0,0,0,0,0,0,0,33.8103128483302,0,0,0,28.1631946952924,0,0,0,0,362.631728583133,782.515268978163,3461.84185084459,16580.3431092856,8.15198699214126
"76",2024-12-06,6,"619",45.45832,-73.63518,3,4.42785324698872,5.2300049793887,5.81905546579298,5.08283596596277,4.18955264516339,5.7921071579226,6.48558619787501,6.32853137233166,2753.6,2753.6,2753.6,2430.41568627451,5,5,5,4.2156862745098,0,0,0,0,0,0,0,0,90,90,90,79.0196078431373,105,105,105,145,0,0,0,0,0,0,0,756.727633795026,0,0,0,1.83645011356362,0,0,0,0,0,0,0,0,0,0,0,25.7103015898907,0,0,0,93.6589557917448,0,0,0,0,0,0,669.779877013186,7821.31358895233,206.782608610315
"77",2024-12-06,5,"626",45.45807,-73.63351,3,1.42652137527097,3.22016558961614,3.7936665428691,4.36064671510592,2.73934170818959,4.1513925438479,4.66446420021754,5.54981395429109,2753.6,2066.83333333333,1895.14166666667,2228.62941176471,5,3.33333333333333,2.91666666666667,2.54901960784314,0,0,0,0,0,0,0,0,90,66.6666666666667,60.8333333333333,57.6470588235294,105,190,211.25,219.411764705882,0,0,0,0,0,1189.51475961139,1060.9074987167,2433.23677354212,0,2.88675134594813,2.57464325272219,2.52439082148701,0,0,0,0,0,0,0,0,0,40.4145188432738,36.0450055381106,34.674961300288,0,147.224318643355,131.306805888831,128.719256752141,0,0,0,0,472.834988130182,986.869105857221,2603.11564925361,8227.64892799201,212.553964992724
"78",2024-12-06,6,"633",45.46212,-73.64111,3,7.64985368339652,6.77626589404754,7.74898466180804,6.53847025483759,4.98299252608563,5.21043228467543,6.31516101104411,6.0697340316629,4970,4970,4970,6089.86730769231,65,65,65,51.6346153846154,125,125,125,99.9038461538461,0,0,0,0,30,30,30,46.0576923076923,30,30,30,47.9807692307692,0,0,0,28.2692307692308,0,0,0,2476.21466574912,0,0,0,24.2479260048245,0,0,0,47.3771929971541,0,0,0,0,0,0,0,43.1519946879693,0,0,0,49.0123995454273,0,0,0,68.7271146607564,381.414556435482,790.9149779867,3198.54240825612,17940.4858625392,9.98108466630915
"79",2024-12-06,5,"634",45.4623,-73.64194,3,6.54845617992276,5.86416507251085,6.01372928010692,6.11432329518093,6.26241233039547,5.75718767730482,5.40200775373119,5.84058771417851,4970,4970,6563.375,6836.43529411765,65,65,48.75,41.4705882352941,125,125,93.75,80.3921568627451,0,0,0,0,30,30,53.75,66.2745098039216,30,30,35,53.8235294117647,0,0,50,53.7254901960784,0,0,2882.52383199956,3108.52110308575,0,0,29.397356096332,29.4498576846656,0,0,56.5333771083307,58.38529898232,0,0,0,0,0,0,42.9653666023313,53.1774683231056,0,0,9.04534033733291,58.9116986284908,0,0,90.4534033733291,86.9128479412273,360.730245159333,1033.20200386336,4308.61228639404,14554.5589300017,5.90721165570604
"80",2024-12-08,6,"610",45.46108,-73.64972,3,5.22950519687409,5.22500261499078,5.94004319736006,5.85549960668224,4.46790811494931,4.1349802400269,4.90764109070836,5.517895432779,7087.2,7087.2,7087.2,6488.85490196078,60,60,60,57.4509803921569,80,80,80,71.8627450980392,0,0,0,0,40,40,40,54.9019607843137,90,90,90,89.4117647058823,0,0,0,2.74509803921569,0,0,0,1054.59832131741,0,0,0,11.5053269844715,0,0,0,14.0342717771078,0,0,0,0,0,0,0,27.2303175904805,0,0,0,9.36200079168601,0,0,0,6.95080754230731,347.706977915457,800.392870479309,4481.91334099486,18742.188478001,127.689824340626
"81",2024-12-08,5,"634",45.46039,-73.64088,3,8.95724355394015,7.50688810213289,6.17788104999559,6.47725006990683,5.81620484151303,5.95304586937763,6.02082611419703,6.14423949725213,2289.3,3629.65,4032.39285714286,3885.19215686274,30,47.5,44.6428571428571,43.0392156862745,95,110,104.285714285714,103.039215686275,0,0,0,0,15,22.5,18.2142857142857,17.6470588235294,35,32.5,48.9285714285714,48.5294117647059,0,0,0,0,0,1547.70286661663,2036.04716110721,1984.08809943945,0,20.2072594216369,16.5789817951115,15.8138683241182,0,17.3205080756888,16.391501416323,15.3648440074265,0,0,0,0,0,8.66025403784439,10.489398101296,9.81595340129886,0,2.88675134594813,40.7703970390929,38.9267789271995,0,0,0,0,390.381610319028,1375.16974040059,4418.65945025531,12673.1586731884,33.0095408229163
"82",2024-12-08,6,"633",45.4626,-73.64027,3,8.23521001054041,8.13728621766483,7.23410762034587,7.34257141287308,6.03420868657917,6.05882706510438,6.54574707225325,6.44633931205368,4970,4970,4970,5829.95882352941,65,65,65,56.8627450980392,125,125,125,105.490196078431,0,0,0,0,30,30,30,37.156862745098,30,30,30,54.1176470588235,0,0,0,13.1372549019608,0,0,0,1866.4308033438,0,0,0,18.5731199402181,0,0,0,39.9531588483412,0,0,0,0,0,0,0,38.160908033756,0,0,0,53.9509581226593,0,0,0,47.6755784895551,379.469638351473,789.992197820844,2913.7990166981,17700.1717239884,85.1463624561592
"83",2024-12-13,6,"610",45.46085,-73.64933,3,6.89997961202547,5.5581129151027,5.12841796892418,5.69369714127687,4.07462109639438,4.55607294353321,4.90860580264975,5.61015512539451,7087.2,7087.2,6854.93333333333,6227.56274509804,60,60,57.9166666666667,54.8039215686274,80,80,78.75,70.9803921568627,0,0,0,0,40,40,45.8333333333333,61.5686274509804,90,90,90,89.3137254901961,0,0,0,2.35294117647059,0,0,804.595335142662,1221.88502830025,0,0,7.21687836487032,13.1133818793523,0,0,4.33012701892219,13.6389005364486,0,0,0,0,0,0,20.2072594216369,31.3287439275569,0,0,0,9.32843008459287,0,0,0,6.50791373455968,384.847749877505,1062.05452764913,5866.72413135085,18928.9744534744,149.405722567442
"84",2024-12-13,5,"634",45.46233,-73.64196,3,5.8419020886777,5.77221367235254,5.9861200504249,6.10956716458429,5.65417399638918,5.7577150686649,5.36635681128764,5.84384667435721,4970,6563.375,6931.07692307692,6836.43529411765,65,48.75,45,41.4705882352941,125,93.75,86.5384615384615,80.3921568627451,0,0,0,0,30,53.75,59.2307692307692,66.2745098039216,30,35,36.1538461538462,53.8235294117647,0,50,61.5384615384615,53.7254901960784,0,3186.75,3061.73036483017,3108.52110308575,0,32.5,31.224989991992,29.4498576846656,0,62.5,60.0480576769077,58.38529898232,0,0,0,0,0,47.5,45.6365238344498,53.1774683231056,0,10,9.60768922830523,58.9116986284908,0,100,96.0768922830523,86.9128479412273,373.491004087217,1146.56195133376,4330.62429454,14617.0435403253,7.12425531723721
"85",2024-12-13,6,"633",45.46235,-73.64191,3,6.09684756976473,6.19730851588738,5.98206545102428,6.12786574577229,5.22222118206695,5.89192882271071,5.36486828818178,5.84889402334864,4970,4970,6440.80769230769,6836.43529411765,65,65,50,41.4705882352941,125,125,96.1538461538462,80.3921568627451,0,0,0,0,30,30,51.9230769230769,66.2745098039216,30,30,34.6153846153846,53.8235294117647,0,0,46.1538461538462,53.7254901960784,0,0,2794.96464302668,3108.52110308575,0,0,28.5043856274784,29.4498576846656,0,0,54.8161262066893,58.38529898232,0,0,0,0,0,0,41.6602559170839,53.1774683231056,0,0,8.77058019307029,58.9116986284908,0,0,87.7058019307029,86.9128479412273,387.178972515698,1047.83573458341,4474.00395879375,14738.398791614,4.5708917406451
"86",2024-12-13,5,"626",45.45893,-73.63639,3,6.40630078752563,5.1416565175059,4.89165604339502,6.21483377764872,5.04223436620671,5.50456874554869,5.9352006704548,6.54086800627515,2753.6,2753.6,2720.43571428571,3704.5568627451,5,5,6.78571428571429,14.8039215686274,0,0,6.78571428571429,24.1176470588235,0,0,0,0,90,90,84.6428571428571,66.4705882352941,105,105,100,107.352941176471,0,0,0,0,0,0,124.089394619939,2041.15018979544,0,0,6.68153104781061,16.4912335594923,0,0,25.3898179816803,39.6699619656099,0,0,0,0,0,0,20.0445931434318,38.7981200272263,0,0,18.7082869338697,26.5773012395252,0,0,0,0,0,0,2030.02166420954,9658.71392687672,223.827707257599
"87",2024-12-13,5,"616",45.45766,-73.63363,3,1.9618546502655,1.62790584349605,2.37457953499512,3.97248531101838,3.35712950119061,3.31433264588779,3.9022091199369,5.59687167581185,693.3,1208.375,1485.72307692308,1644.20769230769,0,1.25,1.92307692307692,2.30769230769231,0,0,0,0,0,0,0,0,20,37.5,46.9230769230769,52.3076923076923,360,296.25,261.923076923077,242.307692307692,0,0,0,0,0,1030.15,1043.27345900124,1037.11839962544,0,2.5,2.53184841770917,2.51691112853817,0,0,0,0,0,0,0,0,0,35,35.4458778479283,35.2367557995344,0,127.5,129.124269303167,128.362467555447,0,0,0,0,51.6408236328255,802.95146627726,2115.88052398467,6555.62198979774,256.631722827915
"88",2024-12-18,6,"610",45.46175,-73.65148,3,4.305892117322,5.23724635131939,6.17491703863327,6.39689243288738,4.21481827377467,4.57970904379281,5.4038241219245,5.58640881192102,7087.2,7087.2,7120.39166666667,7019.94901960784,60,60,57.5,56.2745098039216,80,80,74.5833333333333,57.9411764705882,0,0,0,0,40,40,46.6666666666667,61.3725490196078,90,90,86.25,78.6274509803922,0,0,0,3.52941176470588,0,0,114.979306109114,388.743526954494,0,0,8.66025403784439,15.0613126006634,0,0,18.7638837486628,28.127859331777,0,0,0,0,0,0,23.094010767585,33.2276756841725,0,0,12.9903810567666,22.0698534515422,0,0,0,7.70026737503698,355.426113427018,779.25477473138,4720.93267730216,16902.5527016603,7.37967298679999
"89",2024-12-18,6,"633",45.46208,-73.64119,3,7.84275049194073,6.8656896227268,7.50290691332276,6.48690164390766,4.83710620602381,5.47881262228311,6.19413307136705,6.0651413281902,4970,4970,4970,6059.26274509804,65,65,65,50.6862745098039,125,125,125,98.8235294117647,0,0,0,0,30,30,30,46.078431372549,30,30,30,48.4313725490196,0,0,0,28.8235294117647,0,0,0,2547.94792057929,0,0,0,24.515701251303,0,0,0,47.5771818763378,0,0,0,0,0,0,0,43.6842503139312,0,0,0,49.4013177564974,0,0,0,69.2934934556926,389.33318410794,794.589751748453,3155.77987289581,17753.2684622037,12.22229501113
"90",2024-12-18,5,"634",45.46212,-73.64165,3,7.97486145898771,7.20823835994505,6.27161679275024,6.25945251751816,6.18809366077355,5.91514986304668,5.69796276245033,5.92921919976396,4970,4970,5501.125,6599.67358490566,65,65,59.5833333333333,44.2452830188679,125,125,114.583333333333,86.0377358490566,0,0,0,0,30,30,37.9166666666667,59.811320754717,30,30,31.6666666666667,50.5660377358491,0,0,16.6666666666667,47.2641509433962,0,0,1839.87097034004,2973.26110066882,0,0,18.7638837486628,28.3927846064246,0,0,36.0843918243516,55.7842555207633,0,0,0,0,0,0,27.4241377865072,50.4304763639903,0,0,5.77350269189626,52.7116646826292,0,0,57.7350269189626,83.8127838017099,292.579783105929,755.002408342606,3838.57764008959,15950.3627710679,26.8850078659244
"91",2024-12-18,6,"619",45.45062,-73.64027,3,6.48088819682368,6.51295013090271,7.04666005418098,7.46214857795197,4.8478467990021,5.11688506332072,5.37204156387688,5.78943866213447,2488.5,2488.5,2488.5,2526.45882352941,110,110,110,105.588235294118,5,5,5,10.2941176470588,0,0,0,0,60,60,60,53.8235294117647,40,40,40,40.8823529411765,55,55,55,45.2941176470588,0,0,0,82.8163756185225,0,0,0,9.62533421879622,0,0,0,11.5504010625555,0,0,0,0,0,0,0,13.4754679063147,0,0,0,1.92506684375925,0,0,0,21.1757352813517,455.967658869644,1111.42758126866,4461.64615203749,20352.6491226146,139.065125602487
"92",2024-12-18,5,"626",45.45069,-73.64034,3,5.92739765548173,6.35633213050886,7.1476359700391,7.49972318127953,5.07314488195552,4.93571604735355,5.39519651525089,5.82961784945124,2488.5,2488.5,2488.5,2552.70961538462,110,110,110,103.557692307692,5,5,5,10.0961538461539,0,0,0,0,60,60,60,52.7884615384615,40,40,40,44.4230769230769,55,55,55,44.4230769230769,0,0,0,206.294649602822,0,0,0,17.4708872256817,0,0,0,11.5253507715488,0,0,0,0,0,0,0,15.2885148978835,0,0,0,25.6035737041793,0,0,0,21.8877225446149,445.167783844479,1086.75979626159,4310.39099063229,20654.0863889759,141.485029432954
"93",2024-12-18,5,"616",45.45686,-73.63503,3,1.19114862697828,0.92428223146104,2.00506956824536,3.82712728850831,2.56234022554333,2.2377392935542,3.7828654608141,5.64436121141443,693.3,1208.375,1327.23846153846,1564.96538461538,0,1.25,1.53846153846154,2.11538461538462,0,0,0,0,0,0,0,0,20,37.5,41.5384615384615,49.6153846153846,360,296.25,281.538461538462,252.115384615385,0,0,0,0,0,1030.15,989.736105853863,1027.81670142076,0,2.5,2.40192230707631,2.49433747857293,0,0,0,0,0,0,0,0,0,35,33.6269122990683,34.9207247000211,0,127.5,122.498037660892,127.21121140722,0,0,0,0,0,392.917874227306,1791.37491889775,4933.44918469444,295.122717480543
"94",2024-12-20,6,"610",45.46132,-73.6504,3,5.17118023938386,5.82064263037028,5.6639795367459,6.24121623817067,4.98391189954949,4.75003604533497,5.01670641838013,5.6178461095634,7087.2,7087.2,7087.2,6852.32156862745,60,60,60,60.3921568627451,80,80,80,69.4117647058823,0,0,0,0,40,40,40,49.8039215686275,90,90,90,86.4705882352941,0,0,0,3.13725490196078,0,0,0,611.7210443703,0,0,0,10.0917360872598,0,0,0,20.0909695839581,0,0,0,0,0,0,0,22.6707032161273,0,0,0,15.5336446993955,0,0,0,7.3458004542545,363.423791810415,782.938809417851,3732.50865978392,18718.9715778266,84.2156761865846
"95",2024-12-20,5,"634",45.46154,-73.64184,3,4.84558277050648,6.32407559855501,6.52250154346186,6.44631964035692,4.53584242870881,5.8525741100442,5.82261808347444,6.0216478266152,4970,4970,4970,5482.92884615385,65,65,65,44.1346153846154,125,125,125,93.3653846153846,0,0,0,0,30,30,30,45.4807692307692,30,30,30,39.1346153846154,0,0,0,34.6153846153846,0,0,0,2960.49825796708,0,0,0,25.1606827163162,0,0,0,46.0575210890553,0,0,0,0,0,0,0,40.8639494912586,0,0,0,19.7960471853069,0,0,0,76.400942876369,386.679830657518,793.358724732725,4124.31836211044,16560.2156306405,86.6989063090892
"96",2024-12-20,6,"633",45.46367,-73.64296,3,5.33508535275567,6.78738522694785,6.74773663696295,6.46290880194685,4.40158890511875,5.54817638258995,5.46673465990448,5.84169129377671,10231.2,10787.35,10744.5692307692,9760.75882352941,10,5,5.38461538461539,15.5882352941176,0,0,0,22.0588235294118,0,0,0,0,175,150,151.923076923077,128.823529411765,250,150,157.692307692308,128.823529411765,35,117.5,111.153846153846,96.764705882353,0,642.18670441962,577.1441304455,2297.02592986466,0,5.77350269189626,5.18874521662771,23.5509460282072,0,0,0,48.1266710939811,0,0,0,0,0,28.8675134594813,25.9437260831385,51.5711957908106,0,115.470053837925,103.774904332554,102.638142205002,0,95.2627944162882,85.6142960743572,88.1125617004282,384.948314336365,792.529567619772,3378.14005185535,14711.7256560792,19.4628432239117
"97",2024-12-20,5,"616",45.45822,-73.63502,3,6.06027047867889,4.93347579646064,5.64147314918907,5.00755525169913,5.57161759406148,5.6189140900356,6.39711929610156,6.32124620953472,2753.6,2753.6,2753.6,2325.99056603774,5,5,5,3.9622641509434,0,0,0,0,0,0,0,0,90,90,90,75.4716981132076,105,105,105,157.924528301887,0,0,0,0,0,0,0,843.55196941362,0,0,0,2.04715810661947,0,0,0,0,0,0,0,0,0,0,0,28.6602134926726,0,0,0,104.405063437593,0,0,0,0,0,0,1298.06291389651,6819.75948271311,211.288305515272
"98",2024-12-20,5,"626",45.4582,-73.63503,3,5.7356149848891,4.94640402791868,5.65051556645539,4.96823413797487,5.62784306465601,5.70079615838059,6.45394387396495,6.31943678930508,2753.6,2753.6,2753.6,2295.75555555556,5,5,5,3.88888888888889,0,0,0,0,0,0,0,0,90,90,90,74.4444444444444,105,105,105,161.666666666667,0,0,0,0,0,0,0,864.59140937048,0,0,0,2.09821727265563,0,0,0,0,0,0,0,0,0,0,0,29.3750418171789,0,0,0,107.009080905437,0,0,0,0,0,0,1331.3955758696,6760.22778468543,213.63722531982
"99",2024-12-26,6,"619",45.44957,-73.63894,3,8.68781189365821,8.42647379867696,6.28448948004826,5.62398950806141,4.71755021378078,4.87876947938005,5.06865777236105,5.70042393926916,2488.5,2488.5,2488.5,2488.5,110,110,110,110,5,5,5,5,0,0,0,0,60,60,60,60,40,40,40,40,55,55,55,55,0,0,0,0,0,0,0,0,0,0,0,0,0,0,0,0,0,0,0,0,0,0,0,0,0,0,0,0,385.619497857514,792.746605778562,3137.41412551357,14026.0781906253,197.532924386374
"100",2024-12-26,5,"616",45.45678,-73.63608,3,2.67824555543489,3.13444288763955,4.79830545914854,3.89598934045854,4.21782433162805,4.57644364570082,6.81825461758009,5.68015307086066,693.3,1723.45,1895.14166666667,2309.82156862745,0,2.5,2.91666666666667,2.64705882352941,0,0,0,0,0,0,0,0,20,55,60.8333333333333,56.764705882353,360,232.5,211.25,226.56862745098,0,0,0,0,0,1456.85210127864,1060.9074987167,3742.61337465219,0,3.53553390593274,2.57464325272219,2.52050415125042,0,0,0,0,0,0,0,0,0,49.4974746830583,36.0450055381106,35.6626349196433,0,180.31222920257,131.306805888831,130.696175139437,0,0,0,0,489.076022405766,994.466639137821,1996.83001790654,5591.54286263561,282.44201625516
"101",2024-12-26,5,"626",45.46061,-73.64007,3,6.09504684009917,6.36825155734896,6.53865208968484,6.8479560135345,6.37985911538358,5.59892472887553,5.49863793088869,6.1409531822635,4970,5909.73333333333,5357.025,4710.61666666667,65,58.3333333333333,48.75,45.8333333333333,125,111.666666666667,102.5,102.222222222222,0,0,0,0,30,20,15,15.8333333333333,30,68.3333333333333,74.375,63.8888888888889,0,0,0,0,0,1627.66587889939,2221.64095794077,2242.36409678428,0,11.5470053837925,14.3178210632764,14.9763965235363,0,23.094010767585,18.4390889145858,16.7576134954502,0,0,0,0,0,17.3205080756888,13.4164078649987,11.8062183807022,0,66.395280956807,56.5353871482278,50.8203148604544,0,0,0,0,696.138884831292,2133.08654490089,5379.16370183637,13835.3624114508,5.47344902923648
"102",2024-12-26,6,"633",45.46344,-73.6424,3,8.63813512231959,6.19044431509128,6.32246486203386,6.42088032636936,4.49122446266183,5.03930663483611,5.20245867239632,5.82637332792715,11343.5,10972.7333333333,10256.225,8870.0431372549,0,3.33333333333333,10.4166666666667,24.8039215686274,0,0,10.4166666666667,41.6666666666667,0,0,0,0,125,141.666666666667,142.083333333333,109.019607843137,50,116.666666666667,148.333333333333,106.078431372549,200,145,100.833333333333,81.5686274509804,0,642.18670441962,1754.44285076229,2822.56439233934,0,5.77350269189626,17.8959534955574,28.9993238595959,0,0,36.0843918243516,59.5119035711904,0,0,0,0,0,28.8675134594813,43.1939775543964,60.0667928879438,0,115.470053837925,106.329960999055,98.6322144407708,0,95.2627944162882,88.0814017448254,89.4734049652657,381.303976551731,1010.69229663593,4373.1643072083,14977.6812299114,65.7670329620594
"103",2024-12-26,5,"634",45.46343,-73.64241,3,8.4343231913394,6.0913592805406,6.32772783135734,6.41587009159668,4.59122302652679,4.99679437408675,5.19039738584867,5.82027079299015,11343.5,10972.7333333333,10256.225,8870.0431372549,0,3.33333333333333,10.4166666666667,24.8039215686274,0,0,10.4166666666667,41.6666666666667,0,0,0,0,125,141.666666666667,142.083333333333,109.019607843137,50,116.666666666667,148.333333333333,106.078431372549,200,145,100.833333333333,81.5686274509804,0,642.18670441962,1754.44285076229,2822.56439233934,0,5.77350269189626,17.8959534955574,28.9993238595959,0,0,36.0843918243516,59.5119035711904,0,0,0,0,0,28.8675134594813,43.1939775543964,60.0667928879438,0,115.470053837925,106.329960999055,98.6322144407708,0,95.2627944162882,88.0814017448254,89.4734049652657,375.709341211223,1006.93342409183,4337.24160800372,14960.1881073312,65.9553638779729
"104",2024-12-26,6,"610",45.46115,-73.65002,3,4.19366176491774,5.23840362954284,5.99841959952957,6.07778146546888,3.94686802938649,4.53223387040554,4.97356962540312,5.55995440728698,7087.2,7087.2,7087.2,6684.71176470588,60,60,60,59.9019607843137,80,80,80,71.6666666666667,0,0,0,0,40,40,40,50.5882352941176,90,90,90,88.1372549019608,0,0,0,2.74509803921569,0,0,0,847.086790511352,0,0,0,10.0742342675973,0,0,0,16.5428735915701,0,0,0,0,0,0,0,23.1008021251109,0,0,0,12.9984916168656,0,0,0,6.95080754230731,375.151153199554,788.003678423229,3765.33163975991,18318.2378898683,106.974799028216
"105",2024-12-31,6,"610",45.46156,-73.65118,3,5.57351780693959,4.9821231760818,5.92778478865934,6.43735334933188,4.85547797289298,4.49972115457562,5.14539969077462,5.56409756274466,7087.2,7087.2,7087.2,7021.62352941177,60,60,60,57.7450980392157,80,80,80,62.7450980392157,0,0,0,0,40,40,40,57.0588235294118,90,90,90,79.6078431372549,0,0,0,1.96078431372549,0,0,0,372.785065467078,0,0,0,13.6496785856003,0,0,0,27.501158620869,0,0,0,0,0,0,0,30.8735561700986,0,0,0,21.6758653173271,0,0,0,6.00653239170064,385.789976526399,792.779392221615,3982.24123502364,16392.504523265,19.1090519491225
"106",2024-12-31,6,"633",45.46284,-73.64234,3,4.6996213543536,5.23198881843615,6.12911189958146,6.1584599252213,4.50766468168442,4.49633596337678,5.35770318167886,5.72295575730307,11343.5,9219,9126.30833333333,8134.78039215686,0,21.6666666666667,22.5,31.764705882353,0,41.6666666666667,41.6666666666667,57.6470588235294,0,0,0,0,125,93.3333333333333,97.5,90.6862745098039,50,43.3333333333333,60,77.0588235294118,200,133.333333333333,119.583333333333,76.764705882353,0,3679.74194068008,3085.62581908092,3065.7801225802,0,37.5277674973257,31.5147872939326,30.9325642230282,0,72.1687836487032,61.5457454896664,62.3085302440723,0,0,0,0,0,54.8482755730144,51.8082127571576,58.3525458557134,0,11.5470053837925,60.6030302272689,81.6650259939237,0,115.470053837925,99.828451340135,92.7891347594737,401.77321948205,1380.65441024681,4316.4320390789,14605.0022794343,68.474812789389
"107",2024-12-31,5,"634",45.46169,-73.64207,3,5.27538862314844,6.06944631970682,5.86786672313787,6.20320865803554,4.38433303366496,5.74855879129956,5.7444869677506,5.83931475483913,4970,4970,5460.26923076923,5781.34423076923,65,65,60,43.0769230769231,125,125,115.384615384615,88.75,0,0,0,0,30,30,37.3076923076923,54.6153846153846,30,30,31.5384615384615,43.5576923076923,0,0,15.3846153846154,39.1346153846154,0,0,1767.69085032075,3023.22930962795,0,0,18.0277563773199,26.1622735069563,0,0,34.6687622640768,49.7136407682175,0,0,0,0,0,0,26.3482593206984,45.8882503848053,0,0,5.54700196225229,33.5678496169098,0,0,55.4700196225229,79.4078646883227,359.594849695796,784.403365179216,4673.11916498681,15456.6622521664,71.7258996952731
"108",2024-12-31,5,"626",45.46067,-73.63933,3,5.28425804203519,6.07003392150623,6.71632677434711,7.05509054378735,5.23476219444258,5.54943320238024,5.44132232397208,6.10949606244282,7789.2,7789.2,6492.04,5418.50377358491,45,45,47,46.4150943396226,85,85,94.3333333333333,97.2641509433962,0,0,0,0,0,0,8,12.1698113207547,145,145,107.333333333333,82.5471698113208,0,0,0,0,0,0,2054.64812691336,2295.07431377607,0,0,10.6569896580333,13.2061086714039,0,0,16.2422142520508,18.4642595962664,0,0,0,0,0,0,12.5071408174919,12.5003628394364,0,0,55.1577823374087,55.6743850913284,0,0,0,0,378.55723148467,972.394838052685,5630.78616846478,14910.4027339603,52.8111838420883
"109",2024-12-31,5,"616",45.45783,-73.63399,3,2.02631028736677,3.5604793543661,2.98453611056498,4.54282558444039,3.25999479200308,4.44754193571926,4.42753814199056,5.92187264455506,2753.6,2066.83333333333,2066.83333333333,1824.44509803922,5,3.33333333333333,3.33333333333333,2.74509803921569,0,0,0,0,0,0,0,0,90,66.6666666666667,66.6666666666667,58.4313725490196,105,190,190,220,0,0,0,0,0,1189.51475961139,1014.42159545888,1035.38842611142,0,2.88675134594813,2.46182981958665,2.51271277510902,0,0,0,0,0,0,0,0,0,40.4145188432738,34.4656174742132,35.1779788515263,0,147.224318643355,125.553320798919,128.14835153056,0,0,0,0,524.996176852308,1090.51656080883,2197.5687567412,6668.83353621284,236.714794532323
"110",2025-01-04,6,"610",45.46101,-73.65145,3,3.83573370846297,5.06390279145507,5.79305171582314,6.62368190522988,4.23775678222849,4.86584090293527,5.34130978289323,5.84615004780721,7087.2,7087.2,7087.2,6930.01764705882,60,60,60,59.6078431372549,80,80,80,54.8039215686274,0,0,0,0,40,40,40,65.8823529411765,90,90,90,69.3137254901961,0,0,0,0,0,0,0,522.03611396373,0,0,0,16.9364440557899,0,0,0,33.0599574154857,0,0,0,0,0,0,0,34.4776142207221,0,0,0,27.8032301692292,0,0,0,0,295.439795413556,758.222564256524,3174.57727082016,16428.5499505418,20.4786916396195
"111",2025-01-04,5,"634",45.46093,-73.65144,3,4.379479202755,5.4159399845775,5.83458136891834,6.62075535117206,4.80414014536974,5.42571419807984,5.37684625892529,5.83133630825284,7087.2,7087.2,7087.2,6914.06037735849,60,60,60,60.0943396226415,80,80,80,54.4339622641509,0,0,0,0,40,40,40,66.0377358490566,90,90,90,68.8679245283019,0,0,0,0,0,0,0,530.658873600191,0,0,0,16.9697288756541,0,0,0,33.1903075715013,0,0,0,0,0,0,0,34.3253451235666,0,0,0,28.0905388779876,0,0,0,0,364.137608641997,783.174256190393,3467.913925124,16395.1603613787,12.9249130379049
"112",2025-01-04,5,"626",45.46058,-73.63937,3,5.11650711558448,6.32529313788859,6.81351050785364,7.06493611721601,4.69327305288802,5.61831313374229,5.40046485077338,6.14398186325536,7789.2,7789.2,6229.36875,5245.67358490566,45,45,45.9375,45.6603773584906,85,85,94.375,98.2075471698113,0,0,0,0,0,0,8.4375,12.7358490566038,145,145,102.8125,78.8679245283019,0,0,0,0,0,0,2245.90278053726,2345.21482566514,0,0,11.1383347049727,13.5177140139357,0,0,15.6923548264752,17.4061864450612,0,0,0,0,0,0,12.2091154470748,12.2696482041541,0,0,56.2722178343808,55.4148819694358,0,0,0,0,389.221680002768,999.395784460088,5560.79531917189,14553.1432032458,49.3737082431171
"113",2025-01-04,5,"616",45.45845,-73.63303,3,3.11189194905368,3.88927431035139,4.87610392688712,4.50410378760962,3.9581242657562,5.21381410007914,5.19517802785155,5.26693076076997,2753.6,2238.525,1895.14166666667,3319.8862745098,5,3.75,2.91666666666667,2.25490196078431,0,0,0,0,0,0,0,0,90,72.5,60.8333333333333,58.4313725490196,105,168.75,211.25,207.941176470588,0,0,0,0,0,1030.15,1060.9074987167,4040.75073406017,0,2.5,2.57464325272219,2.51271277510902,0,0,0,0,0,0,0,0,0,35,36.0450055381106,33.1283895787047,0,127.5,131.306805888831,128.581400173541,0,0,0,0,480.577596519757,1388.88610755553,2891.33980064936,9491.96687371849,181.940609640256
"114",2025-01-04,6,"619",45.45037,-73.63975,3,6.22919013324253,8.67054511481337,7.59611759899805,7.2095812427703,5.27764736150536,5.71657983829647,5.45853481198952,5.75538635815131,2488.5,2488.5,2488.5,2496.93529411765,110,110,110,109.019607843137,5,5,5,6.17647058823529,0,0,0,0,60,60,60,58.6274509803922,40,40,40,40.1960784313725,55,55,55,52.843137254902,0,0,0,42.1680344504195,0,0,0,4.90098029409804,0,0,0,5.88117635291763,0,0,0,0,0,0,0,6.86137241173726,0,0,0,0.980196058819606,0,0,0,10.7821566470157,382.992088626863,972.384487314889,4453.15268057633,18500.797120426,153.601258609467
"115",2025-01-07,6,"610",45.46095,-73.64984,3,5.35599654442949,4.92756738388384,5.95893026484777,5.91574317218487,4.1050009488286,4.14586908076897,4.92998270595798,5.56362792163029,7087.2,7087.2,7087.2,6490.42777777778,60,60,60,58.3333333333333,80,80,80,70.2777777777778,0,0,0,0,40,40,40,56.1111111111111,90,90,90,86.9444444444444,0,0,0,2.22222222222222,0,0,0,1036.64717209016,0,0,0,12.2474487139159,0,0,0,17.9205970531715,0,0,0,0,0,0,0,27.9768547645321,0,0,0,15.2469194744092,0,0,0,6.34441268574515,369.238760753398,785.359507817062,4611.40830716583,18137.0053088443,116.25570205366
"116",2025-01-07,5,"634",45.46169,-73.64213,3,5.35730885741943,6.18708674270502,5.76170354674656,6.16206025188616,4.22220349516588,5.8535349567925,5.73633161301843,5.82372828790045,4970,4970,5950.53846153846,6026.47884615385,65,65,55,40.5769230769231,125,125,105.769230769231,83.9423076923077,0,0,0,0,30,30,44.6153846153846,58.2692307692308,30,30,33.0769230769231,44.3269230769231,0,0,30.7692307692308,46.8269230769231,0,0,2393.46472592156,3204.0707934663,0,0,24.4096975264614,27.0557493827215,0,0,46.9417260124257,52.0118438478438,0,0,0,0,0,0,35.6757117694435,47.5671312553876,0,0,7.51067616198811,33.4756107612259,0,0,75.1067616198811,84.8529803869198,373.251486256234,795.621723354373,4733.66733884359,14970.5991558634,72.8926801048649
"117",2025-01-07,5,"626",45.46025,-73.63988,3,6.85572742407793,8.06033484676072,6.33026398387515,6.88310479890373,5.00309853512344,5.67838089916821,5.49337652055,6.24946733295616,7789.2,5955.9,4827.98571428571,4645.51176470588,45,40,42.8571428571429,42.9411764705882,85,88.3333333333333,97.8571428571429,98.921568627451,0,0,0,0,0,5,12.8571428571429,13.8235294117647,145,108.333333333333,73.2142857142857,68.3333333333333,0,0,0,0,0,3175.36874551602,2520.28700040206,2396.154428049,0,8.66025403784439,13.8278266986823,13.9705572755075,0,5.77350269189626,15.4065777303929,15.2418412762434,0,0,0,0,0,8.66025403784439,11.5549332977946,11.1619100199795,0,63.5085296108588,55.5603325174584,52.3895663912832,0,0,0,0,388.944852873322,1493.74028606922,4966.1942574624,12216.3059028747,41.0860223956128
"118",2025-01-07,6,"619",45.45034,-73.63976,3,6.22681761954275,8.32539797153278,7.57874950465678,7.18671039644141,5.07664007478599,5.6053431345521,5.4326061184591,5.76711209299216,2488.5,2488.5,2488.5,2496.93529411765,110,110,110,109.019607843137,5,5,5,6.17647058823529,0,0,0,0,60,60,60,58.6274509803922,40,40,40,40.1960784313725,55,55,55,52.843137254902,0,0,0,42.1680344504195,0,0,0,4.90098029409804,0,0,0,5.88117635291763,0,0,0,0,0,0,0,6.86137241173726,0,0,0,0.980196058819606,0,0,0,10.7821566470157,394.781031858062,1035.27997839417,4395.40671075754,18362.6110666632,151.301664693317
"119",2025-01-14,5,"626",45.46012,-73.63943,3,8.97233024761189,7.13433292263416,6.32762371452116,6.56434993420187,5.63886347824067,5.02096498598238,5.30182524367424,6.03898305397449,7789.2,5955.9,5230.72857142857,4650.9431372549,45,40,40,40.7843137254902,85,88.3333333333333,92.1428571428571,96.1764705882353,0,0,0,0,0,5,8.57142857142857,12.0588235294118,145,108.333333333333,89.6428571428571,73.0392156862745,0,0,0,0,0,3175.36874551602,2742.82874740338,2520.01645393477,0,8.66025403784439,10.3774904332554,12.5846155690036,0,5.77350269189626,10.690449676497,13.3636909308064,0,0,0,0,0,8.66025403784439,9.69309258988296,10.40079182506,0,63.5085296108588,57.4611670111712,53.7036165576635,0,0,0,0,374.364141907875,939.986703340941,4412.85866203561,12623.3743810365,70.361152905182
"120",2025-01-14,6,"618b",45.46629,-73.64233,3,8.7451412471408,8.1364644446898,8.2301624813784,7.20345202099651,5.09704310096999,5.58046662491869,5.93225764529108,5.99124437168172,10231.2,10231.2,12869.1,13332.4566037736,10,10,7.5,5.66037735849057,0,0,0,2.54716981132075,0,0,0,0,175,175,143.75,127.735849056604,250,250,257.5,229.716981132075,35,35,40,34.3396226415094,0,0,4772.1406551701,4888.64402119495,0,0,4.52267016866645,5.00362713141644,0,0,0,10.4982893070469,0,0,0,0,0,0,56.5333771083307,57.941997172038,0,0,13.5680105059994,72.9292010098969,0,0,9.04534033733291,17.8680456038431,556.952135953244,1179.26674949266,4261.32817063142,18900.7192903481,38.1159648673307
"121",2025-01-11,6,"610",45.46088,-73.64884,3,6.28105451042547,4.77214132871041,5.21400868951944,5.4456154880549,5.13604359966445,4.89562400838868,5.20443891666793,5.5489155680935,7087.2,7087.2,6107.29166666667,5964.36153846154,60,60,52.5,52.6923076923077,80,80,72.5,69.1346153846154,0,0,0,0,40,40,64.1666666666667,68.0769230769231,90,90,90.4166666666667,89.4230769230769,0,0,1.66666666666667,2.69230769230769,0,0,1345.81888789508,1298.51148630281,0,0,13.228756555323,14.2959454851798,0,0,10.1129979369486,13.5299650683633,0,0,0,0,0,0,33.967453227875,33.2570771792076,0,0,1.44337567297406,9.27012099641016,0,0,5.77350269189626,6.89284500168069,443.278486364945,1982.76197255333,5922.39363282354,19079.4810543884,120.35709285636
"122",2025-01-11,5,"626",45.46059,-73.64002,3,6.48144149602102,6.30699080753357,6.49083004682628,6.87811189946566,6.3668186095435,5.60284260262347,5.4461207524168,6.1452538348503,4970,6379.6,5357.025,4820.56607142857,65,55,48.75,45.8035714285714,125,105,102.5,101.607142857143,0,0,0,0,30,15,15,15.2678571428571,30,87.5,74.375,66.7857142857143,0,0,0,0,0,1993.47543752111,2221.64095794077,2275.45320650848,0,14.142135623731,14.3178210632764,14.7024050510695,0,28.2842712474619,18.4390889145858,16.7632482981818,0,0,0,0,0,21.2132034355964,13.4164078649987,11.9628076233703,0,81.317279836453,56.5353871482278,52.1486387116722,0,0,0,0,664.960122367305,2146.97342356143,5373.92175428099,13794.6517862535,2.71733964078032
"123",2025-01-11,5,"634",45.46199,-73.64105,3,7.38187913534993,7.49446954083779,7.79326341367615,6.5485440506442,4.23910103569329,5.85439826315468,6.44879754106941,6.11088358546799,4970,4970,4970,5974.6962264151,65,65,65,50.8490566037736,125,125,125,100.094339622641,0,0,0,0,30,30,30,41.3207547169811,30,30,30,48.0188679245283,0,0,0,27.0754716981132,0,0,0,2507.74118963984,0,0,0,23.5693707908697,0,0,0,44.6620920618815,0,0,0,0,0,0,0,39.9055488646464,0,0,0,43.9004514459168,0,0,0,68.271474236937,380.953194303059,790.710869241852,3018.95930495776,18020.3012573623,24.7721880494903
"124",2025-01-11,6,"619",45.45054,-73.64223,3,4.7443203616297,5.72637147423555,5.4222953375661,6.66858174022025,5.23854640187213,5.93687135824419,5.59351947364067,5.72277761662522,2703.6,2631.9,2596.05,2612.59615384615,85,93.3333333333333,97.5,95.5769230769231,35,25,20,22.3076923076923,0,0,0,0,25,36.6666666666667,42.5,39.8076923076923,45,43.3333333333333,42.5,42.8846153846154,0,18.3333333333333,27.5,23.2692307692308,0,124.188042902688,111.609909609662,107.306398328207,0,14.4337567297406,12.9718630415693,12.4716873928647,0,17.3205080756888,15.5662356498831,14.9660248714376,0,0,0,0,0,20.2072594216369,18.160608258197,17.4603623500105,0,2.88675134594813,2.59437260831385,2.49433747857293,0,31.7542648054294,28.5380986914524,27.4377122643023,720.461115114589,1672.98972160815,4726.65755861212,19257.4281027277,112.00963803231
"125",2025-01-13,6,"618b",45.46629,-73.64201,3,7.14362428116675,8.55898852822131,8.47324784109224,7.07474432921356,4.88360886378954,5.0514688546183,5.95821988227363,6.00059416860659,10231.2,12869.1,13477.8461538462,13964.8470588235,10,7.5,6.92307692307692,6.5686274509804,0,0,0,5.3921568627451,0,0,0,0,175,143.75,136.538461538462,117.549019607843,250,257.5,259.230769230769,233.725490196078,35,40,41.1538461538462,35.0980392156863,0,5275.8,5068.82468306927,5227.54968467457,0,5,4.80384461415261,9.72060677521889,0,0,0,20.2198698624621,0,0,0,0,0,62.5,60.0480576769077,62.6128784597834,0,15,14.4115338424578,67.1553656624317,0,10,9.60768922830523,18.6678921166379,298.21384955391,1092.81978283664,4048.69206351194,18602.5338244094,62.9016441866773
"126",2025-01-13,5,"626",45.46021,-73.64041,3,6.5231706469877,6.71795074368159,6.06247051092567,6.47953551056512,5.79962315269522,5.80637910535371,5.81540833339005,6.09158068696423,2289.3,3182.86666666667,4020.38181818182,4158.86862745098,30,41.6666666666667,42.2727272727273,42.156862745098,95,105,101.363636363636,100.490196078431,0,0,0,0,15,20,16.3636363636364,15.5882352941176,35,33.3333333333333,53.6363636363636,57.4509803921569,0,0,0,0,0,1547.70286661663,2215.69787237258,2226.64884070122,0,20.2072594216369,15.7104481736894,14.739569259676,0,17.3205080756888,15.6669890360128,15.0084943269065,0,0,0,0,0,8.66025403784439,10.5097357461806,10.3753100591515,0,2.88675134594813,45.2267016866645,46.4152189375382,0,0,0,0,790.89605807178,1876.45366651682,4439.61570315625,12063.2667901256,54.8005831826863
"127",2025-01-15,6,"619",45.4498,-73.63984,3,5.27346574682658,7.44269714786011,7.43673562874033,6.59179268703723,3.74564416444808,4.98498324312462,5.23241581532845,5.70095261530312,2488.5,2488.5,2488.5,2488.5,110,110,110,110,5,5,5,5,0,0,0,0,60,60,60,60,40,40,40,40,55,55,55,55,0,0,0,0,0,0,0,0,0,0,0,0,0,0,0,0,0,0,0,0,0,0,0,0,0,0,0,0,377.997931433227,1099.13043127256,4506.28434192881,12905.2406663795,127.283740402011
"128",2025-01-15,6,"610",45.46093,-73.64945,3,6.54028025352594,5.48919095669817,5.33159244305574,5.7322204957786,4.46723559776963,4.22309682925966,4.9269903702035,5.55722628404621,7087.2,7087.2,6872.8,6324.90196078431,60,60,58.0769230769231,55.9803921568627,80,80,78.8461538461538,70.9803921568627,0,0,0,0,40,40,45.3846153846154,59.0196078431373,90,90,90,89.4117647058823,0,0,0,2.74509803921569,0,0,773.030193459479,1162.21494423195,0,0,6.93375245281536,12.649885684983,0,0,4.16025147168922,13.9649420995268,0,0,0,0,0,0,19.414506867883,29.8834336688932,0,0,0,9.36200079168601,0,0,0,6.95080754230731,375.116046524442,788.870990229078,5543.80073962808,18829.4710755628,146.488188282909
"129",2025-01-18,6,"618b",45.46624,-73.64229,3,8.44819325192094,7.8490579411789,8.2309641698285,7.20944109172375,5.44599592232242,5.50913087958475,5.93581707022388,6.00597398654933,10231.2,10231.2,12666.1846153846,13332.4566037736,10,10,7.69230769230769,5.66037735849057,0,0,0,2.54716981132075,0,0,0,0,175,175,146.153846153846,127.735849056604,250,250,256.923076923077,229.716981132075,35,35,39.6153846153846,34.3396226415094,0,0,4627.18269826002,4888.64402119495,0,0,4.38529009653515,5.00362713141644,0,0,0,10.4982893070469,0,0,0,0,0,0,54.8161262066893,57.941997172038,0,0,13.1558702896054,72.9292010098969,0,0,8.77058019307029,17.8680456038431,579.266179801158,1189.6724570259,4113.7576215415,19286.2938032391,42.4532518006717
"130",2025-01-18,5,"634",45.46213,-73.64132,3,8.30014359479661,7.22765114228264,7.23393277308661,6.38871469891206,5.02307469415073,5.57753430629964,6.09241911171192,5.9962251498401,4970,4970,4970,6128.95490196078,65,65,65,49.8039215686274,125,125,125,97.156862745098,0,0,0,0,30,30,30,48.5294117647059,30,30,30,46.5686274509804,0,0,0,32.7450980392157,0,0,0,2643.04636329473,0,0,0,25.5139331408101,0,0,0,49.520247393978,0,0,0,0,0,0,0,44.5454163483412,0,0,0,47.4393317414825,0,0,0,73.1800090563686,389.192190271267,794.52218853254,3485.28283759598,17365.9158263034,12.1559043371917
"131",2025-01-18,5,"626",45.46015,-73.63821,3,7.12684586787208,6.20622441856872,7.25645633923802,6.53274822369427,5.68643304991584,4.9850402083169,5.79262042979943,5.81603576108006,7789.2,7789.2,6872.55,5547.75294117647,45,45,42.5,38.5294117647059,85,85,86.6666666666667,80.5882352941177,0,0,0,0,0,0,2.5,14.7058823529412,145,145,126.666666666667,103.137254901961,0,0,0,0,0,0,2140.83317149698,2548.16012113469,0,0,5.83874208121142,14.4323981945849,0,0,3.89249472080762,29.3708539001427,0,0,0,0,0,0,5.83874208121142,26.5784078662715,0,0,42.8174419288838,50.7834695970423,0,0,0,0,392.591015252567,796.16531723341,3961.70151020553,16373.1935609102,149.004834163242
"132",2025-01-25,6,"610",45.46036,-73.64994,3,6.94185008770764,5.27795549789303,5.36342289072089,6.00298113286936,5.119129157268,4.81381472703578,5.14013178678684,5.57027393665534,7087.2,7087.2,6872.8,6213.8,60,60,58.0769230769231,59.0196078431373,80,80,78.8461538461538,63.6274509803922,0,0,0,0,40,40,45.3846153846154,66.764705882353,90,90,90,77.7450980392157,0,0,0,0.392156862745098,0,0,773.030193459479,1158.10922645491,0,0,6.93375245281536,15.9065900759131,0,0,4.16025147168922,26.039939158388,0,0,0,0,0,0,19.414506867883,32.215268575813,0,0,0,25.4620055276523,0,0,0,2.80056016805602,360.286855331278,781.489152474032,4994.88703807703,18727.3718902198,120.862279113486
"133",2025-01-25,5,"634",45.46158,-73.6419,3,4.7293538857547,6.17423206406535,6.36035123700544,6.39309558543077,4.52504127780585,5.70208697298414,5.82895809063447,5.9775366552111,4970,4970,4970,5545.54901960784,65,65,65,44.4117647058824,125,125,125,93.3333333333333,0,0,0,0,30,30,30,46.078431372549,30,30,30,39.2156862745098,0,0,0,35.2941176470588,0,0,0,2954.97139041125,0,0,0,25.3307532225856,0,0,0,46.5152304806358,0,0,0,0,0,0,0,41.0403913905581,0,0,0,19.9843075691806,0,0,0,77.0026737503698,381.95240079649,791.1725080582,4361.63906074444,16342.0421770329,82.2561508140217
"134",2025-01-25,5,"626",45.46025,-73.63988,3,6.85572742407793,8.06033484676072,6.33026398387515,6.88310479890373,5.00309853512344,5.67838089916821,5.49337652055,6.24946733295616,7789.2,5955.9,4827.98571428571,4645.51176470588,45,40,42.8571428571429,42.9411764705882,85,88.3333333333333,97.8571428571429,98.921568627451,0,0,0,0,0,5,12.8571428571429,13.8235294117647,145,108.333333333333,73.2142857142857,68.3333333333333,0,0,0,0,0,3175.36874551602,2520.28700040206,2396.154428049,0,8.66025403784439,13.8278266986823,13.9705572755075,0,5.77350269189626,15.4065777303929,15.2418412762434,0,0,0,0,0,8.66025403784439,11.5549332977946,11.1619100199795,0,63.5085296108588,55.5603325174584,52.3895663912832,0,0,0,0,388.944852873322,1493.74028606922,4966.1942574624,12216.3059028747,41.0860223956128
"135",2025-01-25,6,"619",45.45041,-73.64,3,4.99035574828198,8.08444312323858,7.26352970403029,7.30272312268956,3.38559820946963,5.65439367394745,5.39671945930602,5.76353940761257,2488.5,2488.5,2488.5,2506.425,110,110,110,107.916666666667,5,5,5,7.5,0,0,0,0,60,60,60,57.0833333333333,40,40,40,40.4166666666667,55,55,55,50.4166666666667,0,0,0,60.0796227004613,0,0,0,6.9827548466366,0,0,0,8.37930581596392,0,0,0,0,0,0,0,9.77585678529124,0,0,0,1.39655096932732,0,0,0,15.3620606626005,388.80336683201,936.183071464969,4513.71693446727,19110.2192628604,139.418564259062
"136",2025-01-27,6,"619",45.44927,-73.63944,3,6.16692084958374,6.71879707554057,5.79324384468053,5.36925143513287,3.24414426245116,4.39606038022149,5.18412328770456,5.36903088996434,2488.5,2488.5,2488.5,2488.5,110,110,110,110,5,5,5,5,0,0,0,0,60,60,60,60,40,40,40,40,55,55,55,55,0,0,0,0,0,0,0,0,0,0,0,0,0,0,0,0,0,0,0,0,0,0,0,0,0,0,0,0,382.902469237976,792.87291056518,3118.22953621834,13632.3594083489,164.727693223417
"137",2025-01-27,5,"626",45.46052,-73.63918,3,4.79407101878089,6.05469240984413,7.02651414442924,7.07975095895842,4.52410214426456,5.28362443943808,5.40364919653004,6.10787312657672,7789.2,7789.2,6409.27857142857,5527.44509803921,45,45,43.2142857142857,45.0980392156863,85,85,90,95.9803921568627,0,0,0,0,0,0,5.35714285714286,10.8823529411765,145,145,113.214285714286,87.3529411764706,0,0,0,0,0,0,2353.9822982076,2381.81797023313,0,0,8.90270979860861,12.5495097943478,0,0,10.9192842819834,16.6439060272262,0,0,0,0,0,0,9.49985540664976,12.0293758089496,0,0,52.1686297890402,56.2348018683846,0,0,0,0,391.805717251928,827.323919075167,5399.03138187331,14932.4246523136,64.8927435826433
"138",2025-01-27,5,"634",45.4628,-73.64056,3,8.83962038186902,7.905353566427,6.56210722486655,7.21519496018751,5.69357511329713,5.58113401740072,6.52772053364973,6.37742774779349,4970,4970,4970,5926.72291666667,65,65,65,55.3125,125,125,125,101.5625,0,0,0,0,30,30,30,45.5208333333333,30,30,30,57.6041666666667,0,0,0,15.4166666666667,0,0,0,2060.1366962743,0,0,0,21.1228989890623,0,0,0,45.9666420445421,0,0,0,0,0,0,0,46.861493325945,0,0,0,64.5359011361971,0,0,0,49.139763044369,387.993599281189,793.991359914017,3009.13040604239,17541.5884893759,83.787651944086
"139",2025-01-27,6,"610",45.46111,-73.65006,3,4.56107243474281,5.03770941407326,5.90418186942192,6.1056034495934,4.05067119491158,4.42368469093177,4.86302711106604,5.57908677883078,7087.2,7087.2,7087.2,6656.12264150943,60,60,60,60.8490566037736,80,80,80,69.3396226415094,0,0,0,0,40,40,40,52.4528301886793,90,90,90,85.7547169811321,0,0,0,2.64150943396226,0,0,0,843.327130988989,0,0,0,10.9954470060166,0,0,0,20.0968265732777,0,0,0,0,0,0,0,24.5658972794337,0,0,0,17.6067138203861,0,0,0,6.83625611557918,386.990576110417,793.401020970857,3811.26287184863,18238.7225364091,102.669400962965
"140",2025-02-05,5,"626",45.46021,-73.63958,3,8.71898446718692,7.44344375797662,6.23134264637853,6.80098990684287,6.19091260813176,5.28147186067812,5.31939844075849,6.12971508540472,7789.2,6414.225,5032.95454545455,4756.06862745098,45,41.25,40,42.156862745098,85,87.5,93.1818181818182,97.3529411764706,0,0,0,0,0,3.75,9.54545454545454,12.6470588235294,145,117.5,84.5454545454545,72.843137254902,0,0,0,0,0,2749.95,2750.02926579469,2473.90139071792,0,7.5,11.1803398874989,13.2383874380826,0,5,11.6774841624228,14.5035492613522,0,0,0,0,0,7.5,10.1129979369486,10.9705488092652,0,55,57.8988145584409,53.8540147246311,0,0,0,0,355.114648294846,982.041146327027,4753.85182845694,12139.0019676972,55.2616599987758
"141",2025-02-05,5,"634",45.46199,-73.64059,3,7.52447488999645,8.50459807790073,8.08451030048249,6.76190674904657,5.49526493115284,6.39217330744925,6.69679438738048,6.14442313639418,4970,4970,4970,5670.81632653061,65,65,65,56.530612244898,125,125,125,107.551020408163,0,0,0,0,30,30,30,30.7142857142857,30,30,30,55.6122448979592,0,0,0,8.87755102040816,0,0,0,1807.29523659747,0,0,0,16.714641835848,0,0,0,33.7750285125033,0,0,0,0,0,0,0,31.4907393794853,0,0,0,51.2106826121801,0,0,0,40.1464157039897,333.249857954717,770.03890047441,3079.9058767093,18330.004203267,51.911081437367
"142",2025-02-05,6,"610",45.46118,-73.65046,3,3.51240215342344,5.72669771332412,5.28265554684393,6.2690630014623,3.70150153857639,4.87865174929403,4.66919938647159,5.66148471766133,7087.2,7087.2,7087.2,6817.486,60,60,60,59.6,80,80,80,69.9,0,0,0,0,40,40,40,51.8,90,90,90,84.7,0,0,0,1.6,0,0,0,721.56065665235,0,0,0,11.0120527660581,0,0,0,21.3448363970382,0,0,0,0,0,0,0,25.4502315453963,0,0,0,17.739900834916,0,0,0,5.48095031235739,364.261617412417,783.195403796145,3812.3392388622,18297.7392835271,76.5917159982724
"143",2025-02-08,6,"610",45.46121,-73.6504,3,3.72482966268518,5.65454908433157,5.38382588879226,6.24167663730863,3.65106038392303,4.85735654682227,4.72517459126058,5.63668510911387,7087.2,7087.2,7087.2,6802.62653061225,60,60,60,60.1020408163265,80,80,80,71.2244897959184,0,0,0,0,40,40,40,49.5918367346939,90,90,90,87.0408163265306,0,0,0,2.44897959183674,0,0,0,713.281290578826,0,0,0,9.81547438563037,0,0,0,18.4427778390829,0,0,0,0,0,0,0,22.5424769115136,0,0,0,14.5744628026694,0,0,0,6.62401321106836,384.489502946087,792.276259261345,3821.24928984749,18501.2605191828,82.3092323083001
"144",2025-02-08,5,"626",45.46054,-73.63918,3,4.65064160826534,6.01871510692355,6.9968154399916,7.08758936551522,4.4272117468885,5.35511471559248,5.40380942311255,6.10546747168538,7789.2,7789.2,6409.27857142857,5535.55961538462,45,45,43.2142857142857,45.2884615384615,85,85,90,95.1923076923077,0,0,0,0,0,0,5.35714285714286,10.6730769230769,145,145,113.214285714286,87.9807692307692,0,0,0,0,0,0,2353.9822982076,2359.07702184642,0,0,8.90270979860861,12.5015082046387,0,0,10.9192842819834,17.4322649485603,0,0,0,0,0,0,9.49985540664976,12.006078777095,0,0,52.1686297890402,55.8645035794734,0,0,0,0,393.459787860219,797.020892798199,5433.47754660027,14985.012235443,64.5876154380377
"145",2025-02-08,5,"634",45.46256,-73.64005,3,8.99920163948659,7.52580652212807,7.38289476719477,7.31154465768921,6.55213265772873,6.14127037141006,6.68055921821734,6.42785833216849,4970,4970,4970,5804.84444444444,65,65,65,57.4074074074074,125,125,125,104.814814814815,0,0,0,0,30,30,30,32.7777777777778,30,30,30,60,0,0,0,8.70370370370371,0,0,0,1690.43248743959,0,0,0,16.418487644965,0,0,0,37.5168259479709,0,0,0,0,0,0,0,36.2338665030522,0,0,0,56.4433260590105,0,0,0,38.4509634443319,390.172544001251,794.997327281452,3389.95554811381,17638.1045098694,98.1601364814007
"146",2025-02-10,6,"610",45.46125,-73.6504,3,4.2768322658786,5.71979644851328,5.47575836705758,6.24965328112958,3.97544529074179,4.85817323778546,4.83977165205364,5.6337393671851,7087.2,7087.2,7087.2,6789.86078431373,60,60,60,60.4901960784314,80,80,80,70.3921568627451,0,0,0,0,40,40,40,49.6078431372549,90,90,90,87.3529411764706,0,0,0,3.13725490196078,0,0,0,701.777649139222,0,0,0,9.81095825904811,0,0,0,18.5430077726053,0,0,0,0,0,0,0,22.0871713276033,0,0,0,14.3649901210015,0,0,0,7.3458004542545,386.569655371461,793.290772664794,3806.92195871614,18617.9812443374,84.5583678268963
"147",2025-02-10,5,"626",45.46054,-73.63912,3,4.62708897535218,5.8710751125684,6.94260775609528,7.07834674524784,4.37697917951633,5.27495157877497,5.40401541026146,6.0955921482243,7789.2,7789.2,6726.2,5535.55961538462,45,45,44.2307692307692,45.2884615384615,85,85,89.6153846153846,95.1923076923077,0,0,0,0,0,0,4.61538461538462,10.6730769230769,145,145,119.230769230769,87.9807692307692,0,0,0,0,0,0,2116.52410924138,2359.07702184642,0,0,8.37808496568922,12.5015082046387,0,0,11.2660142429822,17.4322649485603,0,0,0,0,0,0,9.45637757934173,12.006078777095,0,0,48.9832519781912,55.8645035794734,0,0,0,0,392.234784622436,796.193663109522,5388.04636132961,15236.0809288286,69.2473099399894
"148",2025-02-10,5,"634",45.4626,-73.64028,3,8.19393532392008,8.15240280055071,7.22971865700495,7.34323795811438,6.0272877846664,6.0620248496274,6.54572095808613,6.44682431463912,4970,4970,4970,5829.95882352941,65,65,65,56.8627450980392,125,125,125,105.490196078431,0,0,0,0,30,30,30,37.156862745098,30,30,30,54.1176470588235,0,0,0,13.1372549019608,0,0,0,1866.4308033438,0,0,0,18.5731199402181,0,0,0,39.9531588483412,0,0,0,0,0,0,0,38.160908033756,0,0,0,53.9509581226593,0,0,0,47.6755784895551,377.870558971433,789.261335455162,2902.92717472649,17693.815909263,84.4868259222193
"149",2025-02-12,6,"610",45.4607,-73.6502,3,5.71265148760876,5.2982304768864,5.68815042458777,6.05143484225772,4.47660369894931,4.50436382058256,4.98588631060166,5.57637513492476,7087.2,7087.2,7087.2,6468.19038461538,60,60,60,60.1923076923077,80,80,80,66.3461538461539,0,0,0,0,40,40,40,60.1923076923077,90,90,90,80.0961538461539,0,0,0,0.384615384615384,0,0,0,1022.892456015,0,0,0,14.0713008743195,0,0,0,25.1293786471443,0,0,0,0,0,0,0,30.324414845906,0,0,0,23.7323801433818,0,0,0,2.77350098112615,89.0541579312595,868.853064918161,3336.48817764025,18462.1932753496,89.1465902614876
"150",2025-02-12,5,"634",45.46276,-73.64053,3,8.58270886550671,8.11928181848168,6.64005979077744,7.2471411028802,5.66401573243159,5.63478184152038,6.53851478146865,6.39367706436239,4970,4970,4970,5925.72352941176,65,65,65,55.4901960784314,125,125,125,102.156862745098,0,0,0,0,30,30,30,44.0196078431373,30,30,30,58.235294117647,0,0,0,14.5098039215686,0,0,0,2023.73455854153,0,0,0,20.6217094820188,0,0,0,44.8693091317526,0,0,0,0,0,0,0,45.9675930177243,0,0,0,64.014244738275,0,0,0,47.7834165999124,390.55071224194,795.202414497326,3041.02875035059,17600.5447479302,81.6960566621818
"151",2025-02-12,5,"626",45.46022,-73.63978,3,7.67381548026355,8.17441226523201,6.31014642442423,6.88842934678685,5.70362646709579,5.46932608484603,5.45829432566518,6.22545677035765,7789.2,5039.25,4817.06153846154,4756.06862745098,45,37.5,41.1538461538462,42.156862745098,85,90,95.7692307692308,97.3529411764706,0,0,0,0,0,7.5,11.5384615384615,12.6470588235294,145,90,76.5384615384615,72.843137254902,0,0,0,0,0,3175.36874551602,2622.8528661677,2473.90139071792,0,8.66025403784439,12.7726671310665,13.2383874380826,0,5.77350269189626,13.821202589704,14.5035492613522,0,0,0,0,0,8.66025403784439,10.8751657812298,10.9705488092652,0,63.5085296108588,56.3613570108329,53.8540147246311,0,0,0,0,387.171102194178,1210.45607969514,4920.14098063268,12149.0774838003,46.6231716334697
"152",2025-02-15,5,"626",45.46026,-73.63987,3,6.85988385004843,8.03147539550205,6.34929127633858,6.89608052512466,5.15043491061082,5.67251894343231,5.48885394354956,6.25022413682632,7789.2,5955.9,4827.98571428571,4705.96730769231,45,40,42.8571428571429,42.9807692307692,85,88.3333333333333,97.8571428571429,98.6538461538462,0,0,0,0,0,5,12.8571428571429,13.5576923076923,145,108.333333333333,73.2142857142857,69.8076923076923,0,0,0,0,0,3175.36874551602,2520.28700040206,2412.26654664187,0,8.66025403784439,13.8278266986823,13.8358590436269,0,5.77350269189626,15.4065777303929,15.2146531735546,0,0,0,0,0,8.66025403784439,11.5549332977946,11.2169575084604,0,63.5085296108588,55.5603325174584,52.9517125430028,0,0,0,0,386.000407687684,1560.71301107942,4991.35110173953,12247.077807147,40.1956587926263
"153",2025-02-19,6,"610",45.46049,-73.65027,3,4.62711944146141,5.70376024947717,5.76572671728681,6.1276423573984,4.57422601431824,4.74286740682644,5.17652758769411,5.6218980589841,7087.2,7087.2,7087.2,6422.52156862745,60,60,60,60.9803921568627,80,80,80,63.921568627451,0,0,0,0,40,40,40,62.7450980392157,90,90,90,77.2549019607843,0,0,0,0,0,0,0,1030.28658679296,0,0,0,14.9672845848249,0,0,0,27.4283380008741,0,0,0,0,0,0,0,31.2460193543145,0,0,0,26.0636475860574,0,0,0,0,358.723669402368,780.864362696488,3974.21081921553,18137.6106809983,91.3272309741979
"154",2025-02-19,5,"634",45.4611,-73.63974,3,6.16796638840128,5.75768439496275,7.1439263060781,6.99051266687374,3.9988253204355,5.21066123880158,6.2651266814394,6.08943954931434,7789.2,5909.73333333333,6379.6,5408.05094339623,45,58.3333333333333,55,50.5660377358491,85,111.666666666667,105,102.547169811321,0,0,0,0,0,20,15,15.5660377358491,145,68.3333333333333,87.5,73.4905660377358,0,0,0,0,0,1627.66587889939,1472.27918301091,2027.96802571352,0,11.5470053837925,10.4446593573419,13.7512369149417,0,23.094010767585,20.8893187146837,20.4662630816742,0,0,0,0,0,17.3205080756888,15.6669890360128,13.4686379785986,0,66.395280956807,60.0567913047158,54.4693359894811,0,0,0,0,583.952873899956,1939.78280447518,5430.16598614337,15605.3006115785,53.1817996910817
"155",2025-02-21,6,"610",45.46045,-73.6501,3,5.81595192818206,5.6176399358402,5.51860342755604,6.10516287626745,4.46506103980956,4.79061430756423,5.08931185103482,5.63398307756099,7087.2,7087.2,7087.2,6338.68076923077,60,60,60,59.7115384615385,80,80,80,64.4230769230769,0,0,0,0,40,40,40,64.0384615384615,90,90,90,78.8461538461539,0,0,0,0.384615384615384,0,0,0,1093.96682819524,0,0,0,15.3205443747821,0,0,0,26.0590175983295,0,0,0,0,0,0,0,31.7625760416628,0,0,0,24.8843478763412,0,0,0,2.77350098112615,340.920291250136,773.728423321584,4239.33191585668,18499.0668162999,105.239546368161
"156",2025-02-21,5,"634",45.46082,-73.63945,3,6.68031633008391,6.12300032151261,6.72230486405235,6.95475610024384,6.05356099909613,5.5523077625666,5.53373458269653,6.05814335485224,7789.2,7789.2,6590.86428571429,5437.104,45,45,49.6428571428571,48.6,85,85,97.1428571428571,99.8,0,0,0,0,0,0,9.64285714285714,13.8,145,145,104.285714285714,78.5,0,0,0,0,0,0,1796.07126362263,2158.29134714647,0,0,10.8245244546968,13.5917141625901,0,0,18.4718377864465,19.8195945097424,0,0,0,0,0,0,13.931740974961,13.1537222170481,0,0,56.6995164426926,55.3582949188875,0,0,0,0,275.819860186715,1468.39413245679,5717.13909656925,15231.6060758701,48.9278253268636
"157",2025-02-22,6,"610",45.46054,-73.65036,3,4.03754884635493,5.65376042351592,5.84475809576104,6.14606788379513,4.26064208063988,4.67251972907505,5.12238283048272,5.58664047832929,7087.2,7087.2,7087.2,6435.30384615385,60,60,60,60.9615384615385,80,80,80,64.2307692307692,0,0,0,0,40,40,40,62.3076923076923,90,90,90,77.5,0,0,0,0,0,0,0,1024.29147065065,0,0,0,14.8204436683894,0,0,0,27.2494758968238,0,0,0,0,0,0,0,31.0985394408556,0,0,0,25.8673084618177,0,0,0,0,348.833567396189,776.814056876036,3692.228728628,17972.9341997003,82.5896944672541
"158",2025-03-01,6,"610",45.46036,-73.64991,3,6.964126656094,5.40368096449288,5.35243666328025,5.98987149476558,5.17825507025023,4.83964193369743,5.12689465923119,5.56341705810489,7087.2,7087.2,6872.8,6213.8,60,60,58.0769230769231,59.0196078431373,80,80,78.8461538461538,63.6274509803922,0,0,0,0,40,40,45.3846153846154,66.764705882353,90,90,90,77.7450980392157,0,0,0,0.392156862745098,0,0,773.030193459479,1158.10922645491,0,0,6.93375245281536,15.9065900759131,0,0,4.16025147168922,26.039939158388,0,0,0,0,0,0,19.414506867883,32.215268575813,0,0,0,25.4620055276523,0,0,0,2.80056016805602,353.350795069246,778.861510916169,5055.31261774933,18804.4445660536,122.961095646855
"159",2025-03-01,5,"634",45.46044,-73.64085,3,8.79382068088493,7.25450745315885,6.19310987008345,6.58315361722188,5.62270157675607,5.83448433494462,6.00877730512132,6.16083131842737,4970,3629.65,4166.47692307692,3990.31764705882,65,47.5,45.7692307692308,44.4117647058823,125,110,105,104.21568627451,0,0,0,0,30,22.5,18.4615384615385,18.2352941176471,30,32.5,50,48.3333333333333,0,0,0,0,0,1547.70286661663,2053.84296022272,1967.36642278005,0,20.2072594216369,16.689087483312,16.1445674709337,0,17.3205080756888,16.8325082306035,15.8547327009826,0,0,0,0,0,8.66025403784439,10.8751657812298,10.0907645603177,0,2.88675134594813,42.2295315310664,39.0085460721964,0,0,0,0,374.087614814213,1349.14285227748,4553.01191274297,12835.0832063156,35.2566662157892
"160",2025-03-04,6,"610",45.46047,-73.65009,3,5.55523016376637,5.64874308748906,5.46570159384678,6.10216263725432,4.36019172271475,4.75405145010759,5.0280403817104,5.6462409559928,7087.2,7087.2,7087.2,6352.80377358491,60,60,60,59.7169811320755,80,80,80,64.7169811320755,0,0,0,0,40,40,40,63.5849056603774,90,90,90,79.0566037735849,0,0,0,0.377358490566038,0,0,0,1088.26471061507,0,0,0,15.17256805819,0,0,0,25.8957802907157,0,0,0,0,0,0,0,31.6285131598447,0,0,0,24.6914926912237,0,0,0,2.74721127897378,317.354794307512,765.056387503534,4100.18199569781,18529.4048189357,105.035980467301
"161",2025-03-04,5,"634",45.46121,-73.64063,3,6.45769340124611,6.7771631500126,7.24744629638967,6.99657689317422,6.33153089277369,5.92870461508236,6.16476622663616,6.205163879418,4970,4970,5204.93333333333,5056.854,65,65,63.3333333333333,52.5,125,125,121.666666666667,108.8,0,0,0,0,30,30,27.5,19.5,30,30,39.5833333333333,58.7,0,0,0,0,0,0,813.832939449696,1884.65966290566,0,0,5.77350269189626,14.6123375324848,0,0,11.5470053837925,18.057730551015,0,0,0,0,0,0,8.66025403784439,12.5864358476472,0,0,33.1976404784035,49.0294580339416,0,0,0,0,268.103856844064,747.265187135528,5082.78720030038,16342.1961393563,21.1518906736875
"162",2025-03-06,6,"610",45.4604,-73.65017,3,6.02725438566621,5.49742803907787,5.72647906342709,6.07605156678751,4.62380915826717,4.8289627359749,5.2669994202466,5.59394994250624,7087.2,7087.2,7087.2,6316.37115384615,60,60,60,60.1923076923077,80,80,80,63.0769230769231,0,0,0,0,40,40,40,65.1923076923077,90,90,90,77.5961538461539,0,0,0,0.384615384615384,0,0,0,1090.22547395185,0,0,0,15.7169054250117,0,0,0,27.0285587189798,0,0,0,0,0,0,0,31.9613973421115,0,0,0,25.9239155353073,0,0,0,2.77350098112615,377.140225142283,788.778050697767,4364.60176956728,18090.9141576081,102.887103905421
"163",2025-03-06,5,"634",45.46159,-73.64001,3,7.66299434341644,8.69979021119547,7.98724489357348,7.15844651415899,6.81259633321786,7.38834400891552,6.76924817518601,6.15282840885591,4970,4970,5674.8,5627.20208333333,65,65,60,56.7708333333333,125,125,115,107.916666666667,0,0,0,0,30,30,22.5,19.0625,30,30,58.75,67.0833333333333,0,0,0,0,0,0,1275.03117395045,1509.02803091284,0,0,9.04534033733291,11.2273215072407,0,0,18.0906806746658,22.6873601826378,0,0,0,0,0,0,13.5680105059994,14.0915037779296,0,0,52.0107069396642,52.6513354110546,0,0,0,0,383.793194015221,1142.31433091135,5054.87629862223,16785.7565597105,1.11111789058058
"164",2025-03-08,5,"634",45.46242,-73.64005,3,7.92494278135492,8.02988031351315,7.47954349412091,7.17201225278645,5.98964121952238,6.9953471368792,6.6163620153254,6.39473997840356,4970,4970,4970,5750.79215686275,65,65,65,58.0392156862745,125,125,125,106.078431372549,0,0,0,0,30,30,30,30.0980392156863,30,30,30,57.4509803921569,0,0,0,8.52941176470588,0,0,0,1614.40532442669,0,0,0,15.4297903865396,0,0,0,35.4162918088582,0,0,0,0,0,0,0,31.2968080813113,0,0,0,51.1113739692019,0,0,0,39.3737744907325,304.397267649558,759.137067505926,3579.05992474317,17295.8617012979,92.7274626691323
"165",2025-03-08,6,"610",45.46047,-73.6503,3,4.69471515361418,5.72726229481178,5.86507701963698,6.10338503585234,4.58931481074338,4.79546541748115,5.23635501777877,5.59602803106656,7087.2,7087.2,7087.2,6422.52156862745,60,60,60,60.9803921568627,80,80,80,63.921568627451,0,0,0,0,40,40,40,62.7450980392157,90,90,90,77.2549019607843,0,0,0,0,0,0,0,1030.28658679296,0,0,0,14.9672845848249,0,0,0,27.4283380008741,0,0,0,0,0,0,0,31.2460193543145,0,0,0,26.0636475860574,0,0,0,0,372.483606240328,786.660558127033,3990.69115139705,17964.1092293584,90.2424802381736
"166",2025-03-12,5,"634",45.46152,-73.64014,3,6.90850457515326,8.35452636804171,7.99959758248175,7.07392975774706,6.42020968560201,6.75503077849302,6.69832610215359,6.11461606287867,4970,4970,5620.58461538462,5356.37254901961,65,65,60.3846153846154,55.7843137254902,125,125,115.769230769231,109.313725490196,0,0,0,0,30,30,23.0769230769231,20,30,30,56.5384615384615,61.1764705882353,0,0,0,0,0,0,1236.30098401519,1629.7027720512,0,0,8.77058019307029,12.6638283713736,0,0,17.5411603861406,20.9050139402761,0,0,0,0,0,0,13.1558702896054,13.3041346956501,0,0,50.4308361101542,50.0957905945611,0,0,0,0,281.7032875737,975.351096439055,4748.90388976265,16250.7848627222,12.1559985726678
"167",2025-03-12,6,"610",45.45907,-73.65459,3,5.00116072685257,5.02496942783253,6.10040450624341,5.36490437397985,4.78947628226212,4.75724367637928,5.19621189844012,5.54345916671484,5927.1,6995.6,7300.88571428572,6939.57843137255,85,56.6666666666667,48.5714285714286,48.7254901960784,10,8.33333333333333,7.85714285714286,13.4313725490196,0,5,6.42857142857143,4.41176470588236,100,66.6666666666667,57.1428571428571,54.7058823529412,25,135,166.428571428571,134.803921568627,0,0,0,0,0,1850.69628788735,1646.19283049248,1503.31387092832,0,49.0747728811182,43.6519702361131,35.9561279513646,0,2.88675134594813,2.56776295506548,11.2022406722241,0,8.66025403784439,7.70328886519643,6.90268489962633,0,57.7350269189626,51.3552591013095,47.385775974504,0,190.525588832576,169.472355034322,148.195684094759,0,0,0,0,382.388779918182,1401.37807231459,4369.55607581058,13936.2395343186,172.761898035428
"168",2025-03-19,6,"610",45.46159,-73.63998,3,7.7694156879671,8.65688853316533,8.02959861063685,7.16010265799985,6.78107746171879,7.41361921250971,6.7808161301647,6.15066800909374,4970,4970,5674.8,5627.20208333333,65,65,60,56.7708333333333,125,125,115,107.916666666667,0,0,0,0,30,30,22.5,19.0625,30,30,58.75,67.0833333333333,0,0,0,0,0,0,1275.03117395045,1509.02803091284,0,0,9.04534033733291,11.2273215072407,0,0,18.0906806746658,22.6873601826378,0,0,0,0,0,0,13.5680105059994,14.0915037779296,0,0,52.0107069396642,52.6513354110546,0,0,0,0,386.834648265115,1237.89242333964,5126.66125409696,16822.1766492928,2.59557343696174
"169",2025-03-22,6,"610",45.46085,-73.64041,3,6.01714049465742,5.55602688871391,6.67925858011712,6.95811941384885,5.16757257372573,5.18266942257045,5.70884607456034,6.23541125552516,4970,4970,5228.01666666667,4798.41730769231,65,65,54.1666666666667,48.5576923076923,125,125,110,105.192307692308,0,0,0,0,30,30,20,17.5961538461539,30,30,59.5833333333333,60.3846153846154,0,0,0,0,0,0,1844.3303711317,2095.54257279599,0,0,14.2754291980269,15.3180829465822,0,0,18.8293774338254,17.5443845678397,0,0,0,0,0,0,13.3143804689789,12.146587700263,0,0,51.5424949714193,49.3769628931859,0,0,0,0,360.241030402712,1577.27428508695,5571.21268588925,14671.5651667048,26.6782854801962
"170",2025-03-26,6,"610",45.46087,-73.6404,3,5.73730105065081,5.50690082203282,6.73352149030887,6.96137075398041,5.12906405221078,5.17200328571322,5.75735323119198,6.23203776571909,4970,4970,5228.01666666667,4801.65471698113,65,65,54.1666666666667,48.8679245283019,125,125,110,105.566037735849,0,0,0,0,30,30,20,17.8301886792453,30,30,59.5833333333333,59.811320754717,0,0,0,0,0,0,1844.3303711317,2075.42913788246,0,0,14.2754291980269,15.3372820476634,0,0,18.8293774338254,17.5866092349595,0,0,0,0,0,0,13.3143804689789,12.1492890723579,0,0,51.5424949714193,49.0776686659381,0,0,0,0,373.285175664062,1571.62235744082,5619.33212486917,14772.6233276855,24.4945607658369
"171",2025-03-29,6,"610",45.46089,-73.64034,3,5.11558148744694,5.51985197271373,6.75120263913676,6.95872141737544,4.85395952564256,5.16479735306819,5.79439757378541,6.21858378371706,4970,4970,5228.01666666667,4852.23396226415,65,65,54.1666666666667,49.5283018867924,125,125,110,106.132075471698,0,0,0,0,30,30,20,18.1132075471698,30,30,59.5833333333333,59.7169811320755,0,0,0,0,0,0,1844.3303711317,2045.47316163724,0,0,14.2754291980269,15.2625783858441,0,0,18.8293774338254,17.7222564718981,0,0,0,0,0,0,13.3143804689789,12.2563333351162,0,0,51.5424949714193,49.1310560402914,0,0,0,0,437.277318893138,1642.61618199222,5716.02622008746,14915.5122845567,23.0859727780891
"172",2025-04-02,6,"610",45.46103,-73.64039,3,5.55075178002302,5.8358283101997,6.93563871087967,6.93902522905992,4.9521824367822,5.25098057788698,5.9698798587221,6.20540782079081,4970,4970,5216.475,4952.74117647059,65,65,58.75,50.2941176470588,125,125,115.833333333333,106.56862745098,0,0,0,0,30,30,23.75,18.2352941176471,30,30,49.5833333333333,60.6862745098039,0,0,0,0,0,0,1425.51205034606,2019.47268346729,0,0,11.8944219164814,15.0469852364479,0,0,16.7648622440092,17.9301476870223,0,0,0,0,0,0,11.8944219164814,12.4829295204197,0,0,44.5920056702653,49.8499709913972,0,0,0,0,365.237951701466,1322.96692254432,5696.4396371261,15335.8579948368,7.06735392324871
"173",2025-04-09,6,"610",45.45855,-73.65434,3,6.91177158295531,6.90045836773082,6.71988747525801,5.65174930686821,5.22080786506579,5.2491399460647,5.59895328080255,5.41623870468357,5927.1,5927.1,6289.125,6596.63333333333,85,85,70.4166666666667,54.7058823529412,10,10,17.0833333333333,16.078431372549,0,0,1.25,3.23529411764706,100,100,76.6666666666667,53.1372549019608,25,25,51.25,112.254901960784,0,0,0,0,0,0,911.281491412455,1383.82187317106,0,0,25.8894795528058,32.7934713732152,0,0,13.8921713292928,13.0120607703083,0,0,4.33012701892219,6.23085302440723,0,0,36.0134654951408,43.4276499975963,0,0,95.6823580205026,135.592454530074,0,0,0,0,378.067240050594,985.76857329219,4944.7122463755,14060.27102693,112.175918011413
"174",2025-04-12,6,"610",45.45775,-73.65402,3,5.24379579581473,7.4062875526869,7.18274290820919,5.82968160229422,4.45741009334151,6.14419413927709,5.67932649608278,5.43403739403038,6306.7,6306.7,6164.35,6017.12037037037,55,55,66.25,65.8333333333333,40,40,28.75,23.9814814814815,0,0,0,0.740740740740741,40,40,62.5,57.3148148148148,20,20,21.875,55.0925925925926,0,0,0,0,0,0,189.8,848.618677478817,0,0,15,24.0037339862576,0,0,15,15.9118927170615,0,0,0,2.97907916116667,0,0,30,36.5584691032407,0,0,2.5,75.0690923306011,0,0,0,0,386.242143663943,960.033541167242,4377.09249608037,16693.834527361,28.0951561296879
"175",2025-04-18,6,"610",45.45787,-73.65451,3,5.98044002379297,6.67321678841998,6.69802679227129,5.58220312258101,6.91797476796903,5.75741917946903,5.38184286661065,5.40420343802067,6306.7,6180.16666666667,6102.56923076923,6119.20769230769,55,65,63.4615384615385,61.25,40,30,28.8461538461538,23.6538461538462,0,0,0,1.63461538461538,40,60,56.1538461538462,51.3461538461538,20,21.6666666666667,31.5384615384615,79.0384615384615,0,0,0,0,0,219.162162184382,332.113046478192,1237.71961566362,0,17.3205080756888,15.191090506255,29.8669434948655,0,17.3205080756888,14.7413599205668,17.1245547992906,0,0,0,4.50720054045918,0,34.6410161513775,31.500915737605,37.4180854958126,0,2.88675134594813,35.6712194554083,103.108730262817,0,0,0,0,392.912733711065,951.725488427232,4844.88300659135,15373.3181170704,68.6220405961569
"176",2025-04-23,6,"610",45.45712,-73.65614,3,1.7228815150769,2.03460015536598,2.95898924494363,4.77255168299821,2.70014193339036,3.05856164444095,3.86328533493864,4.71845794091682,2702.6,4554.2,4206.61538461538,4841.44615384615,145,70,92.6923076923077,76.1538461538461,70,28.75,44.2307692307692,36.3461538461538,5,1.25,2.30769230769231,1.34615384615385,60,22.5,37.6923076923077,35,90,135,102.307692307692,94.0384615384615,0,0,0,0,0,1234.4,1501.30862963291,1392.24224769234,0,50,50.5229067113532,42.961626569138,0,27.5,26.2873665669584,23.2023364403155,0,2.5,2.59437260831385,2.23943808940087,0,25,23.858557568109,24.7734836104267,0,30,46.3957336676995,55.2005120530603,0,0,0,0,412.333453876195,845.333519366138,3468.80058071373,15375.179875494,103.482546073646
"177",2025-04-25,6,"610",45.45792,-73.65444,3,7.23495337610542,6.48641626891337,6.75536351974259,5.60881894803212,7.65550558381201,5.77487803343887,5.37929920993137,5.4277759870029,6306.7,6180.16666666667,6148.53333333333,6119.20769230769,55,65,67.5,61.25,40,30,27.5,23.6538461538462,0,0,0,1.63461538461538,40,60,65,51.3461538461538,20,21.6666666666667,22.0833333333333,79.0384615384615,0,0,0,0,0,219.162162184382,195.466915746668,1237.71961566362,0,17.3205080756888,15.4478595163331,29.8669434948655,0,17.3205080756888,15.4478595163331,17.1245547992906,0,0,0,4.50720054045918,0,34.6410161513775,30.8957190326662,37.4180854958126,0,2.88675134594813,2.57464325272219,103.108730262817,0,0,0,0,395.460418534421,959.775028012506,4907.25671232826,15334.8295671216,65.8745680093235
"178",2025-04-30,6,"610",45.45763,-73.65391,3,5.73948994802758,6.91717440191456,7.41599411911332,5.99172809000223,4.65733074246564,5.18541458581348,5.79882642604384,5.43596728113504,6306.7,6306.7,6189.9,5996.64117647059,55,55,64.2307692307692,67.3529411764706,40,40,30.7692307692308,25.2941176470588,0,0,0,0.490196078431373,40,40,58.4615384615385,59.1176470588235,20,20,21.5384615384615,45.3921568627451,0,0,0,0,0,0,182.353941553233,736.01369801831,0,0,14.4115338424578,22.3462064157761,0,0,14.4115338424578,16.0440569902342,0,0,0,2.29235729343929,0,0,28.8230676849157,35.0386341393745,0,0,2.40192230707631,61.0314929954602,0,0,0,0,393.415625557082,949.301880668529,4088.81167414269,17351.1716454551,17.3460588856083
"179",2025-05-09,6,"610",45.4578,-73.65443,3,5.60222110026315,6.94097005120509,6.7585541761386,5.59439376992231,5.7878096488405,5.70815766143777,5.42183292362774,5.40442150537848,6306.7,6211.8,6203.17272727273,6004.71176470588,55,62.5,63.1818181818182,63.5294117647059,40,32.5,31.8181818181818,24.7058823529412,0,0,0,1.07843137254902,40,55,56.3636363636364,53.1372549019608,20,21.25,21.3636363636364,67.0588235294118,0,0,0,0,0,189.8,177.310919522228,1089.35718635295,0,15,14.0129809949074,27.4826148255049,0,15,14.0129809949074,17.0121064158993,0,0,0,3.64879781437614,0,30,28.0259619898148,36.3587786416668,0,2.5,2.33549683248457,87.87022516523,0,0,0,0,391.125665746435,937.149848608089,4810.95125329776,15885.707192549,60.2173816267845
"180",2025-05-13,6,"610",45.4577,-73.65406,3,5.31674970701606,7.12946505135963,7.12333878429823,5.82444726861467,4.61090906665614,5.86073937212864,5.69652991179266,5.4329552215225,6306.7,6306.7,6219.1,6020.58269230769,55,55,61.9230769230769,65.0961538461538,40,40,33.0769230769231,24.5192307692308,0,0,0,0.769230769230769,40,40,53.8461538461538,55.6730769230769,20,20,21.1538461538462,56.25,0,0,0,0,0,0,166.465612064474,864.907489946271,0,0,13.1558702896054,24.162245395743,0,0,13.1558702896054,15.9736184276197,0,0,0,3.03324963005856,0,0,26.3117405792109,36.2592631322801,0,0,2.19264504826757,76.2855510179854,0,0,0,0,392.596117277713,952.743775726679,4448.33603261844,16796.2669394002,29.4610651641163
"181",2025-05-20,6,"610",45.45765,-73.65398,3,5.67426170700758,7.04017875505278,7.30300286261725,5.93565264034797,4.6494172934792,5.34373274539529,5.73502197205929,5.4362542550436,6306.7,6306.7,6211.8,5974.38039215686,55,55,62.5,67.156862745098,40,40,32.5,24.8039215686274,0,0,0,0.490196078431373,40,40,55,58.5294117647059,20,20,21.25,47.9411764705882,0,0,0,0,0,0,171.680559602578,743.578133626752,0,0,13.5680105059994,22.5001089321982,0,0,13.5680105059994,15.9674914846924,0,0,0,2.29235729343929,0,0,27.1360210119987,35.6131172132833,0,0,2.26133508433323,62.6432476056936,0,0,0,0,393.443786701992,946.91527170696,4282.38398342418,17092.4711871628,22.6768405666916
"182",2025-05-27,6,"610",45.45771,-73.65401,3,5.29914745134388,7.20233850989247,7.23423705219842,5.85720665013427,4.4789628694575,5.90610924492479,5.70127401136508,5.43574914917406,6306.7,6306.7,6198.24285714286,6017.12037037037,55,55,63.5714285714286,65.8333333333333,40,40,31.4285714285714,23.9814814814815,0,0,0,0.740740740740741,40,40,57.1428571428571,57.3148148148148,20,20,21.4285714285714,55.0925925925926,0,0,0,0,0,0,177.959224864253,848.618677478817,0,0,14.0642169281549,24.0037339862576,0,0,14.0642169281549,15.9118927170615,0,0,0,2.97907916116667,0,0,28.1284338563097,36.5584691032407,0,0,2.34403615469248,75.0690923306011,0,0,0,0,386.751587496322,958.388500656858,4358.84865307006,16819.6464248609,25.895570213903
"183",2024-10-22,4,"614",45.4106,-73.93065,3,4.88226681173422,7.61938508922123,8.70168355837095,7.23981736664531,5.40160178682223,6.38340602366147,7.45599140484206,7.35661560601401,201.7,201.7,273.021428571429,451.313725490196,155,155,156.785714285714,173.137254901961,0,0,0,1.17647058823529,40,40,37.1428571428571,28.3333333333333,0,0,0,0,40,40,37.1428571428571,27.7450980392157,0,0,0,0,0,0,266.860350049556,442.814595974255,0,0,6.68153104781061,47.1906853554144,0,0,0,4.75270820628803,0,0,10.690449676497,17.7388462608668,0,0,0,0,0,0,10.690449676497,18.3388583475143,0,0,0,0,198.343916895751,399.08246550655,1153.95183999919,4437.81762514237,56.4321370587432
"184",2024-10-24,4,"608",45.41086,-73.93038,3,5.81854585530811,8.04546262181394,8.86878076294201,6.87824983594305,6.22203465164876,6.57370226379212,6.90360114563358,7.21757346767491,201.7,201.7,201.7,495.376470588235,155,155,155,162.352941176471,0,0,0,0,40,40,40,28.2352941176471,0,0,0,0,40,40,40,28.2352941176471,0,0,0,0,0,0,0,459.48872481846,0,0,0,11.5044748327106,0,0,0,0,0,0,0,18.4071597323369,0,0,0,0,0,0,0,18.4071597323369,0,0,0,0,147.344033558048,376.831990271588,1230.42293547579,4042.91122019559,23.6532680417221
"185",2024-10-24,4,"614",45.40733,-73.93259,3,3.28261195375087,4.57402945919921,6.98177204600231,7.58056479133224,3.64771822239659,5.42567514828827,6.45675640998571,7.34355761574196,201.7,201.7,183.828571428571,358.807407407407,155,155,197.857142857143,226.296296296296,0,0,4.28571428571429,6.66666666666667,40,40,34.6428571428571,24.2592592592593,0,0,0,0,40,40,32.5,20.9259259259259,0,0,0,0,0,0,35.5129971564351,406.604781386031,0,0,85.163062725264,92.3242092230704,0,0,8.5163062725264,9.51661902861773,0,0,10.645382840658,16.1773020410618,0,0,0,0,0,0,14.9035359769212,18.6343685839556,0,0,0,0,196.659737336369,398.089152491165,1802.17745013358,5774.25981038994,70.2100876672102
"186",2024-10-26,4,"608",45.41061,-73.93069,3,4.7082992736288,7.78224650541295,8.68723181241442,7.19113081557475,5.03505724526249,6.52266859035574,7.49696043940241,7.34974545829178,201.7,201.7,273.021428571429,408.886274509804,155,155,156.785714285714,180,0,0,0,1.96078431372549,40,40,37.1428571428571,28.921568627451,0,0,0,0,40,40,37.1428571428571,27.9411764705882,0,0,0,0,0,0,266.860350049556,419.82302891557,0,0,6.68153104781061,59.1607978309962,0,0,0,6.00653239170064,0,0,10.690449676497,17.0092247174936,0,0,0,0,0,0,10.690449676497,18.0603563250628,0,0,0,0,194.988528691151,397.509636779248,1137.63213176604,4434.4177258821,58.2320919661506
"187",2024-10-26,3,"617",45.40898,-73.93304,3,8.88388870348134,7.1825793752479,5.81888733092308,5.71929218446477,6.75533759435227,6.49882754588979,6.65405174478328,6.9949214582096,201.7,180.85,166.95,221.188235294118,155,205,238.333333333333,250.588235294118,0,5,8.33333333333333,9.41176470588235,40,33.75,29.5833333333333,25.8823529411765,0,0,0,0,40,31.25,25.4166666666667,21.1764705882353,0,0,0,0,0,41.7,42.9450494554061,250.542245257808,0,100,102.985730108887,99.5873840344425,0,10,10.2985730108887,10.0820166050017,0,12.5,12.8732162636109,13.8818544277392,0,0,0,0,0,17.5,18.0225027690553,17.9607415017899,0,0,0,0,299.045390111802,599.417663380291,1846.26955830806,4299.68938239624,36.7396882340913
"188",2024-10-26,4,"614",45.4077,-73.93326,3,5.79130335203741,6.96614528142556,6.20959727001783,6.53023459720964,5.91543443900098,6.69500678543201,6.61580452305506,6.78264063105168,201.7,160,163.207692307692,219.209615384615,155,255,247.307692307692,252.596153846154,0,10,9.23076923076923,9.61538461538461,40,27.5,28.4615384615385,25.6730769230769,0,0,0,0,40,22.5,23.8461538461538,20.8653846153846,0,0,0,0,0,48.1510124504148,43.2741351066751,248.483764617088,0,115.470053837925,103.774904332554,99.6636027364415,0,11.5470053837925,10.3774904332554,10.0900919099447,0,14.4337567297406,12.9718630415693,13.8276806128585,0,0,0,0,0,20.2072594216369,18.160608258197,17.92471056583,0,0,0,0,298.364087648881,599.06300010478,1842.07456881133,4789.28950140184,100.816879380621
"189",2024-11-01,3,"617",45.41063,-73.93279,3,5.24967387933483,4.5419207169532,4.44577740880617,4.58736075258375,6.43563266950258,6.30749446958728,6.76776566377109,6.59481975928264,118.3,139.15,150.376923076923,157.639622641509,355,305,278.076923076923,260.660377358491,20,15,12.3076923076923,10.5660377358491,15,21.25,24.6153846153846,26.7924528301887,0,0,0,0,5,13.75,18.4615384615385,21.5094339622642,0,0,0,0,0,41.7,42.2312316073889,42.0315556348517,0,100,101.273936708367,100.795097445687,0,10,10.1273936708367,10.0795097445687,0,12.5,12.6592420885458,12.5993871807109,0,0,0,0,0,17.5,17.7229389239642,17.6391420529953,0,0,0,0,99.9790259466989,263.806470546509,711.961447506395,2970.24862174489,213.735996727662
"190",2024-11-03,4,"620",45.41371,-73.92822,3,5.82351338699235,9.09121711728045,8.78652374095046,6.67407890761339,5.02342594013786,5.86298117886368,6.72043442690447,6.7583890902808,1200.2,867.366666666667,662.546153846154,624.142307692308,180,171.666666666667,166.538461538462,165.576923076923,0,0,0,0,0,13.3333333333333,21.5384615384615,23.0769230769231,0,0,0,0,0,13.3333333333333,21.5384615384615,23.0769230769231,0,0,0,0,0,576.484243785841,518.096209880277,498.119194471015,0,14.4337567297406,12.9718630415693,12.4716873928647,0,0,0,0,0,23.094010767585,20.7549808665108,19.9546998285835,0,0,0,0,0,23.094010767585,20.7549808665108,19.9546998285835,0,0,0,0,196.578743136907,437.382126399743,2122.99567438877,8010.36689998173,159.186376075308
"191",2024-11-03,4,"623",45.41297,-73.93201,3,0.786205375182425,0.781693756868543,3.32838065222936,4.14087606596761,1.4581517467469,2.22389018634766,5.50816076910391,5.60641567277656,201.7,201.7,185.02,171.226923076923,155,155,195,228.076923076923,0,0,4,7.30769230769231,40,40,35,30.8653846153846,0,0,0,0,40,40,33,27.2115384615385,0,0,0,0,0,0,34.5308805894914,40.5520731095731,0,0,82.8078671210825,97.2471777207988,0,0,8.28078671210825,9.72471777207988,0,0,10.3509833901353,12.1558972150999,0,0,0,0,0,0,14.4913767461894,17.0182561011398,0,0,0,0,226.445927029033,1190.21861844697,2703.2648013784,6413.24883429056,133.258696134871
"192",2024-11-03,3,"617",45.411,-73.93039,3,6.96779802888173,7.88526214228524,8.84145437047963,6.66691112800604,6.79914616378986,6.67134833202082,6.86091500045511,7.1487367204795,201.7,201.7,201.7,465.454716981132,155,155,155,161.603773584906,0,0,0,0,40,40,40,29.4339622641509,0,0,0,0,40,40,40,29.4339622641509,0,0,0,0,0,0,0,444.431449921408,0,0,0,11.1274774642316,0,0,0,0,0,0,0,17.8039639427705,0,0,0,0,0,0,0,17.8039639427705,0,0,0,0,162.900129459853,383.216850162167,913.80558629059,4008.2206131744,25.1032274030872
"193",2024-11-03,4,"608",45.40847,-73.93301,3,11.3229034567633,8.87422404678261,5.98898474562609,6.08681762948712,8.11984264776546,7.26988597463994,6.49625047130802,6.78868151011192,201.7,201.7,173.9,237.718867924528,155,155,221.666666666667,251.22641509434,0,0,6.66666666666667,9.43396226415094,40,40,31.6666666666667,25.188679245283,0,0,0,0,40,40,28.3333333333333,20.4716981132075,0,0,0,0,0,0,41.0633213907054,280.560496051828,0,0,98.4731927834662,99.2031019810899,0,0,9.84731927834662,10.0795097445687,0,0,12.3091490979333,14.1408527157931,0,0,0,0,0,0,17.2328087371066,17.9814046828564,0,0,0,0,282.615239682118,657.517251216806,1880.95007538342,4824.08852102901,20.5427207326304
"194",2024-11-03,4,"614",45.40921,-73.93301,3,10.8078223184199,7.49421806544303,6.22120949212147,5.45528824738096,6.51897947236198,6.69018823197825,6.94992246466013,6.94423208978447,201.7,201.7,166.95,198.339215686275,155,155,238.333333333333,257.941176470588,0,0,8.33333333333333,10.1960784313726,40,40,29.5833333333333,25.6862745098039,0,0,0,0,40,40,25.4166666666667,20.5882352941176,0,0,0,0,0,0,42.9450494554061,208.531677285185,0,0,102.985730108887,100.080849669596,0,0,10.2985730108887,10.097563285948,0,0,12.8732162636109,13.4171385862686,0,0,0,0,0,0,18.0225027690553,17.7945794786932,0,0,0,0,298.873190474388,599.321628086532,1845.08521087058,4093.24207847431,62.3956418862665
"195",2024-11-08,4,"630",45.41265,-73.92744,3,2.94624046057507,6.20917027195932,9.09106036255831,8.47552255254487,4.99303320755054,6.9621692777234,7.9567823677116,7.19016998162595,1200.2,1200.2,1200.2,1023.99411764706,180,180,180,175.588235294118,0,0,0,0,0,0,0,7.05882352941176,0,0,0,0,0,0,0,7.05882352941176,0,0,0,0,0,0,0,384.435848698721,0,0,0,9.62533421879622,0,0,0,0,0,0,0,15.400534750074,0,0,0,0,0,0,0,15.400534750074,0,0,0,0,193.686863358658,437.658014155365,850.456604763016,5196.27841419691,116.012711713975
"196",2024-11-08,4,"627",45.4066,-73.92874,3,7.51124541694989,7.85581651344031,9.7544709692932,8.79910361012142,6.06036620231305,6.88107301893403,8.27009978355003,7.53854678573199,1200.2,1200.2,1060.1,968.53137254902,180,180,178.636363636364,177.745098039216,0,0,0,0,0,0,0,0,0,0,1.36363636363636,2.25490196078431,0,0,0,0,0,0,0,0,0,0,239.948944569465,258.156110514701,0,0,2.33549683248457,2.51271277510902,0,0,0,0,0,0,0,0,0,0,2.33549683248457,2.51271277510902,0,0,0,0,0,0,0,0,0,316.634278771158,1302.38415551735,7257.65479590471,53.5276148785933
"197",2024-11-08,4,"614",45.40844,-73.93307,3,11.9259671475397,8.5939202725569,5.77026061422699,5.980017773459,8.08570502271608,7.38406644771292,6.45742916929751,6.68347961668255,201.7,173.9,173.9,240.766666666667,155,221.666666666667,221.666666666667,251.078431372549,0,6.66666666666667,6.66666666666667,9.41176470588235,40,31.6666666666667,31.6666666666667,25.0980392156863,0,0,0,0,40,28.3333333333333,28.3333333333333,20.3921568627451,0,0,0,0,0,48.1510124504148,41.0633213907054,285.555809372996,0,115.470053837925,98.4731927834662,99.1681084093581,0,11.5470053837925,9.84731927834662,10.0820166050017,0,14.4337567297406,12.3091490979333,14.1947242339692,0,0,0,0,0,20.2072594216369,17.2328087371066,17.9956421740071,0,0,0,0,295.48774684907,597.640838375751,1862.30298217809,4788.56168891997,23.3320144454997
"198",2024-11-08,4,"623",45.41338,-73.93085,3,6.04189298013394,5.22426462398046,5.1557758232815,4.9886121567067,5.90034949016886,5.89118627647497,6.49047124152363,6.00702078505029,201.7,201.7,201.7,232.680392156863,155,155,155,175.588235294118,0,0,0,1.96078431372549,40,40,40,35.9803921568627,0,0,0,0,40,40,40,35,0,0,0,0,0,0,0,198.989109269435,0,0,0,59.9386941701563,0,0,0,6.00653239170064,0,0,0,10.4890232072933,0,0,0,0,0,0,0,12.6885775404495,0,0,0,0,235.179729647563,1089.44605550137,2720.85650564434,7015.27243445505,68.0424715107697
"199",2024-11-08,4,"620",45.41413,-73.92725,3,8.58043843006246,8.45414368880168,7.26153696945568,6.6638220901896,5.10275343691086,5.27768939636195,6.43119354986494,6.76928592373033,201.7,867.366666666667,700.95,643.344230769231,155,171.666666666667,167.5,166.057692307692,0,0,0,0,40,13.3333333333333,20,22.3076923076923,0,0,0,0,40,13.3333333333333,20,22.3076923076923,0,0,0,0,0,576.484243785841,521.449618415293,500.75376846583,0,14.4337567297406,13.0558241966773,12.5376506876773,0,0,0,0,0,23.094010767585,20.8893187146837,20.0602411002836,0,0,0,0,0,23.094010767585,20.8893187146837,20.0602411002836,0,0,0,0,196.068101065778,423.736581190711,2688.7062487286,8691.98184955745,88.9151078536712
"200",2024-11-10,4,"630",45.41257,-73.93036,3,4.06846621170935,5.42471038647503,7.06364635482423,6.09053148742879,4.60129084983419,5.42856697265398,6.68480312296489,6.77497972475172,201.7,201.7,201.7,358.327450980392,155,155,155,158.921568627451,0,0,0,0,40,40,40,33.7254901960784,0,0,0,0,40,40,40,33.7254901960784,0,0,0,0,0,0,0,366.739087678655,0,0,0,9.18225056781811,0,0,0,0,0,0,0,14.691600908509,0,0,0,0,0,0,0,14.691600908509,0,0,0,0,197.55398704048,398.731563970632,795.361344960693,6763.13220023418,36.8728201762189
"201",2024-11-10,4,"620",45.41541,-73.92175,3,4.44618227819664,4.67164768717869,5.13965702226891,4.30394232356285,6.59499142327464,5.72815965545896,5.62620329031962,5.47838984016105,201.7,559.433333333333,689.518181818182,748.821568627451,155,161.666666666667,164.090909090909,165.196078431373,0,1.66666666666667,2.27272727272727,2.54901960784314,40,26.6666666666667,21.8181818181818,19.6078431372549,0,0,0,0,40,26.6666666666667,21.8181818181818,19.6078431372549,0,0,0,0,0,619.612308894306,560.460421114965,541.835245923971,0,11.5470053837925,10.4446593573419,10.097563285948,0,2.88675134594813,2.61116483933547,2.52439082148701,0,23.094010767585,20.8893187146837,20.195126571896,0,0,0,0,0,23.094010767585,20.8893187146837,20.195126571896,0,0,0,0,292.542483858462,598.280315902384,1664.65563406148,9872.07960446847,32.5378115059817
"202",2024-11-10,4,"623",45.41318,-73.93147,3,0.718874052478176,2.65373112769644,3.75207112631017,4.61543787492546,1.18284444034279,5.00613434275819,5.6343968124972,5.85442670689522,201.7,201.7,201.7,182.076470588235,155,155,155,202.058823529412,0,0,0,4.70588235294118,40,40,40,34.1176470588235,0,0,0,0,40,40,40,31.7647058823529,0,0,0,0,0,0,0,35.7288375866627,0,0,0,85.68066567545,0,0,0,8.568066567545,0,0,0,10.7100832094312,0,0,0,0,0,0,0,14.9941164932037,0,0,0,0,276.693489482553,1051.88919973605,2829.81104057513,6382.2123776686,95.957117103399
"203",2024-11-10,3,"617",45.41263,-73.9325,3,4.07534848278716,3.36526088020056,2.882186346201,3.4737427136627,5.4304221013651,5.4097929401481,5.33386623333661,5.12550040341102,201.7,173.9,162.78,162.360377358491,155,221.666666666667,248.333333333333,249.339622641509,0,6.66666666666667,9.33333333333333,9.43396226415094,40,31.6666666666667,28.3333333333333,28.2075471698113,0,0,0,0,40,28.3333333333333,23.6666666666667,23.4905660377358,0,0,0,0,0,48.1510124504148,43.0675748098265,42.0315556348517,0,115.470053837925,103.279555898864,100.795097445687,0,11.5470053837925,10.3279555898864,10.0795097445687,0,14.4337567297406,12.9099444873581,12.5993871807109,0,0,0,0,0,20.2072594216369,18.0739222823013,17.6391420529953,0,0,0,0,97.528340006015,747.857825747102,2579.01967938944,6328.57710453595,173.982141541592
"204",2024-11-10,4,"627",45.40659,-73.92924,3,8.24848174271505,9.24276748258997,9.73342456940886,8.55966885297198,5.91133826484808,7.58293454747486,8.22459822424588,7.491753286614,1200.2,1200.2,1163.50714285714,954.896153846154,180,180,179.642857142857,176.730769230769,0,0,0,0,0,0,0,2.30769230769231,0,0,0.357142857142857,1.82692307692308,0,0,0,2.30769230769231,0,0,0,0,0,0,137.292099970412,309.199664511359,0,0,1.33630620956212,5.93135696743276,0,0,0,0,0,0,0,9.41741911594837,0,0,1.33630620956212,2.43117944301997,0,0,0,9.41741911594837,0,0,0,0,0,130.043985456509,1204.96994687563,7866.6072335665,68.8641334069338
"205",2024-11-17,3,"617",45.40871,-73.93303,3,8.83337902804034,8.37485086869327,6.04229540535432,5.97770636337525,6.76073121799506,7.28679329227885,6.54883983807556,6.9763332008091,201.7,201.7,173.9,237.718867924528,155,155,221.666666666667,251.22641509434,0,0,6.66666666666667,9.43396226415094,40,40,31.6666666666667,25.188679245283,0,0,0,0,40,40,28.3333333333333,20.4716981132075,0,0,0,0,0,0,41.0633213907054,280.560496051828,0,0,98.4731927834662,99.2031019810899,0,0,9.84731927834662,10.0795097445687,0,0,12.3091490979333,14.1408527157931,0,0,0,0,0,0,17.2328087371066,17.9814046828564,0,0,0,0,295.906795616457,597.828658567217,1861.19457464574,4588.653434245,7.36469639717325
"206",2024-11-17,4,"614",45.40866,-73.93303,3,9.35503034436292,8.46027471346434,6.02768066028398,6.03088935157586,7.15852068673338,7.32563503125282,6.5185128185479,6.96071292321923,201.7,173.9,173.9,240.015384615385,155,221.666666666667,221.666666666667,249.230769230769,0,6.66666666666667,6.66666666666667,9.23076923076923,40,31.6666666666667,31.6666666666667,25.3846153846154,0,0,0,0,40,28.3333333333333,28.3333333333333,20.7692307692308,0,0,0,0,0,48.1510124504148,41.0633213907054,282.794280792361,0,115.470053837925,98.4731927834662,99.0908902214875,0,11.5470053837925,9.84731927834662,10.0676445141527,0,14.4337567297406,12.3091490979333,14.2059830617642,0,0,0,0,0,20.2072594216369,17.2328087371066,18.0246186597124,0,0,0,0,294.726812763943,597.256514471979,1863.61756494751,4639.73388620735,3.32171152474627
"207",2024-11-17,4,"631",45.41191,-73.93036,3,3.01302279212698,5.49287720872233,6.67839720697136,6.61491854621536,3.58274312181987,5.49705317001246,6.28876794917897,6.94033789947633,201.7,201.7,201.7,417.062745098039,155,155,155,160.392156862745,0,0,0,0,40,40,40,31.3725490196078,0,0,0,0,40,40,40,31.3725490196078,0,0,0,0,0,0,0,414.767116324708,0,0,0,10.3847550406787,0,0,0,0,0,0,0,16.6156080650859,0,0,0,0,0,0,0,16.6156080650859,0,0,0,0,193.647038942079,396.808367431219,798.197667338416,4805.92348929437,107.992295799992
"208",2024-11-17,4,"623",45.40638,-73.92741,3,10.0875049600796,8.46132494475832,8.34632068769398,8.83183867456566,8.16247983408001,7.73815391214996,7.69463618830018,7.63959483758737,686.5,686.5,686.5,817.443137254902,175,175,175,176.274509803922,0,0,0,0,0,0,0,0,5,5,5,3.72549019607843,0,0,0,0,0,0,0,0,0,0,0,226.101243034975,0,0,0,2.2007128969727,0,0,0,0,0,0,0,0,0,0,0,2.2007128969727,0,0,0,0,0,0,0,0,95.6178582831551,298.67986529028,1269.60999067127,8325.63494467113,40.8449420383463
"209",2024-11-17,3,"635",45.40767,-73.92611,3,4.44269296696515,6.47047458812303,7.26282179080601,7.13955460661456,5.01822148666327,6.72567144455207,6.88976921233903,6.80025658576327,686.5,686.5,729.308333333333,827.51568627451,175,175,175.416666666667,176.372549019608,0,0,0,0,0,0,0,0,5,5,4.58333333333333,3.62745098039216,0,0,0,0,0,0,0,0,0,0,148.292416641355,231.528445226541,0,0,1.44337567297406,2.25353752410494,0,0,0,0,0,0,0,0,0,0,1.44337567297406,2.25353752410494,0,0,0,0,0,0,0,0,259.1286787658,598.495332280522,1852.52483287989,7428.73056519296,82.5717781515285
"210",2024-11-17,4,"620",45.41638,-73.92119,3,4.23124416843472,4.32109710786577,3.63042643691159,3.86602315030251,4.9572051675474,5.29471968687644,5.43424605848664,5.40272809037899,201.7,201.7,291.133333333333,496.303921568627,155,155,156.666666666667,160.490196078431,0,0,0.416666666666667,1.37254901960784,40,40,36.6666666666667,29.0196078431373,0,0,0,0,40,40,36.6666666666667,29.0196078431373,0,0,0,0,0,0,309.806154447153,483.699294173884,0,0,5.77350269189626,9.01415009641975,0,0,1.44337567297406,2.25353752410494,0,0,11.5470053837925,18.0283001928395,0,0,0,0,0,0,11.5470053837925,18.0283001928395,0,0,0,0,0,0,3798.16505081954,10950.474754641,117.33034090402
"211",2024-11-17,3,"637",45.41011,-73.91961,3,2.825417962886,4.05720735406893,6.31025545128994,5.34236569879228,5.07727426355297,6.16711120918182,7.67890068091876,6.83496308568187,1274.9,980.7,1003.33076923077,981.959615384615,175,175,175,175.673076923077,5,2.5,2.69230769230769,1.92307692307692,0,0,0,0,0,2.5,2.30769230769231,2.40384615384615,0,0,0,0,0,0,0,0,0,416.061630050165,305.305768546374,288.066340575219,0,0,0,1.72321125042017,0,3.53553390593274,2.59437260831385,2.45625375394537,0,0,0,0,0,3.53553390593274,2.59437260831385,2.52252297748617,0,0,0,0,0,0,0,0,194.017017142492,398.364415778647,941.313453146715,4421.53762344123,86.3676947557603
"212",2024-11-24,4,"614",45.4089,-73.93296,3,8.01716887052574,7.74449893354371,6.06151414653752,5.84947451546797,6.78826825988089,6.4953142672532,6.67840926851399,7.00910265586289,201.7,201.7,173.9,218.879245283019,155,155,221.666666666667,250.754716981132,0,0,6.66666666666667,9.43396226415094,40,40,31.6666666666667,25.9433962264151,0,0,0,0,40,40,28.3333333333333,21.2264150943396,0,0,0,0,0,0,41.0633213907054,246.094652177142,0,0,98.4731927834662,99.6069015334351,0,0,9.84731927834662,10.0795097445687,0,0,12.3091490979333,13.8347598660593,0,0,0,0,0,0,17.2328087371066,17.9450459302775,0,0,0,0,287.955977801845,637.623526116914,1879.62203593258,4454.73624631212,29.0796316382646
"213",2024-11-24,3,"617",45.41083,-73.93034,3,5.58992362374261,8.45418592280406,8.85727115845418,6.95508658476206,6.02679542848452,6.80644381972939,6.894166403704,7.24901658507552,201.7,201.7,201.7,501.25,155,155,155,162.5,0,0,0,0,40,40,40,28,0,0,0,0,40,40,40,28,0,0,0,0,0,0,0,462.215684811446,0,0,0,11.5727512471569,0,0,0,0,0,0,0,18.516401995451,0,0,0,0,0,0,0,18.516401995451,0,0,0,0,114.409323354816,365.907855325352,1380.70878546503,4052.95122554529,21.9714793407093
"214",2024-11-24,3,"617",45.41066,-73.92928,3,7.61922941402515,9.29913266329579,9.01479239517076,8.01179161023217,6.11360240676209,6.71370706280945,6.86251146433717,7.27869475742544,201.7,534.533333333333,662.546153846154,758.555769230769,155,163.333333333333,166.538461538462,168.942307692308,0,0,0,0,40,26.6666666666667,21.5384615384615,17.6923076923077,0,0,0,0,40,26.6666666666667,21.5384615384615,17.6923076923077,0,0,0,0,0,576.484243785841,518.096209880277,500.75376846583,0,14.4337567297406,12.9718630415693,12.5376506876773,0,0,0,0,0,23.094010767585,20.7549808665108,20.0602411002836,0,0,0,0,0,23.094010767585,20.7549808665108,20.0602411002836,0,0,0,0,189.108934856483,394.699473954279,1248.43795756053,5153.57355809363,5.921256950171
"215",2024-11-24,3,"635",45.41037,-73.92078,3,9.98901745939371,7.52615844089318,5.75873796974772,6.29645762157088,10.7202502443694,8.4937535401335,7.47049974001245,7.12913270029472,1200.2,1237.55,1110.38461538462,1034.05,180,177.5,176.923076923077,176.730769230769,0,2.5,1.92307692307692,1.44230769230769,0,0,0,0,0,0,1.15384615384615,1.82692307692308,0,0,0,0,0,0,0,0,0,43.1280651084651,244.044920203071,267.96490441847,0,2.88675134594813,2.53184841770917,2.40192230707631,0,2.88675134594813,2.53184841770917,2.28733479239238,0,0,0,0,0,0,2.19264504826757,2.43117944301997,0,0,0,0,0,0,0,0,195.717846963387,628.294011979079,1932.9829044483,4803.19805298747,176.429807081759
"216",2024-11-24,4,"623",45.40908,-73.92177,3,1.13042262712468,3.74181140049246,5.63614551173403,6.1320170444625,2.51525432729628,6.40892165202195,6.9437430072131,6.96423969259924,686.5,686.5,686.5,798.762745098039,175,175,175,175.980392156863,0,0,0,0.0980392156862745,0,0,0,0,5,5,5,3.92156862745098,0,0,0,0,0,0,0,0,0,0,0,216.441324114213,0,0,0,2.00489596815826,0,0,0,0.700140042014006,0,0,0,0,0,0,0,2.07695100813574,0,0,0,0,0,0,0,0,147.803942197825,380.655208558561,1236.73020344036,5144.0440092158,130.260694468542
"217",2024-11-24,4,"631",45.41296,-73.92879,3,7.2227973763358,7.77155507871686,9.29895055026059,7.53025089940458,6.05817022550919,6.67883317276666,7.21895003347942,7.04698948168486,1200.2,867.366666666667,700.95,652.003921568628,180,171.666666666667,167.5,166.274509803922,0,0,0,0,0,13.3333333333333,20,21.9607843137255,0,0,0,0,0,13.3333333333333,20,21.9607843137255,0,0,0,0,0,576.484243785841,521.449618415293,501.788741189271,0,14.4337567297406,13.0558241966773,12.5635638755451,0,0,0,0,0,23.094010767585,20.8893187146837,20.1017022008722,0,0,0,0,0,23.094010767585,20.8893187146837,20.1017022008722,0,0,0,0,198.176498788865,399.063914241449,870.547794510842,7101.2384278878,67.9950508216362
"218",2024-11-29,3,"617",45.41143,-73.93056,3,4.44440066285548,6.39039604187006,7.06699245185398,6.51731213645403,4.68930162518958,5.70891609832421,6.62134299039322,7.05497698019766,201.7,201.7,201.7,366.535849056604,155,155,155,170.566037735849,0,0,0,1.13207547169811,40,40,40,31.7924528301887,0,0,0,0,40,40,40,31.2264150943396,0,0,0,0,0,0,0,381.137757800116,0,0,0,46.5714956706197,0,0,0,4.66590635868752,0,0,0,15.6307863016032,0,0,0,0,0,0,0,16.4054886563964,0,0,0,0,195.922564917173,397.810741899435,798.649997336123,3930.77248452333,67.5540965678239
"219",2024-11-29,3,"637",45.40936,-73.9213,3,7.74152810344038,4.42267251470294,4.2675881921866,5.974804170929,10.200154834781,6.97102309146281,6.51102240204274,6.95849016358067,686.5,686.5,754.993333333333,858.318867924528,175,175,175.666666666667,176.132075471698,0,0,0,0.471698113207547,0,0,0,0,5,5,4.33333333333333,3.39622641509434,0,0,0,0,0,0,0,0,0,0,180.75344875851,253.174982857405,0,0,1.75932887637249,2.11257895481999,0,0,0,1.47548914425151,0,0,0,0,0,0,1.75932887637249,2.35616721557498,0,0,0,0,0,0,0,0,136.91023541962,372.516228665611,1622.28182760235,4676.20117612859,152.883028188905
"220",2024-11-29,3,"635",45.41043,-73.92162,3,3.43839285908912,4.97951228435874,5.95001355103784,6.47722902497438,4.60407603760018,5.83502300322405,7.24744932971823,7.06080889265799,1200.2,1200.2,1071.775,1053.6862745098,180,180,178.75,177.450980392157,0,0,0,0.980392156862745,0,0,0,0,0,0,1.25,1.56862745098039,0,0,0,0,0,0,0,0,0,0,232.329566564396,252.318214974352,0,0,2.26133508433323,2.52439082148701,0,0,0,2.00489596815826,0,0,0,0,0,0,2.26133508433323,2.34311674451602,0,0,0,0,0,0,0,0,0,203.550585197535,1551.55194000547,5236.2258604038,149.105341034773
"221",2024-11-29,4,"620",45.40686,-73.93343,3,11.0631989203602,9.52656968216096,8.30794358833345,7.10882350929203,7.41100142708227,7.02776188714894,7.35939347638814,7.23703242828102,118.3,160,156.792307692308,155.911764705882,355,255,262.692307692308,264.803921568627,20,10,10.7692307692308,10.9803921568627,15,27.5,26.5384615384615,26.2745098039216,0,0,0,0,5,22.5,21.1538461538462,20.7843137254902,0,0,0,0,0,48.1510124504148,43.2741351066751,41.9120490888185,0,115.470053837925,103.774904332554,100.508511004361,0,11.5470053837925,10.3774904332554,10.0508511004361,0,14.4337567297406,12.9718630415693,12.5635638755451,0,0,0,0,0,20.2072594216369,18.160608258197,17.5889894257631,0,0,0,0,293.730909479489,596.800194992963,1794.8940031904,5195.61989704125,62.8293034859376
"222",2024-11-29,4,"608",45.40643,-73.93401,3,6.12352327319611,9.1547032516707,8.8586207392773,7.11717136398193,5.99184320579277,7.80169966259075,7.94160808132013,7.25814608331017,118.3,118.3,132.2,166.048,355,355,321.666666666667,287.8,20,20,16.6666666666667,13.2,15,15,19.1666666666667,21.9,0,0,0,0.2,5,5,10.8333333333333,15.3,0,0,0,0,0,0,32.4634059715355,113.931800652847,0,0,77.8498944161523,94.6538268575313,0,0,7.78498944161523,9.57036241396812,0,0,9.73123680201904,12.3259308544455,0,0,0,0.989743318610787,0,0,13.6237315228267,16.3635358685844,0,0,0,0,0,266.577887910807,1073.28444133817,4593.24213778768,83.1066697989981
"223",2024-11-29,4,"614",45.40548,-73.93501,3,4.26151847355015,4.53826154416138,5.40311788058299,6.4323707160606,4.94045330084152,5.39319427765929,6.55606346579845,7.57224156003586,118.3,118.3,118.3,151.314285714286,355,355,355,332.142857142857,20,20,20,17.6190476190476,15,15,15,16.0714285714286,0,0,0,0.238095238095238,5,5,5,7.26190476190476,0,0,0,0,0,0,0,123.049816545643,0,0,0,63.0248001626349,0,0,0,6.55540135123136,0,0,0,7.4519365862182,0,0,0,1.07770134352261,0,0,0,9.25271093777524,0,0,0,0,0,146.503286544014,719.881274340797,3564.37479841183,69.0321283406832
"224",2024-11-29,4,"627",45.4295,-73.93832,3,1.83032085090286,2.63198210960892,3.97504861956267,4.29935096980486,2.7758161945162,3.7660286818903,4.86133233604063,5.69810322757575,118.3,118.3,118.3,118.3,355,355,355,355,20,20,20,20,15,15,15,15,0,0,0,0,5,5,5,5,0,0,0,0,0,0,0,0,0,0,0,0,0,0,0,0,0,0,0,0,0,0,0,0,0,0,0,0,0,0,0,0,0,0,0,0,57.9069348025035
"225",2024-12-06,4,"608",45.4107,-73.92928,3,7.71868484489292,9.21546937588606,8.95850197573318,7.97141046857778,5.99503225863583,6.70060881713518,6.82845935603188,7.25920338770846,201.7,534.533333333333,617.741666666667,749.896078431373,155,163.333333333333,165.416666666667,168.725490196078,0,0,0,0,40,26.6666666666667,23.3333333333333,18.0392156862745,0,0,0,0,40,26.6666666666667,23.3333333333333,18.0392156862745,0,0,0,0,0,576.484243785841,514.156257568621,501.788741189272,0,14.4337567297406,12.8732162636109,12.5635638755451,0,0,0,0,0,23.094010767585,20.5971460217775,20.1017022008722,0,0,0,0,0,23.094010767585,20.5971460217775,20.1017022008722,0,0,0,0,187.832213678118,394.086310680858,1211.64422046944,5144.01580012623,3.91284816744118
"226",2024-12-06,3,"617",45.41069,-73.92928,3,7.71161897507801,9.23223503990749,8.97261664391673,7.98139826911011,5.99791660332467,6.7004715088233,6.83655015953583,7.26447073873338,201.7,534.533333333333,662.546153846154,758.555769230769,155,163.333333333333,166.538461538462,168.942307692308,0,0,0,0,40,26.6666666666667,21.5384615384615,17.6923076923077,0,0,0,0,40,26.6666666666667,21.5384615384615,17.6923076923077,0,0,0,0,0,576.484243785841,518.096209880277,500.75376846583,0,14.4337567297406,12.9718630415693,12.5376506876773,0,0,0,0,0,23.094010767585,20.7549808665108,20.0602411002836,0,0,0,0,0,23.094010767585,20.7549808665108,20.0602411002836,0,0,0,0,188.155816763549,394.240584864131,1221.8266139401,5146.51635128049,4.06753171561419
"227",2024-12-06,4,"631",45.41259,-73.92899,3,6.52077374001869,6.69135367959825,8.65683950290347,7.92024856947842,5.85233793633798,5.92281844366014,7.36160311550766,7.16925266870132,1200.2,950.575,700.95,662.546153846154,180,173.75,167.5,166.538461538462,0,0,0,0,0,10,20,21.5384615384615,0,0,0,0,0,10,20,21.5384615384615,0,0,0,0,0,499.25,518.096209880277,502.627152369072,0,12.5,12.9718630415693,12.5845556426908,0,0,0,0,0,20,20.7549808665108,20.1352890283053,0,0,0,0,0,20,20.7549808665108,20.1352890283053,0,0,0,0,184.342441062944,392.667235829668,796.381586496411,6463.24534364647,28.5398730877809
"228",2024-12-06,4,"623",45.40769,-73.92609,3,4.58451467344538,6.42681716734405,7.28878274996645,7.11650061862538,5.29113180442322,6.69264510943569,6.92339387300897,6.78893713471779,686.5,686.5,729.308333333333,827.51568627451,175,175,175.416666666667,176.372549019608,0,0,0,0,0,0,0,0,5,5,4.58333333333333,3.62745098039216,0,0,0,0,0,0,0,0,0,0,148.292416641355,231.528445226541,0,0,1.44337567297406,2.25353752410494,0,0,0,0,0,0,0,0,0,0,1.44337567297406,2.25353752410494,0,0,0,0,0,0,0,0,262.243991327681,601.537853911343,1830.39254869968,7468.69964015505,82.6960076106803
"229",2024-12-06,3,"635",45.41007,-73.91996,3,4.42031077590456,3.7841410309622,5.89744170420229,5.58601047297179,5.75058774770771,6.53600954901271,7.56594133266811,6.97829512433526,1274.9,980.7,997.584615384615,969.207692307692,175,175,175.384615384615,175.769230769231,5,2.5,2.30769230769231,1.73076923076923,0,0,0,0,0,2.5,2.30769230769231,2.5,0,0,0,0,0,0,0,0,0,339.712898391176,300.432709732018,286.525307951202,0,0,1.38675049056307,1.82160653739327,0,2.88675134594813,2.59437260831385,2.40192230707631,0,0,0,0,0,2.88675134594813,2.59437260831385,2.52439082148701,0,0,0,0,0,0,0,0,191.922770996848,400.531095947711,1203.46171700155,4251.37964049065,114.093504638471
"230",2024-12-06,3,"637",45.41024,-73.91888,3,3.63394793696506,3.91500818876681,6.5357463851361,5.49976738530769,5.55132356296754,5.27340437683186,6.88020250629108,6.74237863283932,1274.9,980.7,1029.73333333333,982.074509803922,175,175,175,175.294117647059,5,2.5,2.91666666666667,2.25490196078431,0,0,0,0,0,2.5,2.08333333333333,2.45098039215686,0,0,0,0,0,0,0,0,0,339.712898391176,302.984017980347,293.224116227255,0,0,0,1.18817705157201,0,2.88675134594813,2.57464325272219,2.51271277510902,0,0,0,0,0,2.88675134594813,2.57464325272219,2.52439082148701,0,0,0,0,0,0,0,0,194.484515265605,397.066946067465,828.416342847414,4425.28671855359,27.5922619826409
"231",2024-12-06,4,"627",45.42995,-73.93767,3,8.26260048391131,4.98839912463215,2.49740053732879,2.57942648903756,6.10794855098394,5.90578289156782,4.57477529363481,4.28168365820694,118.3,118.3,118.3,118.3,355,355,355,355,20,20,20,20,15,15,15,15,0,0,0,0,5,5,5,5,0,0,0,0,0,0,0,0,0,0,0,0,0,0,0,0,0,0,0,0,0,0,0,0,0,0,0,0,0,0,0,0,0,0,0,0,54.8418502789834
"232",2024-12-08,4,"620",45.40686,-73.93256,3,8.5963812358315,6.8504119130449,8.32005488357161,7.60177591265151,6.94435235801629,6.30934363120512,7.39740708826806,7.31648574929348,201.7,201.7,188.869230769231,351.741176470588,155,155,185.769230769231,222.156862745098,0,0,3.07692307692308,6.27450980392157,40,40,36.1538461538462,25.0980392156863,0,0,0,0,40,40,34.6153846153846,21.9607843137255,0,0,0,0,0,0,31.3195195954904,398.401283219053,0,0,75.1067616198811,91.1715684956708,0,0,7.51067616198811,9.3724669780641,0,0,9.38834520248513,16.1706584924186,0,0,0,0,0,0,13.1436832834792,18.6568601691857,0,0,0,0,193.674281913037,397.588997122954,1820.99064543845,6142.69803637864,19.4232705871489
"233",2024-12-08,4,"630",45.4078,-73.93329,3,6.28720030718953,6.407974926042,5.93842045380624,6.33685603387698,5.96176222579134,6.59438145956225,6.61520817029854,6.68842572241503,201.7,160,160,213.491071428571,155,255,255,256.339285714286,0,10,10,10,40,27.5,27.5,25.3571428571429,0,0,0,0,40,22.5,22.5,20.3571428571429,0,0,0,0,0,58.9727055509581,43.0675748098265,240.377611479625,0,141.42135623731,103.279555898864,99.7063464353224,0,14.142135623731,10.3279555898864,10.0904995821903,0,17.6776695296637,12.9099444873581,13.6800167084276,0,0,0,0,0,24.7487373415292,18.0739222823013,17.8340109916964,0,0,0,0,292.151510315049,595.992662998287,1819.1083215195,4714.82176853731,95.9957183962446
"234",2024-12-08,4,"614",45.40632,-73.93279,3,13.3776283954734,9.47446500565944,10.2515050471208,7.55356801984612,10.3460465443575,8.35753332472178,8.48849953990594,7.20679476314044,201.7,201.7,180.85,339.976,155,155,205,232,0,0,5,7.2,40,40,33.75,22.2,0,0,0,0.5,40,40,31.25,18.6,0,0,0,0,0,0,37.7190692066782,359.317839268142,0,0,90.4534033733291,93.6014128621781,0,0,9.04534033733291,9.69746442770123,0,0,11.3066754216661,16.2932313478666,0,0,0,1.51522881682832,0,0,15.8293455903326,18.4899310712725,0,0,0,0,181.702995985877,424.407315431979,1854.22546956139,6998.61226611756,3.2326915980883
"235",2024-12-13,3,"637",45.41005,-73.92005,3,4.00429956996801,3.90572965762463,5.74603831413327,5.65976289021036,5.67396083804694,6.74690710541261,7.45495198256602,6.99641761736936,1274.9,980.7,991.838461538462,961.749019607843,175,175,175.769230769231,175.882352941176,5,2.5,1.92307692307692,1.56862745098039,0,0,0,0,0,2.5,2.30769230769231,2.54901960784314,0,0,0,0,0,0,0,0,0,339.712898391176,295.358213413423,284.62463025715,0,0,1.87766904049703,1.92506684375924,0,2.88675134594813,2.53184841770917,2.34311674451602,0,0,0,0,0,2.88675134594813,2.59437260831385,2.52439082148701,0,0,0,0,0,0,0,0,194.42002186051,401.658142884534,1217.19977560196,4121.58045246622,121.437322155788
"236",2024-12-13,3,"635",45.41056,-73.92155,3,5.02485695119043,5.64052701172461,6.39190252082865,6.50996778144413,6.07944759196716,6.59876142859128,7.39981379243354,7.07865253862923,1200.2,1200.2,1126.91538461538,1067.81923076923,180,180,178.846153846154,177.5,0,0,0.384615384615385,1.05769230769231,0,0,0,0,0,0,0.769230769230769,1.44230769230769,0,0,0,0,0,0,0,0,0,0,196.540330238494,246.879092451331,0,0,2.19264504826757,2.52439082148701,0,0,1.38675049056307,2.06191859578062,0,0,0,0,0,0,1.87766904049703,2.28733479239238,0,0,0,0,0,0,0,0,0,0,1586.93910604676,5435.3671013237,161.965534720929
"237",2024-12-13,4,"623",45.40771,-73.92617,3,4.33191217347593,7.15469636297023,7.14901052870352,7.1438835456963,5.00223731118439,7.00183977612739,6.83176046719463,6.76731469573048,686.5,686.5,726.015384615385,827.51568627451,175,175,175.384615384615,176.372549019608,0,0,0,0,0,0,0,0,5,5,4.61538461538461,3.62745098039216,0,0,0,0,0,0,0,0,0,0,142.47474540045,231.528445226541,0,0,1.38675049056307,2.25353752410494,0,0,0,0,0,0,0,0,0,0,1.38675049056307,2.25353752410494,0,0,0,0,0,0,0,0,185.114987834854,568.958802903209,1930.63836600364,7201.0180695085,76.2117238934426
"238",2024-12-13,4,"627",45.4299,-73.9382,3,3.73305340250034,4.29061363099765,3.12596318914441,3.14613616238627,4.91205635314653,5.31097747398477,4.62729826641594,4.82544990389126,118.3,118.3,118.3,118.3,355,355,355,355,20,20,20,20,15,15,15,15,0,0,0,0,5,5,5,5,0,0,0,0,0,0,0,0,0,0,0,0,0,0,0,0,0,0,0,0,0,0,0,0,0,0,0,0,0,0,0,0,0,0,0,0,18.8315124291958
"239",2024-12-13,3,"617",45.41151,-73.9291,3,5.22056987073283,5.11191630779407,8.35062292666079,8.07373690193487,5.11596775268009,5.00766867641846,6.89373126937993,7.13346322040081,201.7,700.95,700.95,719.440740740741,155,167.5,167.5,167.962962962963,0,0,0,0,40,20,20,19.2592592592593,0,0,0,0,40,20,20,19.2592592592593,0,0,0,0,0,576.484243785841,518.096209880277,503.592141245244,0,14.4337567297406,12.9718630415693,12.6087166060401,0,0,0,0,0,23.094010767585,20.7549808665108,20.1739465696642,0,0,0,0,0,23.094010767585,20.7549808665108,20.1739465696642,0,0,0,0,196.260188027986,398.0275453247,798.813982380754,4972.05362681246,45.4232839280886
"240",2024-12-13,4,"630",45.41154,-73.92911,3,5.15503554528697,5.38085279215833,8.34432839964756,8.10766998513744,4.9886856512768,5.25029938448281,6.8958445059022,7.15055319429597,201.7,700.95,700.95,720.92,155,167.5,167.5,168,0,0,0,0,40,20,20,19.2,0,0,0,0,40,20,20,19.2,0,0,0,0,0,576.484243785841,521.449618415293,503.915041430191,0,14.4337567297406,13.0558241966773,12.6168012376112,0,0,0,0,0,23.094010767585,20.8893187146837,20.1868819801779,0,0,0,0,0,23.094010767585,20.8893187146837,20.1868819801779,0,0,0,0,194.555465438351,397.178015797643,798.333948588202,4916.96906953643,42.3489183024633
"241",2024-12-13,4,"614",45.40871,-73.93299,3,8.24947029898467,8.60270982337327,6.20450055453552,6.02055509948458,6.63188123785702,7.24098597581227,6.59648924335161,6.99124744623578,201.7,201.7,173.9,240.015384615385,155,155,221.666666666667,249.230769230769,0,0,6.66666666666667,9.23076923076923,40,40,31.6666666666667,25.3846153846154,0,0,0,0,40,40,28.3333333333333,20.7692307692308,0,0,0,0,0,0,41.0633213907054,282.794280792361,0,0,98.4731927834662,99.0908902214875,0,0,9.84731927834662,10.0676445141527,0,0,12.3091490979333,14.2059830617642,0,0,0,0,0,0,17.2328087371066,18.0246186597124,0,0,0,0,287.942069393175,643.084474306429,1875.3614367604,4623.06801859171,9.14531272256683
"242",2024-12-13,4,"620",45.40878,-73.93304,3,8.36241607085099,7.87434895873788,5.97839857790019,5.89726359564559,6.64037023176811,7.01572229249117,6.5726949203675,6.98869954153527,201.7,201.7,173.9,221.188235294118,155,155,221.666666666667,250.588235294118,0,0,6.66666666666667,9.41176470588235,40,40,31.6666666666667,25.8823529411765,0,0,0,0,40,40,28.3333333333333,21.1764705882353,0,0,0,0,0,0,41.0633213907054,250.542245257808,0,0,98.4731927834662,99.5873840344425,0,0,9.84731927834662,10.0820166050017,0,0,12.3091490979333,13.8818544277392,0,0,0,0,0,0,17.2328087371066,17.9607415017899,0,0,0,0,298.152171959425,598.978051019621,1854.00636000032,4507.68913458804,14.6331992178005
"243",2024-12-18,3,"635",45.41109,-73.91972,3,8.1497859663488,9.23273086887857,9.15458034602548,5.75468791129199,7.92383766529188,8.03394830412106,7.66767522091941,6.74357728388373,1274.9,1274.9,1274.9,1147.38076923077,175,175,175,175.961538461538,5,5,5,3.07692307692308,0,0,0,0,0,0,0,0.961538461538463,0,0,0,0,0,0,0,0,0,0,0,228.90902725795,0,0,0,1.98979295860136,0,0,0,2.45625375394537,0,0,0,0,0,0,0,1.98979295860136,0,0,0,0,0,0,0,0,198.790135158823,400.539931405909,1251.84492754087,6193.58044732061,130.279646939354
"244",2024-12-18,3,"637",45.41098,-73.92012,3,10.2236847833756,8.49463841726401,9.07358246602465,6.07202298412518,9.41178538360121,7.89658802013464,7.96296141136145,6.93631419769615,1274.9,1274.9,1258.89285714286,1131.75576923077,175,175,176.071428571429,176.25,5,5,3.92857142857143,2.69230769230769,0,0,0,0,0,0,0,1.05769230769231,0,0,0,0,0,0,0,0,0,0,31.8084039278861,234.955450440192,0,0,2.1290765681316,2.18618658048802,0,0,2.1290765681316,2.51691112853817,0,0,0,0,0,0,0,2.06191859578063,0,0,0,0,0,0,0,0,188.732462263815,461.598502513255,1341.46222033195,5735.55095518464,147.327341881887
"245",2024-12-18,4,"623",45.40641,-73.92479,3,4.8892812660832,5.48718480066049,7.00329167791116,7.64116056044637,5.77937556662674,5.92006820283935,7.06151226573665,7.63475642503379,686.5,686.5,686.5,686.5,175,175,175,175,0,0,0,0,0,0,0,0,5,5,5,5,0,0,0,0,0,0,0,0,0,0,0,0,0,0,0,0,0,0,0,0,0,0,0,0,0,0,0,0,0,0,0,0,0,0,0,0,193.869790694234,396.739335778942,2174.53054145165,7417.80198476503,107.271990577776
"246",2024-12-18,4,"630",45.40776,-73.93327,3,6.09845985556544,6.68581239240732,6.0690025437821,6.40837504818363,5.91229516542545,6.63890755510833,6.6269157107085,6.71029959949484,201.7,160,160,217.016666666667,155,255,255,252.685185185185,0,10,10,9.62962962962963,40,27.5,27.5,25.7407407407407,0,0,0,0,40,22.5,22.5,20.9259259259259,0,0,0,0,0,48.1510124504148,43.0675748098265,244.145908083593,0,115.470053837925,103.279555898864,99.6773708870082,0,11.5470053837925,10.3279555898864,10.0869732848321,0,14.4337567297406,12.9099444873581,13.7843022355212,0,0,0,0,0,20.2072594216369,18.0739222823013,17.9115772109295,0,0,0,0,296.490464679609,598.140200451232,1832.7890801421,4753.39052663564,100.114398456998
"247",2024-12-18,4,"631",45.4111,-73.93048,3,6.56110925261903,7.43276972634724,8.27055295784,6.63562797198396,6.26709757843142,6.4269418484074,6.82630116961305,7.13871819039964,201.7,201.7,201.7,448.117307692308,155,155,155,168.942307692308,0,0,0,0.769230769230769,40,40,40,29.0384615384615,0,0,0,0,40,40,40,28.6538461538461,0,0,0,0,0,0,0,438.746496872738,0,0,0,39.1119125634896,0,0,0,3.88367818690308,0,0,0,17.6023188517671,0,0,0,0,0,0,0,18.0172951936053,0,0,0,0,192.998842514393,396.617244030826,798.149292998077,4018.61916768353,36.4887454641793
"248",2024-12-18,4,"608",45.41116,-73.93045,3,6.16525203259817,7.53022528514632,8.10156216933794,6.65386214959539,6.0453421003309,6.53937629455022,6.75406786365677,7.1397475535265,201.7,201.7,201.7,433.370588235294,155,155,155,168.725490196078,0,0,0,0.784313725490196,40,40,40,29.6078431372549,0,0,0,0,40,40,40,29.2156862745098,0,0,0,0,0,0,0,429.900076433637,0,0,0,39.4695216243484,0,0,0,3.92078423527842,0,0,0,17.287080067348,0,0,0,0,0,0,0,17.7305541092096,0,0,0,0,189.310154140151,394.873892493806,797.423902683955,3993.19250094267,38.7906216990334
"249",2024-12-18,3,"617",45.4127,-73.9325,3,3.40940385877752,3.03217675799529,2.91610294232603,3.47718283222779,5.18348459537534,5.08061581057189,5.32073172674256,5.10457105646386,201.7,160,163.207692307692,163.207692307692,155,255,247.307692307692,247.307692307692,0,10,9.23076923076923,9.23076923076923,40,27.5,28.4615384615385,28.4615384615385,0,0,0,0,40,22.5,23.8461538461538,23.8461538461538,0,0,0,0,0,48.1510124504148,43.2741351066751,41.9820776240166,0,115.470053837925,103.774904332554,100.676445141527,0,11.5470053837925,10.3774904332554,10.0676445141527,0,14.4337567297406,12.9718630415693,12.5845556426908,0,0,0,0,0,20.2072594216369,18.160608258197,17.6183778997672,0,0,0,0,168.985491151287,1026.37607892465,2646.94373630102,6344.68464723459,172.81094166506
"250",2024-12-19,4,"630",45.40779,-73.93321,3,6.85858077556651,6.42615802579822,6.01469815039927,6.44972610144164,6.35144329409285,6.47021537331497,6.62871822452769,6.73886504829218,201.7,180.85,162.78,217.016666666667,155,205,248.333333333333,252.685185185185,0,5,9.33333333333333,9.62962962962963,40,33.75,28.3333333333333,25.7407407407407,0,0,0,0,40,31.25,23.6666666666667,20.9259259259259,0,0,0,0,0,41.7,43.0675748098265,244.145908083593,0,100,103.279555898864,99.6773708870082,0,10,10.3279555898864,10.0869732848321,0,12.5,12.9099444873581,13.7843022355212,0,0,0,0,0,17.5,18.0739222823013,17.9115772109295,0,0,0,0,298.841644346074,599.325441090596,1859.17297382928,4818.64498858974,96.1762679498331
"251",2024-12-19,4,"620",45.40776,-73.93328,3,6.07923026867476,6.682121534907,6.06119233212368,6.39595080814367,5.9000897793497,6.6527235842935,6.62288467105692,6.70684777936185,201.7,160,160,215.221818181818,155,255,255,254.545454545455,0,10,10,9.81818181818182,40,27.5,27.5,25.5454545454545,0,0,0,0,40,22.5,22.5,20.6363636363636,0,0,0,0,0,48.1510124504148,43.0675748098265,242.240724082555,0,115.470053837925,103.279555898864,99.7091730580451,0,11.5470053837925,10.3279555898864,10.0904995821903,0,14.4337567297406,12.9099444873581,13.7326566470534,0,0,0,0,0,20.2072594216369,18.0739222823013,17.8744216548382,0,0,0,0,295.088695413446,597.442336221583,1827.59165202718,4740.09358936333,100.239732473355
"252",2024-12-19,4,"614",45.40781,-73.93324,3,6.91129894033113,6.31393544547032,5.94698732624556,6.3867210581439,6.22597768609512,6.46948827089662,6.61597294674428,6.71397373612433,201.7,173.9,160,217.016666666667,155,221.666666666667,255,252.685185185185,0,6.66666666666667,10,9.62962962962963,40,31.6666666666667,27.5,25.7407407407407,0,0,0,0,40,28.3333333333333,22.5,20.9259259259259,0,0,0,0,0,48.1510124504148,43.0675748098265,244.145908083593,0,115.470053837925,103.279555898864,99.6773708870082,0,11.5470053837925,10.3279555898864,10.0869732848321,0,14.4337567297406,12.9099444873581,13.7843022355212,0,0,0,0,0,20.2072594216369,18.0739222823013,17.9115772109295,0,0,0,0,298.508141218429,599.139019232991,1844.50890859601,4776.94532711986,94.2715672614119
"253",2024-12-22,4,"627",45.42881,-73.93695,3,5.03728983175128,4.85333875624309,4.66641697406761,4.55852656105425,4.74430248956486,5.06321345869152,5.51447311666424,6.01972204938127,118.3,118.3,118.3,118.3,355,355,355,355,20,20,20,20,15,15,15,15,0,0,0,0,5,5,5,5,0,0,0,0,0,0,0,0,0,0,0,0,0,0,0,0,0,0,0,0,0,0,0,0,0,0,0,0,0,0,0,0,0,0,0,0,174.395867418984
"254",2024-12-22,4,"620",45.40689,-73.93379,3,10.960529299229,10.1739961923465,7.68750905626361,7.00019671477691,6.48622175960498,7.24431161744202,7.1017586156467,7.23503468235614,118.3,118.3,139.15,149.370588235294,355,355,305,280.490196078431,20,20,15,12.5490196078431,15,15,21.25,24.3137254901961,0,0,0,0,5,5,13.75,18.0392156862745,0,0,0,0,0,0,37.7190692066782,40.7237488162259,0,0,90.4534033733291,97.6588700628918,0,0,9.04534033733291,9.76588700628918,0,0,11.3066754216661,12.2073587578615,0,0,0,0,0,0,15.8293455903326,17.0903022610061,0,0,0,0,0,448.694471640595,1462.88243208909,3950.3453196038,55.5337854145591
"255",2024-12-22,4,"614",45.40586,-73.93567,3,5.57170468298836,4.9292681845379,5.86553295123761,5.8755909729644,6.49808865003773,6.022765590887,6.93321401561814,7.00078413529771,118.3,118.3,118.3,129.895918367347,355,355,355,351.326530612245,20,20,20,19.5918367346939,15,15,15,14.6938775510204,0,0,0,0.102040816326531,5,5,5,4.89795918367347,0,0,0,0,0,0,0,81.1714285714286,0,0,0,25.7142857142857,0,0,0,2.85714285714286,0,0,0,2.14285714285714,0,0,0,0.714285714285714,0,0,0,0.714285714285714,0,0,0,0,0,0,345.862035331735,2821.66732660409,4.51257542556484
"256",2024-12-29,4,"631",45.4119,-73.93049,3,3.19962297965237,5.03694904493168,6.42347327544007,6.39450665225867,3.72306831767603,5.04114317599334,6.34055437678178,6.85737816835051,201.7,201.7,201.7,386.949056603774,155,155,155,167.264150943396,0,0,0,0.754716981132075,40,40,40,31.5094339622642,0,0,0,0,40,40,40,31.1320754716981,0,0,0,0,0,0,0,396.259465610137,0,0,0,38.7988654391001,0,0,0,3.84760495122194,0,0,0,16.0703054414386,0,0,0,0,0,0,0,16.5727275224284,0,0,0,0,195.204988912393,397.599502636524,798.710761451924,5095.50681091829,111.994290067877
"257",2024-12-29,4,"620",45.40759,-73.93246,3,4.49055064374974,5.08308207967514,6.98755994186899,7.48630511757136,5.9466939197936,5.70700138678885,6.58536291482286,7.20129029291838,201.7,201.7,189.785714285714,398.018,155,155,183.571428571429,216.5,0,0,2.85714285714286,5.6,40,40,36.4285714285714,24.2,0,0,0,0,40,40,35,21.4,0,0,0,0,0,0,30.2855857347469,431.829632264902,0,0,72.6273039202563,87.8034098171034,0,0,7.26273039202563,9.07114735222146,0,0,9.07841299003204,16.8232104000177,0,0,0,0,0,0,12.7097781860449,18.8722882901391,0,0,0,0,198.164423059016,398.844959968729,1742.61829575746,5748.54894370771,100.114436162739
"258",2024-12-29,4,"630",45.40768,-73.9325,3,4.82132304922009,5.74610325759729,7.04761373406674,7.36712731641553,6.90902658844417,6.10017499851543,6.68361639092696,7.12741326735497,201.7,201.7,188.869230769231,394.16862745098,155,155,185.769230769231,215.294117647059,0,0,3.07692307692308,5.49019607843137,40,40,36.1538461538462,24.5098039215686,0,0,0,0,40,40,34.6153846153846,21.7647058823529,0,0,0,0,0,0,31.3195195954904,428.372496544863,0,0,75.1067616198811,87.3465040210876,0,0,7.51067616198811,9.01415009641976,0,0,9.38834520248513,16.8004435048836,0,0,0,0,0,0,13.1436832834792,18.8632852231992,0,0,0,0,198.125794329724,399.73416197192,1781.08532961985,5608.71157948981,109.600381624576
"259",2024-12-29,4,"614",45.40767,-73.93253,3,4.35323805179231,5.83474160043471,7.05762037222412,7.33311875743389,6.50606906253908,6.14301214831055,6.69692729812432,7.11545689083107,201.7,201.7,188.869230769231,368.057692307692,155,155,185.769230769231,221.346153846154,0,0,3.07692307692308,6.15384615384615,40,40,36.1538461538462,24.6153846153846,0,0,0,0,40,40,34.6153846153846,21.5384615384615,0,0,0,0,0,0,31.3195195954904,411.649422682178,0,0,75.1067616198811,90.4624035470276,0,0,7.51067616198811,9.3208276485674,0,0,9.38834520248513,16.3852562206942,0,0,0,0,0,0,13.1436832834792,18.7223904314882,0,0,0,0,195.646396716735,398.971448269374,1799.00876086867,5598.48835417826,108.250835901405
"260",2024-12-29,4,"623",45.40751,-73.92542,3,6.40802627613934,6.18502849517195,6.9546286613365,7.25331362213261,7.87810201302355,6.81533169131719,6.68939493511269,7.03032252385919,686.5,686.5,686.5,767.080392156863,175,175,175,175.78431372549,0,0,0,0,0,0,0,0,5,5,5,4.2156862745098,0,0,0,0,0,0,0,0,0,0,0,188.676884667527,0,0,0,1.83645011356363,0,0,0,0,0,0,0,0,0,0,0,1.83645011356362,0,0,0,0,0,0,0,0,198.484987509068,597.472950120279,1293.61429889179,7545.38461642194,132.238519765763
"261",2024-12-29,3,"617",45.41093,-73.93018,3,9.69051357785413,9.51487379986988,8.82246867599825,6.7744453177394,6.75132107351392,7.29529595414422,6.71357411250345,7.14786844740414,201.7,201.7,201.7,514.954901960784,155,155,155,162.843137254902,0,0,0,0,40,40,40,27.4509803921569,0,0,0,0,40,40,40,27.4509803921569,0,0,0,0,0,0,0,467.92041387985,0,0,0,11.7155837225801,0,0,0,0,0,0,0,18.7449339561282,0,0,0,0,0,0,0,18.7449339561282,0,0,0,0,0,311.094136342152,1231.4244507212,4227.4654870298,7.13019327703107
"262",2024-12-29,3,"635",45.41067,-73.92162,3,5.00028525112967,5.35412412214175,6.80845488953019,6.51737921847416,6.34386558628248,6.72568232330571,7.32720934679656,7.08648291857166,1200.2,1200.2,1166.43076923077,1092.52075471698,180,180,179.230769230769,177.547169811321,0,0,0.384615384615385,1.22641509433962,0,0,0,0,0,0,0.384615384615385,1.22641509433962,0,0,0,0,0,0,0,0,0,0,145.67174505611,235.68866716537,0,0,1.87766904049703,2.5234746934142,0,0,1.38675049056307,2.17186121381535,0,0,0,0,0,0,1.38675049056307,2.17186121381535,0,0,0,0,0,0,0,0,0,0,1469.908039763,5582.69537509908,165.491183009811
"263",2024-12-29,3,"637",45.41067,-73.92162,3,5.00028525112967,5.35412412214175,6.80845488953019,6.51737921847416,6.34386558628248,6.72568232330571,7.32720934679656,7.08648291857166,1200.2,1200.2,1166.43076923077,1092.52075471698,180,180,179.230769230769,177.547169811321,0,0,0.384615384615385,1.22641509433962,0,0,0,0,0,0,0.384615384615385,1.22641509433962,0,0,0,0,0,0,0,0,0,0,145.67174505611,235.68866716537,0,0,1.87766904049703,2.5234746934142,0,0,1.38675049056307,2.17186121381535,0,0,0,0,0,0,1.38675049056307,2.17186121381535,0,0,0,0,0,0,0,0,0,0,1469.908039763,5582.69537509908,165.491183009811
"264",2025-01-02,4,"608",45.41072,-73.93044,3,4.80307021014802,7.85313877390857,8.91675707640845,7.17707473461826,5.41576641404419,6.53780948385289,7.00599842981979,7.31772859947275,201.7,201.7,201.7,505.723076923077,155,155,155,170.384615384615,0,0,0,0.769230769230769,40,40,40,26.7307692307692,0,0,0,0,40,40,40,26.3461538461539,0,0,0,0,0,0,0,467.777085597355,0,0,0,39.0304827308363,0,0,0,3.88367818690308,0,0,0,18.6264785012483,0,0,0,0,0,0,0,18.9714797456754,0,0,0,0,166.502205350439,384.484681889709,1259.29023753349,4176.68961405104,35.2700638792237
"265",2025-01-02,4,"627",45.42963,-73.93831,3,1.05319409557464,3.19270164167402,3.71635198075513,3.95662697425979,2.09978985242096,4.29717559432245,4.78821862969758,5.44133370343688,118.3,118.3,118.3,118.3,355,355,355,355,20,20,20,20,15,15,15,15,0,0,0,0,5,5,5,5,0,0,0,0,0,0,0,0,0,0,0,0,0,0,0,0,0,0,0,0,0,0,0,0,0,0,0,0,0,0,0,0,0,0,0,0,43.5844942987339
"266",2025-01-05,4,"631",45.41124,-73.93048,3,5.15156459905565,7.24878149779249,7.78970343471846,6.65147487011337,4.82224433869796,6.3822617709737,6.71417040761281,7.13401761138145,201.7,201.7,201.7,398.064,155,155,155,168,0,0,0,0.8,40,40,40,31,0,0,0,0,40,40,40,30.6,0,0,0,0,0,0,0,405.47257878547,0,0,0,39.8466448028039,0,0,0,3.95897327444315,0,0,0,16.4130361329658,0,0,0,0,0,0,0,16.9223918799553,0,0,0,0,195.852732707653,397.894301209415,798.842344165785,3978.73596689854,46.8564576468313
"267",2025-01-05,4,"608",45.41121,-73.93057,3,5.46159886587695,7.26382426827303,7.62004309991026,6.59974194286541,5.13931831560755,6.30581478334708,6.76726355317545,7.11255023427761,201.7,201.7,201.7,394.728,155,155,155,176,0,0,0,1.6,40,40,40,30,0,0,0,0,40,40,40,29.2,0,0,0,0,0,0,0,407.4523710941,0,0,0,54.2481072744215,0,0,0,5.48095031235739,0,0,0,16.5985000551746,0,0,0,0,0,0,0,17.535968866351,0,0,0,0,197.922557614225,398.828044451019,799.262802833014,4003.66754027477,49.4888075957445
"268",2025-01-05,3,"617",45.41085,-73.93014,3,8.8918815877352,9.75978207682304,8.70459833482158,7.02302690682963,7.00144784731165,7.26430378254952,6.75039501218721,7.24802045517788,201.7,201.7,201.7,534.533333333333,155,155,155,163.333333333333,0,0,0,0,40,40,40,26.6666666666667,0,0,0,0,40,40,40,26.6666666666667,0,0,0,0,0,0,0,475.381085726669,0,0,0,11.9023807142381,0,0,0,0,0,0,0,19.0438091427809,0,0,0,0,0,0,0,19.0438091427809,0,0,0,0,0,281.376221570318,1509.06151862191,4276.66609553206,8.70616859736112
"269",2025-01-05,4,"630",45.40697,-73.9344,3,4.68652825714441,6.63321926837068,7.57052481253798,6.46336213199773,5.6678898867189,5.90052964268332,6.92467562128347,7.20224925469591,118.3,118.3,118.3,137.923529411765,355,355,355,307.941176470588,20,20,20,15.2941176470588,15,15,15,20.8823529411765,0,0,0,0,5,5,5,13.2352941176471,0,0,0,0,0,0,0,35.7288375866627,0,0,0,85.68066567545,0,0,0,8.568066567545,0,0,0,10.7100832094312,0,0,0,0,0,0,0,14.9941164932037,0,0,0,0,0,0,693.738237511894,3207.44868637744,16.7390586945513
"270",2025-01-05,4,"620",45.40699,-73.93341,3,10.7696837688683,9.03014750634278,7.84149113263489,7.09342252425724,6.975801891478,6.96751675475838,7.29082980012725,7.23773833697319,118.3,139.15,154.042857142857,156.792307692308,355,305,269.285714285714,262.692307692308,20,15,11.4285714285714,10.7692307692308,15,21.25,25.7142857142857,26.5384615384615,0,0,0,0,5,13.75,20,21.1538461538462,0,0,0,0,0,41.7,42.8302860904922,41.9820776240166,0,100,102.710518202619,100.676445141527,0,10,10.2710518202619,10.0676445141527,0,12.5,12.8388147753274,12.5845556426908,0,0,0,0,0,17.5,17.9743406854583,17.6183778997672,0,0,0,0,293.654279894314,596.767673826169,1805.66377945559,4894.6100711113,66.9585983253617
"271",2025-01-05,4,"623",45.40715,-73.92596,3,4.42462548126206,6.27025188399436,7.10682976040262,7.4328001775473,5.74018690960739,5.692817603004,6.74926126250454,7.08763476610135,686.5,686.5,686.5,746.935294117647,175,175,175,175.588235294118,0,0,0,0,0,0,0,0,5,5,5,4.41176470588235,0,0,0,0,0,0,0,0,0,0,0,167.155764272166,0,0,0,1.62697843363992,0,0,0,0,0,0,0,0,0,0,0,1.62697843363992,0,0,0,0,0,0,0,0,194.074432996365,558.701145289744,1917.71685748503,8323.14176688894,80.4224078240304
"272",2025-01-07,4,"627",45.41982,-73.93848,3,0.0720346495433348,0.0824331789184272,0.203610007294992,1.67102756276373,0.12472349819034,0.202617279992287,1.2000202515295,4.78278788050559,118.3,118.3,118.3,118.3,355,355,355,355,20,20,20,20,15,15,15,15,0,0,0,0,5,5,5,5,0,0,0,0,0,0,0,0,0,0,0,0,0,0,0,0,0,0,0,0,0,0,0,0,0,0,0,0,0,0,0,0,785.586869327184,2711.87951673091,6942.34753588516,16128.4287966904,483.518698821336
"273",2025-01-10,4,"631",45.41051,-73.92925,3,8.32433061478398,9.01656853357947,8.86435223339057,8.13600754377365,6.7555782442158,6.62282295248262,6.98176119984866,7.36872054497081,201.7,534.533333333333,700.95,769.474509803922,155,163.333333333333,167.5,169.21568627451,0,0,0,0,40,26.6666666666667,20,17.2549019607843,0,0,0,0,40,26.6666666666667,20,17.2549019607843,0,0,0,0,0,576.484243785841,521.449618415293,499.445745939692,0,14.4337567297406,13.0558241966773,12.5049009999923,0,0,0,0,0,23.094010767585,20.8893187146837,20.0078415999876,0,0,0,0,0,23.094010767585,20.8893187146837,20.0078415999876,0,0,0,0,196.770365506482,398.36425533402,1326.06794828974,5190.03644184579,21.1678805439254
"274",2025-01-10,3,"617",45.41051,-73.92925,3,8.32433061478398,9.01656853357947,8.86435223339057,8.13600754377365,6.7555782442158,6.62282295248262,6.98176119984866,7.36872054497081,201.7,534.533333333333,700.95,769.474509803922,155,163.333333333333,167.5,169.21568627451,0,0,0,0,40,26.6666666666667,20,17.2549019607843,0,0,0,0,40,26.6666666666667,20,17.2549019607843,0,0,0,0,0,576.484243785841,521.449618415293,499.445745939692,0,14.4337567297406,13.0558241966773,12.5049009999923,0,0,0,0,0,23.094010767585,20.8893187146837,20.0078415999876,0,0,0,0,0,23.094010767585,20.8893187146837,20.0078415999876,0,0,0,0,196.770365506482,398.36425533402,1326.06794828974,5190.03644184579,21.1678805439254
"275",2025-01-10,4,"614",45.40778,-73.93318,3,6.98389162155163,6.4855494812244,6.04185408838936,6.5007846246441,6.49509188796609,6.41767616666453,6.62543177756695,6.76271290364586,201.7,173.9,165.957142857143,220.813461538462,155,221.666666666667,240.714285714286,248.75,0,6.66666666666667,8.57142857142857,9.23076923076923,40,31.6666666666667,29.2857142857143,26.1538461538462,0,0,0,0,40,28.3333333333333,25,21.5384615384615,0,0,0,0,0,48.1510124504148,42.8302860904922,248.088508896737,0,115.470053837925,102.710518202619,99.493201068332,0,11.5470053837925,10.2710518202619,10.0676445141527,0,14.4337567297406,12.8388147753274,13.8838100316691,0,0,0,0,0,20.2072594216369,17.9743406854583,17.9743406854583,0,0,0,0,296.14966446256,598.011127508766,1871.77170094476,4856.30941743277,97.0437814988018
"276",2025-01-10,4,"630",45.40768,-73.9332,3,5.82868010235312,6.86212099543472,6.295437053155,6.62892635139958,6.06909962625789,6.61494056806873,6.62914961808148,6.82607787349055,201.7,160,163.207692307692,242.401960784314,155,255,247.307692307692,247.156862745098,0,10,9.23076923076923,9.01960784313725,40,27.5,28.4615384615385,25.5882352941176,0,0,0,0,40,22.5,23.8461538461538,21.078431372549,0,0,0,0,0,48.1510124504148,43.2741351066751,285.078857504513,0,115.470053837925,103.774904332554,98.9305559569984,0,11.5470053837925,10.3774904332554,10.0508511004361,0,14.4337567297406,12.9718630415693,14.2704960959151,0,0,0,0,0,20.2072594216369,18.160608258197,18.0641558200265,0,0,0,0,296.694911907869,598.285501608472,1869.28126564811,4877.79701121549,104.451254177704
"277",2025-01-12,3,"635",45.41007,-73.92012,3,4.41957336782262,4.49383548368559,5.69249469681119,5.74669479283892,5.75575757574557,7.36117861078282,7.43951162203295,7.01774675797238,1274.9,980.7,991.838461538462,971.821568627451,175,175,175.769230769231,175.980392156863,5,2.5,1.92307692307692,1.56862745098039,0,0,0,0,0,2.5,2.30769230769231,2.45098039215686,0,0,0,0,0,0,0,0,0,339.712898391176,295.358213413423,283.777433432418,0,0,1.87766904049703,2.00489596815826,0,2.88675134594813,2.53184841770917,2.34311674451602,0,0,0,0,0,2.88675134594813,2.59437260831385,2.52439082148701,0,0,0,0,0,0,0,0,187.592197388057,400.948940237076,1277.23271847382,4088.45654294095,126.398507677425
"278",2025-01-12,3,"637",45.40923,-73.92089,3,10.2062631590505,5.24883358345578,3.86983975157087,5.69958323099985,7.53069291281265,7.05128260985561,6.13326512871995,6.88262406775286,686.5,686.5,686.5,827.532,175,175,175,175.8,0,0,0,0.5,0,0,0,0,5,5,5,3.7,0,0,0,0,0,0,0,0,0,0,0,241.072140477256,0,0,0,1.8516401995451,0,0,0,1.51522881682832,0,0,0,0,0,0,0,2.21543748846726,0,0,0,0,0,0,0,0,0,54.4219739484947,1331.8756394849,3840.39536524107,176.948032985685
"279",2025-01-12,4,"623",45.40691,-73.92595,3,6.29459763641514,5.63211391565985,7.19507859472055,7.62883851906626,5.49900964233496,5.79457390915031,6.79816640668527,7.23699761877888,686.5,686.5,686.5,736.862745098039,175,175,175,175.490196078431,0,0,0,0,0,0,0,0,5,5,5,4.50980392156863,0,0,0,0,0,0,0,0,0,0,0,154.277784480831,0,0,0,1.50163309792516,0,0,0,0,0,0,0,0,0,0,0,1.50163309792516,0,0,0,0,0,0,0,0,183.811154933801,614.485805636178,2017.97679676957,9076.29064863996,54.744592234904
"280",2025-01-12,4,"631",45.41034,-73.93063,3,7.28800182556401,7.45586554019043,8.41008131400497,7.69005800914504,6.24953246921208,6.32704912079734,7.76390808470567,7.50856892779809,201.7,201.7,278.507692307692,488.835294117647,155,155,156.923076923077,178.039215686275,0,0,0,1.56862745098039,40,40,36.9230769230769,26.2745098039216,0,0,0,0,40,40,36.9230769230769,25.4901960784314,0,0,0,0,0,0,276.934072965446,464.286020820584,0,0,6.93375245281536,53.3486497614752,0,0,0,5.43048764646706,0,0,11.0940039245046,18.3805097115097,0,0,0,0,0,0,11.0940039245046,19.0592471509445,0,0,0,0,197.373391514841,604.997563397325,1237.85638742128,4670.11976990514,74.377790809102
"281",2025-01-12,4,"608",45.41002,-73.93022,3,5.01937297019998,5.5454712028262,6.38112392795322,8.19481958702689,6.1191745342779,6.75669493882558,6.85710185133869,7.66906339122487,201.7,700.95,534.533333333333,632.425490196078,155,167.5,163.333333333333,165.78431372549,0,0,0,0,40,20,26.6666666666667,22.7450980392157,0,0,0,0,40,20,26.6666666666667,22.7450980392157,0,0,0,0,0,706.046121014768,491.627414971455,499.445745939691,0,17.6776695296637,12.3091490979333,12.5049009999923,0,0,0,0,0,28.2842712474619,19.6946385566932,20.0078415999876,0,0,0,0,0,28.2842712474619,19.6946385566932,20.0078415999876,0,0,0,0,197.089099434458,655.498809529919,1683.54349792641,4835.49792083818,53.8221429315491
"282",2025-01-12,4,"631",45.41002,-73.93022,3,5.01937297019998,5.5454712028262,6.38112392795322,8.19481958702689,6.1191745342779,6.75669493882558,6.85710185133869,7.66906339122487,201.7,700.95,534.533333333333,632.425490196078,155,167.5,163.333333333333,165.78431372549,0,0,0,0,40,20,26.6666666666667,22.7450980392157,0,0,0,0,40,20,26.6666666666667,22.7450980392157,0,0,0,0,0,706.046121014768,491.627414971455,499.445745939691,0,17.6776695296637,12.3091490979333,12.5049009999923,0,0,0,0,0,28.2842712474619,19.6946385566932,20.0078415999876,0,0,0,0,0,28.2842712474619,19.6946385566932,20.0078415999876,0,0,0,0,197.089099434458,655.498809529919,1683.54349792641,4835.49792083818,53.8221429315491
"283",2025-01-12,3,"617",45.41028,-73.93066,3,6.62559770870449,7.65331447173031,8.38689164823363,7.80529014129652,6.12894338538303,6.4567390967844,7.84775454111311,7.56152664193266,201.7,201.7,278.507692307692,483.313461538462,155,155,156.923076923077,177.596153846154,0,0,0,1.53846153846154,40,40,36.9230769230769,26.5384615384615,0,0,0,0,40,40,36.9230769230769,25.7692307692308,0,0,0,0,0,0,276.934072965446,461.432905083356,0,0,6.93375245281536,52.919568868527,0,0,0,5.3813823519705,0,0,11.0940039245046,18.298678339139,0,0,0,0,0,0,11.0940039245046,18.9784350112203,0,0,0,0,232.566220957209,621.757022210743,1240.85229077211,4738.74528432372,76.8210132446017
"284",2025-01-12,4,"630",45.40671,-73.9327,3,6.66173546553995,7.68225192355925,8.99089142462505,7.56300247532425,5.83375853704251,6.99904871302191,7.73318718814393,7.30250586101075,201.7,201.7,182.453846153846,307.111764705882,155,155,201.153846153846,233.235294117647,0,0,4.61538461538461,7.45098039215686,40,40,34.2307692307692,24.4117647058824,0,0,0,0.196078431372549,40,40,31.9230769230769,20.6862745098039,0,0,0,0,0,0,36.5733194051031,346.916058231416,0,0,87.7058019307029,95.1200479889059,0,0,8.77058019307029,9.76588700628919,0,0,10.9632252413379,15.6731317490644,0,0,0,0.980196058819607,0,0,15.348515337873,18.4667162171063,0,0,0,0,196.774020315659,398.045015697028,1915.30766681845,6714.25361117728,3.32181312211928
"285",2025-01-12,4,"620",45.40681,-73.93327,3,7.94961282629102,9.13333822568134,8.56719149100324,7.20927738588215,6.74793292492865,7.14278555331366,7.401289150361,7.2666120016125,201.7,160,160,201.604166666667,155,255,255,256.041666666667,0,10,10,10,40,27.5,27.5,25.8333333333333,0,0,0,0,40,22.5,22.5,20.8333333333333,0,0,0,0,0,48.1510124504148,43.5542295201156,214.423397975339,0,115.470053837925,104.446593573419,100.127356844433,0,11.5470053837925,10.4446593573419,10.1058230527982,0,14.4337567297406,13.0558241966773,13.5007223342345,0,0,0,0,0,20.2072594216369,18.2781538753483,17.844879274236,0,0,0,0,281.823431126544,664.887763970647,1860.32728573559,5713.97565828373,49.2795843300559
"286",2025-01-14,4,"627",45.42809,-73.93761,3,9.73335677566683,8.62976184659532,7.60021396773855,6.19933051818391,5.51045539292618,5.60504700453102,6.30626530534731,6.64885484031156,118.3,118.3,118.3,118.3,355,355,355,355,20,20,20,20,15,15,15,15,0,0,0,0,5,5,5,5,0,0,0,0,0,0,0,0,0,0,0,0,0,0,0,0,0,0,0,0,0,0,0,0,0,0,0,0,0,0,0,0,0,0,0,0,222.522994827665
"287",2025-01-17,4,"631",45.41003,-73.93047,3,4.19587302232155,5.47780393595646,7.37641271285087,8.17232692866219,5.54607005737127,6.43173319029524,7.6382009454758,7.67228494880182,201.7,451.325,451.325,570.419607843137,155,161.25,161.25,172.156862745098,0,0,0,0.784313725490196,40,30,30,24.1176470588235,0,0,0,0,40,30,30,23.7254901960784,0,0,0,0,0,499.25,451.588616341345,490.373169339273,0,12.5,11.3066754216661,39.2078423527843,0,0,0,3.92078423527842,0,20,18.0906806746658,19.3831339662331,0,0,0,0,0,20,18.0906806746658,19.6683282780948,0,0,0,0,350.234971781376,696.043391841231,1507.2118695323,4837.33580533765,69.7159171080852
"288",2025-01-17,3,"617",45.41091,-73.93007,3,10.9176094160168,9.98443321420354,8.58141604477084,6.93114803257042,6.89832769235043,7.30268179845031,6.65257971447095,7.18303978678126,201.7,201.7,201.7,528.132692307692,155,155,155,163.173076923077,0,0,0,0,40,40,40,26.9230769230769,0,0,0,0,40,40,40,26.9230769230769,0,0,0,0,0,0,0,472.954968515597,0,0,0,11.8416366678918,0,0,0,0,0,0,0,18.9466186686268,0,0,0,0,0,0,0,18.9466186686268,0,0,0,0,0,236.552407482634,1326.07012534755,4360.4933955674,1.91939371159412
"289",2025-01-17,4,"620",45.40765,-73.93322,3,5.52954143051951,6.8744488389404,6.33829993085666,6.66960023418768,5.91728518654053,6.64482194326776,6.64257100423763,6.86817969671219,201.7,160,163.207692307692,240.015384615385,155,255,247.307692307692,249.230769230769,0,10,9.23076923076923,9.23076923076923,40,27.5,28.4615384615385,25.3846153846154,0,0,0,0,40,22.5,23.8461538461538,20.7692307692308,0,0,0,0,0,48.1510124504148,43.2741351066751,282.794280792361,0,115.470053837925,103.774904332554,99.0908902214875,0,11.5470053837925,10.3774904332554,10.0676445141527,0,14.4337567297406,12.9718630415693,14.2059830617642,0,0,0,0,0,20.2072594216369,18.160608258197,18.0246186597124,0,0,0,0,298.179131772587,599.010683958256,1862.940705788,4871.61391486673,101.908460285675
"290",2025-01-17,4,"614",45.40765,-73.93322,3,5.52954143051951,6.8744488389404,6.33829993085666,6.66960023418768,5.91728518654053,6.64482194326776,6.64257100423763,6.86817969671219,201.7,160,163.207692307692,240.015384615385,155,255,247.307692307692,249.230769230769,0,10,9.23076923076923,9.23076923076923,40,27.5,28.4615384615385,25.3846153846154,0,0,0,0,40,22.5,23.8461538461538,20.7692307692308,0,0,0,0,0,48.1510124504148,43.2741351066751,282.794280792361,0,115.470053837925,103.774904332554,99.0908902214875,0,11.5470053837925,10.3774904332554,10.0676445141527,0,14.4337567297406,12.9718630415693,14.2059830617642,0,0,0,0,0,20.2072594216369,18.160608258197,18.0246186597124,0,0,0,0,298.179131772587,599.010683958256,1862.940705788,4871.61391486673,101.908460285675
"291",2025-01-17,3,"637",45.40705,-73.92603,3,6.88507875534717,6.13669327642892,7.24903242432659,7.56964977382676,6.74033250655589,5.63557910497754,6.85741190269483,7.16229370860214,686.5,686.5,686.5,736.862745098039,175,175,175,175.490196078431,0,0,0,0,0,0,0,0,5,5,5,4.50980392156863,0,0,0,0,0,0,0,0,0,0,0,154.277784480831,0,0,0,1.50163309792516,0,0,0,0,0,0,0,0,0,0,0,1.50163309792516,0,0,0,0,0,0,0,0,198.304470053409,434.021336621699,1954.67604074763,8784.93253567509,68.5334083331992
"292",2025-01-19,3,"635",45.4095,-73.92048,3,1.7208914151923,3.38043537484744,3.87917824124244,5.58177474744391,3.25005322520944,5.03840134095908,6.40267074398777,6.94453178150097,686.5,686.5,786.690909090909,856.053846153846,175,175,175.454545454545,175.769230769231,0,0,0.454545454545455,0.769230769230769,0,0,0,0,5,5,4.09090909090909,3.46153846153846,0,0,0,0,0,0,0,0,0,0,223.535645723654,257.66278499083,0,0,1.50755672288882,1.82160653739327,0,0,1.50755672288882,1.82160653739327,0,0,0,0,0,0,2.02259958738973,2.33020691214185,0,0,0,0,0,0,0,0,0,36.6976848125522,1350.70990243708,4078.12307595641,174.947974583491
"293",2025-01-19,3,"637",45.40696,-73.92595,3,6.52908156137062,5.76510993990523,7.19604159155676,7.58834530164088,5.81901428648953,5.71540786306934,6.79487574610527,7.20733179029464,686.5,686.5,686.5,736.862745098039,175,175,175,175.490196078431,0,0,0,0,0,0,0,0,5,5,5,4.50980392156863,0,0,0,0,0,0,0,0,0,0,0,154.277784480831,0,0,0,1.50163309792516,0,0,0,0,0,0,0,0,0,0,0,1.50163309792516,0,0,0,0,0,0,0,0,185.950354765232,498.183065810151,2023.13275419154,9011.14856968109,60.0667394260119
"294",2025-01-19,4,"623",45.40691,-73.92596,3,6.43632693298,5.61763129101412,7.20769696719427,7.63881714739031,5.60054920405971,5.7813100568117,6.80747863541254,7.23998836206339,686.5,686.5,686.5,736.862745098039,175,175,175,175.490196078431,0,0,0,0,0,0,0,0,5,5,5,4.50980392156863,0,0,0,0,0,0,0,0,0,0,0,154.277784480831,0,0,0,1.50163309792516,0,0,0,0,0,0,0,0,0,0,0,1.50163309792516,0,0,0,0,0,0,0,0,186.271539256621,611.114353939537,2010.98782598672,9077.46853770286,54.5147480620686
"295",2025-01-19,3,"617",45.41129,-73.92915,3,6.42264379072846,6.60351221484018,8.44368111119407,7.79473313050624,5.36772866153521,5.92768560204934,6.72212608292257,7.11797498935869,201.7,700.95,662.546153846154,720.151923076923,155,167.5,166.538461538462,167.980769230769,0,0,0,0,40,20,21.5384615384615,19.2307692307692,0,0,0,0,40,20,21.5384615384615,19.2307692307692,0,0,0,0,0,576.484243785841,518.096209880277,503.747838603988,0,14.4337567297406,12.9718630415693,12.6126148874309,0,0,0,0,0,23.094010767585,20.7549808665108,20.1801838198894,0,0,0,0,0,23.094010767585,20.7549808665108,20.1801838198894,0,0,0,0,194.565226201945,397.2085037315,798.321815543785,5157.81342260879,65.8501953383002
"296",2025-01-19,4,"608",45.41071,-73.9293,3,7.64236678149093,9.2953458455986,8.93477628041925,7.95916300449978,6.00714826362787,6.74336197378308,6.81847009386098,7.26142796513029,201.7,534.533333333333,617.741666666667,749.896078431373,155,163.333333333333,165.416666666667,168.725490196078,0,0,0,0,40,26.6666666666667,23.3333333333333,18.0392156862745,0,0,0,0,40,26.6666666666667,23.3333333333333,18.0392156862745,0,0,0,0,0,576.484243785841,514.156257568621,501.788741189272,0,14.4337567297406,12.8732162636109,12.5635638755451,0,0,0,0,0,23.094010767585,20.5971460217775,20.1017022008722,0,0,0,0,0,23.094010767585,20.5971460217775,20.1017022008722,0,0,0,0,182.605542598914,391.617539327522,1238.00958651122,5133.22290009169,5.58952338772689
"297",2025-01-19,4,"631",45.41158,-73.92912,3,4.78609577766129,5.64583613664626,8.33887662909107,8.13035836778498,4.83461026179881,5.47830699979479,6.89397880385431,7.17045377124448,201.7,700.95,700.95,720.92,155,167.5,167.5,168,0,0,0,0,40,20,20,19.2,0,0,0,0,40,20,20,19.2,0,0,0,0,0,576.484243785841,521.449618415293,503.915041430191,0,14.4337567297406,13.0558241966773,12.6168012376112,0,0,0,0,0,23.094010767585,20.8893187146837,20.1868819801779,0,0,0,0,0,23.094010767585,20.8893187146837,20.1868819801779,0,0,0,0,192.128730832561,395.995226296578,797.757346441461,4853.9351187455,38.2664951960312
"298",2025-01-19,4,"620",45.40705,-73.93338,3,9.54167323112489,8.85969299520381,7.66416973269993,7.09253425321003,7.13847070439775,6.96205137497949,7.22228709025101,7.24138582604972,118.3,146.1,154.042857142857,176.479245283019,355,288.333333333333,269.285714285714,261.132075471698,20,13.3333333333333,11.4285714285714,10.5660377358491,15,23.3333333333333,25.7142857142857,26.0377358490566,0,0,0,0,5,16.6666666666667,20,20.7547169811321,0,0,0,0,0,48.1510124504148,42.8302860904922,149.231708528009,0,115.470053837925,102.710518202619,100.348630310657,0,11.5470053837925,10.2710518202619,10.0795097445687,0,14.4337567297406,12.8388147753274,12.9851427884554,0,0,0,0,0,20.2072594216369,17.9743406854583,17.6884421851556,0,0,0,0,296.761424492605,598.285195890433,1819.21379292638,4935.92503781339,68.4642916826872
"299",2025-01-19,4,"630",45.40736,-73.93336,3,9.28411710019017,7.29036898962595,6.88671234846182,6.97036821923855,7.14016441725424,6.75769942315269,6.75582644302259,7.20711065525665,118.3,146.1,160,176.479245283019,355,288.333333333333,255,261.132075471698,20,13.3333333333333,10,10.5660377358491,15,23.3333333333333,27.5,26.0377358490566,0,0,0,0,5,16.6666666666667,22.5,20.7547169811321,0,0,0,0,0,48.1510124504148,43.0675748098265,149.231708528009,0,115.470053837925,103.279555898864,100.348630310657,0,11.5470053837925,10.3279555898864,10.0795097445687,0,14.4337567297406,12.9099444873581,12.9851427884554,0,0,0,0,0,20.2072594216369,18.0739222823013,17.6884421851556,0,0,0,0,292.056033469459,595.968625038149,1809.88673489515,4806.38006801039,86.0948313263599
"300",2025-01-19,4,"620",45.40742,-73.93325,3,7.23672736761598,6.99402377647306,6.81497168795087,7.00427443545248,6.733568931717,6.79077430858778,6.70883052031834,7.15087655160069,201.7,173.9,160,217.016666666667,155,221.666666666667,255,252.685185185185,0,6.66666666666667,10,9.62962962962963,40,31.6666666666667,27.5,25.7407407407407,0,0,0,0,40,28.3333333333333,22.5,20.9259259259259,0,0,0,0,0,48.1510124504148,43.0675748098265,244.145908083593,0,115.470053837925,103.279555898864,99.6773708870082,0,11.5470053837925,10.3279555898864,10.0869732848321,0,14.4337567297406,12.9099444873581,13.7843022355212,0,0,0,0,0,20.2072594216369,18.0739222823013,17.9115772109295,0,0,0,0,297.688413024008,598.754851474218,1861.12774377372,4955.54249594766,92.3653737369107
"301",2025-01-24,4,"620",45.40677,-73.93342,3,11.5086924862401,9.88782364880962,8.70559675801378,7.10661745843621,7.70607378576034,7.15397578367936,7.45303056531374,7.23794161114517,118.3,160,156.792307692308,166.36,355,255,262.692307692308,263.4,20,10,10.7692307692308,10.8,15,27.5,26.5384615384615,25.7,0,0,0,0.1,5,22.5,21.1538461538462,20.3,0,0,0,0,0,48.1510124504148,43.2741351066751,85.7601520140291,0,115.470053837925,103.774904332554,100.292633053968,0,11.5470053837925,10.3774904332554,10.0691486781178,0,14.4337567297406,12.9718630415693,12.9760375700908,0,0,0,0.707106781186548,0,20.2072594216369,18.160608258197,17.6534092215316,0,0,0,0,297.222160713133,598.521514640972,1796.61128383974,5610.71579554522,59.9857325198071
"302",2025-01-24,4,"614",45.40715,-73.93337,3,9.05705742590406,8.5428498624056,7.32052781363111,7.04890792106844,7.53818537186238,6.87042481269236,6.97329659906265,7.23943276115866,118.3,160,156.792307692308,195.318867924528,355,255,262.692307692308,261.603773584906,20,10,10.7692307692308,10.5660377358491,15,27.5,26.5384615384615,25.2830188679245,0,0,0,0,5,22.5,21.1538461538462,20,0,0,0,0,0,48.1510124504148,43.2741351066751,205.061064129129,0,115.470053837925,103.774904332554,99.897897803138,0,11.5470053837925,10.3774904332554,10.0795097445687,0,14.4337567297406,12.9718630415693,13.3162384364276,0,0,0,0,0,20.2072594216369,18.160608258197,17.7048450561291,0,0,0,0,296.016083514366,597.931623875344,1818.57656911715,4912.36751920999,74.7483033975881
"303",2025-01-24,4,"630",45.40714,-73.93337,3,9.059240364518,8.56103341836791,7.35020764175162,7.05421940661762,7.54000197749266,6.88797961403182,7.00391089581035,7.24030921380727,118.3,160,156.792307692308,196.8,355,255,262.692307692308,259.807692307692,20,10,10.7692307692308,10.3846153846154,15,27.5,26.5384615384615,25.4807692307692,0,0,0,0,5,22.5,21.1538461538462,20.2884615384615,0,0,0,0,0,48.1510124504148,43.2741351066751,206.775245038627,0,115.470053837925,103.774904332554,100.004713312754,0,11.5470053837925,10.3774904332554,10.0900919099447,0,14.4337567297406,12.9718630415693,13.3673444421806,0,0,0,0,0,20.2072594216369,18.160608258197,17.7513728145857,0,0,0,0,296.236732680285,598.034953506641,1819.20179581159,4918.13503478007,74.0097651584378
"304",2025-01-24,4,"631",45.41088,-73.9301,3,9.9814277213183,9.95835671566372,8.63039968357528,6.97928059696724,6.99290364922033,7.31800145204853,6.69937649727351,7.21363015371072,201.7,201.7,201.7,521.97358490566,155,155,155,163.018867924528,0,0,0,0,40,40,40,27.1698113207547,0,0,0,0,40,40,40,27.1698113207547,0,0,0,0,0,0,0,470.526592950324,0,0,0,11.7808360778749,0,0,0,0,0,0,0,18.8493377245999,0,0,0,0,0,0,0,18.8493377245999,0,0,0,0,0,257.065041363834,1415.8051211216,4327.75985393933,4.51257123752422
"305",2025-01-24,3,"617",45.41082,-73.93004,3,9.91918745123739,10.0712918351477,8.42060387634117,7.21022753073283,7.20503031491836,7.26759097370329,6.68245698578039,7.29441460210238,201.7,201.7,201.7,554.111764705882,155,155,155,163.823529411765,0,0,0,0,40,40,40,25.8823529411765,0,0,0,0,40,40,40,25.8823529411765,0,0,0,0,0,0,0,481.91584022402,0,0,0,12.0659949980977,0,0,0,0,0,0,0,19.3055919969562,0,0,0,0,0,0,0,19.3055919969562,0,0,0,0,0,192.817558890538,1613.96079698895,4449.67805185659,11.7793606571879
"306",2025-01-24,4,"608",45.41064,-73.92916,3,8.14869525928785,8.8833522170315,9.02921229317945,8.02955785942878,6.12162973020638,6.25888067051632,6.92259625214359,7.24772600125861,201.7,534.533333333333,763.35625,785.728301886793,155,163.333333333333,169.0625,169.622641509434,0,0,0,0,40,26.6666666666667,17.5,16.6037735849057,0,0,0,0,40,26.6666666666667,17.5,16.6037735849057,0,0,0,0,0,576.484243785841,511.579016990533,496.707422540349,0,14.4337567297406,12.8086884574495,12.4363400736191,0,0,0,0,0,23.094010767585,20.4939015319192,19.8981441177906,0,0,0,0,0,23.094010767585,20.4939015319192,19.8981441177906,0,0,0,0,198.071894260161,399.012112725365,1257.81219962396,5196.88764576799,8.62831889869931
"307",2025-01-26,3,"635",45.40767,-73.93324,3,5.68179542875244,6.96131350649354,6.29054861271785,6.61506884695816,5.92212009907623,6.67302785664077,6.62955506585526,6.83332982400926,201.7,160,163.207692307692,219.209615384615,155,255,247.307692307692,252.596153846154,0,10,9.23076923076923,9.61538461538461,40,27.5,28.4615384615385,25.6730769230769,0,0,0,0,40,22.5,23.8461538461538,20.8653846153846,0,0,0,0,0,48.1510124504148,43.2741351066751,248.483764617088,0,115.470053837925,103.774904332554,99.6636027364415,0,11.5470053837925,10.3774904332554,10.0900919099447,0,14.4337567297406,12.9718630415693,13.8276806128585,0,0,0,0,0,20.2072594216369,18.160608258197,17.92471056583,0,0,0,0,299.096851358751,599.458698759139,1853.32459182253,4832.02553237988,101.129535024655
"308",2025-01-26,3,"637",45.41053,-73.92157,3,4.58674807366528,5.49111652981399,6.29601659442179,6.50799487283422,5.80914780604929,6.36059827703063,7.37798473879398,7.07727306938397,1200.2,1200.2,1126.91538461538,1067.81923076923,180,180,178.846153846154,177.5,0,0,0.384615384615385,1.05769230769231,0,0,0,0,0,0,0.769230769230769,1.44230769230769,0,0,0,0,0,0,0,0,0,0,196.540330238494,246.879092451331,0,0,2.19264504826757,2.52439082148701,0,0,1.38675049056307,2.06191859578062,0,0,0,0,0,0,1.87766904049703,2.28733479239238,0,0,0,0,0,0,0,0,0,0,1584.80052840964,5394.12769346261,158.714897041396
"309",2025-01-31,4,"614",45.40679,-73.9334,3,11.0312184893556,9.73965222597277,8.63063345231281,7.11466310679921,7.6886678984589,7.13137841803045,7.42450337389366,7.24093161711562,118.3,160,156.792307692308,167.340816326531,355,255,262.692307692308,261.530612244898,20,10,10.7692307692308,10.6122448979592,15,27.5,26.5384615384615,25.9183673469388,0,0,0,0.102040816326531,5,22.5,21.1538461538462,20.6122448979592,0,0,0,0,0,48.1510124504148,43.2741351066751,86.3650776219941,0,115.470053837925,103.774904332554,100.447976178554,0,11.5470053837925,10.3774904332554,10.0846755164511,0,14.4337567297406,12.9718630415693,13.0173549775769,0,0,0,0.714285714285714,0,20.2072594216369,18.160608258197,17.696299432521,0,0,0,0,298.611972003513,599.179986573342,1807.48484832575,5586.91831438654,58.7710690414246
"310",2025-01-31,4,"630",45.40679,-73.9334,3,11.0312184893556,9.73965222597277,8.63063345231281,7.11466310679921,7.6886678984589,7.13137841803045,7.42450337389366,7.24093161711562,118.3,160,156.792307692308,167.340816326531,355,255,262.692307692308,261.530612244898,20,10,10.7692307692308,10.6122448979592,15,27.5,26.5384615384615,25.9183673469388,0,0,0,0.102040816326531,5,22.5,21.1538461538462,20.6122448979592,0,0,0,0,0,48.1510124504148,43.2741351066751,86.3650776219941,0,115.470053837925,103.774904332554,100.447976178554,0,11.5470053837925,10.3774904332554,10.0846755164511,0,14.4337567297406,12.9718630415693,13.0173549775769,0,0,0,0.714285714285714,0,20.2072594216369,18.160608258197,17.696299432521,0,0,0,0,298.611972003513,599.179986573342,1807.48484832575,5586.91831438654,58.7710690414246
"311",2025-01-31,4,"620",45.40773,-73.9333,3,5.93578426826956,6.84295212219358,6.10494509648908,6.42463735125622,5.89662502461648,6.73441632433772,6.61709884402437,6.73436119615207,118.3,160,160,215.472222222222,355,255,255,256.388888888889,20,10,10,10,15,27.5,27.5,25.2777777777778,0,0,0,0,5,22.5,22.5,20.2777777777778,0,0,0,0,0,48.1510124504148,43.2741351066751,244.508149662894,0,115.470053837925,103.774904332554,99.6948961935566,0,11.5470053837925,10.3774904332554,10.0938987736568,0,14.4337567297406,12.9718630415693,13.7160100181361,0,0,0,0,0,20.2072594216369,18.160608258197,17.8414576215872,0,0,0,0,292.36468360448,596.104153732336,1818.99640756915,4722.91551214421,99.2037375888376
"312",2025-01-31,4,"608",45.41085,-73.93018,3,8.37342978492974,9.63025189502299,8.78157333219135,6.9786594348498,6.95979691677127,7.2073998880661,6.76834542509861,7.23847902443823,201.7,201.7,201.7,528.132692307692,155,155,155,163.173076923077,0,0,0,0,40,40,40,26.9230769230769,0,0,0,0,40,40,40,26.9230769230769,0,0,0,0,0,0,0,472.954968515597,0,0,0,11.8416366678918,0,0,0,0,0,0,0,18.9466186686268,0,0,0,0,0,0,0,18.9466186686268,0,0,0,0,0,304.676188721628,1490.3911941277,4205.72085895033,10.4924920961717
"313",2025-01-31,3,"617",45.41185,-73.92895,3,4.61801413262966,6.54604465023632,7.54789489621208,8.45409679661784,5.94402077080665,6.34510610995182,6.70277084310721,7.20979427982202,1200.2,867.366666666667,816.161538461538,739.353846153846,180,171.666666666667,170.384615384615,168.461538461538,0,0,0,0,0,13.3333333333333,15.3846153846154,18.4615384615385,0,0,0,0,0,13.3333333333333,15.3846153846154,18.4615384615385,0,0,0,0,0,576.484243785841,505.610129016521,502.627152369072,0,14.4337567297406,12.6592420885458,12.5845556426908,0,0,0,0,0,23.094010767585,20.2547873416733,20.1352890283053,0,0,0,0,0,23.094010767585,20.2547873416733,20.1352890283053,0,0,0,0,196.616368014304,398.356370698669,799.070156985453,4284.76359615581,7.06760484376708
"314",2025-01-31,3,"635",45.41081,-73.92074,3,5.81599787098219,7.90455230916886,7.30406517202285,6.19368718614868,5.83349134260695,7.93313632757659,7.7935812942471,7.03196011870731,1200.2,1237.55,1237.55,1127.37755102041,180,177.5,177.5,176.836734693878,0,2.5,2.5,2.14285714285714,0,0,0,0,0,0,0,1.02040816326531,0,0,0,0,0,0,0,0,0,43.1280651084651,39.0108026996719,228.044515268133,0,2.88675134594813,2.61116483933547,2.43538958874747,0,2.88675134594813,2.61116483933547,2.5,0,0,0,0,0,0,0,2.03602754481989,0,0,0,0,0,0,0,0,234.296732996838,635.555655631022,1598.74337170593,5431.6238988998,183.059677769938
"315",2025-02-07,4,"620",45.40709,-73.93334,3,8.72343332598661,8.36951058696736,7.58266235808164,7.09588967477037,7.5800967344779,6.85538081401128,7.15704506622701,7.23725945884817,118.3,160,156.792307692308,196.8,355,255,262.692307692308,259.807692307692,20,10,10.7692307692308,10.3846153846154,15,27.5,26.5384615384615,25.4807692307692,0,0,0,0,5,22.5,21.1538461538462,20.2884615384615,0,0,0,0,0,48.1510124504148,43.2741351066751,206.775245038627,0,115.470053837925,103.774904332554,100.004713312754,0,11.5470053837925,10.3774904332554,10.0900919099447,0,14.4337567297406,12.9718630415693,13.3673444421806,0,0,0,0,0,20.2072594216369,18.160608258197,17.7513728145857,0,0,0,0,299.108834538687,599.432203692057,1836.66003254117,4993.42748133301,68.6276142964978
"316",2025-02-07,3,"637",45.41043,-73.92081,3,10.0495921546442,7.77257559369322,5.95723650004654,6.27519815392787,10.5868279077886,8.48367097383622,7.5498447701369,7.10279367194633,1200.2,1237.55,1149.9,1062.47450980392,180,177.5,177.307692307692,176.862745098039,0,2.5,1.92307692307692,1.56862745098039,0,0,0,0,0,0,0.769230769230769,1.56862745098039,0,0,0,0,0,0,0,0,0,43.1280651084651,208.723233812945,258.61556940226,0,2.88675134594813,2.59437260831385,2.4414717515723,0,2.88675134594813,2.53184841770917,2.34311674451602,0,0,0,0,0,0,1.87766904049703,2.34311674451602,0,0,0,0,0,0,0,0,198.407906835792,520.65239815098,1929.79296545213,4963.74792037497,179.310626527831
"317",2025-02-07,4,"614",45.40738,-73.93324,3,7.29719511068095,6.83258747929899,6.92812051023163,7.04603668879834,6.91323986843784,6.70257461378382,6.71833924299079,7.17676440519625,201.7,173.9,160,217.016666666667,155,221.666666666667,255,252.685185185185,0,6.66666666666667,10,9.62962962962963,40,31.6666666666667,27.5,25.7407407407407,0,0,0,0,40,28.3333333333333,22.5,20.9259259259259,0,0,0,0,0,48.1510124504148,43.0675748098265,244.145908083593,0,115.470053837925,103.279555898864,99.6773708870082,0,11.5470053837925,10.3279555898864,10.0869732848321,0,14.4337567297406,12.9099444873581,13.7843022355212,0,0,0,0,0,20.2072594216369,18.0739222823013,17.9115772109295,0,0,0,0,295.792590126345,597.808751325574,1866.83514582239,5015.37386296233,88.1386546769557
"318",2025-02-07,4,"630",45.40733,-73.93328,3,8.42853551105577,7.12931119400229,7.09797577343684,7.05812829045152,7.15800295730277,6.69686782893344,6.75907883455422,7.20652072621163,201.7,160,160,217.305660377358,155,255,255,254.528301886792,0,10,10,9.81132075471698,40,27.5,27.5,25.4716981132075,0,0,0,0,40,22.5,22.5,20.5660377358491,0,0,0,0,0,48.1510124504148,43.2741351066751,246.472961081468,0,115.470053837925,103.774904332554,99.6979291069518,0,11.5470053837925,10.3774904332554,10.0938987736568,0,14.4337567297406,12.9718630415693,13.772329803443,0,0,0,0,0,20.2072594216369,18.160608258197,17.8847909537709,0,0,0,0,298.785651239261,599.29129612392,1852.40406001344,4974.30737339822,85.169661282426
"319",2025-02-08,4,"627",45.43122,-73.93854,3,9.88312820155591,5.67991330172408,3.52198236329914,4.83964696438106,7.64206460396069,6.73941586978588,6.20757093065317,7.3754799720408,118.3,118.3,118.3,118.3,355,355,355,355,20,20,20,20,15,15,15,15,0,0,0,0,5,5,5,5,0,0,0,0,0,0,0,0,0,0,0,0,0,0,0,0,0,0,0,0,0,0,0,0,0,0,0,0,0,0,0,0,0,0,0,0,128.632565732493
"320",2025-02-09,3,"635",45.4106,-73.92071,3,8.81357775696925,8.53000871168502,6.86941312058646,6.23262140811953,8.64084310842481,8.61256359311859,7.80061281715876,7.0594083520523,1200.2,1237.55,1168.66875,1072.26785714286,180,177.5,177.1875,176.607142857143,0,2.5,2.1875,1.875,0,0,0,0,0,0,0.625,1.51785714285714,0,0,0,0,0,0,0,0,0,52.8208765546351,191.646983518308,258.904726672779,0,3.53553390593274,2.5617376914899,2.35625721260393,0,3.53553390593274,2.5617376914899,2.44252105229599,0,0,0,0,0,0,1.70782512765993,2.31980462679371,0,0,0,0,0,0,0,0,188.435225447513,464.301520048152,1894.93285610142,5150.80136276211,174.496658248553
"321",2025-02-09,3,"637",45.41028,-73.9189,3,3.57230523767057,4.08222724299891,6.70668296488679,5.54991814502017,5.10119898189807,5.28551024171933,6.9348450571934,6.755100251917,1274.9,1274.9,1048.59230769231,987.705769230769,175,175,175,175.288461538462,5,5,3.07692307692308,2.30769230769231,0,0,0,0,0,0,1.92307692307692,2.40384615384615,0,0,0,0,0,0,0,0,0,0,297.947921796015,293.161165213936,0,0,0,1.17717738949355,0,0,2.53184841770917,2.51691112853817,0,0,0,0,0,0,2.53184841770917,2.52252297748617,0,0,0,0,0,0,0,0,182.70281723585,391.388454946835,880.267348019158,4421.64612118188,28.9766514337565
"322",2025-02-09,4,"631",45.41085,-73.93021,3,7.97743516091823,9.48372183215118,8.82007743540966,6.95230125672583,6.91068749156538,7.14742243257632,6.78051087887464,7.23378632700515,201.7,201.7,201.7,528.132692307692,155,155,155,163.173076923077,0,0,0,0,40,40,40,26.9230769230769,0,0,0,0,40,40,40,26.9230769230769,0,0,0,0,0,0,0,472.954968515597,0,0,0,11.8416366678918,0,0,0,0,0,0,0,18.9466186686268,0,0,0,0,0,0,0,18.9466186686268,0,0,0,0,0,319.66706504374,1469.85422072743,4258.30851275102,12.1932065652952
"323",2025-02-09,4,"608",45.41114,-73.93048,3,6.16342828860404,7.39043280784764,8.10997753301728,6.6457206308232,5.99728242994071,6.45850340895472,6.78908382127447,7.13981456289834,201.7,201.7,201.7,433.370588235294,155,155,155,168.725490196078,0,0,0,0.784313725490196,40,40,40,29.6078431372549,0,0,0,0,40,40,40,29.2156862745098,0,0,0,0,0,0,0,429.900076433637,0,0,0,39.4695216243484,0,0,0,3.92078423527842,0,0,0,17.287080067348,0,0,0,0,0,0,0,17.7305541092096,0,0,0,0,193.923786405361,397.058444918318,798.34803338704,4006.49602465431,39.1016210887748
"324",2025-02-09,3,"617",45.4106,-73.93069,3,4.72491073219736,7.7710196757578,8.666966796221,7.20090079827315,5.04602929486099,6.52527738914404,7.51352246398477,7.35209251447258,201.7,201.7,273.021428571429,408.886274509804,155,155,156.785714285714,180,0,0,0,1.96078431372549,40,40,37.1428571428571,28.921568627451,0,0,0,0,40,40,37.1428571428571,27.9411764705882,0,0,0,0,0,0,266.860350049556,419.82302891557,0,0,6.68153104781061,59.1607978309962,0,0,0,6.00653239170064,0,0,10.690449676497,17.0092247174936,0,0,0,0,0,0,10.690449676497,18.0603563250628,0,0,0,0,195.154976865693,397.575887938811,1141.75306899626,4452.53607301729,58.8960612757914
"325",2025-02-11,4,"627",45.43008,-73.93777,3,8.20810888836757,4.42537864767593,2.34751657958443,2.56140947004569,6.17232092197731,5.54011421570825,4.37168970058641,4.41686488258721,118.3,118.3,118.3,118.3,355,355,355,355,20,20,20,20,15,15,15,15,0,0,0,0,5,5,5,5,0,0,0,0,0,0,0,0,0,0,0,0,0,0,0,0,0,0,0,0,0,0,0,0,0,0,0,0,0,0,0,0,0,0,0,0,45.3870515933318
"326",2025-02-21,4,"630",45.40748,-73.93326,3,6.86905134046399,7.2142897503739,6.61567067773662,6.93707729110307,6.51282946318323,6.75947981194804,6.6546047148452,7.10530476224069,201.7,160,163.207692307692,217.305660377358,155,255,247.307692307692,254.528301886792,0,10,9.23076923076923,9.81132075471698,40,27.5,28.4615384615385,25.4716981132075,0,0,0,0,40,22.5,23.8461538461538,20.5660377358491,0,0,0,0,0,48.1510124504148,43.2741351066751,246.472961081468,0,115.470053837925,103.774904332554,99.6979291069518,0,11.5470053837925,10.3774904332554,10.0938987736568,0,14.4337567297406,12.9718630415693,13.772329803443,0,0,0,0,0,20.2072594216369,18.160608258197,17.8847909537709,0,0,0,0,298.94136904313,599.354003935213,1854.36994183968,4914.03138038289,94.7056043334636
"327",2025-02-21,4,"614",45.40748,-73.93326,3,6.86905134046399,7.2142897503739,6.61567067773662,6.93707729110307,6.51282946318323,6.75947981194804,6.6546047148452,7.10530476224069,201.7,160,163.207692307692,217.305660377358,155,255,247.307692307692,254.528301886792,0,10,9.23076923076923,9.81132075471698,40,27.5,28.4615384615385,25.4716981132075,0,0,0,0,40,22.5,23.8461538461538,20.5660377358491,0,0,0,0,0,48.1510124504148,43.2741351066751,246.472961081468,0,115.470053837925,103.774904332554,99.6979291069518,0,11.5470053837925,10.3774904332554,10.0938987736568,0,14.4337567297406,12.9718630415693,13.772329803443,0,0,0,0,0,20.2072594216369,18.160608258197,17.8847909537709,0,0,0,0,298.94136904313,599.354003935213,1854.36994183968,4914.03138038289,94.7056043334636
"328",2025-02-21,3,"635",45.41037,-73.92081,3,9.86157060554316,7.3408542479069,5.68813032134653,6.29883554321772,10.6600497367635,8.42637644954491,7.41688133122929,7.12795229272629,1200.2,1237.55,1110.38461538462,1029.32745098039,180,177.5,176.923076923077,176.764705882353,0,2.5,1.92307692307692,1.37254901960784,0,0,0,0,0,0,1.15384615384615,1.86274509803922,0,0,0,0,0,0,0,0,0,43.1280651084651,244.044920203071,268.436902886642,0,2.88675134594813,2.53184841770917,2.41319899961953,0,2.88675134594813,2.53184841770917,2.25353752410494,0,0,0,0,0,0,2.19264504826757,2.4414717515723,0,0,0,0,0,0,0,0,198.129287857801,630.495191208581,1928.75990919967,4823.90519579773,178.772936214326
"329",2025-02-21,3,"617",45.41086,-73.93012,3,9.41299631633158,9.86449600879782,8.666061783116,7.01406003915532,7.02921929420293,7.293526178084,6.727146852828,7.23742938948429,201.7,201.7,201.7,534.533333333333,155,155,155,163.333333333333,0,0,0,0,40,40,40,26.6666666666667,0,0,0,0,40,40,40,26.6666666666667,0,0,0,0,0,0,0,475.381085726669,0,0,0,11.9023807142381,0,0,0,0,0,0,0,19.0438091427809,0,0,0,0,0,0,0,19.0438091427809,0,0,0,0,0,269.180827781274,1473.78617760639,4305.07256633819,7.06761609408798
"330",2025-02-21,4,"631",45.41105,-73.93053,3,6.59758781304715,7.09087586263249,8.3480340470042,6.63838486989768,6.0491709058849,6.21767134149551,6.89927656935761,7.13945954830366,201.7,201.7,201.7,423.054716981132,155,155,155,171.981132075472,0,0,0,1.13207547169811,40,40,40,29.5283018867925,0,0,0,0,40,40,40,28.9622641509434,0,0,0,0,0,0,0,424.898277675437,0,0,0,46.454481677493,0,0,0,4.66590635868752,0,0,0,17.132519431215,0,0,0,0,0,0,0,17.7687736732719,0,0,0,0,197.730056066305,398.842210205572,799.333083239193,4079.36098507619,37.3395541879524
"331",2025-02-21,4,"620",45.40771,-73.93319,3,5.94418736738153,6.78835248419418,6.24476446394268,6.58697867391617,6.15236148920257,6.52721674329037,6.62784170721134,6.79197733220535,201.7,160,163.207692307692,242.401960784314,155,255,247.307692307692,247.156862745098,0,10,9.23076923076923,9.01960784313725,40,27.5,28.4615384615385,25.5882352941176,0,0,0,0,40,22.5,23.8461538461538,21.078431372549,0,0,0,0,0,48.1510124504148,43.2741351066751,285.078857504513,0,115.470053837925,103.774904332554,98.9305559569984,0,11.5470053837925,10.3774904332554,10.0508511004361,0,14.4337567297406,12.9718630415693,14.2704960959151,0,0,0,0,0,20.2072594216369,18.160608258197,18.0641558200265,0,0,0,0,296.024506744584,597.944019269687,1871.53172667848,4873.06329364382,104.859919684659
"332",2025-02-22,4,"627",45.43039,-73.93795,3,2.8909072778762,2.55119266383771,2.08713934234844,2.79624883168214,4.06329539117604,4.41534109419027,3.97600774957332,4.92241594938836,118.3,118.3,118.3,118.3,355,355,355,355,20,20,20,20,15,15,15,15,0,0,0,0,5,5,5,5,0,0,0,0,0,0,0,0,0,0,0,0,0,0,0,0,0,0,0,0,0,0,0,0,0,0,0,0,0,0,0,0,0,0,0,0,47.3629400810045
"333",2025-02-22,4,"631",45.40714,-73.92828,3,5.32454113274903,7.53093030447856,8.16342758994255,8.71472938199534,5.55754089185088,6.63895970547566,6.8918360205717,7.55713166065901,686.5,943.35,963.107692307692,978.603921568627,175,177.5,177.692307692308,177.843137254902,0,0,0,0,0,0,0,0,5,2.5,2.30769230769231,2.15686274509804,0,0,0,0,0,0,0,0,0,296.584833282711,266.545841778165,256.950705747841,0,2.88675134594813,2.59437260831385,2.50098019999846,0,0,0,0,0,0,0,0,0,2.88675134594813,2.59437260831385,2.50098019999845,0,0,0,0,0,0,0,0,340.905627224736,650.951800486584,1787.43163557824,6558.53253224846,11.033420322209
"334",2025-02-22,3,"637",45.41074,-73.92072,3,6.25863393536649,8.56445115938224,7.18721758490996,6.21028378749148,6.03262925143164,8.5382154958474,7.79576608314791,7.03346871014128,1200.2,1237.55,1237.55,1110.08823529412,180,177.5,177.5,176.764705882353,0,2.5,2.5,2.05882352941176,0,0,0,0,0,0,0,1.17647058823529,0,0,0,0,0,0,0,0,0,43.1280651084651,39.0108026996719,239.570763364029,0,2.88675134594813,2.61116483933547,2.41319899961953,0,2.88675134594813,2.61116483933547,2.48525060873854,0,0,0,0,0,0,0,2.14201664188625,0,0,0,0,0,0,0,0,193.08341332076,618.030667326853,1736.94106334363,5332.15401232564,179.162514574383
"335",2025-02-22,4,"630",45.4074,-73.93326,3,7.56732703612104,6.94986237333656,6.86835264903943,7.01192717101025,6.87401141432082,6.77635787095784,6.72671797671613,7.16435441907072,201.7,160,160,213.491071428571,155,255,255,256.339285714286,0,10,10,10,40,27.5,27.5,25.3571428571429,0,0,0,0,40,22.5,22.5,20.3571428571429,0,0,0,0,0,58.9727055509581,43.0675748098265,240.377611479625,0,141.42135623731,103.279555898864,99.7063464353224,0,14.142135623731,10.3279555898864,10.0904995821903,0,17.6776695296637,12.9099444873581,13.6800167084276,0,0,0,0,0,24.7487373415292,18.0739222823013,17.8340109916964,0,0,0,0,298.271009141624,599.033788060897,1857.80334862994,4952.35941950881,90.8497232673973
"336",2025-02-23,4,"630",45.4072,-73.93261,3,3.96753943992769,5.41154989124573,7.44911549469535,7.51974073427829,4.8943158996632,5.99064999346285,6.77833353512294,7.30800039160067,201.7,201.7,187.8,340.316666666667,155,155,188.333333333333,225.833333333333,0,0,3.33333333333333,6.66666666666667,40,40,35.8333333333333,25,0,0,0,0,40,40,34.1666666666667,21.6666666666667,0,0,0,0,0,0,32.4634059715355,390.444566765005,0,0,77.8498944161523,92.7323610189121,0,0,7.78498944161523,9.52786134680662,0,0,9.73123680201904,15.9787092387392,0,0,0,0,0,0,13.6237315228267,18.603743998995,0,0,0,0,197.336024901336,398.245556706757,1801.65478554125,5754.28057895839,55.6900527206879
"337",2025-02-23,4,"620",45.40678,-73.93267,3,7.58235850166559,7.04796040132499,8.62985017359463,7.56502882921603,6.42693963074541,6.1940903345474,7.50467278389851,7.30536999618532,201.7,201.7,187.8,338.398039215686,155,155,188.333333333333,229.901960784314,0,0,3.33333333333333,7.05882352941176,40,40,35.8333333333333,24.1176470588235,0,0,0,0.0980392156862745,40,40,34.1666666666667,20.5882352941176,0,0,0,0,0,0,32.4634059715355,384.271910756015,0,0,77.8498944161523,93.7309457760799,0,0,7.78498944161523,9.65279599847812,0,0,9.73123680201904,15.9908061820829,0,0,0,0.700140042014005,0,0,13.6237315228267,18.5646723327811,0,0,0,0,198.148706931922,398.921969283937,1896.72564823204,6511.86694065874,8.9227728283462
"338",2025-02-23,4,"614",45.4077,-73.93325,3,5.81783237166815,6.94900087753175,6.21964566713618,6.54146898875524,5.94790336822483,6.67983848354009,6.61762471197516,6.7845994165342,201.7,160,163.207692307692,219.209615384615,155,255,247.307692307692,252.596153846154,0,10,9.23076923076923,9.61538461538461,40,27.5,28.4615384615385,25.6730769230769,0,0,0,0,40,22.5,23.8461538461538,20.8653846153846,0,0,0,0,0,48.1510124504148,43.2741351066751,248.483764617088,0,115.470053837925,103.774904332554,99.6636027364415,0,11.5470053837925,10.3774904332554,10.0900919099447,0,14.4337567297406,12.9718630415693,13.8276806128585,0,0,0,0,0,20.2072594216369,18.160608258197,17.92471056583,0,0,0,0,298.875604818328,599.34366310717,1846.93246908137,4802.21235450988,101.546302374555
"339",2025-02-23,3,"635",45.41041,-73.92077,3,10.0155256970789,7.8336929855492,5.97464226795694,6.27659150515011,10.6649105485212,8.54741541831385,7.57820036377086,7.11236051953043,1200.2,1237.55,1145.70833333333,1047.952,180,177.5,177.083333333333,176.8,0,2.5,2.08333333333333,1.5,0,0,0,0,0,0,0.833333333333333,1.7,0,0,0,0,0,0,0,0,0,43.1280651084651,217.43206445121,263.834340603403,0,2.88675134594813,2.57464325272219,2.42436610692531,0,2.88675134594813,2.57464325272219,2.31455024943138,0,0,0,0,0,0,1.94624736040381,2.39259060349203,0,0,0,0,0,0,0,0,195.061444067472,536.103881005488,1936.18755026481,4893.86317846717,175.98574348539
"340",2025-02-23,3,"637",45.41125,-73.92153,3,4.01076959615818,5.33325758793185,6.91953697588302,6.18107305845008,5.2957127939646,6.67873384080746,7.02616275692116,6.92478131104697,1200.2,1200.2,1211.69230769231,1190.66862745098,180,180,179.230769230769,177.549019607843,0,0,0.769230769230769,2.05882352941176,0,0,0,0,0,0,0,0.392156862745098,0,0,0,0,0,0,0,0,0,0,28.0523754650256,152.846292058651,0,0,1.87766904049703,2.52439082148701,0,0,1.87766904049703,2.48525060873854,0,0,0,0,0,0,0,1.35762191161677,0,0,0,0,0,0,0,0,0,0,939.405008650394,5642.20133321649,187.219126365582
"341",2025-02-28,4,"630",45.40736,-73.93329,3,8.36053440381454,7.05033606287776,6.9946883513717,7.03069518366203,7.1911435889441,6.74973898100847,6.75258062888232,7.19397909652299,201.7,160,160,215.221818181818,155,255,255,254.545454545455,0,10,10,9.81818181818182,40,27.5,27.5,25.5454545454545,0,0,0,0,40,22.5,22.5,20.6363636363636,0,0,0,0,0,48.1510124504148,43.0675748098265,242.240724082555,0,115.470053837925,103.279555898864,99.7091730580451,0,11.5470053837925,10.3279555898864,10.0904995821903,0,14.4337567297406,12.9099444873581,13.7326566470534,0,0,0,0,0,20.2072594216369,18.0739222823013,17.8744216548382,0,0,0,0,299.136801796146,599.471544247606,1846.51559018735,4939.60721797488,88.3637665096687
"342",2025-02-28,4,"620",45.4077,-73.93319,3,5.92249224698748,6.81560535909392,6.26499763246144,6.60432707699665,6.14509172422967,6.55293513575406,6.62540343080761,6.80377514415569,201.7,160,163.207692307692,242.401960784314,155,255,247.307692307692,247.156862745098,0,10,9.23076923076923,9.01960784313725,40,27.5,28.4615384615385,25.5882352941176,0,0,0,0,40,22.5,23.8461538461538,21.078431372549,0,0,0,0,0,48.1510124504148,43.2741351066751,285.078857504513,0,115.470053837925,103.774904332554,98.9305559569984,0,11.5470053837925,10.3774904332554,10.0508511004361,0,14.4337567297406,12.9718630415693,14.2704960959151,0,0,0,0,0,20.2072594216369,18.160608258197,18.0641558200265,0,0,0,0,295.79493258425,597.841173290471,1872.05378358323,4878.10623495458,105.938784016793
"343",2025-02-28,3,"617",45.41044,-73.9307,3,7.52349946794011,7.75202630489679,8.42483652278537,7.42770657622105,6.02622507310454,6.50833750946351,7.73972800845537,7.43241777565462,201.7,201.7,278.507692307692,454.638,155,155,156.923076923077,177.5,0,0,0,1.6,40,40,36.9230769230769,27.6,0,0,0,0,40,40,36.9230769230769,26.8,0,0,0,0,0,0,276.934072965446,446.984679868041,0,0,6.93375245281536,53.9864873493963,0,0,0,5.48095031235739,0,0,11.0940039245046,17.8497127399283,0,0,0,0,0,0,11.0940039245046,18.6197174401498,0,0,0,0,196.51473920797,483.991091924953,1192.86428903396,4608.85197944507,71.5746134383398
"344",2025-02-28,4,"631",45.41081,-73.9301,3,8.42895913026773,9.7295561253864,8.56109312084734,7.18899412615678,6.70156431253813,7.26692745923076,6.75307861999172,7.30530158431314,201.7,201.7,201.7,554.111764705882,155,155,155,163.823529411765,0,0,0,0,40,40,40,25.8823529411765,0,0,0,0,40,40,40,25.8823529411765,0,0,0,0,0,0,0,481.91584022402,0,0,0,12.0659949980977,0,0,0,0,0,0,0,19.3055919969562,0,0,0,0,0,0,0,19.3055919969562,0,0,0,0,0,248.878678662787,1617.38205019957,4365.9600771167,12.2465710885852
"345",2025-02-28,3,"635",45.41046,-73.92075,3,10.7771315883144,8.22037913114626,6.19766657949331,6.27541637705036,10.4172856982705,8.55939505303847,7.66058950193064,7.10298543758331,1200.2,1237.55,1149.9,1056.68076923077,180,177.5,177.307692307692,176.730769230769,0,2.5,1.92307692307692,1.63461538461538,0,0,0,0,0,0,0.769230769230769,1.63461538461538,0,0,0,0,0,0,0,0,0,43.1280651084651,208.723233812945,262.337465676247,0,2.88675134594813,2.59437260831385,2.40192230707631,0,2.88675134594813,2.53184841770917,2.36832733357836,0,0,0,0,0,0,1.87766904049703,2.36832733357835,0,0,0,0,0,0,0,0,193.03061316341,443.202188137199,1935.62642432968,4975.6069710349,175.009582697295
"346",2025-02-28,4,"614",45.40766,-73.93319,3,5.69618698977303,6.81023671456119,6.34230241437635,6.67278187518755,6.07497136634753,6.61916165726228,6.63828696180818,6.85676395714057,201.7,160,163.207692307692,242.401960784314,155,255,247.307692307692,247.156862745098,0,10,9.23076923076923,9.01960784313725,40,27.5,28.4615384615385,25.5882352941176,0,0,0,0,40,22.5,23.8461538461538,21.078431372549,0,0,0,0,0,48.1510124504148,43.2741351066751,285.078857504513,0,115.470053837925,103.774904332554,98.9305559569984,0,11.5470053837925,10.3774904332554,10.0508511004361,0,14.4337567297406,12.9718630415693,14.2704960959151,0,0,0,0,0,20.2072594216369,18.160608258197,18.0641558200265,0,0,0,0,294.861802154996,597.400547740325,1874.04111003358,4904.14503604337,104.483945551585
"347",2025-03-04,3,"635",45.41003,-73.92015,3,3.92980135792805,4.26589736967575,5.53039615456307,5.74119459819605,5.58064525638311,7.27918568885975,7.32818232851718,7.01970765955943,1274.9,980.7,970.028571428571,965.76,175,175,175.714285714286,176,5,2.5,1.78571428571429,1.5,0,0,0,0,0,2.5,2.5,2.5,0,0,0,0,0,0,0,0,0,339.712898391176,295.271696079212,283.303685043424,0,0,1.81568259800641,2.02030508910442,0,2.88675134594813,2.48622579049423,2.31455024943138,0,0,0,0,0,2.88675134594813,2.59437260831385,2.52538136138053,0,0,0,0,0,0,0,0,196.539159565635,414.449237942117,1275.51948731728,4069.17403714654,129.551623987783
"348",2025-03-04,3,"637",45.41059,-73.92069,3,9.14580768104489,8.5062693716902,6.87382044200233,6.22117235123745,8.92235095704448,8.57053313287836,7.80059858270047,7.05727157978998,1274.9,1237.55,1168.66875,1072.26785714286,175,177.5,177.1875,176.607142857143,5,2.5,2.1875,1.875,0,0,0,0,0,0,0.625,1.51785714285714,0,0,0,0,0,0,0,0,0,52.8208765546351,191.646983518308,258.904726672779,0,3.53553390593274,2.5617376914899,2.35625721260393,0,3.53553390593274,2.5617376914899,2.44252105229599,0,0,0,0,0,0,1.70782512765993,2.31980462679371,0,0,0,0,0,0,0,0,183.445303114689,455.72420306932,1902.53855617186,5121.49840278983,172.734673941537
"349",2025-03-04,4,"631",45.41011,-73.92921,3,5.75157756077427,7.2919435950256,7.96887933152237,8.30071069734732,5.85996624337501,6.91901952228041,7.19895185752052,7.4356907099012,201.7,950.575,892.969230769231,828.209803921569,155,173.75,172.307692307692,170.686274509804,0,0,0,0,40,10,12.3076923076923,14.9019607843137,0,0,0,0,40,10,12.3076923076923,14.9019607843137,0,0,0,0,0,499.25,479.663884723139,487.561908788987,0,12.5,12.0096115353815,12.2073587578615,0,0,0,0,0,20,19.2153784566105,19.5317740125784,0,0,0,0,0,20,19.2153784566105,19.5317740125784,0,0,0,0,339.433215762966,703.878881020301,1324.12292896106,5231.20459204612,22.0187350747129
"350",2025-03-04,3,"617",45.41165,-73.92908,3,4.01960785471492,5.51371450902362,8.31239235666048,8.17767601588483,4.44824831784871,5.52600860716021,6.87707994588542,7.19096004054104,1200.2,700.95,700.95,691.160784313726,180,167.5,167.5,167.254901960784,0,0,0,0,0,20,20,20.3921568627451,0,0,0,0,0,20,20,20.3921568627451,0,0,0,0,0,576.484243785841,521.449618415293,504.120847050955,0,14.4337567297406,13.0558241966773,12.621954107435,0,0,0,0,0,23.094010767585,20.8893187146837,20.195126571896,0,0,0,0,0,23.094010767585,20.8893187146837,20.195126571896,0,0,0,0,195.956217616494,397.890590638022,798.759272615165,4714.16036219583,29.9284942701096
"351",2025-03-04,4,"614",45.40745,-73.93325,3,7.05383578284438,7.1047757605059,6.7264512129598,6.98001726719645,6.66486767796361,6.77770843910593,6.68762512464468,7.13116995406323,201.7,160,160,217.016666666667,155,255,255,252.685185185185,0,10,10,9.62962962962963,40,27.5,27.5,25.7407407407407,0,0,0,0,40,22.5,22.5,20.9259259259259,0,0,0,0,0,48.1510124504148,43.0675748098265,244.145908083593,0,115.470053837925,103.279555898864,99.6773708870082,0,11.5470053837925,10.3279555898864,10.0869732848321,0,14.4337567297406,12.9099444873581,13.7843022355212,0,0,0,0,0,20.2072594216369,18.0739222823013,17.9115772109295,0,0,0,0,298.105255920792,598.948569092794,1859.88428226603,4941.13316793969,95.1125795996062
"352",2025-03-04,4,"630",45.40737,-73.93323,3,7.26322954501416,6.77724684861861,6.95245933411294,7.05948640344298,6.93685889158502,6.66831959757415,6.7131420436124,7.17934216818137,201.7,173.9,160,218.879245283019,155,221.666666666667,255,250.754716981132,0,6.66666666666667,10,9.43396226415094,40,31.6666666666667,27.5,25.9433962264151,0,0,0,0,40,28.3333333333333,22.5,21.2264150943396,0,0,0,0,0,48.1510124504148,43.0675748098265,246.094652177142,0,115.470053837925,103.279555898864,99.6069015334351,0,11.5470053837925,10.3279555898864,10.0795097445687,0,14.4337567297406,12.9099444873581,13.8347598660593,0,0,0,0,0,20.2072594216369,18.0739222823013,17.9450459302775,0,0,0,0,293.967825437553,596.909188880185,1871.00493788048,5032.45860743321,86.7832834695103
"353",2025-03-04,4,"620",45.40846,-73.93314,3,12.2333381715145,8.11364798001994,5.64004318055829,5.87494300890358,7.70765923600144,7.4204264756682,6.45112625784734,6.64586835109545,201.7,160,163.207692307692,239.13137254902,155,255,247.307692307692,255,0,10,9.23076923076923,9.80392156862745,40,27.5,28.4615384615385,24.6078431372549,0,0,0,0,40,22.5,23.8461538461538,19.7058823529412,0,0,0,0,0,48.1510124504148,43.2741351066751,286.022429533207,0,115.470053837925,103.774904332554,99.247166206396,0,11.5470053837925,10.3774904332554,10.097563285948,0,14.4337567297406,12.9718630415693,14.1011750310001,0,0,0,0,0,20.2072594216369,18.160608258197,17.9000492933925,0,0,0,0,298.229440388652,599.03396708141,1829.27148072837,4706.63128298312,21.8091542398063
"354",2025-03-06,4,"627",45.4302,-73.93821,3,4.6059754887103,3.21084084804222,2.62053831203055,3.00565549539251,5.13257796574046,4.83270451004987,4.09128451027563,4.97751998883441,118.3,118.3,118.3,118.3,355,355,355,355,20,20,20,20,15,15,15,15,0,0,0,0,5,5,5,5,0,0,0,0,0,0,0,0,0,0,0,0,0,0,0,0,0,0,0,0,0,0,0,0,0,0,0,0,0,0,0,0,0,0,0,0,18.1265078646734
"355",2025-03-07,4,"631",45.4102,-73.92924,3,6.96169548267746,7.98972867775104,7.95369335098069,8.2199690224684,5.91597740914933,6.89163019427703,7.13293317783759,7.39781850542397,201.7,700.95,843.592857142857,828.209803921569,155,167.5,171.071428571429,170.686274509804,0,0,0,0,40,20,14.2857142857143,14.9019607843137,0,0,0,0,40,20,14.2857142857143,14.9019607843137,0,0,0,0,0,576.484243785841,496.499290361699,487.561908788987,0,14.4337567297406,12.4311289524712,12.2073587578615,0,0,0,0,0,23.094010767585,19.8898063239539,19.5317740125784,0,0,0,0,0,23.094010767585,19.8898063239539,19.5317740125784,0,0,0,0,199.465397130196,695.982299652673,1341.88018637414,5220.40358088788,11.7793752776968
"356",2025-03-07,3,"635",45.41032,-73.92083,3,10.0693832782234,6.82167284222161,5.43700741985528,6.35216700916171,10.6929035570947,8.31402747276867,7.26904753581814,7.16435321692012,1200.2,1237.55,1110.38461538462,1029.32745098039,180,177.5,176.923076923077,176.764705882353,0,2.5,1.92307692307692,1.37254901960784,0,0,0,0,0,0,1.15384615384615,1.86274509803922,0,0,0,0,0,0,0,0,0,43.1280651084651,244.044920203071,268.436902886642,0,2.88675134594813,2.53184841770917,2.41319899961953,0,2.88675134594813,2.53184841770917,2.25353752410494,0,0,0,0,0,0,2.19264504826757,2.4414717515723,0,0,0,0,0,0,0,0,198.581313362807,673.748918887289,1917.02899461062,4623.26074430262,180.078289201155
"357",2025-03-07,3,"617",45.41065,-73.92922,3,8.0029565709238,9.04824788746339,9.02945587055983,8.01646144710488,6.18417261986346,6.47554670643647,6.88817360412664,7.26477592193127,201.7,534.533333333333,700.95,769.474509803922,155,163.333333333333,167.5,169.21568627451,0,0,0,0,40,26.6666666666667,20,17.2549019607843,0,0,0,0,40,26.6666666666667,20,17.2549019607843,0,0,0,0,0,576.484243785841,518.096209880277,499.445745939692,0,14.4337567297406,12.9718630415693,12.5049009999923,0,0,0,0,0,23.094010767585,20.7549808665108,20.0078415999876,0,0,0,0,0,23.094010767585,20.7549808665108,20.0078415999876,0,0,0,0,197.461185230088,398.725806700797,1253.73458063475,5176.77706612454,5.6100967191506
"358",2025-03-07,4,"630",45.40732,-73.93326,3,8.25108500668292,7.07443551960182,7.12818224003917,7.07621290142946,7.13767743349767,6.65955001313786,6.75529240061044,7.20524849629337,201.7,160,163.207692307692,217.305660377358,155,255,247.307692307692,254.528301886792,0,10,9.23076923076923,9.81132075471698,40,27.5,28.4615384615385,25.4716981132075,0,0,0,0,40,22.5,23.8461538461538,20.5660377358491,0,0,0,0,0,48.1510124504148,43.2741351066751,246.472961081468,0,115.470053837925,103.774904332554,99.6979291069518,0,11.5470053837925,10.3774904332554,10.0938987736568,0,14.4337567297406,12.9718630415693,13.772329803443,0,0,0,0,0,20.2072594216369,18.160608258197,17.8847909537709,0,0,0,0,297.117076511559,598.474009698525,1861.1673130748,5027.43486398312,83.3673771039507
"359",2025-03-07,4,"620",45.40754,-73.93323,3,6.08199782959666,6.95522173628824,6.49582425756587,6.91684360059148,6.1273136302423,6.59949825948922,6.61969549286763,7.06717204984646,201.7,160,163.207692307692,219.209615384615,155,255,247.307692307692,252.596153846154,0,10,9.23076923076923,9.61538461538462,40,27.5,28.4615384615385,25.6730769230769,0,0,0,0,40,22.5,23.8461538461538,20.8653846153846,0,0,0,0,0,48.1510124504148,43.2741351066751,248.483764617088,0,115.470053837925,103.774904332554,99.6636027364415,0,11.5470053837925,10.3774904332554,10.0900919099447,0,14.4337567297406,12.9718630415693,13.8276806128585,0,0,0,0,0,20.2072594216369,18.160608258197,17.92471056583,0,0,0,0,297.560063556158,598.710456669718,1864.20055355337,4928.69646163272,98.0970295832014
"360",2025-03-07,4,"614",45.40754,-73.93323,3,6.08199782959666,6.95522173628824,6.49582425756587,6.91684360059148,6.1273136302423,6.59949825948922,6.61969549286763,7.06717204984646,201.7,160,163.207692307692,219.209615384615,155,255,247.307692307692,252.596153846154,0,10,9.23076923076923,9.61538461538462,40,27.5,28.4615384615385,25.6730769230769,0,0,0,0,40,22.5,23.8461538461538,20.8653846153846,0,0,0,0,0,48.1510124504148,43.2741351066751,248.483764617088,0,115.470053837925,103.774904332554,99.6636027364415,0,11.5470053837925,10.3774904332554,10.0900919099447,0,14.4337567297406,12.9718630415693,13.8276806128585,0,0,0,0,0,20.2072594216369,18.160608258197,17.92471056583,0,0,0,0,297.560063556158,598.710456669718,1864.20055355337,4928.69646163272,98.0970295832014
"361",2025-03-09,3,"635",45.41099,-73.91974,3,9.4569346686244,9.98021994162677,9.144421149425,5.78411687601276,8.68300283447464,8.24850598934452,7.85390152239042,6.75351729327856,1274.9,1274.9,1274.9,1144.88039215686,175,175,175,175.980392156863,5,5,5,3.03921568627451,0,0,0,0,0,0,0,0.980392156862746,0,0,0,0,0,0,0,0,0,0,0,230.468500250779,0,0,0,2.00489596815826,0,0,0,2.46544749945097,0,0,0,0,0,0,0,2.00489596815826,0,0,0,0,0,0,0,0,181.312891738002,387.100434399638,1279.25046767717,6089.99303638417,123.958593623127
"362",2025-03-09,3,"637",45.41008,-73.92078,3,3.9799536916456,4.97413432085587,5.29225857959464,6.20474397380168,6.40997590378456,8.22036337903809,7.15053924899264,7.1463808829628,1200.2,962.025,980.346153846154,986.107843137255,180,176.25,176.538461538462,176.56862745098,0,1.25,1.15384615384615,1.17647058823529,0,0,0,0,0,2.5,2.30769230769231,2.25490196078431,0,0,0,0,0,0,0,0,0,319.60712731936,284.561377724223,275.636351625207,0,2.5,2.40192230707631,2.34311674451602,0,2.5,2.19264504826757,2.14201664188625,0,0,0,0,0,2.88675134594813,2.59437260831385,2.51271277510902,0,0,0,0,0,0,0,0,374.668970731845,727.731040304712,1666.28192792138,4312.51500362639,177.340979153835
"363",2025-03-09,3,"617",45.40998,-73.92992,3,4.11475626175777,5.30858987996042,6.2475554075924,8.45369583957016,4.98132724010895,6.92411819811431,6.85135223457831,7.66334082845518,1200.2,700.95,662.546153846154,700.95,180,167.5,166.538461538462,167.5,0,0,0,0,0,20,21.5384615384615,20,0,0,0,0,0,20,21.5384615384615,20,0,0,0,0,0,576.484243785841,518.096209880277,504.318657867691,0,14.4337567297406,12.9718630415693,12.6269068069026,0,0,0,0,0,23.094010767585,20.7549808665108,20.2030508910442,0,0,0,0,0,23.094010767585,20.7549808665108,20.2030508910442,0,0,0,0,198.60824245593,470.188004296921,1732.62421639263,5107.83208751977,42.1871949123388
"364",2025-03-09,4,"631",45.41087,-73.93014,3,9.36185002885955,9.852137312959,8.72136133617945,6.96262097470308,7.0114133650398,7.2699421518747,6.73513181212049,7.22007662421954,201.7,201.7,201.7,528.132692307692,155,155,155,163.173076923077,0,0,0,0,40,40,40,26.9230769230769,0,0,0,0,40,40,40,26.9230769230769,0,0,0,0,0,0,0,472.954968515597,0,0,0,11.8416366678918,0,0,0,0,0,0,0,18.9466186686268,0,0,0,0,0,0,0,18.9466186686268,0,0,0,0,0,283.315047669265,1409.71044814789,4266.44565238128,6.79492708238192
"365",2025-03-09,4,"620",45.40733,-73.93336,3,9.3523524156431,7.42429263881636,6.97284180524119,7.00182550991804,7.0852210435257,6.73599184896073,6.76980463136747,7.22178696657995,118.3,160,154.042857142857,196.8,355,255,269.285714285714,259.807692307692,20,10,11.4285714285714,10.3846153846154,15,27.5,25.7142857142857,25.4807692307692,0,0,0,0,5,22.5,20,20.2884615384615,0,0,0,0,0,48.1510124504148,42.8302860904922,206.775245038627,0,115.470053837925,102.710518202619,100.004713312754,0,11.5470053837925,10.2710518202619,10.0900919099447,0,14.4337567297406,12.8388147753274,13.3673444421806,0,0,0,0,0,20.2072594216369,17.9743406854583,17.7513728145857,0,0,0,0,292.999601095323,596.443386215406,1811.98129348189,4820.40762349908,86.1760631039251
"366",2025-03-09,4,"630",45.40718,-73.93246,3,4.73110873320304,6.05584944091086,7.26287668376694,7.67979658137517,5.04114392093249,6.29430737274975,6.62889026192461,7.33906732034367,201.7,201.7,189.785714285714,398.018,155,155,183.571428571429,216.5,0,0,2.85714285714286,5.6,40,40,36.4285714285714,24.2,0,0,0,0,40,40,35,21.4,0,0,0,0,0,0,30.2855857347469,431.829632264902,0,0,72.6273039202563,87.8034098171034,0,0,7.26273039202563,9.07114735222146,0,0,9.07841299003204,16.8232104000177,0,0,0,0,0,0,12.7097781860449,18.8722882901391,0,0,0,0,185.539567180118,394.488240543566,1749.66431529011,5841.32206122014,55.579853634126
"367",2025-03-09,4,"614",45.40654,-73.93433,3,6.72065189767719,6.54817030909106,7.96193851229576,6.7810817444196,6.47277830812069,6.83625250968363,7.38424196349977,7.22648796666611,118.3,118.3,118.3,149.064705882353,355,355,355,304.411764705882,20,20,20,14.9019607843137,15,15,15,20.5882352941176,0,0,0,0.0980392156862745,5,5,5,13.1372549019608,0,0,0,0,0,0,0,84.6224717755973,0,0,0,87.3936328277039,0,0,0,8.80285158789079,0,0,0,11.0746132584181,0,0,0,0.700140042014005,0,0,0,15.0652176988494,0,0,0,0,0,0,845.742653153589,4196.26362566247,64.8245714477756
"368",2025-03-11,4,"631",45.41003,-73.92987,3,4.89383349046224,6.07957728258658,6.17455121589325,8.43747491152359,5.2309049999146,7.164934687966,6.79725295120091,7.66351402069001,201.7,700.95,662.546153846154,700.95,155,167.5,166.538461538462,167.5,0,0,0,0,40,20,21.5384615384615,20,0,0,0,0,40,20,21.5384615384615,20,0,0,0,0,0,576.484243785841,518.096209880277,504.120847050955,0,14.4337567297406,12.9718630415693,12.621954107435,0,0,0,0,0,23.094010767585,20.7549808665108,20.195126571896,0,0,0,0,0,23.094010767585,20.7549808665108,20.195126571896,0,0,0,0,191.061514161307,519.178269404737,1753.79129654605,5112.20110230074,35.485798266441
"369",2025-03-11,4,"630",45.40722,-73.93321,3,7.69018820492653,7.04622644755886,7.44076909375412,7.14715944995134,7.25175691390104,6.50548472454724,6.95019975261863,7.22435242309782,201.7,160,163.207692307692,243.216,155,255,247.307692307692,249,0,10,9.23076923076923,9.2,40,27.5,28.4615384615385,25.3,0,0,0,0,40,22.5,23.8461538461538,20.7,0,0,0,0,0,48.1510124504148,43.2741351066751,287.913251079103,0,115.470053837925,103.774904332554,99.0464743523597,0,11.5470053837925,10.3774904332554,10.0691486781178,0,14.4337567297406,12.9718630415693,14.2646272940002,0,0,0,0,0,20.2072594216369,18.160608258197,18.0421841295134,0,0,0,0,283.256673097413,659.760573568534,1882.17862003939,5157.7682091308,72.046450309609
"370",2025-03-11,4,"620",45.40763,-73.93252,3,4.10917755746602,5.44633540389066,7.0965517653919,7.38522714868022,6.05866045196603,5.89384532514854,6.68828859997514,7.1412424375692,201.7,201.7,188.869230769231,368.057692307692,155,155,185.769230769231,221.346153846154,0,0,3.07692307692308,6.15384615384615,40,40,36.1538461538462,24.6153846153846,0,0,0,0,40,40,34.6153846153846,21.5384615384615,0,0,0,0,0,0,31.3195195954904,411.649422682178,0,0,75.1067616198811,90.4624035470276,0,0,7.51067616198811,9.3208276485674,0,0,9.38834520248513,16.3852562206942,0,0,0,0,0,0,13.1436832834792,18.7223904314882,0,0,0,0,197.316471433572,399.446511987994,1788.84560092728,5657.06430300458,103.906763521642
"371",2025-03-12,3,"617",45.41167,-73.9304,3,5.11298811940257,4.91567961164509,7.12556310390249,6.66472007634892,5.00118525855348,4.73377708997375,6.51635718526116,6.94994992693178,201.7,201.7,201.7,417.062745098039,155,155,155,160.392156862745,0,0,0,0,40,40,40,31.3725490196078,0,0,0,0,40,40,40,31.3725490196078,0,0,0,0,0,0,0,414.767116324708,0,0,0,10.3847550406787,0,0,0,0,0,0,0,16.6156080650859,0,0,0,0,0,0,0,16.6156080650859,0,0,0,0,194.091356199239,397.014440776661,798.330707470851,3980.17158742862,86.7881951282608
"372",2025-03-13,4,"627",45.4299,-73.93845,3,1.0601476409042,3.04008151024241,3.15591938262247,3.82164771723902,1.71516715345181,4.25529063985065,4.42681795385355,5.44537402075656,118.3,118.3,118.3,118.3,355,355,355,355,20,20,20,20,15,15,15,15,0,0,0,0,5,5,5,5,0,0,0,0,0,0,0,0,0,0,0,0,0,0,0,0,0,0,0,0,0,0,0,0,0,0,0,0,0,0,0,0,0,0,0,0,14.7284250700284
"373",2025-03-14,4,"631",45.41003,-73.92922,3,4.96826792079095,6.27295965329786,7.9567698641265,8.43571815068216,5.76894095853888,6.67461204178278,7.28486755290045,7.50664588898691,201.7,950.575,892.969230769231,820.77,155,173.75,172.307692307692,170.5,0,0,0,0,40,10,12.3076923076923,15.2,0,0,0,0,40,10,12.3076923076923,15.2,0,0,0,0,0,499.25,479.663884723139,489.578879950798,0,12.5,12.0096115353815,12.2578587869504,0,0,0,0,0,20,19.2153784566105,19.6125740591206,0,0,0,0,0,20,19.2153784566105,19.6125740591206,0,0,0,0,378.453833294879,693.213416490855,1300.96156168928,5228.4810813011,30.494405755111
"374",2025-03-16,4,"620",45.40784,-73.93469,3,3.18825347457542,2.89801087082529,4.07203027943956,4.69290227770993,4.78397262098191,4.24653174123604,5.17692798924108,6.11180223471628,118.3,118.3,118.3,133.463636363636,355,355,355,318.636363636364,20,20,20,16.3636363636364,15,15,15,19.5454545454545,0,0,0,0,5,5,5,11.3636363636364,0,0,0,0,0,0,0,32.4634059715355,0,0,0,77.8498944161523,0,0,0,7.78498944161523,0,0,0,9.73123680201904,0,0,0,0,0,0,0,13.6237315228267,0,0,0,0,0,0,0,2775.53559540414,55.2345226852513
"375",2025-03-16,4,"614",45.40639,-73.93341,3,11.2360506130539,11.5400200752257,9.67928484441161,7.37009986897691,8.85750280526909,8.49829700876661,8.48079486461048,7.28970735493043,118.3,160,156.792307692308,188.5625,355,255,262.692307692308,260.416666666667,20,10,10.7692307692308,10.4166666666667,15,27.5,26.5384615384615,24.4791666666667,0,0,0,0.3125,5,22.5,21.1538461538462,19.2708333333333,0,0,0,0,0,48.1510124504148,43.2741351066751,136.108343304227,0,115.470053837925,103.774904332554,99.7647943134108,0,11.5470053837925,10.3774904332554,10.0970468261729,0,14.4337567297406,12.9718630415693,13.7314510605016,0,0,0,1.2231151369752,0,20.2072594216369,18.160608258197,17.7449298522421,0,0,0,0,297.517436345097,598.723051615813,1757.70946901839,6084.39997571838,51.8443588740469
"376",2025-03-16,4,"631",45.41003,-73.92921,3,5.03369706215633,6.30588089856299,7.96441772752124,8.42589162811967,5.80680771726519,6.68957221182209,7.28463728582727,7.49822624394367,201.7,950.575,892.969230769231,828.209803921569,155,173.75,172.307692307692,170.686274509804,0,0,0,0,40,10,12.3076923076923,14.9019607843137,0,0,0,0,40,10,12.3076923076923,14.9019607843137,0,0,0,0,0,499.25,479.663884723139,487.561908788987,0,12.5,12.0096115353815,12.2073587578615,0,0,0,0,0,20,19.2153784566105,19.5317740125784,0,0,0,0,0,20,19.2153784566105,19.5317740125784,0,0,0,0,377.803558271596,693.11750710503,1305.22365249825,5231.15967105319,30.6446599887566
"377",2025-03-16,3,"617",45.41082,-73.9293,3,8.78214414720617,9.2108528398515,8.88940122650709,7.80082543786471,6.77777413655327,6.78043862688912,6.75227401062471,7.16700688254179,201.7,700.95,585.738461538462,710.739215686275,155,167.5,164.615384615385,167.745098039216,0,0,0,0,40,20,24.6153846153846,19.6078431372549,0,0,0,0,40,20,24.6153846153846,19.6078431372549,0,0,0,0,0,576.484243785841,505.610129016521,504.120847050955,0,14.4337567297406,12.6592420885458,12.621954107435,0,0,0,0,0,23.094010767585,20.2547873416733,20.195126571896,0,0,0,0,0,23.094010767585,20.2547873416733,20.195126571896,0,0,0,0,177.740813432196,389.337400388106,1026.65478858219,5084.14853805566,14.4141013421738
"378",2025-03-18,4,"627",45.43063,-73.9382,3,1.52933776979839,1.74766820553729,2.45757538477187,3.30762821726531,2.3083763150177,2.75192820980671,4.61510633953539,5.62639461059538,118.3,118.3,118.3,118.3,355,355,355,355,20,20,20,20,15,15,15,15,0,0,0,0,5,5,5,5,0,0,0,0,0,0,0,0,0,0,0,0,0,0,0,0,0,0,0,0,0,0,0,0,0,0,0,0,0,0,0,0,0,0,0,0,63.3157756055097
"379",2025-03-23,4,"620",45.40759,-73.93321,3,5.58927944092388,6.7641810501998,6.44776258061734,6.82319538032576,5.97541935440874,6.61922220516743,6.64687155898728,6.98804310004796,201.7,160,163.207692307692,243.216,155,255,247.307692307692,249,0,10,9.23076923076923,9.2,40,27.5,28.4615384615385,25.3,0,0,0,0,40,22.5,23.8461538461538,20.7,0,0,0,0,0,48.1510124504148,43.2741351066751,287.913251079103,0,115.470053837925,103.774904332554,99.0464743523597,0,11.5470053837925,10.3774904332554,10.0691486781178,0,14.4337567297406,12.9718630415693,14.2646272940002,0,0,0,0,0,20.2072594216369,18.160608258197,18.0421841295134,0,0,0,0,296.195089748898,598.025026702414,1869.85638704273,4927.39581435364,100.834143435153
"380",2025-03-25,4,"627",45.4304,-73.93798,3,2.73045854379012,2.52864257419643,2.13312537901667,2.83643367298914,3.90924731154328,4.34239285279658,4.05945768998543,4.98228606690864,118.3,118.3,118.3,118.3,355,355,355,355,20,20,20,20,15,15,15,15,0,0,0,0,5,5,5,5,0,0,0,0,0,0,0,0,0,0,0,0,0,0,0,0,0,0,0,0,0,0,0,0,0,0,0,0,0,0,0,0,0,0,0,0,46.7131273079477
"381",2025-03-26,4,"620",45.40777,-73.93313,3,7.28151719584725,6.4843901342385,6.06703192599652,6.57631496606882,6.69417144895829,6.32567140122045,6.610712718116,6.79300666616686,201.7,180.85,169.623076923077,241.619230769231,155,205,231.923076923077,245.384615384615,0,5,7.69230769230769,8.84615384615385,40,33.75,30.3846153846154,25.8653846153846,0,0,0,0,40,31.25,26.5384615384615,21.4423076923077,0,0,0,0,0,41.7,42.2312316073889,282.326557576722,0,100,101.273936708367,98.7859944518917,0,10,10.1273936708367,10.0301205501418,0,12.5,12.6592420885458,14.2705357308424,0,0,0,0,0,17.5,17.7229389239642,18.0776250625869,0,0,0,0,285.147343252255,592.715317212975,1888.86460803395,4913.98277913508,97.8849361600428
"382",2025-03-26,3,"617",45.41029,-73.92082,3,10.2006782356573,6.5279149434302,5.37962574215799,6.36012743612348,10.7889907521919,8.28403661049964,7.23800846752885,7.17693089552366,1200.2,1225.1,1110.38461538462,1029.32745098039,180,178.333333333333,176.923076923077,176.764705882353,0,1.66666666666667,1.92307692307692,1.37254901960784,0,0,0,0,0,0,1.15384615384615,1.86274509803922,0,0,0,0,0,0,0,0,0,43.1280651084651,244.044920203071,268.436902886642,0,2.88675134594813,2.53184841770917,2.41319899961953,0,2.88675134594813,2.53184841770917,2.25353752410494,0,0,0,0,0,0,2.19264504826757,2.4414717515723,0,0,0,0,0,0,0,0,198.189735958409,692.106701558454,1909.16699397657,4531.81805357342,179.22382847832
"383",2025-03-28,3,"617",45.41142,-73.93047,3,5.07188567959692,6.48485599078854,7.42800671097023,6.58995831017088,5.00756438544096,5.91836574770258,6.62458963091758,7.07261608918755,201.7,201.7,201.7,411.196428571429,155,155,155,171.071428571429,0,0,0,1.07142857142857,40,40,40,30.0892857142857,0,0,0,0,40,40,40,29.5535714285714,0,0,0,0,0,0,0,416.197581559653,0,0,0,45.3342564204466,0,0,0,4.54415565857406,0,0,0,16.8277657845212,0,0,0,0,0,0,0,17.4584385877454,0,0,0,0,197.451917130128,398.667460437925,799.249311419519,3939.73295898638,63.0110232475905
"384",2025-03-28,4,"631",45.41028,-73.92927,3,7.303158898109,8.18738435767326,7.99076358885995,8.15517995437661,6.46126955371291,6.85648258259127,7.07354981378551,7.38255865701111,201.7,534.533333333333,816.161538461538,816.161538461539,155,163.333333333333,170.384615384615,170.384615384615,0,0,0,0,40,26.6666666666667,15.3846153846154,15.3846153846154,0,0,0,0,40,26.6666666666667,15.3846153846154,15.3846153846154,0,0,0,0,0,576.484243785841,505.610129016521,490.513874662891,0,14.4337567297406,12.6592420885458,12.2812687697269,0,0,0,0,0,23.094010767585,20.2547873416733,19.650030031563,0,0,0,0,0,23.094010767585,20.2547873416733,19.650030031563,0,0,0,0,197.892158019741,660.899228322608,1350.63939516246,5206.14004087397,2.71798063380493
"385",2025-03-28,4,"620",45.40766,-73.93327,3,5.64238279754418,7.02242182336631,6.28764733578138,6.60630287980805,5.82692511195744,6.68395480311833,6.63009334614623,6.84417441063335,201.7,160,163.207692307692,219.552941176471,155,255,247.307692307692,254.509803921569,0,10,9.23076923076923,9.80392156862745,40,27.5,28.4615384615385,25.3921568627451,0,0,0,0,40,22.5,23.8461538461538,20.4901960784314,0,0,0,0,0,48.1510124504148,43.2741351066751,250.94384419861,0,115.470053837925,103.774904332554,99.6857808414058,0,11.5470053837925,10.3774904332554,10.097563285948,0,14.4337567297406,12.9718630415693,13.8145987004655,0,0,0,0,0,20.2072594216369,18.160608258197,17.8956671281286,0,0,0,0,298.096800105538,598.943899632653,1839.86664210486,4796.97810275789,98.54708442333
"386",2025-04-01,4,"620",45.40758,-73.93253,3,3.50582477274348,5.17421945009075,7.0137832892287,7.43141803076064,5.10205860950635,5.74619164412914,6.59586531637894,7.18854256504875,201.7,201.7,187.8,371.319607843137,155,155,188.333333333333,222.647058823529,0,0,3.33333333333333,6.27450980392157,40,40,35.8333333333333,24.3137254901961,0,0,0,0,40,40,34.1666666666667,21.1764705882353,0,0,0,0,0,0,32.4634059715355,415.066261707505,0,0,77.8498944161523,90.8699782171013,0,0,7.78498944161523,9.3724669780641,0,0,9.73123680201904,16.4018172116122,0,0,0,0,0,0,13.6237315228267,18.724001583372,0,0,0,0,197.226824149987,399.292600128029,1790.13631093135,5680.77507208585,98.3001574484127
"387",2025-04-04,4,"631",45.4101,-73.92917,3,5.72053940945299,7.25950336177044,7.972252341263,8.27672216733754,5.85642761460065,6.99420759116325,7.19866420748455,7.42212888313119,201.7,950.575,892.969230769231,847.788235294118,155,173.75,172.307692307692,171.176470588235,0,0,0,0,40,10,12.3076923076923,14.1176470588235,0,0,0,0,40,10,12.3076923076923,14.1176470588235,0,0,0,0,0,499.25,479.663884723139,481.91584022402,0,12.5,12.0096115353815,12.0659949980977,0,0,0,0,0,20,19.2153784566105,19.3055919969562,0,0,0,0,0,20,19.2153784566105,19.3055919969562,0,0,0,0,340.968547647249,702.077885827641,1395.59448037016,5241.20396712721,24.123879861217
"388",2025-04-04,3,"617",45.41067,-73.92924,3,7.89738891150255,9.11097543213137,9.00299595625021,8.00071811225064,6.07432372676314,6.56097926349833,6.86155342957744,7.25989426498622,201.7,534.533333333333,662.546153846154,758.555769230769,155,163.333333333333,166.538461538462,168.942307692308,0,0,0,0,40,26.6666666666667,21.5384615384615,17.6923076923077,0,0,0,0,40,26.6666666666667,21.5384615384615,17.6923076923077,0,0,0,0,0,576.484243785841,518.096209880277,500.75376846583,0,14.4337567297406,12.9718630415693,12.5376506876773,0,0,0,0,0,23.094010767585,20.7549808665108,20.0602411002836,0,0,0,0,0,23.094010767585,20.7549808665108,20.0602411002836,0,0,0,0,195.254013631145,397.626256927971,1238.09550610485,5166.00282070215,3.42378336955162
"389",2025-04-05,4,"627",45.42971,-73.9389,3,4.50286067668906,3.15740318356602,2.77471778903162,5.3110587312471,3.21390848320518,3.21844367315705,3.93596751323704,6.2722410392852,118.3,118.3,118.3,118.3,355,355,355,355,20,20,20,20,15,15,15,15,0,0,0,0,5,5,5,5,0,0,0,0,0,0,0,0,0,0,0,0,0,0,0,0,0,0,0,0,0,0,0,0,0,0,0,0,0,0,0,0,0,0,0,0,53.9017409778224
"390",2025-04-06,4,"620",45.4075,-73.93327,3,6.74145245041688,7.20709523033769,6.5360888539997,6.90056370266184,6.37425505231628,6.7472700661484,6.62163892831389,7.0864570604409,201.7,160,163.207692307692,219.209615384615,155,255,247.307692307692,252.596153846154,0,10,9.23076923076923,9.61538461538462,40,27.5,28.4615384615385,25.6730769230769,0,0,0,0,40,22.5,23.8461538461538,20.8653846153846,0,0,0,0,0,48.1510124504148,43.2741351066751,248.483764617088,0,115.470053837925,103.774904332554,99.6636027364415,0,11.5470053837925,10.3774904332554,10.0900919099447,0,14.4337567297406,12.9718630415693,13.8276806128585,0,0,0,0,0,20.2072594216369,18.160608258197,17.92471056583,0,0,0,0,299.121438345013,599.466774541557,1849.08466298853,4891.12018191271,94.2444533946682
"391",2025-04-06,3,"617",45.41149,-73.92899,3,4.7529275431895,5.10775540284047,8.33990937824193,8.12444162943793,4.80112224397127,5.16789698516528,6.91299055963121,7.12317013173134,1200.2,700.95,739.353846153846,769.474509803922,180,167.5,168.461538461538,169.21568627451,0,0,0,0,0,20,18.4615384615385,17.2549019607843,0,0,0,0,0,20,18.4615384615385,17.2549019607843,0,0,0,0,0,576.484243785841,518.096209880277,499.445745939692,0,14.4337567297406,12.9718630415693,12.5049009999923,0,0,0,0,0,23.094010767585,20.7549808665108,20.0078415999876,0,0,0,0,0,23.094010767585,20.7549808665108,20.0078415999876,0,0,0,0,194.576071259041,397.367850142347,798.71014332199,4978.7083020794,46.6706462800675
"392",2025-04-06,4,"631",45.41008,-73.92919,3,5.32760035694707,6.96876355762056,7.96086898641213,8.33081757249985,5.79896865634425,6.90524492025605,7.22228194754995,7.45217411442313,201.7,950.575,892.969230769231,835.363461538462,155,173.75,172.307692307692,170.865384615385,0,0,0,0,40,10,12.3076923076923,14.6153846153846,0,0,0,0,40,10,12.3076923076923,14.6153846153846,0,0,0,0,0,499.25,479.663884723139,485.506534771089,0,12.5,12.0096115353815,12.1558972150999,0,0,0,0,0,20,19.2153784566105,19.4494355441598,0,0,0,0,0,20,19.2153784566105,19.4494355441598,0,0,0,0,363.686946168148,701.14646620382,1326.75872867372,5236.58708168242,25.6652882120451
"393",2025-04-08,4,"627",45.43146,-73.93868,3,8.20692281970796,7.55895998035827,4.39750753229125,5.54606158872928,5.57654379696887,8.53012815332209,7.0199235980007,8.09297026769889,118.3,118.3,118.3,118.3,355,355,355,355,20,20,20,20,15,15,15,15,0,0,0,0,5,5,5,5,0,0,0,0,0,0,0,0,0,0,0,0,0,0,0,0,0,0,0,0,0,0,0,0,0,0,0,0,0,0,0,0,0,0,0,0,156.578981161879
"394",2025-04-09,4,"631",45.41007,-73.92924,3,5.04354404272438,6.77559687285209,7.92473103196802,8.39443265502995,5.67809171635739,6.82292614640217,7.24477398746302,7.49238691169836,201.7,950.575,892.969230769231,828.209803921569,155,173.75,172.307692307692,170.686274509804,0,0,0,0,40,10,12.3076923076923,14.9019607843137,0,0,0,0,40,10,12.3076923076923,14.9019607843137,0,0,0,0,0,499.25,479.663884723139,487.561908788987,0,12.5,12.0096115353815,12.2073587578615,0,0,0,0,0,20,19.2153784566105,19.5317740125784,0,0,0,0,0,20,19.2153784566105,19.5317740125784,0,0,0,0,372.390474889712,700.767541695481,1312.31228598655,5222.98869090056,25.8519713222694
"395",2025-04-13,4,"627",45.43099,-73.93861,3,7.7923912414801,5.05306450564445,3.38932088504428,4.60098933021974,7.04448301462659,6.30577725919936,5.97152804215276,7.05612878838405,118.3,118.3,118.3,118.3,355,355,355,355,20,20,20,20,15,15,15,15,0,0,0,0,5,5,5,5,0,0,0,0,0,0,0,0,0,0,0,0,0,0,0,0,0,0,0,0,0,0,0,0,0,0,0,0,0,0,0,0,0,0,0,0,104.22074854514
"396",2025-04-15,4,"631",45.41002,-73.92924,3,4.90078368538812,6.08455867128536,7.94654988472856,8.47136355878253,5.79281256528765,6.59231430095743,7.30228858759555,7.52977820393291,201.7,950.575,914.914285714286,820.77,155,173.75,172.857142857143,170.5,0,0,0,0,40,10,11.4285714285714,15.2,0,0,0,0,40,10,11.4285714285714,15.2,0,0,0,0,0,499.25,468.104020092088,489.578879950798,0,12.5,11.7201807734624,12.2578587869504,0,0,0,0,0,20,18.7522892375398,19.6125740591206,0,0,0,0,0,20,18.7522892375398,19.6125740591206,0,0,0,0,379.543257287188,691.066887529592,1296.4709539959,5222.53970260319,31.3544927741425
"397",2025-04-17,4,"627",45.43005,-73.93933,3,2.41814455854782,2.1478607779416,2.72240738420188,6.36729876350591,2.72426420752903,2.75211845776295,3.3503605444021,7.33437969296743,118.3,118.3,118.3,118.3,355,355,355,355,20,20,20,20,15,15,15,15,0,0,0,0,5,5,5,5,0,0,0,0,0,0,0,0,0,0,0,0,0,0,0,0,0,0,0,0,0,0,0,0,0,0,0,0,0,0,0,0,0,0,0,0,75.1748574703036
"398",2025-04-18,4,"631",45.41005,-73.92921,3,4.97825174885785,6.56630132492666,7.95062954471613,8.39508676609821,5.70513691203873,6.79102460592586,7.25720121361608,7.48423534827608,201.7,950.575,892.969230769231,828.209803921569,155,173.75,172.307692307692,170.686274509804,0,0,0,0,40,10,12.3076923076923,14.9019607843137,0,0,0,0,40,10,12.3076923076923,14.9019607843137,0,0,0,0,0,499.25,479.663884723139,487.561908788987,0,12.5,12.0096115353815,12.2073587578615,0,0,0,0,0,20,19.2153784566105,19.5317740125784,0,0,0,0,0,20,19.2153784566105,19.5317740125784,0,0,0,0,375.551723166513,697.175957255188,1308.05058048707,5231.312295204,28.4730468589939
"399",2025-04-18,3,"637",45.4109,-73.92205,3,4.71757256577418,6.2406122291415,7.1308037953453,6.70092898499957,6.07545047251065,7.14503506234785,6.95826364616527,7.09836969367885,1200.2,1200.2,1200.2,1139.84423076923,180,180,180,177.980769230769,0,0,0,1.25,0,0,0,0,0,0,0,0.769230769230769,0,0,0,0,0,0,0,0,0,0,0,197.742955962355,0,0,0,2.47727225553719,0,0,0,2.18618658048802,0,0,0,0,0,0,0,1.82160653739327,0,0,0,0,0,0,0,0,0,0,655.216333438514,5795.06444327325,162.704119487661
"400",2025-04-19,4,"627",45.43123,-73.93845,3,7.26143414758352,5.43080708644825,3.35920988453929,4.60899219783411,7.10543499198647,6.72827330858876,6.10622948254813,7.15855585999156,118.3,118.3,118.3,118.3,355,355,355,355,20,20,20,20,15,15,15,15,0,0,0,0,5,5,5,5,0,0,0,0,0,0,0,0,0,0,0,0,0,0,0,0,0,0,0,0,0,0,0,0,0,0,0,0,0,0,0,0,0,0,0,0,129.119187142577
"401",2025-04-19,3,"617",45.42939,-73.93853,3,3.75925535817707,2.86385858731238,3.92623208963675,5.10411361540031,4.04274810128996,3.87944148338497,4.75019224319088,6.17562294868264,118.3,118.3,118.3,118.3,355,355,355,355,20,20,20,20,15,15,15,15,0,0,0,0,5,5,5,5,0,0,0,0,0,0,0,0,0,0,0,0,0,0,0,0,0,0,0,0,0,0,0,0,0,0,0,0,0,0,0,0,0,0,0,0,71.1065828536479
"402",2025-04-22,4,"631",45.41008,-73.92916,3,5.40765032539796,7.06039828875403,7.96455057218666,8.29966640193959,5.76531403413941,6.97932912846449,7.22174628747295,7.43098810270238,201.7,950.575,892.969230769231,854.565384615384,155,173.75,172.307692307692,171.346153846154,0,0,0,0,40,10,12.3076923076923,13.8461538461539,0,0,0,0,40,10,12.3076923076923,13.8461538461539,0,0,0,0,0,499.25,479.663884723139,479.663884723138,0,12.5,12.0096115353815,12.0096115353815,0,0,0,0,0,20,19.2153784566105,19.2153784566105,0,0,0,0,0,20,19.2153784566105,19.2153784566105,0,0,0,0,355.723919805811,699.979079459098,1408.09018879907,5243.57185994043,26.4757329324548
"403",2025-04-22,4,"627",45.43076,-73.93818,3,1.8552666252915,1.70708336444666,2.41364515424859,3.4069077622371,2.42469903229233,2.67377767243027,4.66310823821398,5.73987009989441,118.3,118.3,118.3,118.3,355,355,355,355,20,20,20,20,15,15,15,15,0,0,0,0,5,5,5,5,0,0,0,0,0,0,0,0,0,0,0,0,0,0,0,0,0,0,0,0,0,0,0,0,0,0,0,0,0,0,0,0,0,0,0,0,77.8075335951494
"404",2025-04-24,4,"631",45.41016,-73.92916,3,6.63599082297712,7.92841629507701,7.9552274216858,8.18912207216522,5.83243248681853,7.07769912467511,7.12521457923019,7.37046036383171,201.7,867.366666666667,888.16875,842.247169811321,155,171.666666666667,172.1875,171.037735849057,0,0,0,0,40,13.3333333333333,12.5,14.3396226415094,0,0,0,0,40,13.3333333333333,12.5,14.3396226415094,0,0,0,0,0,576.484243785841,477.995483547352,483.420119725377,0,14.4337567297406,11.9678388469542,12.1036584808557,0,0,0,0,0,23.094010767585,19.1485421551268,19.3658535693691,0,0,0,0,0,23.094010767585,19.1485421551268,19.3658535693691,0,0,0,0,230.917854850158,699.964767500103,1399.65136867969,5242.71529958589,18.5862391919337
"405",2025-04-24,3,"637",45.41065,-73.9222,3,7.2580140341081,7.00123998497712,6.70850985184383,6.48223911574565,7.33958551652267,7.67903196843225,6.89874973455559,7.04642347060341,1200.2,1200.2,1163.50714285714,1103.025,180,180,179.642857142857,178.173076923077,0,0,0,0.769230769230769,0,0,0,0,0,0,0.357142857142857,1.05769230769231,0,0,0,0,0,0,0,0,0,0,137.292099970412,219.463263150234,0,0,1.33630620956212,2.43117944301997,0,0,0,1.82160653739327,0,0,0,0,0,0,1.33630620956212,2.06191859578063,0,0,0,0,0,0,0,0,0,0,952.939640303405,6701.05870996032,133.188072323581
"406",2025-05-08,4,"623",45.40746,-73.92532,3,7.8256238654628,6.54685160777307,6.8145249777732,7.18135753362934,8.63931277693049,6.80862879408609,6.62222325133235,7.05071534177482,686.5,686.5,686.5,746.935294117647,175,175,175,175.588235294118,0,0,0,0,0,0,0,0,5,5,5,4.41176470588235,0,0,0,0,0,0,0,0,0,0,0,167.155764272166,0,0,0,1.62697843363992,0,0,0,0,0,0,0,0,0,0,0,1.62697843363992,0,0,0,0,0,0,0,0,194.347891157595,492.605253353235,1285.68854552849,7489.71918522257,131.014482127302
"407",2025-05-14,4,"623",45.4072,-73.92538,3,9.54161892791877,6.00527227993165,6.29582877756278,7.25915470431825,8.67045817936142,6.52578364747458,6.37022063477736,7.08310656068072,686.5,686.5,686.5,727.596,175,175,175,175.4,0,0,0,0,0,0,0,0,5,5,5,4.6,0,0,0,0,0,0,0,0,0,0,0,140.7782087729,0,0,0,1.37023757808935,0,0,0,0,0,0,0,0,0,0,0,1.37023757808935,0,0,0,0,0,0,0,0,0,365.365057191596,2013.17559592192,7557.08731176837,104.194622726852
