bird.num,motusTagID,dos,tspre,tspost,tsmax.dt,meanpre,meanpost,varpre,varpost,cpt,batch,postfilter,time,Dates,sunrise.UTC,cpt.sr,postfiltercol,postfilterlntyp
5,77881,206,9.7,0,14:15.9,1.175642904,0.654383809,0.235338763,0.136146818,15:14.4,6,bad,6.25,2024-05-28,2024-05-28 9:14,-179.1605617,red,2
5,77881,217,9.7,0,08:55.8,0.248686448,0.488909613,0.008750051,0.09154575,18:38.0,6,good,6.3,2024-06-08,2024-06-08 9:09,-170.40024,black,1
5,77881,225,9.7,9.7,08:00.9,0.493800913,0.382568455,0.115111164,0.056527402,24:01.3,6,bad,6.4,2024-06-16,2024-06-16 9:08,-163.9955467,red,2
5,77881,221,0,9.7,08:04.2,0.277847223,0.473982015,0.041555882,0.091348524,46:32.7,6,good,6.766666667,2024-06-12,2024-06-12 9:08,-141.67147,black,1
5,77881,176,0,9.7,23:06.0,0.990582642,0.597488269,0.266159875,0.091306185,53:47.4,6,bad,6.883333333,2024-04-28,2024-04-28 9:49,-175.34379,red,2
5,77881,241,9.7,9.7,08:37.7,0.344118764,0.412101942,0.03579058,0.067779046,57:56.8,6,good,6.95,2024-07-02,2024-07-02 9:13,-135.236315,black,1
5,77881,226,9.7,9.7,08:00.1,0.500240267,0.384642996,0.087187936,0.052031865,00:03.4,6,bad,7,2024-06-17,2024-06-17 9:08,-128.009935,red,2
5,77881,219,9.7,0,08:25.1,0.40684549,0.514602404,0.073889551,0.085746905,06:07.9,6,good,7.1,2024-06-10,2024-06-10 9:08,-122.4190917,black,1
5,77881,267,9.7,9.7,36:48.8,0.342803488,0.439836559,0.043013604,0.075069133,08:11.3,6,good,7.133333333,2024-07-28,2024-07-28 9:36,-148.7447967,black,1
5,77881,268,9.7,9.7,38:02.4,0.351927314,0.588808028,0.048368299,0.104445836,09:24.9,6,good,7.15,2024-07-29,2024-07-29 9:38,-148.6509467,black,1
5,77881,245,9.7,9.7,15:47.9,0.518527957,0.66459946,0.110207206,0.103368406,12:04.0,6,bad,7.2,2024-07-06,2024-07-06 9:15,-123.7494933,red,2
5,77881,213,0,9.7,10:26.7,0.618108617,0.559526757,0.102219426,0.098212437,20:46.0,6,bad,7.333333333,2024-06-04,2024-06-04 9:10,-109.682885,red,2
5,77881,252,9.7,9.7,21:28.5,0.558954251,0.417334529,0.0962984,0.064229942,27:07.2,6,bad,7.45,2024-07-13,2024-07-13 9:21,-114.3635117,red,2
5,77881,231,9.7,9.7,08:48.7,0.402681206,0.522816435,0.058259021,0.092172922,34:10.6,6,good,7.566666667,2024-06-22,2024-06-22 9:08,-94.706185,black,1
5,77881,237,9.7,9.7,10:59.8,0.6156923,0.429142986,0.103412068,0.074017995,36:50.7,6,bad,7.6,2024-06-28,2024-06-28 9:11,-94.20434,red,2
5,77881,228,9.7,9.7,08:12.3,0.324454564,0.423588709,0.058913101,0.098018857,39:23.4,6,good,7.65,2024-06-19,2024-06-19 9:08,-88.893905,black,1
5,77881,263,9.7,9.7,32:23.3,0.436734203,0.499725607,0.056278282,0.088262159,42:14.2,6,good,7.7,2024-07-24,2024-07-24 9:32,-110.23068,black,1
5,77881,229,9.7,9.7,08:18.0,0.273771652,0.40392765,0.01699566,0.086824038,44:58.8,6,good,7.733333333,2024-06-20,2024-06-20 9:08,-83.46985,black,1
5,77881,218,9.7,9.7,08:45.3,0.427116532,0.524019754,0.064261359,0.09420846,49:28.0,6,good,7.816666667,2024-06-09,2024-06-09 9:08,-79.29991,black,1
5,77881,262,9.7,9.7,31:19.4,0.383385223,0.464567019,0.05522865,0.082329819,56:21.9,6,good,7.933333333,2024-07-23,2024-07-23 9:31,-95.01845333,black,1
5,77881,272,9.7,9.7,49:20.6,0.393781967,0.607685371,0.060565268,0.119114105,13:19.6,6,good,8.216666667,2024-08-02,2024-08-02 9:42,-89.39061167,black,1
8,77874,215,9.7,9.7,11:49.8,0.568936168,0.621236544,0.103353126,0.112469267,17:55.3,5,good,8.283333333,2024-06-01,2024-06-01 9:11,-54.01156833,black,1
8,77874,224,9.7,0,08:31.6,0.615771225,0.559649346,0.099434792,0.087055937,22:22.8,5,bad,8.366666667,2024-06-10,2024-06-10 9:08,-46.17073167,red,2
8,77874,257,9.7,0,21:19.7,0.545214751,0.605305391,0.107915059,0.093547242,24:40.9,5,bad,8.4,2024-07-13,2024-07-13 9:21,-56.80161,red,2
7,90363,113,9.7,0,24:22.4,0.64762034,1.284833814,0.120654802,0.648124542,31:20.6,12,good,8.516666667,2025-03-07,2025-03-07 11:24,-173.0567,black,1
5,77881,211,0,0,11:17.0,0.593410944,0.498395034,0.104241103,0.099354728,33:42.1,6,bad,8.55,2024-06-02,2024-06-02 9:11,-37.69897166,red,2
5,77881,212,0,9.7,10:47.0,0.588519208,0.53014013,0.099119346,0.095658477,36:06.6,6,bad,8.6,2024-06-03,2024-06-03 9:10,-34.80589667,red,2
2,90345,153,9.7,4335.4,31:00.4,0.600229178,1.216642153,0.074034315,0.791062104,43:26.1,11,good,8.716666667,2025-04-04,2025-04-04 10:31,-107.8146,black,1
5,77881,265,9.7,9.7,34:40.9,0.440093759,0.376765804,0.069131577,0.045858656,46:36.0,6,bad,8.766666667,2024-07-26,2024-07-26 9:34,-48.08302333,red,2
1,68906,173,65.69,51.09,35:49.7,0.741477815,1.144763375,0.084192469,0.504695514,49:27.9,1,good,8.816666667,2023-04-02,2023-04-02 10:35,-106.467735,black,1
8,77874,238,0,9.7,09:25.8,0.627109524,0.650886857,0.086924672,0.105210498,48:59.5,5,good,8.816666667,2024-06-24,2024-06-24 9:09,-20.475275,black,1
5,77881,204,9.7,0,15:45.3,0.531456294,0.577164958,0.085515987,0.122925308,49:19.6,6,good,8.816666667,2024-05-26,2024-05-26 9:15,-26.54049,black,1
5,77881,205,0,9.7,15:05.4,0.494914369,0.664526962,0.083809998,0.126379029,49:57.4,6,good,8.816666667,2024-05-27,2024-05-27 9:15,-25.16054167,black,1
5,77881,202,9.7,9.7,17:24.2,0.525693496,0.607371959,0.094983903,0.142999912,52:54.9,6,good,8.866666667,2024-05-24,2024-05-24 9:17,-24.551165,black,1
8,77874,207,9.7,9.7,17:21.3,0.634771239,0.707537446,0.099929058,0.142881619,53:21.2,5,good,8.883333333,2024-05-24,2024-05-24 9:17,-24.11293667,black,1
5,77881,244,9.7,9.7,15:03.4,0.446072049,0.491590542,0.090978515,0.126828942,53:58.2,6,good,8.883333333,2024-07-05,2024-07-05 9:15,-21.14690667,black,1
4,68909,18,218.97,8364.76,37:56.7,0.711386243,1.101428651,0.079751967,0.377893596,55:42.7,1,good,8.916666667,2022-10-31,2022-10-31 11:34,-159.05533,black,1
1,68911,154,7.3,7.3,14:30.2,0.849379389,0.703841135,0.123154399,0.103195038,55:45.2,2,bad,8.916666667,2023-03-19,2023-03-19 11:02,-126.9307417,red,2
8,77874,209,9.7,9.7,15:51.2,0.57615207,0.635978645,0.084397624,0.119539554,57:40.2,5,good,8.95,2024-05-26,2024-05-26 9:15,-18.19584333,black,1
5,77881,207,9.7,9.7,13:36.2,0.397788905,0.486793982,0.09498814,0.137225778,57:31.2,6,good,8.95,2024-05-29,2024-05-29 9:13,-16.212515,black,1
5,77881,188,0,9.7,09:10.3,0.646086464,0.946885574,0.091975027,0.249253341,59:33.3,6,good,8.983333333,2024-05-10,2024-05-10 9:32,-32.67801,black,1
5,77881,271,9.7,0,41:23.9,0.561897342,0.59978766,0.09656023,0.130599812,59:56.7,6,good,8.983333333,2024-08-01,2024-08-01 9:41,-41.604685,black,1
5,77881,189,0,9.7,18:32.1,0.546725655,1.47569086,0.090821786,0.878954251,02:27.1,6,good,9.033333333,2024-05-11,2024-05-11 9:30,-28.53119333,black,1
5,77881,185,0,9.7,33:37.2,0.544154278,1.201811042,0.078696422,0.422960839,04:36.3,6,good,9.066666667,2024-05-07,2024-05-07 9:36,-31.52795,black,1
5,77881,194,0,9.7,25:05.8,0.568330814,1.344224781,0.123479979,0.634321912,04:29.2,6,good,9.066666667,2024-05-16,2024-05-16 9:25,-20.67946333,black,1
5,68910,161,7.3,0,54:58.7,0.240405458,0.276728647,0.018705273,0.038880667,05:55.8,1,good,9.083333333,2023-03-23,2023-03-23 10:55,-109.0866933,black,1
5,77881,197,9.7,19.4,15:21.8,0.70030359,1.481882442,0.099148387,0.744912475,05:06.0,6,good,9.083333333,2024-05-19,2024-05-19 9:22,-16.93394334,black,1
3,68913,165,7.3,0,30:15.2,0.760281952,0.696342061,0.138674367,0.098073421,07:36.3,2,bad,9.116666667,2023-04-05,2023-04-05 10:30,-82.67882,red,2
5,77881,191,9.7,9.7,28:31.8,0.74355038,0.983976002,0.115486999,0.477813125,07:35.9,6,good,9.116666667,2024-05-13,2024-05-13 9:28,-20.96831167,black,1
5,77881,195,0,9.7,40:08.7,0.483811833,1.099608213,0.063588634,0.319504722,07:13.4,6,good,9.116666667,2024-05-17,2024-05-17 9:24,-16.87647167,black,1
5,77881,196,9.7,9.7,17:09.1,0.748032718,1.391018556,0.131800693,0.716743969,07:22.4,6,good,9.116666667,2024-05-18,2024-05-18 9:23,-15.67623,black,1
5,77881,215,9.7,0,09:36.5,0.577572779,0.510092446,0.118735854,0.099102188,08:14.1,6,bad,9.133333333,2024-06-06,2024-06-06 9:09,-1.431093335,red,2
2,68907,159,7.3,7.3,08:22.4,0.535413182,0.534188608,0.077475353,0.129636114,09:49.9,1,bad,9.15,2023-03-16,2023-03-16 11:08,-118.568815,red,2
5,77881,183,0,9.7,37:31.6,0.592215057,1.286386595,0.094737896,0.582978779,11:44.7,6,good,9.183333333,2024-05-05,2024-05-05 9:38,-27.10524167,black,1
9,77895,2,9.7,9.7,09:55.1,0.695009817,0.78508283,0.10211661,0.180480129,13:18.0,7,good,9.216666667,2023-10-13,2023-10-13 11:09,-116.6324933,black,1
5,77881,210,0,9.7,11:47.0,0.463006232,0.53911084,0.088699382,0.114452332,14:17.4,6,good,9.233333333,2024-06-01,2024-06-01 9:11,2.356908333,black,1
5,77881,181,9.7,0,40:47.1,0.604482396,1.356049504,0.104828608,0.663247813,16:46.9,6,good,9.266666667,2024-05-03,2024-05-03 9:41,-24.90102,black,1
5,68925,5,7.3,0,03:01.3,0.633027295,0.847612512,0.10113589,0.191627977,18:42.0,4,good,9.3,2022-11-13,2022-11-13 11:53,-154.4171417,black,1
5,68915,153,7.3,3759.04,46:49.5,0.557641636,1.179735417,0.05736119,0.495124166,21:01.0,2,good,9.35,2023-03-27,2023-03-27 10:47,-86.33359667,black,1
5,77881,186,0,9.7,24:33.3,0.718102227,1.470348436,0.129460532,0.731426481,22:51.6,6,good,9.366666667,2024-05-08,2024-05-08 9:34,-11.940105,black,1
5,77881,174,0,9.7,19:26.1,0.542806342,0.948791955,0.085401195,0.325689393,23:20.5,6,good,9.383333333,2024-04-26,2024-04-26 9:52,-28.9243,black,1
5,77881,175,9.7,940.81,13:36.2,0.61116157,0.859302792,0.098429771,0.226838556,24:56.8,6,good,9.4,2024-04-27,2024-04-27 9:50,-25.73729167,black,1
3,77869,12,0,9.7,47:04.2,0.465549448,0.378535617,0.081217848,0.041242243,25:42.7,5,bad,9.416666667,2023-11-09,2023-11-09 11:47,-141.4050367,red,2
5,77881,177,0,9.7,22:34.4,0.569467227,0.764240092,0.078894247,0.146350557,26:22.4,6,good,9.433333333,2024-04-29,2024-04-29 9:47,-21.226075,black,1
9,90343,160,9.7,940.77,20:09.9,0.662057534,1.201500136,0.096842459,0.700877105,26:54.7,10,good,9.433333333,2025-04-08,2025-04-08 10:23,-56.90483,black,1
8,77904,5,0,0,28:42.6,0.375790676,0.345310505,0.052329264,0.045030737,28:22.4,8,bad,9.466666667,2023-10-27,2023-10-27 11:28,-120.4432383,red,2
5,68925,156,0,7.3,01:52.8,0.655470718,1.171912167,0.10717973,0.551757897,29:57.3,4,good,9.483333333,2023-04-13,2023-04-13 10:15,-45.64553167,black,1
5,77881,180,0,9.7,02:00.2,0.608181183,1.123086463,0.089432166,0.336679196,30:51.6,6,good,9.5,2024-05-02,2024-05-02 9:43,-12.27390667,black,1
7,90363,25,9.7,0,40:45.5,0.751141069,0.62347675,0.18942489,0.098802352,30:46.0,12,bad,9.5,2024-12-09,2024-12-09 12:25,-174.7158617,red,2
5,77881,173,0,9.7,07:17.8,0.533386947,1.02044441,0.080430962,0.49472686,31:26.3,6,good,9.516666667,2024-04-25,2024-04-25 9:53,-22.412285,black,1
1,68906,185,0,7.3,07:22.7,0.652743268,1.237257508,0.100710129,0.610389968,32:54.4,1,good,9.533333333,2023-04-14,2023-04-14 10:13,-40.892545,black,1
1,68906,188,0,7.3,07:15.2,0.696291714,1.207872163,0.098238412,0.741964094,32:47.2,1,good,9.533333333,2023-04-17,2023-04-17 10:08,-35.72937333,black,1
1,68906,189,7.3,7.3,06:43.2,0.655606417,1.313767572,0.093183964,0.724822189,33:57.4,1,good,9.55,2023-04-18,2023-04-18 10:06,-32.80952,black,1
5,68925,157,7.3,0,41:45.6,0.545953195,1.255230925,0.086587334,0.645949647,33:58.5,4,good,9.55,2023-04-14,2023-04-14 10:13,-39.82561667,black,1
5,68925,158,7.3,0,00:37.9,0.648648953,1.067330963,0.124588708,0.649432269,33:43.7,4,good,9.55,2023-04-15,2023-04-15 10:12,-38.30528,black,1
5,77881,165,0,9.7,15:04.2,0.52630892,1.152683518,0.077002426,0.544635291,33:41.2,6,good,9.55,2024-04-17,2024-04-17 10:07,-33.529495,black,1
2,68917,172,0,7.3,10:12.4,0.634012499,1.527559072,0.095512577,0.942875577,35:36.8,3,good,9.583333333,2023-04-16,2023-04-16 10:10,-34.65398167,black,1
2,68917,173,0,7.3,08:29.6,0.577067874,1.218802886,0.095748697,0.811636449,35:50.8,3,good,9.583333333,2023-04-17,2023-04-17 10:08,-32.67057833,black,1
5,68925,159,0,7.3,24:13.1,0.603892387,1.530714994,0.101357221,0.858595035,35:58.3,4,good,9.583333333,2023-04-16,2023-04-16 10:10,-34.29455,black,1
5,68925,161,7.3,7.3,03:56.7,0.510190439,1.385973049,0.073500335,0.817327059,35:51.3,4,good,9.583333333,2023-04-18,2023-04-18 10:06,-30.91118833,black,1
1,68906,182,7.3,7.3,17:56.8,0.649967881,1.057622976,0.102268069,0.486026467,36:18.2,1,good,9.6,2023-04-11,2023-04-11 10:19,-42.89734833,black,1
1,68906,184,7.3,87.59,13:51.9,0.672493269,1.325097844,0.086034167,0.776967737,35:59.2,1,good,9.6,2023-04-13,2023-04-13 10:15,-39.61265333,black,1
2,68917,171,0,7.3,11:04.1,0.589950707,1.429184076,0.09924611,0.876716753,36:13.9,3,good,9.6,2023-04-15,2023-04-15 10:12,-35.80226167,black,1
5,77881,166,0,9.7,05:26.2,0.709215672,1.36622246,0.126341957,0.678320366,36:54.4,6,good,9.6,2024-04-18,2024-04-18 10:05,-28.59348667,black,1
7,90363,150,0,9.7,14:39.1,0.63898182,1.254195942,0.093463321,0.896850283,36:25.9,12,good,9.6,2025-04-13,2025-04-13 10:14,-38.301185,black,1
1,68906,186,0,7.3,11:57.7,0.747887205,1.33332385,0.119837903,0.696740156,37:22.2,1,good,9.616666667,2023-04-15,2023-04-15 10:12,-34.66408,black,1
5,77881,179,19.4,38.8,40:09.9,0.630843635,0.984363178,0.094665131,0.209272724,38:08.8,6,good,9.633333333,2024-05-01,2024-05-01 9:44,-6.453588335,black,1
3,68913,46,0,7.3,28:33.1,0.958013099,0.614477397,0.198628644,0.086059869,39:02.4,2,bad,9.65,2022-12-07,2022-12-07 12:23,-164.060555,red,2
3,68913,173,7.3,7.3,15:28.7,0.643950468,0.590926938,0.084441658,0.071227142,39:18.3,2,bad,9.65,2023-04-13,2023-04-13 10:15,-36.29538833,red,2
5,77881,171,0,9.7,15:13.0,0.5860824,0.967921621,0.065037963,0.520444899,39:13.4,6,good,9.65,2024-04-23,2024-04-23 9:57,-17.8762,black,1
2,90345,161,0,9.7,16:29.2,0.668345594,1.20984871,0.087764302,0.733477007,39:13.9,11,good,9.65,2025-04-12,2025-04-12 10:16,-37.302305,black,1
2,90345,162,9.7,0,14:30.4,0.64698832,1.07943446,0.088649537,0.658912657,39:01.8,11,good,9.65,2025-04-13,2025-04-13 10:14,-35.70380167,black,1
1,68906,33,0,7.3,43:41.2,0.6806973,0.946867529,0.096537081,0.186831378,40:41.4,1,good,9.666666667,2022-11-13,2022-11-13 11:53,-132.426965,black,1
5,68920,36,0,7.3,28:33.2,0.658714331,0.476301414,0.103616332,0.072571319,40:51.9,3,bad,9.666666667,2022-12-07,2022-12-07 12:23,-162.2344717,red,2
5,68925,155,0,7.3,17:19.6,0.598835504,1.51321265,0.142075552,0.896968227,40:53.4,4,good,9.666666667,2023-04-12,2023-04-12 10:17,-36.51064,black,1
1,68906,178,7.3,518.22,15:40.7,0.742994431,1.200907611,0.092017726,0.454144421,41:12.7,1,good,9.683333333,2023-04-07,2023-04-07 10:26,-45.33840167,black,1
2,68917,18,7.3,0,32:28.4,0.486856358,0.7741074,0.094904479,0.145460173,41:45.3,3,good,9.683333333,2022-11-13,2022-11-13 11:53,-131.3613917,black,1
2,68917,169,0,7.3,15:35.3,0.687591502,1.325967593,0.0999611,0.955310645,41:28.9,3,good,9.683333333,2023-04-13,2023-04-13 10:15,-34.11828333,black,1
8,77874,213,0,0,13:00.5,0.57218966,0.499024842,0.093323056,0.094391672,41:42.2,5,bad,9.683333333,2024-05-30,2024-05-30 9:13,28.60314333,red,2
8,77874,220,0,9.7,09:36.0,0.630159964,0.569505546,0.098566598,0.094773476,41:51.2,5,bad,9.683333333,2024-06-06,2024-06-06 9:09,32.18602333,red,2
2,68907,36,0,5.55,49:23.8,0.469345191,0.796177163,0.113263823,0.137229551,42:20.9,1,good,9.7,2022-11-13,2022-11-13 11:53,-130.76813,black,1
2,68917,174,0,7.3,06:39.5,0.620572756,1.30051614,0.11877168,0.869698813,42:31.6,3,good,9.7,2023-04-18,2023-04-18 10:06,-24.240325,black,1
4,68919,14,7.3,0,16:24.8,0.384528852,0.764199662,0.070381173,0.257467298,42:13.0,3,good,9.7,2022-11-13,2022-11-13 11:53,-130.89974,black,1
2,90345,154,0,9.7,29:11.7,0.6244971,1.115059382,0.110170412,0.684841471,42:33.9,11,good,9.7,2025-04-05,2025-04-05 10:29,-46.81898834,black,1
2,90345,159,9.7,9.7,20:07.2,0.629467307,1.297155832,0.081906164,0.839270232,42:03.4,11,good,9.7,2025-04-10,2025-04-10 10:20,-38.09384333,black,1
1,68906,181,153.28,7.3,21:02.0,0.660083657,1.214080699,0.083068137,0.678790606,43:09.2,1,good,9.716666667,2023-04-10,2023-04-10 10:21,-37.879515,black,1
3,68913,111,0,7.3,06:37.0,0.51391116,0.829278819,0.073098097,0.251609018,43:23.2,2,good,9.716666667,2023-02-10,2023-02-10 12:06,-143.34608,black,1
2,68917,65,0,0,38:25.5,0.616997854,0.379884855,0.173035614,0.085525596,43:40.9,3,bad,9.716666667,2022-12-30,2022-12-30 12:36,-173.0022467,red,2
5,68925,153,0,0,20:58.0,0.555682547,1.329674643,0.103894695,0.725107693,43:12.0,4,good,9.716666667,2023-04-10,2023-04-10 10:21,-37.83338333,black,1
1,68906,167,7.3,1547.37,44:49.9,0.796801782,1.260550332,0.112922261,0.660165701,44:41.8,1,good,9.733333333,2023-03-27,2023-03-27 10:47,-62.65321167,black,1
1,68906,179,0,7.3,22:04.9,0.452968528,1.44872471,0.065816344,0.823819874,44:19.7,1,good,9.733333333,2023-04-08,2023-04-08 10:24,-40.37110167,black,1
2,68912,167,7.3,7.3,24:39.3,0.725386068,1.51259909,0.119167617,0.730074189,46:08.2,2,good,9.766666667,2023-04-08,2023-04-08 10:24,-38.56256333,black,1
2,68917,42,0,0,28:33.9,0.532586243,0.590782941,0.102100416,0.162151382,46:21.1,3,good,9.766666667,2022-12-07,2022-12-07 12:23,-156.747695,black,1
2,68917,168,0,58.39,17:18.1,0.671145921,1.364148038,0.101588489,0.812066135,46:21.5,3,good,9.766666667,2023-04-12,2023-04-12 10:17,-31.04189167,black,1
5,68925,154,0,7.3,19:08.3,0.496831053,1.416189754,0.094753756,0.786962798,46:51.3,4,good,9.766666667,2023-04-11,2023-04-11 10:19,-32.34502833,black,1
5,77881,178,0,9.7,53:02.0,0.80679361,1.313385115,0.160860533,0.552050151,47:32.2,6,good,9.783333333,2024-04-30,2024-04-30 9:46,1.453260001,black,1
9,77895,183,9.7,19.4,38:02.3,0.667670908,1.268453938,0.093367029,0.872657901,47:00.8,7,good,9.783333333,2024-04-11,2024-04-11 10:17,-30.853495,black,1
9,90343,162,19.4,9.7,20:00.9,0.606505495,1.202757086,0.075820601,0.71870271,47:36.9,10,good,9.783333333,2025-04-10,2025-04-10 10:20,-32.53459833,black,1
2,90345,158,0,9.7,21:46.3,0.544368611,1.272743786,0.071963586,0.839316476,47:25.4,11,good,9.783333333,2025-04-09,2025-04-09 10:21,-34.55983833,black,1
10,90353,74,164.88,9.7,07:13.4,0.881426331,0.570972678,0.178972624,0.097024744,47:00.4,11,bad,9.783333333,2025-01-25,2025-01-25 12:25,-158.226855,red,2
7,90363,144,0,9.7,25:38.1,0.545832726,1.150931462,0.098263799,0.814799354,47:05.6,12,good,9.783333333,2025-04-07,2025-04-07 10:25,-38.57294166,black,1
7,90363,147,0,9.7,20:03.8,0.65005122,1.381760636,0.086161404,0.96267277,47:20.4,12,good,9.783333333,2025-04-10,2025-04-10 10:20,-32.80974667,black,1
2,68912,166,116.79,14.6,26:04.6,0.747813999,1.181532265,0.09635914,0.507105121,48:19.0,2,good,9.8,2023-04-07,2023-04-07 10:26,-38.23368167,black,1
1,68916,20,14.6,7.3,55:45.2,0.344428879,0.481212364,0.025056306,0.06279283,48:06.1,3,good,9.8,2022-11-15,2022-11-15 11:55,-127.79869,black,1
2,90345,145,9.7,9.7,46:20.0,0.768301723,1.319566099,0.111526507,0.822575203,48:22.9,11,good,9.8,2025-03-27,2025-03-27 10:46,-58.05093167,black,1
2,90345,156,9.7,0,25:33.6,0.559242931,1.238220985,0.086139396,0.796177468,48:08.6,11,good,9.8,2025-04-07,2025-04-07 10:25,-37.52394167,black,1
5,68910,36,14.6,7.3,52:59.0,0.653673936,0.490680438,0.135944314,0.045951026,49:42.0,1,bad,9.816666667,2022-11-18,2022-11-18 12:00,-130.3333367,red,2
2,68912,68,0,7.3,38:24.2,0.431272738,0.320884056,0.093770063,0.069397803,49:15.3,2,bad,9.816666667,2022-12-30,2022-12-30 12:36,-167.4276117,red,2
3,90326,34,9.7,0,17:02.8,0.526597835,0.407685665,0.107697683,0.070142246,49:39.6,9,bad,9.816666667,2024-11-25,2024-11-25 12:09,-140.2402417,red,2
4,68919,46,7.3,51.09,30:02.0,0.440825915,1.426721563,0.079080305,0.753870673,50:59.7,3,good,9.85,2022-12-15,2022-12-15 12:30,-159.0888517,black,1
5,77881,158,9.7,0,17:20.9,0.592167412,1.341742613,0.114320801,0.542495404,51:53.4,6,good,9.85,2024-04-10,2024-04-10 10:19,-27.792515,black,1
5,77901,5,9.7,0,42:58.0,0.642958575,0.811222087,0.076275367,0.192572852,51:58.5,8,good,9.85,2023-10-23,2023-10-23 11:23,-91.34126667,black,1
2,90345,151,9.7,0,34:57.8,0.517392082,1.089527595,0.056065664,0.65019087,51:04.8,11,good,9.85,2025-04-02,2025-04-02 10:35,-43.93622833,black,1
2,68917,166,0,7.3,20:58.4,0.754198754,1.212444424,0.104989629,0.725727793,52:13.1,3,good,9.866666667,2023-04-10,2023-04-10 10:21,-28.81487667,black,1
2,68907,160,0,7.3,35:33.2,0.421707096,0.45852896,0.041704927,0.051424179,53:17.4,1,good,9.883333333,2023-03-17,2023-03-17 11:06,-73.20960333,black,1
8,77874,269,0,0,33:27.5,0.578450143,0.633541359,0.084084719,0.106332867,53:16.2,5,good,9.883333333,2024-07-25,2024-07-25 9:33,19.70284667,black,1
5,77881,156,0,9.7,21:05.7,0.541843281,1.032821971,0.089121573,0.316657777,53:12.7,6,good,9.883333333,2024-04-08,2024-04-08 10:23,-30.121155,black,1
5,77881,161,9.7,9.7,59:52.4,0.623945503,1.248620008,0.070500864,0.524359713,53:27.8,6,good,9.883333333,2024-04-13,2024-04-13 10:14,-20.80357833,black,1
10,77886,153,9.7,9.7,14:04.2,0.515490517,0.999032062,0.049630482,0.382245265,53:57.1,6,good,9.883333333,2024-04-11,2024-04-11 10:17,-23.91549833,black,1
8,77874,230,0,0,07:53.7,0.607356012,0.558006235,0.102939176,0.093195709,54:12.6,5,bad,9.9,2024-06-16,2024-06-16 9:08,46.193905,red,2
2,90345,155,0,9.7,27:22.6,0.652194449,1.262308436,0.087254499,0.738804565,54:38.9,11,good,9.9,2025-04-06,2025-04-06 10:27,-32.86866,black,1
2,90345,157,9.7,0,23:44.8,0.639146586,1.247415818,0.095368449,0.752540263,54:05.3,11,good,9.9,2025-04-08,2025-04-08 10:23,-29.72751333,black,1
5,77881,155,0,9.7,24:59.3,0.52648173,1.307839855,0.072385261,0.779440978,55:48.8,6,good,9.916666667,2024-04-07,2024-04-07 10:25,-29.37057,black,1
10,77886,152,9.7,9.7,04:54.3,0.436220574,1.28432813,0.036895198,0.532686255,55:37.0,6,good,9.916666667,2024-04-10,2024-04-10 10:19,-24.06605167,black,1
2,90335,163,9.7,0,16:53.1,0.440232721,0.727253853,0.111155718,0.316107931,55:52.3,10,good,9.916666667,2025-04-05,2025-04-05 10:29,-33.51111833,black,1
7,90363,143,0,9.7,26:21.7,0.625881565,1.225856873,0.091523465,0.786406176,55:15.4,12,good,9.916666667,2025-04-06,2025-04-06 10:27,-32.26080166,black,1
7,90363,145,9.7,0,57:45.2,0.655949663,1.273389607,0.086989331,0.788783665,55:25.2,12,good,9.916666667,2025-04-08,2025-04-08 10:23,-28.39707,black,1
5,77881,264,9.7,9.7,33:27.3,0.61465788,0.493038732,0.107066175,0.08663227,56:49.2,6,bad,9.933333333,2024-07-25,2024-07-25 9:33,23.253555,red,2
9,90343,164,0,9.7,16:28.2,0.639847566,1.043144737,0.120914051,0.648793161,56:21.3,10,good,9.933333333,2025-04-12,2025-04-12 10:16,-20.178265,black,1
5,68915,162,7.3,7.3,11:21.5,0.69331188,1.187224673,0.07958351,0.337511861,57:48.6,2,good,9.95,2023-04-05,2023-04-05 10:30,-32.47361166,black,1
5,77881,256,9.7,9.7,25:05.5,0.602183497,0.509758065,0.098172365,0.094276398,57:11.1,6,bad,9.95,2024-07-17,2024-07-17 9:25,31.96901667,red,2
10,77886,151,9.7,9.7,32:18.2,0.460245134,1.158100463,0.055327398,0.413655606,57:46.1,6,good,9.95,2024-04-09,2024-04-09 10:21,-23.73141,black,1
2,90345,160,9.7,0,18:18.3,0.640423655,1.24612816,0.08334428,0.771343637,57:22.5,11,good,9.95,2025-04-11,2025-04-11 10:18,-20.957505,black,1
5,77881,246,9.7,9.7,16:32.4,0.515372426,0.394290646,0.102803114,0.06715654,58:00.6,6,bad,9.966666667,2024-07-07,2024-07-07 9:16,41.460155,red,2
5,77881,258,9.7,9.7,27:03.6,0.455767107,0.398150459,0.093133159,0.0639254,58:20.8,6,bad,9.966666667,2024-07-19,2024-07-19 9:27,31.13012,red,2
2,90335,165,0,9.7,25:37.5,0.401176784,1.573809959,0.070509547,0.864836048,58:05.2,10,good,9.966666667,2025-04-07,2025-04-07 10:25,-27.57922167,black,1
2,68912,140,0,7.3,15:55.6,0.439071017,1.26384324,0.067828939,0.707739728,59:34.6,2,good,9.983333333,2023-03-12,2023-03-12 11:15,-76.40636333,black,1
3,90326,10,0,0,03:05.8,0.463986897,0.66563969,0.080787067,0.20905861,59:14.8,9,good,9.983333333,2024-11-01,2024-11-01 11:36,-97.602805,black,1
1,68906,80,7.3,0,38:26.3,0.579945513,0.492230744,0.097943758,0.072712295,00:21.7,1,bad,10,2022-12-30,2022-12-30 12:36,-156.3216367,red,2
1,68906,172,7.3,0,37:41.8,0.600645411,1.692181312,0.088473793,0.819218708,00:11.4,1,good,10,2023-04-01,2023-04-01 10:37,-37.627245,black,1
1,68906,174,7.3,0,33:59.1,0.667984216,1.463568067,0.096286667,0.90361811,00:06.1,1,good,10,2023-04-03,2023-04-03 10:34,-33.93186,black,1
9,77895,179,9.7,9.7,25:09.8,0.661979926,1.410679409,0.080292864,0.821530959,00:30.9,7,good,10,2024-04-07,2024-04-07 10:25,-24.66882833,black,1
2,68912,159,0,7.3,39:26.9,0.546702628,1.21131176,0.084240883,0.596974988,01:48.0,2,good,10.01666667,2023-03-31,2023-03-31 10:39,-37.91684666,black,1
2,90335,162,9.7,0,40:44.3,0.428202707,1.209757646,0.089547252,0.781264238,01:31.7,10,good,10.01666667,2025-04-04,2025-04-04 10:31,-29.72164333,black,1
5,77881,150,0,9.7,29:45.0,0.561986855,0.8700048,0.084119215,0.261523228,02:21.1,6,good,10.03333333,2024-04-02,2024-04-02 10:34,-32.18126833,black,1
9,90343,158,9.7,9.7,21:17.0,0.543170601,1.261529208,0.080912063,0.60552599,02:18.0,10,good,10.03333333,2025-04-06,2025-04-06 10:27,-25.216745,black,1
2,68912,161,0,7.3,35:54.5,0.649367536,1.107338288,0.113904789,0.602751389,03:07.5,2,good,10.05,2023-04-02,2023-04-02 10:35,-32.80806667,black,1
1,68921,113,7.3,14.6,45:47.1,0.756683061,0.671196537,0.118474566,0.089783648,03:47.8,4,bad,10.05,2023-02-23,2023-02-23 11:46,-102.7197833,red,2
5,68925,141,0,7.3,43:29.2,0.43546909,1.059269294,0.053405411,0.670901494,03:03.2,4,good,10.05,2023-03-29,2023-03-29 10:43,-40.47996667,black,1
5,77881,149,9.7,9.7,36:23.5,0.530832899,1.254737402,0.080663985,0.771316276,03:00.8,6,good,10.05,2024-04-01,2024-04-01 10:36,-33.403705,black,1
7,90363,148,9.7,0,18:12.3,0.8037531,1.411929329,0.220088925,1.017632794,03:06.1,12,good,10.05,2025-04-11,2025-04-11 10:18,-15.231645,black,1
5,77881,222,9.7,9.7,08:03.4,0.446010715,0.495948029,0.086220373,0.100796163,04:13.9,6,good,10.06666667,2024-06-13,2024-06-13 9:08,56.114815,black,1
9,90343,157,0,9.7,29:16.8,0.541858701,1.362000988,0.095865172,0.753371839,04:57.7,10,good,10.06666667,2025-04-05,2025-04-05 10:29,-24.42175333,black,1
1,68906,169,14.6,7.3,43:31.4,0.669037651,1.295358742,0.096256728,0.751839589,05:46.4,1,good,10.08333333,2023-03-29,2023-03-29 10:43,-37.760295,black,1
5,68915,154,29.2,445.25,45:21.5,0.534778674,1.377229635,0.052145305,1.031966793,05:02.8,2,good,10.08333333,2023-03-28,2023-03-28 10:45,-40.386165,black,1
5,77881,154,9.7,0,07:03.6,0.563078342,1.242956963,0.082690378,0.581607673,05:41.3,6,good,10.08333333,2024-04-06,2024-04-06 10:27,-21.34563333,black,1
2,90345,152,9.7,9.7,32:59.2,0.602889507,1.133318715,0.080836404,0.644883412,05:35.5,11,good,10.08333333,2025-04-03,2025-04-03 10:33,-27.54104167,black,1
4,68909,23,14.6,14.6,41:45.6,0.618642277,1.147743874,0.09131547,0.416266226,06:42.9,1,good,10.1,2022-11-05,2022-11-05 11:41,-95.11912833,black,1
2,68917,156,0,7.3,39:41.2,0.565340911,1.249320498,0.082959741,0.919577212,06:25.8,3,good,10.1,2023-03-31,2023-03-31 10:39,-33.285905,black,1
5,68925,143,0,7.3,38:53.6,0.456409076,1.451285969,0.06722406,1.001566437,06:58.4,4,good,10.1,2023-03-31,2023-03-31 10:39,-32.74404833,black,1
1,68916,15,7.3,0,48:51.2,0.735173846,0.570259743,0.250332123,0.080377094,07:58.1,3,bad,10.11666667,2022-11-10,2022-11-10 11:48,-100.9318417,red,2
5,77881,227,9.7,9.7,08:06.6,0.396678584,0.367305446,0.066483753,0.040950784,07:33.5,6,bad,10.11666667,2024-06-18,2024-06-18 9:08,59.40801667,red,2
1,68906,171,0,7.3,39:41.0,0.640684958,1.314095753,0.095653389,0.63988288,08:51.5,1,good,10.13333333,2023-03-31,2023-03-31 10:39,-30.858615,black,1
1,68916,5,0.1,7.2,59:33.8,0.511206309,0.742328456,0.057241605,0.195233874,08:02.6,3,good,10.13333333,2022-10-31,2022-10-31 11:34,-86.72384333,black,1
5,77881,146,9.7,9.7,27:34.3,0.565443544,1.141582427,0.096619016,0.418882745,08:23.4,6,good,10.13333333,2024-03-29,2024-03-29 10:42,-33.72707,black,1
2,90345,146,9.7,9.7,43:42.5,0.596208594,1.141031803,0.075237345,0.61245583,08:33.3,11,good,10.13333333,2025-03-28,2025-03-28 10:44,-35.96171667,black,1
7,90363,139,9.7,19.4,34:55.5,0.651622904,1.304584181,0.069167591,0.929594923,08:20.7,12,good,10.13333333,2025-04-02,2025-04-02 10:35,-26.67134667,black,1
2,68912,158,7.3,7.3,41:34.1,0.675011209,1.263894608,0.13607457,0.798047329,09:28.1,2,good,10.15,2023-03-30,2023-03-30 10:41,-32.14799333,black,1
2,68917,159,0,7.3,33:56.3,0.720499313,1.356717298,0.123385736,1.010878106,09:55.7,3,good,10.15,2023-04-03,2023-04-03 10:34,-24.10509667,black,1
4,68924,30,0,7.3,54:52.5,0.432644545,0.535598141,0.069271807,0.105273637,09:46.0,4,good,10.15,2022-12-03,2022-12-03 12:18,-129.099995,black,1
5,77881,151,9.7,9.7,32:38.7,0.662887309,1.461964524,0.105917627,0.710930748,09:46.4,6,good,10.15,2024-04-03,2024-04-03 10:32,-22.87631167,black,1
2,90335,154,9.7,9.7,46:20.2,0.594103999,1.207039058,0.10503054,0.896187561,09:44.8,10,good,10.15,2025-03-27,2025-03-27 10:46,-36.68702833,black,1
7,90363,140,0,9.7,30:48.3,0.735436901,1.097754132,0.130736531,0.571745301,09:33.5,12,good,10.15,2025-04-03,2025-04-03 10:33,-23.57438667,black,1
2,68907,60,0,0,28:30.4,0.396375227,0.498169371,0.067363292,0.145130389,10:15.6,1,good,10.16666667,2022-12-07,2022-12-07 12:23,-132.84044,black,1
2,68907,83,0,0,38:25.8,0.3908672,0.519727899,0.0812124,0.121547279,10:12.4,1,good,10.16666667,2022-12-30,2022-12-30 12:36,-146.4771483,black,1
5,77881,148,9.7,9.7,11:01.6,0.468809639,0.938626858,0.075387934,0.253402348,10:08.4,6,good,10.16666667,2024-03-31,2024-03-31 10:38,-28.176615,black,1
5,77881,153,0,9.7,28:53.8,0.446676675,1.520112077,0.07516606,0.867898162,10:04.0,6,good,10.16666667,2024-04-05,2024-04-05 10:28,-18.83291334,black,1
2,90345,149,9.7,0,38:06.7,0.575460638,1.186763022,0.073907305,0.781047288,10:33.3,11,good,10.16666667,2025-03-31,2025-03-31 10:38,-28.24464,black,1
2,68917,158,0,7.3,35:53.7,0.515591606,1.247869442,0.105414775,0.714531923,11:38.5,3,good,10.18333333,2023-04-02,2023-04-02 10:35,-24.29191167,black,1
5,68925,139,7.3,7.3,42:16.8,0.478423302,1.300035286,0.081957952,0.845505709,11:42.0,4,good,10.18333333,2023-03-27,2023-03-27 10:47,-35.64982,black,1
5,68925,142,7.3,7.3,41:32.7,0.579481192,1.119262665,0.071908255,0.731116245,11:48.7,4,good,10.18333333,2023-03-30,2023-03-30 10:41,-29.80426833,black,1
5,68925,145,7.3,7.3,35:51.3,0.716777897,0.902744525,0.123626581,0.333164797,11:13.6,4,good,10.18333333,2023-04-02,2023-04-02 10:35,-24.705965,black,1
7,90363,137,9.7,9.7,38:38.5,0.661360204,1.296454807,0.084837722,0.839431069,11:54.0,12,good,10.18333333,2025-03-31,2025-03-31 10:38,-26.90008167,black,1
2,68917,154,0,7.3,43:28.5,0.354138236,1.395257618,0.086339916,1.057558169,12:10.0,3,good,10.2,2023-03-29,2023-03-29 10:43,-31.36630167,black,1
4,77900,115,9.7,9.7,37:36.5,0.649558433,1.355987647,0.073195529,0.579954921,12:50.0,8,good,10.2,2024-02-10,2024-02-10 12:07,-114.267175,black,1
5,90328,170,9.7,9.7,32:55.8,0.538333853,1.158426736,0.066283713,0.474797847,12:14.2,9,good,10.2,2025-04-02,2025-04-02 10:35,-22.78075667,black,1
5,68925,140,0,7.3,45:19.0,0.492557372,1.279528434,0.097368658,0.870438994,13:23.9,4,good,10.21666667,2023-03-28,2023-03-28 10:45,-32.03512,black,1
2,90335,160,0,9.7,18:17.8,0.615016069,1.472564192,0.097095467,0.677780105,13:38.6,10,good,10.21666667,2025-04-02,2025-04-02 10:35,-21.37334833,black,1
2,90345,144,0,9.7,48:18.5,0.566392931,1.075371097,0.080650404,0.619452982,13:48.0,11,good,10.21666667,2025-03-26,2025-03-26 10:48,-34.54941,black,1
7,90363,146,0,19.4,21:55.2,0.574185913,1.387747586,0.114300248,0.895498014,13:26.6,12,good,10.21666667,2025-04-09,2025-04-09 10:21,-8.539398332,black,1
5,68915,151,7.3,7.3,40:01.7,0.586486122,1.034654601,0.060147543,0.338293514,14:18.9,2,good,10.23333333,2023-03-25,2023-03-25 10:51,-36.868245,black,1
5,68925,144,0,0,37:47.7,0.442509466,1.293920658,0.075474471,0.877124198,14:23.5,4,good,10.23333333,2023-04-01,2023-04-01 10:37,-23.424735,black,1
10,77886,148,29.43,0,58:28.8,0.585859433,0.913356594,0.066067548,0.256543823,14:24.5,6,good,10.23333333,2024-04-06,2024-04-06 10:27,-12.62553333,black,1
3,90326,123,0,0,47:20.5,0.357726745,0.604799859,0.044543232,0.142817164,14:38.3,9,good,10.23333333,2025-02-22,2025-02-22 11:47,-92.745415,black,1
1,68906,165,7.3,14.6,51:07.5,0.618558348,1.296362296,0.088074881,0.778404949,15:33.7,1,good,10.25,2023-03-25,2023-03-25 10:51,-35.62204833,black,1
5,77881,100,9.7,5246.97,04:06.2,0.689524843,1.426425647,0.102571047,0.721599092,15:53.5,6,good,10.25,2024-02-12,2024-02-12 12:04,-108.3414983,black,1
7,90363,131,0,9.7,50:06.9,0.621969258,1.147704284,0.091248011,0.719264462,15:46.5,12,good,10.25,2025-03-25,2025-03-25 10:50,-34.49117666,black,1
5,68925,138,0,7.3,49:13.1,0.386787908,1.247244612,0.044670562,0.80877949,16:12.3,4,good,10.26666667,2023-03-26,2023-03-26 10:49,-33.060975,black,1
5,68925,147,0,7.3,31:48.4,0.807316119,1.247611792,0.276101575,0.833662236,16:03.7,4,good,10.26666667,2023-04-04,2023-04-04 10:32,-16.10538833,black,1
5,77881,147,9.7,9.7,40:08.3,0.707931592,1.566180148,0.134387255,0.869372592,16:27.5,6,good,10.26666667,2024-03-30,2024-03-30 10:40,-23.758495,black,1
5,77881,239,9.7,9.7,11:59.7,0.606273014,0.504630083,0.096956394,0.075962027,16:15.4,6,bad,10.26666667,2024-06-30,2024-06-30 9:12,64.20716333,red,2
2,90345,143,0,9.7,50:07.5,0.661670343,1.296258694,0.114637532,0.792732284,16:54.7,11,good,10.26666667,2025-03-25,2025-03-25 10:50,-33.35468833,black,1
1,68906,168,14.6,7.3,45:23.6,0.800984583,1.227331966,0.124266386,0.689341245,17:00.6,1,good,10.28333333,2023-03-28,2023-03-28 10:45,-28.42386167,black,1
2,68912,59,7.3,7.3,33:46.1,0.529269363,1.519870436,0.074104413,0.903310724,17:42.9,2,good,10.28333333,2022-12-21,2022-12-21 12:33,-136.1018283,black,1
2,68917,162,0,7.3,28:18.7,0.659301587,1.140182102,0.130273694,0.755784891,17:41.1,3,good,10.28333333,2023-04-06,2023-04-06 10:28,-10.73220167,black,1
3,77869,7,0,0,39:59.1,0.461935252,0.413654138,0.064566781,0.057034185,17:08.8,5,bad,10.28333333,2023-11-04,2023-11-04 11:40,-82.904015,red,2
5,77881,152,9.7,9.7,18:43.7,0.836576272,1.437395119,0.148134895,0.682552608,17:11.7,6,good,10.28333333,2024-04-04,2024-04-04 10:30,-13.571425,black,1
10,77886,145,9.7,9.7,05:54.5,0.509757665,0.937122708,0.066586104,0.243358738,17:47.8,6,good,10.28333333,2024-04-03,2024-04-03 10:32,-14.85396333,black,1
1,68906,164,7.3,7.3,52:59.1,0.754574121,1.318934796,0.118543351,0.711059469,18:23.9,1,good,10.3,2023-03-24,2023-03-24 10:53,-34.70231167,black,1
2,68917,155,0,7.3,41:31.2,0.879002098,1.445751616,0.276678222,0.854397153,19:05.5,3,good,10.31666667,2023-03-30,2023-03-30 10:41,-22.52467,black,1
9,90343,51,0,9.7,33:31.6,0.50516416,1.308993655,0.094699863,0.838018486,19:27.1,10,good,10.31666667,2024-12-20,2024-12-20 12:33,-134.098665,black,1
2,90345,48,0,13452.36,30:12.8,0.567764698,1.145280634,0.065575635,0.645895673,19:41.3,11,good,10.31666667,2024-12-20,2024-12-20 12:33,-133.862145,black,1
2,90345,140,0,9.7,55:54.1,0.543112004,1.144831875,0.082512926,0.756455065,19:07.9,11,good,10.31666667,2025-03-22,2025-03-22 10:56,-36.88453,black,1
7,90363,128,0,9.7,56:00.7,0.56061218,1.261605734,0.09104483,0.899945759,19:53.6,12,good,10.31666667,2025-03-22,2025-03-22 10:56,-36.12260333,black,1
7,90363,141,0,9.7,31:12.6,0.665829767,1.386087806,0.113040233,0.835860767,19:01.0,12,good,10.31666667,2025-04-04,2025-04-04 10:31,-12.233745,black,1
5,68915,148,14.6,197.08,34:12.7,0.633078446,1.090085226,0.063082696,0.5328288,20:47.1,2,good,10.33333333,2023-03-22,2023-03-22 10:56,-36.14764667,black,1
2,68917,153,0,7.3,45:26.0,0.62326943,1.438586572,0.104194013,0.930304923,20:34.3,3,good,10.33333333,2023-03-28,2023-03-28 10:45,-24.86193167,black,1
5,68925,136,0,7.3,53:04.1,0.560084263,1.528388767,0.115516044,0.93850113,20:03.3,4,good,10.33333333,2023-03-24,2023-03-24 10:53,-33.04502833,black,1
5,77881,142,0,9.7,49:44.9,0.602393212,1.383910371,0.067333612,0.74818653,20:34.4,6,good,10.33333333,2024-03-25,2024-03-25 10:49,-29.19415167,black,1
10,77886,143,9.7,0,26:13.0,0.572093151,0.854476398,0.083231795,0.225236542,20:58.2,6,good,10.33333333,2024-04-01,2024-04-01 10:36,-15.44687666,black,1
6,90349,135,0,9.7,48:15.2,0.443772494,1.045246915,0.069984136,0.549802745,20:42.6,11,good,10.33333333,2025-03-26,2025-03-26 10:48,-27.63932166,black,1
5,77881,145,0,9.7,40:39.1,0.686406181,1.393534316,0.200421092,0.771275197,21:39.6,6,good,10.35,2024-03-28,2024-03-28 10:44,-22.37399667,black,1
2,90335,158,0,0,38:45.2,0.302637799,0.891805258,0.028998926,0.677328628,21:52.9,10,good,10.35,2025-03-31,2025-03-31 10:38,-16.91838333,black,1
2,90345,148,9.7,0,40:24.9,0.51945281,1.414138635,0.058442235,0.862414515,21:15.8,11,good,10.35,2025-03-30,2025-03-30 10:40,-19.43611667,black,1
7,90363,129,9.7,19.4,53:59.6,0.566677224,1.229783086,0.088598445,0.819131309,21:25.9,12,good,10.35,2025-03-23,2025-03-23 10:54,-32.66860167,black,1
2,68917,157,7.3,7.3,37:43.8,0.736500248,1.434369172,0.106162072,1.020675805,22:14.1,3,good,10.36666667,2023-04-01,2023-04-01 10:37,-15.58185167,black,1
5,68925,137,0,7.3,51:09.5,0.506035809,1.376131919,0.109152903,1.004587628,22:31.3,4,good,10.36666667,2023-03-25,2023-03-25 10:51,-28.66231167,black,1
3,77879,3,0,0,42:47.5,0.509508309,0.841190293,0.067312176,0.310341491,22:03.1,6,good,10.36666667,2023-11-06,2023-11-06 11:42,-80.81482667,black,1
5,77881,143,0,9.7,47:28.3,0.588920277,1.342117293,0.127580308,0.670178957,22:29.9,6,good,10.36666667,2024-03-26,2024-03-26 10:47,-25.35186833,black,1
5,77881,236,9.7,9.7,10:34.6,0.632368735,0.517184785,0.094404545,0.077406296,22:26.2,6,bad,10.36666667,2024-06-27,2024-06-27 9:10,71.83698334,red,2
2,90345,138,9.7,19.4,59:42.0,0.643806473,1.393768715,0.10104026,0.892500232,22:46.1,11,good,10.36666667,2025-03-20,2025-03-20 10:59,-37.08246833,black,1
7,90363,132,9.7,0,47:07.5,0.573536764,1.117195065,0.084439488,0.691814005,22:58.1,12,good,10.36666667,2025-03-26,2025-03-26 10:48,-25.381165,black,1
5,68925,134,0,7.3,56:49.6,0.477757006,1.471203201,0.088337376,0.954488196,23:55.7,4,good,10.38333333,2023-03-22,2023-03-22 10:56,-33.00560667,black,1
2,90345,142,9.7,9.7,52:06.3,0.63265313,1.178686442,0.078059512,0.670227204,23:00.5,11,good,10.38333333,2025-03-24,2025-03-24 10:52,-29.17481167,black,1
2,90335,153,0,0,32:08.6,0.405457701,1.069453521,0.075272358,0.838699571,24:07.7,10,good,10.4,2025-03-26,2025-03-26 10:48,-24.22083833,black,1
2,90335,159,0,9.7,36:48.9,0.665783421,1.172666195,0.145654417,0.714317315,23:59.1,10,good,10.4,2025-04-01,2025-04-01 10:36,-12.93126833,black,1
7,90363,136,0,9.7,40:39.7,0.571531132,1.338330855,0.087257952,0.867881247,24:45.0,12,good,10.4,2025-03-30,2025-03-30 10:40,-15.94974333,black,1
5,77881,182,9.7,0,46:37.2,1.146299738,1.604605855,0.589811699,0.94449426,24:59.2,6,bad,10.41666667,2024-05-04,2024-05-04 9:40,44.73588667,red,2
5,77881,243,9.7,9.7,14:18.9,0.600388592,0.482971932,0.118580928,0.080821936,25:41.3,6,bad,10.41666667,2024-07-04,2024-07-04 9:14,71.23904667,red,2
1,68906,166,14.6,7.3,49:15.4,0.67286818,1.391495483,0.08460114,0.96688015,26:13.5,1,good,10.43333333,2023-03-26,2023-03-26 10:49,-23.04093167,black,1
2,90345,136,48.49,9.7,03:29.8,0.598189983,1.45235814,0.08085048,0.980082121,26:14.2,11,good,10.43333333,2025-03-18,2025-03-18 11:03,-37.44638833,black,1
2,90345,137,0,19.4,01:40.8,0.518011437,1.376376258,0.084057235,0.914740996,26:41.2,11,good,10.43333333,2025-03-19,2025-03-19 11:01,-35.07948,black,1
1,68906,162,21.9,29.2,56:49.8,0.715761577,1.222565518,0.108279476,0.696374802,27:28.2,1,good,10.45,2023-03-22,2023-03-22 10:56,-29.463635,black,1
5,68920,10,14.6,3029.11,50:17.4,0.555239809,1.361826235,0.118251947,0.817169341,27:09.5,3,good,10.45,2022-11-11,2022-11-11 11:50,-83.14084833,black,1
2,90335,155,0,9.7,44:24.0,0.73673686,0.94514977,0.145530509,0.55291883,27:22.0,10,good,10.45,2025-03-28,2025-03-28 10:44,-17.149635,black,1
6,90349,134,0,0,50:09.9,0.520341603,1.158863979,0.086028626,0.589747481,27:38.1,11,good,10.45,2025-03-25,2025-03-25 10:50,-22.63239333,black,1
7,90363,125,0,9.7,01:44.9,0.558751926,1.347616089,0.111585609,0.887188202,27:14.8,12,good,10.45,2025-03-19,2025-03-19 11:01,-34.51959333,black,1
5,77881,141,0,0,51:32.4,0.65452448,1.068419946,0.102060571,0.467517377,28:49.8,6,good,10.46666667,2024-03-24,2024-03-24 10:51,-22.85281833,black,1
10,77886,140,9.7,9.7,41:04.8,0.573790339,0.959555351,0.066517576,0.442850162,28:43.2,6,good,10.46666667,2024-03-29,2024-03-29 10:42,-13.396175,black,1
10,77886,142,0,9.7,01:03.1,0.536984379,0.801698935,0.072257398,0.206592367,28:46.8,6,good,10.46666667,2024-03-31,2024-03-31 10:38,-9.536714999,black,1
2,90345,139,9.7,29.1,57:52.9,0.600928181,1.258018923,0.091360477,0.693478144,28:42.5,11,good,10.46666667,2025-03-21,2025-03-21 10:57,-29.22501667,black,1
2,90345,147,9.7,9.7,42:33.3,0.708714021,1.47094351,0.105725113,0.885063338,28:05.5,11,good,10.46666667,2025-03-29,2025-03-29 10:42,-14.52529333,black,1
7,90363,142,0,9.7,27:15.1,0.652756317,1.395459284,0.112748969,0.893253133,27:59.3,12,good,10.46666667,2025-04-05,2025-04-05 10:29,-1.394974999,black,1
1,68906,160,0,7.3,59:13.7,0.687512545,1.154850287,0.098045839,0.58720654,29:45.0,1,good,10.48333333,2023-03-20,2023-03-20 11:00,-31.01672,black,1
5,68925,135,0,7.3,54:53.8,0.554235108,1.62053152,0.127855499,0.974981577,29:10.7,4,good,10.48333333,2023-03-23,2023-03-23 10:55,-25.83857167,black,1
9,90343,145,0,9.7,52:09.7,0.642011839,1.380575669,0.110760279,0.738086601,29:17.9,10,good,10.48333333,2025-03-24,2025-03-24 10:52,-22.88426333,black,1
6,90349,129,0,9.7,59:44.0,0.521789773,1.229238463,0.08547281,0.670997288,29:46.0,11,good,10.48333333,2025-03-20,2025-03-20 10:59,-30.08411667,black,1
6,90349,131,0,0,56:00.3,0.497083578,1.212964763,0.085087689,0.657669437,29:20.2,11,good,10.48333333,2025-03-22,2025-03-22 10:56,-26.68075667,black,1
3,68908,5,0,7.3,07:35.1,0.546941801,1.092071411,0.13448664,0.643748103,30:26.2,1,good,10.5,2022-10-11,2022-10-11 11:07,-37.23071167,black,1
4,68919,61,0,0,38:29.8,0.374600646,0.262394339,0.089798829,0.027441635,30:28.0,3,bad,10.5,2022-12-30,2022-12-30 12:36,-126.2161117,red,2
5,68925,150,0,0,24:40.6,1.747307385,1.255889128,0.941195306,0.614075341,30:50.1,4,bad,10.5,2023-04-07,2023-04-07 10:26,4.285760001,red,2
2,90335,152,0,9.7,50:12.6,0.484173,1.086891964,0.115430496,0.724458638,30:06.4,10,good,10.5,2025-03-25,2025-03-25 10:50,-20.1597,black,1
2,90335,157,0,9.7,40:41.2,0.653364057,0.885953023,0.090848259,0.686960245,30:55.6,10,good,10.5,2025-03-30,2025-03-30 10:40,-9.772656667,black,1
2,90335,161,0,9.7,33:06.4,0.437838075,0.922876972,0.059659253,0.755087293,30:46.9,10,good,10.5,2025-04-03,2025-04-03 10:33,-2.351778332,black,1
6,90349,132,9.7,0,54:05.6,0.409354787,1.159275518,0.086015361,0.725743033,30:25.8,11,good,10.5,2025-03-23,2025-03-23 10:54,-23.67034833,black,1
1,68906,163,0,0,54:58.7,0.607664294,1.391642393,0.08372989,0.903163769,31:42.1,1,good,10.51666667,2023-03-23,2023-03-23 10:55,-23.31539667,black,1
5,77881,132,48.49,9505.07,08:48.2,0.638917024,1.626925733,0.074646469,0.604229023,31:32.6,6,good,10.51666667,2024-03-15,2024-03-15 11:08,-37.35607333,black,1
5,77881,137,0,9.7,59:11.7,0.604995595,1.501763873,0.073440224,0.753050239,31:47.8,6,good,10.51666667,2024-03-20,2024-03-20 10:59,-27.553665,black,1
9,77895,168,9.7,9.7,44:31.4,0.639118447,1.247165869,0.055731866,0.734383353,31:11.4,7,good,10.51666667,2024-03-27,2024-03-27 10:45,-14.74287333,black,1
7,90363,124,0,9.7,02:57.6,0.403037778,1.410045947,0.118909103,1.074572731,31:41.5,12,good,10.51666667,2025-03-18,2025-03-18 11:03,-31.99165,black,1
3,68908,4,7.3,0,06:14.8,0.535327561,1.143137351,0.13844633,0.638774476,32:37.5,1,good,10.53333333,2022-10-10,2022-10-10 11:06,-33.74148167,black,1
10,77886,139,0,9.7,43:52.4,0.550269844,0.718878049,0.070449531,0.185090647,32:58.5,6,good,10.53333333,2024-03-28,2024-03-28 10:44,-11.05900833,black,1
2,90335,147,0,9.7,38:10.6,0.410726635,1.057605931,0.104760715,0.835403027,32:50.5,10,good,10.53333333,2025-03-20,2025-03-20 10:59,-27.007785,black,1
2,90335,149,0,9.7,42:48.0,0.46848401,1.345832775,0.083759797,1.056381071,32:21.7,10,good,10.53333333,2025-03-22,2025-03-22 10:56,-23.65548333,black,1
2,90335,150,106.68,155.17,54:05.0,0.570227626,0.838312316,0.078579111,0.550185146,32:41.2,10,good,10.53333333,2025-03-23,2025-03-23 10:54,-21.41294667,black,1
7,90363,127,0,9.7,57:52.2,0.646956939,1.343749798,0.10551808,0.782771129,32:05.9,12,good,10.53333333,2025-03-21,2025-03-21 10:57,-25.835685,black,1
5,68925,131,0,7.3,02:33.8,0.567598896,1.311517444,0.120529935,0.876722436,33:40.7,4,good,10.55,2023-03-19,2023-03-19 11:02,-29.00418667,black,1
5,68925,132,7.3,0,59:59.5,0.474313215,1.524284209,0.08476095,0.950433841,33:32.8,4,good,10.55,2023-03-20,2023-03-20 11:00,-27.21936167,black,1
5,68925,152,0,7.3,22:45.4,0.826671433,1.321701543,0.267905026,0.839805326,33:54.0,4,good,10.55,2023-04-09,2023-04-09 10:22,11.03367833,black,1
5,77881,144,0,0,43:15.2,0.560947041,1.160977827,0.094898588,0.677491185,33:47.9,6,good,10.55,2024-03-27,2024-03-27 10:45,-12.134365,black,1
2,90345,5,1067.03,184.28,45:10.7,0.517030683,0.841847991,0.047218233,0.323355756,33:58.6,11,good,10.55,2024-11-07,2024-11-07 11:45,-71.35624333,black,1
2,90345,135,9.7,9.7,05:27.9,0.579117813,1.518232347,0.094089108,1.099249626,33:52.1,11,good,10.55,2025-03-17,2025-03-17 11:05,-31.71513667,black,1
2,90345,141,0,9.7,54:00.6,0.543369131,1.293887797,0.101199255,0.842023431,33:16.4,11,good,10.55,2025-03-23,2025-03-23 10:54,-20.82678334,black,1
7,90363,122,0,9.7,07:29.1,0.644970223,1.270276763,0.085953583,0.913827511,33:37.9,12,good,10.55,2025-03-16,2025-03-16 11:07,-33.86853833,black,1
3,68908,6,0,7.3,08:48.2,0.599106624,1.253125237,0.108852001,0.746101982,34:56.3,1,good,10.56666667,2022-10-12,2022-10-12 11:08,-34.02842667,black,1
4,68914,50,7.3,7.3,28:00.1,0.714012554,0.991172392,0.140352965,0.367102961,34:25.8,2,good,10.56666667,2022-10-27,2022-10-27 11:29,-54.75364667,black,1
5,68925,160,0,7.3,08:30.5,0.973884032,1.62606787,0.498181281,0.932390966,34:15.1,4,good,10.56666667,2023-04-17,2023-04-17 10:08,25.73581333,black,1
3,77869,5,0,9.7,37:09.6,0.384470991,0.41646176,0.057926995,0.062162235,34:12.1,5,good,10.56666667,2023-11-02,2023-11-02 11:37,-63.01518333,black,1
10,77886,146,9.7,0,24:26.4,0.760447965,1.140769223,0.167765558,0.487656341,34:13.6,6,good,10.56666667,2024-04-04,2024-04-04 10:30,3.460161666,black,1
2,77898,155,38.8,38.8,59:17.3,0.611614645,1.28610621,0.070202526,0.527306654,34:26.8,8,good,10.56666667,2024-03-20,2024-03-20 10:59,-24.90300833,black,1
7,77903,146,0,9.7,12:34.4,0.517405139,0.966276154,0.091893683,0.494976305,34:40.2,8,good,10.56666667,2024-03-13,2024-03-13 11:12,-38.030235,black,1
2,90335,156,0,9.7,42:27.7,0.459893554,0.976695471,0.10481085,0.662257155,33:59.8,10,good,10.56666667,2025-03-29,2025-03-29 10:42,-8.620486665,black,1
2,90345,133,9.7,9.7,09:21.8,0.580237786,1.535855469,0.081900234,0.988585103,34:51.3,11,good,10.56666667,2025-03-15,2025-03-15 11:09,-34.54490333,black,1
6,90349,126,0,9.7,05:28.2,0.478793236,1.372932523,0.071344928,0.902226333,34:12.6,11,good,10.56666667,2025-03-17,2025-03-17 11:05,-31.37391833,black,1
6,90349,136,0,0,46:20.5,0.458361384,1.017277463,0.093927629,0.580205795,34:57.7,11,good,10.56666667,2025-03-27,2025-03-27 10:46,-11.47186,black,1
7,90363,123,0,9.7,05:27.9,0.57641367,1.493039355,0.098432581,0.998734186,34:21.5,12,good,10.56666667,2025-03-17,2025-03-17 11:05,-31.22451833,black,1
7,90363,135,0,9.7,42:31.2,0.657526818,1.688204546,0.096303144,1.005176757,34:12.3,12,good,10.56666667,2025-03-29,2025-03-29 10:42,-8.411218333,black,1
2,68907,147,7.3,0,30:44.3,0.65552081,0.524741415,0.180253613,0.06363674,35:34.7,1,bad,10.58333333,2023-03-04,2023-03-04 11:30,-55.188765,red,2
6,77892,3,0,9.7,05:01.3,0.303578123,0.323144914,0.030441823,0.051558086,35:13.8,7,good,10.58333333,2023-11-22,2023-11-22 12:05,-89.819615,black,1
9,77895,8,9.7,1076.55,15:56.6,0.724296722,1.103227841,0.105922024,0.549252353,35:56.8,7,good,10.58333333,2023-10-19,2023-10-19 11:17,-41.93705667,black,1
6,90349,133,0,0,52:10.8,0.37669846,1.087011441,0.079035547,0.646631239,35:18.4,11,good,10.58333333,2025-03-24,2025-03-24 10:52,-16.87687333,black,1
3,68908,2,0,0,03:41.5,0.566006033,1.015699392,0.116124771,0.553786306,36:16.5,1,good,10.6,2022-10-08,2022-10-08 11:03,-27.525735,black,1
3,68908,10,0,0,14:09.5,0.431976311,1.157839212,0.07355966,0.61524961,36:38.6,1,good,10.6,2022-10-16,2022-10-16 11:14,-37.58920333,black,1
5,68925,130,0,7.3,04:30.4,0.484401633,1.511838069,0.090893956,0.941324499,36:14.1,4,good,10.6,2023-03-18,2023-03-18 11:04,-28.36422667,black,1
10,77886,137,9.7,9.7,21:40.4,0.537475775,0.855042528,0.070403438,0.258118128,36:57.3,6,good,10.6,2024-03-26,2024-03-26 10:47,-10.89531667,black,1
2,90345,134,9.7,0,07:26.8,0.69800826,1.361001864,0.097993129,0.86252205,36:20.0,11,good,10.6,2025-03-16,2025-03-16 11:07,-31.166465,black,1
6,90349,125,0,0,07:22.9,0.456728338,1.578300823,0.077150651,1.016095861,36:34.2,11,good,10.6,2025-03-16,2025-03-16 11:07,-30.93038333,black,1
5,68925,133,0,7.3,58:46.2,0.518077222,1.473076618,0.10321702,1.022663366,37:04.3,4,good,10.61666667,2023-03-21,2023-03-21 10:58,-21.778755,black,1
5,77881,139,0,0,55:26.9,0.710916439,0.899449469,0.131775234,0.400808166,37:15.9,6,good,10.61666667,2024-03-22,2024-03-22 10:55,-18.251785,black,1
9,77895,161,9.7,0,59:12.8,0.677572367,1.213147396,0.090300112,0.717659968,37:09.0,7,good,10.61666667,2024-03-20,2024-03-20 10:59,-22.19968,black,1
6,90349,123,0,9.7,11:09.3,0.607094757,1.421580888,0.078570421,0.875897449,37:47.5,11,good,10.61666667,2025-03-14,2025-03-14 11:11,-33.50799,black,1
3,68908,3,0,7.3,05:01.8,0.627638056,1.228120513,0.127088475,0.744338918,38:27.8,1,good,10.63333333,2022-10-09,2022-10-09 11:05,-26.61923833,black,1
7,77903,147,0,9.7,10:46.3,0.544084834,1.298243341,0.105242738,0.779583669,38:31.5,8,good,10.63333333,2024-03-14,2024-03-14 11:10,-32.27514,black,1
7,77903,149,0,9.7,06:57.2,0.562909033,1.137134189,0.112630224,0.714148655,38:18.8,8,good,10.63333333,2024-03-16,2024-03-16 11:07,-28.686795,black,1
2,68912,149,73.17,14.61,55:21.5,2.088919673,0.959444279,1.183962749,0.469894562,39:07.3,2,bad,10.65,2023-03-21,2023-03-21 10:58,-19.72779833,red,2
3,77869,11,0,0,45:39.0,0.494323114,0.638163893,0.051360117,0.080477292,39:27.5,5,good,10.65,2023-11-08,2023-11-08 11:45,-66.242015,black,1
8,77874,210,0,0,15:01.2,0.624414222,0.755437637,0.104763198,0.155021317,39:48.5,5,good,10.65,2024-05-27,2024-05-27 9:15,84.69191833,black,1
10,77886,135,9.7,9.7,51:40.5,0.538259942,0.853627177,0.059027118,0.400754384,39:09.2,6,good,10.65,2024-03-24,2024-03-24 10:51,-12.53016833,black,1
10,77886,147,0,9.7,28:45.2,0.490388488,1.195969119,0.0704521,0.603745689,39:30.5,6,good,10.65,2024-04-05,2024-04-05 10:28,10.60908833,black,1
2,77898,41,174.58,281.27,11:22.0,0.59974102,1.525628419,0.062277376,0.784260663,39:18.8,8,good,10.65,2023-11-27,2023-11-27 12:11,-92.17075,black,1
5,90328,171,9.7,9.7,31:29.0,0.639868506,1.098985414,0.085251079,0.329325218,39:58.0,9,good,10.65,2025-04-03,2025-04-03 10:33,6.833623334,black,1
6,90349,128,0,9.7,01:38.7,0.502764875,1.299890913,0.083763418,0.75584683,39:35.9,11,good,10.65,2025-03-19,2025-03-19 11:01,-22.16828167,black,1
7,90363,120,0,9.7,11:12.1,0.514401723,1.242714463,0.086626944,0.802664021,39:26.9,12,good,10.65,2025-03-14,2025-03-14 11:11,-31.85090834,black,1
7,90363,130,0,9.7,52:08.1,0.63100145,1.326765758,0.109132539,0.74499497,39:07.9,12,good,10.65,2025-03-24,2025-03-24 10:52,-13.05085167,black,1
1,68906,157,0,14.6,06:24.9,0.782727315,1.192834927,0.119115528,0.713092883,40:20.6,1,good,10.66666667,2023-03-17,2023-03-17 11:06,-26.15740833,black,1
3,68908,11,0,7.3,15:29.8,0.54398424,1.270418707,0.131628835,0.713586268,40:10.4,1,good,10.66666667,2022-10-17,2022-10-17 11:15,-35.39407833,black,1
5,68925,125,0,7.3,14:04.8,0.549128254,1.334194584,0.097732321,0.929378957,40:56.6,4,good,10.66666667,2023-03-13,2023-03-13 11:14,-33.15687833,black,1
10,77886,141,0,9.7,38:36.3,0.670475195,0.819577684,0.107701961,0.280848459,40:18.5,6,good,10.66666667,2024-03-30,2024-03-30 10:40,0.091373332,black,1
2,90335,148,9.7,0,57:47.8,0.653798432,1.10925735,0.113108432,0.637948429,40:55.6,10,good,10.66666667,2025-03-21,2025-03-21 10:57,-17.00721833,black,1
2,90345,130,9.7,19.4,15:03.6,0.650195187,1.156124613,0.071255006,0.754290948,40:19.4,11,good,10.66666667,2025-03-12,2025-03-12 11:15,-34.74358,black,1
2,68907,4,0,0,08:53.4,0.592110836,1.018119442,0.092201693,0.671016596,41:42.9,1,good,10.68333333,2022-10-12,2022-10-12 11:08,-27.25196,black,1
3,68908,7,0,7.3,10:15.9,0.628477008,1.246678474,0.137582372,0.684542051,41:15.9,1,good,10.68333333,2022-10-13,2022-10-13 11:10,-29.00098333,black,1
3,68908,17,0,7.3,23:31.4,0.504444237,1.301505708,0.111378806,0.686967528,41:37.8,1,good,10.68333333,2022-10-23,2022-10-23 11:23,-42.03694834,black,1
4,68909,2,7.3,7.3,12:45.5,0.701736813,0.974813195,0.122165445,0.456042582,41:19.7,1,good,10.68333333,2022-10-15,2022-10-15 11:12,-31.57236,black,1
2,68912,138,0,7.3,19:36.8,0.534064634,1.268319951,0.081767457,0.735290698,41:58.5,2,good,10.68333333,2023-03-10,2023-03-10 11:19,-37.757705,black,1
2,68917,137,0,7.3,15:53.7,0.408463134,1.463888492,0.077069168,1.071126317,41:40.0,3,good,10.68333333,2023-03-12,2023-03-12 11:15,-34.31706333,black,1
4,68924,98,0,7.3,08:02.2,0.572795975,0.408458142,0.268866337,0.082220375,41:22.0,4,bad,10.68333333,2023-02-09,2023-02-09 12:08,-86.76604167,red,2
5,68925,123,0,7.3,17:50.4,0.518265252,1.520644763,0.085146525,1.067091521,41:10.4,4,good,10.68333333,2023-03-11,2023-03-11 11:17,-36.67685666,black,1
5,68925,127,7.3,29.2,10:18.0,0.758940804,1.364746826,0.121503527,0.900512776,41:39.9,4,good,10.68333333,2023-03-15,2023-03-15 11:10,-28.65199167,black,1
2,90335,142,0,9.7,09:15.7,0.51997187,1.180491913,0.091912009,0.845275438,41:33.7,10,good,10.68333333,2025-03-15,2025-03-15 11:09,-27.838575,black,1
2,90335,145,0,9.7,26:39.8,0.484674584,1.206911746,0.065928759,1.112840412,41:14.6,10,good,10.68333333,2025-03-18,2025-03-18 11:03,-22.44002833,black,1
2,90335,146,9.7,9.7,01:40.3,0.411611857,1.135668213,0.0454769,0.809575701,41:05.0,10,good,10.68333333,2025-03-19,2025-03-19 11:01,-20.68276833,black,1
2,90345,131,9.7,0,13:06.5,0.368315764,1.129270851,0.075401166,0.661530618,41:39.6,11,good,10.68333333,2025-03-13,2025-03-13 11:13,-31.52398167,black,1
2,90345,132,9.7,9.7,11:10.8,0.526554228,1.394250834,0.069682404,0.909205363,41:18.6,11,good,10.68333333,2025-03-14,2025-03-14 11:11,-29.99068833,black,1
7,90363,134,9.7,0,40:00.8,0.701267421,1.28109344,0.142771565,0.730179763,41:53.0,12,good,10.68333333,2025-03-28,2025-03-28 10:44,-2.633875,black,1
2,90335,143,0,9.7,07:29.1,0.32963938,1.046393323,0.040584747,0.705495609,42:22.3,10,good,10.7,2025-03-16,2025-03-16 11:07,-25.12838833,black,1
9,90352,121,0,77.59,11:05.1,0.568633048,0.787321887,0.06897524,0.233771268,42:43.7,11,good,10.7,2025-03-13,2025-03-13 11:13,-30.45478333,black,1
10,90353,114,0,9.7,24:17.0,0.424187026,0.770387609,0.073943682,0.216826528,42:07.4,11,good,10.7,2025-03-06,2025-03-06 11:26,-44.12604333,black,1
1,68906,153,7.3,7.3,14:01.5,0.667407321,1.342517548,0.101604129,0.942354844,43:12.5,1,good,10.71666667,2023-03-13,2023-03-13 11:14,-30.89213334,black,1
3,68908,8,7.3,0,11:28.9,0.601364128,1.217537964,0.164470283,0.773818574,43:41.9,1,good,10.71666667,2022-10-14,2022-10-14 11:11,-27.88458333,black,1
3,68908,16,0,0,21:56.5,0.536458436,1.294123244,0.122795039,0.78559321,43:56.4,1,good,10.71666667,2022-10-22,2022-10-22 11:22,-38.35918334,black,1
1,68916,2,7.3,0,30:31.6,0.516307741,0.898653439,0.091736218,0.431910978,43:46.6,3,good,10.71666667,2022-10-28,2022-10-28 11:30,-46.80595167,black,1
5,68925,124,0,7.3,15:54.3,0.390828698,1.409695517,0.061751773,0.987586202,43:21.9,4,good,10.71666667,2023-03-12,2023-03-12 11:15,-32.61828333,black,1
5,77881,10,38.79,38.79,54:06.9,0.624640274,1.171800709,0.117430491,0.582738708,43:53.4,6,good,10.71666667,2023-11-14,2023-11-14 11:54,-70.26072,black,1
5,77881,130,0,9.7,02:31.6,0.600396381,1.052691935,0.078656146,0.40493344,43:22.4,6,good,10.71666667,2024-03-13,2024-03-13 11:12,-29.32676333,black,1
7,77903,145,0,9.7,14:32.3,0.63327153,1.100248013,0.085473665,0.461874547,43:35.1,8,good,10.71666667,2024-03-12,2024-03-12 11:14,-30.99785,black,1
2,90345,102,310.36,3142.44,02:50.5,0.596724851,1.103945961,0.064945048,0.692838353,43:23.6,11,good,10.71666667,2025-02-12,2025-02-12 12:03,-79.75636,black,1
6,90349,124,9.7,19.4,09:15.4,0.51414699,1.511771853,0.071597523,0.878640212,43:18.9,11,good,10.71666667,2025-03-15,2025-03-15 11:09,-26.08432,black,1
6,90349,141,9.7,0,36:54.0,0.581246813,0.647526518,0.070124736,0.094315481,43:37.3,11,good,10.71666667,2025-04-01,2025-04-01 10:36,6.704401668,black,1
7,90363,119,0,0,13:03.6,0.611118163,1.224569973,0.077790217,0.818484116,43:05.1,12,good,10.71666667,2025-03-13,2025-03-13 11:13,-30.09771,black,1
1,68906,6,0,7.3,15:30.8,0.504960922,1.027132545,0.110555695,0.453023571,44:05.2,1,good,10.73333333,2022-10-17,2022-10-17 11:15,-31.48014,black,1
4,68909,4,0,7.3,15:25.2,0.526449218,1.186416922,0.102264888,0.621633257,44:57.7,1,good,10.73333333,2022-10-17,2022-10-17 11:15,-30.60474667,black,1
1,68911,4,7.3,233.57,43:18.6,0.642651067,1.06475801,0.0868431,0.364057907,44:07.2,2,good,10.73333333,2022-10-20,2022-10-20 11:19,-35.46305,black,1
2,68917,165,0,7.3,22:48.4,1.038874669,1.8645758,0.616832246,1.065414591,44:46.9,3,bad,10.73333333,2023-04-09,2023-04-09 10:22,21.91522167,red,2
4,68919,34,0,0,54:48.9,0.474836895,0.641073685,0.107872434,0.182313775,44:52.0,3,good,10.73333333,2022-12-03,2022-12-03 12:18,-93.999855,black,1
2,77898,147,0,38.8,13:10.5,0.682674109,1.293202367,0.094128936,0.573352639,44:08.0,8,good,10.73333333,2024-03-12,2024-03-12 11:14,-30.45014,black,1
7,77903,142,0,9.7,20:06.6,0.575636478,0.957720738,0.107978042,0.371769928,44:47.6,8,good,10.73333333,2024-03-09,2024-03-09 11:20,-35.42354333,black,1
2,90335,133,9.7,0,26:12.5,0.433711297,1.121924636,0.073752588,0.762038164,44:26.7,10,good,10.73333333,2025-03-06,2025-03-06 11:26,-41.80418333,black,1
7,90363,118,0,9.7,14:55.1,0.464355806,1.419049264,0.093042091,0.937696804,44:37.2,12,good,10.73333333,2025-03-12,2025-03-12 11:15,-30.44618333,black,1
7,90363,133,9.7,0,46:23.9,0.690097927,1.477655293,0.120126792,0.976092802,44:42.6,12,good,10.73333333,2025-03-27,2025-03-27 10:46,-1.722896667,black,1
1,68906,11,7.3,0,17:51.8,0.54487349,1.057484616,0.122193806,0.437242329,45:05.9,1,good,10.75,2022-10-22,2022-10-22 11:22,-37.20130833,black,1
3,68908,13,0,0,18:03.1,0.439030801,1.127267136,0.119107351,0.66167181,45:02.3,1,good,10.75,2022-10-19,2022-10-19 11:18,-33.19513333,black,1
4,68909,6,0,7.3,18:12.1,0.608765936,1.31393893,0.120130789,0.764653184,45:11.2,1,good,10.75,2022-10-19,2022-10-19 11:18,-33.04584666,black,1
5,68910,3,0,7.3,14:08.0,0.35939344,0.914390994,0.065646347,0.558091705,45:37.5,1,good,10.75,2022-10-16,2022-10-16 11:14,-28.60902667,black,1
5,68910,20,0,7.3,37:30.3,0.424996338,1.231242499,0.094499367,0.66526796,45:16.4,1,good,10.75,2022-11-02,2022-11-02 11:37,-52.30949334,black,1
2,68912,4,7.3,14.6,28:50.7,0.710850056,1.225429242,0.099281735,0.551960032,45:51.3,2,good,10.75,2022-10-27,2022-10-27 11:29,-43.32772333,black,1
7,77903,148,0,0,08:48.4,0.528554078,1.049705889,0.112713752,0.561054345,45:56.1,8,good,10.75,2024-03-15,2024-03-15 11:08,-22.96429167,black,1
2,90345,129,9.7,0,16:48.5,0.504775663,1.132440055,0.093775235,0.796919593,45:22.4,11,good,10.75,2025-03-11,2025-03-11 11:16,-31.576795,black,1
9,90352,119,9.7,9.7,16:55.3,0.531215161,0.990667373,0.057450013,0.359249327,45:29.6,11,good,10.75,2025-03-11,2025-03-11 11:16,-31.45592667,black,1
2,68907,2,7.3,0,06:19.1,0.463439471,0.83725762,0.08417782,0.281424628,46:55.7,1,good,10.76666667,2022-10-10,2022-10-10 11:06,-19.43798833,black,1
2,68917,135,0,7.3,19:41.2,0.585123351,1.54414906,0.087275589,1.137213892,46:11.3,3,good,10.76666667,2023-03-10,2023-03-10 11:19,-33.545355,black,1
5,77881,140,0,9.7,52:50.9,0.707945533,1.508509472,0.104806172,0.873514498,46:27.9,6,good,10.76666667,2024-03-23,2024-03-23 10:53,-7.134966667,black,1
9,77895,173,0,0,36:17.1,1.018162477,1.389101273,0.426582459,0.83614869,46:42.8,7,bad,10.76666667,2024-04-01,2024-04-01 10:36,10.29711334,red,2
2,90335,141,0,9.7,06:21.0,0.494284857,1.148691589,0.067499513,0.702189187,46:24.5,10,good,10.76666667,2025-03-14,2025-03-14 11:11,-24.89161333,black,1
1,68906,3,0,14.6,11:29.5,0.592437078,1.05456631,0.115442556,0.494414889,47:58.3,1,good,10.78333333,2022-10-14,2022-10-14 11:11,-23.61137167,black,1
1,68906,5,0.1,7.2,14:12.8,0.483706641,1.168670197,0.103574492,0.658799864,47:17.4,1,good,10.78333333,2022-10-16,2022-10-16 11:14,-26.94392,black,1
1,68906,8,0,0,18:13.8,0.534751752,1.139467848,0.098273488,0.534654835,47:46.6,1,good,10.78333333,2022-10-19,2022-10-19 11:18,-30.45591833,black,1
2,68907,9,0,7.3,15:30.2,0.575929399,1.182686365,0.116095068,0.726829075,47:06.7,1,good,10.78333333,2022-10-17,2022-10-17 11:15,-28.45524667,black,1
3,68908,14,0,0,19:30.6,0.631671179,1.26427595,0.115367956,0.68070139,47:42.8,1,good,10.78333333,2022-10-20,2022-10-20 11:19,-31.86953333,black,1
5,68910,4,7.3,0,15:27.1,0.417208673,1.175343084,0.085737768,0.640072118,47:54.9,1,good,10.78333333,2022-10-17,2022-10-17 11:15,-27.65160667,black,1
5,68910,9,7.3,0,22:16.7,0.536261794,1.195972406,0.178449366,0.750851626,47:33.9,1,good,10.78333333,2022-10-22,2022-10-22 11:22,-34.73437167,black,1
2,68917,136,0,7.3,17:43.8,0.585862824,1.331557949,0.093388354,1.013649742,47:09.1,3,good,10.78333333,2023-03-11,2023-03-11 11:17,-30.69843833,black,1
5,68925,122,0,7.3,19:39.8,0.665535321,1.463198145,0.08363466,1.131275058,47:15.3,4,good,10.78333333,2023-03-10,2023-03-10 11:19,-32.477605,black,1
5,68925,129,0,0,06:27.3,0.612742989,1.479490506,0.128164944,0.938814467,47:11.3,4,good,10.78333333,2023-03-17,2023-03-17 11:06,-19.31163167,black,1
5,77881,261,9.7,9.7,30:15.4,0.510372115,0.402891706,0.094041274,0.059056384,47:46.5,6,bad,10.78333333,2024-07-22,2024-07-22 9:30,77.45764167,red,2
2,77898,150,9.7,58.2,58:15.3,0.690486983,1.213556309,0.098743462,0.437481084,47:36.7,8,good,10.78333333,2024-03-15,2024-03-15 11:08,-21.28785333,black,1
4,77900,142,9.7,9.7,19:40.4,0.680609717,1.412965982,0.08943591,0.718112446,47:06.0,8,good,10.78333333,2024-03-08,2024-03-08 11:22,-34.966635,black,1
4,77900,143,0,9.7,21:09.2,0.557182754,1.121676657,0.07543469,0.640524978,47:15.7,8,good,10.78333333,2024-03-09,2024-03-09 11:20,-32.955705,black,1
6,90329,3,9.7,9.7,33:47.2,0.658498776,0.74400803,0.080170542,0.189243773,47:07.9,9,good,10.78333333,2024-10-16,2024-10-16 11:14,-27.73573333,black,1
2,90335,151,0,9.7,52:08.9,0.474711163,1.174609719,0.095063945,0.853544241,47:53.0,10,good,10.78333333,2025-03-24,2025-03-24 10:52,-4.299443332,black,1
9,90352,120,0,9.7,11:49.3,0.58460306,0.962374137,0.056772344,0.353468488,47:30.4,11,good,10.78333333,2025-03-12,2025-03-12 11:15,-27.56062667,black,1
7,90363,117,9.7,0,16:56.3,0.418343659,1.384769578,0.090900046,0.976834153,47:26.9,12,good,10.78333333,2025-03-11,2025-03-11 11:16,-29.50141333,black,1
7,90363,121,0,9.7,09:20.6,0.609548229,1.482302946,0.098293899,0.953902921,47:27.1,12,good,10.78333333,2025-03-15,2025-03-15 11:09,-21.948805,black,1
2,68907,8,51.09,14.6,14:09.4,0.761521829,1.266970066,0.128855933,0.674965318,48:55.7,1,good,10.8,2022-10-16,2022-10-16 11:14,-25.30510833,black,1
5,68910,2,0,7.3,12:49.0,0.480264826,0.888368042,0.10266326,0.443578765,48:19.3,1,good,10.8,2022-10-15,2022-10-15 11:12,-24.57825,black,1
5,68910,8,7.3,0,20:50.4,0.531571228,1.07656579,0.120903014,0.597229335,48:40.9,1,good,10.8,2022-10-21,2022-10-21 11:20,-32.26874667,black,1
2,68912,144,0,0,08:14.2,2.50797907,1.215054377,0.555840984,0.582221212,48:17.3,2,bad,10.8,2023-03-16,2023-03-16 11:08,-20.11190333,red,2
2,68917,160,0,0,32:06.2,1.660123983,1.345411422,1.026489618,0.891152993,48:58.1,3,bad,10.8,2023-04-04,2023-04-04 10:32,16.801355,red,2
5,68925,118,350.36,240.87,27:02.9,0.680125083,1.306837108,0.086579742,0.938222812,48:54.2,4,good,10.8,2023-03-06,2023-03-06 11:27,-38.22946,black,1
3,77869,27,19.4,9.7,41:24.2,0.706314937,0.525222881,0.146791669,0.050255418,48:28.0,5,bad,10.8,2023-11-24,2023-11-24 12:07,-79.20033833,red,2
10,77886,138,9.7,0,45:52.1,0.510793867,1.265818943,0.059771774,0.532077906,48:42.3,6,good,10.8,2024-03-27,2024-03-27 10:45,2.771130002,black,1
9,77895,7,9.7,9.7,01:28.2,0.680756056,1.0210649,0.112013014,0.441648209,48:28.0,7,good,10.8,2023-10-18,2023-10-18 11:16,-28.08378333,black,1
6,90329,5,9.7,77.59,30:15.3,0.495181639,1.181970152,0.091992321,0.545400406,48:17.2,9,good,10.8,2024-10-18,2024-10-18 11:17,-29.24694833,black,1
2,90335,138,9.7,0,16:41.2,0.395930301,1.130420629,0.076358112,0.931333415,48:20.4,10,good,10.8,2025-03-11,2025-03-11 11:16,-28.61002667,black,1
5,90348,16,9.7,0,52:57.2,0.779010504,0.920207528,0.132276124,0.202181051,48:52.2,11,good,10.8,2024-11-22,2024-11-22 12:06,-77.16288667,black,1
7,90363,126,0,9.7,59:43.7,0.599984526,1.411840663,0.105971946,0.881104494,48:10.8,12,good,10.8,2025-03-20,2025-03-20 10:59,-11.66943833,black,1
1,68906,2,7.3,0,10:11.5,0.563153188,0.965948743,0.114122469,0.373313812,49:42.8,1,good,10.81666667,2022-10-13,2022-10-13 11:10,-20.55328,black,1
1,68906,10,0,7.3,20:56.7,0.506486702,1.135882027,0.112471949,0.513661784,49:16.6,1,good,10.81666667,2022-10-21,2022-10-21 11:20,-31.67380167,black,1
1,68906,29,7.3,1481.69,47:24.7,0.641902412,1.27585623,0.178195718,0.557869199,49:13.3,1,good,10.81666667,2022-11-09,2022-11-09 11:47,-58.26103167,black,1
2,68907,7,7.3,0,12:48.6,0.487620457,1.083970177,0.101765027,0.477812273,49:09.8,1,good,10.81666667,2022-10-15,2022-10-15 11:12,-23.737075,black,1
3,68908,18,0,7.3,24:59.0,0.494706639,1.167896,0.097843509,0.618425215,49:03.0,1,good,10.81666667,2022-10-24,2022-10-24 11:25,-35.9829,black,1
1,68916,4,14.6,693.48,33:18.2,0.485555554,0.896776322,0.074990464,0.239802088,49:50.2,3,good,10.81666667,2022-10-30,2022-10-30 11:33,-43.52935333,black,1
5,68925,128,7.3,7.3,08:17.1,0.72975065,1.538389179,0.105702982,1.02649668,49:15.4,4,good,10.81666667,2023-03-16,2023-03-16 11:08,-19.143375,black,1
10,77886,125,0,48.49,10:47.1,0.529507433,0.960280819,0.060461903,0.318751999,49:32.1,6,good,10.81666667,2024-03-14,2024-03-14 11:10,-21.264565,black,1
1,68906,4,0,7.3,12:47.5,0.596693847,0.940518604,0.138837166,0.441581974,50:51.2,1,good,10.83333333,2022-10-15,2022-10-15 11:12,-22.04616834,black,1
2,68907,13,0,0,20:53.0,0.553571146,1.292015985,0.127436406,0.727820034,50:10.8,1,good,10.83333333,2022-10-21,2022-10-21 11:20,-30.76966833,black,1
3,68908,15,0,7.3,20:51.0,0.548408256,1.343624509,0.135003924,0.801642681,50:37.9,1,good,10.83333333,2022-10-21,2022-10-21 11:20,-30.31774167,black,1
3,68908,19,0,0,26:19.3,0.452327465,1.380258831,0.082997882,0.752305607,50:52.5,1,good,10.83333333,2022-10-25,2022-10-25 11:26,-35.54101834,black,1
3,77869,2,0,9.7,32:53.5,0.337364061,0.377103011,0.049618374,0.070559113,50:37.4,5,good,10.83333333,2023-10-30,2023-10-30 11:33,-42.37616833,black,1
5,77881,125,9.7,9.7,13:06.3,0.568019446,1.201482186,0.095713095,0.501649841,50:14.0,6,good,10.83333333,2024-03-08,2024-03-08 11:22,-31.833545,black,1
5,77881,126,9.7,0,01:17.4,0.63241348,1.173654472,0.09682266,0.438243572,50:13.2,6,good,10.83333333,2024-03-09,2024-03-09 11:20,-29.99737167,black,1
10,77886,126,0,9.7,08:47.7,0.473542326,0.809791698,0.063411299,0.206719178,50:37.0,6,good,10.83333333,2024-03-15,2024-03-15 11:08,-18.28374667,black,1
10,77886,136,9.7,9.7,49:41.0,0.586824423,0.868407578,0.078846546,0.291881321,50:44.4,6,good,10.83333333,2024-03-25,2024-03-25 10:49,0.973544999,black,1
2,77898,142,0,9.7,50:28.7,0.69704716,1.024674875,0.101560085,0.360415665,50:12.0,8,good,10.83333333,2024-03-07,2024-03-07 11:23,-33.71608333,black,1
2,77898,145,9.7,9.7,18:19.3,0.6311617,1.434647232,0.113297714,0.659855728,50:34.3,8,good,10.83333333,2024-03-10,2024-03-10 11:18,-27.77909833,black,1
5,90328,3,0,9.7,16:08.6,0.538336608,0.784244006,0.114761499,0.383239848,50:41.3,9,good,10.83333333,2024-10-17,2024-10-17 11:16,-25.51097333,black,1
1,68906,9,0,0,10:53.4,0.567500946,1.050956046,0.122385201,0.522209882,51:01.3,1,good,10.85,2022-10-20,2022-10-20 11:19,-28.562275,black,1
1,68906,12,0,0,23:39.7,0.514950742,1.096347722,0.122064207,0.546402859,51:01.1,1,good,10.85,2022-10-23,2022-10-23 11:23,-32.648,black,1
3,68908,9,0,7.3,12:49.2,0.594891645,1.251047801,0.158269669,0.701802498,51:51.0,1,good,10.85,2022-10-15,2022-10-15 11:12,-21.049925,black,1
5,68910,6,0,7.3,18:12.4,0.50469864,1.175430555,0.128822223,0.716402681,51:31.3,1,good,10.85,2022-10-19,2022-10-19 11:18,-26.71105167,black,1
5,68910,10,0,7.3,23:35.9,0.531639641,1.186385362,0.168458306,0.735204875,51:04.4,1,good,10.85,2022-10-23,2022-10-23 11:23,-32.59315,black,1
5,68910,12,7.3,0,26:21.3,0.487345143,1.136171714,0.102238039,0.692973859,51:23.9,1,good,10.85,2022-10-25,2022-10-25 11:26,-35.01797167,black,1
2,68912,3,29.2,14.6,27:22.8,0.522585519,1.183928915,0.061890419,0.574767395,51:55.9,2,good,10.85,2022-10-26,2022-10-26 11:27,-35.867635,black,1
5,68915,137,7.3,7.3,19:48.8,0.527507422,0.902279501,0.071268912,0.201153606,51:23.9,2,good,10.85,2023-03-11,2023-03-11 11:17,-26.45180833,black,1
10,77886,124,9.7,562.53,11:58.1,0.623889482,0.964632641,0.072836005,0.289159358,51:51.0,6,good,10.85,2024-03-13,2024-03-13 11:12,-20.85018667,black,1
3,68908,20,0,7.3,26:48.6,0.641185863,1.391027242,0.121168525,0.892109358,52:12.9,1,good,10.86666667,2022-10-26,2022-10-26 11:27,-35.58499167,black,1
3,68908,21,0,0,29:07.3,0.768016338,1.420085587,0.303527731,0.772009969,52:20.3,1,good,10.86666667,2022-10-27,2022-10-27 11:29,-36.84579833,black,1
5,68910,13,0,7.3,27:47.8,0.525914973,1.233960542,0.100629321,0.750154893,52:28.4,1,good,10.86666667,2022-10-26,2022-10-26 11:27,-35.325965,black,1
5,68910,14,0,7.3,29:06.8,0.723602655,1.232520162,0.181625753,0.692247746,52:49.1,1,good,10.86666667,2022-10-27,2022-10-27 11:29,-36.36431,black,1
5,68910,16,0,0,31:52.2,0.490197279,1.141740683,0.109696832,0.690067578,52:32.0,1,good,10.86666667,2022-10-29,2022-10-29 11:31,-39.433085,black,1
2,68922,9,14.6,7.3,38:52.4,0.542735684,0.896295081,0.069768474,0.212125848,52:01.4,4,good,10.86666667,2022-11-11,2022-11-11 11:50,-58.27741333,black,1
3,77899,2,0,9.7,19:13.9,0.478912073,0.914382164,0.078947896,0.451200806,52:28.9,8,good,10.86666667,2023-10-20,2023-10-20 11:19,-26.75151167,black,1
9,77905,16,9.7,9.7,43:36.3,0.662400397,0.869392478,0.095033557,0.204630258,52:26.8,8,good,10.86666667,2023-11-08,2023-11-08 11:45,-53.25287333,black,1
2,90335,144,0,9.7,05:32.8,0.514556479,1.081957508,0.089382842,0.665161243,52:04.3,10,good,10.86666667,2025-03-17,2025-03-17 11:05,-13.512345,black,1
2,90345,128,9.7,0,18:47.3,0.555604741,1.21597953,0.097770331,0.795401419,52:21.9,11,good,10.86666667,2025-03-10,2025-03-10 11:18,-26.46885833,black,1
6,90349,122,9.7,0,13:03.5,0.58335258,1.276880417,0.076344314,0.823100516,52:18.3,11,good,10.86666667,2025-03-13,2025-03-13 11:13,-20.87857,black,1
6,90349,127,0,9.7,03:33.4,0.59582476,1.426823962,0.099606595,0.905453638,52:01.0,11,good,10.86666667,2025-03-18,2025-03-18 11:03,-11.66691,black,1
6,90349,130,0,19.4,57:49.2,0.692987362,1.129322607,0.101683125,0.575331394,52:54.4,11,good,10.86666667,2025-03-21,2025-03-21 10:57,-5.026141667,black,1
1,68906,15,0,0,17:20.1,0.557915052,0.8701993,0.143087797,0.467969506,53:41.6,1,good,10.88333333,2022-10-26,2022-10-26 11:27,-34.10603333,black,1
1,68906,152,43.79,7.3,09:12.2,0.641055582,1.410078548,0.092893233,0.891652823,53:35.6,1,good,10.88333333,2023-03-12,2023-03-12 11:15,-22.39082,black,1
3,68908,12,7.3,0,16:50.1,0.548600055,1.178473917,0.164352189,0.66085457,53:18.7,1,good,10.88333333,2022-10-18,2022-10-18 11:16,-23.58911,black,1
4,68909,13,7.3,7.3,02:41.3,0.657820453,1.252954349,0.122995722,0.686454225,53:45.8,1,good,10.88333333,2022-10-26,2022-10-26 11:27,-34.03733667,black,1
3,68913,3,0,7.3,26:23.5,0.470132701,1.326741137,0.108989365,0.840247487,53:15.6,2,good,10.88333333,2022-10-25,2022-10-25 11:26,-33.15682333,black,1
3,68913,4,7.3,0,27:20.4,0.555047503,1.369187033,0.11845781,0.903484149,53:21.4,2,good,10.88333333,2022-10-26,2022-10-26 11:27,-34.44260833,black,1
3,68913,5,0,7.3,29:08.5,0.858907728,1.46026242,0.225185322,0.909899647,53:05.4,2,good,10.88333333,2022-10-27,2022-10-27 11:29,-36.09314667,black,1
3,68913,7,0,7.3,31:53.3,0.484003264,1.209566001,0.088130378,0.733780719,53:46.1,2,good,10.88333333,2022-10-29,2022-10-29 11:31,-38.19788667,black,1
2,68917,131,0,7.3,27:01.8,0.591303504,1.135298358,0.09059128,0.527302962,53:02.7,3,good,10.88333333,2023-03-06,2023-03-06 11:27,-34.087815,black,1
2,68917,132,0,7.3,25:11.7,0.6240996,1.358636255,0.109264143,0.998521035,53:31.3,3,good,10.88333333,2023-03-07,2023-03-07 11:25,-31.76246167,black,1
5,68925,126,0,7.3,12:07.7,0.427788155,1.586218898,0.078979142,1.052025937,53:42.8,4,good,10.88333333,2023-03-14,2023-03-14 11:12,-18.486635,black,1
6,77892,4,0,9.6,06:16.5,0.352977101,0.41952451,0.068603104,0.098462759,53:46.8,7,good,10.88333333,2023-11-23,2023-11-23 12:06,-72.58706333,black,1
7,77903,141,0,9.7,21:54.8,0.528405904,1.097839614,0.08249283,0.64527771,53:13.4,8,good,10.88333333,2024-03-08,2024-03-08 11:22,-28.84355834,black,1
8,77904,8,0,9.7,32:53.3,0.366113255,0.556197109,0.036839491,0.060762765,53:41.7,8,good,10.88333333,2023-10-30,2023-10-30 11:33,-39.305815,black,1
2,90335,140,0,9.7,13:08.2,0.54666209,1.015606067,0.072003342,0.928617225,53:02.0,10,good,10.88333333,2025-03-13,2025-03-13 11:13,-20.15048833,black,1
7,90363,116,0,0,18:47.8,0.570677555,1.203401908,0.089391992,0.752764086,53:40.3,12,good,10.88333333,2025-03-10,2025-03-10 11:18,-25.16148167,black,1
1,68906,146,7.3,7.3,27:05.6,0.824723296,1.330868496,0.107734505,0.753221069,54:19.8,1,good,10.9,2023-03-06,2023-03-06 11:27,-32.80343167,black,1
1,68906,147,14.6,7.3,25:13.5,0.761343326,1.501285249,0.131385372,0.90758503,54:24.4,1,good,10.9,2023-03-07,2023-03-07 11:25,-30.87604167,black,1
4,68909,12,7.3,14.6,26:17.8,0.625511027,1.266808642,0.134995919,0.757285702,54:00.8,1,good,10.9,2022-10-25,2022-10-25 11:26,-32.40250833,black,1
1,68911,7,7.3,0,18:24.7,0.67866997,1.177207499,0.090063203,0.545413787,54:24.2,2,good,10.9,2022-10-23,2022-10-23 11:23,-29.26350833,black,1
1,68911,9,7.3,277.36,22:16.0,0.582560317,0.952946753,0.077232479,0.308363193,54:43.7,2,good,10.9,2022-10-25,2022-10-25 11:26,-31.68852,black,1
2,68912,18,14.6,7.3,28:34.3,0.572250695,1.035795023,0.099646813,0.465131803,54:27.7,2,good,10.9,2022-11-10,2022-11-10 11:48,-54.43753333,black,1
5,68925,120,7.3,7.3,23:25.6,0.599722794,1.521070854,0.072929815,1.058166193,54:18.1,4,good,10.9,2023-03-08,2023-03-08 11:23,-29.14872833,black,1
10,77886,133,0,9.7,55:29.8,0.51228085,1.159677437,0.06366745,0.795823751,54:56.2,6,good,10.9,2024-03-22,2024-03-22 10:55,-0.579901667,black,1
2,77898,3,0,9.7,14:22.5,0.592069133,1.105835302,0.106821725,0.407554674,54:15.3,8,good,10.9,2023-10-20,2023-10-20 11:19,-24.97814667,black,1
2,77898,7,9.7,164.88,23:44.9,0.540525917,1.211701921,0.110420458,0.646579508,54:24.8,8,good,10.9,2023-10-24,2023-10-24 11:24,-30.27022167,black,1
5,77901,2,0,0,19:12.4,0.565724602,1.059767912,0.081007716,0.479681995,54:14.4,8,good,10.9,2023-10-20,2023-10-20 11:19,-24.99274333,black,1
1,68906,16,7.3,14.6,28:36.4,0.713766732,1.142135191,0.145569342,0.447282446,55:43.2,1,good,10.91666667,2022-10-27,2022-10-27 11:29,-33.46250166,black,1
1,68906,148,29.2,94.89,23:21.6,0.785623144,1.367148969,0.104563443,0.876854866,55:42.3,1,good,10.91666667,2023-03-08,2023-03-08 11:23,-27.74465667,black,1
1,68906,149,7.3,21.9,21:30.0,0.829608162,1.37405077,0.154130853,0.832826261,55:47.2,1,good,10.91666667,2023-03-09,2023-03-09 11:21,-25.79611333,black,1
2,68907,6,0,0,11:27.8,0.59763501,1.247639829,0.118057724,0.716149144,55:43.4,1,good,10.91666667,2022-10-14,2022-10-14 11:11,-15.85981,black,1
2,68907,14,0,7.3,21:15.3,0.530734905,1.186600065,0.112209866,0.644355536,55:39.7,1,good,10.91666667,2022-10-22,2022-10-22 11:22,-26.638605,black,1
5,68910,17,7.3,0,33:18.5,0.567062593,1.171312274,0.107533626,0.716033287,55:11.3,1,good,10.91666667,2022-10-30,2022-10-30 11:33,-38.17817333,black,1
2,68912,7,7.3,7.3,33:21.4,0.587163731,1.188394791,0.104924139,0.566949337,55:28.6,2,good,10.91666667,2022-10-30,2022-10-30 11:33,-37.89025833,black,1
2,68912,121,7.3,175.18,49:46.8,0.647767209,1.194093688,0.074093535,0.808450986,55:05.7,2,good,10.91666667,2023-02-21,2023-02-21 11:49,-54.75527833,black,1
5,68925,121,0,0,21:28.9,0.607195307,1.513749702,0.153693108,1.077614215,55:09.5,4,good,10.91666667,2023-03-09,2023-03-09 11:21,-26.425615,black,1
5,68925,148,14.6,14.6,30:16.4,0.929273098,1.495946143,0.22587366,1.017750606,55:51.7,4,good,10.91666667,2023-04-05,2023-04-05 10:30,25.57846,black,1
10,77886,131,0.33,9.37,54:57.5,0.480633246,1.071789127,0.069567863,0.422696248,55:41.5,6,good,10.91666667,2024-03-20,2024-03-20 10:59,-3.657611668,black,1
2,77898,9,0,9.7,22:32.3,0.517468868,1.137269353,0.083038031,0.51915133,55:47.4,8,good,10.91666667,2023-10-26,2023-10-26 11:27,-31.64350333,black,1
4,77900,144,106.69,9.7,31:10.6,0.638533995,1.141291778,0.107406759,0.738968004,55:20.6,8,good,10.91666667,2024-03-10,2024-03-10 11:18,-23.007075,black,1
2,90345,123,0,9.7,28:00.7,0.54588598,1.202331413,0.100910714,0.643533114,55:36.4,11,good,10.91666667,2025-03-05,2025-03-05 11:28,-32.46077167,black,1
2,90345,126,9.7,0,22:25.5,0.843899283,1.376120037,0.246967121,0.702794808,55:48.6,11,good,10.91666667,2025-03-08,2025-03-08 11:22,-26.740795,black,1
2,90345,127,0,9.7,20:26.7,0.568230455,1.267025311,0.107403124,0.812105959,55:57.6,11,good,10.91666667,2025-03-09,2025-03-09 11:20,-24.73918833,black,1
3,68908,25,0,7.3,34:42.9,0.620701423,1.352548754,0.114971241,0.79825357,56:20.9,1,good,10.93333333,2022-10-31,2022-10-31 11:34,-38.41811666,black,1
3,68908,32,7.3,0,32:32.1,0.560890304,1.327655541,0.118765685,0.642834822,56:43.4,1,good,10.93333333,2022-11-07,2022-11-07 11:44,-47.92621833,black,1
5,68910,18,0,7.3,34:37.5,0.554505197,1.228991225,0.094675737,0.76558152,56:52.2,1,good,10.93333333,2022-10-31,2022-10-31 11:34,-37.89631833,black,1
2,68912,133,7.3,7.3,24:43.1,0.416647094,1.371829721,0.04971923,0.751880028,56:04.2,2,good,10.93333333,2023-03-05,2023-03-05 11:28,-32.87979833,black,1
2,68912,156,0,7.3,24:24.8,1.7765716,1.343678613,1.131155782,0.727224523,56:47.9,2,bad,10.93333333,2023-03-28,2023-03-28 10:45,11.3652,red,2
3,68913,6,7.3,7.3,30:34.5,0.546555329,1.30465403,0.105024355,0.781631061,56:13.6,2,good,10.93333333,2022-10-28,2022-10-28 11:30,-34.35606167,black,1
3,68913,168,7.3,7.3,23:56.0,0.588111258,0.514292423,0.059242177,0.049099422,56:29.4,2,bad,10.93333333,2023-04-08,2023-04-08 10:24,31.79065167,red,2
4,68914,53,7.3,7.3,33:19.7,0.781288664,1.040517341,0.134557524,0.444244649,56:25.4,2,good,10.93333333,2022-10-30,2022-10-30 11:33,-36.94309,black,1
5,68915,3,7.3,43.8,28:20.2,0.60764179,0.794034958,0.074506493,0.294316767,56:54.3,2,good,10.93333333,2022-10-28,2022-10-28 11:30,-33.678585,black,1
1,68916,3,14.6,7.3,31:11.0,0.516050818,1.021496446,0.049336474,0.400576019,55:59.5,3,good,10.93333333,2022-10-29,2022-10-29 11:31,-35.97557167,black,1
2,68917,134,0,0,21:31.3,0.496661854,1.357198481,0.105310288,1.094739806,56:10.5,3,good,10.93333333,2023-03-09,2023-03-09 11:21,-25.40884333,black,1
3,77899,4,9.7,0,18:12.3,0.724397652,1.237875986,0.1559089,0.626144555,56:18.3,8,good,10.93333333,2023-10-22,2023-10-22 11:21,-25.64532,black,1
6,90349,119,0,0,18:47.5,0.551082737,1.29024911,0.068943472,0.819806161,56:35.0,11,good,10.93333333,2025-03-10,2025-03-10 11:18,-22.24954,black,1
1,68906,17,0,7.3,30:30.6,0.584642659,1.16719741,0.132760272,0.502166331,57:00.9,1,good,10.95,2022-10-28,2022-10-28 11:30,-33.56756334,black,1
1,68906,145,0,7.3,28:50.6,0.664911734,1.487300919,0.095998028,0.881360012,57:10.5,1,good,10.95,2023-03-05,2023-03-05 11:28,-31.77467833,black,1
2,68907,127,0,7.3,03:46.4,0.562609225,1.397764906,0.07688726,0.895709671,57:40.2,1,good,10.95,2023-02-12,2023-02-12 12:03,-66.19675167,black,1
4,68909,5,204.37,7.3,16:52.2,0.692301844,1.33993714,0.148069224,0.817337632,57:43.6,1,good,10.95,2022-10-18,2022-10-18 11:16,-19.17340667,black,1
4,68909,11,0,7.3,23:37.7,0.520575254,1.076565088,0.104474215,0.464180847,57:33.0,1,good,10.95,2022-10-24,2022-10-24 11:25,-27.48292167,black,1
5,68910,7,0,7.3,19:31.4,0.586513801,1.177202912,0.120919358,0.673016985,57:20.4,1,good,10.95,2022-10-20,2022-10-20 11:19,-22.24323167,black,1
5,68910,11,7.3,0,24:54.9,0.501040474,1.17413622,0.088206961,0.655975212,57:08.2,1,good,10.95,2022-10-24,2022-10-24 11:25,-27.89723833,black,1
1,68911,2,102.09,7.3,16:48.5,0.573558527,0.948179467,0.083090788,0.323605272,57:10.6,2,good,10.95,2022-10-18,2022-10-18 11:16,-19.72283,black,1
3,68913,2,0,7.3,24:57.4,0.442783942,1.289723673,0.079534462,0.826775826,57:54.4,2,good,10.95,2022-10-24,2022-10-24 11:25,-27.12588833,black,1
3,68913,9,7.3,7.3,34:45.4,0.57912374,1.282298126,0.095845076,0.787989854,57:43.9,2,good,10.95,2022-10-31,2022-10-31 11:34,-37.03441667,black,1
5,68915,5,7.3,0,33:19.3,0.548564201,0.912004185,0.076152817,0.336878801,57:30.6,2,good,10.95,2022-10-30,2022-10-30 11:33,-35.856585,black,1
1,68921,5,14.6,7.3,22:51.7,0.674193116,0.995502966,0.100972015,0.414513459,57:23.4,4,good,10.95,2022-11-07,2022-11-07 11:44,-47.25935167,black,1
5,68925,117,0,7.3,28:51.4,0.476866749,1.368289748,0.096483983,1.005579445,57:18.2,4,good,10.95,2023-03-05,2023-03-05 11:28,-31.64667,black,1
5,77881,127,0,0,18:14.9,0.644459536,1.167403417,0.133361473,0.617372246,56:59.6,6,good,10.95,2024-03-10,2024-03-10 11:18,-21.35636333,black,1
9,77895,9,19.4,19.4,03:15.8,0.674163033,1.08192652,0.105431344,0.519361018,57:12.6,7,good,10.95,2023-10-20,2023-10-20 11:19,-22.02270833,black,1
3,90326,29,0,9.7,01:51.3,0.337710414,0.657716426,0.035388985,0.318743069,57:36.6,9,good,10.95,2024-11-20,2024-11-20 12:03,-65.77295,black,1
5,90328,5,9.7,9.7,18:48.2,0.591546628,0.814548176,0.102281581,0.276921029,57:33.1,9,good,10.95,2024-10-19,2024-10-19 11:18,-21.33182833,black,1
6,90349,117,0,0,22:27.3,0.443713327,1.270890426,0.079614938,0.77425627,57:58.9,11,good,10.95,2025-03-08,2025-03-08 11:22,-24.567695,black,1
7,90363,112,0,0,26:13.8,0.41153956,1.365941681,0.112062016,0.718101681,57:52.3,12,good,10.95,2025-03-06,2025-03-06 11:26,-28.37755,black,1
1,68906,7,7.3,0,16:48.8,0.549000501,0.883112841,0.136797153,0.315622985,58:09.5,1,good,10.96666667,2022-10-18,2022-10-18 11:16,-18.74188833,black,1
1,68906,14,0,7.3,26:22.6,0.512744319,1.233400351,0.122470714,0.735507404,57:59.5,1,good,10.96666667,2022-10-25,2022-10-25 11:26,-28.42487667,black,1
2,68907,172,14.6,7.3,43:26.4,0.782547521,0.551530561,0.14194427,0.079683348,58:14.0,1,bad,10.96666667,2023-03-29,2023-03-29 10:43,14.69962667,red,2
3,68908,27,0,7.3,33:30.0,0.433684984,1.280485319,0.116279634,0.803362871,58:32.3,1,good,10.96666667,2022-11-02,2022-11-02 11:37,-39.04418,black,1
5,68910,15,0,7.3,30:33.2,0.479777966,1.233238839,0.091925986,0.74691298,58:16.3,1,good,10.96666667,2022-10-28,2022-10-28 11:30,-32.31115834,black,1
3,68913,8,7.3,0,33:19.3,0.465871872,1.28028407,0.082719102,0.85153104,58:14.7,2,good,10.96666667,2022-10-30,2022-10-30 11:33,-35.122275,black,1
4,68914,52,7.3,7.3,31:52.6,0.68191736,1.125902327,0.108074162,0.519646244,58:30.0,2,good,10.96666667,2022-10-29,2022-10-29 11:31,-33.466535,black,1
5,68915,8,0.04,7.26,26:59.4,0.569533289,1.079984717,0.07378374,0.418207186,58:14.0,2,good,10.96666667,2022-11-02,2022-11-02 11:37,-39.34973,black,1
8,77874,208,9.7,0,16:31.4,0.57348353,0.469443777,0.099627889,0.082165048,58:07.4,5,bad,10.96666667,2024-05-25,2024-05-25 9:16,101.4735483,red,2
2,90345,26,9.7,9.7,10:04.2,0.603252613,1.093629124,0.061693034,0.678946654,58:23.1,11,good,10.96666667,2024-11-28,2024-11-28 12:13,-75.23211833,black,1
6,90349,118,0,9.7,20:32.6,0.567221505,1.124746964,0.092714325,0.830844002,58:29.8,11,good,10.96666667,2025-03-09,2025-03-09 11:20,-22.20346167,black,1
6,90349,120,0,9.7,16:52.8,0.620664562,1.294309017,0.082327142,0.737214931,58:13.6,11,good,10.96666667,2025-03-11,2025-03-11 11:16,-18.72302833,black,1
1,68906,13,0,7.3,24:57.5,0.51016057,1.078339797,0.112197007,0.522946968,59:00.4,1,good,10.98333333,2022-10-24,2022-10-24 11:25,-26.02724667,black,1
1,68906,19,0,7.3,33:20.5,0.499828797,1.037188913,0.111153417,0.41322524,58:59.8,1,good,10.98333333,2022-10-30,2022-10-30 11:33,-34.36939167,black,1
1,68906,143,7.3,7.3,32:27.9,0.614071581,1.472486326,0.084744972,0.923932113,59:05.6,1,good,10.98333333,2023-03-03,2023-03-03 11:32,-33.47256333,black,1
2,68907,15,0,7.3,23:34.5,0.493408915,1.287300257,0.103706339,0.800974666,59:48.3,1,good,10.98333333,2022-10-23,2022-10-23 11:23,-23.86145833,black,1
3,68908,30,0,7.3,41:46.7,0.498961796,1.29631714,0.12218595,0.741207128,59:09.2,1,good,10.98333333,2022-11-05,2022-11-05 11:41,-42.67996167,black,1
4,68909,7,0,43.77,12:50.3,0.848246518,1.149475075,0.143810278,0.382531497,59:31.9,1,good,10.98333333,2022-10-20,2022-10-20 11:19,-20.051835,black,1
5,68910,5,0,0.1,16:53.4,0.407157811,1.026711632,0.08608438,0.582474226,59:12.4,1,good,10.98333333,2022-10-18,2022-10-18 11:16,-17.69265667,black,1
2,68912,155,0,0,23:22.7,0.835462038,1.245401395,0.417181232,0.593842534,59:56.4,2,good,10.98333333,2023-03-27,2023-03-27 10:47,12.58948833,black,1
2,68917,3,7.3,0,31:51.0,0.417315775,1.017391775,0.080291985,0.529648537,59:26.8,3,good,10.98333333,2022-10-29,2022-10-29 11:31,-32.52069667,black,1
2,68922,2,0,7.3,38:55.9,0.515892841,1.035652696,0.095767208,0.576416816,59:43.2,4,good,10.98333333,2022-11-04,2022-11-04 11:40,-40.69649,black,1
5,68925,119,7.3,7.3,25:13.7,0.711045772,1.494168432,0.103688696,1.003723047,59:08.7,4,good,10.98333333,2023-03-07,2023-03-07 11:25,-26.13823833,black,1
10,77886,120,0,9.7,12:59.0,0.484672366,0.872425592,0.051304401,0.249539235,59:58.6,6,good,10.98333333,2024-03-09,2024-03-09 11:20,-20.23934833,black,1
10,77886,128,38.8,9.7,04:09.9,0.625795216,0.939799697,0.084503303,0.280990599,59:23.9,6,good,10.98333333,2024-03-17,2024-03-17 11:05,-5.685171668,black,1
2,77898,8,0.1,9.6,25:58.3,0.583956769,1.426084714,0.094964762,0.725483312,59:42.5,8,good,10.98333333,2023-10-25,2023-10-25 11:26,-26.35833167,black,1
2,77898,10,9.7,9.7,28:10.9,0.510190012,0.988771179,0.093102576,0.504355211,58:59.0,8,good,10.98333333,2023-10-27,2023-10-27 11:28,-29.83268667,black,1
4,77900,136,9.7,9.7,30:01.5,0.59708706,1.122092493,0.089813555,0.582601663,59:13.9,8,good,10.98333333,2024-03-02,2024-03-02 11:33,-33.802445,black,1
4,90327,2,0,9.7,26:57.5,0.512623565,0.786325926,0.07711828,0.307896183,59:42.4,9,good,10.98333333,2024-10-25,2024-10-25 11:27,-27.37597833,black,1
5,90328,6,9.7,9.7,26:15.1,0.555714129,1.141011278,0.096674518,0.604111446,59:36.5,9,good,10.98333333,2024-10-20,2024-10-20 11:20,-20.62449833,black,1
2,90335,137,0,9.7,18:47.2,0.486641694,0.972902336,0.091237555,0.784029502,59:00.3,10,good,10.98333333,2025-03-10,2025-03-10 11:18,-19.82774167,black,1
2,90345,124,9.7,9.7,26:11.5,0.697949131,1.329209188,0.087739065,0.688026119,59:46.1,11,good,10.98333333,2025-03-06,2025-03-06 11:26,-26.48200334,black,1
9,90352,112,9.7,9.7,29:46.0,0.571425339,1.001893204,0.098071234,0.326473463,58:59.1,11,good,10.98333333,2025-03-04,2025-03-04 11:29,-30.91539,black,1
3,68908,24,0,7.3,33:15.3,0.467513697,1.326892892,0.106371291,0.777384644,00:58.3,1,good,11,2022-10-30,2022-10-30 11:33,-32.39451667,black,1
2,68912,163,0,7.3,32:00.8,0.858185433,1.409478844,0.50068431,0.901516485,00:10.7,2,good,11,2023-04-04,2023-04-04 10:32,28.01214,black,1
4,68914,49,7.3,0,22:24.8,0.531897359,1.037511382,0.09810813,0.457252092,00:35.5,2,good,11,2022-10-26,2022-10-26 11:27,-27.20770833,black,1
4,68914,51,14.6,7.3,30:32.8,0.846431801,1.104150909,0.142956552,0.494191658,00:12.7,2,good,11,2022-10-28,2022-10-28 11:30,-30.371925,black,1
5,68915,4,0.11,7.2,31:29.9,0.549693823,0.788722739,0.093520588,0.313454931,00:03.9,2,good,11,2022-10-29,2022-10-29 11:31,-31.90127167,black,1
2,68917,83,7.3,0,31:54.1,0.460986086,1.096878712,0.086038195,0.852241814,59:59.1,3,good,11,2023-01-17,2023-01-17 12:31,-31.98225167,black,1
4,68924,29,7.3,7.3,17:40.3,0.677211085,1.163661264,0.098091429,0.747006943,59:59.2,4,good,11,2022-12-02,2022-12-02 12:17,-17.76354167,black,1
5,77881,123,0,193.98,25:44.5,0.583986771,1.334343734,0.077930718,0.353184492,00:55.8,6,good,11,2024-03-06,2024-03-06 11:25,-24.83714333,black,1
5,77881,254,9.7,9.7,23:17.0,0.57221643,0.450690594,0.103754785,0.0697715,00:31.2,6,bad,11,2024-07-15,2024-07-15 9:23,97.22069667,red,2
4,77900,2,0,9.7,02:55.6,0.696703209,0.869365641,0.107573684,0.331925897,00:45.0,8,good,11,2023-10-20,2023-10-20 11:19,-18.482525,black,1
6,77902,2,0,9.7,19:13.3,0.596028247,0.790411473,0.111337865,0.328822803,00:13.9,8,good,11,2023-10-20,2023-10-20 11:19,-19.00124,black,1
6,77902,10,0,9.7,30:11.9,0.671243066,1.276728159,0.102311476,0.769809662,00:51.8,8,good,11,2023-10-28,2023-10-28 11:30,-29.35366333,black,1
4,90327,3,9.7,0,28:20.6,0.797545862,0.90609086,0.123744384,0.237804617,00:17.0,9,good,11,2024-10-26,2024-10-26 11:28,-28.18270167,black,1
5,90328,2,0,9.7,05:40.8,0.46558742,0.895766593,0.082808386,0.540415936,00:26.0,9,good,11,2024-10-16,2024-10-16 11:14,-14.433765,black,1
2,90335,135,0,9.7,22:29.9,0.44644003,1.139443712,0.079127198,0.851072774,00:37.0,10,good,11,2025-03-08,2025-03-08 11:22,-21.93369333,black,1
2,90345,45,0,9.7,31:46.9,0.714169894,1.350385963,0.10958612,0.689001516,00:51.4,11,good,11,2024-12-17,2024-12-17 12:31,-90.94383334,black,1
2,90345,122,0,9.7,29:49.8,0.45938151,1.194070025,0.103081695,0.677201696,00:10.4,11,good,11,2025-03-04,2025-03-04 11:29,-29.72735667,black,1
6,90349,114,0,0,28:01.6,0.602637324,1.282682662,0.096037939,0.723836049,00:09.7,11,good,11,2025-03-05,2025-03-05 11:28,-27.9053,black,1
7,90363,110,0,9.7,29:47.2,0.35817817,1.342347836,0.089250163,0.90892704,00:37.2,12,good,11,2025-03-04,2025-03-04 11:29,-29.27986,black,1
7,90363,111,0,9.7,27:55.7,0.504958069,1.496555342,0.12429112,0.919124177,00:03.3,12,good,11,2025-03-05,2025-03-05 11:28,-28.01218167,black,1
1,68906,18,0,0,31:55.6,0.579272967,1.108180167,0.129078524,0.508485464,01:50.3,1,good,11.01666667,2022-10-29,2022-10-29 11:31,-30.12830833,black,1
1,68906,22,0,7.3,37:28.5,0.510859826,1.002128025,0.111090344,0.341826341,01:32.9,1,good,11.01666667,2022-11-02,2022-11-02 11:37,-36.03503333,black,1
2,68907,5,7.3,14.6,10:14.3,0.71162266,0.955326794,0.111280954,0.399811967,01:33.2,1,good,11.01666667,2022-10-13,2022-10-13 11:10,-8.712701666,black,1
3,68908,37,0,7.3,51:40.7,0.513896693,0.419722878,0.078111964,0.067897348,01:30.6,1,bad,11.01666667,2022-11-12,2022-11-12 11:51,-50.20705333,red,2
2,68912,8,0,7.3,34:41.9,0.567868209,1.087846028,0.085115345,0.49517449,01:33.8,2,good,11.01666667,2022-10-31,2022-10-31 11:34,-33.20367333,black,1
2,68912,12,14.6,51.09,37:09.2,0.532719169,1.415525958,0.080051971,0.771984539,01:20.5,2,good,11.01666667,2022-11-04,2022-11-04 11:40,-39.07554167,black,1
3,68913,11,7.3,0,37:30.4,0.494072263,1.040114837,0.121577517,0.365070457,01:27.3,2,good,11.01666667,2022-11-02,2022-11-02 11:37,-36.12849,black,1
3,68913,12,0,14.65,38:12.5,0.661559579,1.060235677,0.093949207,0.333391169,01:25.5,2,good,11.01666667,2022-11-03,2022-11-03 11:39,-37.575685,black,1
5,68915,6,7.3,58.39,34:39.4,0.569967365,0.937668782,0.068358103,0.379626504,01:31.2,2,good,11.01666667,2022-10-31,2022-10-31 11:34,-33.24611,black,1
5,68915,11,29.2,7.3,21:09.0,0.539060517,0.864943245,0.05658023,0.295258775,01:53.0,2,good,11.01666667,2022-11-05,2022-11-05 11:41,-39.95056667,black,1
5,68915,135,14.6,197.08,07:16.4,0.568067398,1.05354683,0.055819724,0.402576855,01:08.8,2,good,11.01666667,2023-03-09,2023-03-09 11:21,-20.437165,black,1
2,68917,128,7.3,0,32:32.3,0.322853807,1.121754764,0.046286248,0.792518142,01:21.1,3,good,11.01666667,2023-03-03,2023-03-03 11:32,-31.21517667,black,1
2,68917,130,0,7.3,28:52.0,0.390260925,1.409843628,0.08968476,1.026743712,01:56.2,3,good,11.01666667,2023-03-05,2023-03-05 11:28,-27.01284333,black,1
5,68920,4,0,7.3,41:44.9,0.593091145,1.237829514,0.116449353,0.755343713,01:04.4,3,good,11.01666667,2022-11-05,2022-11-05 11:41,-40.75983833,black,1
2,68922,5,14.6,423.34,44:39.0,0.609521954,1.011249126,0.088052808,0.425001156,01:40.0,4,good,11.01666667,2022-11-07,2022-11-07 11:44,-42.98290167,black,1
5,68925,97,518.24,1861.28,02:22.3,0.731804997,1.135663083,0.102878586,0.820023099,01:22.7,4,good,11.01666667,2023-02-13,2023-02-13 12:02,-61.00430167,black,1
5,68925,115,7.3,0,32:30.5,0.421076031,1.421999779,0.060261342,0.977164436,01:55.6,4,good,11.01666667,2023-03-03,2023-03-03 11:32,-30.64076,black,1
2,77898,4,87.29,29.1,20:28.7,0.653626184,1.161816559,0.108220119,0.469890199,01:48.8,8,good,11.01666667,2023-10-21,2023-10-21 11:20,-18.77028833,black,1
4,77900,140,0,9.7,25:39.4,0.507302373,1.496815547,0.096852818,0.854986368,01:58.5,8,good,11.01666667,2024-03-06,2024-03-06 11:25,-23.79236833,black,1
5,77901,4,0,9.6,21:49.5,0.720814076,1.162788186,0.147738109,0.558794406,01:52.4,8,good,11.01666667,2023-10-22,2023-10-22 11:21,-20.07749,black,1
9,90343,3,0,9.7,38:06.6,0.431801546,0.552792324,0.089095095,0.130459826,01:40.0,10,good,11.01666667,2024-11-02,2024-11-02 11:38,-36.60019333,black,1
1,68906,20,0,0,33:03.4,0.515841771,1.184998342,0.099397338,0.594963904,02:43.5,1,good,11.03333333,2022-10-31,2022-10-31 11:34,-32.04108167,black,1
2,68907,18,7.3,0,26:01.8,0.452132933,1.211652109,0.090805232,0.757824455,02:52.2,1,good,11.03333333,2022-10-26,2022-10-26 11:27,-24.93055833,black,1
3,68908,23,0,0,31:47.8,0.461200592,1.421226087,0.112222452,0.863851092,02:40.6,1,good,11.03333333,2022-10-29,2022-10-29 11:31,-29.29053667,black,1
5,68910,21,7.3,0,38:56.8,0.464948931,1.197069631,0.095761976,0.727823861,02:53.7,1,good,11.03333333,2022-11-03,2022-11-03 11:39,-36.10479833,black,1
1,68911,5,7.3,7.3,17:28.6,0.710148236,1.04331797,0.123877626,0.356419548,02:13.4,2,good,11.03333333,2022-10-21,2022-10-21 11:20,-18.72687833,black,1
2,68912,11,7.3,14.6,38:58.3,0.680537255,1.156503969,0.113658685,0.55430684,02:11.2,2,good,11.03333333,2022-11-03,2022-11-03 11:39,-36.81343167,black,1
2,68912,17,14.6,846.7,46:34.3,0.579505492,1.400842035,0.076492304,0.816175791,02:51.1,2,good,11.03333333,2022-11-09,2022-11-09 11:47,-44.63231833,black,1
2,68912,129,0,7.3,36:02.5,0.548980752,1.466498358,0.085647815,0.724292888,02:31.3,2,good,11.03333333,2023-03-01,2023-03-01 11:36,-33.61170333,black,1
3,68913,17,0,7.3,46:00.4,0.645892911,1.510402604,0.093897637,0.945811671,02:10.2,2,good,11.03333333,2022-11-08,2022-11-08 11:46,-43.89688333,black,1
5,68915,9,6.8,0.5,36:06.8,0.597098629,0.977710736,0.064991699,0.351714487,02:29.0,2,good,11.03333333,2022-11-03,2022-11-03 11:39,-36.51692834,black,1
2,68917,120,0,7.3,46:29.6,0.631442829,1.421031515,0.191518148,0.993476163,02:10.1,3,good,11.03333333,2023-02-23,2023-02-23 11:46,-44.348365,black,1
5,68920,7,7.3,7.3,44:22.6,0.652874016,1.429697164,0.101950721,0.792554925,02:43.7,3,good,11.03333333,2022-11-08,2022-11-08 11:46,-43.33764167,black,1
5,68925,114,0,7.3,29:13.6,0.5776744,1.375847061,0.135681306,0.858534905,02:47.0,4,good,11.03333333,2023-03-02,2023-03-02 11:34,-31.58370833,black,1
3,77869,3,0,0,34:18.8,0.426410546,0.462415509,0.077586477,0.089463343,02:23.5,5,good,11.03333333,2023-10-31,2023-10-31 11:34,-32.02537667,black,1
6,77902,6,0,9.7,24:34.5,0.52512443,0.992564199,0.077369232,0.57337417,02:30.9,8,good,11.03333333,2023-10-24,2023-10-24 11:24,-22.16902333,black,1
6,77902,8,9.7,9.7,27:24.9,0.589318329,0.921715435,0.073759343,0.340503275,02:26.7,8,good,11.03333333,2023-10-26,2023-10-26 11:27,-24.988835,black,1
3,90326,3,0,0,26:58.5,0.486861177,1.128550696,0.063108257,0.839379992,02:00.6,9,good,11.03333333,2024-10-25,2024-10-25 11:27,-25.07329834,black,1
4,90327,14,19.4,38.8,08:29.7,0.60422259,0.870698166,0.070218115,0.258036926,02:15.5,9,good,11.03333333,2024-11-06,2024-11-06 11:43,-41.658025,black,1
6,90349,113,0,9.7,29:46.7,0.313029759,1.500342157,0.085049228,0.946430225,02:04.4,11,good,11.03333333,2025-03-04,2025-03-04 11:29,-27.826645,black,1
10,90353,107,9.7,9.7,32:55.3,0.327587607,0.751702037,0.038679624,0.271984335,02:27.6,11,good,11.03333333,2025-02-27,2025-02-27 11:38,-36.35656166,black,1
7,90363,115,0,9.7,20:39.4,0.57940434,1.321522202,0.098636991,0.975781549,02:09.5,12,good,11.03333333,2025-03-09,2025-03-09 11:20,-18.541855,black,1
1,68906,141,7.3,72.99,36:05.3,0.720807164,1.526255603,0.112906022,0.89800792,03:34.1,1,good,11.05,2023-03-01,2023-03-01 11:36,-32.56492667,black,1
2,68907,3,0,7.3,07:39.9,0.398214752,1.009588566,0.075796431,0.542223098,03:43.5,1,good,11.05,2022-10-11,2022-10-11 11:07,-3.941480001,black,1
2,68907,17,7.3,7.3,26:23.2,0.425432745,1.386982781,0.0900006,0.875053257,03:42.8,1,good,11.05,2022-10-25,2022-10-25 11:26,-22.70359,black,1
3,68908,28,0,7.3,38:58.6,0.618566558,1.369212792,0.170730899,0.734791089,03:31.7,1,good,11.05,2022-11-03,2022-11-03 11:39,-35.471005,black,1
3,68908,29,0,7.3,40:11.7,0.522506508,1.334048482,0.111100121,0.714619392,03:02.7,1,good,11.05,2022-11-04,2022-11-04 11:40,-37.37238167,black,1
4,68909,15,7.3,7.3,54:09.3,0.698866391,1.011870931,0.105295389,0.400539419,03:21.3,1,good,11.05,2022-10-28,2022-10-28 11:30,-27.228985,black,1
1,68911,10,0,7.2,27:43.2,0.52377646,0.910440937,0.072679242,0.237271695,03:06.3,2,good,11.05,2022-10-26,2022-10-26 11:27,-24.69488167,black,1
2,68912,13,7.3,7.3,19:01.9,0.613910244,1.297263687,0.103999039,0.570576102,03:46.8,2,good,11.05,2022-11-05,2022-11-05 11:41,-38.053855,black,1
2,68912,127,0,7.3,39:33.8,0.35997885,1.081080784,0.041227621,0.902463805,03:23.0,2,good,11.05,2023-02-27,2023-02-27 11:39,-36.26734667,black,1
4,68914,57,7.3,7.3,37:04.3,0.739870156,1.121718625,0.11584039,0.523023129,03:19.7,2,good,11.05,2022-11-03,2022-11-03 11:39,-35.67175333,black,1
2,68917,133,0,7.3,23:21.5,0.584695108,1.388983449,0.112331682,0.996743788,03:21.8,3,good,11.05,2023-03-08,2023-03-08 11:23,-20.08653,black,1
2,68922,3,7.3,0,41:04.9,0.503636159,0.954825209,0.09621666,0.434774821,03:48.9,4,good,11.05,2022-11-05,2022-11-05 11:41,-38.01773833,black,1
8,77874,3,0,9.7,33:38.5,0.524617905,1.02028275,0.076572706,0.527085483,03:30.2,5,good,11.05,2023-11-02,2023-11-02 11:37,-33.71257,black,1
5,77881,124,9.7,0,23:47.3,0.770312638,1.211116365,0.191469632,0.510651178,03:01.0,6,good,11.05,2024-03-07,2024-03-07 11:23,-20.89945667,black,1
2,77898,6,38.8,19.4,17:48.5,0.614636602,1.248745451,0.089422156,0.595422747,03:49.9,8,good,11.05,2023-10-23,2023-10-23 11:23,-19.48564833,black,1
4,77900,137,0,9.7,25:00.8,0.542208236,1.172734204,0.083849756,0.69573621,03:45.4,8,good,11.05,2024-03-03,2024-03-03 11:31,-27.47690334,black,1
6,77902,13,0,9.7,08:03.2,0.561376446,0.819218288,0.089058147,0.436206513,03:49.6,8,good,11.05,2023-10-31,2023-10-31 11:34,-30.58942833,black,1
7,77903,139,0,9.7,25:40.7,0.54088346,1.375165866,0.079097333,0.812742298,03:07.9,8,good,11.05,2024-03-06,2024-03-06 11:25,-22.63462333,black,1
2,90335,134,9.7,0,24:16.4,0.705083643,1.074619757,0.112764952,0.780032712,03:31.3,10,good,11.05,2025-03-07,2025-03-07 11:24,-20.87758,black,1
2,68907,146,0,7.3,32:33.1,0.381179549,1.286647965,0.066524854,0.873771258,04:16.9,1,good,11.06666667,2023-03-03,2023-03-03 11:32,-28.28472167,black,1
5,68910,22,7.3,0,40:23.3,0.488942769,1.235023712,0.090741125,0.736163462,04:34.8,1,good,11.06666667,2022-11-04,2022-11-04 11:40,-35.83699,black,1
2,68912,9,0,0,36:09.8,0.582798366,1.247579048,0.125230386,0.638141895,04:00.0,2,good,11.06666667,2022-11-01,2022-11-01 11:36,-32.18365666,black,1
3,68913,13,7.3,0,40:22.8,0.76708586,1.268018863,0.115200349,0.693292125,04:12.1,2,good,11.06666667,2022-11-04,2022-11-04 11:40,-36.21547833,black,1
3,68913,14,0,7.3,41:49.1,0.456851808,1.417260762,0.085311992,0.906792665,04:47.6,2,good,11.06666667,2022-11-05,2022-11-05 11:41,-37.04027167,black,1
3,68913,16,7.3,0,44:34.2,0.521331002,1.419577025,0.098397179,0.800813878,04:37.5,2,good,11.06666667,2022-11-07,2022-11-07 11:44,-40.02451333,black,1
3,68913,166,7.3,7.3,28:18.8,0.348065444,0.410748484,0.026283305,0.035293153,04:31.1,2,good,11.06666667,2023-04-06,2023-04-06 10:28,36.10226333,black,1
2,68917,7,7.3,0,37:25.4,0.408072009,1.180467822,0.07181769,0.759600915,04:31.9,3,good,11.06666667,2022-11-02,2022-11-02 11:37,-33.05156,black,1
2,68917,126,0,7.3,36:05.3,0.589710343,1.453354147,0.091958152,1.055367512,04:32.2,3,good,11.06666667,2023-03-01,2023-03-01 11:36,-31.59652667,black,1
2,68917,152,7.3,0,47:16.1,0.648970409,1.423328879,0.149348967,0.895718817,04:15.3,3,good,11.06666667,2023-03-27,2023-03-27 10:47,16.90498667,black,1
5,68925,116,7.3,0,30:41.2,0.71868097,1.623316354,0.206515899,1.056839208,04:36.5,4,good,11.06666667,2023-03-04,2023-03-04 11:30,-26.15899833,black,1
5,77881,138,0,9.7,55:08.3,0.852843928,1.396209566,0.202585145,0.577476396,04:35.8,6,good,11.06666667,2024-03-21,2024-03-21 10:57,7.163879999,black,1
10,77886,130,0,9.7,33:59.4,0.560166281,1.156912345,0.059697387,0.715303867,04:47.5,6,good,11.06666667,2024-03-19,2024-03-19 11:01,3.524218333,black,1
5,77901,7,19.42,19.42,25:59.8,0.630053906,0.887301185,0.074664915,0.205227683,04:44.7,8,good,11.06666667,2023-10-25,2023-10-25 11:26,-21.32218,black,1
3,90326,4,0,0,28:21.2,0.549970479,1.260049358,0.106356959,0.804505334,04:31.2,9,good,11.06666667,2024-10-26,2024-10-26 11:28,-23.94607667,black,1
3,90326,5,0,9.7,29:43.9,0.472405202,1.317189202,0.1276339,0.887976062,04:55.7,9,good,11.06666667,2024-10-27,2024-10-27 11:29,-24.92084833,black,1
2,90335,136,0,9.7,20:33.7,0.380610333,1.07160506,0.059386828,0.885528062,04:29.9,10,good,11.06666667,2025-03-09,2025-03-09 11:20,-16.20126167,black,1
6,90349,116,9.7,0,24:21.9,0.615165622,1.405985971,0.072640785,0.884312861,04:05.7,11,good,11.06666667,2025-03-07,2025-03-07 11:24,-20.30429167,black,1
10,90353,112,0,9.7,07:03.5,0.597964467,1.110359356,0.078496956,0.448671942,04:43.3,11,good,11.06666667,2025-03-04,2025-03-04 11:29,-25.17771,black,1
10,90353,117,0,9.7,43:50.4,0.49879343,1.102638584,0.070719149,0.404532698,04:53.0,11,good,11.06666667,2025-03-09,2025-03-09 11:20,-15.816095,black,1
1,68906,180,0,7.3,22:02.6,1.24925224,1.952970382,0.826770702,0.993725268,05:03.7,1,bad,11.08333333,2023-04-09,2023-04-09 10:22,42.194455,red,2
2,68907,11,0,7.3,18:11.7,0.485981447,1.251493433,0.104784434,0.737308712,05:22.5,1,good,11.08333333,2022-10-19,2022-10-19 11:18,-12.85909333,black,1
4,68909,10,14.6,7.3,23:16.3,0.724506873,1.125937244,0.159657647,0.455841112,05:28.0,1,good,11.08333333,2022-10-23,2022-10-23 11:23,-18.20033,black,1
5,68910,23,0,7.3,41:49.8,0.540464033,1.274497266,0.112341309,0.791148375,05:02.9,1,good,11.08333333,2022-11-05,2022-11-05 11:41,-36.78575833,black,1
4,68914,54,7.3,7.3,34:39.5,0.679749684,0.93540023,0.131846329,0.369098798,05:39.6,2,good,11.08333333,2022-10-31,2022-10-31 11:34,-29.10629167,black,1
5,68915,10,6.91,0.39,40:22.3,0.52320715,0.89517583,0.05885894,0.367748426,05:09.7,2,good,11.08333333,2022-11-04,2022-11-04 11:40,-35.25542334,black,1
2,68917,5,0,7.3,34:45.4,0.460947806,1.127849122,0.098655897,0.651878631,05:09.0,3,good,11.08333333,2022-10-31,2022-10-31 11:34,-29.61601333,black,1
2,68917,10,0,7.3,41:47.4,0.498179139,1.210334126,0.097868772,0.706009297,05:51.4,3,good,11.08333333,2022-11-05,2022-11-05 11:41,-35.97611667,black,1
2,68917,16,0,0,50:16.6,0.497706826,1.334282837,0.097930415,0.882656098,05:13.2,3,good,11.08333333,2022-11-11,2022-11-11 11:50,-45.07996333,black,1
4,68919,3,7.3,7.3,37:29.5,0.643029991,0.886931205,0.099818726,0.257936843,05:05.4,3,good,11.08333333,2022-11-02,2022-11-02 11:37,-32.49250333,black,1
5,68920,3,6.91,0,39:56.4,0.75091388,1.001198537,0.122081746,0.318234972,05:42.3,3,good,11.08333333,2022-11-04,2022-11-04 11:40,-34.711395,black,1
5,68925,113,0,7.3,36:02.7,0.541415197,1.558277282,0.103477003,1.026043714,05:42.4,4,good,11.08333333,2023-03-01,2023-03-01 11:36,-30.42619833,black,1
3,77869,13,9.7,0,48:29.7,0.455254321,0.586821047,0.063156145,0.142564343,05:54.3,5,good,11.08333333,2023-11-10,2023-11-10 11:48,-42.62817333,black,1
5,77881,122,126.09,9.7,22:41.0,0.615614438,1.170139462,0.074172256,0.56440749,04:59.0,6,good,11.08333333,2024-03-05,2024-03-05 11:27,-22.61589667,black,1
5,77881,270,9.7,9.7,40:20.0,0.536770541,0.444412673,0.109423343,0.074903171,05:56.0,6,bad,11.08333333,2024-07-31,2024-07-31 9:40,85.54945333,red,2
6,77902,7,9.7,0,25:59.6,0.553904559,1.052083034,0.090023204,0.539111488,05:13.6,8,good,11.08333333,2023-10-25,2023-10-25 11:26,-20.83991667,black,1
3,90326,124,0,9.7,45:41.2,0.201152521,0.229578003,0.009193335,0.0207508,05:50.8,9,good,11.08333333,2025-02-23,2025-02-23 11:45,-39.853345,black,1
1,68906,25,0,7.3,13:16.1,0.509724913,1.040637072,0.106497653,0.510050181,06:24.9,1,good,11.1,2022-11-05,2022-11-05 11:41,-35.41802,black,1
2,68907,19,0,0,29:04.7,0.885083087,1.452438101,0.260014139,0.8996771,06:46.2,1,good,11.1,2022-10-27,2022-10-27 11:29,-22.413505,black,1
2,68907,21,0,0,31:46.0,0.397787779,1.326525574,0.081455129,0.771907996,06:54.1,1,good,11.1,2022-10-29,2022-10-29 11:31,-25.06418833,black,1
2,68907,144,7.3,0,36:04.5,0.584732363,1.217414391,0.107849776,0.842792841,06:42.7,1,good,11.1,2023-03-01,2023-03-01 11:36,-29.42225667,black,1
3,68908,33,0,0,46:02.5,0.754234578,1.481777136,0.188486127,0.847257636,06:27.5,1,good,11.1,2022-11-08,2022-11-08 11:46,-39.60891167,black,1
2,68912,147,7.33,7.3,02:26.0,1.359737928,0.969776103,1.033291583,0.508423073,06:54.1,2,bad,11.1,2023-03-19,2023-03-19 11:02,4.218728332,red,2
3,68913,18,0,7.3,47:26.7,0.573725046,1.37541546,0.083966793,0.876791208,06:39.0,2,good,11.1,2022-11-09,2022-11-09 11:47,-40.83366333,black,1
2,68917,4,0,7.3,33:18.2,0.360799292,1.037204068,0.055914388,0.621381975,06:37.0,3,good,11.1,2022-10-30,2022-10-30 11:33,-26.7497,black,1
1,68921,3,0,6.49,41:21.4,0.430847918,1.044010424,0.057033344,0.626163955,06:53.6,4,good,11.1,2022-11-05,2022-11-05 11:41,-34.94009,black,1
3,77869,4,9.7,0,35:44.1,0.392758279,0.464879529,0.067202087,0.076516314,06:33.7,5,good,11.1,2023-11-01,2023-11-01 11:35,-29.254775,black,1
8,77874,4,0,9.7,38:34.7,0.491229656,1.115006101,0.114258575,0.768790514,06:10.6,5,good,11.1,2023-11-03,2023-11-03 11:38,-32.45648834,black,1
9,77895,21,9.7,9.7,26:37.0,0.658214272,1.092179751,0.095094598,0.496922539,06:10.7,7,good,11.1,2023-11-01,2023-11-01 11:35,-29.63887667,black,1
4,77900,27,9.6,0,54:07.0,0.576189671,1.178495804,0.122816816,0.629302835,06:50.5,8,good,11.1,2023-11-14,2023-11-14 11:54,-47.308615,black,1
4,77900,139,19.4,0,19:50.3,0.622501357,1.065527058,0.072489855,0.42048449,06:39.8,8,good,11.1,2024-03-05,2024-03-05 11:27,-20.936245,black,1
6,77902,4,9.7,0,21:53.9,0.708259454,1.014083105,0.095333927,0.405687258,06:37.4,8,good,11.1,2023-10-22,2023-10-22 11:21,-15.327295,black,1
8,77904,10,0,0,35:41.8,0.55823708,0.607023635,0.078065153,0.081564432,06:02.5,8,good,11.1,2023-11-01,2023-11-01 11:35,-29.77566667,black,1
3,90326,6,9.7,0,30:37.5,0.54897337,1.161331729,0.094183729,0.806332408,06:18.4,9,good,11.1,2024-10-28,2024-10-28 11:31,-24.94317333,black,1
4,90327,4,0,9.7,47:25.1,0.537665527,0.915115105,0.07351907,0.623768427,06:11.7,9,good,11.1,2024-10-27,2024-10-27 11:29,-23.65480167,black,1
6,90349,112,0,9.7,31:40.5,0.35776402,1.228024694,0.053642988,0.90840278,06:22.9,11,good,11.1,2025-03-03,2025-03-03 11:31,-25.318315,black,1
1,68906,23,0,7.3,38:53.7,0.593097818,1.198116844,0.111911546,0.573913451,07:20.9,1,good,11.11666667,2022-11-03,2022-11-03 11:39,-31.65242333,black,1
1,68906,139,0,7.3,39:35.2,0.502952627,1.396589014,0.072964897,0.825926511,07:55.1,1,good,11.11666667,2023-02-27,2023-02-27 11:39,-31.73208833,black,1
1,68906,142,7.3,7.3,34:20.3,0.772087966,1.497477201,0.112829134,0.965640589,07:46.7,1,good,11.11666667,2023-03-02,2023-03-02 11:34,-26.58790333,black,1
1,68906,144,0,7.3,30:43.0,0.79833929,1.553615455,0.217654925,0.942621291,07:19.2,1,good,11.11666667,2023-03-04,2023-03-04 11:30,-23.44647333,black,1
2,68907,10,0,7.3,16:50.9,0.414862311,1.305744638,0.07721512,0.779480006,07:11.5,1,good,11.11666667,2022-10-18,2022-10-18 11:16,-9.708129998,black,1
4,68914,63,7.3,7.3,24:59.4,0.809948158,1.107044609,0.130441785,0.476931354,07:32.9,2,good,11.11666667,2022-11-09,2022-11-09 11:47,-39.93535167,black,1
5,68920,6,0,7.3,44:38.2,0.592519485,1.277264365,0.107283631,0.712651885,07:14.8,3,good,11.11666667,2022-11-07,2022-11-07 11:44,-37.40339,black,1
5,68925,112,7.3,72.99,37:52.4,0.610512905,1.635020308,0.111578218,1.06472911,07:03.0,4,good,11.11666667,2023-02-28,2023-02-28 11:37,-30.85026833,black,1
3,77869,21,9.7,0,59:31.9,0.337127213,0.364101806,0.02998549,0.033085598,07:04.9,5,good,11.11666667,2023-11-18,2023-11-18 11:59,-52.58540167,black,1
5,77881,242,9.7,9.7,13:44.1,0.392093109,0.481987363,0.05187172,0.08643903,07:56.7,6,good,11.11666667,2024-07-03,2024-07-03 9:13,114.1450367,black,1
4,77900,15,0.1,9.6,37:09.4,0.587276702,1.044667115,0.092312369,0.616796342,07:49.5,8,good,11.11666667,2023-11-02,2023-11-02 11:37,-29.39107833,black,1
6,77902,5,0,9.7,23:18.9,0.543155657,1.056697181,0.082783034,0.491351251,07:53.1,8,good,11.11666667,2023-10-23,2023-10-23 11:23,-15.43208333,black,1
6,77902,9,9.7,9.7,28:36.9,0.552748485,0.913477192,0.095901423,0.406323198,07:35.0,8,good,11.11666667,2023-10-27,2023-10-27 11:28,-21.23383,black,1
3,90326,15,0,0,43:50.7,0.607112438,1.151280148,0.127129636,0.662450579,07:24.2,9,good,11.11666667,2024-11-06,2024-11-06 11:43,-36.513115,black,1
7,90363,105,0,0,38:45.3,0.492012333,1.519784705,0.085504515,1.055789405,07:48.6,12,good,11.11666667,2025-02-27,2025-02-27 11:38,-31.0069,black,1
2,68907,31,0,7.3,45:20.8,0.597152192,1.451094514,0.120180137,0.733387282,08:33.6,1,good,11.13333333,2022-11-08,2022-11-08 11:46,-37.50631833,black,1
3,68908,26,7.3,0,36:10.4,0.417492168,1.411280416,0.108930516,0.831323434,08:52.7,1,good,11.13333333,2022-11-01,2022-11-01 11:36,-27.30531667,black,1
4,68909,17,7.4,7.2,18:06.0,0.685884376,1.028922773,0.108085452,0.294201948,08:19.4,1,good,11.13333333,2022-10-30,2022-10-30 11:33,-25.04331667,black,1
4,68909,20,0.04,0,12:35.7,0.716135553,1.071303438,0.117253297,0.405954314,08:03.0,1,good,11.13333333,2022-11-02,2022-11-02 11:37,-29.53345667,black,1
4,68914,59,7.3,7.3,41:48.1,0.642882979,1.128120683,0.125116626,0.508771526,08:40.1,2,good,11.13333333,2022-11-05,2022-11-05 11:41,-33.16572833,black,1
4,68919,6,0.84,6.46,41:47.3,0.589123585,1.197952225,0.105996048,0.585436765,08:18.1,3,good,11.13333333,2022-11-05,2022-11-05 11:41,-33.53245833,black,1
4,68919,8,0,7.3,21:47.8,0.531086726,1.123613345,0.095020457,0.393097818,08:50.9,3,good,11.13333333,2022-11-07,2022-11-07 11:44,-35.80226167,black,1
4,68924,8,7.3,0,50:15.9,0.560420503,1.008257006,0.09531083,0.664878144,08:58.7,4,good,11.13333333,2022-11-11,2022-11-11 11:50,-41.32178667,black,1
2,77888,5,19.4,19.4,59:31.8,0.652649533,1.01188756,0.116982192,0.537558287,08:32.4,7,good,11.13333333,2023-11-18,2023-11-18 11:59,-51.125995,black,1
9,77895,18,0,9.7,31:32.0,0.689337498,1.252007172,0.079744916,0.471271826,08:11.0,7,good,11.13333333,2023-10-29,2023-10-29 11:31,-23.432615,black,1
9,77895,144,0,9.7,30:17.1,0.551434368,1.341821914,0.088972666,0.61369586,08:23.0,7,good,11.13333333,2024-03-03,2024-03-03 11:31,-22.84979333,black,1
4,77900,138,417.06,9.7,29:22.6,0.634286364,1.241447522,0.091536671,0.633106595,08:46.0,8,good,11.13333333,2024-03-04,2024-03-04 11:29,-20.650205,black,1
3,90326,9,9.7,0,35:24.5,0.526311174,1.10151195,0.101882227,0.697116549,08:01.2,9,good,11.13333333,2024-10-31,2024-10-31 11:35,-27.43075667,black,1
2,90335,131,0,9.7,29:45.5,0.293633016,1.154438606,0.039423054,0.767859818,08:20.6,10,good,11.13333333,2025-03-04,2025-03-04 11:29,-21.55713667,black,1
2,90335,132,0,9.7,27:59.0,0.485908219,1.063787746,0.089894896,0.796284221,08:31.6,10,good,11.13333333,2025-03-05,2025-03-05 11:28,-19.5406,black,1
2,90345,117,9.7,9.7,38:42.7,0.689569443,1.291588728,0.089627167,0.960733169,08:43.7,11,good,11.13333333,2025-02-27,2025-02-27 11:38,-30.08806333,black,1
7,90363,114,0,9.7,22:30.9,0.707590113,1.532989423,0.112562998,0.876189411,08:03.5,12,good,11.13333333,2025-03-08,2025-03-08 11:22,-14.49211667,black,1
1,68906,24,0,7.3,38:44.0,0.448859162,1.297064246,0.095081365,0.639391478,09:15.2,1,good,11.15,2022-11-04,2022-11-04 11:40,-31.16285667,black,1
2,68907,16,7.3,0,24:55.2,0.385248976,1.364516615,0.083793054,0.900721531,09:32.7,1,good,11.15,2022-10-24,2022-10-24 11:25,-15.48833,black,1
2,68907,20,0,7.3,30:32.6,0.664375482,1.369586953,0.125364413,0.849548333,09:41.7,1,good,11.15,2022-10-28,2022-10-28 11:30,-20.888155,black,1
2,68907,30,0,7.3,44:36.5,0.575113045,1.404864978,0.090348852,0.766662506,09:38.8,1,good,11.15,2022-11-07,2022-11-07 11:44,-35.00290833,black,1
2,68907,145,7.3,7.3,34:15.2,0.512872101,1.267533288,0.101549962,0.815439782,09:23.4,1,good,11.15,2023-03-02,2023-03-02 11:34,-24.97710167,black,1
3,68908,22,7.3,0,30:34.9,0.541922108,1.223896235,0.150652737,0.703733426,09:29.4,1,good,11.15,2022-10-28,2022-10-28 11:30,-21.09375333,black,1
5,68910,25,0,0,44:35.4,0.574319151,1.337825886,0.120396719,0.789162722,09:30.7,1,good,11.15,2022-11-07,2022-11-07 11:44,-35.13876834,black,1
2,68912,16,7.3,0,30:15.5,0.620461207,1.315707211,0.099445876,0.587057606,09:16.2,2,good,11.15,2022-11-08,2022-11-08 11:46,-36.79622167,black,1
3,68913,10,7.3,0,36:04.2,0.394866032,1.329498665,0.069294831,0.830072472,09:37.7,2,good,11.15,2022-11-01,2022-11-01 11:36,-26.5546,black,1
4,68914,58,7.3,7.3,40:20.9,0.558006205,1.174844731,0.089777154,0.583469661,09:09.7,2,good,11.15,2022-11-04,2022-11-04 11:40,-31.25543667,black,1
1,68916,6,0,7.2,14:27.1,0.625407504,1.089884797,0.096518936,0.345451524,09:46.1,3,good,11.15,2022-11-01,2022-11-01 11:36,-26.41526333,black,1
2,68917,9,0,7.3,40:20.1,0.454568026,1.266154327,0.086834962,0.758678938,09:16.1,3,good,11.15,2022-11-04,2022-11-04 11:40,-31.14852333,black,1
4,68919,13,7.3,0,51:35.9,0.460620332,1.384125656,0.096756479,0.856967908,09:42.5,3,good,11.15,2022-11-12,2022-11-12 11:51,-42.00769333,black,1
2,68922,12,7.3,1189.72,50:40.0,0.6671517,0.955785092,0.088984898,0.292403766,09:16.0,4,good,11.15,2022-11-14,2022-11-14 11:54,-45.23253667,black,1
4,68924,4,7.3,7.3,44:32.3,0.708426338,1.301208532,0.130465673,0.743634883,09:12.8,4,good,11.15,2022-11-07,2022-11-07 11:44,-35.43592667,black,1
8,77874,5,9.7,0,39:57.4,0.537607981,1.020971071,0.117498673,0.493307158,09:00.7,5,good,11.15,2023-11-04,2023-11-04 11:40,-31.03807333,black,1
10,77876,6,0,9.7,42:45.2,0.60830034,0.925664956,0.12733828,0.57488796,09:13.0,5,good,11.15,2023-11-06,2023-11-06 11:42,-33.65010833,black,1
3,77879,5,0,9.7,45:38.3,0.627480006,0.936634606,0.108295072,0.387875985,09:40.5,6,good,11.15,2023-11-08,2023-11-08 11:45,-36.02507833,black,1
3,77899,16,48.49,145.48,25:06.9,0.653678791,1.150073681,0.100454466,0.491006922,09:31.1,8,good,11.15,2023-11-03,2023-11-03 11:38,-29.11416,black,1
5,77901,12,9.7,9.7,06:26.1,0.664148111,1.094234868,0.097413527,0.368715007,09:06.6,8,good,11.15,2023-10-30,2023-10-30 11:33,-23.88958,black,1
3,90326,2,9.7,9.7,24:37.5,0.501449826,0.933643343,0.048285978,0.603395393,09:31.3,9,good,11.15,2024-10-24,2024-10-24 11:25,-16.178995,black,1
3,90326,7,0,0,32:38.9,0.489305295,1.243374752,0.094533005,0.914229921,09:37.5,9,good,11.15,2024-10-29,2024-10-29 11:32,-23.025665,black,1
3,90326,12,9.7,0,36:38.1,0.397747743,1.049392288,0.080084695,0.43560991,09:05.1,9,good,11.15,2024-11-03,2024-11-03 11:39,-30.59766167,black,1
2,90335,4,0,9.7,20:09.2,0.543579671,0.876663556,0.122970975,0.546250839,09:25.6,10,good,11.15,2024-10-28,2024-10-28 11:31,-21.82304167,black,1
2,90335,8,0,0,15:52.9,0.615490629,0.985978367,0.102016004,0.45419068,09:02.0,10,good,11.15,2024-11-01,2024-11-01 11:36,-27.81595,black,1
2,90345,119,0,9.7,35:15.0,0.63475678,1.125670076,0.083934276,0.767066222,09:56.8,11,good,11.15,2025-03-01,2025-03-01 11:35,-25.33623,black,1
6,90349,107,0,9.7,40:33.6,0.649284591,1.08036997,0.089887519,0.678157263,09:56.8,11,good,11.15,2025-02-26,2025-02-26 11:40,-30.61951167,black,1
7,90363,104,0,9.7,40:27.1,0.570337835,1.295215481,0.091964378,0.798037354,09:49.8,12,good,11.15,2025-02-26,2025-02-26 11:40,-30.73646333,black,1
5,68910,19,0,0,36:03.9,0.440454211,1.216600244,0.104936373,0.697629837,10:57.7,1,good,11.16666667,2022-11-01,2022-11-01 11:36,-25.22237333,black,1
2,68912,132,0,7.3,30:40.0,0.576171757,1.508043917,0.178077729,1.001906987,10:40.1,2,good,11.16666667,2023-03-04,2023-03-04 11:30,-20.09774834,black,1
3,68913,24,0,7.3,55:47.2,0.619482566,1.511042319,0.098066565,0.986095948,10:58.6,2,good,11.16666667,2022-11-15,2022-11-15 11:55,-44.923045,black,1
4,68914,61,7.3,7.3,44:35.0,0.677175644,1.003617054,0.078637313,0.325696852,10:35.9,2,good,11.16666667,2022-11-07,2022-11-07 11:44,-34.051425,black,1
2,68917,14,0,7.3,47:22.0,0.515862195,1.37029634,0.096519605,0.934384859,10:49.6,3,good,11.16666667,2022-11-09,2022-11-09 11:47,-36.65730833,black,1
9,77895,147,0,9.7,25:41.7,0.631641232,1.240499809,0.084630154,0.649277273,10:35.0,7,good,11.16666667,2024-03-06,2024-03-06 11:25,-15.183795,black,1
7,77903,131,0,9.7,40:05.5,0.421844062,1.109092792,0.086975547,0.605681867,10:35.6,8,good,11.16666667,2024-02-27,2024-02-27 11:40,-29.52274167,black,1
2,90335,126,9.7,0,38:46.3,0.461546208,1.178871246,0.089650877,1.012211534,10:06.1,10,good,11.16666667,2025-02-27,2025-02-27 11:38,-28.71476833,black,1
7,90341,3,9.7,9.7,28:12.4,0.533617035,0.765575567,0.083679344,0.182889934,10:21.2,10,good,11.16666667,2024-11-02,2024-11-02 11:38,-27.91345667,black,1
5,90348,14,9.7,9.7,50:58.9,0.665942837,0.87478216,0.131496152,0.288306081,10:49.2,11,good,11.16666667,2024-11-20,2024-11-20 12:03,-52.56292167,black,1
6,90349,110,0,9.7,35:09.0,0.35737912,1.111089461,0.044454474,0.922021604,10:02.0,11,good,11.16666667,2025-03-01,2025-03-01 11:35,-25.25077667,black,1
10,90353,111,0,9.7,20:32.4,0.523456598,0.827735325,0.083088037,0.259582746,10:46.1,11,good,11.16666667,2025-03-03,2025-03-03 11:31,-20.93168333,black,1
10,90353,115,0,0,37:55.7,0.61806321,0.842072297,0.088800165,0.204954346,10:40.2,11,good,11.16666667,2025-03-07,2025-03-07 11:24,-13.72982833,black,1
1,68906,137,0,7.3,58:19.0,0.525490036,1.184087746,0.077309984,0.726909135,11:54.0,1,good,11.18333333,2023-02-25,2023-02-25 11:43,-31.21662667,black,1
4,68909,16,14.6,7.3,31:51.3,0.82337751,1.016852555,0.133415093,0.367064418,11:58.9,1,good,11.18333333,2022-10-29,2022-10-29 11:31,-19.98529333,black,1
4,68909,19,0,7.3,36:04.9,0.561770524,1.027271348,0.101855888,0.386158149,11:57.1,1,good,11.18333333,2022-11-01,2022-11-01 11:36,-24.232415,black,1
5,68910,26,0,7.3,46:01.9,0.632065779,1.443828001,0.128088782,0.772726249,11:55.5,1,good,11.18333333,2022-11-08,2022-11-08 11:46,-34.14148833,black,1
5,68910,27,7.3,0,47:28.4,0.347001764,1.306594563,0.0710093,0.778612801,11:03.4,1,good,11.18333333,2022-11-09,2022-11-09 11:47,-36.42725,black,1
2,68917,129,0,7.3,30:42.2,0.685463397,1.257114517,0.109347338,0.875320583,11:18.9,3,good,11.18333333,2023-03-04,2023-03-04 11:30,-19.45102667,black,1
4,68919,5,0.39,6.91,40:21.7,0.792901559,1.041657014,0.126580401,0.427331376,11:00.1,3,good,11.18333333,2022-11-04,2022-11-04 11:40,-29.41487833,black,1
4,68919,16,0,7.3,55:51.8,0.436218982,1.559131847,0.090524151,0.942659106,11:39.8,3,good,11.18333333,2022-11-15,2022-11-15 11:55,-44.23712,black,1
5,68920,8,0,7.3,46:33.1,0.44608068,1.333529185,0.092700571,0.810355454,11:21.0,3,good,11.18333333,2022-11-09,2022-11-09 11:47,-36.13271333,black,1
6,77872,2,0,0,35:34.7,0.363910852,0.763891174,0.049908009,0.319967949,11:44.6,5,good,11.18333333,2023-11-01,2023-11-01 11:35,-24.073935,black,1
8,77874,2,0,9.7,35:39.6,0.504103967,0.916953824,0.097000307,0.440945264,11:01.0,5,good,11.18333333,2023-11-01,2023-11-01 11:35,-24.79999167,black,1
8,77874,6,0,9.7,41:20.2,0.492911121,0.950223949,0.085372378,0.546415976,11:21.7,5,good,11.18333333,2023-11-05,2023-11-05 11:41,-30.104995,black,1
8,77874,9,0,9.7,45:38.1,0.573664664,1.074631526,0.115599866,0.580691949,11:17.8,5,good,11.18333333,2023-11-08,2023-11-08 11:45,-34.40411667,black,1
5,77881,118,77.59,38.8,34:42.1,0.611189034,1.145247191,0.07116332,0.588566941,11:49.8,6,good,11.18333333,2024-03-01,2024-03-01 11:34,-22.98644,black,1
4,77900,12,0,9.7,32:57.4,0.680753714,1.056513549,0.097766976,0.642424179,11:13.3,8,good,11.18333333,2023-10-30,2023-10-30 11:33,-21.77856667,black,1
4,77900,41,9.7,931.08,12:34.1,0.661526483,1.105363638,0.09944816,0.651275145,11:04.2,8,good,11.18333333,2023-11-28,2023-11-28 12:12,-61.64686667,black,1
4,77900,132,0,9.7,40:02.7,0.677547943,1.210663964,0.08525689,0.682053728,11:30.8,8,good,11.18333333,2024-02-27,2024-02-27 11:40,-28.60329667,black,1
5,77901,14,9.7,19.4,35:23.9,0.662555965,1.122686915,0.083765056,0.45402032,11:43.5,8,good,11.18333333,2023-11-01,2023-11-01 11:35,-24.09151333,black,1
7,77903,18,0,0,42:44.4,0.611069734,1.09262876,0.127058641,0.680948889,10:59.3,8,good,11.18333333,2023-11-06,2023-11-06 11:42,-31.879145,black,1
9,77905,9,9.7,9.7,35:40.0,0.632561476,0.80819291,0.112188006,0.252481762,11:01.1,8,good,11.18333333,2023-11-01,2023-11-01 11:35,-24.79829333,black,1
3,90326,8,0,9.7,13:29.9,0.415256629,1.075650505,0.06887225,0.769509008,11:29.3,9,good,11.18333333,2024-10-30,2024-10-30 11:34,-22.56227333,black,1
3,90326,17,0,9.7,14:02.5,0.579161726,2.586673452,0.13516807,1.049454934,11:56.5,9,good,11.18333333,2024-11-08,2024-11-08 11:46,-34.80908167,black,1
2,90345,118,0,9.7,36:44.0,0.621464409,1.32976007,0.139207788,0.68220764,11:55.4,11,good,11.18333333,2025-02-28,2025-02-28 11:37,-25.126535,black,1
6,90349,111,0,9.7,33:24.1,0.445673803,1.045281612,0.076630179,0.787647444,11:50.3,11,good,11.18333333,2025-03-02,2025-03-02 11:33,-21.66172333,black,1
10,90353,113,9.7,0,51:41.8,0.521052485,0.996784621,0.079065722,0.431407965,11:36.5,11,good,11.18333333,2025-03-05,2025-03-05 11:28,-16.45864333,black,1
10,90353,116,9.7,0,07:55.8,0.626705193,0.805139506,0.113160527,0.325789865,11:34.5,11,good,11.18333333,2025-03-08,2025-03-08 11:22,-10.97483333,black,1
1,68906,28,7.3,14.6,45:59.5,0.731031727,1.269657935,0.12875913,0.621695726,12:44.4,1,good,11.2,2022-11-08,2022-11-08 11:46,-33.326105,black,1
2,68907,27,7.3,0,38:59.3,0.410372541,1.399895221,0.08927837,0.798122009,12:10.6,1,good,11.2,2022-11-04,2022-11-04 11:40,-28.23940667,black,1
2,68907,142,0,7.3,39:36.0,0.420036804,1.092998011,0.092442031,0.771723092,12:54.7,1,good,11.2,2023-02-27,2023-02-27 11:39,-26.738315,black,1
3,68913,19,0,7.3,48:53.0,0.491042235,1.474096425,0.140200266,1.063257126,12:42.6,2,good,11.2,2022-11-10,2022-11-10 11:48,-36.18969167,black,1
3,68913,20,0,7.3,49:57.3,0.586376257,1.226320498,0.107084314,0.531913242,12:12.1,2,good,11.2,2022-11-11,2022-11-11 11:50,-38.09892333,black,1
3,68913,169,7.3,0,19:11.3,0.597474943,0.556789539,0.062609477,0.057473234,12:54.8,2,bad,11.2,2023-04-09,2023-04-09 10:22,50.04641833,red,2
4,68914,56,8904.92,14.6,30:59.6,0.620922116,1.084945235,0.077256825,0.43519203,12:20.1,2,good,11.2,2022-11-02,2022-11-02 11:37,-25.24753833,black,1
4,68914,62,36.5,7.3,44:49.3,0.75235792,1.170567024,0.120234518,0.501683973,12:03.1,2,good,11.2,2022-11-08,2022-11-08 11:46,-34.01463166,black,1
2,68917,6,0,7.3,36:05.3,0.425066006,1.03289755,0.076056523,0.573711867,12:26.6,3,good,11.2,2022-11-01,2022-11-01 11:36,-23.73983833,black,1
2,68917,127,7.3,0,34:15.2,0.795501697,1.31053234,0.205770568,0.851051481,12:47.9,3,good,11.2,2023-03-02,2023-03-02 11:34,-21.56874167,black,1
4,68919,11,0,7.3,48:51.1,0.490147321,1.519394956,0.138030504,0.913819728,12:04.2,3,good,11.2,2022-11-10,2022-11-10 11:48,-36.82926833,black,1
4,68919,29,0,7.3,13:00.4,0.461109406,1.527738549,0.122103688,0.916438457,12:08.4,3,good,11.2,2022-11-28,2022-11-28 12:13,-60.89334167,black,1
2,68922,6,0.83,28.37,23:41.2,0.698155549,1.141340705,0.098097798,0.405448242,12:41.8,4,good,11.2,2022-11-08,2022-11-08 11:46,-33.36971,black,1
4,77870,11,9.7,9.7,35:29.4,0.45047986,1.225873217,0.066592034,0.605018072,12:06.6,5,good,11.2,2023-11-08,2023-11-08 11:45,-33.59036,black,1
8,77874,10,0,9.7,46:51.1,0.595534698,1.018263783,0.104884211,0.526683474,12:30.8,5,good,11.2,2023-11-09,2023-11-09 11:47,-34.6038,black,1
3,77879,2,9.7,9.7,41:21.4,0.58918932,0.895817822,0.079579155,0.335134663,12:49.8,6,good,11.2,2023-11-05,2023-11-05 11:41,-28.63740667,black,1
3,77879,4,0,9.7,44:12.9,0.476704031,1.056652533,0.088741047,0.643271949,12:27.3,6,good,11.2,2023-11-07,2023-11-07 11:44,-31.82820167,black,1
5,77881,2,0,9.7,34:17.9,0.535343342,1.04456826,0.081404256,0.528054068,12:43.7,6,good,11.2,2023-11-06,2023-11-06 11:42,-30.139095,black,1
9,77895,151,9.7,9.7,18:20.2,0.608860043,1.021940093,0.090658231,0.632829763,12:26.3,7,good,11.2,2024-03-10,2024-03-10 11:18,-5.910893333,black,1
4,77900,19,0.1,9.6,23:50.9,0.5083378,1.047078454,0.091519322,0.527583475,12:37.3,8,good,11.2,2023-11-06,2023-11-06 11:42,-30.24483,black,1
4,77900,131,19.4,19.4,41:39.7,0.658231729,1.282783085,0.084650726,0.695978923,12:09.6,8,good,11.2,2024-02-26,2024-02-26 11:41,-29.689725,black,1
7,77903,15,0,9.7,38:37.1,0.465647628,0.88434251,0.07986869,0.510449271,12:21.7,8,good,11.2,2023-11-03,2023-11-03 11:38,-26.27236333,black,1
9,90332,2,0,9.7,22:53.0,0.663512187,0.827973646,0.100281548,0.465964378,12:56.8,9,good,11.2,2024-10-22,2024-10-22 11:22,-10.02034,black,1
2,90335,130,9.7,0,31:40.6,0.382833975,1.039886608,0.07172893,0.795158823,12:13.1,10,good,11.2,2025-03-03,2025-03-03 11:31,-19.48165167,black,1
2,90345,116,0,9.7,40:31.7,0.502630074,1.267771206,0.100608974,0.737513107,12:00.1,11,good,11.2,2025-02-26,2025-02-26 11:40,-28.56483167,black,1
10,90353,104,0,9.7,12:06.2,0.603082699,0.834705547,0.085024965,0.233790714,12:21.2,11,good,11.2,2025-02-24,2025-02-24 11:44,-31.64620334,black,1
2,68907,22,0,0,33:21.2,0.410182072,1.323617902,0.084119983,0.771305871,13:14.1,1,good,11.21666667,2022-10-30,2022-10-30 11:33,-20.13229667,black,1
2,68907,140,7.3,0,43:00.2,0.340692846,1.16412672,0.082095772,0.903124199,13:16.4,1,good,11.21666667,2023-02-25,2023-02-25 11:43,-29.84301667,black,1
2,68912,19,14.6,7.3,50:13.8,0.678768961,1.414706626,0.124022743,0.897924017,13:34.0,2,good,11.21666667,2022-11-11,2022-11-11 11:50,-36.73330333,black,1
2,68912,125,0,7.3,43:04.2,0.461069003,1.204515692,0.070859378,0.871711864,13:20.1,2,good,11.21666667,2023-02-25,2023-02-25 11:43,-29.78152333,black,1
5,68915,7,14.6,36.5,31:58.6,0.402163026,1.043048892,0.062675434,0.44037271,13:19.1,2,good,11.21666667,2022-11-01,2022-11-01 11:36,-22.86462333,black,1
2,68917,8,0,0,38:52.7,0.50607882,1.167632628,0.102202824,0.697848012,13:24.5,3,good,11.21666667,2022-11-03,2022-11-03 11:39,-25.59146833,black,1
2,68917,125,0,7.3,37:48.2,0.600232512,1.214630669,0.134184409,0.762912183,13:33.0,3,good,11.21666667,2023-02-28,2023-02-28 11:37,-24.349455,black,1
5,68925,109,7.3,0,43:05.0,0.514239466,1.074338142,0.06142855,0.883322716,13:26.1,4,good,11.21666667,2023-02-25,2023-02-25 11:43,-29.68099,black,1
8,77874,7,0,9.7,42:43.0,0.5029762,0.96578203,0.099249925,0.578010689,13:13.5,5,good,11.21666667,2023-11-06,2023-11-06 11:42,-29.64100667,black,1
5,77881,109,0,9.7,50:11.3,0.625145925,0.905530614,0.097202633,0.398968534,13:53.9,6,good,11.21666667,2024-02-21,2024-02-21 11:50,-36.36766333,black,1
2,77898,133,0,9.7,22:39.4,0.629803533,1.137318898,0.086498775,0.519619694,13:19.2,8,good,11.21666667,2024-02-27,2024-02-27 11:40,-26.796485,black,1
7,77903,17,0,9.7,41:22.1,0.51552071,1.098650758,0.085812079,0.728132586,13:19.9,8,good,11.21666667,2023-11-05,2023-11-05 11:41,-28.13508667,black,1
2,90345,115,0,0,42:11.1,0.48911332,1.318049024,0.102215461,0.890889073,13:58.9,11,good,11.21666667,2025-02-25,2025-02-25 11:42,-28.30113167,black,1
10,90353,106,9.7,0,21:16.6,0.38486846,0.973592355,0.057340691,0.388450394,13:01.9,11,good,11.21666667,2025-02-26,2025-02-26 11:40,-27.53466167,black,1
1,68906,21,7.3,7.3,36:10.7,0.500606425,1.183235075,0.109266056,0.539100198,14:07.1,1,good,11.23333333,2022-11-01,2022-11-01 11:36,-22.06499166,black,1
1,68906,138,0,7.3,31:16.0,0.462363337,1.018673561,0.0730447,0.478536222,14:24.7,1,good,11.23333333,2023-02-26,2023-02-26 11:41,-26.98829166,black,1
2,68907,25,0,7.3,37:30.6,0.494719883,1.368302577,0.131259797,0.787060995,14:13.7,1,good,11.23333333,2022-11-02,2022-11-02 11:37,-23.35536667,black,1
5,68910,29,0,7.3,50:14.1,0.513490576,1.308977364,0.085244733,0.797385095,14:32.8,1,good,11.23333333,2022-11-11,2022-11-11 11:50,-35.752575,black,1
2,68912,10,0,7.3,37:30.4,0.623782713,1.268074393,0.124292259,0.548647852,14:50.0,2,good,11.23333333,2022-11-02,2022-11-02 11:37,-22.75055333,black,1
2,68912,126,0,7.3,41:22.5,0.403951746,1.266624655,0.114019064,0.957569271,14:48.5,2,good,11.23333333,2023-02-26,2023-02-26 11:41,-26.591545,black,1
2,68917,13,0,7.3,46:01.9,0.567944177,1.329882672,0.128804333,0.680742334,14:36.1,3,good,11.23333333,2022-11-08,2022-11-08 11:46,-31.465605,black,1
2,68917,15,7.3,0,48:49.3,0.521910062,1.336712281,0.111240297,0.968934287,14:35.6,3,good,11.23333333,2022-11-10,2022-11-10 11:48,-34.30728333,black,1
2,68917,20,7.3,0,55:48.6,0.549071213,1.491292999,0.103979801,0.948367849,14:09.7,3,good,11.23333333,2022-11-15,2022-11-15 11:55,-41.73854833,black,1
2,68917,124,0,7.3,39:38.4,0.678138053,1.065815505,0.097599527,0.895413428,14:39.4,3,good,11.23333333,2023-02-27,2023-02-27 11:39,-24.993335,black,1
4,68919,2,0,7.3,36:10.8,0.487811704,1.021645077,0.07321842,0.582559581,14:58.2,3,good,11.23333333,2022-11-01,2022-11-01 11:36,-21.21285,black,1
1,68921,6,0.83,7.3,26:59.3,0.649804446,1.031070401,0.100483896,0.484283181,14:47.8,4,good,11.23333333,2022-11-08,2022-11-08 11:46,-31.270335,black,1
2,68922,13,7.3,7.3,55:51.4,0.567065793,1.032022925,0.061803954,0.371668082,14:56.4,4,good,11.23333333,2022-11-15,2022-11-15 11:55,-40.95990167,black,1
5,68925,106,7.3,7.3,48:04.1,0.365683654,1.242572384,0.033081044,1.012836211,14:18.7,4,good,11.23333333,2023-02-22,2023-02-22 11:48,-33.87131167,black,1
5,68925,110,7.3,7.3,41:20.8,0.486941633,1.228563432,0.082378521,0.992342766,14:39.5,4,good,11.23333333,2023-02-26,2023-02-26 11:41,-26.74144167,black,1
4,77900,14,0,0,30:44.7,0.669272078,1.009593513,0.118740698,0.538824713,14:20.7,8,good,11.23333333,2023-11-01,2023-11-01 11:35,-21.471605,black,1
4,77900,129,0,9.7,43:35.9,0.573165629,0.916496552,0.072618697,0.412338482,14:05.8,8,good,11.23333333,2024-02-24,2024-02-24 11:45,-31.17007,black,1
4,77900,141,9.7,9.7,23:52.6,0.811012785,1.163421903,0.138987048,0.610991168,14:25.2,8,good,11.23333333,2024-03-07,2024-03-07 11:23,-9.496548335,black,1
2,90335,5,0,9.7,34:52.8,0.49934044,1.008649338,0.081649132,0.721511414,14:05.8,10,good,11.23333333,2024-10-29,2024-10-29 11:32,-18.55328,black,1
2,68907,28,0,7.3,41:47.6,0.455995231,1.4405715,0.108465945,0.806513142,15:57.4,1,good,11.25,2022-11-05,2022-11-05 11:41,-25.87649666,black,1
2,68907,38,7.3,0,55:49.5,0.680705907,1.570677758,0.098095781,0.931219994,15:23.4,1,good,11.25,2022-11-15,2022-11-15 11:55,-40.510305,black,1
2,68907,143,7.3,7.3,37:53.9,0.460012469,1.4208716,0.067658318,0.988304589,15:57.3,1,good,11.25,2023-02-28,2023-02-28 11:37,-21.94504333,black,1
4,68909,27,7.3,7.3,37:34.9,0.730446251,1.15275536,0.10092939,0.342580447,15:10.3,1,good,11.25,2022-11-09,2022-11-09 11:47,-32.31089167,black,1
5,68910,28,0,7.3,48:47.6,0.467291252,1.336646136,0.124105342,0.969564125,15:39.7,1,good,11.25,2022-11-10,2022-11-10 11:48,-33.23904667,black,1
2,68912,124,7.3,0,44:48.2,0.48500248,1.190503345,0.10382038,0.933358384,15:55.3,2,good,11.25,2023-02-24,2023-02-24 11:44,-28.89519667,black,1
2,68912,128,0,0,37:50.9,0.391140807,1.475442335,0.051375028,0.957843713,15:03.2,2,good,11.25,2023-02-28,2023-02-28 11:37,-22.84702167,black,1
4,68914,65,0,7.3,50:16.8,0.680751371,0.886460136,0.096446921,0.325431223,15:12.0,2,good,11.25,2022-11-11,2022-11-11 11:50,-35.10033333,black,1
2,68917,12,0,7.3,44:34.6,0.591883746,1.27847554,0.099249967,0.74762653,15:20.1,3,good,11.25,2022-11-07,2022-11-07 11:44,-29.31416334,black,1
2,68917,123,0,7.3,41:21.2,0.463644415,1.020773755,0.082190854,0.85564718,15:53.1,3,good,11.25,2023-02-26,2023-02-26 11:41,-25.515675,black,1
4,68919,4,0.24,7.06,38:48.3,0.755648024,1.040146103,0.152446064,0.376632058,15:02.5,3,good,11.25,2022-11-03,2022-11-03 11:39,-23.95898667,black,1
4,68919,10,7.3,0,47:25.0,0.543880537,1.374127219,0.136718275,0.804120219,15:37.4,3,good,11.25,2022-11-09,2022-11-09 11:47,-31.8604,black,1
5,68920,9,0,7.3,48:50.8,0.495991466,1.355545371,0.103910083,0.874008348,15:35.5,3,good,11.25,2022-11-10,2022-11-10 11:48,-33.307605,black,1
1,68921,7,0,7.3,47:26.6,0.445852735,0.945270308,0.046277798,0.485618979,15:37.7,4,good,11.25,2022-11-09,2022-11-09 11:47,-31.85533667,black,1
2,68922,4,7.3,671.5,43:13.8,0.409550112,1.011164096,0.033557837,0.403192523,15:41.8,4,good,11.25,2022-11-06,2022-11-06 11:43,-27.53592333,black,1
2,68922,7,0,7.3,37:51.7,0.672952487,0.952578893,0.082949932,0.263180915,15:33.6,4,good,11.25,2022-11-09,2022-11-09 11:47,-31.92350334,black,1
5,68925,7,7.3,7.3,46:30.9,0.66173836,1.50132557,0.142383055,0.870745128,15:56.1,4,good,11.25,2022-11-15,2022-11-15 11:55,-39.96445833,black,1
5,68925,111,43.79,43.79,39:38.8,0.733305658,1.154109011,0.105365102,0.877711768,15:52.5,4,good,11.25,2023-02-27,2023-02-27 11:39,-23.774425,black,1
5,68925,151,0,7.3,24:39.7,1.019909426,1.418836417,0.498513726,0.946137059,15:20.7,4,bad,11.25,2023-04-08,2023-04-08 10:24,50.64471167,red,2
10,77876,5,0,9.7,41:20.4,0.601451562,0.930748014,0.120213391,0.494439729,15:24.1,5,good,11.25,2023-11-05,2023-11-05 11:41,-26.065595,black,1
10,77886,121,0,9.7,18:16.0,0.597586656,0.875260978,0.08085706,0.387547035,15:16.6,6,good,11.25,2024-03-10,2024-03-10 11:18,-3.073483332,black,1
7,77903,16,0,9.7,39:59.6,0.492221774,1.018092324,0.068916112,0.579107118,15:11.4,8,good,11.25,2023-11-04,2023-11-04 11:40,-24.85962333,black,1
2,90335,128,0,0,35:13.4,0.488094645,0.996540975,0.094175928,0.82691992,15:45.9,10,good,11.25,2025-03-01,2025-03-01 11:35,-19.51760833,black,1
5,90338,13,9.7,9.7,17:43.9,0.627392415,0.840611443,0.076546513,0.381240823,15:08.7,10,good,11.25,2024-11-10,2024-11-10 11:49,-34.42147,black,1
6,90349,108,0,0,38:48.7,0.423990937,1.439744238,0.072853227,0.993602691,14:59.2,11,good,11.25,2025-02-27,2025-02-27 11:38,-23.83,black,1
6,90349,115,0,19.4,26:06.9,0.583303085,1.240481688,0.10411356,0.585867795,15:32.7,11,good,11.25,2025-03-06,2025-03-06 11:26,-10.70566667,black,1
1,68906,30,0,7.3,48:49.8,0.493824441,1.11165737,0.087564184,0.668043816,16:47.8,1,good,11.26666667,2022-11-10,2022-11-10 11:48,-32.10386,black,1
1,68906,31,0,7.3,39:47.2,0.585661333,0.953825048,0.093003413,0.362085884,16:38.0,1,good,11.26666667,2022-11-11,2022-11-11 11:50,-33.66672167,black,1
2,68907,32,0,0,47:25.4,0.605788803,1.460235443,0.158562001,0.822572975,16:06.7,1,good,11.26666667,2022-11-09,2022-11-09 11:47,-31.37142333,black,1
2,68907,33,0,0,48:53.5,0.641356846,1.487451954,0.117421793,0.921451165,16:58.3,1,good,11.26666667,2022-11-10,2022-11-10 11:48,-31.9279,black,1
4,68914,64,7.3,7.3,48:49.7,0.738114709,0.871579871,0.114573422,0.315797451,16:25.4,2,good,11.26666667,2022-11-10,2022-11-10 11:48,-32.47663333,black,1
2,68917,121,0,7.3,44:46.8,0.490372396,1.05687615,0.080582679,0.766241957,16:08.9,3,good,11.26666667,2023-02-24,2023-02-24 11:44,-28.66842333,black,1
5,68925,108,7.3,0,44:46.4,0.489165211,1.303958053,0.070171224,0.94104796,16:43.5,4,good,11.26666667,2023-02-24,2023-02-24 11:44,-28.09105666,black,1
5,77881,114,0,9.7,41:42.7,0.565479204,1.287240031,0.085238376,0.691950308,16:54.0,6,good,11.26666667,2024-02-26,2024-02-26 11:41,-24.95032833,black,1
4,77900,134,0,9.7,36:00.2,0.62291916,1.071102511,0.080434715,0.422172934,16:50.8,8,good,11.26666667,2024-02-29,2024-02-29 11:36,-19.753125,black,1
8,77904,2,9.6,0.1,24:33.0,0.384292609,0.833828672,0.071623281,0.610513934,16:23.7,8,good,11.26666667,2023-10-24,2023-10-24 11:24,-8.289048334,black,1
9,77905,13,9.6,0.1,41:26.2,0.56265736,1.082611828,0.064647336,0.647031182,16:52.5,8,good,11.26666667,2023-11-05,2023-11-05 11:41,-24.59221667,black,1
2,90335,9,9.7,0,38:01.6,0.643575477,0.950005609,0.08740688,0.428006455,16:18.5,10,good,11.26666667,2024-11-02,2024-11-02 11:38,-21.95909333,black,1
2,90335,10,9.7,0,39:38.6,0.452255956,1.051226006,0.069341253,0.763441446,16:18.4,10,good,11.26666667,2024-11-03,2024-11-03 11:39,-23.37606333,black,1
2,90335,20,9.7,0,36:45.9,0.557260905,0.906313671,0.078919495,0.354230963,16:49.4,10,good,11.26666667,2024-11-13,2024-11-13 11:53,-36.95971667,black,1
2,90335,124,0,9.7,42:09.6,0.355019655,1.344489454,0.068916897,0.98880285,16:53.1,10,good,11.26666667,2025-02-25,2025-02-25 11:42,-25.39857833,black,1
2,90335,125,0,9.7,40:32.8,0.505854124,0.927306644,0.107671964,0.707436478,16:04.8,10,good,11.26666667,2025-02-26,2025-02-26 11:40,-24.48699,black,1
9,90352,5,9.7,0,59:17.5,0.562615354,0.851168962,0.073531868,0.306807848,16:42.6,11,good,11.26666667,2024-11-17,2024-11-17 11:59,-42.60600833,black,1
7,90363,107,0,9.7,35:11.9,0.460398523,1.316081481,0.093413768,0.856828507,16:03.3,12,good,11.26666667,2025-03-01,2025-03-01 11:35,-19.22887834,black,1
2,68907,34,7.3,7.3,50:14.3,0.549965341,1.412493817,0.119494789,0.911947542,17:20.7,1,good,11.28333333,2022-11-11,2022-11-11 11:50,-32.95490667,black,1
2,68912,122,0,7.3,48:09.2,0.447012127,1.22110596,0.077627112,0.898411543,17:19.4,2,good,11.28333333,2023-02-22,2023-02-22 11:48,-30.86043667,black,1
3,68913,15,6.73,0.57,43:08.0,0.642571723,0.994731471,0.057964625,0.314921149,17:10.1,2,good,11.28333333,2022-11-06,2022-11-06 11:43,-26.06416334,black,1
2,68917,119,0,0,48:05.1,0.45881922,0.995959804,0.093550711,0.760687931,17:15.8,3,good,11.28333333,2023-02-22,2023-02-22 11:48,-30.91967833,black,1
4,68919,7,0,7.3,43:13.2,0.61879551,1.389291969,0.116036488,0.698726323,17:01.5,3,good,11.28333333,2022-11-06,2022-11-06 11:43,-26.20780667,black,1
5,68920,5,0,7.3,43:11.6,0.594858163,1.289799838,0.099327278,0.826253762,17:36.2,3,good,11.28333333,2022-11-06,2022-11-06 11:43,-25.62995167,black,1
1,68921,8,0,0,48:52.6,0.451126854,1.009816218,0.072716678,0.492962582,17:19.5,4,good,11.28333333,2022-11-10,2022-11-10 11:48,-31.57451833,black,1
4,77870,23,0,9.7,02:17.7,0.552823967,1.145948136,0.074168672,0.677871392,17:55.8,5,good,11.28333333,2023-11-20,2023-11-20 12:02,-44.45329,black,1
4,77870,49,9.7,2104.63,30:36.8,0.52222518,1.255507968,0.065359777,0.678134147,17:28.5,5,good,11.28333333,2023-12-16,2023-12-16 12:30,-73.14123333,black,1
10,77886,116,0,9.7,27:34.6,0.554765483,1.004267536,0.071656941,0.582209637,17:48.2,6,good,11.28333333,2024-03-05,2024-03-05 11:27,-9.797090002,black,1
10,77886,122,9.7,9.7,16:25.8,0.549347288,1.216345006,0.076741733,0.724808025,17:10.2,6,good,11.28333333,2024-03-11,2024-03-11 11:16,0.703109999,black,1
4,77900,23,0,9.6,47:03.9,0.531966981,1.153173033,0.097477081,0.627387561,17:53.8,8,good,11.28333333,2023-11-10,2023-11-10 11:48,-30.636475,black,1
6,77902,3,9.7,0,16:45.7,0.559497009,0.840773506,0.059138185,0.386392075,17:20.0,8,good,11.28333333,2023-10-21,2023-10-21 11:20,-3.250530001,black,1
3,90326,13,0,9.7,41:05.1,0.487787943,1.125346431,0.077832404,0.844755306,17:54.0,9,good,11.28333333,2024-11-04,2024-11-04 11:41,-23.20067833,black,1
7,90341,8,0,9.7,45:12.2,0.700761312,1.307680308,0.106780117,0.744540411,17:48.7,10,good,11.28333333,2024-11-07,2024-11-07 11:45,-27.52211833,black,1
7,90341,10,0,9.7,35:13.2,0.466667763,0.852386313,0.069280904,0.320033342,17:41.4,10,good,11.28333333,2024-11-09,2024-11-09 11:48,-30.47686167,black,1
9,90343,144,9.7,0,54:00.9,1.689772923,1.158016121,0.94484508,0.612835476,17:13.2,10,bad,11.28333333,2025-03-23,2025-03-23 10:54,23.120375,red,2
2,90345,114,0,9.7,43:50.5,0.547952974,1.205506695,0.080947334,0.853631517,17:23.2,11,good,11.28333333,2025-02-24,2025-02-24 11:44,-26.61332,black,1
10,90353,105,9.7,9.7,25:58.2,0.545139589,0.869977062,0.116840095,0.293220269,17:56.8,11,good,11.28333333,2025-02-25,2025-02-25 11:42,-24.33702667,black,1
7,90363,102,0,9.7,43:41.1,0.516711152,1.474971916,0.097965427,0.901669006,17:45.0,12,good,11.28333333,2025-02-24,2025-02-24 11:44,-26.24948167,black,1
7,90363,103,0,9.7,42:08.9,0.45698045,1.430050871,0.075411501,0.988556889,17:01.4,12,good,11.28333333,2025-02-25,2025-02-25 11:42,-25.26013667,black,1
1,68906,35,7.3,7.3,55:31.0,0.683176912,1.341162746,0.093728983,0.683259114,18:44.3,1,good,11.3,2022-11-15,2022-11-15 11:55,-37.16105333,black,1
1,68906,140,0,7.3,37:50.3,0.609264379,1.633408507,0.115596228,0.983279934,18:12.8,1,good,11.3,2023-02-28,2023-02-28 11:37,-19.68628667,black,1
2,68907,23,7.3,0,34:41.8,0.410113297,1.338157713,0.077434624,0.779841637,17:59.1,1,good,11.3,2022-10-31,2022-10-31 11:34,-16.78204166,black,1
2,68907,26,0,0,38:58.7,0.523136516,1.449241794,0.127519465,0.862975448,18:07.8,1,good,11.3,2022-11-03,2022-11-03 11:39,-20.87052167,black,1
2,68912,120,0,14.6,51:26.3,0.78596782,1.453282449,0.102552688,0.813166956,18:45.8,2,good,11.3,2023-02-20,2023-02-20 11:51,-32.719705,black,1
2,68912,170,14.6,14.6,18:30.5,1.51705718,1.026219339,0.873754391,0.47827944,18:48.0,2,bad,11.3,2023-04-11,2023-04-11 10:19,59.59966667,red,2
2,68917,34,7.3,0,14:09.8,0.413685735,1.486767594,0.071008517,0.962719474,18:16.9,3,good,11.3,2022-11-29,2022-11-29 12:14,-55.968805,black,1
2,68917,38,0,7.3,54:51.4,0.403570663,0.578300154,0.086537635,0.14507016,18:29.0,3,good,11.3,2022-12-03,2022-12-03 12:18,-60.383215,black,1
2,68917,122,0,7.3,43:04.1,0.668510505,1.069901707,0.107124374,0.860427065,18:56.2,3,good,11.3,2023-02-25,2023-02-25 11:43,-24.18022,black,1
6,77872,3,0,0,37:12.4,0.400269347,0.725708059,0.078202699,0.232354413,18:42.4,5,good,11.3,2023-11-02,2023-11-02 11:37,-18.50997167,black,1
8,77874,11,9.7,0,48:23.5,0.648500513,1.091129245,0.158146439,0.560546554,18:54.1,5,good,11.3,2023-11-10,2023-11-10 11:48,-29.63177167,black,1
8,77874,242,9.7,0,10:53.4,0.605225071,0.538511587,0.103516976,0.087011387,18:11.6,5,bad,11.3,2024-06-28,2024-06-28 9:11,127.1433717,red,2
5,77881,111,38.8,397.66,20:34.6,0.618571361,0.930559523,0.077474956,0.420214222,18:52.9,6,good,11.3,2024-02-23,2024-02-23 11:46,-28.06869833,black,1
4,77900,130,0,9.7,35:11.8,0.712546623,1.077602353,0.10450808,0.449955867,18:57.0,8,good,11.3,2024-02-25,2024-02-25 11:43,-24.617115,black,1
7,77903,20,9.7,0,43:42.6,0.57345537,1.100984016,0.131836356,0.60835836,18:25.3,8,good,11.3,2023-11-08,2023-11-08 11:45,-27.27768833,black,1
7,77903,140,0,9.7,23:42.9,0.650061429,0.985377423,0.107249062,0.36390159,18:47.3,8,good,11.3,2024-03-07,2024-03-07 11:23,-5.128749998,black,1
3,90326,22,0,9.7,53:39.7,0.445409231,1.170320626,0.097157647,0.749150361,18:40.5,9,good,11.3,2024-11-13,2024-11-13 11:53,-35.10843333,black,1
7,90341,9,9.7,9.7,38:01.6,0.781843961,1.1399396,0.121295296,0.495975547,18:33.5,10,good,11.3,2024-11-08,2024-11-08 11:46,-28.19098167,black,1
2,90345,7,38.8,9.7,47:41.3,1.95086514,0.973149117,1.169416871,0.469669327,18:01.8,11,bad,11.3,2024-11-09,2024-11-09 11:48,-30.136325,red,2
2,90345,112,9.7,9.7,47:16.6,0.52273968,1.203987234,0.068815612,0.748170923,18:44.9,11,good,11.3,2025-02-22,2025-02-22 11:47,-28.63504833,black,1
6,90349,109,9.7,0,36:53.9,0.580846283,1.256102744,0.07301819,0.960164018,18:34.2,11,good,11.3,2025-02-28,2025-02-28 11:37,-18.48049167,black,1
10,90353,110,0,9.7,13:31.3,0.552966583,1.021821038,0.091213573,0.536313473,18:16.1,11,good,11.3,2025-03-02,2025-03-02 11:33,-15.23148167,black,1
1,68911,26,7.3,7.3,41:32.3,0.594166611,1.048715309,0.07932859,0.366175799,19:57.8,2,good,11.31666667,2022-11-11,2022-11-11 11:50,-30.33726833,black,1
5,68920,14,0,0,55:46.9,0.571181749,1.508869695,0.108991586,0.858023552,19:07.3,3,good,11.31666667,2022-11-15,2022-11-15 11:55,-36.77794,black,1
1,68921,9,65.69,7.3,50:12.7,0.448435599,1.0655907,0.044551287,0.668310429,19:45.2,4,good,11.31666667,2022-11-11,2022-11-11 11:50,-30.54613,black,1
4,68924,2,7.3,0,14:29.3,0.53995844,0.86338303,0.092281391,0.36652963,19:03.9,4,good,11.31666667,2022-11-05,2022-11-05 11:41,-22.768765,black,1
5,68925,107,0,0,46:26.2,0.723690765,1.612404175,0.112806537,0.993871583,19:37.6,4,good,11.31666667,2023-02-23,2023-02-23 11:46,-26.89043833,black,1
4,77870,14,9.7,0,41:46.1,0.520798263,1.041564523,0.069157948,0.476054665,19:13.5,5,good,11.31666667,2023-11-11,2023-11-11 11:49,-30.70851833,black,1
8,77874,15,0,9.7,54:04.2,0.370075934,0.970008815,0.067294439,0.570473874,19:14.6,5,good,11.31666667,2023-11-14,2023-11-14 11:54,-34.90704,black,1
1,77877,4,9.7,9.7,26:16.4,0.56195379,0.787308599,0.054742258,0.209824208,19:24.4,6,good,11.31666667,2023-11-05,2023-11-05 11:41,-22.06003,black,1
3,77879,6,0,0,41:24.3,0.740473798,1.208783736,0.128038781,0.835430299,19:39.9,6,good,11.31666667,2023-11-09,2023-11-09 11:47,-27.45136667,black,1
4,77880,6,19.4,0,48:25.2,0.608948718,0.853727938,0.082869817,0.225670036,19:54.0,6,good,11.31666667,2023-11-10,2023-11-10 11:48,-28.634115,black,1
5,77881,112,0,9.7,38:01.2,0.645826591,1.14647862,0.081068136,0.640937286,19:40.5,6,good,11.31666667,2024-02-24,2024-02-24 11:45,-25.59187333,black,1
9,77895,30,9.7,9.7,47:54.7,0.620277078,0.858938051,0.096824518,0.320046145,19:23.5,7,good,11.31666667,2023-11-10,2023-11-10 11:48,-29.14159333,black,1
3,77899,22,0,19.4,47:04.2,0.695358381,1.381410052,0.094035026,0.816181844,19:40.5,8,good,11.31666667,2023-11-09,2023-11-09 11:47,-27.441975,black,1
4,77900,18,0,9.7,41:21.6,0.686457464,1.251931652,0.113550183,0.645251595,19:18.1,8,good,11.31666667,2023-11-05,2023-11-05 11:41,-22.165005,black,1
3,90326,14,0,9.7,42:27.9,0.318445534,1.254446107,0.054988636,0.910569057,19:45.8,9,good,11.31666667,2024-11-05,2024-11-05 11:42,-22.73724667,black,1
3,90326,25,0,9.7,33:23.2,0.52554722,0.964106104,0.066028928,0.465442817,19:44.2,9,good,11.31666667,2024-11-16,2024-11-16 11:57,-38.21284167,black,1
3,90326,122,9.7,0,48:59.3,0.581088891,0.613990645,0.281833231,0.146498352,19:19.7,9,bad,11.31666667,2025-02-21,2025-02-21 11:49,-29.72159333,red,2
2,90335,6,9.6,0.1,33:59.0,0.51202008,1.022921191,0.09112571,0.790962479,19:45.1,10,good,11.31666667,2024-10-30,2024-10-30 11:34,-14.29796,black,1
2,90335,129,9.7,0,33:26.9,0.425598528,0.914033928,0.071555195,0.887881223,19:58.3,10,good,11.31666667,2025-03-02,2025-03-02 11:33,-13.52799833,black,1
7,90341,5,9.7,9.7,17:44.3,0.603049278,0.974615996,0.110614382,0.44703012,19:26.8,10,good,11.31666667,2024-11-04,2024-11-04 11:41,-21.65374167,black,1
6,90349,106,0,0,37:18.0,0.468421469,1.424718198,0.07462957,0.871815011,19:35.3,11,good,11.31666667,2025-02-25,2025-02-25 11:42,-22.69510667,black,1
1,68906,136,7.3,7.3,58:38.9,0.684195386,1.091575153,0.095792498,0.482148117,20:12.4,1,good,11.33333333,2023-02-24,2023-02-24 11:44,-24.609295,black,1
2,68907,141,7.3,7.3,41:18.0,0.412069638,1.181994328,0.097863112,0.856706323,20:41.7,1,good,11.33333333,2023-02-26,2023-02-26 11:41,-20.70432667,black,1
5,68910,33,7.3,0,55:50.2,0.488726784,1.362470246,0.120224748,0.854454857,20:45.6,1,good,11.33333333,2022-11-15,2022-11-15 11:55,-35.14075667,black,1
2,68912,123,7.3,0,45:56.8,0.613393633,1.530039114,0.187963475,0.888325764,20:13.2,2,good,11.33333333,2023-02-23,2023-02-23 11:46,-26.29706,black,1
4,68919,12,0,7.3,50:17.2,0.467382835,1.418270996,0.116683537,0.892086671,20:11.8,3,good,11.33333333,2022-11-11,2022-11-11 11:50,-30.10384167,black,1
2,68922,113,14.6,7.3,34:52.2,0.790191121,0.942310028,0.11588319,0.190785144,20:50.4,4,good,11.33333333,2023-02-23,2023-02-23 11:46,-25.676185,black,1
4,68924,5,0,7.3,46:00.0,0.871865866,1.239226308,0.179635156,0.65353516,20:02.6,4,good,11.33333333,2022-11-08,2022-11-08 11:46,-26.02383333,black,1
4,77870,12,0,9.6,38:03.2,0.496975588,1.183140178,0.069754407,0.789827347,20:08.4,5,good,11.33333333,2023-11-09,2023-11-09 11:47,-26.977195,black,1
6,77872,4,0,0,38:36.1,0.578453863,0.791735885,0.078904803,0.362742285,20:06.0,5,good,11.33333333,2023-11-03,2023-11-03 11:38,-18.53269,black,1
10,77876,8,9.7,0,45:34.7,0.716197092,1.103323014,0.23703283,0.675533436,20:07.4,5,good,11.33333333,2023-11-08,2023-11-08 11:45,-25.57601667,black,1
3,77879,13,0,9.7,56:51.1,0.584870409,0.94266925,0.156715283,0.512128237,20:04.9,6,good,11.33333333,2023-11-16,2023-11-16 11:56,-36.83550167,black,1
2,77888,3,0,9.7,56:46.7,0.488733559,1.122703192,0.087501976,0.74071363,20:39.6,7,good,11.33333333,2023-11-16,2023-11-16 11:56,-36.25661833,black,1
4,77900,32,0,9.7,00:57.1,0.617985496,1.11752762,0.134007555,0.565049851,20:57.1,8,good,11.33333333,2023-11-19,2023-11-19 12:01,-40.08183,black,1
4,77900,124,0,0,53:27.2,0.521113816,1.284153162,0.075935964,0.695727971,20:43.1,8,good,11.33333333,2024-02-19,2024-02-19 11:53,-32.79802334,black,1
7,77903,22,9.7,0,48:23.7,0.663815969,1.045279942,0.121834587,0.499828037,20:21.6,8,good,11.33333333,2023-11-10,2023-11-10 11:48,-28.17310167,black,1
3,90326,23,0,9.7,53:25.2,0.432887516,1.078520824,0.093937212,0.347326547,20:51.6,9,good,11.33333333,2024-11-14,2024-11-14 11:55,-34.32258,black,1
2,90335,7,0,9.7,53:09.5,0.667950013,0.921348092,0.108178247,0.798053354,20:49.9,10,good,11.33333333,2024-10-31,2024-10-31 11:35,-14.61856167,black,1
7,90341,11,0,9.7,30:38.0,0.584729929,1.207424205,0.102737621,0.672464413,20:32.3,10,good,11.33333333,2024-11-10,2024-11-10 11:49,-29.02813667,black,1
5,90348,7,9.7,9.7,46:05.4,0.686120872,0.982280508,0.107557564,0.342895181,20:48.1,11,good,11.33333333,2024-11-13,2024-11-13 11:53,-32.98247333,black,1
5,68910,24,0,7.3,43:08.9,0.501058896,1.185845438,0.093664755,0.715991838,21:05.2,1,good,11.35,2022-11-06,2022-11-06 11:43,-22.146105,black,1
2,68912,118,0,7.3,54:34.9,0.277513216,1.312134609,0.033728157,0.857446559,21:48.2,2,good,11.35,2023-02-18,2023-02-18 11:54,-32.89689833,black,1
2,68912,173,0,7.3,13:43.4,1.117283685,1.363438667,0.491765799,0.683386527,21:11.3,2,bad,11.35,2023-04-14,2023-04-14 10:13,67.3883,red,2
5,68915,17,7.3,7.3,50:13.3,0.546076058,1.08470195,0.073900605,0.447475469,21:35.3,2,good,11.35,2022-11-11,2022-11-11 11:50,-28.71203667,black,1
2,68917,11,0,7.3,43:07.4,0.447232332,1.163717771,0.076164699,0.676421148,21:32.7,3,good,11.35,2022-11-06,2022-11-06 11:43,-21.68782,black,1
4,68924,6,0,7.3,47:27.8,0.6909857,1.217997882,0.120091944,0.722601301,21:08.4,4,good,11.35,2022-11-09,2022-11-09 11:47,-26.34308,black,1
5,68925,2,0,7.3,48:51.8,0.521578922,1.105308456,0.080827699,0.694487347,21:34.0,4,good,11.35,2022-11-10,2022-11-10 11:48,-27.33267,black,1
4,77870,20,0,9.7,58:15.3,0.442088802,1.281910398,0.057687388,0.801139563,21:09.9,5,good,11.35,2023-11-17,2023-11-17 11:58,-37.13455667,black,1
8,77874,8,0,9.7,44:15.4,0.474348689,1.071848357,0.094984842,0.548316538,21:04.2,5,good,11.35,2023-11-07,2023-11-07 11:44,-23.21282833,black,1
3,77879,11,9.7,0,54:00.4,0.427046403,0.913745554,0.096392203,0.528506308,21:26.3,6,good,11.35,2023-11-14,2023-11-14 11:54,-32.71116333,black,1
3,77879,18,0,9.7,03:38.5,0.472167047,0.937353067,0.088957858,0.570320641,21:22.5,6,good,11.35,2023-11-21,2023-11-21 12:03,-42.35827167,black,1
5,77881,115,19.4,38.8,40:04.8,0.588526543,1.217137592,0.073146068,0.661329064,21:44.1,6,good,11.35,2024-02-27,2024-02-27 11:40,-18.38213667,black,1
10,77886,119,19.4,19.4,15:47.0,0.573129187,0.963918843,0.06093152,0.401284446,21:02.3,6,good,11.35,2024-03-08,2024-03-08 11:22,-1.029150001,black,1
2,77888,4,0,9.7,58:09.2,0.51535117,1.028190126,0.132927191,0.581140852,21:52.5,7,good,11.35,2023-11-17,2023-11-17 11:58,-36.42525667,black,1
2,77898,130,9.7,48.5,12:50.3,0.678173425,1.082346748,0.085809377,0.486863292,21:10.8,8,good,11.35,2024-02-24,2024-02-24 11:45,-24.08608333,black,1
4,77900,128,0,0,28:53.2,0.550934123,1.278979093,0.091663834,0.563844808,21:12.5,8,good,11.35,2024-02-23,2024-02-23 11:46,-25.742135,black,1
2,90335,123,0,9.7,43:56.2,0.496948077,1.451080209,0.099659685,0.906948588,21:05.0,10,good,11.35,2025-02-24,2025-02-24 11:44,-22.91583,black,1
2,90335,127,0,9.7,36:59.8,0.492396846,0.993994004,0.094484152,0.904197454,21:05.8,10,good,11.35,2025-02-28,2025-02-28 11:37,-15.95403167,black,1
7,90341,21,9.7,0,55:23.9,0.617622477,0.935837169,0.101031444,0.532740055,21:42.2,10,good,11.35,2024-11-20,2024-11-20 12:03,-41.679565,black,1
2,90345,6,0,9.7,42:04.0,1.782840703,0.95258304,1.398607262,0.329758751,21:08.4,11,bad,11.35,2024-11-08,2024-11-08 11:46,-25.60968833,red,2
2,90345,113,0,9.7,45:37.8,0.66609265,1.266222449,0.091867401,0.766012083,21:08.7,11,good,11.35,2025-02-23,2025-02-23 11:45,-24.55500167,black,1
6,90349,105,0,0,43:52.2,0.530868646,1.28112011,0.066382984,0.880830303,21:39.7,11,good,11.35,2025-02-24,2025-02-24 11:44,-22.33755333,black,1
10,90353,108,0,9.7,58:19.5,0.61232174,0.971682296,0.088619506,0.451144155,21:57.3,11,good,11.35,2025-02-28,2025-02-28 11:37,-15.09573833,black,1
1,90354,2,0,9.7,55:06.8,0.736593074,0.624521561,0.169242473,0.090589001,21:34.8,12,bad,11.35,2024-11-14,2024-11-14 11:55,-33.60370667,red,2
5,90359,12,9.7,1289.92,59:44.4,0.667929097,1.332135715,0.096255925,0.810179253,21:21.6,12,good,11.35,2024-11-26,2024-11-26 12:11,-49.80702833,black,1
7,90363,5,0,9.7,59:30.3,0.600614964,1.116950102,0.09203013,0.714195292,21:07.5,12,good,11.35,2024-11-19,2024-11-19 12:02,-40.90915333,black,1
7,90363,106,0,0,36:53.8,0.679740272,1.280865063,0.165091542,0.773404213,20:59.0,12,good,11.35,2025-02-28,2025-02-28 11:37,-16.06605833,black,1
1,68906,26,0,7.3,42:40.0,0.578004954,1.052586198,0.096060871,0.441290233,22:55.2,1,good,11.36666667,2022-11-06,2022-11-06 11:43,-20.31385333,black,1
1,68911,23,409.57,43.79,38:32.1,0.68977212,1.269614327,0.096752821,0.451493815,22:56.1,2,good,11.36666667,2022-11-08,2022-11-08 11:46,-23.132075,black,1
2,68912,23,7.3,14.6,55:48.3,0.676860876,1.462596865,0.092281577,0.838357986,22:10.9,2,good,11.36666667,2022-11-15,2022-11-15 11:55,-33.71755833,black,1
2,68912,119,0,7.3,53:02.6,0.710072615,1.221019016,0.094182197,0.685182188,22:56.7,2,good,11.36666667,2023-02-19,2023-02-19 11:53,-30.15473,black,1
5,68925,100,7.3,7.3,57:44.2,0.869667963,1.447355754,0.175210706,0.873216931,22:53.9,4,good,11.36666667,2023-02-16,2023-02-16 11:57,-34.93561667,black,1
6,77872,7,0,9.7,42:18.0,0.546654991,0.752462426,0.084804033,0.284777673,22:01.3,5,good,11.36666667,2023-11-06,2023-11-06 11:42,-20.84457167,black,1
8,77874,17,0,9.7,56:49.6,0.445315461,1.112467412,0.090355732,0.656812973,22:09.8,5,good,11.36666667,2023-11-16,2023-11-16 11:56,-34.75349,black,1
8,77874,19,0,9.7,59:35.1,0.454622979,1.108317261,0.085199591,0.585348728,22:20.1,5,good,11.36666667,2023-11-18,2023-11-18 11:59,-37.33110667,black,1
1,77897,37,0,9.7,00:56.0,0.581447555,1.06403277,0.143481862,0.571085257,22:23.2,8,good,11.36666667,2023-11-19,2023-11-19 12:01,-38.64674,black,1
4,77900,20,9.7,0,42:32.6,0.685377963,1.062629899,0.124462005,0.519759029,22:06.2,8,good,11.36666667,2023-11-07,2023-11-07 11:44,-22.18050833,black,1
7,77903,28,9.7,0,56:48.1,0.492047561,0.962235965,0.088333182,0.503999868,22:18.0,8,good,11.36666667,2023-11-16,2023-11-16 11:56,-34.61640167,black,1
2,90335,17,9.7,0,12:40.6,0.413047369,0.958106002,0.070923739,0.503851787,22:09.3,10,good,11.36666667,2024-11-10,2024-11-10 11:49,-27.41241333,black,1
2,90335,121,9.7,0,47:19.5,0.385729056,1.360479803,0.059031094,0.961672505,22:12.6,10,good,11.36666667,2025-02-22,2025-02-22 11:47,-25.17401,black,1
7,90341,13,9.7,0,23:58.4,0.631308909,1.937747816,0.127626247,1.02853757,22:11.7,10,good,11.36666667,2024-11-12,2024-11-12 11:52,-30.18869,black,1
7,90341,14,9.7,9.7,40:59.3,0.466247355,0.78014629,0.063804323,0.301266765,22:37.1,10,good,11.36666667,2024-11-13,2024-11-13 11:53,-31.164345,black,1
8,90351,3,9.7,9.7,54:55.1,0.562341287,1.069590824,0.072647759,0.547413103,22:51.2,11,good,11.36666667,2024-11-14,2024-11-14 11:55,-32.33073334,black,1
9,90352,95,9.7,9.7,58:36.8,0.527770081,0.689162774,0.065562566,0.169423243,22:39.6,11,good,11.36666667,2025-02-15,2025-02-15 11:58,-35.97352333,black,1
10,90353,4,9.7,9.7,57:54.1,0.685111394,0.866799844,0.087204819,0.466720636,22:16.0,11,good,11.36666667,2024-11-16,2024-11-16 11:57,-35.68291833,black,1
2,68907,24,7.3,7.3,36:09.8,0.564990062,1.290194855,0.190457239,0.805178131,23:57.1,1,good,11.38333333,2022-11-01,2022-11-01 11:36,-12.23126667,black,1
4,68909,24,7.3,7.3,41:16.4,0.596865801,1.083844952,0.084804263,0.453643232,23:57.3,1,good,11.38333333,2022-11-06,2022-11-06 11:43,-19.278345,black,1
2,68912,20,7.3,7.3,51:41.6,0.704415456,1.348212848,0.119843453,0.743563216,23:40.1,2,good,11.38333333,2022-11-12,2022-11-12 11:51,-28.04881167,black,1
2,68912,115,0,7.3,59:18.5,0.406679064,1.427762645,0.092191667,1.034848827,23:51.6,2,good,11.38333333,2023-02-15,2023-02-15 11:59,-35.52306833,black,1
3,68913,30,0,0,04:01.4,0.418629956,1.369535665,0.09602081,0.836995759,23:50.2,2,good,11.38333333,2022-11-21,2022-11-21 12:04,-40.23064,black,1
3,68913,33,0,7.3,07:57.6,0.416714975,1.254078373,0.100057604,0.576555683,23:30.8,2,good,11.38333333,2022-11-24,2022-11-24 12:08,-44.48655334,black,1
4,68914,69,0,14.6,55:49.2,0.812205071,1.270972614,0.137664757,0.697429801,23:46.8,2,good,11.38333333,2022-11-15,2022-11-15 11:55,-32.12016667,black,1
2,68917,116,7.3,0,52:59.1,0.340531778,1.424130433,0.076512932,0.975755125,23:37.3,3,good,11.38333333,2023-02-19,2023-02-19 11:53,-29.47762,black,1
2,68917,118,0,7.3,49:48.0,0.371249203,1.098240313,0.076621618,0.770901311,23:50.6,3,good,11.38333333,2023-02-21,2023-02-21 11:49,-26.00635167,black,1
4,68919,26,0,7.3,09:12.0,0.383309748,1.409103783,0.065170065,0.899334222,23:54.3,3,good,11.38333333,2022-11-25,2022-11-25 12:09,-45.37884667,black,1
1,68921,4,6.73,0.57,43:10.6,0.55752683,0.905265009,0.084818589,0.465592531,23:32.9,4,good,11.38333333,2022-11-06,2022-11-06 11:43,-19.68435667,black,1
4,77870,15,9.7,48.49,41:52.5,0.624172305,1.200587009,0.103627962,0.713145538,23:12.7,5,good,11.38333333,2023-11-12,2023-11-12 11:51,-28.13766167,black,1
4,77870,17,9.7,9.7,36:27.8,0.588003854,0.905833072,0.095769178,0.305214147,23:54.8,5,good,11.38333333,2023-11-14,2023-11-14 11:54,-30.23680833,black,1
10,77876,7,9.7,0,43:40.9,0.626462094,0.896714838,0.107645868,0.484185943,23:14.3,5,good,11.38333333,2023-11-07,2023-11-07 11:44,-21.04540833,black,1
5,77881,116,0,9.7,38:17.2,0.601137522,1.448623705,0.084623436,0.811843824,23:59.0,6,good,11.38333333,2024-02-28,2024-02-28 11:38,-14.38403667,black,1
4,77900,122,0,9.7,56:40.9,0.50431404,1.243505516,0.065672335,0.678680714,23:27.7,8,good,11.38333333,2024-02-17,2024-02-17 11:56,-33.22157167,black,1
4,77900,123,0,9.7,53:07.7,0.454560689,1.336910054,0.045466826,0.80560942,23:57.0,8,good,11.38333333,2024-02-18,2024-02-18 11:55,-31.16682667,black,1
7,77903,19,0,9.7,44:16.5,0.538034727,0.954712256,0.102492332,0.498562837,23:11.5,8,good,11.38333333,2023-11-07,2023-11-07 11:44,-21.09200667,black,1
3,90326,24,0,0,48:00.6,0.50885186,1.134683235,0.101547391,0.459204357,23:31.9,9,good,11.38333333,2024-11-15,2024-11-15 11:56,-33.03515333,black,1
3,90326,26,9.7,0,27:44.5,0.543823848,0.906043905,0.097821523,0.273108442,23:42.1,9,good,11.38333333,2024-11-17,2024-11-17 11:59,-35.614755,black,1
2,90335,12,9.7,0,42:24.8,0.680400762,1.090565363,0.096369425,0.864598109,23:45.9,10,good,11.38333333,2024-11-05,2024-11-05 11:42,-18.73517833,black,1
2,90335,122,9.7,0,45:33.0,0.420193041,1.114057212,0.068870372,0.967483684,23:49.7,10,good,11.38333333,2025-02-23,2025-02-23 11:45,-21.87082667,black,1
2,90345,111,0,9.7,48:55.8,0.646508032,1.187073544,0.085098534,0.717674664,23:03.0,11,good,11.38333333,2025-02-21,2025-02-21 11:49,-26.00028833,black,1
5,90348,4,0,9.7,39:58.5,0.646554451,1.044291429,0.100803695,0.558296469,23:05.5,11,good,11.38333333,2024-11-10,2024-11-10 11:49,-26.47508167,black,1
5,90348,8,0,0,43:45.7,0.41546728,0.894748637,0.07234834,0.335867082,23:29.1,11,good,11.38333333,2024-11-14,2024-11-14 11:55,-31.69788,black,1
5,90348,9,9.7,9.7,28:40.0,0.621579672,0.9944393,0.087119685,0.33536341,23:44.7,11,good,11.38333333,2024-11-15,2024-11-15 11:56,-32.82145833,black,1
5,90348,15,9.7,0,04:39.4,0.577496398,0.933734387,0.098442427,0.333217622,23:51.0,11,good,11.38333333,2024-11-21,2024-11-21 12:04,-40.866825,black,1
6,90349,103,0,9.7,32:10.7,0.617037898,1.061958937,0.074559647,0.702432106,23:52.2,11,good,11.38333333,2025-02-22,2025-02-22 11:47,-23.51251,black,1
10,90353,103,0,0,15:04.7,0.602938383,1.000045169,0.115652445,0.359341758,23:44.1,11,good,11.38333333,2025-02-23,2025-02-23 11:45,-21.96565167,black,1
1,68906,131,7.3,7.3,53:04.8,0.607480522,1.518622139,0.098657517,0.835411497,24:41.8,1,good,11.4,2023-02-19,2023-02-19 11:53,-28.40313333,black,1
2,68907,12,0,7.3,19:32.3,0.653099737,1.245816354,0.157499325,0.722995608,24:43.4,1,good,11.4,2022-10-20,2022-10-20 11:19,5.140348335,black,1
5,68915,18,43.8,7.3,51:10.0,0.521770895,1.086453759,0.056058998,0.43879612,24:45.0,2,good,11.4,2022-11-12,2022-11-12 11:51,-26.967335,black,1
2,68917,115,0,7.3,54:41.9,0.324633273,1.045872368,0.066074396,0.782376462,24:43.7,3,good,11.4,2023-02-18,2023-02-18 11:54,-29.97162333,black,1
5,68920,11,0,7.3,50:09.1,0.660273145,1.333667968,0.142527472,0.81247316,24:26.4,3,good,11.4,2022-11-12,2022-11-12 11:51,-27.27726833,black,1
1,68921,13,0,7.27,54:33.8,0.388807068,0.90754992,0.030146237,0.515697256,24:28.0,4,good,11.4,2022-11-15,2022-11-15 11:55,-31.43312833,black,1
8,77874,24,0,9.7,06:19.0,0.534483436,1.193029132,0.088318205,0.74521645,24:13.1,5,good,11.4,2023-11-23,2023-11-23 12:06,-42.14905833,black,1
10,77886,115,9.7,19.4,52:13.6,0.548007863,0.996482032,0.063154854,0.31482053,24:58.0,6,good,11.4,2024-03-04,2024-03-04 11:29,-4.449940002,black,1
1,77897,35,0,9.7,55:42.0,0.550053539,1.061730419,0.139544225,0.57990368,24:35.4,8,good,11.4,2023-11-17,2023-11-17 11:58,-33.71058667,black,1
4,77900,22,0,0,46:57.7,0.682613507,1.520916518,0.099153464,0.893651922,24:34.7,8,good,11.4,2023-11-09,2023-11-09 11:47,-22.53771,black,1
4,77900,29,0,9.7,56:54.9,0.625620196,1.257161202,0.083040781,0.740845424,24:40.4,8,good,11.4,2023-11-16,2023-11-16 11:56,-32.24328333,black,1
4,77900,120,9.7,0,59:25.6,0.46127768,0.999944927,0.067971678,0.48381061,24:54.8,8,good,11.4,2024-02-15,2024-02-15 11:59,-34.85276167,black,1
7,77903,26,0,9.7,54:03.2,0.401415055,1.015361665,0.098924741,0.594303502,24:43.4,8,good,11.4,2023-11-14,2023-11-14 11:54,-29.42629667,black,1
7,77903,30,0,9.7,58:44.6,0.566114899,1.10131517,0.096672276,0.614404183,24:14.5,8,good,11.4,2023-11-18,2023-11-18 11:59,-35.424205,black,1
2,90345,4,9.7,9.7,50:05.6,0.57901842,0.913756641,0.093743863,0.272369709,24:07.5,11,good,11.4,2024-11-06,2024-11-06 11:43,-19.791565,black,1
6,90349,13,0,9.7,02:26.4,0.872323988,1.129737867,0.177545538,0.362501305,24:21.5,11,good,11.4,2024-11-24,2024-11-24 12:08,-44.274845,black,1
8,90351,4,9.7,9.7,56:33.0,0.611656354,1.041099913,0.107016438,0.397064271,24:38.7,11,good,11.4,2024-11-15,2024-11-15 11:56,-31.92125667,black,1
8,90351,6,9.7,9.7,59:10.1,0.57241347,1.247232774,0.053555558,0.767144451,24:21.2,11,good,11.4,2024-11-17,2024-11-17 11:59,-34.96269333,black,1
10,90353,2,9.7,0,54:18.5,0.597936809,0.770187445,0.128911845,0.582868826,24:49.0,11,good,11.4,2024-11-14,2024-11-14 11:55,-30.367015,black,1
10,90353,101,0,0,36:52.1,0.487290664,0.91592089,0.075848887,0.345851929,24:50.1,11,good,11.4,2025-02-21,2025-02-21 11:49,-24.21560167,black,1
7,90363,3,0,9.7,56:15.8,0.586927667,1.037980401,0.188425427,0.628653408,24:30.6,12,good,11.4,2024-11-17,2024-11-17 11:59,-34.80595833,black,1
7,90363,101,0,9.7,45:32.6,0.585364436,1.529801812,0.093915656,0.928089197,24:56.6,12,good,11.4,2025-02-23,2025-02-23 11:45,-20.75627167,black,1
1,68906,132,0,7.3,51:27.2,0.655844548,1.476846223,0.093757246,0.984665065,25:30.1,1,good,11.41666667,2023-02-20,2023-02-20 11:51,-25.98147333,black,1
1,68906,133,0,7.3,49:49.5,0.488431042,0.990930198,0.065480359,0.382316514,25:49.2,1,good,11.41666667,2023-02-21,2023-02-21 11:49,-24.02945833,black,1
2,68907,35,0,0,51:42.3,0.492905061,1.591005619,0.122529356,0.982878379,25:08.3,1,good,11.41666667,2022-11-12,2022-11-12 11:51,-26.57900167,black,1
2,68907,139,7.3,7.3,44:42.3,0.495103473,1.13704795,0.070477838,0.879183359,25:40.8,1,good,11.41666667,2023-02-24,2023-02-24 11:44,-19.13584667,black,1
4,68909,28,1.33,5.97,42:05.7,0.629655037,1.00577335,0.079225207,0.288758023,25:37.6,1,good,11.41666667,2022-11-10,2022-11-10 11:48,-23.27300167,black,1
5,68910,30,0,7.3,51:40.5,0.556223813,1.336020188,0.150091191,0.833528381,25:43.2,1,good,11.41666667,2022-11-12,2022-11-12 11:51,-25.99648667,black,1
2,68917,17,0,7.3,51:36.5,0.534456541,1.565976697,0.112655542,1.00272248,25:17.2,3,good,11.41666667,2022-11-12,2022-11-12 11:51,-26.42999667,black,1
5,68925,3,0,7.3,50:12.1,0.603369964,1.280010738,0.127816433,0.782672681,25:42.3,4,good,11.41666667,2022-11-11,2022-11-11 11:50,-24.595755,black,1
5,68925,13,7.3,0,04:02.3,0.535840697,1.259380847,0.063257301,0.823504251,25:47.6,4,good,11.41666667,2022-11-21,2022-11-21 12:04,-38.27375667,black,1
4,77870,18,9.7,0,01:57.0,0.49292457,1.147659261,0.066553398,0.689810517,25:18.8,5,good,11.41666667,2023-11-15,2023-11-15 11:55,-30.21928667,black,1
4,77870,22,9.7,0,00:53.7,0.482761051,1.001176374,0.075824412,0.418244164,25:05.8,5,good,11.41666667,2023-11-19,2023-11-19 12:01,-35.93659,black,1
10,77876,14,0,9.7,54:03.0,0.484423406,0.759917407,0.08873706,0.311747079,25:41.2,5,good,11.41666667,2023-11-14,2023-11-14 11:54,-28.46315667,black,1
10,77876,27,9.7,2211.34,11:25.9,0.592372703,1.106132557,0.071363178,0.574955612,25:56.0,5,good,11.41666667,2023-11-27,2023-11-27 12:11,-45.54935,black,1
3,77879,16,0,9.7,00:57.6,0.519243381,0.879723216,0.108683578,0.404467731,25:48.3,6,good,11.41666667,2023-11-19,2023-11-19 12:01,-35.22791833,black,1
10,77886,114,19.4,9.7,31:04.4,0.510362355,1.090691582,0.097628835,0.5077104,25:10.8,6,good,11.41666667,2024-03-03,2024-03-03 11:31,-6.053703332,black,1
2,77898,36,0.1,9.6,55:12.0,0.701013266,0.902279396,0.123821219,0.16914094,25:13.1,8,good,11.41666667,2023-11-22,2023-11-22 12:05,-39.83095,black,1
4,77900,33,0,9.7,02:21.0,0.49201092,1.255371115,0.096863076,0.689687954,25:15.6,8,good,11.41666667,2023-11-20,2023-11-20 12:02,-37.12338667,black,1
4,77900,127,9.7,77.59,48:17.1,0.661134548,1.188578027,0.08491989,0.527102949,25:44.1,8,good,11.41666667,2024-02-22,2024-02-22 11:48,-22.88156166,black,1
9,77905,15,9.7,9.7,44:07.3,0.70735057,0.917805863,0.137279199,0.252714217,25:17.6,8,good,11.41666667,2023-11-07,2023-11-07 11:44,-18.98959666,black,1
2,90335,14,9.7,9.7,36:16.5,0.611960335,0.979142794,0.082018452,0.371749389,25:23.1,10,good,11.41666667,2024-11-07,2024-11-07 11:45,-19.94910333,black,1
7,90341,16,0,9.7,35:10.7,0.532841453,0.847372384,0.083301751,0.272278329,25:24.4,10,good,11.41666667,2024-11-15,2024-11-15 11:56,-31.160655,black,1
2,90345,19,9.7,9.7,34:02.6,0.601564367,1.55966413,0.075527316,1.030146214,25:48.1,11,good,11.41666667,2024-11-21,2024-11-21 12:04,-38.91578833,black,1
2,90345,110,9.7,9.7,50:36.3,0.58865119,1.199565163,0.060773917,0.809067411,25:18.6,11,good,11.41666667,2025-02-20,2025-02-20 11:50,-25.389905,black,1
5,90348,13,0,9.7,01:52.4,0.658282779,1.026172627,0.121826707,0.425919895,25:35.6,11,good,11.41666667,2024-11-19,2024-11-19 12:02,-36.44012833,black,1
6,90349,104,9.7,19.4,45:37.3,0.617873139,1.251923032,0.088027082,0.969205651,25:21.2,11,good,11.41666667,2025-02-23,2025-02-23 11:45,-20.34707667,black,1
1,68906,130,0,7.3,53:36.9,0.536400797,1.100906247,0.07303949,0.5886078,26:41.4,1,good,11.43333333,2023-02-18,2023-02-18 11:54,-28.00971333,black,1
1,68906,135,7.3,0,46:12.3,0.638935559,1.528623675,0.108024987,0.931184046,26:34.8,1,good,11.43333333,2023-02-23,2023-02-23 11:46,-19.93654167,black,1
2,68907,62,0,7.3,24:58.9,0.537187795,1.527324657,0.147970422,0.938183062,26:25.3,1,good,11.43333333,2022-12-09,2022-12-09 12:25,-58.6124,black,1
2,68907,134,7.3,7.3,53:05.3,0.501617201,1.407258585,0.080239536,0.883886824,26:53.3,1,good,11.43333333,2023-02-19,2023-02-19 11:53,-26.21204667,black,1
2,68907,136,0,0,49:48.6,0.464870027,1.231523805,0.082324625,0.941911875,26:46.3,1,good,11.43333333,2023-02-21,2023-02-21 11:49,-23.078635,black,1
2,68907,137,0,7.3,48:06.5,0.479478492,1.256670113,0.121685838,0.916311919,26:53.7,1,good,11.43333333,2023-02-22,2023-02-22 11:48,-21.28883667,black,1
3,68908,31,0,7.3,43:07.1,0.524689124,1.484205339,0.116885981,0.834321209,26:17.0,1,good,11.43333333,2022-11-06,2022-11-06 11:43,-16.949235,black,1
3,68913,25,7.3,0,57:13.2,0.526287214,1.339175707,0.111719568,0.858412084,26:02.1,2,good,11.43333333,2022-11-16,2022-11-16 11:57,-31.24786,black,1
2,68917,117,0,0,51:23.5,0.314191986,1.263503312,0.089703034,0.945844982,26:10.0,3,good,11.43333333,2023-02-20,2023-02-20 11:51,-25.317315,black,1
5,68925,104,7.3,7.3,51:25.2,0.690196576,1.465255505,0.101792961,0.979272999,26:55.4,4,good,11.43333333,2023-02-20,2023-02-20 11:51,-24.56007333,black,1
5,68925,105,7.3,7.3,49:44.2,0.670045404,1.328228474,0.087409198,1.006088798,26:19.0,4,good,11.43333333,2023-02-21,2023-02-21 11:49,-23.534065,black,1
6,77872,5,9.7,9.7,39:59.8,0.582449609,0.760347761,0.078146864,0.352661573,26:40.1,5,good,11.43333333,2023-11-04,2023-11-04 11:40,-13.38119167,black,1
8,77874,21,0,9.7,02:20.6,0.475978481,1.046146639,0.101986691,0.540074395,26:32.9,5,good,11.43333333,2023-11-20,2023-11-20 12:02,-35.83529,black,1
8,77874,22,9.7,0,01:56.6,0.484304585,0.94557153,0.102422782,0.479043079,26:28.3,5,good,11.43333333,2023-11-21,2023-11-21 12:03,-37.261895,black,1
3,77879,17,9.7,0,02:22.9,0.545854874,1.022248372,0.071952095,0.6727359,26:15.5,6,good,11.43333333,2023-11-20,2023-11-20 12:02,-36.125685,black,1
2,77888,6,9.7,9.7,00:54.2,0.637035475,1.200911839,0.115266184,0.646179484,26:04.8,7,good,11.43333333,2023-11-19,2023-11-19 12:01,-34.95335333,black,1
2,77888,8,0,9.7,00:34.8,0.62200753,1.122955023,0.100482577,0.639451156,26:04.8,7,good,11.43333333,2023-11-21,2023-11-21 12:03,-37.6534,black,1
1,77897,38,0,9.7,02:20.2,0.483194864,1.211318719,0.089443801,0.721278181,26:12.9,8,good,11.43333333,2023-11-20,2023-11-20 12:02,-36.16877667,black,1
1,77897,39,0,9.7,01:09.2,0.527244982,0.881337775,0.067999625,0.485865581,26:38.9,8,good,11.43333333,2023-11-21,2023-11-21 12:03,-37.08508833,black,1
4,77900,30,9.7,0,58:09.2,0.634703509,1.168502659,0.080230008,0.596489286,26:33.5,8,good,11.43333333,2023-11-17,2023-11-17 11:58,-31.74181,black,1
7,77903,21,9.7,0,47:01.3,0.746153342,0.993831686,0.211884313,0.507375919,26:15.7,8,good,11.43333333,2023-11-09,2023-11-09 11:47,-20.85543667,black,1
2,90335,13,0,9.7,23:10.7,0.783409828,1.096210541,0.138759046,0.452908086,26:50.2,10,good,11.43333333,2024-11-06,2024-11-06 11:43,-17.079695,black,1
2,90335,16,9.7,9.7,48:04.6,0.688938254,0.978216363,0.103120984,0.58682102,26:31.1,10,good,11.43333333,2024-11-09,2024-11-09 11:48,-21.64876667,black,1
7,90341,15,9.7,9.7,13:44.4,0.648044243,0.993171299,0.097870752,0.41293077,26:16.5,10,good,11.43333333,2024-11-14,2024-11-14 11:55,-28.90777667,black,1
2,90345,13,9.7,19.4,51:00.0,0.603904204,0.986759948,0.090882582,0.552426677,26:40.6,11,good,11.43333333,2024-11-15,2024-11-15 11:56,-29.88959833,black,1
5,90348,10,9.7,9.7,34:25.3,0.633755579,0.848860112,0.078050713,0.220961401,26:54.8,11,good,11.43333333,2024-11-16,2024-11-16 11:57,-31.03683667,black,1
8,90351,5,9.7,9.7,57:51.6,0.559760459,1.025034114,0.065526454,0.454837305,26:26.4,11,good,11.43333333,2024-11-16,2024-11-16 11:57,-31.51073333,black,1
9,90352,7,9.7,9.7,05:07.7,0.459806531,0.631779778,0.091153793,0.130257247,26:43.1,11,good,11.43333333,2024-11-19,2024-11-19 12:02,-35.31487333,black,1
10,90353,102,0,9.7,22:34.7,0.416049122,0.889114348,0.066794601,0.302489739,26:32.8,11,good,11.43333333,2025-02-22,2025-02-22 11:47,-20.83587,black,1
5,90359,3,0,19.4,57:01.7,0.788378198,1.124632031,0.144365126,0.705350704,26:24.3,12,good,11.43333333,2024-11-17,2024-11-17 11:59,-32.91083,black,1
7,90363,7,0,9.7,04:41.1,0.529131896,1.13736546,0.100898237,0.705236713,26:08.5,12,good,11.43333333,2024-11-21,2024-11-21 12:04,-38.574235,black,1
1,68911,127,7.3,7.3,42:19.5,0.690091689,1.004274039,0.089808344,0.242456335,27:55.6,2,good,11.45,2023-02-20,2023-02-20 11:51,-23.55678667,black,1
2,68912,113,0,7.3,02:20.7,0.363161931,1.234011465,0.084909676,0.982881889,27:52.3,2,good,11.45,2023-02-13,2023-02-13 12:02,-34.51212667,black,1
2,68912,143,0,7.3,10:17.1,1.760463813,1.188878874,1.06711649,0.591544259,27:51.6,2,bad,11.45,2023-03-15,2023-03-15 11:10,17.54376333,red,2
3,68913,36,0,7.3,11:46.3,0.618586755,1.680185136,0.127160454,1.011924111,27:19.6,2,good,11.45,2022-11-27,2022-11-27 12:11,-44.472685,black,1
5,68925,31,0,7.3,24:55.7,0.495142758,1.481612784,0.099048127,0.97969375,27:20.4,4,good,11.45,2022-12-09,2022-12-09 12:25,-57.693305,black,1
4,77870,13,0,9.7,59:47.6,0.547321325,1.476399309,0.075110577,1.061153884,27:11.9,5,good,11.45,2023-11-10,2023-11-10 11:48,-21.33459,black,1
4,77870,24,0,0,53:40.4,0.496517094,1.139107349,0.078083318,0.607303919,27:53.9,5,good,11.45,2023-11-21,2023-11-21 12:03,-35.835625,black,1
6,77872,9,9.7,0,45:34.4,0.55002338,0.791158094,0.079881507,0.316062183,27:04.3,5,good,11.45,2023-11-08,2023-11-08 11:45,-18.62799833,black,1
10,77876,9,0,9.7,46:59.4,0.804500924,1.006337008,0.228516696,0.584285713,27:01.9,5,good,11.45,2023-11-09,2023-11-09 11:47,-20.08425,black,1
5,77881,103,0,19.4,58:31.0,0.620987353,1.192544468,0.074434511,0.629163356,27:04.6,6,good,11.45,2024-02-15,2024-02-15 11:59,-32.68961333,black,1
9,77895,133,0,9.7,50:13.8,0.674127215,1.074503369,0.094209013,0.525773728,27:02.1,7,good,11.45,2024-02-21,2024-02-21 11:50,-23.23105667,black,1
4,77900,34,9.7,0,02:08.0,0.660902696,1.155321491,0.083942232,0.680208937,27:08.6,8,good,11.45,2023-11-21,2023-11-21 12:03,-36.59007334,black,1
7,77903,32,0,9.7,02:18.0,0.485171756,1.052778845,0.095141322,0.61470523,27:57.6,8,good,11.45,2023-11-20,2023-11-20 12:02,-34.42286,black,1
3,90326,28,0,9.7,45:46.0,0.304337642,1.039219,0.035940138,0.407824125,27:45.1,9,good,11.45,2024-11-19,2024-11-19 12:02,-34.28106167,black,1
2,90335,11,0,0,40:57.5,0.562843498,1.052072023,0.089562429,0.783404521,27:08.2,10,good,11.45,2024-11-04,2024-11-04 11:41,-13.962895,black,1
2,90335,19,0,9.7,52:16.9,0.794887135,0.955015894,0.131992569,0.648675701,27:48.8,10,good,11.45,2024-11-12,2024-11-12 11:52,-24.56986833,black,1
6,90349,102,0,9.7,48:57.7,0.602533909,1.221310069,0.080209959,0.906527414,27:53.1,11,good,11.45,2025-02-21,2025-02-21 11:49,-21.16541833,black,1
9,90352,38,9.7,7739.44,25:59.4,0.596882632,0.89586273,0.083912302,0.325942197,27:24.3,11,good,11.45,2024-12-20,2024-12-20 12:33,-66.14487667,black,1
7,90363,4,0,9.7,00:23.4,0.476143249,0.973829211,0.081616407,0.60384296,27:20.6,12,good,11.45,2024-11-18,2024-11-18 12:00,-33.33985667,black,1
7,90363,100,0,9.7,47:14.4,0.542485054,1.174665342,0.091972701,0.840654248,27:36.6,12,good,11.45,2025-02-22,2025-02-22 11:47,-19.772665,black,1
1,68906,128,0,7.3,57:36.1,0.605777278,1.51868915,0.094168364,0.859373176,28:14.7,1,good,11.46666667,2023-02-16,2023-02-16 11:57,-29.588815,black,1
2,68907,29,0,7.3,43:08.4,0.463429792,1.338167588,0.086644633,0.735556499,28:29.7,1,good,11.46666667,2022-11-06,2022-11-06 11:43,-14.737915,black,1
2,68907,135,0,7.3,51:23.3,0.517525421,1.339008316,0.087148973,0.941963013,28:50.2,1,good,11.46666667,2023-02-20,2023-02-20 11:51,-22.646085,black,1
2,68907,174,14.6,0,39:29.0,0.953142969,0.623878029,0.169446321,0.083843254,28:20.4,1,bad,11.46666667,2023-03-31,2023-03-31 10:39,48.62327,red,2
3,68913,21,0,7.3,51:38.1,0.541350361,1.560432392,0.107254677,1.009331861,27:59.6,2,good,11.46666667,2022-11-12,2022-11-12 11:51,-23.72382833,black,1
2,68917,26,0,7.3,04:01.5,0.46247533,1.420613031,0.122574767,0.932778037,28:27.5,3,good,11.46666667,2022-11-21,2022-11-21 12:04,-35.60822333,black,1
1,68921,12,0,7.3,54:12.3,0.515280909,0.950229182,0.068809251,0.411640797,28:36.8,4,good,11.46666667,2022-11-14,2022-11-14 11:54,-25.88585833,black,1
2,68922,20,0,7.3,05:02.3,0.724029561,1.1194257,0.108285969,0.369416328,28:30.1,4,good,11.46666667,2022-11-22,2022-11-22 12:05,-36.89851833,black,1
5,68925,95,7.3,14.6,05:17.9,0.64597027,1.191446129,0.083268709,0.814455167,28:52.7,4,good,11.46666667,2023-02-11,2023-02-11 12:05,-36.42121,black,1
5,68925,101,0,7.3,56:16.4,0.789256515,1.233595948,0.112411746,0.786344959,28:44.1,4,good,11.46666667,2023-02-17,2023-02-17 11:56,-27.54915167,black,1
6,77872,11,0,0,46:15.4,0.496423291,1.179129528,0.072901067,0.649869543,28:53.2,5,good,11.46666667,2023-11-10,2023-11-10 11:48,-19.64590833,black,1
6,77872,13,0,9.7,50:37.6,0.598265595,1.107641024,0.11158871,0.610970012,28:34.2,5,good,11.46666667,2023-11-12,2023-11-12 11:51,-22.78029333,black,1
8,77874,20,0,0,00:57.8,0.579933795,0.938512746,0.095765795,0.415166486,28:14.4,5,good,11.46666667,2023-11-19,2023-11-19 12:01,-32.79272667,black,1
10,77876,10,0,9.7,48:24.1,0.740737042,1.081049271,0.185719613,0.504090704,28:17.0,5,good,11.46666667,2023-11-10,2023-11-10 11:48,-20.250735,black,1
3,77879,15,0,9.7,59:32.2,0.581688233,0.944702182,0.086672596,0.45537162,28:06.0,6,good,11.46666667,2023-11-18,2023-11-18 11:59,-31.56631167,black,1
9,77895,134,38.8,9.7,48:35.6,0.667358888,1.429551078,0.075036,0.819361328,28:47.6,7,good,11.46666667,2024-02-22,2024-02-22 11:48,-19.82346333,black,1
2,77898,35,19.4,9.7,03:38.0,0.627058386,1.256313445,0.082210982,0.550485021,28:38.1,8,good,11.46666667,2023-11-21,2023-11-21 12:03,-35.09903833,black,1
7,90341,18,9.7,9.7,40:52.5,0.641175708,1.158296104,0.091047893,0.930158895,28:01.9,10,good,11.46666667,2024-11-17,2024-11-17 11:59,-31.28556667,black,1
2,90345,109,0,9.7,52:14.2,0.648368349,1.268699929,0.080648041,0.769226122,28:33.5,11,good,11.46666667,2025-02-19,2025-02-19 11:52,-23.75866333,black,1
5,90348,12,9.6,0.1,56:26.5,0.641511726,0.989363623,0.084629996,0.458727649,28:43.6,11,good,11.46666667,2024-11-18,2024-11-18 12:00,-31.95695167,black,1
1,68906,134,0,7.3,46:22.3,0.538659974,1.27010172,0.085784199,0.83087732,29:32.7,1,good,11.48333333,2023-02-22,2023-02-22 11:48,-18.63894333,black,1
2,68907,138,0,7.3,46:24.4,0.657942457,1.532460921,0.161637549,0.950855955,29:34.3,1,good,11.48333333,2023-02-23,2023-02-23 11:46,-16.94422834,black,1
2,68912,35,0,7.3,11:44.6,0.505153042,1.594615313,0.13212543,0.932392519,29:50.9,2,good,11.48333333,2022-11-27,2022-11-27 12:11,-41.951195,black,1
3,68913,108,7.3,0,10:49.5,0.267821257,1.158563236,0.030112648,0.844774743,29:47.2,2,good,11.48333333,2023-02-07,2023-02-07 12:10,-41.06356333,black,1
2,68917,21,0,7.3,57:15.7,0.633375716,1.407186121,0.120994632,0.905745865,29:58.0,3,good,11.48333333,2022-11-16,2022-11-16 11:57,-27.31655167,black,1
5,68920,20,7.3,0,04:03.3,0.401034161,1.402102807,0.08986304,0.951088297,29:35.1,3,good,11.48333333,2022-11-21,2022-11-21 12:04,-34.482295,black,1
5,68920,26,0,7.3,11:43.1,0.419618652,1.57405311,0.086020209,0.920112478,29:57.0,3,good,11.48333333,2022-11-27,2022-11-27 12:11,-41.850715,black,1
2,68922,14,0,7.3,57:16.1,0.73719177,0.96653471,0.110017413,0.234042107,29:15.2,4,good,11.48333333,2022-11-16,2022-11-16 11:57,-28.03044667,black,1
8,77874,18,0.1,9.6,58:12.4,0.483632242,1.169534043,0.09584436,0.705585013,29:12.1,5,good,11.48333333,2023-11-17,2023-11-17 11:58,-29.09801667,black,1
5,77881,220,0,0,08:14.6,0.454344975,0.333608752,0.100515779,0.064735545,29:07.4,6,bad,11.48333333,2024-06-11,2024-06-11 9:08,140.7574383,red,2
4,77900,119,0,9.7,51:59.3,0.567235961,1.618449221,0.143734116,0.853929438,29:45.7,8,good,11.48333333,2024-02-14,2024-02-14 12:01,-31.5219,black,1
4,77900,121,0,0,57:58.4,0.528509098,1.342399446,0.09757373,0.660212386,29:16.8,8,good,11.48333333,2024-02-16,2024-02-16 11:58,-28.95374,black,1
7,77903,31,9.7,9.7,00:55.5,0.554091441,1.024421085,0.114398938,0.546332641,29:29.8,8,good,11.48333333,2023-11-19,2023-11-19 12:01,-31.53712333,black,1
9,77905,2,9.7,9.7,25:50.9,0.545316113,0.767719659,0.099896907,0.268818949,29:29.3,8,good,11.48333333,2023-10-25,2023-10-25 11:26,3.421738334,black,1
2,90335,21,9.7,0,55:01.9,0.613075079,1.039090786,0.096083955,0.775442368,29:16.2,10,good,11.48333333,2024-11-14,2024-11-14 11:55,-25.91283667,black,1
2,90335,119,9.7,0,50:33.0,0.35981046,1.04424799,0.060088944,0.750216411,29:09.2,10,good,11.48333333,2025-02-20,2025-02-20 11:50,-21.54602,black,1
9,90352,99,9.7,9.7,46:07.8,0.547271522,1.072187356,0.075118186,0.297076773,29:44.1,11,good,11.48333333,2025-02-19,2025-02-19 11:52,-22.58134667,black,1
10,90353,95,0,9.7,52:36.8,0.547688027,1.044549711,0.084433531,0.503917167,29:25.5,11,good,11.48333333,2025-02-15,2025-02-15 11:58,-29.20828,black,1
10,90353,100,0,9.7,48:55.5,0.527038775,1.108492404,0.084762608,0.402697999,29:06.1,11,good,11.48333333,2025-02-20,2025-02-20 11:50,-21.59800167,black,1
7,90363,88,9.7,9.7,05:59.2,0.54352299,0.947793813,0.108779092,0.622212783,29:42.5,12,good,11.48333333,2025-02-10,2025-02-10 12:06,-36.34246833,black,1
1,68906,125,0,7.3,02:22.0,0.54177964,1.428599408,0.080002078,0.918070542,30:05.4,1,good,11.5,2023-02-13,2023-02-13 12:02,-32.29297667,black,1
2,68907,126,0,7.3,05:13.8,0.571937986,1.119804025,0.101053706,0.78826389,30:38.1,1,good,11.5,2023-02-11,2023-02-11 12:05,-34.665465,black,1
4,68909,32,0,7.3,54:26.0,0.688706801,1.054551329,0.096350636,0.249638162,30:54.8,1,good,11.5,2022-11-14,2022-11-14 11:54,-23.587215,black,1
2,68912,114,7.3,0,00:53.1,0.534099525,1.486612285,0.154232301,1.002656206,30:11.0,2,good,11.5,2023-02-14,2023-02-14 12:00,-30.71709,black,1
3,68913,35,0,0,10:27.6,0.618102282,1.47511271,0.128411552,0.852696503,30:09.1,2,good,11.5,2022-11-26,2022-11-26 12:10,-40.39847333,black,1
4,68914,60,0,7.3,43:07.9,0.575448781,1.149421565,0.123833589,0.466959887,30:18.8,2,good,11.5,2022-11-06,2022-11-06 11:43,-12.91943167,black,1
2,68917,114,0,0,56:10.2,0.530026463,1.174511883,0.102672186,0.864080908,30:27.4,3,good,11.5,2023-02-17,2023-02-17 11:56,-25.82640167,black,1
4,68919,22,0,7.3,03:57.8,0.513876421,1.411407906,0.124153393,0.773070646,30:50.0,3,good,11.5,2022-11-21,2022-11-21 12:04,-33.233915,black,1
5,68920,15,7.3,0,57:13.3,0.60111355,1.313267828,0.123786247,0.875423442,30:25.0,3,good,11.5,2022-11-16,2022-11-16 11:57,-26.867485,black,1
1,68921,10,1.77,5.52,51:39.9,0.468894947,1.061207655,0.074161833,0.544454835,30:06.8,4,good,11.5,2022-11-12,2022-11-12 11:51,-21.602645,black,1
1,68921,103,7.3,14.6,02:14.5,0.571161642,0.787164734,0.058573393,0.274970978,30:56.0,4,good,11.5,2023-02-13,2023-02-13 12:02,-31.450645,black,1
4,68924,96,211.67,94.89,10:49.6,0.363078492,0.99659521,0.058344804,0.732866893,30:38.2,4,good,11.5,2023-02-07,2023-02-07 12:10,-40.21313667,black,1
5,68925,4,0,7.3,51:39.7,0.558830157,1.447948206,0.100093714,0.81572518,30:34.2,4,good,11.5,2022-11-12,2022-11-12 11:51,-21.14599833,black,1
5,68925,98,7.3,7.3,00:47.1,0.82486635,1.350075242,0.123001755,0.840915493,30:34.2,4,good,11.5,2023-02-14,2023-02-14 12:00,-30.32946,black,1
10,77876,18,0,9.7,44:01.1,0.671702339,0.978605668,0.131347557,0.392282258,30:51.0,5,good,11.5,2023-11-18,2023-11-18 11:59,-28.816545,black,1
3,77879,26,0,9.7,42:06.3,0.655959398,0.915426589,0.147774312,0.523908271,30:58.8,6,good,11.5,2023-11-29,2023-11-29 12:13,-42.95366667,black,1
10,77886,6,0,0,56:53.6,0.510019318,0.895167053,0.090087502,0.524246352,30:18.6,6,good,11.5,2023-11-16,2023-11-16 11:56,-26.60748333,black,1
10,77886,108,9.7,0,41:44.7,0.55211556,0.778462437,0.081266323,0.217888854,30:01.9,6,good,11.5,2024-02-26,2024-02-26 11:41,-11.81816667,black,1
2,77888,7,0,9.7,02:16.7,0.6174586,1.2226086,0.110767267,0.778683103,30:21.8,7,good,11.5,2023-11-20,2023-11-20 12:02,-32.01950833,black,1
2,77898,34,19.4,9.7,01:33.7,0.634800587,1.319987035,0.070328215,0.555455974,30:36.6,8,good,11.5,2023-11-20,2023-11-20 12:02,-31.77289,black,1
2,77898,124,9.7,9.7,55:03.3,0.651042681,1.306263091,0.070700466,0.733519583,30:02.4,8,good,11.5,2024-02-18,2024-02-18 11:55,-25.07693834,black,1
3,77899,30,0,9.7,58:16.9,0.671518329,1.20946143,0.098261713,0.466783555,30:14.4,8,good,11.5,2023-11-17,2023-11-17 11:58,-28.06026833,black,1
3,90326,27,0,9.7,42:36.6,0.272576361,1.388506743,0.023654079,0.793056888,30:05.5,9,good,11.5,2024-11-18,2024-11-18 12:00,-30.591875,black,1
5,90348,5,9.7,9.7,42:39.6,0.501074904,0.950167708,0.070245023,0.410942476,30:57.0,11,good,11.5,2024-11-11,2024-11-11 11:50,-20.03410167,black,1
6,90349,5,9.7,9.7,52:11.7,0.673965997,0.822197215,0.087377888,0.463728691,29:59.3,11,good,11.5,2024-11-16,2024-11-16 11:57,-27.96220333,black,1
6,90349,6,48.49,271.55,59:10.2,0.642313498,0.942673835,0.07951552,0.347148014,30:10.4,11,good,11.5,2024-11-17,2024-11-17 11:59,-29.14337833,black,1
6,90349,96,9.7,0,52:40.5,0.590354407,1.13870144,0.073753738,0.874003309,30:28.0,11,good,11.5,2025-02-15,2025-02-15 11:58,-28.16629167,black,1
5,90359,5,0,9.7,01:53.3,0.688431421,1.126280651,0.111074679,0.714788358,30:56.5,12,good,11.5,2024-11-19,2024-11-19 12:02,-31.09104167,black,1
7,90363,98,0,9.7,50:38.1,0.476193643,1.262374158,0.086649424,0.834667963,30:21.5,12,good,11.5,2025-02-20,2025-02-20 11:50,-20.34202167,black,1
1,68906,63,0,0,07:06.7,0.612646732,1.000310047,0.105083333,0.396650054,31:03.8,1,good,11.51666667,2022-12-13,2022-12-13 12:28,-57.48637167,black,1
2,68907,44,0,7.3,03:59.8,0.616158257,1.447693223,0.078327251,0.93217358,31:57.3,1,good,11.51666667,2022-11-21,2022-11-21 12:04,-32.11140333,black,1
2,68912,32,7.3,14.6,07:58.3,0.635203628,1.43731563,0.09060607,0.972042038,31:47.7,2,good,11.51666667,2022-11-24,2022-11-24 12:08,-36.20520667,black,1
2,68917,29,0,7.3,07:53.3,0.620219443,1.330743027,0.114820242,0.825283789,31:42.8,3,good,11.51666667,2022-11-24,2022-11-24 12:08,-36.28701,black,1
5,68920,25,0,7.3,10:24.0,0.557940106,1.500750946,0.089441072,0.877125831,31:54.9,3,good,11.51666667,2022-11-26,2022-11-26 12:10,-38.63447833,black,1
1,68921,11,0,0,52:30.6,0.47641651,1.013995732,0.077676205,0.520486037,31:03.3,4,good,11.51666667,2022-11-13,2022-11-13 11:53,-22.06191667,black,1
1,68921,21,7.3,0,06:39.5,0.407375594,1.04238946,0.034148623,0.580410399,31:42.0,4,good,11.51666667,2022-11-23,2022-11-23 12:06,-35.01746833,black,1
1,68921,105,7.3,0,43:04.4,0.599389809,1.344994319,0.071921451,0.559749599,31:50.2,4,good,11.51666667,2023-02-15,2023-02-15 11:59,-27.54715,black,1
3,77869,20,9.7,0,58:16.7,0.311397659,0.375601502,0.026620797,0.049319744,31:31.9,5,good,11.51666667,2023-11-17,2023-11-17 11:58,-26.76880833,black,1
4,77870,28,0,9.7,08:39.0,0.641394167,1.134940446,0.081714038,0.659118455,31:04.4,5,good,11.51666667,2023-11-25,2023-11-25 12:08,-37.89254333,black,1
6,77872,12,9.7,9.7,49:52.8,0.605229444,0.99225509,0.069521049,0.467483709,31:34.4,5,good,11.51666667,2023-11-11,2023-11-11 11:49,-18.35972167,black,1
10,77876,20,38.8,19.4,02:21.7,0.662395882,1.155891553,0.097002045,0.747466057,31:24.6,5,good,11.51666667,2023-11-20,2023-11-20 12:02,-30.972595,black,1
1,77877,6,9.7,19.4,55:01.6,0.694214308,1.083646582,0.098346354,0.410274875,31:48.4,6,good,11.51666667,2023-11-07,2023-11-07 11:44,-12.47672833,black,1
3,77879,22,0,9.7,08:51.1,0.614208361,1.100455522,0.128390916,0.777170688,31:06.6,6,good,11.51666667,2023-11-25,2023-11-25 12:08,-37.85646333,black,1
3,77879,25,0,9.7,12:18.6,0.653000921,1.141879847,0.12168194,0.756151549,31:49.3,6,good,11.51666667,2023-11-28,2023-11-28 12:12,-40.89567,black,1
5,77881,106,0,9.7,55:04.8,0.612695955,1.313375754,0.068762269,0.733298607,31:43.4,6,good,11.51666667,2024-02-18,2024-02-18 11:55,-23.39382333,black,1
5,77881,108,9.7,0,51:49.1,0.595602991,1.122308796,0.06884243,0.523184262,31:12.6,6,good,11.51666667,2024-02-20,2024-02-20 11:51,-20.690465,black,1
10,77886,118,0,9.7,15:32.4,0.579817355,1.07330805,0.085059355,0.726758961,31:35.8,6,good,11.51666667,2024-03-07,2024-03-07 11:23,7.679476666,black,1
3,77899,17,9.7,19.4,39:57.3,0.698923163,1.295426263,0.111632241,0.679785682,31:47.8,8,good,11.51666667,2023-11-04,2023-11-04 11:40,-8.253960001,black,1
2,90335,15,0,9.7,46:37.1,0.629489096,1.012082679,0.120349148,0.579744928,31:51.1,10,good,11.51666667,2024-11-08,2024-11-08 11:46,-14.899,black,1
9,90343,159,9.7,0,25:34.4,0.991103282,1.34246703,0.562474865,0.64908264,31:46.6,10,good,11.51666667,2025-04-07,2025-04-07 10:25,66.10917667,black,1
2,90345,16,9.7,96.99,31:00.2,0.680037234,0.895107122,0.084064565,0.320943923,31:54.0,11,good,11.51666667,2024-11-18,2024-11-18 12:00,-28.78377,black,1
6,90349,101,9.7,484.91,50:33.0,0.614883304,1.118655247,0.097721787,0.901214806,31:34.5,11,good,11.51666667,2025-02-20,2025-02-20 11:50,-19.125235,black,1
9,90352,91,9.7,9.7,02:51.2,0.551431729,0.944327019,0.057507782,0.291422569,31:25.5,11,good,11.51666667,2025-02-11,2025-02-11 12:04,-33.19112333,black,1
10,90353,109,9.7,0,44:56.7,0.507985527,0.985964422,0.091977095,0.490104594,31:35.3,11,good,11.51666667,2025-03-01,2025-03-01 11:35,-3.695225,black,1
1,68906,44,0,7.3,06:24.8,0.53340394,1.229157606,0.077849983,0.752297292,32:11.4,1,good,11.53333333,2022-11-24,2022-11-24 12:08,-35.80923833,black,1
2,68907,59,0,7.3,22:03.1,0.561728521,1.455127715,0.131353939,0.894386331,32:44.2,1,good,11.53333333,2022-12-06,2022-12-06 12:22,-49.34650167,black,1
2,68912,112,0,7.3,03:47.9,0.370128434,1.592473482,0.07163833,1.052087035,32:14.3,2,good,11.53333333,2023-02-12,2023-02-12 12:03,-31.62824167,black,1
3,68913,110,0,7.3,08:05.8,0.301212019,1.451994327,0.060071123,0.963764814,32:02.8,2,good,11.53333333,2023-02-09,2023-02-09 12:08,-36.08691667,black,1
2,68917,110,0,7.3,02:17.8,0.347351126,0.986228834,0.087984456,0.814329185,32:26.9,3,good,11.53333333,2023-02-13,2023-02-13 12:02,-29.93557333,black,1
4,68919,17,0,0,57:10.4,0.609225248,1.447610474,0.155372,0.851769909,32:40.8,3,good,11.53333333,2022-11-16,2022-11-16 11:57,-24.60366833,black,1
4,68919,102,7.3,0,52:24.3,0.550902016,1.55975249,0.09193491,1.010750473,32:06.9,3,good,11.53333333,2023-02-09,2023-02-09 12:08,-36.018065,black,1
1,68921,17,0,7.32,01:20.5,0.362515598,0.911256752,0.029492626,0.471107759,32:49.6,4,good,11.53333333,2022-11-19,2022-11-19 12:01,-28.55677833,black,1
2,68922,17,14.53,7.31,01:02.1,0.715656107,1.076742576,0.101257514,0.302202236,32:38.7,4,good,11.53333333,2022-11-19,2022-11-19 12:01,-28.73755,black,1
2,68922,87,7.3,7.3,52:24.9,0.800137067,0.878537311,0.115566904,0.192829437,32:03.8,4,good,11.53333333,2023-01-28,2023-01-28 12:22,-50.66960333,black,1
4,68924,3,0,7.3,43:12.0,0.683002141,1.306232061,0.10584066,0.806645774,32:34.2,4,good,11.53333333,2022-11-06,2022-11-06 11:43,-10.66295333,black,1
5,68925,93,0,7.3,07:51.7,0.515832878,1.500179789,0.072445322,0.975212256,32:32.3,4,good,11.53333333,2023-02-09,2023-02-09 12:08,-35.59556167,black,1
6,77872,8,9.7,9.7,44:10.8,0.524319755,0.90153197,0.099919718,0.404053354,32:08.7,5,good,11.53333333,2023-11-07,2023-11-07 11:44,-12.13868666,black,1
8,77874,26,0,9.7,08:54.6,0.558410377,1.119417576,0.078009413,0.73014327,32:08.8,5,good,11.53333333,2023-11-25,2023-11-25 12:08,-36.82051833,black,1
3,77879,14,0,9.7,58:16.6,0.516856581,1.066599679,0.100612468,0.635378504,32:29.8,6,good,11.53333333,2023-11-17,2023-11-17 11:58,-25.80319,black,1
5,77881,96,9.7,9.7,09:44.0,0.632385836,1.259332175,0.094868873,0.674635305,32:09.6,6,good,11.53333333,2024-02-08,2024-02-08 12:09,-37.68986833,black,1
5,77881,117,0,0,36:29.6,0.774822901,1.25027409,0.142776904,0.617060844,32:32.1,6,good,11.53333333,2024-02-29,2024-02-29 11:36,-4.065064998,black,1
7,77893,110,0,9.7,16:19.2,1.204314066,0.979114652,0.721353315,0.308838833,32:43.6,7,bad,11.53333333,2024-03-11,2024-03-11 11:16,16.25976667,red,2
2,77898,135,9.7,19.4,36:28.1,0.800492532,1.149591591,0.157097472,0.475535259,32:29.4,8,good,11.53333333,2024-02-29,2024-02-29 11:36,-4.110204999,black,1
9,90332,23,77.59,514.04,20:43.8,0.639406536,1.156517214,0.08263287,0.403781266,32:27.4,9,good,11.53333333,2024-11-12,2024-11-12 11:52,-19.92726167,black,1
2,90335,120,0,0,48:56.2,0.4222179,1.075366515,0.088815211,0.868001739,32:52.5,10,good,11.53333333,2025-02-21,2025-02-21 11:49,-16.175595,black,1
7,90341,12,9.7,0,50:27.3,0.675081816,1.090245616,0.091407,0.523562122,32:36.1,10,good,11.53333333,2024-11-11,2024-11-11 11:50,-18.38230667,black,1
2,90345,23,9.7,19.4,09:35.2,0.666719096,1.385434709,0.084410219,0.7798458,32:39.3,11,good,11.53333333,2024-11-25,2024-11-25 12:09,-37.24447833,black,1
5,90348,27,9.7,9.7,14:04.0,0.57014848,0.741450347,0.060580151,0.14320886,32:56.2,11,good,11.53333333,2024-12-03,2024-12-03 12:19,-46.46254167,black,1
6,90349,2,0,9.7,53:43.9,0.647864742,0.830728619,0.101511338,0.429183197,32:00.5,11,good,11.53333333,2024-11-13,2024-11-13 11:53,-21.775405,black,1
6,90349,3,0,9.7,55:03.1,0.313992103,1.188414175,0.047857554,0.996535112,32:41.0,11,good,11.53333333,2024-11-14,2024-11-14 11:55,-22.50048667,black,1
10,90353,7,0,9.7,36:00.9,0.651669762,1.54976407,0.090763811,0.836134031,32:27.5,11,good,11.53333333,2024-11-19,2024-11-19 12:02,-29.57480667,black,1
5,90359,11,9.7,0,09:11.5,0.691479153,1.147545695,0.135227673,0.672947703,32:54.8,12,good,11.53333333,2024-11-25,2024-11-25 12:09,-36.98729167,black,1
7,90363,97,9.7,135.78,52:10.2,0.530832031,1.22743657,0.085398347,0.909248051,32:32.4,12,good,11.53333333,2025-02-19,2025-02-19 11:52,-19.77687333,black,1
7,90363,99,0,9.7,48:56.2,0.536636406,1.208895527,0.098975253,0.72105361,32:22.7,12,good,11.53333333,2025-02-21,2025-02-21 11:49,-16.67107333,black,1
2,68907,50,0,7.3,11:40.9,0.627590817,1.675129803,0.121429739,0.994167774,33:55.4,1,good,11.55,2022-11-27,2022-11-27 12:11,-37.876295,black,1
2,68907,131,0,0,57:49.6,0.683333589,1.465356599,0.108426018,0.871391487,33:48.9,1,good,11.55,2023-02-16,2023-02-16 11:57,-24.01866666,black,1
2,68912,29,7.3,7.3,03:57.4,0.707483931,1.424523871,0.09692363,0.893771719,33:44.5,2,good,11.55,2022-11-21,2022-11-21 12:04,-30.32572,black,1
2,68912,40,0,0,17:42.3,0.622664352,1.405045889,0.118238476,0.93852554,33:51.8,2,good,11.55,2022-12-02,2022-12-02 12:17,-43.88600833,black,1
2,68912,116,14.6,7.3,57:43.6,0.888838504,1.275677096,0.153821286,0.776141399,33:35.6,2,good,11.55,2023-02-16,2023-02-16 11:57,-24.24009667,black,1
2,68912,117,14.6,7.3,56:16.2,0.715661715,1.48660833,0.107864652,0.990314524,33:06.6,2,good,11.55,2023-02-17,2023-02-17 11:56,-23.17276833,black,1
3,68913,37,7.3,0,12:57.7,0.476234332,1.516674402,0.153126349,1.010645016,33:23.0,2,good,11.55,2022-11-28,2022-11-28 12:13,-39.64969167,black,1
5,68915,27,7.3,0.1,40:53.8,0.756585703,1.036657524,0.094738289,0.373419397,33:33.1,2,good,11.55,2022-11-21,2022-11-21 12:04,-30.51519167,black,1
2,68917,32,7.3,0,11:45.0,0.452248906,1.60678662,0.100874329,1.038832341,33:15.9,3,good,11.55,2022-11-27,2022-11-27 12:11,-38.53570333,black,1
2,68917,112,0,7.3,59:21.3,0.372453033,1.209381026,0.091342635,0.980514243,33:38.5,3,good,11.55,2023-02-15,2023-02-15 11:59,-25.74122167,black,1
4,68919,27,0,7.3,10:30.6,0.425156481,1.661684975,0.098674021,0.984117241,33:58.3,3,good,11.55,2022-11-26,2022-11-26 12:10,-36.57758333,black,1
5,68920,23,0,7.3,07:53.2,0.445649516,1.307512346,0.099372014,0.783103462,33:25.0,3,good,11.55,2022-11-24,2022-11-24 12:08,-34.58386166,black,1
5,68920,45,7.3,7.3,30:47.1,0.566075827,1.484842721,0.126978821,0.870331668,33:04.8,3,good,11.55,2022-12-16,2022-12-16 12:30,-57.72056167,black,1
1,68921,15,0,0,58:33.7,0.476432771,1.071259191,0.042417842,0.559196932,33:49.1,4,good,11.55,2022-11-17,2022-11-17 11:58,-24.832465,black,1
1,68921,18,0,7.3,02:40.2,0.625224494,1.136670345,0.088663746,0.55815294,33:47.7,4,good,11.55,2022-11-20,2022-11-20 12:02,-28.93854167,black,1
1,68921,20,14.8,0,05:19.7,0.516341391,1.103006286,0.115300765,0.591133312,33:17.3,4,good,11.55,2022-11-22,2022-11-22 12:05,-32.11084,black,1
4,77870,29,0,9.7,10:12.7,0.45044682,1.204575676,0.061211033,0.685213661,33:55.7,5,good,11.55,2023-11-26,2023-11-26 12:10,-36.30427334,black,1
10,77876,21,9.7,0,40:20.0,0.505905177,1.019658754,0.090282486,0.581473251,33:18.4,5,good,11.55,2023-11-21,2023-11-21 12:03,-30.42613,black,1
5,77881,97,0,9.7,08:12.3,0.607917752,1.279736571,0.093213888,0.629665386,33:03.4,6,good,11.55,2024-02-09,2024-02-09 12:08,-35.42673833,black,1
10,77886,2,0,9.7,51:16.6,0.501208962,0.771044649,0.091560825,0.491516963,33:15.6,6,good,11.55,2023-11-12,2023-11-12 11:51,-18.09053333,black,1
10,77886,8,0,0,59:33.3,0.463833507,0.732597682,0.080885477,0.288098193,33:37.1,6,good,11.55,2023-11-18,2023-11-18 11:59,-26.04887333,black,1
2,77888,12,0,9.7,08:49.4,0.650313508,1.011884859,0.11893622,0.601996076,33:21.1,7,good,11.55,2023-11-25,2023-11-25 12:08,-35.61465833,black,1
9,77895,128,9.7,0,58:05.1,0.650991501,1.154489662,0.093372108,0.69768821,33:16.5,7,good,11.55,2024-02-16,2024-02-16 11:58,-24.95837333,black,1
2,77898,137,0,9.7,30:41.3,0.631301464,1.426610672,0.086307318,0.682414526,33:08.0,8,good,11.55,2024-03-02,2024-03-02 11:33,0.100711668,black,1
3,77899,39,0,19.4,10:06.1,0.668838663,1.237510832,0.082475187,0.549192692,33:39.2,8,good,11.55,2023-11-26,2023-11-26 12:10,-36.57990333,black,1
4,77900,117,9.7,9.7,57:22.2,0.723539916,1.380734574,0.117135818,0.681230608,33:41.8,8,good,11.55,2024-02-12,2024-02-12 12:04,-30.53662666,black,1
7,77903,133,0,9.7,33:24.8,1.767606458,1.17595883,0.728034941,0.43016444,33:20.1,8,bad,11.55,2024-02-29,2024-02-29 11:36,-3.265158331,red,2
3,90326,30,0,9.7,03:23.6,0.291194075,1.06795292,0.027036199,0.447431503,33:34.8,9,good,11.55,2024-11-21,2024-11-21 12:04,-31.13608167,black,1
2,90335,118,0,0,52:09.9,0.405985924,1.155741294,0.063176164,1.013254698,33:30.9,10,good,11.55,2025-02-19,2025-02-19 11:52,-18.801535,black,1
7,90341,17,0,9.7,55:38.7,0.506037129,1.083803014,0.095797662,0.466672396,33:54.7,10,good,11.55,2024-11-16,2024-11-16 11:57,-24.03817833,black,1
6,90349,100,0,0,52:18.0,0.59652725,1.03787495,0.080959084,0.796519748,33:38.9,11,good,11.55,2025-02-19,2025-02-19 11:52,-18.66854,black,1
5,90359,4,9.7,0,00:40.2,0.613846681,1.270105015,0.099543851,0.713974282,33:26.6,12,good,11.55,2024-11-18,2024-11-18 12:00,-27.24080833,black,1
2,68907,39,0,29.2,57:10.0,0.62675664,1.429078523,0.079161395,0.910776802,34:15.0,1,good,11.56666667,2022-11-16,2022-11-16 11:57,-23.03365167,black,1
2,68907,133,0,7.3,54:40.1,0.498513882,1.251156402,0.102986832,0.855468755,34:54.9,1,good,11.56666667,2023-02-18,2023-02-18 11:54,-19.78537167,black,1
4,68909,8,7.3,0,20:51.4,0.872438769,1.074096891,0.200386765,0.423562083,34:48.1,1,good,11.56666667,2022-10-21,2022-10-21 11:20,13.85241,black,1
5,68910,34,0,7.3,57:16.5,0.47912578,1.26188911,0.086597455,0.822868297,34:21.7,1,good,11.56666667,2022-11-16,2022-11-16 11:57,-22.92154333,black,1
4,68914,70,7.3,7.3,56:47.3,0.694338175,1.091923314,0.106560834,0.470115129,34:21.5,2,good,11.56666667,2022-11-16,2022-11-16 11:57,-22.92550167,black,1
4,68914,80,189.78,14.6,10:28.9,0.810895336,1.092138407,0.096682872,0.46659108,34:25.7,2,good,11.56666667,2022-11-26,2022-11-26 12:10,-36.12137,black,1
2,68917,33,0,7.3,12:57.5,0.451788426,1.41520674,0.10661789,0.933464075,34:21.0,3,good,11.56666667,2022-11-28,2022-11-28 12:13,-38.68402833,black,1
2,68917,111,7.3,0,00:49.5,0.452179118,1.044771303,0.095924794,0.71763813,34:52.2,3,good,11.56666667,2023-02-14,2023-02-14 12:00,-26.03019333,black,1
1,68921,19,7.2,0.1,03:59.8,0.635508215,0.988269369,0.100561321,0.507500479,34:16.2,4,good,11.56666667,2022-11-21,2022-11-21 12:04,-29.796895,black,1
2,68922,16,7.3,0,58:24.1,0.716481895,1.037727494,0.104959543,0.291133798,34:31.1,4,good,11.56666667,2022-11-18,2022-11-18 12:00,-25.51519334,black,1
2,68922,18,0,7.3,53:34.1,0.751644085,1.097221844,0.114410187,0.341801212,34:55.1,4,good,11.56666667,2022-11-20,2022-11-20 12:02,-27.815325,black,1
8,77874,27,0,9.7,10:07.6,0.526924698,1.086782267,0.107493622,0.689560115,34:00.5,5,good,11.56666667,2023-11-26,2023-11-26 12:10,-36.22422,black,1
2,77898,122,9.7,0,58:10.1,0.63834368,1.286075333,0.079126293,0.706623063,34:18.8,8,good,11.56666667,2024-02-16,2024-02-16 11:58,-23.92065667,black,1
7,77903,29,9.7,0,58:10.6,0.474896969,0.953337813,0.098981358,0.555135902,34:30.3,8,good,11.56666667,2023-11-17,2023-11-17 11:58,-23.79447,black,1
3,90326,31,0,9.7,05:54.2,0.504403483,1.408278138,0.102683276,0.748155523,33:59.3,9,good,11.56666667,2024-11-22,2024-11-22 12:06,-32.04446667,black,1
2,90335,22,0,0,51:47.9,0.488091151,0.940140546,0.094609496,0.406573928,34:07.2,10,good,11.56666667,2024-11-15,2024-11-15 11:56,-22.44636,black,1
9,90352,9,9.7,9.7,01:12.3,0.495660826,0.822700269,0.055074869,0.238806475,34:08.4,11,good,11.56666667,2024-11-21,2024-11-21 12:04,-30.57593,black,1
10,90353,3,0,9.7,56:30.6,0.558782499,0.81523548,0.07639628,0.52065223,34:36.9,11,good,11.56666667,2024-11-15,2024-11-15 11:56,-21.95248,black,1
5,90359,7,0,9.7,04:38.8,0.552670642,1.215920231,0.086480151,0.696289259,34:20.8,12,good,11.56666667,2024-11-21,2024-11-21 12:04,-30.36925833,black,1
7,90363,11,9.7,0,03:14.5,0.647772741,1.248152769,0.112905537,0.789116686,34:23.9,12,good,11.56666667,2024-11-25,2024-11-25 12:09,-35.50159667,black,1
1,68906,124,7.3,0,03:45.1,0.656961318,1.600200553,0.09768467,0.963598882,35:14.8,1,good,11.58333333,2023-02-12,2023-02-12 12:03,-28.61958167,black,1
1,68906,126,0,7.3,00:51.6,0.71819451,1.527369349,0.129274007,0.803690827,35:23.7,1,good,11.58333333,2023-02-14,2023-02-14 12:00,-25.504475,black,1
2,68917,106,0,7.3,08:03.5,0.333086154,1.350790575,0.086049272,0.955674298,35:46.6,3,good,11.58333333,2023-02-09,2023-02-09 12:08,-32.356115,black,1
2,68917,108,0,0,05:14.3,0.448699936,1.226042903,0.104016952,0.888746055,35:52.6,3,good,11.58333333,2023-02-11,2023-02-11 12:05,-29.42353667,black,1
1,68921,16,0,7.3,59:53.4,0.571528432,1.086969235,0.109161463,0.659238007,35:38.2,4,good,11.58333333,2022-11-18,2022-11-18 12:00,-24.39637167,black,1
1,68921,22,0,7.3,07:00.8,0.272004562,1.036744193,0.032713883,0.555934431,35:42.3,4,good,11.58333333,2022-11-24,2022-11-24 12:08,-32.29505,black,1
1,68921,102,7.3,58.39,01:47.1,0.611820766,1.121162243,0.065228326,0.338845865,35:49.8,4,good,11.58333333,2023-02-12,2023-02-12 12:03,-28.03715,black,1
5,68925,19,7.3,0,11:41.4,0.504168947,1.547221486,0.101227083,0.9569018,35:23.6,4,good,11.58333333,2022-11-27,2022-11-27 12:11,-36.40706833,black,1
8,77874,29,0,9.7,12:33.6,0.563951209,1.14866799,0.132996011,0.629167679,35:57.4,5,good,11.58333333,2023-11-28,2023-11-28 12:12,-36.75993833,black,1
5,77881,18,0,9.7,02:45.6,0.671926154,0.979665057,0.113544319,0.438451553,35:12.6,6,good,11.58333333,2023-11-22,2023-11-22 12:05,-29.840555,black,1
5,77881,95,0,0,09:58.1,0.642098727,0.854734923,0.076812978,0.414805678,35:57.1,6,good,11.58333333,2024-02-07,2024-02-07 12:11,-35.24833,black,1
5,77881,105,9.7,0,55:05.6,0.662712031,1.204169992,0.089456749,0.674452891,35:07.9,6,good,11.58333333,2024-02-17,2024-02-17 11:56,-21.55198,black,1
5,77881,119,9.7,9.7,32:54.6,0.620500482,1.357980377,0.081368974,0.6370158,35:05.6,6,good,11.58333333,2024-03-02,2024-03-02 11:33,2.060283335,black,1
2,77888,13,9.7,9.7,10:11.7,0.576044684,1.077278322,0.132645496,0.628869147,35:22.3,7,good,11.58333333,2023-11-26,2023-11-26 12:10,-34.861535,black,1
9,77895,166,0,9.7,49:44.4,0.97901752,1.335223567,0.676471657,0.870329633,35:05.1,7,good,11.58333333,2024-03-25,2024-03-25 10:49,45.318575,black,1
2,77898,120,4267.71,0,01:12.3,0.733171618,1.312571716,0.099832444,0.638172597,35:33.2,8,good,11.58333333,2024-02-14,2024-02-14 12:01,-25.73042833,black,1
4,77900,116,9.7,9.7,05:30.8,0.694561651,1.346080846,0.086892658,0.707367723,35:22.4,8,good,11.58333333,2024-02-11,2024-02-11 12:05,-30.31015833,black,1
7,77903,35,0,0,59:47.6,0.540800182,1.086514022,0.101481788,0.627552301,35:57.6,8,good,11.58333333,2023-11-23,2023-11-23 12:06,-30.40636834,black,1
7,77903,134,9.7,0,29:21.3,0.784288754,1.122845703,0.178601677,0.53714327,35:15.4,8,good,11.58333333,2024-03-01,2024-03-01 11:34,0.440506665,black,1
2,90335,18,0,9.7,50:49.5,0.49671293,0.874441268,0.090168386,0.565551698,35:34.2,10,good,11.58333333,2024-11-11,2024-11-11 11:50,-15.41274167,black,1
5,90338,24,0,0.1,04:38.2,0.620551967,0.889850885,0.086000688,0.302746766,35:47.6,10,good,11.58333333,2024-11-21,2024-11-21 12:04,-28.92373333,black,1
4,90347,11,0,9.7,05:54.3,0.619641499,1.016491454,0.073916568,0.27621144,35:26.6,11,good,11.58333333,2024-11-22,2024-11-22 12:06,-30.58991,black,1
6,90349,4,0,9.7,53:37.6,0.578320333,0.913562892,0.082953389,0.562106319,35:27.6,11,good,11.58333333,2024-11-15,2024-11-15 11:56,-21.10694,black,1
6,90349,97,0,9.7,57:04.0,0.439378522,1.158546524,0.061905038,0.869379581,35:20.6,11,good,11.58333333,2025-02-16,2025-02-16 11:57,-21.75620833,black,1
10,90353,99,0,9.7,37:09.6,0.438361715,1.006530032,0.073918638,0.331052328,35:47.6,11,good,11.58333333,2025-02-19,2025-02-19 11:52,-16.522605,black,1
7,90363,2,9.7,0,57:47.7,0.549601032,0.879662266,0.098219498,0.359732621,35:44.4,12,good,11.58333333,2024-11-16,2024-11-16 11:57,-22.20971667,black,1
7,90363,6,0,87.29,03:18.4,0.563465596,1.144823564,0.088572476,0.792898383,35:06.6,12,good,11.58333333,2024-11-20,2024-11-20 12:03,-28.27333333,black,1
7,90363,149,0,9.7,16:30.5,0.999866253,1.41691501,0.566548043,0.844278527,34:59.8,12,good,11.58333333,2025-04-12,2025-04-12 10:16,78.46339167,black,1
1,68906,41,0,7.3,04:00.0,0.554892743,1.259520072,0.076462209,0.645774683,36:20.8,1,good,11.6,2022-11-21,2022-11-21 12:04,-27.72072,black,1
2,68907,56,0,7.3,54:52.1,0.624762363,0.836141435,0.120491125,0.216595595,36:44.5,1,good,11.6,2022-12-03,2022-12-03 12:18,-42.12478667,black,1
2,68907,128,0,0,02:19.0,0.642847879,1.202166767,0.109048142,0.959342061,36:50.7,1,good,11.6,2023-02-13,2023-02-13 12:02,-25.53778667,black,1
2,68912,107,7.3,0,10:50.2,0.379616652,1.255223372,0.099821957,0.895293289,36:35.7,2,good,11.6,2023-02-07,2023-02-07 12:10,-34.25575167,black,1
2,68912,109,7.3,7.3,08:06.1,0.757028188,1.481653817,0.108505206,0.851435139,36:03.4,2,good,11.6,2023-02-09,2023-02-09 12:08,-32.076315,black,1
2,68912,110,0,7.3,06:38.6,0.648199699,1.41245566,0.159011883,0.732980021,36:33.0,2,good,11.6,2023-02-10,2023-02-10 12:06,-30.18406167,black,1
3,68913,34,0,7.3,09:16.3,0.34126142,1.364032821,0.068806316,0.79935609,36:44.8,2,good,11.6,2022-11-25,2022-11-25 12:09,-32.53622,black,1
3,68913,38,0,7.3,14:09.1,0.567231818,1.570398282,0.128917209,0.983994925,36:16.6,2,good,11.6,2022-11-29,2022-11-29 12:14,-37.97319833,black,1
3,68913,41,0,7.3,17:43.4,0.580321649,1.394833357,0.111828831,0.892930358,36:41.1,2,good,11.6,2022-12-02,2022-12-02 12:17,-41.06507,black,1
2,68917,149,7.3,0,53:01.0,1.918329228,1.304304216,1.119361224,0.764407416,36:16.9,3,bad,11.6,2023-03-24,2023-03-24 10:53,43.18100167,red,2
4,68919,100,7.3,7.3,10:32.1,0.394491479,1.158268348,0.052204804,0.803418605,36:47.8,3,good,11.6,2023-02-07,2023-02-07 12:10,-34.05351667,black,1
1,68921,14,0,0,57:13.8,0.458192349,0.881899802,0.0679593,0.458372549,36:15.7,4,good,11.6,2022-11-16,2022-11-16 11:57,-21.020835,black,1
2,68922,19,0,7.3,00:35.0,0.664607325,1.032742088,0.122647602,0.325129471,36:34.7,4,good,11.6,2022-11-21,2022-11-21 12:04,-27.48910833,black,1
2,68922,99,36.49,153.28,45:12.4,0.711697189,0.973643528,0.09918747,0.251878035,36:39.1,4,good,11.6,2023-02-09,2023-02-09 12:08,-31.48225333,black,1
5,68925,8,0,7.3,57:13.1,0.619927309,1.366612812,0.100372125,0.841667877,36:29.5,4,good,11.6,2022-11-16,2022-11-16 11:57,-20.79097333,black,1
5,68925,96,7.3,65.69,03:50.2,0.708512383,1.188255909,0.080095077,0.786126285,36:39.8,4,good,11.6,2023-02-12,2023-02-12 12:03,-27.203865,black,1
8,77874,101,0,9.7,09:44.4,0.572166578,1.239975818,0.076571228,0.632938427,36:12.5,5,good,11.6,2024-02-08,2024-02-08 12:09,-33.641835,black,1
10,77876,26,0,0,08:34.0,0.664730041,1.022034859,0.117443107,0.476022281,36:58.2,5,good,11.6,2023-11-26,2023-11-26 12:10,-33.26367667,black,1
3,77879,19,0,9.7,04:54.1,0.620542275,0.890009428,0.098153195,0.353950662,36:41.9,6,good,11.6,2023-11-22,2023-11-22 12:05,-28.35198667,black,1
10,77886,5,9.6,0.1,55:29.3,0.618771161,0.966913407,0.106013368,0.580150108,36:00.9,6,good,11.6,2023-11-15,2023-11-15 11:55,-19.51809667,black,1
4,77900,36,0,9.7,05:44.3,0.553429623,1.346781409,0.104686017,0.81901391,36:43.8,8,good,11.6,2023-11-23,2023-11-23 12:06,-29.63678,black,1
4,77900,133,0,9.7,38:06.2,0.619226115,1.563912527,0.093326712,0.855037706,36:34.0,8,good,11.6,2024-02-28,2024-02-28 11:38,-1.799223332,black,1
3,90326,33,0,9.7,08:29.9,0.653041262,1.216117496,0.125407429,0.816031028,36:25.3,9,good,11.6,2024-11-24,2024-11-24 12:08,-32.211305,black,1
2,90335,117,0,9.7,53:46.6,0.392318028,1.030623753,0.059924782,0.767489353,36:05.9,10,good,11.6,2025-02-18,2025-02-18 11:53,-17.83537833,black,1
2,90345,2,0,0,38:30.0,0.601397393,1.07305368,0.075773903,0.596972121,36:19.5,11,good,11.6,2024-11-04,2024-11-04 11:41,-4.775728333,black,1
6,90349,7,9.7,0,00:38.9,0.711613222,0.887629297,0.111528397,0.398862903,36:20.4,11,good,11.6,2024-11-18,2024-11-18 12:00,-24.34401167,black,1
10,90353,6,0,9.7,51:40.1,0.568346971,0.891203837,0.095430182,0.491590609,36:14.3,11,good,11.6,2024-11-18,2024-11-18 12:00,-24.44439,black,1
10,90353,12,0,9.7,55:58.9,0.955136676,1.124384026,0.181552961,0.648435575,36:50.1,11,good,11.6,2024-11-24,2024-11-24 12:08,-31.79891167,black,1
10,90353,96,0,9.7,32:12.6,0.406387364,0.888175762,0.068719934,0.331522174,36:47.8,11,good,11.6,2025-02-16,2025-02-16 11:57,-20.30412,black,1
10,90353,98,0,9.7,39:21.3,0.505712125,0.944205448,0.075209451,0.334542343,36:49.7,11,good,11.6,2025-02-18,2025-02-18 11:53,-17.10471167,black,1
1,68906,123,0,7.3,05:15.6,0.706396626,1.623595706,0.114091262,1.004315424,37:36.4,1,good,11.61666667,2023-02-11,2023-02-11 12:05,-27.693705,black,1
2,68907,49,7.3,0,09:43.9,0.634671729,1.625034183,0.087860649,0.916250094,37:34.2,1,good,11.61666667,2022-11-26,2022-11-26 12:10,-32.98074333,black,1
2,68907,55,0,7.3,17:10.4,0.582036154,1.573440126,0.09550089,0.901145371,37:28.1,1,good,11.61666667,2022-12-02,2022-12-02 12:17,-40.281795,black,1
2,68907,130,0,0,59:17.0,0.48032949,1.468314488,0.087400218,1.11566642,37:56.9,1,good,11.61666667,2023-02-15,2023-02-15 11:59,-21.4355,black,1
2,68912,33,0,0,09:11.4,0.506527187,1.387383169,0.11618328,0.886912256,37:23.5,2,good,11.61666667,2022-11-25,2022-11-25 12:09,-31.89244167,black,1
2,68912,37,0,7.3,14:10.6,0.580854553,1.576756068,0.110250911,0.977302237,37:16.2,2,good,11.61666667,2022-11-29,2022-11-29 12:14,-36.979965,black,1
3,68913,48,0,7.3,24:57.6,0.599459272,1.361467397,0.109811162,0.914190461,37:50.4,2,good,11.61666667,2022-12-09,2022-12-09 12:25,-47.19411833,black,1
4,68914,79,7.3,7.3,09:16.3,0.469912353,1.202427186,0.104387157,0.67941831,37:35.8,2,good,11.61666667,2022-11-25,2022-11-25 12:09,-31.68601333,black,1
4,68919,28,0,7.3,11:41.9,0.486411142,1.720041286,0.124627618,0.952267668,37:13.7,3,good,11.61666667,2022-11-27,2022-11-27 12:11,-34.57146167,black,1
5,68925,24,7.3,7.3,17:38.6,0.593254468,1.442665432,0.112589309,0.998389412,37:56.4,4,good,11.61666667,2022-12-02,2022-12-02 12:17,-39.81062,black,1
8,77874,99,0,9.7,12:29.0,0.524907633,1.088946715,0.088223877,0.565467438,37:00.7,5,good,11.61666667,2024-02-06,2024-02-06 12:12,-35.488415,black,1
10,77886,10,9.7,0,02:21.8,0.486634956,0.969401097,0.082830252,0.512292793,37:23.8,6,good,11.61666667,2023-11-20,2023-11-20 12:02,-24.98729833,black,1
2,77888,10,0,9.7,06:14.2,0.554058225,1.212510721,0.093204675,0.754020003,37:33.3,7,good,11.61666667,2023-11-23,2023-11-23 12:06,-28.81105667,black,1
2,77888,16,0,9.7,42:12.6,0.64490338,1.074998533,0.111545004,0.661944541,37:42.8,7,good,11.61666667,2023-11-29,2023-11-29 12:13,-36.21967333,black,1
9,77895,162,9.7,9.7,57:05.4,0.9707355,1.473672877,0.329101866,0.665523599,37:35.2,7,good,11.61666667,2024-03-21,2024-03-21 10:57,40.15314,black,1
4,77900,31,0,9.7,59:33.2,0.586726668,1.162829674,0.113360411,0.629403434,37:49.1,8,good,11.61666667,2023-11-18,2023-11-18 11:59,-21.84854167,black,1
4,77900,39,0,9.7,10:05.7,0.663349844,1.406024438,0.087140293,0.87326798,37:31.8,8,good,11.61666667,2023-11-26,2023-11-26 12:10,-32.70327667,black,1
3,90326,51,0,9.7,27:58.0,0.693023888,0.795265248,0.171914005,0.225101878,37:08.4,9,good,11.61666667,2024-12-12,2024-12-12 12:28,-50.977185,black,1
5,90338,26,9.7,19.4,05:36.8,0.614993017,0.81668149,0.067704194,0.206875125,37:05.5,10,good,11.61666667,2024-11-23,2024-11-23 12:07,-30.24113333,black,1
7,90341,22,0,9.7,02:57.9,0.530349586,1.638730064,0.079692069,1.648869933,37:38.7,10,good,11.61666667,2024-11-21,2024-11-21 12:04,-27.071825,black,1
5,90348,19,19.4,9.7,07:08.8,0.680670582,0.859053443,0.084747933,0.177414655,37:00.6,11,good,11.61666667,2024-11-25,2024-11-25 12:09,-32.88978833,black,1
6,90349,93,0,0,03:05.9,0.484350899,1.067527861,0.077929473,0.807259228,37:10.4,11,good,11.61666667,2025-02-12,2025-02-12 12:03,-25.97736667,black,1
6,90349,137,0,9.7,44:26.5,0.602917102,0.767769449,0.116874395,0.178240857,37:04.2,11,good,11.61666667,2025-03-28,2025-03-28 10:44,52.554155,black,1
8,90351,9,9.7,9.7,03:15.4,0.561548506,1.132790861,0.089113117,0.243821707,37:20.0,11,good,11.61666667,2024-11-20,2024-11-20 12:03,-26.050635,black,1
9,90352,8,19.4,19.4,00:29.1,0.619252831,0.928406587,0.11483508,0.320126209,37:56.8,11,good,11.61666667,2024-11-20,2024-11-20 12:03,-25.43706333,black,1
10,90353,13,9.7,0,22:08.1,0.771899543,0.922051781,0.116642902,0.676092012,37:25.1,11,good,11.61666667,2024-11-25,2024-11-25 12:09,-32.48162167,black,1
7,90363,90,0,9.7,03:04.7,0.472962744,1.272126581,0.074735622,0.802285432,37:57.1,12,good,11.61666667,2025-02-12,2025-02-12 12:03,-25.19800833,black,1
1,68906,50,7.3,7.3,45:41.9,0.687585565,1.216607019,0.138603753,0.427106437,38:58.1,1,good,11.63333333,2022-11-30,2022-11-30 12:15,-36.46571833,black,1
1,68906,121,0,7.3,08:01.9,0.628398251,1.600612468,0.090823885,0.883549143,38:18.6,1,good,11.63333333,2023-02-09,2023-02-09 12:08,-29.822875,black,1
2,68907,129,0,0,00:51.7,0.546493326,1.346109458,0.09911217,0.930401208,38:55.0,1,good,11.63333333,2023-02-14,2023-02-14 12:00,-21.98249833,black,1
2,68912,36,7.3,7.3,11:08.1,0.342623345,1.437313444,0.097309686,0.873699741,38:00.0,2,good,11.63333333,2022-11-28,2022-11-28 12:13,-35.03341833,black,1
2,68917,30,0,7.3,09:13.0,0.482272245,1.408755913,0.098294225,0.924771136,38:45.5,3,good,11.63333333,2022-11-25,2022-11-25 12:09,-30.52458667,black,1
2,68917,44,0,0,25:00.6,0.397250468,1.367471392,0.089587688,0.916252734,38:22.4,3,good,11.63333333,2022-12-09,2022-12-09 12:25,-46.66003667,black,1
4,68919,25,0,7.3,07:53.5,0.584698073,1.52357596,0.152720463,0.981331504,38:46.5,3,good,11.63333333,2022-11-24,2022-11-24 12:08,-29.22523167,black,1
2,68922,10,0,7.3,40:24.8,0.727776964,1.014737926,0.139531419,0.308937365,38:19.9,4,good,11.63333333,2022-11-12,2022-11-12 11:51,-13.38505833,black,1
5,68925,16,0,0,07:26.6,0.548860658,1.452958337,0.104996586,0.889419135,38:04.7,4,good,11.63333333,2022-11-24,2022-11-24 12:08,-29.92143,black,1
5,68925,91,7.3,0,10:47.0,0.400563593,0.993948522,0.058662163,0.741477383,38:08.0,4,good,11.63333333,2023-02-07,2023-02-07 12:10,-32.717405,black,1
8,77874,102,9.7,9.7,08:22.0,0.624390145,1.1384972,0.117129649,0.554136771,38:33.2,5,good,11.63333333,2024-02-09,2024-02-09 12:08,-29.92968167,black,1
10,77876,4,9.7,9.7,39:55.7,0.602762338,1.008171764,0.078032764,0.584608383,38:52.9,5,good,11.63333333,2023-11-04,2023-11-04 11:40,-1.168558335,black,1
10,77876,28,9.7,9.7,12:40.9,0.717222276,1.179507742,0.163991865,0.622423426,38:39.6,5,good,11.63333333,2023-11-28,2023-11-28 12:12,-34.05597,black,1
10,77876,29,0,9.7,42:08.6,0.577769916,1.172468988,0.082386144,0.723917399,38:17.6,5,good,11.63333333,2023-11-29,2023-11-29 12:13,-35.64000833,black,1
3,77879,23,9.7,0,10:06.7,0.530677506,1.068910777,0.131944305,0.792876948,38:01.7,6,good,11.63333333,2023-11-26,2023-11-26 12:10,-32.20472667,black,1
5,77881,14,0,19.4,53:30.7,0.693801584,0.966591501,0.08983258,0.358670174,38:05.0,6,good,11.63333333,2023-11-18,2023-11-18 11:59,-21.58369333,black,1
5,77881,104,0,9.7,58:10.7,0.638346872,1.330432723,0.090105064,0.759374183,38:22.7,6,good,11.63333333,2024-02-16,2024-02-16 11:58,-19.85480167,black,1
10,77886,7,9.7,0,58:09.1,0.645356217,0.927858025,0.169922212,0.457361847,38:30.2,6,good,11.63333333,2023-11-17,2023-11-17 11:58,-19.79699,black,1
2,77888,15,9.7,0,12:37.1,0.635883646,1.108226802,0.102716699,0.584284942,38:26.5,7,good,11.63333333,2023-11-28,2023-11-28 12:12,-34.27488,black,1
2,77898,136,9.7,0,34:02.1,0.689081388,1.151889644,0.115257163,0.523611486,38:14.4,8,good,11.63333333,2024-03-01,2024-03-01 11:34,3.423563333,black,1
4,77900,35,0,0,04:59.2,0.579865191,0.831602088,0.092885381,0.319614069,38:24.1,8,good,11.63333333,2023-11-22,2023-11-22 12:05,-26.64773833,black,1
4,77900,111,0,9.7,09:02.6,0.654557867,1.182482636,0.096416024,0.583885671,38:05.7,8,good,11.63333333,2024-02-06,2024-02-06 12:12,-34.40449667,black,1
7,77903,37,0,9.7,08:50.5,0.514275861,0.984853493,0.104590652,0.545781766,38:52.1,8,good,11.63333333,2023-11-25,2023-11-25 12:08,-30.09888,black,1
2,90345,24,552.84,601.33,55:54.7,0.68118664,1.181112617,0.094068264,0.670784387,38:32.3,11,good,11.63333333,2024-11-26,2024-11-26 12:11,-32.627825,black,1
2,90345,95,9.7,339.46,12:41.5,0.696601169,0.89752228,0.086443516,0.536426635,38:09.8,11,good,11.63333333,2025-02-05,2025-02-05 12:12,-34.670605,black,1
6,90349,8,9.7,0,01:57.9,0.635756988,1.031047751,0.079079313,0.501041968,38:47.3,11,good,11.63333333,2024-11-19,2024-11-19 12:02,-23.24580333,black,1
6,90349,18,9.7,0,14:19.4,0.511422596,1.150013012,0.068539675,0.731701804,38:22.7,11,good,11.63333333,2024-11-29,2024-11-29 12:14,-36.43800333,black,1
10,90353,5,0,9.7,12:36.5,1.253718681,0.843043955,1.53725649,0.362685448,38:51.3,11,bad,11.63333333,2024-11-17,2024-11-17 11:59,-20.46206333,red,2
1,68906,36,7.3,7.3,57:10.5,0.659293618,1.168383789,0.110624591,0.6463861,39:15.1,1,good,11.65,2022-11-16,2022-11-16 11:57,-18.03107833,black,1
1,68906,47,240.86,7.3,10:31.9,0.622598373,1.471708465,0.110658539,0.900432393,39:50.2,1,good,11.65,2022-11-27,2022-11-27 12:11,-31.96363,black,1
2,68907,124,7.3,0,08:01.3,0.376726777,1.53429789,0.074070035,0.992265502,39:52.4,1,good,11.65,2023-02-09,2023-02-09 12:08,-28.26007,black,1
2,68912,54,7.3,0,30:43.7,0.573290624,1.495392764,0.111232544,0.924060792,39:06.2,2,good,11.65,2022-12-16,2022-12-16 12:30,-51.69733167,black,1
3,68913,109,0,7.3,09:27.7,0.471353322,1.573950649,0.106673449,0.992721771,39:22.3,2,good,11.65,2023-02-08,2023-02-08 12:09,-30.12897167,black,1
5,68915,87,7.3,7.3,29:49.8,0.599954335,0.843068063,0.074993625,0.256065468,39:54.5,2,good,11.65,2023-01-20,2023-01-20 12:29,-49.97545167,black,1
2,68917,107,0,7.3,06:42.6,0.708795988,1.282281242,0.160696025,0.77075954,39:32.2,3,good,11.65,2023-02-10,2023-02-10 12:06,-27.19617,black,1
5,68920,43,7.3,0,29:14.8,0.678063228,1.296201797,0.126181178,0.74741546,39:05.0,3,good,11.65,2022-12-14,2022-12-14 12:29,-50.25049167,black,1
5,68925,18,0,7.3,07:11.6,0.591257289,1.601488817,0.113929039,0.972798006,39:39.3,4,good,11.65,2022-11-26,2022-11-26 12:10,-30.895435,black,1
5,68925,40,7.3,0,32:04.6,0.423241404,1.404653593,0.069085274,0.945481094,39:57.8,4,good,11.65,2022-12-18,2022-12-18 12:32,-52.16964167,black,1
4,77870,31,0,9.7,10:15.8,0.592759271,1.145903333,0.097580301,0.54908857,39:48.0,5,good,11.65,2023-11-28,2023-11-28 12:12,-32.91624,black,1
8,77874,23,0,0,04:56.3,0.696774674,1.056238855,0.143310352,0.492496317,39:00.2,5,good,11.65,2023-11-22,2023-11-22 12:05,-26.04677667,black,1
8,77874,30,0,9.7,42:09.2,0.573857514,0.94940508,0.096129927,0.637026068,39:55.2,5,good,11.65,2023-11-29,2023-11-29 12:13,-34.01306667,black,1
10,77876,23,0,9.7,55:55.6,0.714301942,1.260842996,0.104040945,0.717801377,39:12.1,5,good,11.65,2023-11-23,2023-11-23 12:06,-27.165505,black,1
10,77886,103,0,9.72,50:14.5,0.535929649,0.700780192,0.053895172,0.189527093,39:39.5,6,good,11.65,2024-02-21,2024-02-21 11:50,-10.60882,black,1
7,77893,4,9.7,9.7,10:11.9,0.442992402,0.959408965,0.090617458,0.503178773,39:44.1,7,good,11.65,2023-11-26,2023-11-26 12:10,-30.49819167,black,1
9,77895,43,9.7,9.7,05:59.2,0.583786214,1.187520759,0.085441432,0.619972406,39:34.0,7,good,11.65,2023-11-23,2023-11-23 12:06,-26.80067667,black,1
4,77900,38,19.4,0,08:51.5,0.712126049,1.328560465,0.10737067,0.844495531,39:02.5,8,good,11.65,2023-11-25,2023-11-25 12:08,-29.92535167,black,1
4,77900,110,9.7,38.8,13:37.7,0.654112384,1.221348506,0.097505921,0.719564049,39:55.9,8,good,11.65,2024-02-05,2024-02-05 12:13,-33.85147833,black,1
7,77903,116,9.7,0,04:05.8,0.582268295,1.166444739,0.092994921,0.665193276,39:46.8,8,good,11.65,2024-02-12,2024-02-12 12:04,-24.45256667,black,1
8,77904,6,0,0,30:05.6,0.55769081,0.663675856,0.102826161,0.146610337,39:23.8,8,good,11.65,2023-10-28,2023-10-28 11:30,9.179498335,black,1
5,90338,25,184.27,9.7,29:38.6,0.660414782,0.836092402,0.077192693,0.205505559,39:45.4,10,good,11.65,2024-11-22,2024-11-22 12:06,-26.27702334,black,1
2,90345,103,0,0,01:32.0,0.614585055,1.070615528,0.104816985,0.486313483,39:18.7,11,good,11.65,2025-02-13,2025-02-13 12:01,-22.355635,black,1
6,90349,92,0,9.7,04:31.5,0.510189183,1.335428247,0.084304301,1.012829554,39:43.9,11,good,11.65,2025-02-11,2025-02-11 12:04,-24.88557,black,1
6,90349,95,0,9.7,00:05.0,0.470979311,1.217727524,0.077682347,0.986355001,39:48.9,11,good,11.65,2025-02-14,2025-02-14 12:00,-20.35228833,black,1
6,90349,99,9.7,0,53:53.4,0.468793109,1.157662864,0.065843893,0.889987426,39:55.4,11,good,11.65,2025-02-18,2025-02-18 11:53,-14.00922167,black,1
9,90352,4,9.7,9.7,57:55.5,0.468080557,0.946548862,0.088571601,0.261225484,39:06.3,11,good,11.65,2024-11-16,2024-11-16 11:57,-18.845025,black,1
10,90353,90,0,9.7,02:18.7,0.526502934,0.810215315,0.072976958,0.180686438,39:46.2,11,good,11.65,2025-02-10,2025-02-10 12:06,-26.27945667,black,1
7,90363,83,0,9.7,12:31.9,0.586956064,1.16144523,0.088949413,0.768104123,39:00.0,12,good,11.65,2025-02-05,2025-02-05 12:12,-33.83262167,black,1
7,90363,87,9.7,9.7,07:21.6,0.46298971,1.058659635,0.045829323,0.695189695,39:19.5,12,good,11.65,2025-02-09,2025-02-09 12:07,-28.14134,black,1
2,68907,125,7.3,7.3,06:41.2,0.510649088,1.451956017,0.11793404,0.817726929,40:58.3,1,good,11.66666667,2023-02-10,2023-02-10 12:06,-25.76186833,black,1
4,68909,37,211.68,7.3,01:11.3,0.753264331,1.062413211,0.114468117,0.329838284,40:42.2,1,good,11.66666667,2022-11-19,2022-11-19 12:01,-20.68024333,black,1
1,68911,42,7.3,7.3,56:58.7,0.777945147,1.153577451,0.115883123,0.42780937,40:52.5,2,good,11.66666667,2022-11-27,2022-11-27 12:11,-30.92468333,black,1
2,68912,41,7.3,0,54:47.3,0.616962076,0.907485759,0.11003942,0.262038678,40:18.7,2,good,11.66666667,2022-12-03,2022-12-03 12:18,-38.55481833,black,1
3,68913,98,7.3,0,22:43.2,0.40558589,1.570935073,0.066444478,1.009098333,40:57.1,2,good,11.66666667,2023-01-28,2023-01-28 12:22,-41.781355,black,1
2,68917,104,0,7.3,10:45.5,0.301993491,0.980043949,0.065827712,0.722968497,40:18.0,3,good,11.66666667,2023-02-07,2023-02-07 12:10,-30.54918667,black,1
5,68920,28,7.3,7.3,14:14.0,0.508032591,1.412790301,0.108926779,0.812689483,40:51.5,3,good,11.66666667,2022-11-29,2022-11-29 12:14,-33.39206667,black,1
10,77876,25,0,9.7,08:56.0,0.58348352,1.050951138,0.102927362,0.509910233,40:05.1,5,good,11.66666667,2023-11-25,2023-11-25 12:08,-28.882485,black,1
10,77886,107,9.7,9.7,43:24.8,0.542544662,0.675532905,0.053867975,0.143205388,40:25.7,6,good,11.66666667,2024-02-25,2024-02-25 11:43,-3.137568335,black,1
7,77893,6,0,9.7,54:54.1,0.567704303,1.056629571,0.109359303,0.557129467,40:36.2,7,good,11.66666667,2023-11-28,2023-11-28 12:12,-32.11383667,black,1
7,77893,7,9.7,0,42:08.4,0.473034482,0.847918949,0.080410192,0.441482609,40:52.5,7,good,11.66666667,2023-11-29,2023-11-29 12:13,-33.058135,black,1
2,77898,118,9.7,9.7,04:10.5,0.632764596,1.318753331,0.076834691,0.733248226,40:29.4,8,good,11.66666667,2024-02-12,2024-02-12 12:04,-23.743715,black,1
3,77899,12,0,9.7,32:50.3,0.888504867,1.202398428,0.269273727,0.562838569,40:41.0,8,good,11.66666667,2023-10-30,2023-10-30 11:33,7.683039999,black,1
4,77900,42,9.7,9.7,42:01.2,0.644034263,1.136770604,0.082374363,0.674319658,40:16.2,8,good,11.66666667,2023-11-29,2023-11-29 12:13,-33.66267,black,1
7,77903,38,0,9.7,10:12.9,0.452323968,1.10674401,0.096749683,0.682408524,40:43.6,8,good,11.66666667,2023-11-26,2023-11-26 12:10,-29.507315,black,1
7,77903,41,0,0,42:03.9,0.496871098,1.108203313,0.090714261,0.516975332,40:38.5,8,good,11.66666667,2023-11-29,2023-11-29 12:13,-33.29217333,black,1
3,90326,38,9.7,0,08:55.2,0.436865208,1.254489772,0.101382458,0.605400283,40:24.1,9,good,11.66666667,2024-11-29,2024-11-29 12:14,-34.415775,black,1
2,90335,108,9.7,9.7,06:31.2,0.38683454,1.004303221,0.0775289,0.765333106,40:16.4,10,good,11.66666667,2025-02-09,2025-02-09 12:07,-27.19336333,black,1
2,90335,110,9.7,0,04:35.1,0.39999145,1.170844265,0.071263216,0.870433106,40:45.8,10,good,11.66666667,2025-02-11,2025-02-11 12:04,-23.85336833,black,1
2,90335,115,0,9.7,57:00.2,0.591578924,1.066794094,0.121741789,0.906002475,40:46.7,10,good,11.66666667,2025-02-16,2025-02-16 11:57,-16.32098667,black,1
6,90349,90,9.7,9.7,07:22.7,0.526812988,1.102318112,0.074479603,0.761174716,40:28.9,11,good,11.66666667,2025-02-09,2025-02-09 12:07,-26.98458333,black,1
6,90349,98,9.7,0,55:28.7,0.707451021,1.264181168,0.131295522,0.910283622,40:52.0,11,good,11.66666667,2025-02-17,2025-02-17 11:55,-14.65025167,black,1
9,90352,14,9.7,9.7,45:43.9,0.578631049,0.807684392,0.095234073,0.227724326,40:58.4,11,good,11.66666667,2024-11-26,2024-11-26 12:11,-30.19313167,black,1
5,90359,2,0,9.7,57:45.0,0.726186454,1.003404645,0.117309745,0.534166135,40:13.3,12,good,11.66666667,2024-11-16,2024-11-16 11:57,-17.72882167,black,1
1,68906,129,7.3,0,56:13.0,0.717804244,1.598537079,0.112290834,0.944726092,41:49.3,1,good,11.68333333,2023-02-17,2023-02-17 11:56,-14.46121833,black,1
2,68907,47,0,7.3,07:54.0,0.569909411,1.439926169,0.15408682,0.976761742,41:49.2,1,good,11.68333333,2022-11-24,2022-11-24 12:08,-26.18026833,black,1
5,68910,31,233.53,7.3,22:18.5,0.400680114,0.936157323,0.095950124,0.175683976,41:58.1,1,good,11.68333333,2022-11-13,2022-11-13 11:53,-11.14776333,black,1
1,68911,36,7.3,7.3,03:40.6,0.653407626,1.086624334,0.085254239,0.382183779,41:22.3,2,good,11.68333333,2022-11-21,2022-11-21 12:04,-22.69463,black,1
2,68912,43,0,0,20:59.4,0.488020821,1.388865781,0.081142366,0.802789765,41:46.3,2,good,11.68333333,2022-12-05,2022-12-05 12:21,-39.26146333,black,1
3,68913,44,0,0,20:55.8,0.70790085,1.475522162,0.139533308,0.923685801,41:35.6,2,good,11.68333333,2022-12-05,2022-12-05 12:21,-39.43942667,black,1
2,68917,109,0,7.3,03:46.0,0.490535856,1.323686369,0.090775807,0.900672654,41:42.3,3,good,11.68333333,2023-02-12,2023-02-12 12:03,-22.16234667,black,1
4,68919,30,7.3,0,14:11.7,0.55556391,1.616996127,0.111269273,0.942738252,41:11.1,3,good,11.68333333,2022-11-29,2022-11-29 12:14,-33.06472,black,1
4,68919,33,7.3,0,17:38.1,0.570443242,1.601090859,0.114374675,0.953391901,41:35.1,3,good,11.68333333,2022-12-02,2022-12-02 12:17,-36.16536333,black,1
4,68919,101,7.3,0,09:24.7,0.577533478,1.816840905,0.151660697,0.96652462,41:52.6,3,good,11.68333333,2023-02-08,2023-02-08 12:09,-27.62333,black,1
5,68920,31,0,7.3,17:41.9,0.685876608,1.290257171,0.153570214,0.769844868,41:24.2,3,good,11.68333333,2022-12-02,2022-12-02 12:17,-36.34616333,black,1
5,68920,38,7.3,0,24:58.4,0.642515496,1.357617348,0.141096253,0.769149299,41:44.6,3,good,11.68333333,2022-12-09,2022-12-09 12:25,-43.289235,black,1
8,77874,98,0,9.7,13:41.6,0.594447571,1.079472392,0.09310867,0.550637457,41:46.7,5,good,11.68333333,2024-02-05,2024-02-05 12:13,-32.00582167,black,1
8,77874,100,0,9.7,06:54.5,0.634986381,0.959172927,0.101274796,0.508090209,41:08.2,5,good,11.68333333,2024-02-07,2024-02-07 12:11,-30.06390333,black,1
5,77881,16,0,9.7,01:56.2,0.589767912,1.113686961,0.08107159,0.544759778,41:20.1,6,good,11.68333333,2023-11-20,2023-11-20 12:02,-21.04780833,black,1
10,77886,4,0,0,54:05.1,0.53318203,0.811317174,0.094650265,0.371837642,41:53.2,6,good,11.68333333,2023-11-14,2023-11-14 11:54,-12.26313833,black,1
2,77888,9,9.7,9.7,00:39.7,0.673722011,0.898457807,0.11863411,0.394839307,41:31.0,7,good,11.68333333,2023-11-22,2023-11-22 12:05,-23.53352667,black,1
9,77895,46,0,9.7,09:08.8,0.518944702,1.100051881,0.068400242,0.611596506,41:16.3,7,good,11.68333333,2023-11-26,2023-11-26 12:10,-28.961005,black,1
4,77900,126,9.7,0,48:17.2,0.907424935,0.675861801,0.413822877,0.184840207,41:05.5,8,bad,11.68333333,2024-02-21,2024-02-21 11:50,-9.174508333,red,2
2,90335,116,0,9.7,55:23.4,0.359329525,1.048742025,0.05185469,0.773039344,41:06.3,10,good,11.68333333,2025-02-17,2025-02-17 11:55,-14.41123833,black,1
5,90338,27,252.26,4335.28,00:31.5,0.670538634,0.944420968,0.081807175,0.402049818,41:03.4,10,good,11.68333333,2024-11-24,2024-11-24 12:08,-27.57592167,black,1
2,90345,98,9.7,0,08:45.8,0.617911816,1.071111019,0.071117952,0.685053435,41:12.0,11,good,11.68333333,2025-02-08,2025-02-08 12:08,-27.65059,black,1
2,90345,99,0,9.7,07:23.7,0.635961244,1.130791618,0.084561521,0.680587082,41:10.2,11,good,11.68333333,2025-02-09,2025-02-09 12:07,-26.29676667,black,1
9,90352,85,9.7,19.4,39:47.6,0.526363154,0.984985328,0.059125765,0.35229086,41:39.8,11,good,11.68333333,2025-02-05,2025-02-05 12:12,-31.16918667,black,1
10,90353,91,9.7,0,50:26.8,0.631390582,0.836569522,0.093461352,0.287572705,41:38.7,11,good,11.68333333,2025-02-11,2025-02-11 12:04,-22.971245,black,1
7,90363,86,0,9.7,08:44.0,0.436997172,1.319324245,0.108984426,0.86447657,41:20.7,12,good,11.68333333,2025-02-08,2025-02-08 12:08,-27.504885,black,1
1,68906,119,7.3,7.3,53:42.4,0.408570355,1.541365377,0.049867383,0.887051223,42:25.2,1,good,11.7,2023-02-07,2023-02-07 12:10,-28.429305,black,1
2,68912,47,0,7.3,25:00.3,0.391251903,1.431254663,0.096105242,0.942560761,42:22.8,2,good,11.7,2022-12-09,2022-12-09 12:25,-42.65298667,black,1
2,68912,52,0,0,29:16.2,0.409562282,1.328161245,0.089634524,0.80873203,42:01.4,2,good,11.7,2022-12-14,2022-12-14 12:29,-47.310575,black,1
3,68913,42,0,7.3,54:54.4,0.69218757,0.989560341,0.139025609,0.251357315,42:00.7,2,good,11.7,2022-12-03,2022-12-03 12:18,-36.85535167,black,1
3,68913,50,0,7.3,26:44.0,0.546976762,1.580909759,0.101404933,1.049866581,42:32.0,2,good,11.7,2022-12-11,2022-12-11 12:26,-44.31739667,black,1
2,68917,31,0,7.3,10:32.6,0.544325001,1.618085296,0.110180225,1.058156837,42:31.2,3,good,11.7,2022-11-26,2022-11-26 12:10,-28.030115,black,1
2,68917,37,0,7.3,17:39.6,0.531635017,1.60690331,0.102070181,1.133422843,42:12.9,3,good,11.7,2022-12-02,2022-12-02 12:17,-35.534245,black,1
4,68919,40,0,7.3,24:43.9,0.506701705,1.368169195,0.122392063,0.770531555,41:59.4,3,good,11.7,2022-12-09,2022-12-09 12:25,-43.043615,black,1
5,68920,34,7.3,0,20:55.3,0.60035581,1.391379599,0.137720531,0.783705762,42:40.8,3,good,11.7,2022-12-05,2022-12-05 12:21,-38.35376333,black,1
5,68925,92,0,7.3,09:26.9,0.516232357,1.625322585,0.092254126,1.111976354,42:53.0,4,good,11.7,2023-02-08,2023-02-08 12:09,-26.61633,black,1
5,68925,94,7.3,0,06:38.5,0.803627321,1.51705729,0.16063255,0.686898712,42:08.7,4,good,11.7,2023-02-10,2023-02-10 12:06,-24.58897333,black,1
4,77870,32,0,38.8,37:27.2,0.615531568,0.970256854,0.086359452,0.577228652,42:19.9,5,good,11.7,2023-11-29,2023-11-29 12:13,-31.60133167,black,1
3,77879,24,0,9.7,11:22.4,0.573445815,1.063315131,0.072217882,0.57136961,42:41.0,6,good,11.7,2023-11-27,2023-11-27 12:11,-28.7995,black,1
5,77881,12,0,9.7,56:53.0,0.619327512,0.995034366,0.088668798,0.453144727,42:25.5,6,good,11.7,2023-11-16,2023-11-16 11:56,-14.491155,black,1
5,77881,25,9.7,0,41:56.9,0.641428014,0.976467192,0.11748173,0.353416511,42:37.5,6,good,11.7,2023-11-29,2023-11-29 12:13,-31.30849667,black,1
5,77881,42,0,9.7,30:36.2,0.579288044,1.072961734,0.119566061,0.547076791,42:50.8,6,good,11.7,2023-12-16,2023-12-16 12:30,-47.77012167,black,1
5,77881,92,0,9.7,14:33.1,0.559967509,1.103425907,0.098924954,0.491689957,42:38.2,6,good,11.7,2024-02-04,2024-02-04 12:15,-32.41391333,black,1
5,77881,93,0,9.7,13:40.2,0.622897714,1.269746511,0.086472339,0.888736944,42:53.2,6,good,11.7,2024-02-05,2024-02-05 12:13,-30.89686333,black,1
5,77881,260,9.7,9.7,29:11.5,0.580358816,0.424852873,0.09279331,0.060985509,42:09.2,6,bad,11.7,2024-07-21,2024-07-21 9:29,132.8861333,red,2
7,77903,40,0,9.7,11:59.5,0.596289162,1.288199686,0.117607181,0.73775719,42:20.4,8,good,11.7,2023-11-28,2023-11-28 12:12,-30.37595833,black,1
7,77903,58,0,9.7,30:33.7,0.496600691,1.186522426,0.094531466,0.730419631,42:58.1,8,good,11.7,2023-12-16,2023-12-16 12:30,-47.64864333,black,1
7,77903,109,0,9.7,13:44.1,0.537116326,1.095726902,0.099456053,0.630759634,42:47.4,8,good,11.7,2024-02-05,2024-02-05 12:13,-30.99297333,black,1
6,90349,9,9.7,0,03:16.9,0.567303574,0.904107576,0.090690355,0.30430755,42:02.6,11,good,11.7,2024-11-20,2024-11-20 12:03,-21.33917667,black,1
6,90349,91,9.7,0,05:57.0,0.319413812,1.270303778,0.050437616,0.929098993,42:26.9,11,good,11.7,2025-02-10,2025-02-10 12:06,-23.60103167,black,1
6,90349,94,0,9.7,01:30.6,0.556826005,1.448883172,0.087350151,1.049202526,42:03.0,11,good,11.7,2025-02-13,2025-02-13 12:01,-19.61642333,black,1
9,90352,11,9.7,9.7,01:21.1,0.637108125,0.735296629,0.079668266,0.227535623,42:02.8,11,good,11.7,2024-11-23,2024-11-23 12:07,-25.28683667,black,1
7,90363,91,9.7,0,01:32.5,0.604823282,1.390673602,0.207714687,0.854293695,42:53.0,12,good,11.7,2025-02-13,2025-02-13 12:01,-18.78408,black,1
1,68906,127,14.6,0,59:21.1,0.666666008,1.669690936,0.099724954,0.903192764,43:08.0,1,good,11.71666667,2023-02-15,2023-02-15 11:59,-16.24983,black,1
2,68907,132,0,7.3,56:14.9,0.603554036,1.248296765,0.107016424,0.828818306,43:54.9,1,good,11.71666667,2023-02-17,2023-02-17 11:56,-12.368575,black,1
3,68913,39,0,7.3,13:53.0,0.777125805,1.626004115,0.185754782,0.977411419,43:11.1,2,good,11.71666667,2022-11-30,2022-11-30 12:15,-32.248765,black,1
2,68917,105,0,7.3,09:24.5,0.372521939,1.370357555,0.092599811,0.927435495,43:05.2,3,good,11.71666667,2023-02-08,2023-02-08 12:09,-26.41256333,black,1
2,68917,146,7.3,0,58:46.0,1.069061781,1.423729363,0.775222923,0.969521605,43:44.0,3,bad,11.71666667,2023-03-21,2023-03-21 10:58,44.88279,red,2
4,77870,26,9.7,0,06:20.1,0.503876857,1.222850491,0.095124056,0.769302216,43:37.8,5,good,11.71666667,2023-11-23,2023-11-23 12:06,-22.73672833,black,1
4,77870,99,0,9.7,14:55.7,0.511272306,1.25041233,0.076455558,0.719109005,43:20.0,5,good,11.71666667,2024-02-04,2024-02-04 12:15,-31.71720666,black,1
5,77881,24,9.7,9.7,11:42.2,0.694899716,1.307819525,0.122723969,0.764153098,43:30.4,6,good,11.71666667,2023-11-28,2023-11-28 12:12,-29.21051667,black,1
10,77886,102,9.7,0,47:03.7,0.472112471,0.917080658,0.100767882,0.375921613,43:45.2,6,good,11.71666667,2024-02-20,2024-02-20 11:51,-8.145973333,black,1
2,77898,110,9.7,300.66,07:54.0,0.55970016,0.998037386,0.059172926,0.392444614,43:18.0,8,good,11.71666667,2024-02-04,2024-02-04 12:15,-31.75059667,black,1
4,77900,109,0,9.7,14:29.7,0.436246511,1.245789127,0.08302039,0.737066615,43:23.1,8,good,11.71666667,2024-02-04,2024-02-04 12:15,-31.66523,black,1
7,77903,34,0,9.7,05:02.8,0.49941885,0.960133693,0.07900753,0.425337326,43:48.0,8,good,11.71666667,2023-11-22,2023-11-22 12:05,-21.24999834,black,1
2,90335,2,9.7,9.7,23:33.0,0.613435113,0.790877226,0.06505049,0.174634995,43:22.2,10,good,11.71666667,2024-10-26,2024-10-26 11:28,14.903875,black,1
10,90353,17,0,9.7,46:36.4,0.473284526,0.909624484,0.075902934,0.741508074,43:55.4,11,good,11.71666667,2024-11-29,2024-11-29 12:14,-30.89263167,black,1
10,90353,97,0,9.7,59:50.8,0.567256866,1.192345307,0.104046214,0.583124738,43:02.1,11,good,11.71666667,2025-02-17,2025-02-17 11:55,-12.48129667,black,1
7,90363,14,0,9.7,13:30.8,0.552938537,1.549628466,0.127135787,1.013670651,43:22.6,12,good,11.71666667,2024-11-28,2024-11-28 12:13,-30.24024833,black,1
1,68906,120,0,7.3,09:25.1,0.635291966,1.861056399,0.086627275,1.031824574,44:19.2,1,good,11.73333333,2023-02-08,2023-02-08 12:09,-25.18075167,black,1
1,68906,176,0,102.18,30:14.8,0.884438167,1.336057216,0.252738983,0.628802278,44:39.3,1,good,11.73333333,2023-04-05,2023-04-05 10:30,74.37192167,black,1
2,68912,44,0,7.3,21:57.8,0.463822291,1.468118831,0.073360032,0.932450336,44:34.2,2,good,11.73333333,2022-12-06,2022-12-06 12:22,-37.51324667,black,1
2,68912,48,0,7.3,25:51.5,0.653961011,1.329124036,0.159284462,0.781289771,44:12.5,2,good,11.73333333,2022-12-10,2022-12-10 12:25,-41.758965,black,1
2,68912,53,0,0,29:59.9,0.725058343,1.47853275,0.171508189,0.869161254,44:56.5,2,good,11.73333333,2022-12-15,2022-12-15 12:30,-45.14123333,black,1
2,68912,56,7.3,0,32:04.0,0.425856868,1.45729252,0.096493282,0.854027883,44:49.2,2,good,11.73333333,2022-12-18,2022-12-18 12:32,-47.31386167,black,1
2,68912,108,7.3,0,09:26.1,0.469136268,1.777847149,0.101561901,1.024441217,44:05.1,2,good,11.73333333,2023-02-08,2023-02-08 12:09,-25.41546167,black,1
3,68913,49,0,0,25:54.5,0.48506343,1.453350762,0.082005883,0.947700411,44:37.6,2,good,11.73333333,2022-12-10,2022-12-10 12:25,-41.34000833,black,1
2,68917,35,0,7.3,15:22.2,0.679223662,1.542762779,0.15391236,0.941467153,44:47.5,3,good,11.73333333,2022-11-30,2022-11-30 12:15,-30.64240167,black,1
4,68919,41,0,7.3,25:55.1,0.557295409,1.526311438,0.117773558,0.891228573,44:09.1,3,good,11.73333333,2022-12-10,2022-12-10 12:25,-41.815615,black,1
5,68920,29,0,7.3,15:25.7,0.679761567,1.369781872,0.139179915,0.830549254,44:51.1,3,good,11.73333333,2022-11-30,2022-11-30 12:15,-30.58169833,black,1
5,68920,35,0,7.3,21:59.7,0.434329476,1.320752515,0.090627691,0.692930867,44:07.1,3,good,11.73333333,2022-12-06,2022-12-06 12:22,-37.96474,black,1
4,68924,21,7.3,7.3,03:42.3,0.640450478,1.046238666,0.08623039,0.705171167,44:40.9,4,good,11.73333333,2022-11-24,2022-11-24 12:08,-23.317615,black,1
5,68925,21,7.3,43.79,14:14.4,0.515200376,1.51965334,0.097427391,0.920992283,44:37.9,4,good,11.73333333,2022-11-29,2022-11-29 12:14,-29.61792,black,1
5,68925,32,7.3,0,22:38.0,0.618433669,1.469981126,0.143842273,0.918008316,44:52.3,4,good,11.73333333,2022-12-10,2022-12-10 12:25,-41.09521,black,1
5,68925,33,7.3,0,26:47.0,0.494283562,1.311822667,0.091749138,0.901192953,44:16.7,4,good,11.73333333,2022-12-11,2022-12-11 12:26,-42.57163333,black,1
10,77886,9,0,9.7,24:17.7,0.641449467,0.876844539,0.150547557,0.386362718,44:33.6,6,good,11.73333333,2023-11-19,2023-11-19 12:01,-16.47408333,black,1
10,77886,13,0,9.7,06:08.4,0.608806515,1.144491163,0.126688255,0.476964552,44:14.6,6,good,11.73333333,2023-11-23,2023-11-23 12:06,-22.12366667,black,1
2,77898,114,9.7,9.7,09:50.2,0.624364557,1.076624404,0.074775728,0.406034182,44:19.8,8,good,11.73333333,2024-02-08,2024-02-08 12:09,-25.519895,black,1
3,90326,32,0,9.7,06:09.0,0.437528043,0.882849543,0.07835871,0.277447228,44:34.8,9,good,11.73333333,2024-11-23,2024-11-23 12:07,-22.752535,black,1
3,90326,36,0,9.7,12:18.5,0.697468359,1.20400488,0.132002326,0.445681625,44:55.2,9,good,11.73333333,2024-11-27,2024-11-27 12:12,-27.48063667,black,1
3,90326,37,0,9.7,12:42.9,0.388692896,0.942307811,0.068099825,0.309852521,44:31.2,9,good,11.73333333,2024-11-28,2024-11-28 12:13,-29.09745667,black,1
2,90335,113,9.7,0,00:04.2,0.333747313,0.922300793,0.053277984,0.875532696,44:10.1,10,good,11.73333333,2025-02-14,2025-02-14 12:00,-15.99856,black,1
5,90348,17,9.7,9.7,07:16.5,0.624506314,0.846633273,0.067994419,0.267075727,44:34.3,11,good,11.73333333,2024-11-23,2024-11-23 12:07,-22.76083333,black,1
5,90348,23,9.7,29.2,14:48.6,0.66774132,0.893761967,0.110369377,0.283551259,44:40.3,11,good,11.73333333,2024-11-29,2024-11-29 12:14,-30.14519,black,1
6,90349,17,9.7,0,04:07.1,0.534630736,0.993180068,0.087731384,0.345910813,44:20.1,11,good,11.73333333,2024-11-28,2024-11-28 12:13,-29.28169167,black,1
10,90353,9,0,9.7,04:34.5,0.599256615,0.844713068,0.101982977,0.45737063,44:46.8,11,good,11.73333333,2024-11-21,2024-11-21 12:04,-19.93614333,black,1
2,68907,52,7.3,0,14:14.6,0.673757143,1.621092706,0.146834027,0.979162006,45:58.5,1,good,11.75,2022-11-29,2022-11-29 12:14,-28.2753,black,1
2,68912,38,0,0,15:23.6,0.82097373,1.597033284,0.262292967,0.956969364,45:47.1,2,good,11.75,2022-11-30,2022-11-30 12:15,-29.64783333,black,1
4,68914,55,14.6,7.3,36:06.6,0.876851126,1.159005785,0.22450754,0.538903793,45:11.3,2,good,11.75,2022-11-01,2022-11-01 11:36,9.005041667,black,1
5,68915,34,7.3,7.3,05:25.8,0.676816443,1.241567909,0.104208707,0.474168819,45:18.7,2,good,11.75,2022-11-28,2022-11-28 12:13,-27.72213333,black,1
5,68920,24,29.2,0,07:30.2,0.442215244,1.423380103,0.085805422,0.852588815,45:26.4,3,good,11.75,2022-11-25,2022-11-25 12:09,-23.84388667,black,1
2,68922,26,7.3,0,54:11.6,0.77056957,1.027867478,0.126870354,0.259440406,45:16.5,4,good,11.75,2022-11-28,2022-11-28 12:13,-27.758255,black,1
5,68925,35,0,7.3,28:32.9,0.430030335,1.455426443,0.066164927,0.955218698,45:11.2,4,good,11.75,2022-12-13,2022-12-13 12:28,-43.362985,black,1
4,77870,101,9.7,0,07:22.8,0.642693075,1.362794526,0.085051817,0.733803921,45:38.7,5,good,11.75,2024-02-06,2024-02-06 12:12,-26.854285,black,1
8,77874,28,0,0,11:20.6,0.467275582,1.073917191,0.097306306,0.507811074,45:05.1,5,good,11.75,2023-11-27,2023-11-27 12:11,-26.39749833,black,1
10,77876,19,116.39,0,00:47.2,0.635614929,0.994161667,0.076920952,0.389752108,45:01.9,5,good,11.75,2023-11-19,2023-11-19 12:01,-16.00119833,black,1
5,77881,21,0,9.7,31:20.8,0.709531761,1.114639335,0.127460611,0.649193036,45:30.0,6,good,11.75,2023-11-25,2023-11-25 12:08,-23.46655667,black,1
10,77886,99,9.7,0,59:12.6,0.558989214,0.903372684,0.07628665,0.345941378,45:31.7,6,good,11.75,2024-02-17,2024-02-17 11:56,-11.15555,black,1
5,77891,4,9.7,9.7,06:15.3,0.603868609,0.963643391,0.07576023,0.494995647,45:29.5,7,good,11.75,2023-11-23,2023-11-23 12:06,-20.87430333,black,1
9,77895,48,9.7,9.7,57:23.0,0.627574676,1.410168774,0.083175983,0.620490697,45:58.0,7,good,11.75,2023-11-28,2023-11-28 12:12,-26.74962833,black,1
7,77903,127,0,9.7,39:13.0,1.254039741,0.851148878,0.46681645,0.315070038,45:36.3,8,bad,11.75,2024-02-23,2024-02-23 11:46,-1.344838333,red,2
3,90326,39,0,9.7,11:16.1,0.640557732,1.167044357,0.150896456,0.754364247,45:10.4,9,good,11.75,2024-11-30,2024-11-30 12:16,-30.82693834,black,1
3,90326,41,0,0,18:13.6,0.595550705,1.22046963,0.121030168,0.888574199,45:49.6,9,good,11.75,2024-12-02,2024-12-02 12:18,-32.47317667,black,1
2,90335,107,9.7,0,08:46.8,0.523091427,1.014415767,0.099000135,0.716586139,45:36.3,10,good,11.75,2025-02-08,2025-02-08 12:08,-23.24503333,black,1
2,90335,114,0,9.7,58:37.0,0.350446903,1.301097258,0.059023299,0.916177868,45:37.5,10,good,11.75,2025-02-15,2025-02-15 11:58,-13.00795833,black,1
6,90349,14,9.7,9.7,09:51.9,0.758003836,1.255601969,0.167289907,0.997678019,45:43.1,11,good,11.75,2024-11-25,2024-11-25 12:09,-24.18173333,black,1
6,90349,21,0,9.7,18:16.7,0.576994868,0.924673394,0.07980806,0.665547799,45:33.8,11,good,11.75,2024-12-02,2024-12-02 12:18,-32.736585,black,1
6,90349,89,0,9.7,08:48.3,0.548176074,1.059904508,0.079724538,0.745741,45:37.6,11,good,11.75,2025-02-08,2025-02-08 12:08,-23.22279333,black,1
9,90352,84,9.7,58.19,08:58.8,0.565590066,0.926512554,0.05669067,0.220519168,45:18.6,11,good,11.75,2025-02-04,2025-02-04 12:14,-28.80623333,black,1
10,90353,8,0,9.7,03:20.6,0.693732084,0.885790982,0.111145108,0.566676871,45:10.0,11,good,11.75,2024-11-20,2024-11-20 12:03,-18.21716,black,1
10,90353,94,0,0,56:35.2,0.433918153,1.016251157,0.082135319,0.438713587,45:00.5,11,good,11.75,2025-02-14,2025-02-14 12:00,-15.159035,black,1
5,90359,19,9.7,9.7,14:14.4,0.715756346,1.323522596,0.120387527,0.887130804,45:52.9,12,good,11.75,2024-12-03,2024-12-03 12:19,-33.518325,black,1
7,90363,24,9.7,0,24:31.4,0.567593202,1.332170998,0.125462958,0.921700685,45:49.1,12,good,11.75,2024-12-08,2024-12-08 12:24,-38.73085334,black,1
1,68906,48,0,7.3,12:55.1,0.677944954,1.280739356,0.090223878,0.73199285,46:36.2,1,good,11.76666667,2022-11-28,2022-11-28 12:13,-26.43066667,black,1
1,68906,49,0,7.3,14:12.6,0.599229606,1.32679582,0.102616303,0.777537821,46:18.8,1,good,11.76666667,2022-11-29,2022-11-29 12:14,-27.93709333,black,1
1,68906,122,7.3,7.3,06:38.8,0.712984589,1.675021308,0.123327775,0.909454079,46:24.8,1,good,11.76666667,2023-02-10,2023-02-10 12:06,-20.32047167,black,1
2,68907,53,0,7.3,15:20.5,0.627055204,1.517654021,0.129960529,0.84695082,46:49.8,1,good,11.76666667,2022-11-30,2022-11-30 12:15,-28.603715,black,1
4,68909,41,7.3,0,02:14.1,0.725256038,1.03316293,0.099987902,0.25709742,46:44.3,1,good,11.76666667,2022-11-23,2022-11-23 12:06,-19.97761166,black,1
1,68911,41,0,0,59:47.7,0.717309191,1.142733205,0.108037394,0.35397485,46:37.0,2,good,11.76666667,2022-11-26,2022-11-26 12:10,-23.93393833,black,1
2,68912,49,0,7.3,26:49.9,0.482052435,1.493411347,0.089876058,0.956658715,46:53.1,2,good,11.76666667,2022-12-11,2022-12-11 12:26,-39.96564833,black,1
3,68913,52,0,7.3,28:30.4,0.483039577,1.432016547,0.09683036,0.829069606,46:00.5,2,good,11.76666667,2022-12-13,2022-12-13 12:28,-42.54100333,black,1
2,68917,40,0,7.3,20:54.9,0.57044195,1.483887505,0.102788623,0.817094866,46:12.0,3,good,11.76666667,2022-12-05,2022-12-05 12:21,-34.833825,black,1
5,68920,27,7.3,0,12:54.9,0.474119159,1.364577377,0.085684078,0.847884375,45:59.3,3,good,11.76666667,2022-11-28,2022-11-28 12:13,-27.04573833,black,1
1,68921,26,0,7.3,04:47.4,0.46098626,1.036551277,0.057154593,0.462653751,46:22.5,4,good,11.76666667,2022-11-28,2022-11-28 12:13,-26.65795333,black,1
5,68925,27,0,7.3,20:48.2,0.571922724,1.329030241,0.116518015,0.848218711,46:49.0,4,good,11.76666667,2022-12-05,2022-12-05 12:21,-34.21723,black,1
8,77874,97,0,0,14:05.6,0.530073027,1.057304701,0.091713655,0.526648371,46:32.6,5,good,11.76666667,2024-02-04,2024-02-04 12:15,-28.50714833,black,1
2,77888,14,9.7,9.7,11:24.4,0.585141626,1.144416551,0.114410296,0.662895741,46:26.6,7,good,11.76666667,2023-11-27,2023-11-27 12:11,-25.03960667,black,1
2,77898,40,0,9.7,08:29.8,0.690789378,1.200365451,0.098858892,0.452633584,46:35.5,8,good,11.76666667,2023-11-26,2023-11-26 12:10,-23.641955,black,1
2,77898,112,0,9.7,12:06.9,0.613157758,1.211876008,0.071508593,0.659095076,46:02.1,8,good,11.76666667,2024-02-06,2024-02-06 12:12,-26.46559,black,1
4,77900,40,9.7,19.4,11:19.9,0.687484199,1.21091582,0.097780541,0.678416222,46:12.2,8,good,11.76666667,2023-11-27,2023-11-27 12:11,-25.28035167,black,1
3,90326,109,0,9.7,08:42.8,0.407081907,1.045455732,0.086511208,0.773098471,46:00.8,9,good,11.76666667,2025-02-08,2025-02-08 12:08,-22.837055,black,1
2,90335,109,0,9.7,06:02.2,0.360874219,1.066506505,0.060227325,0.736955539,46:54.2,10,good,11.76666667,2025-02-10,2025-02-10 12:06,-19.14707667,black,1
2,90335,112,0,9.7,01:31.2,0.380799069,1.330897015,0.066879791,1.048412007,46:35.3,10,good,11.76666667,2025-02-13,2025-02-13 12:01,-15.077905,black,1
2,90345,35,0,9.7,23:27.7,0.659158876,1.201454766,0.11028435,0.770436997,46:31.8,11,good,11.76666667,2024-12-07,2024-12-07 12:23,-37.05350333,black,1
10,90353,15,0,9.7,17:32.6,0.799096219,1.329191973,0.130692877,0.902873698,46:20.7,11,good,11.76666667,2024-11-27,2024-11-27 12:12,-26.05502333,black,1
10,90353,20,0,9.7,09:10.8,0.52714393,0.993299146,0.087567701,0.522768265,45:59.5,11,good,11.76666667,2024-12-02,2024-12-02 12:18,-32.30819167,black,1
10,90353,88,0,9.7,53:34.8,0.550325312,0.939637067,0.083757106,0.336418211,46:12.2,11,good,11.76666667,2025-02-08,2025-02-08 12:08,-22.64592167,black,1
5,90359,6,9.7,9.7,55:40.2,0.593654978,1.110209537,0.071281493,0.684488389,46:32.8,12,good,11.76666667,2024-11-20,2024-11-20 12:03,-16.83701,black,1
7,90363,12,0,106.68,11:05.0,0.613850828,1.3065599,0.102731237,0.893695469,46:46.0,12,good,11.76666667,2024-11-26,2024-11-26 12:11,-24.40053,black,1
1,68906,45,0,7.3,09:09.9,0.616020128,1.317138587,0.099863504,0.809052623,47:13.7,1,good,11.78333333,2022-11-25,2022-11-25 12:09,-22.05482666,black,1
1,68906,46,14.6,7.3,09:43.6,0.674093503,1.542546262,0.139859191,0.859432664,47:54.7,1,good,11.78333333,2022-11-26,2022-11-26 12:10,-22.63842833,black,1
1,68906,55,0,0,20:59.2,0.643161889,1.074325917,0.109418563,0.403762441,47:37.0,1,good,11.78333333,2022-12-05,2022-12-05 12:21,-33.417435,black,1
2,68907,48,0,7.3,09:14.5,0.472790287,1.487189016,0.108769383,0.948746108,47:47.1,1,good,11.78333333,2022-11-25,2022-11-25 12:09,-21.49886833,black,1
2,68907,67,0,7.3,29:15.2,0.5449353,1.565018108,0.110567869,1.03571468,47:36.1,1,good,11.78333333,2022-12-14,2022-12-14 12:29,-41.73091833,black,1
2,68907,122,0,7.3,10:48.7,0.452393767,1.193117663,0.096574674,0.949010913,47:24.5,1,good,11.78333333,2023-02-07,2023-02-07 12:10,-23.44139833,black,1
2,68912,50,7.3,0,27:41.2,0.40218693,1.50039864,0.093807858,0.929131179,47:37.1,2,good,11.78333333,2022-12-12,2022-12-12 12:27,-40.098615,black,1
2,68912,97,0,7.3,22:40.2,0.525694877,1.40410966,0.143614995,0.855421668,47:28.1,2,good,11.78333333,2023-01-28,2023-01-28 12:22,-35.26555333,black,1
5,68915,55,7.3,14.6,32:10.6,0.584894026,1.200825569,0.065600343,0.536845804,47:07.3,2,good,11.78333333,2022-12-19,2022-12-19 12:32,-45.61195833,black,1
2,68917,45,0,0,25:51.1,0.500871919,1.498400644,0.10624586,0.995664544,47:43.8,3,good,11.78333333,2022-12-10,2022-12-10 12:25,-38.23589667,black,1
4,68919,43,0,7.3,22:56.5,0.52125549,1.414330219,0.111932614,0.973875847,47:15.4,3,good,11.78333333,2022-12-12,2022-12-12 12:27,-40.46,black,1
5,68920,39,0,7.3,25:55.5,0.559349006,1.406518891,0.125482399,0.7916695,47:19.1,3,good,11.78333333,2022-12-10,2022-12-10 12:25,-38.647925,black,1
5,68920,51,7.3,7.3,34:18.5,0.498587477,1.299105101,0.092712004,0.746430717,47:03.8,3,good,11.78333333,2022-12-22,2022-12-22 12:34,-47.252585,black,1
1,68921,24,7.3,7.3,57:30.4,0.46264811,0.965884656,0.045818648,0.339899599,47:29.2,4,good,11.78333333,2022-11-26,2022-11-26 12:10,-23.06315667,black,1
5,68925,17,0,7.3,09:15.9,0.531640533,1.311199834,0.108525998,0.814484673,47:04.7,4,good,11.78333333,2022-11-25,2022-11-25 12:09,-22.20484667,black,1
5,68925,34,0,7.3,27:38.9,0.435939877,1.359004349,0.073331249,1.0197948,47:12.6,4,good,11.78333333,2022-12-12,2022-12-12 12:27,-40.50649667,black,1
4,77870,25,9.7,9.7,04:56.0,0.64564137,1.178768966,0.09386488,0.601957808,47:24.1,5,good,11.78333333,2023-11-22,2023-11-22 12:05,-17.647655,black,1
8,77874,47,9.7,0,30:34.2,0.560557677,1.058778171,0.090892952,0.502054576,47:39.8,5,good,11.78333333,2023-12-16,2023-12-16 12:30,-42.95345333,black,1
10,77876,16,0,9.7,56:52.5,0.637538349,0.970292117,0.125779565,0.514586815,47:15.7,5,good,11.78333333,2023-11-16,2023-11-16 11:56,-9.654405002,black,1
3,77879,43,0,0,42:46.0,0.529263945,0.832261903,0.110460383,0.374933708,47:22.7,6,good,11.78333333,2023-12-16,2023-12-16 12:30,-43.23878667,black,1
5,77881,17,0,0.1,00:34.2,0.515647172,1.005606979,0.074414627,0.470320046,47:14.6,6,good,11.78333333,2023-11-21,2023-11-21 12:03,-16.48944833,black,1
5,77881,19,0,9.7,06:14.7,0.720401868,1.027484318,0.126276507,0.487109855,47:15.6,6,good,11.78333333,2023-11-23,2023-11-23 12:06,-19.10587,black,1
10,77886,16,0,0,59:02.2,0.500712763,1.102377604,0.087274163,0.604683972,47:38.8,6,good,11.78333333,2023-11-26,2023-11-26 12:10,-22.58688667,black,1
10,77886,94,9.7,9.7,36:58.3,0.530772496,0.942694102,0.056853595,0.264202937,47:33.9,6,good,11.78333333,2024-02-12,2024-02-12 12:04,-16.66876333,black,1
3,90326,43,0,9.7,20:20.1,0.378172843,1.381701599,0.055132243,1.009092341,47:56.1,9,good,11.78333333,2024-12-04,2024-12-04 12:20,-32.548345,black,1
3,90326,111,0,9.7,05:58.3,0.304343607,1.266053697,0.035237381,0.9732768,47:47.7,9,good,11.78333333,2025-02-10,2025-02-10 12:06,-18.25428333,black,1
3,90326,120,0,9.7,52:10.2,0.326752984,0.834314231,0.053183627,0.584777663,47:34.4,9,good,11.78333333,2025-02-19,2025-02-19 11:52,-4.743658332,black,1
2,90335,111,0,0,03:08.0,0.409565243,1.039001453,0.066517584,0.902809807,47:13.9,10,good,11.78333333,2025-02-12,2025-02-12 12:03,-15.917865,black,1
7,90341,2,0,0,19:51.7,0.948452078,1.278703142,0.324842477,0.898397306,47:45.2,10,good,11.78333333,2024-11-01,2024-11-01 11:36,10.90314667,black,1
5,90348,24,19.5,9.7,08:26.6,0.646109666,0.806048649,0.084250001,0.18185897,47:02.0,11,good,11.78333333,2024-11-30,2024-11-30 12:16,-28.966845,black,1
6,90349,12,9.6,0.1,07:13.9,0.580565666,0.875602284,0.086734467,0.304071252,47:17.2,11,good,11.78333333,2024-11-23,2024-11-23 12:07,-20.04742167,black,1
6,90349,87,9.65,0,11:30.0,0.288451614,1.099531349,0.041778791,0.880898867,47:11.2,11,good,11.78333333,2025-02-06,2025-02-06 12:11,-24.34730167,black,1
10,90353,10,0,9.7,00:28.3,0.783128316,1.029064049,0.143853444,0.443914321,47:57.1,11,good,11.78333333,2024-11-22,2024-11-22 12:06,-18.08205333,black,1
10,90353,92,9.7,0,18:32.1,0.501183785,0.966857729,0.082877843,0.39990694,47:24.0,11,good,11.78333333,2025-02-12,2025-02-12 12:03,-15.75000667,black,1
1,68906,52,7.3,102.18,17:43.2,0.656111301,1.237043638,0.104329015,0.711842457,48:29.1,1,good,11.8,2022-12-02,2022-12-02 12:17,-29.26553333,black,1
1,68906,158,7.3,0,04:32.6,0.814253181,1.370269661,0.155392861,0.794340195,48:39.7,1,good,11.8,2023-03-18,2023-03-18 11:04,44.06200167,black,1
3,68913,99,0,7.3,21:36.0,0.400742935,1.379241726,0.071389277,0.884682369,48:42.7,2,good,11.8,2023-01-29,2023-01-29 12:21,-32.97122167,black,1
2,68917,113,0,7.3,57:45.7,0.789703084,1.332484677,0.203998241,0.82115999,48:35.6,3,good,11.8,2023-02-16,2023-02-16 11:57,-9.239206668,black,1
4,68919,31,7.3,0,15:22.9,0.692910633,1.630981323,0.187701729,0.859395701,48:05.4,3,good,11.8,2022-11-30,2022-11-30 12:15,-27.34306167,black,1
4,68919,49,0,0,32:00.8,0.3454092,1.446333293,0.06345207,0.94269936,48:32.5,3,good,11.8,2022-12-18,2022-12-18 12:32,-43.590945,black,1
4,68919,50,0,7.3,32:42.8,0.490444196,1.523099809,0.105150153,0.99704404,48:23.5,3,good,11.8,2022-12-19,2022-12-19 12:32,-44.34170833,black,1
5,68920,40,0,7.3,26:45.3,0.605306288,1.310637216,0.147914298,0.825209158,48:52.7,3,good,11.8,2022-12-11,2022-12-11 12:26,-37.97126667,black,1
5,68925,20,7.3,0,07:40.3,0.584438938,1.572697524,0.123579485,0.95543116,48:24.4,4,good,11.8,2022-11-28,2022-11-28 12:13,-24.62725,black,1
5,68925,81,0,7.3,22:42.1,0.483734697,1.665076124,0.109631107,1.0250215,48:42.9,4,good,11.8,2023-01-28,2023-01-28 12:22,-34.01757333,black,1
4,77870,30,0,9.7,11:27.0,0.55471803,1.232181152,0.07950503,0.629782016,48:54.5,5,good,11.8,2023-11-27,2023-11-27 12:11,-22.57582167,black,1
3,77879,41,9.7,9.7,29:03.8,0.496722729,1.143767082,0.05986421,0.652783921,48:34.5,6,good,11.8,2023-12-14,2023-12-14 12:29,-40.55782667,black,1
5,77881,15,0,19.4,48:35.5,0.579753199,0.971505118,0.073272326,0.382752316,48:40.9,6,good,11.8,2023-11-19,2023-11-19 12:01,-12.35245833,black,1
10,77886,92,0,9.7,05:12.1,0.512472011,1.330845245,0.077768637,0.811519173,48:38.4,6,good,11.8,2024-02-10,2024-02-10 12:07,-18.45993833,black,1
5,77891,2,0,9.7,46:41.0,0.565642193,0.89037864,0.082485919,0.522201338,48:33.1,7,good,11.8,2023-11-21,2023-11-21 12:03,-15.18166167,black,1
5,77891,5,9.7,9.7,07:38.1,0.777129837,0.933604997,0.13067414,0.422976188,48:19.7,7,good,11.8,2023-11-24,2023-11-24 12:07,-19.33872,black,1
5,77891,6,9.7,19.4,08:51.2,0.519245422,0.782056803,0.059605533,0.312177838,48:44.3,7,good,11.8,2023-11-25,2023-11-25 12:08,-20.229105,black,1
2,77898,42,0,9.7,01:28.4,0.700342049,1.605725286,0.108099341,0.809517813,48:27.5,8,good,11.8,2023-11-28,2023-11-28 12:12,-24.25846666,black,1
4,77900,65,0,9.7,34:09.1,0.594009806,1.347235616,0.093296831,0.780885666,48:39.4,8,good,11.8,2023-12-22,2023-12-22 12:34,-45.52728167,black,1
3,90326,110,0,9.7,02:19.9,0.378758174,1.224233486,0.068042483,0.836376796,48:50.7,9,good,11.8,2025-02-09,2025-02-09 12:07,-18.62246,black,1
3,90326,112,0,0,04:35.9,0.385362088,1.35992325,0.078706018,0.979310262,48:50.9,9,good,11.8,2025-02-11,2025-02-11 12:04,-15.76815333,black,1
7,90341,6,0,9.7,42:24.7,0.723100047,0.989104435,0.097895824,0.396672416,48:19.2,10,good,11.8,2024-11-05,2024-11-05 11:42,5.820016666,black,1
6,90349,22,9.7,19.4,19:16.3,0.57807969,1.210019725,0.085512835,0.887090526,48:49.2,11,good,11.8,2024-12-03,2024-12-03 12:19,-30.57921167,black,1
10,90353,86,9.7,96.96,03:14.8,0.466493026,0.8593426,0.084139127,0.413228462,48:35.7,11,good,11.8,2025-02-06,2025-02-06 12:11,-22.93895,black,1
7,90363,23,9.7,0,23:28.2,0.422554943,1.330769223,0.082217697,0.819673761,48:29.1,12,good,11.8,2024-12-07,2024-12-07 12:23,-35.0985,black,1
1,68906,59,0,7.3,24:56.2,0.542810782,1.366819364,0.092290304,0.779111782,49:08.0,1,good,11.81666667,2022-12-09,2022-12-09 12:25,-35.90043166,black,1
1,68906,60,7.3,0,25:51.8,0.524952594,1.077556814,0.072597942,0.500835252,49:56.3,1,good,11.81666667,2022-12-10,2022-12-10 12:25,-36.02902,black,1
2,68907,69,0,7.3,30:43.2,0.728337791,1.553297067,0.222814578,0.894644835,49:11.5,1,good,11.81666667,2022-12-16,2022-12-16 12:30,-41.609,black,1
1,68911,145,3335.66,65.69,24:04.1,0.714748245,1.39788635,0.100699788,0.505038443,49:10.9,2,good,11.81666667,2023-03-10,2023-03-10 11:19,29.44761167,black,1
3,68913,54,0,7.3,30:02.2,0.64276617,1.445370182,0.105933661,0.793719573,49:36.4,2,good,11.81666667,2022-12-15,2022-12-15 12:30,-40.47731333,black,1
3,68913,57,0,7.3,32:01.5,0.488577201,1.421542013,0.104998541,0.911701858,49:31.6,2,good,11.81666667,2022-12-18,2022-12-18 12:32,-42.605995,black,1
5,68915,49,7.3,14.6,24:33.3,0.593100595,1.241676878,0.066653964,0.404252078,49:57.6,2,good,11.81666667,2022-12-13,2022-12-13 12:28,-38.58933667,black,1
2,68917,41,0,0,21:45.4,0.507995838,1.370348477,0.11863182,0.917127483,49:43.0,3,good,11.81666667,2022-12-06,2022-12-06 12:22,-32.366225,black,1
4,68919,90,0,0,22:41.3,0.450075967,1.66253598,0.104612013,0.953017101,49:26.1,3,good,11.81666667,2023-01-28,2023-01-28 12:22,-33.297625,black,1
5,68920,42,7.3,7.3,28:32.2,0.631493604,1.374147683,0.167522291,0.744192792,49:26.7,3,good,11.81666667,2022-12-13,2022-12-13 12:28,-39.105455,black,1
1,68921,28,7.3,7.3,12:40.6,0.598321377,0.880797971,0.062392436,0.225373866,49:01.9,4,good,11.81666667,2022-11-30,2022-11-30 12:15,-26.40122333,black,1
4,68924,97,0,7.3,09:29.1,0.507731142,1.274028122,0.110627638,0.919332382,49:51.2,4,good,11.81666667,2023-02-08,2023-02-08 12:09,-19.64671,black,1
5,68925,22,7.3,0,15:19.9,0.68920385,1.272927576,0.157046088,0.644343462,49:29.8,4,good,11.81666667,2022-11-30,2022-11-30 12:15,-25.93682834,black,1
5,68925,36,0,7.3,29:17.4,0.63416406,1.336577586,0.092793081,0.939655118,49:49.1,4,good,11.81666667,2022-12-14,2022-12-14 12:29,-39.515685,black,1
5,68925,38,0,7.3,28:47.8,0.656727081,1.514034351,0.162828858,0.87935248,49:34.8,4,good,11.81666667,2022-12-16,2022-12-16 12:30,-41.220155,black,1
10,77876,22,0,9.7,05:01.4,0.599913225,0.97036653,0.102078963,0.435666325,49:25.7,5,good,11.81666667,2023-11-22,2023-11-22 12:05,-15.62169167,black,1
5,77881,99,9.7,0,05:37.9,1.019186806,1.5109081,0.377164562,0.825276861,49:14.1,6,bad,11.81666667,2024-02-11,2024-02-11 12:05,-16.44902333,red,2
10,77886,3,0,9.7,52:40.8,0.416874533,0.83163398,0.08143448,0.408586527,49:41.8,6,good,11.81666667,2023-11-13,2023-11-13 11:52,-3.053446666,black,1
5,77891,3,9.7,9.7,05:02.2,0.434055032,0.91674697,0.060226647,0.470107097,49:36.5,7,good,11.81666667,2023-11-22,2023-11-22 12:05,-15.441775,black,1
5,77891,10,0,9.7,13:53.3,0.530013368,0.85803387,0.065554907,0.371047526,49:14.8,7,good,11.81666667,2023-11-29,2023-11-29 12:13,-24.68631667,black,1
3,90326,40,0,9.7,17:00.7,0.607367517,1.278926798,0.146596262,0.936688998,49:47.0,9,good,11.81666667,2024-12-01,2024-12-01 12:17,-27.38305833,black,1
3,90326,42,9.7,0,19:16.9,0.403683748,1.392042008,0.081219251,1.057733535,49:47.4,9,good,11.81666667,2024-12-03,2024-12-03 12:19,-29.60942,black,1
6,90349,88,0,9.7,10:04.3,0.600610832,1.551856975,0.091456509,0.955086383,49:28.8,11,good,11.81666667,2025-02-07,2025-02-07 12:10,-20.72043833,black,1
9,90352,22,9.7,0,15:46.4,0.592627145,0.787254156,0.078068923,0.259738532,49:40.7,11,good,11.81666667,2024-12-04,2024-12-04 12:20,-30.80431166,black,1
10,90353,14,0,9.7,00:38.0,0.676926291,1.006234487,0.09887966,0.518867156,49:28.7,11,good,11.81666667,2024-11-26,2024-11-26 12:11,-21.68767333,black,1
10,90353,84,9.65,38.58,56:38.8,0.454702158,0.978736501,0.078132188,0.236357214,49:51.4,11,good,11.81666667,2025-02-04,2025-02-04 12:14,-24.26000834,black,1
7,90363,19,0,9.7,19:15.7,0.524767884,1.405731113,0.125366575,0.926148838,49:36.6,12,good,11.81666667,2024-12-03,2024-12-03 12:19,-29.79051167,black,1
1,68906,154,0,7.3,12:09.2,0.911675638,1.577677697,0.358489972,0.990260564,50:26.0,1,good,11.83333333,2023-03-14,2023-03-14 11:12,38.23286833,black,1
1,68906,156,0,7.3,00:15.5,1.071556998,1.626105519,0.549283172,1.055383298,50:56.8,1,bad,11.83333333,2023-03-16,2023-03-16 11:08,42.545865,red,2
2,68907,123,0,7.3,09:28.6,0.524299723,1.535093004,0.096219135,0.978520493,50:34.5,1,good,11.83333333,2023-02-08,2023-02-08 12:09,-18.92522333,black,1
2,68907,165,0,7.3,56:52.4,0.622857836,0.588883076,0.083356987,0.134505382,50:57.6,1,bad,11.83333333,2023-03-22,2023-03-22 10:56,54.02631333,red,2
1,68911,12,0,72.89,30:28.6,0.868366095,1.106786208,0.241683966,0.462087579,50:30.5,2,good,11.83333333,2022-10-28,2022-10-28 11:30,19.92514833,black,1
2,68912,98,0,7.3,21:34.5,0.548708931,1.550155612,0.0989604,0.911599496,50:45.1,2,good,11.83333333,2023-01-29,2023-01-29 12:21,-30.93218667,black,1
4,68914,84,7.3,7.3,24:40.5,0.798676635,1.177121549,0.140499801,0.421444204,50:25.2,2,good,11.83333333,2022-11-30,2022-11-30 12:15,-25.01294833,black,1
5,68915,57,36.5,832.1,31:26.0,0.666219071,1.065837973,0.158294714,0.427547565,50:52.7,2,good,11.83333333,2022-12-21,2022-12-21 12:33,-42.93830167,black,1
5,68915,111,999.98,7.3,48:33.8,0.586206551,0.950924063,0.078409356,0.28734194,50:20.6,2,good,11.83333333,2023-02-13,2023-02-13 12:02,-12.03960167,black,1
2,68917,49,7.3,0,29:13.0,0.432474224,1.347754289,0.070833242,0.871476994,50:00.1,3,good,11.83333333,2022-12-14,2022-12-14 12:29,-39.33239167,black,1
2,68917,53,7.3,0,32:05.7,0.393319352,1.393632914,0.063394962,0.936692201,50:55.9,3,good,11.83333333,2022-12-18,2022-12-18 12:32,-41.20158,black,1
2,68917,142,0,7.3,06:28.3,0.743195911,1.567649307,0.095220444,1.04488291,50:35.2,3,good,11.83333333,2023-03-17,2023-03-17 11:06,44.0868,black,1
5,68920,48,0,7.3,32:40.1,0.633882349,1.307474925,0.124915323,0.72598479,50:17.4,3,good,11.83333333,2022-12-19,2022-12-19 12:32,-42.442725,black,1
1,68921,34,7.3,7.3,19:26.0,0.590314442,0.899067992,0.06407768,0.477126002,50:55.4,4,good,11.83333333,2022-12-06,2022-12-06 12:22,-31.16054,black,1
4,68924,38,0,7.3,26:45.9,0.576663058,1.041598954,0.106638945,0.650963121,50:28.0,4,good,11.83333333,2022-12-11,2022-12-11 12:26,-36.38257,black,1
5,68925,25,0,7.3,54:50.8,0.590428503,0.995868509,0.13561671,0.21372556,50:13.4,4,good,11.83333333,2022-12-03,2022-12-03 12:18,-28.642905,black,1
8,77874,46,0,9.7,25:57.5,0.669349939,1.368839516,0.152604042,0.701689184,50:48.7,5,good,11.83333333,2023-12-15,2023-12-15 12:29,-39.08911167,black,1
10,77886,11,9.7,9.7,03:36.4,0.586119096,0.880028064,0.09919653,0.426193285,50:26.3,6,good,11.83333333,2023-11-21,2023-11-21 12:03,-13.29469167,black,1
10,77886,88,0,9.7,12:21.6,0.512261391,0.887495488,0.075679709,0.377403205,50:37.5,6,good,11.83333333,2024-02-06,2024-02-06 12:12,-21.87480667,black,1
10,77886,100,145.48,9.69,23:43.6,0.553982766,1.003693825,0.078095819,0.25826815,50:58.1,6,good,11.83333333,2024-02-18,2024-02-18 11:55,-4.14799,black,1
2,77888,31,0,9.7,29:05.8,0.486663143,1.101324872,0.102082562,0.591329092,50:13.9,7,good,11.83333333,2023-12-14,2023-12-14 12:29,-38.90116,black,1
7,77893,22,0,9.7,25:45.8,0.582598953,0.872659643,0.086701195,0.4953655,50:17.3,7,good,11.83333333,2023-12-14,2023-12-14 12:29,-38.84566667,black,1
2,77898,2,9.6,9.7,17:48.6,1.356316692,0.831983863,0.590221793,0.31802569,50:52.2,8,bad,11.83333333,2023-10-19,2023-10-19 11:17,32.98669333,red,2
2,77898,126,0,9.7,51:45.6,1.059836354,0.800534726,0.473352103,0.272138075,50:17.8,8,bad,11.83333333,2024-02-20,2024-02-20 11:51,-1.60347,red,2
4,77900,105,0,9.7,16:59.3,0.616443311,1.528111136,0.100254685,0.812729539,50:53.4,8,good,11.83333333,2024-01-31,2024-01-31 12:19,-28.89386167,black,1
7,77903,33,0,0,03:40.4,0.531823898,0.971825325,0.140987507,0.489279167,50:40.2,8,good,11.83333333,2023-11-21,2023-11-21 12:03,-13.06274167,black,1
7,77903,39,0,0,11:25.6,0.550606669,1.005175996,0.108557021,0.503327991,50:40.0,8,good,11.83333333,2023-11-27,2023-11-27 12:11,-20.81695333,black,1
2,90335,105,0,9.7,11:31.4,0.294547903,1.052517331,0.045719376,0.862471863,50:36.5,10,good,11.83333333,2025-02-06,2025-02-06 12:11,-20.924415,black,1
9,90352,25,9.7,9.7,14:22.5,0.516974273,0.890571511,0.054385452,0.353365273,50:22.9,11,good,11.83333333,2024-12-07,2024-12-07 12:23,-33.20131333,black,1
10,90353,18,0,9.7,07:43.1,0.628044265,0.822541693,0.098430975,0.273196169,50:48.3,11,good,11.83333333,2024-11-30,2024-11-30 12:16,-25.19478833,black,1
10,90353,76,9.7,0,15:30.1,0.634029401,0.830561493,0.091442712,0.225532061,50:22.4,11,good,11.83333333,2025-01-27,2025-01-27 12:23,-32.89250333,black,1
2,68907,66,0,0,28:31.2,0.675883025,1.579491155,0.119357377,0.961545232,51:36.8,1,good,11.85,2022-12-13,2022-12-13 12:28,-36.93594833,black,1
2,68912,51,7.3,7.3,28:32.4,0.489879029,1.445462349,0.105973813,0.899694742,51:23.4,2,good,11.85,2022-12-13,2022-12-13 12:28,-37.15993167,black,1
2,68912,80,7.3,0,34:59.5,0.519859406,1.141676615,0.091023013,0.611308669,51:09.1,2,good,11.85,2023-01-11,2023-01-11 12:35,-43.89880167,black,1
2,68912,86,0,7.3,31:52.5,0.523649958,1.280432625,0.086487375,0.647902192,51:40.9,2,good,11.85,2023-01-17,2023-01-17 12:31,-40.2854,black,1
3,68913,51,14.6,14.6,27:40.9,0.442097822,1.477653395,0.113680247,0.983344118,51:08.6,2,good,11.85,2022-12-12,2022-12-12 12:27,-36.57263,black,1
3,68913,53,7.3,7.3,28:43.5,0.720319911,1.188626008,0.184001097,0.781215172,51:42.0,2,good,11.85,2022-12-14,2022-12-14 12:29,-37.63277833,black,1
3,68913,61,7.3,0,34:14.0,0.448678694,1.431143698,0.070908249,0.908026157,51:51.4,2,good,11.85,2022-12-22,2022-12-22 12:34,-42.45922,black,1
3,68913,88,0,0,31:14.7,0.480459673,1.468559309,0.100879325,0.903556227,51:39.9,2,good,11.85,2023-01-18,2023-01-18 12:31,-39.65118167,black,1
2,68917,94,0,7.3,22:39.5,0.348931291,1.465541743,0.080669167,0.997918558,51:20.9,3,good,11.85,2023-01-28,2023-01-28 12:22,-31.38436333,black,1
5,68920,44,7.3,7.3,30:04.6,0.737792485,1.471991577,0.150024181,0.83430451,51:42.8,3,good,11.85,2022-12-15,2022-12-15 12:30,-38.37001,black,1
1,68921,41,7.3,7.3,04:02.3,0.49605291,1.095132829,0.045205375,0.566845582,51:05.9,4,good,11.85,2022-12-13,2022-12-13 12:28,-37.45155667,black,1
2,68922,25,7.3,0.1,11:45.4,1.481054877,1.084018855,0.594574952,0.328508453,51:24.0,4,bad,11.85,2022-11-27,2022-11-27 12:11,-20.40069667,red,2
5,68925,99,0,7.3,59:19.3,0.703112458,1.3515236,0.150181465,1.041421966,51:07.5,4,good,11.85,2023-02-15,2023-02-15 11:59,-8.257948335,black,1
4,77870,47,9.7,9.7,29:06.4,0.620410116,1.316913059,0.06925442,0.786643646,51:51.3,5,good,11.85,2023-12-14,2023-12-14 12:29,-37.279055,black,1
8,77874,44,0,0,28:12.9,0.605164151,1.369483511,0.112635077,0.77532962,51:56.2,5,good,11.85,2023-12-13,2023-12-13 12:28,-36.39732833,black,1
2,77888,33,0,9.7,30:33.0,0.497770096,1.166241983,0.100975533,0.735097154,51:41.1,7,good,11.85,2023-12-16,2023-12-16 12:30,-38.931085,black,1
5,77891,11,9.7,38.79,15:06.3,0.740031918,0.792853414,0.137070643,0.317167113,51:55.2,7,good,11.85,2023-11-30,2023-11-30 12:15,-23.21316,black,1
7,77893,21,0,9.7,24:41.0,0.573380292,1.033922897,0.099571926,0.53271011,50:59.1,7,good,11.85,2023-12-13,2023-12-13 12:28,-37.34751667,black,1
9,77895,123,9.7,106.68,05:34.1,0.729741161,1.431191287,0.123685446,0.804456122,51:45.5,7,good,11.85,2024-02-11,2024-02-11 12:05,-13.92581,black,1
3,77899,40,9.7,261.87,11:21.6,0.589311129,1.229506509,0.074279931,0.583164867,51:53.2,8,good,11.85,2023-11-27,2023-11-27 12:11,-19.59715,black,1
3,77899,66,19.4,174.58,33:44.8,0.623308288,1.184206671,0.072248534,0.583180059,51:19.1,8,good,11.85,2023-12-23,2023-12-23 12:34,-43.31471833,black,1
7,77903,57,0,9.7,29:50.1,0.611340179,1.200643055,0.119631599,0.656389502,51:07.9,8,good,11.85,2023-12-15,2023-12-15 12:29,-38.768945,black,1
3,90326,45,0,9.7,22:27.1,0.615654996,1.242225266,0.264542059,0.882098933,51:40.1,9,good,11.85,2024-12-06,2024-12-06 12:22,-30.91525,black,1
3,90326,107,0,9.7,11:27.5,0.434384277,1.19358616,0.075106597,0.753452289,51:49.5,9,good,11.85,2025-02-06,2025-02-06 12:11,-19.707745,black,1
2,90345,31,0,9.7,19:15.1,0.603055914,1.105416262,0.093460968,0.677740632,51:02.9,11,good,11.85,2024-12-03,2024-12-03 12:19,-28.35133,black,1
2,90345,42,0,0,29:27.1,0.579846155,1.188685004,0.090316037,0.741841268,51:42.7,11,good,11.85,2024-12-14,2024-12-14 12:29,-37.98777833,black,1
6,90349,84,0,9.7,15:17.6,0.474448334,1.310127824,0.0662701,0.996395624,51:18.4,11,good,11.85,2025-02-03,2025-02-03 12:15,-24.06008166,black,1
10,90353,11,0,9.7,07:11.9,0.685948682,0.85387285,0.110789489,0.521721061,51:26.7,11,good,11.85,2024-11-23,2024-11-23 12:07,-15.88837334,black,1
7,90363,30,0,9.7,29:32.5,0.574662521,1.327841369,0.115626056,0.882884942,51:58.2,12,good,11.85,2024-12-14,2024-12-14 12:29,-37.730515,black,1
1,68906,62,7.3,7.3,27:43.0,0.674288862,1.328915443,0.094510823,0.799557612,52:53.1,1,good,11.86666667,2022-12-12,2022-12-12 12:27,-34.831335,black,1
1,68906,183,7.3,7.3,17:03.9,1.170295191,1.801555736,0.513202118,0.913843353,52:37.8,1,bad,11.86666667,2023-04-12,2023-04-12 10:17,95.22929333,red,2
2,68907,153,7.3,7.3,19:37.5,0.566157146,0.506538718,0.063345523,0.04803315,52:25.3,1,bad,11.86666667,2023-03-10,2023-03-10 11:19,32.68814,red,2
2,68912,55,7.3,0,31:27.5,0.371857603,1.408176115,0.08254936,0.970910905,52:58.2,2,good,11.86666667,2022-12-17,2022-12-17 12:31,-38.51265833,black,1
2,68917,46,7.3,0,26:48.9,0.486162271,1.460949008,0.165829766,1.082712424,52:27.9,3,good,11.86666667,2022-12-11,2022-12-11 12:26,-34.384905,black,1
2,68917,55,0,7.3,33:17.4,0.513657692,1.439866714,0.10890839,0.883955448,52:51.4,3,good,11.86666667,2022-12-20,2022-12-20 12:33,-40.44303,black,1
4,68919,42,0,7.3,26:44.5,0.550063506,1.550828336,0.114214759,0.962257393,52:09.1,3,good,11.86666667,2022-12-11,2022-12-11 12:26,-34.69865667,black,1
4,68919,91,0,7.3,20:06.3,0.544496159,1.654853632,0.147700069,0.976901858,52:04.9,3,good,11.86666667,2023-01-29,2023-01-29 12:21,-29.60090667,black,1
5,68920,41,0,7.3,27:42.4,0.478432296,1.36772587,0.12140756,0.849522609,52:52.3,3,good,11.86666667,2022-12-12,2022-12-12 12:27,-34.84488,black,1
4,68924,39,7.3,0,27:36.7,0.566951142,1.096367401,0.091438348,0.63448899,52:53.8,4,good,11.86666667,2022-12-12,2022-12-12 12:27,-34.820305,black,1
8,77874,93,0,9.7,19:44.2,0.580694843,1.117881042,0.086871382,0.628536517,52:30.5,5,good,11.86666667,2024-01-31,2024-01-31 12:19,-27.2744,black,1
10,77876,45,9.7,9.7,29:52.6,0.658950815,1.109073537,0.084264935,0.467666573,52:27.6,5,good,11.86666667,2023-12-15,2023-12-15 12:29,-37.44000667,black,1
10,77876,46,0,9.7,26:55.4,0.526584652,1.17941804,0.099350185,0.557697278,52:54.1,5,good,11.86666667,2023-12-16,2023-12-16 12:30,-37.71514833,black,1
10,77886,20,0,9.7,02:23.1,0.488421444,1.046678132,0.080641748,0.504189159,52:07.8,6,good,11.86666667,2023-11-30,2023-11-30 12:15,-23.00403,black,1
2,77888,30,0,9.7,28:12.5,0.567787289,1.267624888,0.099934964,0.751548612,52:24.9,7,good,11.86666667,2023-12-13,2023-12-13 12:28,-35.91890333,black,1
2,77888,34,0,9.7,31:16.6,0.506939822,1.022944872,0.085430318,0.554642306,52:34.4,7,good,11.86666667,2023-12-17,2023-12-17 12:31,-38.743205,black,1
5,77891,7,9.7,9.7,10:14.0,0.574484983,0.912481396,0.075434178,0.411239579,52:32.4,7,good,11.86666667,2023-11-26,2023-11-26 12:10,-17.69262167,black,1
7,77893,24,0,0,05:46.6,0.448935922,0.782944486,0.072076725,0.314754872,52:17.1,7,good,11.86666667,2023-12-16,2023-12-16 12:30,-38.33162,black,1
9,77895,171,58.19,9.7,40:12.2,0.919379241,1.531560398,0.252609906,0.864250551,52:32.7,7,good,11.86666667,2024-03-30,2024-03-30 10:40,72.32779833,black,1
2,77898,59,9.7,9.7,21:13.5,0.730031599,1.364155553,0.106432256,0.621970257,52:40.6,8,good,11.86666667,2023-12-15,2023-12-15 12:29,-37.22292167,black,1
3,77899,57,9.7,9.7,28:33.5,0.616678445,1.055409303,0.07008721,0.374501162,52:35.8,8,good,11.86666667,2023-12-14,2023-12-14 12:29,-36.536635,black,1
4,77900,106,0,0,10:19.9,0.642727072,1.625461947,0.120288424,1.026950583,52:46.3,8,good,11.86666667,2024-02-01,2024-02-01 12:18,-25.86193833,black,1
3,90326,116,0,164.88,58:37.6,0.390084042,0.812966873,0.066215728,0.653868547,52:44.2,9,good,11.86666667,2025-02-15,2025-02-15 11:58,-5.897038333,black,1
9,90332,31,9.7,87.29,00:31.3,0.612436732,0.693973939,0.07244616,0.140731237,52:21.8,9,good,11.86666667,2024-11-20,2024-11-20 12:03,-11.02013333,black,1
2,90335,104,9.7,0,12:48.8,0.403710123,0.971088365,0.070481941,0.851030159,52:23.2,10,good,11.86666667,2025-02-05,2025-02-05 12:12,-20.44680667,black,1
5,90338,38,9.7,9.7,18:15.7,0.606944976,0.93744618,0.06130306,0.292168465,52:39.0,10,good,11.86666667,2024-12-05,2024-12-05 12:21,-28.89938,black,1
6,90349,15,0,9.7,11:01.3,0.589789269,0.987652377,0.079936738,0.669603144,52:22.1,11,good,11.86666667,2024-11-26,2024-11-26 12:11,-18.79749833,black,1
6,90349,83,38.61,0,16:33.5,0.418987025,1.312255883,0.066648202,1.142915345,52:24.4,11,good,11.86666667,2025-02-02,2025-02-02 12:16,-24.17674,black,1
9,90352,72,9.7,9.7,14:13.1,0.552654006,0.798350973,0.063363416,0.196326191,52:58.5,11,good,11.86666667,2025-01-23,2025-01-23 12:27,-34.07421667,black,1
9,90352,75,9.7,19.4,17:25.0,0.491078169,0.810898669,0.046943031,0.27091718,52:03.6,11,good,11.86666667,2025-01-26,2025-01-26 12:24,-32.20694,black,1
10,90353,16,9.7,0,04:32.9,0.535139653,1.157190924,0.093335974,0.688238131,52:44.9,11,good,11.86666667,2024-11-28,2024-11-28 12:13,-20.86877667,black,1
10,90353,87,9.7,0,10:56.5,0.596215819,0.907592995,0.090367659,0.305547999,52:34.4,11,good,11.86666667,2025-02-07,2025-02-07 12:10,-17.62680167,black,1
7,90363,60,0,9.7,33:56.3,0.555933534,1.143582966,0.110622295,0.755295654,52:48.6,12,good,11.86666667,2025-01-13,2025-01-13 12:33,-41.14021,black,1
7,90363,75,9.7,0,22:13.6,0.787957927,1.296070094,0.210015461,0.756130408,52:44.2,12,good,11.86666667,2025-01-28,2025-01-28 12:22,-29.49690167,black,1
1,68906,1,0,7.3,08:53.4,1.257638617,0.641028222,0.863560012,0.251515046,53:00.4,1,bad,11.88333333,2022-10-12,2022-10-12 11:08,44.040665,red,2
4,68909,9,7.3,0,21:42.1,0.772508613,1.043468841,0.134090345,0.360526431,53:31.4,1,good,11.88333333,2022-10-22,2022-10-22 11:22,31.22410167,black,1
1,68911,114,14.6,7.3,18:16.6,0.762052824,1.108764971,0.107808747,0.268594652,53:30.8,2,good,11.88333333,2023-02-07,2023-02-07 12:10,-17.336815,black,1
3,68913,45,7.3,14.6,21:59.9,0.52348951,1.495095189,0.105148581,0.829028447,53:14.8,2,good,11.88333333,2022-12-06,2022-12-06 12:22,-28.83734667,black,1
3,68913,59,0,7.3,33:11.4,0.482437738,1.571408269,0.1101005,1.039642381,53:29.4,2,good,11.88333333,2022-12-20,2022-12-20 12:33,-39.81025167,black,1
2,68917,47,0,7.3,27:39.4,0.449816204,1.381760658,0.105778314,1.030377572,53:40.3,3,good,11.88333333,2022-12-12,2022-12-12 12:27,-34.04537167,black,1
2,68917,48,7.3,0,28:29.9,0.448375182,1.484557362,0.136977705,1.029529962,53:17.8,3,good,11.88333333,2022-12-13,2022-12-13 12:28,-35.25400333,black,1
2,68917,54,0,7.3,32:41.5,0.50910989,1.424830809,0.092261248,0.949653057,53:14.0,3,good,11.88333333,2022-12-19,2022-12-19 12:32,-39.500805,black,1
2,68917,95,0,0,21:40.4,0.408113217,1.315140761,0.079592264,0.884727259,53:17.0,3,good,11.88333333,2023-01-29,2023-01-29 12:21,-28.39916833,black,1
4,68919,53,0,0,34:12.5,0.515273088,1.588886354,0.108211618,1.00061803,53:39.4,3,good,11.88333333,2022-12-22,2022-12-22 12:34,-40.66030167,black,1
5,68920,32,7.3,0,54:53.2,0.527973305,1.140008867,0.115247807,0.267721888,53:03.7,3,good,11.88333333,2022-12-03,2022-12-03 12:18,-25.80485,black,1
5,68920,50,0,7.3,33:43.2,0.482235633,1.279831831,0.088447751,0.746410096,53:39.3,3,good,11.88333333,2022-12-21,2022-12-21 12:33,-40.162285,black,1
2,68922,78,7.3,0,30:31.4,0.452401465,1.190886236,0.099359296,0.728208786,53:08.2,4,good,11.88333333,2023-01-19,2023-01-19 12:30,-37.47935,black,1
5,68925,28,7.3,0,22:01.0,0.54897377,1.465561546,0.118429354,0.915452218,53:37.6,4,good,11.88333333,2022-12-06,2022-12-06 12:22,-28.45641333,black,1
5,68925,37,0,7.3,25:23.7,0.506602516,1.428009882,0.112256167,0.968188752,53:57.8,4,good,11.88333333,2022-12-15,2022-12-15 12:30,-36.12014333,black,1
5,68925,44,0,7.3,34:15.5,0.45275411,1.408005594,0.083771052,1.004771039,53:05.6,4,good,11.88333333,2022-12-22,2022-12-22 12:34,-41.22313,black,1
5,68925,82,116.79,7.3,17:06.1,0.574547031,1.412449561,0.101491149,0.907656441,53:05.4,4,good,11.88333333,2023-01-29,2023-01-29 12:21,-28.59351333,black,1
10,77876,44,9.7,9.7,26:02.4,0.601871588,1.140390618,0.115957358,0.581065808,53:18.7,5,good,11.88333333,2023-12-14,2023-12-14 12:29,-35.820915,black,1
5,77881,102,0,9.7,01:07.0,0.705291145,1.285843547,0.101651655,0.620344298,53:45.8,6,good,11.88333333,2024-02-14,2024-02-14 12:01,-7.519679999,black,1
10,77886,89,9.7,0,11:10.6,0.505903148,1.18673814,0.075145154,0.706105969,53:58.1,6,good,11.88333333,2024-02-07,2024-02-07 12:11,-17.23211333,black,1
10,77886,117,9.7,9.7,02:47.6,0.571682523,0.724167165,0.077588892,0.163499558,53:57.3,6,good,11.88333333,2024-03-06,2024-03-06 11:25,28.18867,black,1
2,77888,39,0,9.7,34:06.1,0.506990078,1.10320692,0.098329425,0.604362553,53:37.2,7,good,11.88333333,2023-12-22,2023-12-22 12:34,-40.56320333,black,1
5,77891,9,0,9.7,06:41.4,0.566223791,0.826148892,0.094286226,0.274023351,53:21.8,7,good,11.88333333,2023-11-28,2023-11-28 12:12,-19.35346667,black,1
7,77893,23,9.7,0,10:24.7,0.543662771,0.984177772,0.069180178,0.535821632,52:59.0,7,good,11.88333333,2023-12-15,2023-12-15 12:29,-36.91621333,black,1
2,77898,156,0,9.7,54:18.9,1.069120664,1.351089459,0.33757129,0.530289584,53:23.9,8,bad,11.88333333,2024-03-21,2024-03-21 10:57,55.96575167,red,2
4,77900,60,9.7,0,25:13.5,0.588252203,1.236691679,0.111413814,0.625842814,53:47.5,8,good,11.88333333,2023-12-17,2023-12-17 12:31,-37.52524333,black,1
4,77900,66,9.7,19.4,34:34.8,0.595020522,1.41040484,0.093020406,0.794973539,53:07.5,8,good,11.88333333,2023-12-23,2023-12-23 12:34,-41.50857167,black,1
7,77903,59,0,9.7,30:38.5,0.499207068,1.129121504,0.09947186,0.616989824,53:43.0,8,good,11.88333333,2023-12-17,2023-12-17 12:31,-37.60034,black,1
3,90326,46,0,9.7,23:30.3,0.37511412,1.456641106,0.054511077,0.851175727,53:41.5,9,good,11.88333333,2024-12-07,2024-12-07 12:23,-29.89177833,black,1
3,90326,115,9.7,0,00:09.6,0.38393111,1.052122088,0.067097612,0.686948601,53:37.4,9,good,11.88333333,2025-02-14,2025-02-14 12:00,-6.543843333,black,1
2,90335,29,38.79,0,05:52.4,0.512943849,0.73427152,0.061689391,0.1431185,53:22.0,10,good,11.88333333,2024-11-22,2024-11-22 12:06,-12.66601333,black,1
2,90335,103,0,9.7,14:06.2,0.405549453,1.004963466,0.078944961,0.702104868,53:21.1,10,good,11.88333333,2025-02-04,2025-02-04 12:14,-20.76426667,black,1
5,90338,42,9.7,9.7,23:26.8,0.591150544,0.81234307,0.064552366,0.211993569,53:47.7,10,good,11.88333333,2024-12-09,2024-12-09 12:25,-31.68883833,black,1
5,90348,26,58.19,9.7,17:02.5,0.556187255,0.917651255,0.058778613,0.317079359,53:22.2,11,good,11.88333333,2024-12-02,2024-12-02 12:18,-24.93052667,black,1
6,90349,20,9.7,0,17:07.3,0.714285484,1.048383415,0.129081724,0.643913196,53:47.0,11,good,11.88333333,2024-12-01,2024-12-01 12:17,-23.38404167,black,1
9,90352,23,9.7,0,08:05.2,0.476318969,0.797198999,0.073377729,0.2578135,53:08.8,11,good,11.88333333,2024-12-05,2024-12-05 12:21,-28.40357833,black,1
9,90352,74,9.7,9.7,21:09.2,0.529639753,0.855225997,0.060279205,0.272944573,53:26.6,11,good,11.88333333,2025-01-25,2025-01-25 12:25,-31.79081666,black,1
10,90353,93,0,0,16:22.3,0.529618827,0.982411428,0.087194856,0.351388728,53:38.4,11,good,11.88333333,2025-02-13,2025-02-13 12:01,-8.02711,black,1
1,68906,110,7.3,0,19:43.6,0.518542336,1.654304396,0.069247985,0.950743847,54:52.3,1,good,11.9,2023-01-29,2023-01-29 12:21,-26.81239667,black,1
1,68906,150,0,7.3,19:37.9,1.121041571,1.428956387,0.629342606,0.93754877,54:37.6,1,bad,11.9,2023-03-10,2023-03-10 11:19,34.89315667,red,2
2,68907,51,7.3,7.3,13:01.5,0.575383202,1.540318467,0.129036375,0.896777805,54:36.5,1,good,11.9,2022-11-28,2022-11-28 12:13,-18.424685,black,1
2,68907,65,7.3,0,27:40.0,0.575892435,1.545849611,0.093489982,1.001057095,54:02.7,1,good,11.9,2022-12-12,2022-12-12 12:27,-33.67236167,black,1
3,68913,58,0,7.3,32:43.8,0.512175922,1.529147808,0.08858133,0.96188641,54:51.2,2,good,11.9,2022-12-19,2022-12-19 12:32,-37.879455,black,1
5,68915,86,7.3,7.3,29:28.3,0.5966389,1.194524463,0.07672977,0.389015064,54:52.7,2,good,11.9,2023-01-19,2023-01-19 12:30,-35.73852333,black,1
4,68919,73,0,7.3,34:58.8,0.370985907,1.280626012,0.064401419,0.73654034,54:03.7,3,good,11.9,2023-01-11,2023-01-11 12:35,-40.98753333,black,1
4,68919,144,7.3,7.3,54:55.8,1.058721836,1.33646964,0.47086515,0.934315481,54:22.5,3,bad,11.9,2023-03-23,2023-03-23 10:55,59.35834666,red,2
5,68920,49,0,7.3,33:15.3,0.642539546,1.40847621,0.134969455,0.837899523,54:02.4,3,good,11.9,2022-12-20,2022-12-20 12:33,-39.25949334,black,1
1,68921,87,94.89,496.34,21:10.2,0.562170573,0.973281643,0.056335944,0.295533154,54:07.2,4,good,11.9,2023-01-28,2023-01-28 12:22,-28.61388834,black,1
4,68924,42,7.3,7.3,30:02.0,0.56826066,1.135124928,0.156353247,0.624588954,54:57.2,4,good,11.9,2022-12-15,2022-12-15 12:30,-35.130715,black,1
5,68925,43,0,7.3,32:18.8,0.49824938,1.318659027,0.105114903,0.742956947,54:18.8,4,good,11.9,2022-12-21,2022-12-21 12:33,-39.50376667,black,1
8,77874,53,9.7,0,33:20.3,0.560263421,1.189966264,0.096891649,0.647697709,54:57.4,5,good,11.9,2023-12-22,2023-12-22 12:34,-39.22595,black,1
3,77879,50,9.7,9.7,34:35.3,0.568348983,1.388265002,0.084612991,0.951465788,54:15.7,6,good,11.9,2023-12-23,2023-12-23 12:34,-40.37131833,black,1
5,77881,41,9.7,9.7,29:52.0,0.686790359,1.420418536,0.116325028,0.710283973,54:23.7,6,good,11.9,2023-12-15,2023-12-15 12:29,-35.505085,black,1
10,77886,22,0,9.7,17:19.1,0.498911492,1.151134416,0.081815237,0.687381835,54:56.2,6,good,11.9,2023-12-02,2023-12-02 12:17,-22.51322667,black,1
10,77886,86,0,9.7,15:03.0,0.500050139,1.110375924,0.062464674,0.708447391,54:26.8,6,good,11.9,2024-02-04,2024-02-04 12:15,-20.60351333,black,1
2,77888,32,0,9.7,29:49.5,0.588897681,1.198164552,0.084851651,0.629282092,54:11.5,7,good,11.9,2023-12-15,2023-12-15 12:29,-35.70796333,black,1
7,77893,52,9.7,9.7,21:56.4,0.640707353,1.06804866,0.115514317,0.515426899,54:03.8,7,good,11.9,2024-01-13,2024-01-13 12:34,-40.25389,black,1
7,77903,56,0,9.7,28:18.0,0.565588891,1.260001769,0.100378512,0.683118356,54:55.8,8,good,11.9,2023-12-14,2023-12-14 12:29,-34.20312666,black,1
3,90326,103,0,9.7,16:27.6,0.509765615,1.137570061,0.076839078,0.904059453,54:14.6,9,good,11.9,2025-02-02,2025-02-02 12:16,-22.34006833,black,1
3,90326,104,0,19.42,15:14.9,0.430026715,1.246240575,0.079078829,0.952387852,54:48.4,9,good,11.9,2025-02-03,2025-02-03 12:15,-20.56004666,black,1
3,90326,117,9.7,0,57:05.6,0.716702426,1.18564844,0.118034868,0.930125912,54:06.7,9,good,11.9,2025-02-16,2025-02-16 11:57,-2.987779999,black,1
2,90335,101,0,9.7,16:31.3,0.234776732,1.090719538,0.021101047,0.884361876,54:28.7,10,good,11.9,2025-02-02,2025-02-02 12:16,-22.10494334,black,1
2,90335,102,0,9.7,15:13.9,0.373437965,1.099855449,0.081766322,0.897494833,54:38.3,10,good,11.9,2025-02-03,2025-02-03 12:15,-20.72802833,black,1
2,90345,36,203.68,29.1,24:23.5,0.683808906,1.196364131,0.08617006,0.619061455,54:05.3,11,good,11.9,2024-12-08,2024-12-08 12:24,-30.46157833,black,1
2,90345,43,0,0,30:24.1,0.603981189,1.088011419,0.085571645,0.579919852,54:26.4,11,good,11.9,2024-12-15,2024-12-15 12:30,-35.993335,black,1
6,90349,23,0,19.4,20:25.7,0.531121143,1.02957679,0.081850406,0.795234875,54:39.9,11,good,11.9,2024-12-04,2024-12-04 12:20,-25.81879167,black,1
6,90349,25,9.7,0,22:34.8,0.720778251,0.910194216,0.109338936,0.422787742,54:52.5,11,good,11.9,2024-12-06,2024-12-06 12:22,-27.70770833,black,1
6,90349,85,0,9.7,14:01.6,0.521085507,1.26777863,0.088184336,0.939786413,54:04.9,11,good,11.9,2025-02-04,2025-02-04 12:14,-20.03522833,black,1
9,90352,31,9.7,19.4,22:43.9,0.52437972,0.876392275,0.104107606,0.375811142,54:03.1,11,good,11.9,2024-12-13,2024-12-13 12:28,-34.88156,black,1
10,90353,82,9.7,232.5,56:33.3,0.563913339,1.041698847,0.079629043,0.580390595,54:50.2,11,good,11.9,2025-02-02,2025-02-02 12:16,-21.74717,black,1
10,90353,85,0,9.7,47:10.6,0.371468296,1.201602614,0.063878747,0.656185317,53:59.7,11,good,11.9,2025-02-05,2025-02-05 12:12,-18.83767833,black,1
5,90359,24,9.7,9.7,24:31.6,0.702870611,1.355572869,0.088761831,0.711096155,54:52.5,12,good,11.9,2024-12-08,2024-12-08 12:24,-29.67527167,black,1
2,68907,64,7.3,0,26:48.7,0.680223597,1.57569313,0.094601956,1.038031003,55:30.1,1,good,11.91666667,2022-12-11,2022-12-11 12:26,-31.34862,black,1
2,68907,68,7.3,0,29:59.2,0.664514683,1.580437179,0.194893383,0.852028297,55:38.1,1,good,11.91666667,2022-12-15,2022-12-15 12:30,-34.44847667,black,1
2,68907,70,7.3,7.3,31:27.2,0.499163453,1.548333081,0.100121525,0.920387036,55:45.8,1,good,11.91666667,2022-12-17,2022-12-17 12:31,-35.72017833,black,1
3,68913,60,0,7.3,33:46.4,0.454439378,1.568033,0.09360921,0.98324112,55:17.3,2,good,11.91666667,2022-12-21,2022-12-21 12:33,-38.52772667,black,1
3,68913,81,0,7.3,34:56.8,0.401878715,1.304711348,0.08810208,0.953381686,55:58.5,2,good,11.91666667,2023-01-11,2023-01-11 12:35,-39.07468,black,1
3,68913,89,0,7.3,28:03.3,0.492998809,1.487798722,0.113526313,0.908837423,55:17.4,2,good,11.91666667,2023-01-19,2023-01-19 12:30,-35.327165,black,1
2,68917,50,0,7.3,29:41.6,0.580782442,1.555216361,0.103862606,0.962899089,55:20.6,3,good,11.91666667,2022-12-15,2022-12-15 12:30,-34.74048833,black,1
2,68917,139,0,7.3,12:06.1,1.872662732,1.334655264,1.129287638,0.850312584,55:58.4,3,bad,11.91666667,2023-03-14,2023-03-14 11:12,43.77300167,red,2
4,68919,36,0,7.3,19:51.6,0.484821642,1.518806967,0.088817175,0.94239689,55:14.7,3,good,11.91666667,2022-12-05,2022-12-05 12:21,-25.78886833,black,1
4,68919,37,7.3,7.3,22:01.2,0.862570091,1.562129375,0.380714126,0.897140294,55:49.4,3,good,11.91666667,2022-12-06,2022-12-06 12:22,-26.25957667,black,1
5,68920,47,0,7.3,32:04.9,0.504757349,1.232680118,0.086234147,0.69026269,55:18.0,3,good,11.91666667,2022-12-18,2022-12-18 12:32,-36.83389167,black,1
1,68921,40,7.3,7.3,23:30.7,0.635222813,1.109559657,0.078996859,0.556816434,55:07.4,4,good,11.91666667,2022-12-12,2022-12-12 12:27,-32.59350167,black,1
2,68922,77,0,7.3,30:04.9,0.623840219,1.409021044,0.144930594,0.848776832,55:00.4,4,good,11.91666667,2023-01-18,2023-01-18 12:31,-36.31022667,black,1
5,68925,41,0,7.3,32:40.9,0.475587676,1.309435867,0.08747564,0.98733458,55:10.0,4,good,11.91666667,2022-12-19,2022-12-19 12:32,-37.56609667,black,1
4,77870,48,9.7,9.7,29:51.6,0.745039584,1.392496751,0.12718883,0.761986714,55:50.4,5,good,11.91666667,2023-12-15,2023-12-15 12:29,-34.05946333,black,1
8,77874,94,9.7,9.7,12:05.5,0.622538293,1.322775933,0.079277468,0.777014173,55:30.2,5,good,11.91666667,2024-02-01,2024-02-01 12:18,-23.13000167,black,1
10,77886,18,0,0,10:53.8,0.555708438,1.197416927,0.102313841,0.806701763,55:08.5,6,good,11.91666667,2023-11-28,2023-11-28 12:12,-17.574685,black,1
3,77899,20,0,465.45,44:13.5,0.670341441,1.001406208,0.08674268,0.316578785,55:27.9,8,good,11.91666667,2023-11-07,2023-11-07 11:44,11.18196333,black,1
3,90326,113,0,9.7,03:03.9,0.47175793,0.96803685,0.066861479,0.789015378,55:43.2,9,good,11.91666667,2025-02-12,2025-02-12 12:03,-7.429923332,black,1
6,90349,80,0,9.7,20:01.5,0.285642528,1.134704203,0.0377015,0.929303666,55:23.5,11,good,11.91666667,2025-01-30,2025-01-30 12:20,-24.67487667,black,1
6,90349,82,9.7,9.7,17:39.6,0.390427176,1.251531231,0.078706319,0.884270226,55:07.6,11,good,11.91666667,2025-02-01,2025-02-01 12:17,-22.656165,black,1
6,90349,86,0,9.7,12:45.7,0.39459691,1.043820036,0.068058468,0.887930255,55:43.6,11,good,11.91666667,2025-02-05,2025-02-05 12:12,-17.10743333,black,1
5,90359,31,0,0,30:17.7,0.552689053,1.272639878,0.084840269,0.827320242,55:18.5,12,good,11.91666667,2024-12-15,2024-12-15 12:30,-35.12467667,black,1
7,90363,31,0,0,30:25.9,0.477172194,1.288133273,0.118680137,0.854556267,55:26.8,12,good,11.91666667,2024-12-15,2024-12-15 12:30,-34.98706667,black,1
1,68906,109,7.3,0,22:41.7,0.593746205,1.853611764,0.106170448,0.955825173,56:30.0,1,good,11.93333333,2023-01-28,2023-01-28 12:22,-26.23289833,black,1
4,68909,35,7.3,36.5,56:13.4,0.776767039,1.063234881,0.11765983,0.345156319,56:32.7,1,good,11.93333333,2022-11-17,2022-11-17 11:58,-2.104200002,black,1
2,68912,14,43.79,14.6,40:19.6,0.646777126,1.308306858,0.084717682,0.577980458,56:20.4,2,good,11.93333333,2022-11-06,2022-11-06 11:43,13.10595667,black,1
2,68912,88,7.3,0,30:32.6,0.421520757,1.271672613,0.160165935,0.716788889,56:11.5,2,good,11.93333333,2023-01-19,2023-01-19 12:30,-34.42473167,black,1
2,68917,52,7.3,0,31:22.5,0.451314457,1.473554957,0.178276028,0.871717899,56:46.9,3,good,11.93333333,2022-12-17,2022-12-17 12:31,-34.701855,black,1
2,68917,57,7.3,0,34:14.5,0.478371083,1.449354579,0.089985078,0.95579084,56:21.9,3,good,11.93333333,2022-12-22,2022-12-22 12:34,-37.95248167,black,1
2,68917,77,0,0,35:00.5,0.346824391,1.182114808,0.086019065,0.922712934,56:45.9,3,good,11.93333333,2023-01-11,2023-01-11 12:35,-38.2847,black,1
2,68922,70,7.3,7.3,35:01.0,0.49078041,1.284444574,0.112877064,0.895440949,56:54.0,4,good,11.93333333,2023-01-11,2023-01-11 12:35,-38.1502,black,1
4,68924,13,0,7.3,57:17.0,0.706449908,1.05827274,0.088216541,0.520157327,56:08.5,4,good,11.93333333,2022-11-16,2022-11-16 11:57,-1.140991668,black,1
4,68924,18,0,7.3,03:57.5,0.668440563,1.028264756,0.086860205,0.581968881,56:00.3,4,good,11.93333333,2022-11-21,2022-11-21 12:04,-8.061601667,black,1
5,68925,39,7.3,0,31:28.2,0.542328599,1.526929167,0.108376086,1.082264285,56:08.7,4,good,11.93333333,2022-12-17,2022-12-17 12:31,-35.33786,black,1
8,77874,54,0,9.7,34:33.2,0.530404123,1.123986623,0.084308596,0.647117724,56:49.2,5,good,11.93333333,2023-12-23,2023-12-23 12:34,-37.81377333,black,1
10,77876,43,0,9.7,23:49.3,0.646878273,1.204579722,0.117743678,0.728425227,56:25.7,5,good,11.93333333,2023-12-13,2023-12-13 12:28,-31.905275,black,1
3,77879,44,0,0,20:33.6,0.471743311,1.087606178,0.096072247,0.647858457,56:23.8,6,good,11.93333333,2023-12-17,2023-12-17 12:31,-34.91957167,black,1
3,77879,72,9.7,0,33:45.5,0.529089809,0.885236645,0.083603345,0.333289688,56:39.9,6,good,11.93333333,2024-01-14,2024-01-14 12:33,-37.16912333,black,1
5,77881,88,0,0,19:41.3,0.566770082,1.317973932,0.081867341,0.792041386,56:30.0,6,good,11.93333333,2024-01-31,2024-01-31 12:19,-23.282765,black,1
5,77881,247,9.7,9.7,17:16.9,0.39707171,0.321080068,0.072775358,0.026062708,56:45.2,6,bad,11.93333333,2024-07-08,2024-07-08 9:17,159.45268,red,2
10,77886,14,0,9.7,07:32.6,0.568056289,1.082258254,0.124487703,0.644200531,56:09.2,6,good,11.93333333,2023-11-24,2023-11-24 12:07,-11.51258334,black,1
10,77886,15,0,9.7,08:56.8,0.552017847,1.175174068,0.153952029,0.785970118,56:06.2,6,good,11.93333333,2023-11-25,2023-11-25 12:08,-12.86384667,black,1
10,77886,19,9.7,0,13:54.9,0.505247986,1.228835084,0.070613418,0.782748272,56:42.4,6,good,11.93333333,2023-11-29,2023-11-29 12:13,-17.22647,black,1
10,77886,87,0,9.7,13:42.3,0.410498056,0.993645772,0.077914496,0.445309691,56:00.7,6,good,11.93333333,2024-02-05,2024-02-05 12:13,-17.77197333,black,1
5,77891,8,0.1,9.6,09:50.1,0.545430922,0.866168078,0.073573541,0.354092869,56:30.5,7,good,11.93333333,2023-11-27,2023-11-27 12:11,-14.974265,black,1
7,77893,30,9.7,0,34:04.6,0.585781476,0.968010873,0.084063561,0.578965689,56:20.3,7,good,11.93333333,2023-12-22,2023-12-22 12:34,-37.84462334,black,1
3,77899,36,0,9.7,02:07.2,0.859762593,1.348492523,0.349019922,0.609991234,56:52.3,8,good,11.93333333,2023-11-23,2023-11-23 12:06,-9.495419999,black,1
3,77899,58,0,9.7,29:49.1,0.626193173,1.168292701,0.091376855,0.458285629,56:45.9,8,good,11.93333333,2023-12-15,2023-12-15 12:29,-33.13471,black,1
3,77899,59,0,9.7,30:35.6,0.537451818,1.316174369,0.071786264,0.551705403,56:53.6,8,good,11.93333333,2023-12-16,2023-12-16 12:30,-33.72321833,black,1
3,90326,48,0,0,25:27.1,0.466078791,1.42054814,0.078027233,0.951590331,56:36.5,9,good,11.93333333,2024-12-09,2024-12-09 12:25,-28.875745,black,1
2,90345,44,0,0,31:00.6,0.529565639,1.081790522,0.113832224,0.612460366,56:01.1,11,good,11.93333333,2024-12-16,2024-12-16 12:31,-35.11527667,black,1
6,90349,35,0,9.7,31:04.9,0.415161603,1.025241464,0.077295864,0.803479941,56:25.7,11,good,11.93333333,2024-12-16,2024-12-16 12:31,-34.705775,black,1
6,90349,78,0,9.7,21:34.7,0.64300917,1.262608776,0.095561627,0.95721471,56:08.5,11,good,11.93333333,2025-01-28,2025-01-28 12:22,-26.09228834,black,1
9,90352,61,9.7,9.7,46:06.6,0.549787635,0.708772625,0.050324298,0.208411045,56:42.5,11,good,11.93333333,2025-01-12,2025-01-12 12:34,-37.72449,black,1
10,90353,21,0,9.7,45:23.1,0.571931983,1.108869815,0.09631601,0.486297648,56:45.5,11,good,11.93333333,2024-12-03,2024-12-03 12:19,-22.64093,black,1
10,90353,81,0,19.27,11:31.2,0.543161874,0.866516799,0.081367779,0.279435304,56:11.6,11,good,11.93333333,2025-02-01,2025-02-01 12:17,-21.589565,black,1
7,90363,32,0,9.7,25:59.3,0.536244136,1.234120279,0.110086442,0.725745355,56:00.8,12,good,11.93333333,2024-12-16,2024-12-16 12:31,-35.12031833,black,1
1,68906,64,7.3,7.3,29:12.3,0.57700862,1.381121117,0.10808025,0.806274374,57:54.1,1,good,11.95,2022-12-14,2022-12-14 12:29,-31.432315,black,1
2,68907,1,0,7.3,04:58.4,1.837131996,0.701626893,0.818091061,0.202890301,57:28.8,1,bad,11.95,2022-10-09,2022-10-09 11:05,52.39694,red,2
2,68907,63,0,7.3,25:57.5,0.486059665,1.623208226,0.134451232,0.997237397,57:34.0,1,good,11.95,2022-12-10,2022-12-10 12:25,-28.39982333,black,1
4,68909,3,21.9,14.6,14:12.6,0.737415441,0.904228544,0.12798365,0.393173137,57:57.6,1,good,11.95,2022-10-16,2022-10-16 11:14,43.72737333,black,1
2,68912,87,0,7.3,30:18.1,0.40471718,1.495534716,0.088905639,0.951622715,57:46.4,2,good,11.95,2023-01-18,2023-01-18 12:31,-33.54315166,black,1
4,68919,82,0,7.3,29:51.1,0.750422739,1.618933343,0.254985265,0.957340662,57:34.3,3,good,11.95,2023-01-20,2023-01-20 12:29,-32.31101833,black,1
1,68921,2,0,7.3,40:23.0,0.525149025,0.777217751,0.083290818,0.374396027,57:07.8,4,good,11.95,2022-11-04,2022-11-04 11:40,16.71360166,black,1
1,68921,79,7.3,7.3,27:11.4,0.594410884,1.036506996,0.078807203,0.376581034,57:35.0,4,good,11.95,2023-01-20,2023-01-20 12:29,-32.29966333,black,1
2,68922,39,14.6,233.57,01:48.0,0.716364431,1.066585925,0.093069471,0.401818932,57:35.8,4,good,11.95,2022-12-11,2022-12-11 12:26,-29.2534,black,1
2,68922,76,7.3,7.3,31:42.4,0.390806467,1.236685602,0.094339682,0.887574727,57:50.9,4,good,11.95,2023-01-17,2023-01-17 12:31,-34.118055,black,1
2,68922,79,0,7.3,29:23.1,0.639610353,1.377986925,0.124711443,0.888754581,57:21.0,4,good,11.95,2023-01-20,2023-01-20 12:29,-32.53274666,black,1
5,68925,72,7.3,0,30:30.4,0.566318782,1.619827426,0.117594173,1.102358533,57:29.7,4,good,11.95,2023-01-19,2023-01-19 12:30,-33.12203166,black,1
4,77870,55,0,9.7,34:09.9,0.52548127,1.349877238,0.083010337,0.845972357,57:52.9,5,good,11.95,2023-12-22,2023-12-22 12:34,-36.30156667,black,1
8,77874,48,0,9.7,31:18.1,0.530757888,1.254871427,0.103281897,0.724414476,57:36.5,5,good,11.95,2023-12-17,2023-12-17 12:31,-33.70848,black,1
3,77879,64,0,9.7,36:25.1,0.555102316,1.155417997,0.120026353,0.802540574,57:42.5,6,good,11.95,2024-01-06,2024-01-06 12:36,-38.82557,black,1
5,77881,48,0,9.7,30:00.6,0.609247109,1.265599674,0.089478916,0.58292321,57:17.2,6,good,11.95,2023-12-22,2023-12-22 12:34,-36.89677,black,1
10,77886,90,9.6,0.1,09:49.9,0.498381685,1.19432476,0.073688237,0.594444921,57:47.6,6,good,11.95,2024-02-08,2024-02-08 12:09,-12.0561,black,1
10,77886,91,9.7,9.7,08:19.5,0.59966344,1.014829918,0.084789158,0.473824633,57:05.8,6,good,11.95,2024-02-09,2024-02-09 12:08,-11.386065,black,1
2,77888,62,9.7,0,33:40.7,0.725770002,1.227872842,0.127988777,0.651570778,57:04.6,7,good,11.95,2024-01-14,2024-01-14 12:33,-36.756905,black,1
7,77893,25,9.7,9.7,31:15.9,0.57212156,0.879113132,0.121592901,0.49751938,57:04.9,7,good,11.95,2023-12-17,2023-12-17 12:31,-34.23419,black,1
1,77897,70,0,9.7,34:08.6,0.623123823,1.086124205,0.079128519,0.401653308,57:03.2,8,good,11.95,2023-12-22,2023-12-22 12:34,-37.130825,black,1
2,77898,113,9.7,543.82,10:23.6,0.629145778,1.102999549,0.075964442,0.510485697,57:15.9,8,good,11.95,2024-02-07,2024-02-07 12:11,-13.93432667,black,1
4,77900,88,9.7,0,33:48.3,0.660805488,1.312941415,0.175897162,0.650312293,57:12.0,8,good,11.95,2024-01-14,2024-01-14 12:33,-36.63344167,black,1
7,77903,137,0,9.7,29:17.0,0.73969923,1.353709691,0.338221821,0.794586602,57:00.5,8,good,11.95,2024-03-04,2024-03-04 11:29,27.59248667,black,1
5,90328,4,19.4,9.7,17:23.3,0.604000179,0.910242735,0.098014342,0.457886021,57:43.7,9,good,11.95,2024-10-18,2024-10-18 11:17,40.19503,black,1
2,90335,25,9.7,9.7,48:14.9,0.577804722,0.690415971,0.05792282,0.161765708,57:53.1,10,good,11.95,2024-11-18,2024-11-18 12:00,-2.799024999,black,1
2,90335,106,0,0,10:04.2,0.379134774,1.092335715,0.066867876,0.860112781,57:43.5,10,good,11.95,2025-02-07,2025-02-07 12:10,-12.47434,black,1
5,90338,31,9.7,9.7,09:25.8,0.608473674,0.852905572,0.066622733,0.22770601,57:04.4,10,good,11.95,2024-11-28,2024-11-28 12:13,-16.54341333,black,1
10,90353,22,9.7,0,56:18.8,0.469978546,0.99058649,0.0828171,0.44076823,57:10.9,11,good,11.95,2024-12-04,2024-12-04 12:20,-23.30237166,black,1
5,90359,32,9.7,9.7,31:01.6,0.532987043,1.21433995,0.069969624,0.692017956,57:39.4,12,good,11.95,2024-12-16,2024-12-16 12:31,-33.47676,black,1
1,68906,61,0,0,24:28.7,0.462609236,1.243582547,0.060879994,0.667305263,58:17.1,1,good,11.96666667,2022-12-11,2022-12-11 12:26,-28.5654,black,1
1,68906,170,7.3,0,39:57.2,0.917818091,1.390492918,0.422614815,0.748224248,58:59.0,1,good,11.96666667,2023-03-30,2023-03-30 10:41,77.36626833,black,1
2,68907,103,7.3,7.3,30:35.1,0.314460382,1.477433365,0.055117674,0.998330645,58:47.2,1,good,11.96666667,2023-01-19,2023-01-19 12:30,-31.82936333,black,1
4,68909,57,7.3,7.3,36:14.9,0.753933175,1.220808514,0.125310566,0.39904356,58:42.6,1,good,11.96666667,2022-12-09,2022-12-09 12:25,-26.32374667,black,1
2,68912,57,0,7.3,32:40.4,0.371177897,1.475854622,0.062383149,0.830302711,58:33.9,2,good,11.96666667,2022-12-19,2022-12-19 12:32,-34.16762833,black,1
2,68912,60,7.3,7.3,34:15.2,0.630549622,1.51674928,0.091999226,0.944876562,58:04.6,2,good,11.96666667,2022-12-22,2022-12-22 12:34,-36.23930167,black,1
3,68913,55,0,7.3,30:44.4,0.663793348,1.52323251,0.115563967,0.97792574,58:20.3,2,good,11.96666667,2022-12-16,2022-12-16 12:30,-32.46173667,black,1
3,68913,87,0,7.3,31:52.7,0.403193562,1.227623854,0.053393942,0.939612802,58:15.6,2,good,11.96666667,2023-01-17,2023-01-17 12:31,-33.70618667,black,1
3,68913,90,0,7.3,29:51.3,0.674352451,1.426198583,0.202961604,0.874397594,58:25.6,2,good,11.96666667,2023-01-20,2023-01-20 12:29,-31.45683333,black,1
2,68917,51,0,0,30:46.6,0.784261579,1.589997429,0.242736407,0.982295637,58:00.5,3,good,11.96666667,2022-12-16,2022-12-16 12:30,-32.79138833,black,1
4,68919,44,7.3,0,28:23.3,0.517417488,1.400504924,0.119043083,0.851872196,58:47.1,3,good,11.96666667,2022-12-13,2022-12-13 12:28,-29.76541,black,1
4,68919,74,0,7.3,34:35.3,0.579149192,1.351047135,0.139002692,0.651328882,58:32.3,3,good,11.96666667,2023-01-12,2023-01-12 12:34,-36.095745,black,1
4,68919,81,7.3,0,30:36.6,0.436607583,1.570347367,0.094204422,0.871355803,58:41.8,3,good,11.96666667,2023-01-19,2023-01-19 12:30,-31.92023833,black,1
1,68921,33,284.66,58.39,20:46.8,0.582153585,1.022909538,0.067299189,0.385512326,58:50.3,4,good,11.96666667,2022-12-05,2022-12-05 12:21,-22.19430667,black,1
1,68921,88,7.3,7.3,19:34.7,0.542671991,0.896795488,0.075210687,0.247911055,58:43.9,4,good,11.96666667,2023-01-29,2023-01-29 12:21,-22.95187667,black,1
5,68925,64,7.3,0,35:02.8,0.501692266,1.380273573,0.103935433,0.974557729,58:08.4,4,good,11.96666667,2023-01-11,2023-01-11 12:35,-36.909725,black,1
5,68925,66,7.3,7.3,34:04.0,0.54251893,1.57802904,0.07864781,1.055554362,58:51.9,4,good,11.96666667,2023-01-13,2023-01-13 12:34,-35.31912833,black,1
5,77881,22,9.7,0,10:13.9,0.559070434,1.202946014,0.10759012,0.58397188,58:50.7,6,good,11.96666667,2023-11-26,2023-11-26 12:10,-11.388855,black,1
9,77895,121,9.7,0,50:32.1,1.71567719,1.241147779,0.997188142,0.585955567,58:52.2,7,bad,11.96666667,2024-02-09,2024-02-09 12:08,-9.613713332,red,2
7,77903,55,9.7,0,28:13.2,0.545153534,1.279502593,0.11008584,0.758643269,58:05.0,8,good,11.96666667,2023-12-13,2023-12-13 12:28,-30.24926833,black,1
7,77903,65,0,0,34:30.7,0.457690795,1.283660927,0.086869137,0.789432513,58:23.7,8,good,11.96666667,2023-12-23,2023-12-23 12:34,-36.23884,black,1
3,90326,44,0,9.7,21:23.9,0.352275617,1.332676717,0.076796606,0.929891063,58:21.9,9,good,11.96666667,2024-12-05,2024-12-05 12:21,-23.185605,black,1
3,90326,47,0,9.7,24:23.8,0.462684374,1.337242238,0.10195602,0.858664181,58:08.4,9,good,11.96666667,2024-12-08,2024-12-08 12:24,-26.410065,black,1
3,90326,108,358.85,96.99,10:05.2,0.490666551,1.201243852,0.099141749,0.813068959,58:03.2,9,good,11.96666667,2025-02-07,2025-02-07 12:10,-12.14669,black,1
2,90335,99,0,9.7,18:46.8,0.366964771,1.166269506,0.058767748,0.876810172,58:11.3,10,good,11.96666667,2025-01-31,2025-01-31 12:18,-20.74516833,black,1
2,90345,100,0,9.7,05:58.3,1.411870973,0.927889598,0.902683121,0.486352337,58:03.9,11,bad,11.96666667,2025-02-10,2025-02-10 12:06,-7.984394999,red,2
6,90349,34,9.7,9.7,30:24.5,0.45159348,0.93249198,0.061401859,0.549128617,58:01.1,11,good,11.96666667,2024-12-15,2024-12-15 12:30,-32.41574334,black,1
6,90349,74,0,9.7,25:50.0,0.44727049,1.113693733,0.074221792,0.841035764,58:17.5,11,good,11.96666667,2025-01-24,2025-01-24 12:26,-27.85855167,black,1
9,90352,63,9.7,87.29,31:40.6,0.593145019,0.933601575,0.079303903,0.181084223,58:08.8,11,good,11.96666667,2025-01-14,2025-01-14 12:33,-35.28700167,black,1
9,90352,64,9.7,9.7,32:52.8,0.571449697,0.861113578,0.057978086,0.283283013,58:03.4,11,good,11.96666667,2025-01-15,2025-01-15 12:32,-34.82659833,black,1
10,90353,19,0,9.7,07:13.8,0.670861229,1.276393818,0.109362233,0.802674377,58:10.7,11,good,11.96666667,2024-12-01,2024-12-01 12:17,-18.988545,black,1
10,90353,23,9.7,9.7,25:01.4,0.649983555,1.227402718,0.102891499,0.579885538,58:44.1,11,good,11.96666667,2024-12-05,2024-12-05 12:21,-22.81567333,black,1
3,90356,2,9.7,0,52:39.2,0.46303184,0.626362936,0.094063825,0.228850329,58:33.7,12,good,11.96666667,2024-11-14,2024-11-14 11:55,3.378319999,black,1
7,90363,74,0,0,22:57.2,0.58421849,1.248312514,0.114411671,0.760811745,58:09.1,12,good,11.96666667,2025-01-27,2025-01-27 12:23,-25.11552167,black,1
1,68906,65,0,7.3,30:00.5,0.594182449,1.414579579,0.095598087,0.81598598,59:18.8,1,good,11.98333333,2022-12-15,2022-12-15 12:30,-30.76942333,black,1
1,68906,71,0,7.3,33:44.5,0.671545782,1.519889203,0.118329846,0.876694104,59:38.4,1,good,11.98333333,2022-12-21,2022-12-21 12:33,-34.17691333,black,1
4,68909,63,7.3,7.3,10:43.4,0.736728574,1.00750647,0.104431833,0.337763057,59:22.0,1,good,11.98333333,2022-12-15,2022-12-15 12:30,-30.71680833,black,1
2,68912,81,7.3,7.3,23:05.0,0.474201756,1.276272462,0.090365655,0.642366643,59:04.2,2,good,11.98333333,2023-01-12,2023-01-12 12:34,-35.562765,black,1
3,68913,82,0,7.3,26:53.7,0.45223522,1.199375032,0.116425228,0.513326756,58:59.7,2,good,11.98333333,2023-01-12,2023-01-12 12:34,-35.63887333,black,1
4,68919,51,0,7.3,33:17.6,0.438443063,1.52850002,0.087464106,0.938918704,59:40.5,3,good,11.98333333,2022-12-20,2022-12-20 12:33,-33.62438167,black,1
4,68919,52,0,7.3,33:45.0,0.546852988,1.752981506,0.114931884,1.08093826,59:16.9,3,good,11.98333333,2022-12-21,2022-12-21 12:33,-34.53526,black,1
4,68924,86,0,7.3,22:40.3,0.527005248,1.119115397,0.082821756,0.718502672,59:23.5,4,good,11.98333333,2023-01-28,2023-01-28 12:22,-23.34162333,black,1
5,68925,65,7.3,7.3,34:33.4,0.482024821,1.532655193,0.063012642,1.121880858,59:57.8,4,good,11.98333333,2023-01-12,2023-01-12 12:34,-34.67038,black,1
5,68925,71,7.3,7.3,31:14.5,0.471793764,1.639012417,0.078665811,1.099680167,59:56.0,4,good,11.98333333,2023-01-18,2023-01-18 12:31,-31.38385,black,1
8,77874,76,0,9.7,33:49.3,0.739561588,1.291383751,0.151404407,0.659599557,59:58.0,5,good,11.98333333,2024-01-14,2024-01-14 12:33,-33.86661667,black,1
10,77876,17,0,9.7,58:17.3,0.63502537,1.054119852,0.109698165,0.572886803,59:40.0,5,good,11.98333333,2023-11-17,2023-11-17 11:58,1.366633332,black,1
5,77881,13,0,9.7,55:02.2,0.661611304,0.934037975,0.089353562,0.367827741,59:00.3,6,good,11.98333333,2023-11-17,2023-11-17 11:58,0.705223334,black,1
5,77881,71,0,9.7,33:41.5,0.720530129,1.346581363,0.142910152,0.673436763,59:21.1,6,good,11.98333333,2024-01-14,2024-01-14 12:33,-34.48129667,black,1
5,77881,172,0,0,45:25.9,1.282577644,0.571786267,0.633780605,0.06471984,59:02.3,6,bad,11.98333333,2024-04-24,2024-04-24 9:55,123.571935,red,2
2,77888,54,0,9.7,36:26.1,0.608476082,1.09470392,0.11418579,0.592894009,59:01.5,7,good,11.98333333,2024-01-06,2024-01-06 12:36,-37.50914,black,1
2,77898,57,9.7,9.7,27:59.4,0.68998552,1.379977986,0.089266892,0.601998899,59:14.9,8,good,11.98333333,2023-12-13,2023-12-13 12:28,-29.08439833,black,1
3,77899,65,9.7,9.7,29:05.6,0.628304562,1.209573194,0.081856521,0.64060662,59:06.8,8,good,11.98333333,2023-12-22,2023-12-22 12:34,-35.070815,black,1
7,77903,64,0,0,33:08.4,0.656161191,1.357683386,0.134731477,0.82214595,59:36.5,8,good,11.98333333,2023-12-22,2023-12-22 12:34,-34.57472167,black,1
7,77903,87,0,9.7,27:41.1,0.50220077,1.087405055,0.093700096,0.445443051,59:58.4,8,good,11.98333333,2024-01-14,2024-01-14 12:33,-33.85940333,black,1
3,90326,105,0,9.7,14:02.3,0.427025135,1.378778729,0.077323393,0.919051295,59:34.9,9,good,11.98333333,2025-02-04,2025-02-04 12:14,-14.53491,black,1
9,90332,37,9.7,9.7,04:10.5,0.667828398,0.899348959,0.078989838,0.152586728,59:44.0,9,good,11.98333333,2024-11-26,2024-11-26 12:11,-11.43298333,black,1
2,90335,36,0,9.7,14:17.6,0.579675149,0.730224736,0.100628675,0.411737914,59:21.7,10,good,11.98333333,2024-11-29,2024-11-29 12:14,-15.454935,black,1
2,90335,39,9.7,0,18:10.6,0.465099339,0.712894175,0.072771814,0.418082613,59:41.4,10,good,11.98333333,2024-12-02,2024-12-02 12:18,-18.61013667,black,1
6,90349,70,9.7,9.7,29:26.5,0.512056448,1.281361516,0.089876865,0.949860691,58:59.3,11,good,11.98333333,2025-01-20,2025-01-20 12:29,-30.52758333,black,1
6,90349,81,9.7,0,18:55.5,0.526826257,1.363538045,0.068766613,0.819740367,59:18.0,11,good,11.98333333,2025-01-31,2025-01-31 12:18,-19.63359333,black,1
9,90352,35,9.7,9.7,51:10.8,0.556256819,0.819951424,0.066472449,0.246487904,59:01.7,11,good,11.98333333,2024-12-17,2024-12-17 12:31,-32.77207834,black,1
9,90352,42,9.7,0,35:19.8,0.587423188,0.739749305,0.075350265,0.206328647,59:22.6,11,good,11.98333333,2024-12-24,2024-12-24 12:35,-35.957465,black,1
9,90352,44,0,9.7,12:11.9,0.521144247,0.913080751,0.04747141,0.435846421,59:31.2,11,good,11.98333333,2024-12-26,2024-12-26 12:35,-36.44618833,black,1
10,90353,36,9.7,0,20:41.4,0.610371092,0.797719394,0.07674713,0.241194841,59:50.3,11,good,11.98333333,2024-12-18,2024-12-18 12:32,-32.59474833,black,1
7,90363,73,0,9.7,24:09.9,0.600751034,1.467754095,0.123000779,0.8714105,59:21.8,12,good,11.98333333,2025-01-26,2025-01-26 12:24,-24.90351667,black,1
1,68906,67,0,7.3,27:07.1,0.532502847,0.978017977,0.076980038,0.43109789,00:26.2,1,good,12,2022-12-17,2022-12-17 12:31,-31.04624833,black,1
1,68906,99,0,7.3,31:12.1,0.653016387,1.406184212,0.097837353,0.750722005,00:08.5,1,good,12,2023-01-18,2023-01-18 12:31,-31.17420167,black,1
1,68906,100,0,7.3,30:32.8,0.595922426,1.581639363,0.096553777,0.912834769,00:13.0,1,good,12,2023-01-19,2023-01-19 12:30,-30.40056167,black,1
2,68912,58,0,7.3,33:16.9,0.473324406,1.583976579,0.092152417,1.056398817,00:01.5,2,good,12,2022-12-20,2022-12-20 12:33,-33.27498167,black,1
3,68913,56,0,7.3,31:26.6,0.474994779,1.424633637,0.070462622,1.003110085,00:44.7,2,good,12,2022-12-17,2022-12-17 12:31,-30.73813,black,1
2,68917,56,0,7.3,33:45.9,0.352560891,1.454220181,0.082678378,0.910669567,00:23.3,3,good,12,2022-12-21,2022-12-21 12:33,-33.42767667,black,1
2,68917,84,7.3,0,31:16.9,0.408012331,1.414942455,0.088179061,0.963136131,00:49.5,3,good,12,2023-01-18,2023-01-18 12:31,-30.49177833,black,1
2,68917,85,7.3,0,30:32.5,0.429208388,1.519433878,0.133063626,1.013479417,00:05.0,3,good,12,2023-01-19,2023-01-19 12:30,-30.532655,black,1
2,68917,86,7.3,0,29:48.0,0.710066856,1.434100177,0.142989439,1.034061488,00:40.9,3,good,12,2023-01-20,2023-01-20 12:29,-29.20212167,black,1
2,68917,145,0,0,00:43.4,0.982027567,1.303192719,0.546364188,0.925918471,00:17.3,3,good,12,2023-03-20,2023-03-20 11:00,59.52186333,black,1
4,68919,79,7.3,0,31:53.2,0.455669128,1.364350795,0.083499332,1.014365464,00:34.8,3,good,12,2023-01-17,2023-01-17 12:31,-31.38668333,black,1
2,68922,71,0,7.3,34:36.5,0.472522375,1.090423815,0.091131762,0.504473943,00:08.5,4,good,12,2023-01-12,2023-01-12 12:34,-34.491325,black,1
4,68924,49,0,7.3,34:15.8,0.467858795,1.253899168,0.116242283,0.712827617,00:53.2,4,good,12,2022-12-22,2022-12-22 12:34,-33.43052333,black,1
5,68925,70,0,7.3,31:51.3,0.581437318,1.185301655,0.099216462,0.879481781,00:10.8,4,good,12,2023-01-17,2023-01-17 12:31,-31.786035,black,1
4,77870,9,9.7,9.7,39:46.1,1.309828424,0.897838059,0.891444459,0.320452623,00:23.1,5,bad,12,2023-11-06,2023-11-06 11:42,17.51763333,red,2
8,77874,73,9.7,9.7,32:16.6,0.648541761,1.304114921,0.118213263,0.718013332,00:02.3,5,good,12,2024-01-11,2024-01-11 12:35,-35.11203167,black,1
10,77876,52,0,9.7,29:14.6,0.521525776,1.059420217,0.107580981,0.525448152,00:33.4,5,good,12,2023-12-22,2023-12-22 12:34,-33.626975,black,1
3,77879,63,0,0,31:45.8,0.407690615,1.076513637,0.093922207,0.69368812,00:48.7,6,good,12,2024-01-05,2024-01-05 12:36,-35.85473833,black,1
3,77879,69,0,0,34:57.7,0.614048596,1.152237548,0.169858472,0.70503758,00:27.2,6,good,12,2024-01-11,2024-01-11 12:35,-34.69609833,black,1
5,77881,23,0,9.7,10:38.7,0.650137178,1.118056625,0.093853761,0.524886645,00:04.0,6,good,12,2023-11-27,2023-11-27 12:11,-11.41746333,black,1
10,77886,24,9.7,0,19:38.4,0.543302914,0.78452993,0.090279908,0.271843176,00:48.9,6,good,12,2023-12-04,2023-12-04 12:19,-18.86897167,black,1
10,77886,105,19.4,9.7,41:05.2,0.570093355,0.780057369,0.061673784,0.282282858,00:34.2,6,good,12,2024-02-23,2024-02-23 11:46,13.61995,black,1
2,77888,40,9.7,9.7,34:30.3,0.663756283,1.130324556,0.115680355,0.600004191,00:39.1,7,good,12,2023-12-23,2023-12-23 12:34,-33.98240667,black,1
5,77891,13,9.7,9.7,17:13.2,0.601130363,0.822526637,0.078778674,0.434107979,00:49.4,7,good,12,2023-12-02,2023-12-02 12:17,-16.62663667,black,1
7,77893,53,0,9.7,33:41.3,0.637631954,0.918519451,0.125060966,0.37934923,00:48.0,7,good,12,2024-01-14,2024-01-14 12:33,-33.03316667,black,1
9,77895,67,9.7,19.4,31:17.0,0.591508988,1.022612673,0.071607361,0.273335643,00:30.0,7,good,12,2023-12-17,2023-12-17 12:31,-30.816645,black,1
1,77897,71,0,19.4,34:34.6,0.681699554,1.028687494,0.109541321,0.278899629,00:33.4,8,good,12,2023-12-23,2023-12-23 12:34,-34.07711167,black,1
2,77898,66,0,0,33:16.1,0.682338729,1.123801717,0.100603444,0.385187799,00:27.6,8,good,12,2023-12-22,2023-12-22 12:34,-33.72414667,black,1
3,90326,98,0,9.7,21:32.2,0.459856803,0.998963783,0.073989627,0.732789123,00:46.7,9,good,12,2025-01-28,2025-01-28 12:22,-21.45483,black,1
9,90332,62,9.7,9.7,03:15.9,0.524080514,0.757034554,0.055637042,0.139707017,00:24.8,9,good,12,2024-12-21,2024-12-21 12:34,-33.653885,black,1
2,90335,100,0,9.7,17:39.0,0.358689484,0.932545385,0.070369421,0.774303245,00:37.0,10,good,12,2025-02-01,2025-02-01 12:17,-17.16583667,black,1
2,90345,85,9.7,9.7,24:08.9,0.635823618,1.238027788,0.084223098,0.673873177,00:18.6,11,good,12,2025-01-26,2025-01-26 12:24,-23.95632667,black,1
6,90349,24,9.7,9.7,21:25.4,0.539204673,1.120444291,0.077570316,0.719973174,00:01.4,11,good,12,2024-12-05,2024-12-05 12:21,-21.526685,black,1
6,90349,36,0,9.7,31:45.2,0.587956724,1.284819404,0.137620998,0.887630143,00:39.3,11,good,12,2024-12-17,2024-12-17 12:31,-31.14425,black,1
9,90352,40,19.4,38.79,33:34.2,0.577538372,0.915915614,0.060050819,0.417837795,00:31.5,11,good,12,2024-12-22,2024-12-22 12:34,-34.00873833,black,1
9,90352,41,0,9.7,32:50.0,0.54070695,0.75326135,0.054929678,0.173942984,00:16.4,11,good,12,2024-12-23,2024-12-23 12:34,-34.67650167,black,1
10,90353,25,0,0,21:10.0,0.4763014,0.866640241,0.079468118,0.416951918,00:03.1,11,good,12,2024-12-07,2024-12-07 12:23,-23.53245,black,1
10,90353,72,0,9.7,47:57.4,0.590160951,0.883209556,0.07295482,0.255830933,00:19.8,11,good,12,2025-01-23,2025-01-23 12:27,-26.71941167,black,1
10,90353,79,0,0,44:06.6,0.537209523,0.809752226,0.066892011,0.337892343,00:02.4,11,good,12,2025-01-30,2025-01-30 12:20,-20.02589333,black,1
5,90359,60,9.7,0,31:46.4,0.671419752,1.195340006,0.09404143,0.690720698,00:30.3,12,good,12,2025-01-13,2025-01-13 12:33,-33.444745,black,1
5,90359,75,9.7,9.7,18:48.4,0.668384261,1.09258835,0.085223167,0.575444615,00:18.4,12,good,12,2025-01-28,2025-01-28 12:22,-21.92591333,black,1
1,68906,70,0,7.3,33:10.8,0.438415491,1.324355378,0.064567952,0.812332116,01:52.6,1,good,12.01666667,2022-12-20,2022-12-20 12:33,-31.42279333,black,1
1,68906,72,0,7.3,33:12.4,0.62892074,1.128842001,0.09991144,0.417890076,01:17.7,1,good,12.01666667,2022-12-22,2022-12-22 12:34,-33.021415,black,1
1,68906,92,7.3,0,34:56.6,0.430251543,1.248695999,0.071914021,0.632137372,01:27.0,1,good,12.01666667,2023-01-11,2023-01-11 12:35,-33.59968167,black,1
1,68906,98,0,7.3,31:51.5,0.507676966,1.22953248,0.066483981,0.557038379,01:46.3,1,good,12.01666667,2023-01-17,2023-01-17 12:31,-30.19502333,black,1
2,68907,71,7.3,7.3,32:03.9,0.428764107,1.403636953,0.124381891,0.848475898,01:21.7,1,good,12.01666667,2022-12-18,2022-12-18 12:32,-30.77115666,black,1
2,68907,95,0,7.3,34:56.4,0.485025025,1.370732419,0.092515503,0.96770195,01:33.6,1,good,12.01666667,2023-01-11,2023-01-11 12:35,-33.48940667,black,1
2,68912,89,7.3,0,29:48.9,0.604889112,1.599787074,0.144031366,1.0731418,01:18.1,2,good,12.01666667,2023-01-20,2023-01-20 12:29,-28.581435,black,1
2,68912,137,0,7.3,21:31.3,1.065813366,1.44576313,0.711863617,0.873745826,01:40.5,2,bad,12.01666667,2023-03-09,2023-03-09 11:21,40.09162667,red,2
2,68912,148,0,65.69,38:51.2,1.32878059,0.873098756,0.837415374,0.31078563,01:39.0,2,bad,12.01666667,2023-03-20,2023-03-20 11:00,60.88412833,red,2
3,68913,172,7.3,7.3,17:19.3,0.69190672,0.619386981,0.104770048,0.07541024,01:10.0,2,bad,12.01666667,2023-04-12,2023-04-12 10:17,103.7670833,red,2
4,68919,75,0,7.3,34:04.5,0.602944009,1.655147109,0.143971451,0.970798934,01:55.0,3,good,12.01666667,2023-01-13,2023-01-13 12:34,-32.26706333,black,1
4,68919,80,0,0,30:31.1,0.423578728,1.601174818,0.090994565,0.875663115,01:53.3,3,good,12.01666667,2023-01-18,2023-01-18 12:31,-29.427985,black,1
5,68920,46,7.3,14.6,31:22.3,0.658800568,1.267073289,0.154703098,0.631184234,01:38.8,3,good,12.01666667,2022-12-17,2022-12-17 12:31,-29.836765,black,1
1,68921,45,7.3,43.79,31:22.2,0.501361832,1.010213179,0.052141946,0.435029019,01:45.8,4,good,12.01666667,2022-12-17,2022-12-17 12:31,-29.71951833,black,1
4,68924,37,0,7.3,22:16.1,0.599801193,1.301489862,0.121896955,0.84519148,01:39.8,4,good,12.01666667,2022-12-10,2022-12-10 12:25,-24.30313667,black,1
4,77870,56,0,9.7,34:35.7,0.408145383,1.299436831,0.057427264,0.710794687,01:23.0,5,good,12.01666667,2023-12-23,2023-12-23 12:34,-33.25014333,black,1
4,77870,69,9.7,9.7,35:10.4,0.570402131,1.311168366,0.122653683,0.780451506,01:38.4,5,good,12.01666667,2024-01-05,2024-01-05 12:36,-35.02748833,black,1
4,77870,78,9.7,9.7,33:42.3,0.664263479,1.465777015,0.08461994,0.759518244,01:08.4,5,good,12.01666667,2024-01-14,2024-01-14 12:33,-32.69269667,black,1
10,77876,47,9.7,9.7,31:04.9,0.580779883,1.095428819,0.093698035,0.62583563,01:15.8,5,good,12.01666667,2023-12-17,2023-12-17 12:31,-30.05344333,black,1
5,77881,39,0,9.7,24:01.9,0.748542285,1.331281949,0.178706503,0.730509772,01:29.5,6,good,12.01666667,2023-12-13,2023-12-13 12:28,-26.84214,black,1
10,77886,12,0,58.19,04:53.6,0.601794707,1.160782349,0.081215931,0.777316174,01:13.1,6,good,12.01666667,2023-11-22,2023-11-22 12:05,-3.831830001,black,1
10,77886,35,9.7,9.7,29:48.9,0.774319322,1.086332183,0.120324754,0.453992032,01:36.8,6,good,12.01666667,2023-12-15,2023-12-15 12:29,-28.28662666,black,1
5,77891,15,9.7,9.7,19:39.4,0.626842514,0.910423456,0.082287696,0.48351948,01:38.6,7,good,12.01666667,2023-12-04,2023-12-04 12:19,-18.03990333,black,1
5,77891,17,9.7,9.7,21:46.2,0.584528816,0.842207707,0.086412811,0.474514335,01:49.0,7,good,12.01666667,2023-12-06,2023-12-06 12:21,-20.00044167,black,1
7,77893,31,9.7,9.7,31:26.3,0.558847113,0.891475342,0.082541848,0.372707549,01:27.6,7,good,12.01666667,2023-12-23,2023-12-23 12:34,-33.17369334,black,1
7,77893,45,0,9.7,23:55.3,0.577710039,0.967877133,0.076141074,0.587658721,01:22.6,7,good,12.01666667,2024-01-06,2024-01-06 12:36,-35.15594333,black,1
7,77903,79,0,9.7,28:31.0,0.568080015,1.247151456,0.092694944,0.798204189,01:07.7,8,good,12.01666667,2024-01-06,2024-01-06 12:36,-35.404885,black,1
3,90326,95,9.7,0,25:10.2,0.46582385,0.997220755,0.071501121,0.729946729,01:00.8,9,good,12.01666667,2025-01-25,2025-01-25 12:25,-24.21975333,black,1
5,90338,41,19.4,9.7,24:29.5,0.635155416,0.844735504,0.073676735,0.183406939,01:18.5,10,good,12.01666667,2024-12-08,2024-12-08 12:24,-23.24209667,black,1
6,90349,40,0,9.7,33:58.0,0.541584421,1.078437363,0.091935321,0.738401439,01:53.8,11,good,12.01666667,2024-12-21,2024-12-21 12:34,-32.16927667,black,1
6,90349,68,0,9.7,30:50.5,0.487402625,1.453883204,0.082112594,0.889569671,01:11.8,11,good,12.01666667,2025-01-18,2025-01-18 12:30,-29.785935,black,1
6,90349,69,9.7,0,30:13.3,0.473053203,1.407095919,0.087231834,1.022897219,01:42.6,11,good,12.01666667,2025-01-19,2025-01-19 12:30,-28.55728167,black,1
6,90349,73,0,9.7,26:56.5,0.568877028,1.410340252,0.081114489,1.137203993,01:30.0,11,good,12.01666667,2025-01-23,2025-01-23 12:27,-25.54983333,black,1
9,90352,34,9.7,38.79,30:42.5,0.56228689,0.861756416,0.087450204,0.314402517,01:22.9,11,good,12.01666667,2024-12-16,2024-12-16 12:31,-29.75128667,black,1
9,90352,37,38.79,9.7,28:41.7,0.516194079,0.743825966,0.059195053,0.154632023,01:26.4,11,good,12.01666667,2024-12-19,2024-12-19 12:33,-31.577355,black,1
10,90353,83,9.7,0,41:17.7,0.462356407,1.022383143,0.081394148,0.450260833,01:53.0,11,good,12.01666667,2025-02-03,2025-02-03 12:15,-13.48280833,black,1
1,68906,69,0,7.3,32:37.2,0.691152027,1.246115885,0.108101881,0.556456014,02:10.1,1,good,12.03333333,2022-12-19,2022-12-19 12:32,-30.56546,black,1
3,68913,83,0,0,33:04.5,0.375808628,1.466939392,0.068446921,0.958421882,02:15.3,2,good,12.03333333,2023-01-13,2023-01-13 12:34,-31.92828333,black,1
2,68922,49,7.3,7.3,33:48.7,0.754617859,1.220612369,0.123047105,0.509867502,02:45.1,4,good,12.03333333,2022-12-21,2022-12-21 12:33,-31.06563667,black,1
5,68925,42,0,7.3,33:17.3,0.558758564,1.525752105,0.1220205,0.808030223,02:05.9,4,good,12.03333333,2022-12-20,2022-12-20 12:33,-31.201585,black,1
4,77870,70,0,9.7,36:24.7,0.633772865,1.283981597,0.077426532,0.794866033,02:33.3,5,good,12.03333333,2024-01-06,2024-01-06 12:36,-33.97912,black,1
10,77876,72,9.7,0,35:08.6,0.621993904,1.250963778,0.089648584,0.696560362,02:15.2,5,good,12.03333333,2024-01-11,2024-01-11 12:35,-32.89674833,black,1
5,77881,3,1512.9,48.49,44:15.3,0.634904744,1.054191001,0.090790982,0.482425469,02:26.9,6,good,12.03333333,2023-11-07,2023-11-07 11:44,18.16433167,black,1
10,77886,85,0,9.7,16:14.0,0.377194348,0.972167962,0.067862703,0.528111596,02:34.8,6,good,12.03333333,2024-02-03,2024-02-03 12:16,-13.686255,black,1
2,77888,53,0,9.7,36:31.0,0.583361274,1.091679124,0.103995296,0.578111971,02:30.0,7,good,12.03333333,2024-01-05,2024-01-05 12:36,-34.16647,black,1
2,77898,58,0,9.7,21:52.5,0.633084247,1.4102785,0.071515543,0.739255859,02:41.8,8,good,12.03333333,2023-12-14,2023-12-14 12:29,-26.43602,black,1
2,77898,89,0,19.4,27:31.9,0.679592035,1.409994386,0.083788568,0.769399945,02:31.3,8,good,12.03333333,2024-01-14,2024-01-14 12:33,-31.310955,black,1
4,77900,58,9.7,0,29:51.8,0.745863792,1.36327192,0.120225004,0.850081176,02:08.9,8,good,12.03333333,2023-12-15,2023-12-15 12:29,-27.75146667,black,1
4,77900,79,0,9.7,31:15.3,0.558314664,1.370018741,0.090605421,0.837210862,02:05.1,8,good,12.03333333,2024-01-05,2024-01-05 12:36,-34.58216,black,1
7,77903,84,0,9.7,30:31.3,0.583663729,1.393895256,0.131606486,0.664682799,02:19.5,8,good,12.03333333,2024-01-11,2024-01-11 12:35,-32.82522667,black,1
3,90326,93,9.7,0,26:56.6,0.582300438,1.422742509,0.077346084,0.957694809,02:08.5,9,good,12.03333333,2025-01-23,2025-01-23 12:27,-24.908615,black,1
3,90326,99,0,9.69,21:08.3,0.485762755,0.988016309,0.071202484,0.765343618,02:57.5,9,good,12.03333333,2025-01-29,2025-01-29 12:21,-18.20782167,black,1
3,90326,102,0,18.97,17:40.2,0.394556568,1.35197801,0.064543502,0.986673811,02:34.2,9,good,12.03333333,2025-02-01,2025-02-01 12:17,-15.21322667,black,1
2,90335,94,0,9.7,24:15.9,0.508252284,1.222601612,0.110767202,0.865172302,02:03.6,10,good,12.03333333,2025-01-26,2025-01-26 12:24,-22.20646667,black,1
2,90335,95,0,0,23:07.9,0.371300376,1.063646299,0.070425189,0.702409442,02:42.5,10,good,12.03333333,2025-01-27,2025-01-27 12:23,-20.55807166,black,1
6,90349,75,0,19.46,25:13.1,0.352514282,1.159100748,0.063549922,0.945328067,02:31.2,11,good,12.03333333,2025-01-25,2025-01-25 12:25,-22.71261,black,1
6,90349,79,9.7,0,21:07.7,0.391316044,1.334994987,0.060309123,1.055382972,02:18.7,11,good,12.03333333,2025-01-29,2025-01-29 12:21,-18.85543833,black,1
9,90352,36,9.71,9.71,32:18.6,0.587926153,0.846382474,0.115280281,0.299839328,02:49.1,11,good,12.03333333,2024-12-18,2024-12-18 12:32,-29.61463333,black,1
10,90353,80,0,9.7,00:41.7,0.56336955,1.010856156,0.071441404,0.263816196,02:14.4,11,good,12.03333333,2025-01-31,2025-01-31 12:18,-16.693975,black,1
2,68907,58,0,7.3,20:57.2,0.687888258,1.463292058,0.152559255,0.890064109,03:52.6,1,good,12.05,2022-12-05,2022-12-05 12:21,-17.156905,black,1
2,68912,76,0,7.3,36:12.3,0.481248079,1.187264799,0.101434182,0.519525554,03:33.4,2,good,12.05,2023-01-07,2023-01-07 12:36,-32.72745833,black,1
3,68913,77,7.3,7.3,31:31.0,0.539609551,1.336734386,0.142056414,0.829615568,03:37.0,2,good,12.05,2023-01-07,2023-01-07 12:36,-32.66659333,black,1
1,68921,44,7.3,14.6,30:46.3,0.553080086,1.109541323,0.060332155,0.499372947,03:14.0,4,good,12.05,2022-12-16,2022-12-16 12:30,-27.566135,black,1
2,68922,72,7.3,0,34:04.7,0.674034283,1.174952304,0.127954086,0.519199471,03:30.3,4,good,12.05,2023-01-13,2023-01-13 12:34,-30.67868333,black,1
4,68924,77,0,7.3,30:29.9,0.536986682,1.347882464,0.120019661,0.892005013,03:04.9,4,good,12.05,2023-01-19,2023-01-19 12:30,-27.535165,black,1
5,68925,146,0,0,33:59.6,1.093254792,1.591947164,0.543958803,0.993547481,02:59.6,4,bad,12.05,2023-04-03,2023-04-03 10:34,88.96065,red,2
8,77874,68,0,9.7,36:23.1,0.614293247,1.135791948,0.094694622,0.646507927,03:49.4,5,good,12.05,2024-01-06,2024-01-06 12:36,-32.7106,black,1
3,77879,71,9.7,0,34:16.6,0.662884667,1.189991064,0.1670238,0.768359305,03:38.9,6,good,12.05,2024-01-13,2024-01-13 12:34,-30.66812333,black,1
5,77881,49,0,9.7,34:37.5,0.592185377,1.29385235,0.100628912,0.653038933,03:50.5,6,good,12.05,2023-12-23,2023-12-23 12:34,-30.79176833,black,1
10,77886,21,9.7,0,07:40.2,0.525154474,1.020172282,0.085482516,0.609297085,03:13.9,6,good,12.05,2023-12-01,2023-12-01 12:16,-13.06827667,black,1
10,77886,23,0,9.7,18:33.6,0.57350656,0.912358876,0.087285641,0.47145402,03:46.5,6,good,12.05,2023-12-03,2023-12-03 12:18,-14.80758167,black,1
10,77886,29,9.7,9.7,24:42.9,0.519150271,1.077641771,0.063040187,0.567840243,03:47.3,6,good,12.05,2023-12-09,2023-12-09 12:24,-21.01116667,black,1
10,77886,34,0,9.7,26:38.0,0.411468742,0.890234633,0.091654555,0.511959888,03:36.3,6,good,12.05,2023-12-14,2023-12-14 12:29,-25.52852667,black,1
2,77888,41,0,9.7,30:42.3,0.642533221,1.250051794,0.132684393,0.745644218,03:09.3,7,good,12.05,2023-12-24,2023-12-24 12:35,-31.89457,black,1
2,77888,59,0,0,35:03.2,0.639480915,1.210485551,0.131909186,0.601776271,03:27.7,7,good,12.05,2024-01-11,2024-01-11 12:35,-31.68749333,black,1
7,77893,32,9.7,9.7,34:56.6,0.572820141,0.868399889,0.081465925,0.478231087,03:20.8,7,good,12.05,2023-12-24,2023-12-24 12:35,-31.70268,black,1
4,77900,80,0,9.7,36:31.9,0.56299841,1.280069563,0.102157531,0.724271011,03:19.2,8,good,12.05,2024-01-06,2024-01-06 12:36,-33.21284333,black,1
7,77903,66,0,9.7,34:06.4,0.462667541,1.304892239,0.091113577,0.864851747,03:38.8,8,good,12.05,2023-12-24,2023-12-24 12:35,-31.40311167,black,1
3,90326,106,0,9.7,12:49.7,0.382203445,1.064666254,0.062975588,0.83089618,03:32.7,9,good,12.05,2025-02-05,2025-02-05 12:12,-9.289101668,black,1
5,90338,70,9.7,9.7,31:27.4,0.563971035,0.83582207,0.067139954,0.267097844,03:44.6,10,good,12.05,2025-01-06,2025-01-06 12:36,-32.65608833,black,1
6,90349,37,0,0,32:25.6,0.44423999,1.217065462,0.103707563,0.878937681,03:25.8,11,good,12.05,2024-12-18,2024-12-18 12:32,-29.00406,black,1
6,90349,72,9.7,9.7,27:52.8,0.575631242,1.211338354,0.072729502,0.973427438,03:43.9,11,good,12.05,2025-01-22,2025-01-22 12:27,-24.18434667,black,1
6,90349,76,9.7,0,24:06.8,0.396008694,1.361474479,0.071569139,0.879106864,03:31.3,11,good,12.05,2025-01-26,2025-01-26 12:24,-20.745215,black,1
6,90349,77,0,0,23:10.1,0.448224948,1.558938357,0.082939,1.028318187,03:52.3,11,good,12.05,2025-01-27,2025-01-27 12:23,-19.39417333,black,1
9,90352,47,9.7,9.7,36:51.2,0.392868707,1.104091649,0.093098373,0.366882065,03:27.3,11,good,12.05,2024-12-29,2024-12-29 12:36,-33.14492167,black,1
10,90353,78,9.7,19.39,57:16.1,0.622696895,1.108633259,0.091468064,0.385475539,03:49.1,11,good,12.05,2025-01-29,2025-01-29 12:21,-17.34800833,black,1
2,68907,173,7.3,0,36:53.8,0.902012736,0.634017042,0.171042095,0.083549793,04:55.5,1,bad,12.06666667,2023-03-30,2023-03-30 10:41,83.30812833,red,2
2,68917,73,0,7.3,36:15.9,0.58645023,1.14518449,0.10091011,0.716581002,04:50.1,3,good,12.06666667,2023-01-07,2023-01-07 12:36,-31.448585,black,1
2,68917,78,0,0,34:30.8,0.391669524,1.560226951,0.100789381,1.136762935,04:25.3,3,good,12.06666667,2023-01-12,2023-01-12 12:34,-30.21244333,black,1
4,68919,48,0,7.3,31:26.1,0.566444696,1.62802764,0.214341821,0.973769951,04:52.4,3,good,12.06666667,2022-12-17,2022-12-17 12:31,-26.61046333,black,1
4,68919,69,0,7.3,36:11.0,0.647522045,1.513880046,0.153121977,0.994626356,04:38.1,3,good,12.06666667,2023-01-07,2023-01-07 12:36,-31.64884,black,1
1,68921,49,7.3,7.3,33:45.6,0.451049284,1.016410655,0.04169536,0.505752918,04:23.9,4,good,12.06666667,2022-12-21,2022-12-21 12:33,-29.41828667,black,1
2,68922,66,0,7.3,35:33.4,0.66417776,1.233580556,0.120801939,0.576586739,04:51.6,4,good,12.06666667,2023-01-07,2023-01-07 12:36,-31.42269333,black,1
4,77870,57,9.7,0,28:14.1,0.619697956,1.395016843,0.075810882,0.790465171,04:53.1,5,good,12.06666667,2023-12-24,2023-12-24 12:35,-30.16551333,black,1
10,77876,54,0,9.7,34:00.3,0.638969789,1.283993334,0.106501983,0.699419505,04:49.9,5,good,12.06666667,2023-12-24,2023-12-24 12:35,-30.21763833,black,1
10,77886,17,9.7,0,11:25.9,0.58059704,1.090719561,0.081423712,0.529719362,04:53.5,6,good,12.06666667,2023-11-27,2023-11-27 12:11,-6.591463331,black,1
10,77886,28,9.7,0,23:38.2,0.501044953,1.006604913,0.064690279,0.612230419,04:29.2,6,good,12.06666667,2023-12-08,2023-12-08 12:23,-19.34590167,black,1
5,77891,12,0.1,9.6,00:48.5,0.587398797,0.787882254,0.066310914,0.264209341,04:36.9,7,good,12.06666667,2023-12-01,2023-12-01 12:16,-11.68418167,black,1
5,77891,14,9.7,0,18:26.3,0.554414366,0.881598256,0.072632522,0.454331622,04:37.7,7,good,12.06666667,2023-12-03,2023-12-03 12:18,-13.955415,black,1
5,77891,16,9.7,9.7,18:46.4,0.545544403,0.957344998,0.062873753,0.454604642,04:28.7,7,good,12.06666667,2023-12-05,2023-12-05 12:20,-16.28890667,black,1
7,77893,44,0,9.7,36:34.9,0.556394253,0.973050084,0.085564534,0.47005222,04:10.6,7,good,12.06666667,2024-01-05,2024-01-05 12:36,-32.489655,black,1
7,77893,50,0,9.7,27:03.3,0.610472894,1.026372216,0.101049904,0.555644994,04:21.0,7,good,12.06666667,2024-01-11,2024-01-11 12:35,-30.79944167,black,1
7,77903,78,9.7,0,36:31.2,0.477227256,1.211008704,0.088154818,0.740235738,04:16.9,8,good,12.06666667,2024-01-05,2024-01-05 12:36,-32.384315,black,1
3,90326,94,0,9.7,26:03.2,0.524210361,0.956683281,0.091872627,0.72076963,04:00.1,9,good,12.06666667,2025-01-24,2025-01-24 12:26,-22.14780333,black,1
9,90332,38,9.7,9.7,08:39.7,0.682467157,0.930527936,0.083607381,0.326240791,04:23.0,9,good,12.06666667,2024-11-27,2024-11-27 12:12,-8.017003334,black,1
9,90332,51,19.89,9.7,24:00.1,0.736577558,1.08241984,0.093750033,0.430822644,04:51.5,9,good,12.06666667,2024-12-10,2024-12-10 12:26,-21.54144,black,1
2,90335,40,0,9.7,07:30.7,0.554622223,0.783839405,0.082552654,0.560628835,04:42.1,10,good,12.06666667,2024-12-03,2024-12-03 12:19,-14.69766833,black,1
2,90335,97,0,38.89,21:02.3,0.488726932,1.072132189,0.091230294,0.840858531,04:48.6,10,good,12.06666667,2025-01-29,2025-01-29 12:21,-16.35738833,black,1
6,90349,45,0,0,35:52.7,0.408990353,1.126331727,0.083775675,0.892641475,04:46.8,11,good,12.06666667,2024-12-26,2024-12-26 12:35,-31.18640667,black,1
6,90349,47,0,9.7,36:25.1,0.477760878,1.311461264,0.093061167,0.99401725,04:01.6,11,good,12.06666667,2024-12-28,2024-12-28 12:36,-32.40693,black,1
6,90349,62,0,38.79,34:14.4,0.456539365,1.208958015,0.087505659,0.756601329,04:26.0,11,good,12.06666667,2025-01-12,2025-01-12 12:34,-29.99934833,black,1
6,90349,139,9.7,0,40:40.7,0.452010379,0.491256353,0.042130882,0.051993346,04:10.8,11,good,12.06666667,2025-03-30,2025-03-30 10:40,83.47934,black,1
4,68924,22,0,0,09:10.7,0.564535387,0.927778029,0.125424191,0.56018126,05:43.5,4,good,12.08333333,2022-11-25,2022-11-25 12:09,-3.55807,black,1
4,68924,36,7.3,0,24:56.9,0.629136572,1.083640599,0.12580687,0.62911836,05:26.3,4,good,12.08333333,2022-12-09,2022-12-09 12:25,-19.594715,black,1
4,68924,45,7.3,0,32:05.4,0.583383746,1.168048086,0.124987427,0.790434485,05:09.6,4,good,12.08333333,2022-12-18,2022-12-18 12:32,-26.973105,black,1
4,68924,87,0,7.3,21:34.4,0.571861787,1.102845775,0.173521258,0.588772919,05:42.8,4,good,12.08333333,2023-01-29,2023-01-29 12:21,-15.97036333,black,1
8,77874,67,9.7,0,36:37.4,0.589540677,1.124393713,0.120269774,0.61490178,05:21.3,5,good,12.08333333,2024-01-05,2024-01-05 12:36,-31.31176333,black,1
5,77881,50,0,9.7,34:23.5,0.64978244,1.372808359,0.112567091,0.565759335,05:03.8,6,good,12.08333333,2023-12-24,2023-12-24 12:35,-29.98708,black,1
3,77899,27,38.8,19.4,54:01.0,0.684816575,1.315767079,0.123916883,0.717849591,05:15.3,8,good,12.08333333,2023-11-14,2023-11-14 11:54,11.10534166,black,1
3,77899,79,0,9.7,35:25.2,0.655357941,1.212965292,0.123882942,0.662127967,05:06.9,8,good,12.08333333,2024-01-05,2024-01-05 12:36,-31.55240333,black,1
3,90326,49,0,9.7,26:20.6,0.522539642,1.425103293,0.103188363,0.947038624,05:05.8,9,good,12.08333333,2024-12-10,2024-12-10 12:26,-21.30307667,black,1
3,90326,97,9.7,0,23:13.9,0.454102782,1.028699337,0.103806003,0.694525776,05:13.3,9,good,12.08333333,2025-01-27,2025-01-27 12:23,-18.04526333,black,1
3,90326,114,0,9.7,01:31.9,0.376366039,1.262292992,0.050424827,1.045496816,05:30.1,9,good,12.08333333,2025-02-13,2025-02-13 12:01,3.835221668,black,1
3,90326,121,0,9.7,50:38.3,0.448908205,0.663665463,0.125637339,0.446000317,05:55.4,9,good,12.08333333,2025-02-20,2025-02-20 11:50,15.222855,black,1
2,90335,74,0,9.7,36:20.8,0.3501639,1.100719884,0.065426187,0.898615265,05:24.8,10,good,12.08333333,2025-01-06,2025-01-06 12:36,-30.986205,black,1
6,90349,31,9.7,9.7,28:04.0,0.799376271,0.94807777,0.143374602,0.38827593,05:51.5,11,good,12.08333333,2024-12-12,2024-12-12 12:28,-22.25799333,black,1
6,90349,46,0,9.7,36:04.1,0.389127539,1.358700842,0.087789682,0.974959605,05:56.3,11,good,12.08333333,2024-12-27,2024-12-27 12:36,-30.27754333,black,1
10,90353,75,9.7,9.7,46:59.1,0.629059953,1.050786263,0.090092244,0.437345791,05:57.4,11,good,12.08333333,2025-01-26,2025-01-26 12:24,-18.30983833,black,1
1,68906,88,0,7.3,27:57.2,0.747943766,1.208779811,0.119678053,0.405414466,06:01.0,1,good,12.1,2023-01-07,2023-01-07 12:36,-30.26626333,black,1
2,68907,74,2051.07,934.29,33:46.6,0.555530004,1.544614771,0.121391787,0.89771905,06:07.0,1,good,12.1,2022-12-21,2022-12-21 12:33,-27.70042667,black,1
2,68907,96,7.3,7.3,34:34.8,0.317652204,1.475908136,0.047784827,1.010984597,06:11.3,1,good,12.1,2023-01-12,2023-01-12 12:34,-28.44485333,black,1
2,68912,154,0,0,42:12.8,1.454059442,1.284841579,0.936525263,0.538139237,06:42.6,2,bad,12.1,2023-03-26,2023-03-26 10:49,77.44301,red,2
1,68921,46,14.6,7.3,31:21.6,1.807807153,1.006373469,0.589144408,0.439980938,06:37.2,4,bad,12.1,2022-12-18,2022-12-18 12:32,-25.51362167,red,2
4,68924,44,0,7.3,31:21.9,0.496523943,1.000105674,0.101597483,0.589155662,06:15.5,4,good,12.1,2022-12-17,2022-12-17 12:31,-25.224485,black,1
4,68924,48,0,7.3,33:46.9,0.451421088,1.246035958,0.085990114,0.732001391,06:58.4,4,good,12.1,2022-12-21,2022-12-21 12:33,-26.84367333,black,1
5,68925,60,0,7.3,36:16.8,0.63649425,1.521814482,0.10237321,1.007488468,06:11.2,4,good,12.1,2023-01-07,2023-01-07 12:36,-30.096935,black,1
4,77870,75,0,0,29:49.8,0.712686996,1.568530859,0.114990053,0.795419909,06:09.4,5,good,12.1,2024-01-11,2024-01-11 12:35,-28.99394333,black,1
10,77876,53,0,9.7,33:14.4,0.537501099,1.102626072,0.114802573,0.652319811,06:19.9,5,good,12.1,2023-12-23,2023-12-23 12:34,-28.30214667,black,1
10,77886,25,0,9.7,20:43.2,0.531560247,1.077018375,0.101222458,0.632478246,06:54.3,6,good,12.1,2023-12-05,2023-12-05 12:20,-13.86087667,black,1
10,77886,39,19.38,0.02,32:21.4,0.503041893,1.018116998,0.08391393,0.533649831,06:05.7,6,good,12.1,2023-12-19,2023-12-19 12:32,-26.48835,black,1
10,77886,42,0,0,32:31.5,0.426767607,1.106529155,0.077664701,0.64379083,06:54.6,6,good,12.1,2023-12-22,2023-12-22 12:34,-27.27330833,black,1
3,90326,50,0,9.7,27:14.2,0.314822026,1.519950907,0.063164467,0.984654398,06:08.9,9,good,12.1,2024-12-11,2024-12-11 12:27,-21.13486833,black,1
3,90326,65,0,0,35:55.8,0.482837113,1.092258987,0.068698044,0.901677523,06:07.0,9,good,12.1,2024-12-26,2024-12-26 12:35,-29.85008667,black,1
3,90326,100,0,67.9,19:55.7,0.458154751,0.98810795,0.070857749,0.817226954,06:26.3,9,good,12.1,2025-01-30,2025-01-30 12:20,-13.62892,black,1
3,90326,101,0,9.7,18:52.7,0.561814668,1.146668061,0.076383151,0.887778695,06:21.4,9,good,12.1,2025-01-31,2025-01-31 12:18,-12.57584,black,1
6,90329,2,9.7,9.7,06:49.9,0.580499677,0.851193165,0.090391061,0.156059228,06:05.0,9,good,12.1,2024-10-15,2024-10-15 11:13,52.54970167,black,1
2,90335,38,9.7,0,17:02.6,0.708766169,0.887208964,0.156484348,0.518694699,06:48.0,10,good,12.1,2024-12-01,2024-12-01 12:17,-10.36679,black,1
2,90335,87,0,9.7,30:13.9,0.432081825,1.055440458,0.107859185,0.767654738,06:53.7,10,good,12.1,2025-01-19,2025-01-19 12:30,-23.37143833,black,1
2,90335,91,0,9.7,27:00.4,0.372330195,1.091729484,0.083110149,0.916362462,06:54.2,10,good,12.1,2025-01-23,2025-01-23 12:27,-20.14633,black,1
2,90335,92,0,0,26:02.1,0.434614271,1.023324442,0.084566427,0.849395213,06:05.7,10,good,12.1,2025-01-24,2025-01-24 12:26,-20.05551,black,1
2,90335,96,0,9.7,21:40.7,0.430858728,0.976946835,0.089942104,0.731665933,06:35.4,10,good,12.1,2025-01-28,2025-01-28 12:22,-15.64366666,black,1
2,90335,98,0,67.89,19:54.5,0.445614736,0.939243505,0.083121834,0.793133051,06:25.8,10,good,12.1,2025-01-30,2025-01-30 12:20,-13.63665,black,1
6,90349,39,9.7,9.7,33:27.2,0.434356572,1.16093786,0.060529268,0.871418222,06:43.2,11,good,12.1,2024-12-20,2024-12-20 12:33,-26.83006,black,1
6,90349,71,9.7,0,28:39.7,0.391369365,1.333590128,0.090074361,1.051585286,06:56.3,11,good,12.1,2025-01-21,2025-01-21 12:28,-21.795735,black,1
10,90353,42,0,9.7,31:45.6,0.55144882,0.709603021,0.096346765,0.245204109,06:44.1,11,good,12.1,2024-12-24,2024-12-24 12:35,-28.59784,black,1
10,90353,60,0,9.7,09:02.6,0.596919372,0.91342593,0.084440224,0.312066692,06:03.6,11,good,12.1,2025-01-11,2025-01-11 12:34,-28.806225,black,1
10,90353,71,9.7,0,45:29.6,0.595696239,0.843132283,0.089898118,0.282564317,06:32.2,11,good,12.1,2025-01-22,2025-01-22 12:27,-21.37921333,black,1
10,90353,77,0,9.7,29:54.8,0.628091812,0.928805958,0.087358234,0.281237538,06:38.1,11,good,12.1,2025-01-28,2025-01-28 12:22,-15.59764,black,1
1,68906,66,0,7.3,30:34.3,0.696627541,1.277410206,0.111824053,0.694374848,07:47.0,1,good,12.11666667,2022-12-16,2022-12-16 12:30,-23.01722333,black,1
1,68906,101,7.3,0,29:46.1,0.698118788,1.286839785,0.097214974,0.570272397,07:20.7,1,good,12.11666667,2023-01-20,2023-01-20 12:29,-22.53793333,black,1
2,68907,72,43.79,36.5,32:40.6,0.435042549,1.462689292,0.109458014,0.89903324,07:19.6,1,good,12.11666667,2022-12-19,2022-12-19 12:32,-25.40704,black,1
4,68924,69,0,7.3,35:02.2,0.435274895,1.034487968,0.086709987,0.703538778,07:08.0,4,good,12.11666667,2023-01-11,2023-01-11 12:35,-27.91738667,black,1
4,68924,70,0,7.3,27:00.3,0.545579973,1.15889398,0.114932571,0.767221346,07:07.8,4,good,12.11666667,2023-01-12,2023-01-12 12:34,-27.50293167,black,1
4,68924,76,7.3,0,31:14.0,0.572824497,1.322077084,0.102839921,0.840039061,07:49.8,4,good,12.11666667,2023-01-18,2023-01-18 12:31,-23.486255,black,1
4,68924,78,0,0,29:45.8,0.714502817,1.183160804,0.237714631,0.72741856,07:42.0,4,good,12.11666667,2023-01-20,2023-01-20 12:29,-22.18346666,black,1
5,77881,128,0,9.7,16:27.4,1.080882991,1.452813241,0.447765907,0.654134669,07:37.3,6,bad,12.11666667,2024-03-11,2024-03-11 11:16,51.15476167,red,2
10,77886,36,9.7,9.7,30:34.3,0.605541887,1.069394989,0.081057295,0.533393653,07:52.0,6,good,12.11666667,2023-12-16,2023-12-16 12:30,-22.750375,black,1
10,77886,78,9.7,0,23:52.2,0.612813781,0.870001946,0.079489665,0.310970667,07:37.8,6,good,12.11666667,2024-01-27,2024-01-27 12:24,-16.36956167,black,1
7,77893,5,9.7,9.7,11:16.8,0.629663415,1.110869538,0.086777953,0.529424729,07:58.3,7,good,12.11666667,2023-11-27,2023-11-27 12:11,-3.510933332,black,1
3,90326,91,0,9.7,28:43.1,0.327353013,0.973345927,0.049077016,0.767647322,06:59.2,9,good,12.11666667,2025-01-21,2025-01-21 12:28,-21.74632833,black,1
2,90335,86,0,9.7,30:52.6,0.429623499,1.353502049,0.107520254,0.887111329,07:32.4,10,good,12.11666667,2025-01-18,2025-01-18 12:30,-23.443635,black,1
2,90335,88,0,9.7,29:25.5,0.445206826,0.929642915,0.083468385,0.68945409,07:03.5,10,good,12.11666667,2025-01-20,2025-01-20 12:29,-22.45771667,black,1
2,90335,89,0,0,28:37.2,0.465222625,1.154473866,0.098634772,0.858408065,07:42.5,10,good,12.11666667,2025-01-21,2025-01-21 12:28,-21.02548167,black,1
2,90335,93,9.7,0,25:14.0,0.475111159,1.057672271,0.08512206,0.783157101,07:23.4,10,good,12.11666667,2025-01-25,2025-01-25 12:25,-17.844025,black,1
6,90349,44,0,9.7,35:32.0,0.396735623,1.186881584,0.091702982,0.901426343,07:30.4,11,good,12.11666667,2024-12-25,2024-12-25 12:35,-28.16029167,black,1
6,90349,65,0,9.7,32:51.8,0.591518553,1.552264245,0.086070955,0.949806369,07:44.7,11,good,12.11666667,2025-01-15,2025-01-15 12:32,-25.137965,black,1
1,68906,93,7.3,0,34:32.0,0.705603179,1.313784328,0.095967078,0.653307862,08:13.0,1,good,12.13333333,2023-01-12,2023-01-12 12:34,-26.416185,black,1
2,68907,113,0,7.3,21:37.0,0.457977309,1.633755144,0.085957326,1.014041051,08:40.5,1,good,12.13333333,2023-01-29,2023-01-29 12:21,-13.00793333,black,1
4,68909,156,7.3,0,52:08.7,0.601882674,1.063769612,0.168024972,0.427094213,07:59.1,1,good,12.13333333,2023-03-18,2023-03-18 11:04,63.38562667,black,1
2,68917,79,7.3,0,34:08.3,0.519496734,1.393639525,0.095213435,0.982365083,08:40.1,3,good,12.13333333,2023-01-13,2023-01-13 12:34,-25.51455667,black,1
4,68924,25,7.3,7.3,12:56.4,0.662598911,1.044512797,0.093210777,0.576546251,08:30.9,4,good,12.13333333,2022-11-28,2022-11-28 12:13,-4.518315001,black,1
10,77886,32,9.7,9.7,26:44.1,0.630731748,1.060242769,0.117713735,0.597900389,08:23.7,6,good,12.13333333,2023-12-12,2023-12-12 12:27,-19.10465333,black,1
10,77886,43,0,9.7,34:09.0,0.530693578,0.927179328,0.111100179,0.473002659,08:32.1,6,good,12.13333333,2023-12-23,2023-12-23 12:34,-26.09826,black,1
10,77886,79,9.7,0,22:50.9,0.492358826,1.096583989,0.074048137,0.485571623,08:23.2,6,good,12.13333333,2024-01-28,2024-01-28 12:23,-14.61271667,black,1
2,77898,61,9.7,9.7,30:34.5,0.609429269,1.208566007,0.088181125,0.509565527,08:19.7,8,good,12.13333333,2023-12-17,2023-12-17 12:31,-22.988235,black,1
3,77899,67,0,9.7,31:36.7,0.604285469,1.432827197,0.103766229,0.861199073,08:54.2,8,good,12.13333333,2023-12-24,2023-12-24 12:35,-26.14599167,black,1
3,77899,80,0,9.7,36:31.1,0.588663358,1.305597529,0.122608201,0.756836638,08:09.2,8,good,12.13333333,2024-01-06,2024-01-06 12:36,-28.380625,black,1
3,90326,58,0,9.7,30:49.5,0.591974072,0.821719301,0.096255925,0.642001786,08:46.3,9,good,12.13333333,2024-12-19,2024-12-19 12:33,-24.24545667,black,1
3,90326,59,0,9.7,33:29.7,0.373141034,1.142074804,0.05941834,0.86276689,08:02.8,9,good,12.13333333,2024-12-20,2024-12-20 12:33,-25.50331333,black,1
3,90326,61,0,9.7,34:28.2,0.453190166,0.930986703,0.073852136,0.757791717,08:22.5,9,good,12.13333333,2024-12-22,2024-12-22 12:34,-26.15818834,black,1
3,90326,118,0,0,55:23.9,0.38361657,0.989570382,0.058767482,0.63976415,08:25.2,9,good,12.13333333,2025-02-17,2025-02-17 11:55,12.90306833,black,1
2,90335,32,0,9.7,09:45.6,0.769950354,0.766401035,0.126659049,0.417628859,08:05.0,10,bad,12.13333333,2024-11-25,2024-11-25 12:09,-1.816996666,red,2
2,90335,35,0,9.7,13:29.0,0.619408942,0.679644072,0.089051621,0.448365921,08:53.8,10,good,12.13333333,2024-11-28,2024-11-28 12:13,-4.720178334,black,1
2,90335,44,0,0,54:45.0,0.492630592,0.819533668,0.088055008,0.531117633,08:06.3,10,good,12.13333333,2024-12-07,2024-12-07 12:23,-15.47857333,black,1
2,90335,56,9.7,0,32:55.4,0.577023121,1.469028786,0.083065779,1.141630692,08:17.7,10,good,12.13333333,2024-12-19,2024-12-19 12:33,-24.72213833,black,1
2,90335,57,0,9.7,33:24.6,0.33084261,1.199669027,0.077959201,0.932159996,08:27.5,10,good,12.13333333,2024-12-20,2024-12-20 12:33,-25.092185,black,1
2,90335,58,9.7,0,34:03.5,0.564731451,0.944760677,0.072981313,0.764223194,08:08.2,10,good,12.13333333,2024-12-21,2024-12-21 12:34,-25.93022667,black,1
2,90335,90,0,9.7,27:48.8,0.402262062,1.176847107,0.095031626,0.91450417,08:31.1,10,good,12.13333333,2025-01-22,2025-01-22 12:27,-19.39844833,black,1
6,90349,26,9.7,9.7,23:34.5,0.552336829,0.681524052,0.090174077,0.230080896,08:38.4,11,good,12.13333333,2024-12-07,2024-12-07 12:23,-14.943295,black,1
10,90353,39,0,9.7,12:06.0,0.465441229,1.460122118,0.083789732,0.493943401,08:03.5,11,good,12.13333333,2024-12-21,2024-12-21 12:34,-26.00790833,black,1
2,68912,82,0,7.3,34:09.3,0.364066246,1.415170371,0.078876165,0.867885849,09:46.7,2,good,12.15,2023-01-13,2023-01-13 12:34,-24.40497833,black,1
2,68917,148,7.3,7.3,54:58.5,1.586866485,1.034684734,0.922957141,0.757885687,09:22.9,3,bad,12.15,2023-03-23,2023-03-23 10:55,74.36427667,red,2
8,77874,49,9.7,0,31:52.3,0.673302516,1.237250226,0.123052063,0.650621111,09:39.3,5,good,12.15,2023-12-18,2023-12-18 12:31,-22.31214667,black,1
10,77886,26,0,9.7,21:48.0,0.575733827,1.023732326,0.07773752,0.589965729,09:07.0,6,good,12.15,2023-12-06,2023-12-06 12:21,-12.69949333,black,1
10,77886,27,0,9.7,22:43.1,0.469938204,1.043448235,0.090632865,0.615031168,09:42.7,6,good,12.15,2023-12-07,2023-12-07 12:22,-13.12130667,black,1
10,77886,76,0,9.7,25:54.8,0.47560358,1.022503614,0.063842881,0.435814204,09:50.1,6,good,12.15,2024-01-25,2024-01-25 12:25,-16.08088167,black,1
10,77886,83,19.4,9.7,18:36.0,0.696670772,1.081840358,0.060835161,0.479912424,09:28.4,6,good,12.15,2024-02-01,2024-02-01 12:18,-9.160485001,black,1
2,77888,35,0,9.7,31:50.5,0.515867486,0.993828449,0.083078492,0.464100532,09:37.5,7,good,12.15,2023-12-18,2023-12-18 12:31,-22.34132,black,1
2,77898,134,3540.23,58.2,38:12.4,0.619178519,1.500605601,0.082991909,0.806207969,09:48.4,8,good,12.15,2024-02-28,2024-02-28 11:38,31.44062833,black,1
4,77900,87,0,9.7,31:06.9,0.73183369,1.559962978,0.140668343,0.892103437,09:22.9,8,good,12.15,2024-01-13,2024-01-13 12:34,-24.93552667,black,1
3,90326,81,0,9.7,34:50.3,0.384876971,1.082432323,0.064814252,0.787088614,09:33.0,9,good,12.15,2025-01-11,2025-01-11 12:34,-25.31643167,black,1
3,90326,84,0,0,33:18.6,0.428598492,1.273815648,0.105298955,0.781103286,09:57.7,9,good,12.15,2025-01-14,2025-01-14 12:33,-23.471825,black,1
3,90326,92,9.7,0,27:49.9,0.375515377,1.039938396,0.062003934,0.813737934,09:29.7,9,good,12.15,2025-01-22,2025-01-22 12:27,-18.42225167,black,1
2,90335,42,0,9.7,21:24.9,0.428056563,0.81136674,0.069200218,0.613641088,09:13.9,10,good,12.15,2024-12-05,2024-12-05 12:21,-12.318015,black,1
2,90335,62,0,0,35:31.2,0.326897166,1.177837172,0.088023293,0.826242283,09:35.9,10,good,12.15,2024-12-25,2024-12-25 12:35,-26.068815,black,1
2,90335,84,9.7,0,32:09.9,0.437100475,0.938384712,0.118657279,0.736391776,09:57.6,10,good,12.15,2025-01-16,2025-01-16 12:32,-22.32386667,black,1
10,90353,45,0,9.7,44:08.5,0.407570909,1.017913614,0.080156873,0.514625519,09:26.9,11,good,12.15,2024-12-27,2024-12-27 12:36,-26.76889,black,1
10,90353,64,9.7,9.7,18:11.4,0.570787106,0.85645691,0.065140688,0.293254199,09:31.2,11,good,12.15,2025-01-15,2025-01-15 12:32,-23.36261,black,1
10,90353,70,0,9.7,42:48.5,0.562396138,0.799935099,0.090394586,0.253371404,09:40.4,11,good,12.15,2025-01-21,2025-01-21 12:28,-19.06017167,black,1
2,68907,102,0,7.3,31:18.7,0.632361228,1.471139532,0.119105505,1.016617255,10:20.4,1,good,12.16666667,2023-01-18,2023-01-18 12:31,-20.97587167,black,1
2,68907,112,0,7.3,22:42.5,0.371686548,1.641420678,0.065190326,0.939105315,10:08.0,1,good,12.16666667,2023-01-28,2023-01-28 12:22,-12.600775,black,1
10,77886,37,0,9.7,31:10.0,0.458676104,1.025400046,0.075499119,0.562624019,10:14.4,6,good,12.16666667,2023-12-17,2023-12-17 12:31,-21.07732333,black,1
10,77886,41,9.7,0,33:32.8,0.41125884,1.037057081,0.077615471,0.471561439,10:40.8,6,good,12.16666667,2023-12-21,2023-12-21 12:33,-23.00371833,black,1
10,77886,46,0,9.7,35:36.8,0.425361805,0.824265002,0.074212858,0.513679594,10:19.3,6,good,12.16666667,2023-12-26,2023-12-26 12:35,-25.428865,black,1
10,77886,52,0,9.7,32:44.5,0.500759223,0.871085903,0.065189254,0.438494618,10:50.7,6,good,12.16666667,2024-01-01,2024-01-01 12:36,-25.98863667,black,1
10,77886,72,0,9.7,12:51.9,0.563558537,0.909480685,0.068833719,0.270872686,10:02.7,6,good,12.16666667,2024-01-21,2024-01-21 12:29,-19.27201333,black,1
10,77886,73,0,0,57:17.8,0.456656968,1.245895623,0.081352467,0.636721726,10:28.6,6,good,12.16666667,2024-01-22,2024-01-22 12:28,-18.056425,black,1
10,77886,81,0,9.7,20:48.3,0.386378883,1.108227552,0.066434943,0.502548878,10:52.2,6,good,12.16666667,2024-01-30,2024-01-30 12:20,-10.01320666,black,1
10,77886,84,0,9.7,17:25.0,0.498758175,1.071225447,0.081553668,0.548570339,10:04.1,6,good,12.16666667,2024-02-02,2024-02-02 12:17,-7.398804998,black,1
2,77888,61,0,9.7,34:05.0,0.666242162,1.203385535,0.122048485,0.57230627,10:24.8,7,good,12.16666667,2024-01-13,2024-01-13 12:34,-23.90396833,black,1
9,77895,119,0,9.7,11:03.7,1.581256274,0.787288778,0.805371452,0.493428792,10:49.7,7,bad,12.16666667,2024-02-07,2024-02-07 12:11,-0.370890001,red,2
7,77903,60,9.7,0,31:51.2,0.57223926,1.091721281,0.109028454,0.475649151,10:17.1,8,good,12.16666667,2023-12-18,2023-12-18 12:31,-21.68211167,black,1
2,90335,34,0,9.7,12:21.0,0.848253592,0.895993593,0.140714928,0.397851852,10:21.0,10,good,12.16666667,2024-11-27,2024-11-27 12:12,-2.050508332,black,1
2,90335,43,0,9.7,22:32.9,0.60836624,0.812708285,0.108826286,0.534982307,10:12.2,10,good,12.16666667,2024-12-06,2024-12-06 12:22,-12.37968833,black,1
2,90335,46,0,9.7,19:09.7,0.574138003,0.935494912,0.098478237,0.816226357,10:02.9,10,good,12.16666667,2024-12-09,2024-12-09 12:25,-15.43481167,black,1
2,90335,59,9.7,9.7,25:33.7,0.557149926,1.102620444,0.064001543,0.818814528,10:04.7,10,good,12.16666667,2024-12-22,2024-12-22 12:34,-24.45573334,black,1
6,90349,61,0,9.7,34:51.5,0.527402323,1.172970319,0.091448399,0.73209063,10:23.3,11,good,12.16666667,2025-01-11,2025-01-11 12:34,-24.47914667,black,1
6,90349,67,9.7,9.7,31:37.3,0.235068031,1.316094744,0.02128649,0.893303648,10:42.4,11,good,12.16666667,2025-01-17,2025-01-17 12:31,-20.94266167,black,1
10,90353,40,9.7,0,33:46.2,0.44921819,0.980576416,0.086060497,0.550940967,10:34.9,11,good,12.16666667,2024-12-22,2024-12-22 12:34,-23.95222667,black,1
10,90353,49,0,0,21:05.6,0.651903765,1.046844247,0.102127365,0.270733371,10:09.7,11,good,12.16666667,2024-12-31,2024-12-31 12:36,-26.65529333,black,1
10,90353,66,0,9.7,13:23.9,0.591111606,0.930023728,0.070544515,0.299715866,10:54.0,11,good,12.16666667,2025-01-17,2025-01-17 12:31,-20.749645,black,1
5,68915,147,7.3,7.3,58:40.3,0.628579249,1.322580648,0.153361753,0.629876326,11:07.9,2,good,12.18333333,2023-03-21,2023-03-21 10:58,72.281385,black,1
4,68924,23,7.3,7.3,10:30.7,0.702601685,1.163194269,0.10466524,0.57111766,11:33.7,4,good,12.18333333,2022-11-26,2022-11-26 12:10,1.011491668,black,1
4,68924,65,0,7.3,36:16.1,0.515228748,1.168272077,0.098251741,0.743960249,11:24.4,4,good,12.18333333,2023-01-07,2023-01-07 12:36,-24.87697333,black,1
10,77886,31,9.7,0,25:49.0,0.444309652,0.989741726,0.08363388,0.477609263,11:11.7,6,good,12.18333333,2023-12-11,2023-12-11 12:26,-15.43868,black,1
10,77886,40,9.7,0,33:06.8,0.461258824,1.043000147,0.076256813,0.561723885,11:22.7,6,good,12.18333333,2023-12-20,2023-12-20 12:33,-21.77198333,black,1
10,77886,74,0,9.7,27:28.2,0.545218227,0.904303247,0.083892626,0.316472146,11:14.0,6,good,12.18333333,2024-01-23,2024-01-23 12:27,-16.46685667,black,1
2,77898,123,0,9.7,56:25.1,0.930888292,1.117795015,0.399302994,0.602165654,11:54.7,8,good,12.18333333,2024-02-17,2024-02-17 11:56,15.22895166,black,1
5,77901,3,9.7,38.79,08:09.1,0.613626657,1.211524664,0.114159485,0.580284068,11:17.0,8,good,12.18333333,2023-10-21,2023-10-21 11:20,50.69958,black,1
3,90326,66,0,9.7,36:10.5,0.374272329,1.099766189,0.066782897,0.732337315,11:22.3,9,good,12.18333333,2024-12-27,2024-12-27 12:36,-24.84427333,black,1
3,90326,77,0,9.7,36:07.3,0.371508031,1.162549456,0.049622464,0.844762068,11:57.9,9,good,12.18333333,2025-01-07,2025-01-07 12:36,-24.200945,black,1
3,90326,82,0,9.7,34:16.4,0.423569751,0.94942154,0.079289208,0.670500944,11:15.0,9,good,12.18333333,2025-01-12,2025-01-12 12:34,-23.18374333,black,1
3,90326,90,0,9.7,29:26.6,0.570575577,0.925549158,0.071679162,0.745039797,11:25.8,9,good,12.18333333,2025-01-20,2025-01-20 12:29,-18.08698334,black,1
2,90335,83,0,9.7,32:48.5,0.504486112,1.157833811,0.094040511,0.904856216,11:44.1,10,good,12.18333333,2025-01-15,2025-01-15 12:32,-21.148505,black,1
5,90348,42,9.7,9.7,21:00.9,0.634435167,0.867807596,0.071646867,0.156380873,11:53.4,11,good,12.18333333,2024-12-18,2024-12-18 12:32,-20.54312667,black,1
6,90349,48,0,9.7,36:26.7,0.447512401,1.409400946,0.066536425,0.794482474,11:09.9,11,good,12.18333333,2024-12-29,2024-12-29 12:36,-25.43487333,black,1
6,90349,66,9.7,9.7,32:14.6,0.474291875,1.25360532,0.078993536,0.821706161,11:29.4,11,good,12.18333333,2025-01-16,2025-01-16 12:32,-20.79381167,black,1
10,90353,62,0,9.7,18:09.5,0.541960551,0.956906924,0.073116862,0.32920085,11:45.1,11,good,12.18333333,2025-01-13,2025-01-13 12:33,-22.19902333,black,1
10,90353,69,9.7,0,22:56.0,0.50698093,1.008333919,0.082199999,0.202816041,11:50.3,11,good,12.18333333,2025-01-20,2025-01-20 12:29,-17.67791833,black,1
4,77870,77,0,9.7,33:16.6,0.648310202,1.481284726,0.083004361,0.683545146,12:21.0,5,good,12.2,2024-01-13,2024-01-13 12:34,-21.96706333,black,1
8,77874,75,9.7,9.7,34:03.6,0.784979071,1.350653766,0.168362815,0.687088291,12:00.4,5,good,12.2,2024-01-13,2024-01-13 12:34,-22.31076667,black,1
10,77876,66,29.1,9.7,34:17.0,0.661337332,1.050780839,0.094721472,0.526523086,12:13.4,5,good,12.2,2024-01-05,2024-01-05 12:36,-24.44286833,black,1
10,77876,74,48.49,19.4,30:21.9,0.826102349,1.23644756,0.153331593,0.644654362,12:20.8,5,good,12.2,2024-01-13,2024-01-13 12:34,-21.96969666,black,1
10,77886,45,0,9.6,35:20.4,0.448046145,0.94128379,0.068714954,0.471917808,12:28.4,6,good,12.2,2023-12-25,2023-12-25 12:35,-22.94318667,black,1
3,90326,64,0,0,35:31.7,0.281231871,0.848457603,0.037285534,0.619522044,12:40.0,9,good,12.2,2024-12-25,2024-12-25 12:35,-23.00058667,black,1
3,90326,67,0,9.7,36:25.2,0.438511396,0.973351899,0.097500391,0.762713429,12:06.1,9,good,12.2,2024-12-28,2024-12-28 12:36,-24.33135,black,1
3,90326,68,0,9.7,36:30.2,0.346687121,1.07454523,0.07205992,0.781270734,12:11.1,9,good,12.2,2024-12-29,2024-12-29 12:36,-24.41488,black,1
3,90326,78,9.7,0,35:52.9,0.474259621,1.114662701,0.094056539,0.83341182,12:02.9,9,good,12.2,2025-01-08,2025-01-08 12:35,-23.85109667,black,1
3,90326,89,0,9.7,30:10.1,0.49183711,1.113123281,0.098381216,0.863807909,12:28.7,9,good,12.2,2025-01-19,2025-01-19 12:30,-17.78818333,black,1
2,90335,49,9.7,9.7,28:03.4,0.688006518,0.991878936,0.096104518,0.5720294,12:19.0,10,good,12.2,2024-12-12,2024-12-12 12:28,-15.79960334,black,1
2,90335,52,0,9.7,30:00.1,0.437161979,0.780847882,0.070694851,0.624557974,12:29.1,10,good,12.2,2024-12-15,2024-12-15 12:30,-17.94837,black,1
2,90335,53,0,9.7,30:58.5,0.364228816,0.954344178,0.060295573,0.80292226,12:09.8,10,good,12.2,2024-12-16,2024-12-16 12:31,-18.96952167,black,1
2,90335,66,9.7,0,36:29.5,0.540085987,1.201060305,0.088337205,0.801988693,12:01.5,10,good,12.2,2024-12-29,2024-12-29 12:36,-24.57538,black,1
2,90335,85,9.7,0,31:31.2,0.430635737,1.12643071,0.095545088,0.913569512,12:52.3,10,good,12.2,2025-01-17,2025-01-17 12:31,-18.77870833,black,1
6,90349,42,9.7,0,34:49.9,0.503846042,1.136532417,0.075959773,0.937467918,12:27.6,11,good,12.2,2024-12-23,2024-12-23 12:34,-22.490115,black,1
6,90349,56,0,9.7,36:20.4,0.32661656,1.115786346,0.045864033,0.939367995,12:30.9,11,good,12.2,2025-01-06,2025-01-06 12:36,-23.88549833,black,1
10,90353,73,0,9.7,17:04.4,0.565359914,1.282412303,0.084767005,0.825397632,12:13.5,11,good,12.2,2025-01-24,2025-01-24 12:26,-13.92459667,black,1
1,68906,68,7.3,160.58,32:03.5,0.606721188,1.318095293,0.096315228,0.726037095,13:09.8,1,good,12.21666667,2022-12-18,2022-12-18 12:32,-18.97012833,black,1
3,68918,2,0,7.3,08:19.3,0.845492426,1.81383527,0.431013405,1.030110203,13:14.4,3,good,12.21666667,2022-10-29,2022-10-29 11:31,41.27279167,black,1
4,68924,71,0,7.3,16:17.8,0.523062551,1.155972068,0.117586394,0.696182224,13:19.9,4,good,12.21666667,2023-01-13,2023-01-13 12:34,-20.85189167,black,1
10,77886,53,9.7,0,36:05.0,0.539017443,1.117636406,0.084839952,0.526602378,13:13.0,6,good,12.21666667,2024-01-02,2024-01-02 12:36,-23.63271333,black,1
10,77886,56,0,9.7,26:13.8,0.454959573,0.878761019,0.108389771,0.422784271,13:32.8,6,good,12.21666667,2024-01-05,2024-01-05 12:36,-23.11953667,black,1
10,77886,65,9.7,9.7,32:57.1,0.359667383,1.005727251,0.052775297,0.453335228,13:38.5,6,good,12.21666667,2024-01-14,2024-01-14 12:33,-20.19173834,black,1
10,77886,70,0,9.7,23:28.7,0.557687705,0.89673444,0.07702435,0.255131192,13:42.3,6,good,12.21666667,2024-01-19,2024-01-19 12:30,-17.09427167,black,1
6,77892,2,0,9.7,03:36.1,0.527413862,0.274701589,0.340055094,0.039360671,13:52.3,7,bad,12.21666667,2023-11-21,2023-11-21 12:03,10.13754333,red,2
7,77903,86,9.7,0,33:06.2,0.656001624,1.328141373,0.104795306,0.791393502,13:57.5,8,good,12.21666667,2024-01-13,2024-01-13 12:34,-20.35787834,black,1
3,90326,74,0,9.7,36:40.9,0.534666783,1.029857174,0.104471893,0.897322019,13:49.1,9,good,12.21666667,2025-01-04,2025-01-04 12:36,-22.88169167,black,1
3,90326,83,0,9.7,33:52.4,0.448276925,1.110941811,0.077880014,0.897218884,13:35.8,9,good,12.21666667,2025-01-13,2025-01-13 12:33,-20.35391,black,1
3,90326,85,0,9.7,32:44.7,0.442157255,1.260046493,0.074367187,0.943752055,13:26.3,9,good,12.21666667,2025-01-15,2025-01-15 12:32,-19.444455,black,1
3,90326,87,0,9.7,31:37.1,0.499720348,1.364441586,0.077138265,0.885557934,13:26.6,9,good,12.21666667,2025-01-17,2025-01-17 12:31,-18.20673667,black,1
2,90335,41,9.7,0,20:16.9,0.481987066,0.798182896,0.076282137,0.680160709,13:06.6,10,good,12.21666667,2024-12-04,2024-12-04 12:20,-7.374109999,black,1
2,90335,51,9.7,0,29:40.6,0.420384709,0.930271867,0.062972792,0.731467031,13:17.5,10,good,12.21666667,2024-12-14,2024-12-14 12:29,-16.40905333,black,1
2,90335,55,0,9.7,31:56.8,0.433501935,0.764602025,0.087969215,0.395614392,13:17.9,10,good,12.21666667,2024-12-18,2024-12-18 12:32,-19.135015,black,1
2,90335,60,9.7,0,34:52.2,0.54177498,1.046917384,0.073590973,0.8123173,13:09.1,10,good,12.21666667,2024-12-23,2024-12-23 12:34,-21.79915833,black,1
2,90335,63,0,9.7,35:50.4,0.390682283,1.127313664,0.08857548,0.859183681,13:57.5,10,good,12.21666667,2024-12-26,2024-12-26 12:35,-22.00809333,black,1
2,90335,64,9.7,9.7,36:09.9,0.405645919,1.113217887,0.099493883,0.773727088,13:38.2,10,good,12.21666667,2024-12-27,2024-12-27 12:36,-22.57946333,black,1
6,90349,64,0,0,33:19.3,0.519203434,1.459762286,0.07916562,0.980719654,13:22.6,11,good,12.21666667,2025-01-14,2025-01-14 12:33,-20.05656166,black,1
10,90353,46,0,9.7,35:48.3,0.548132545,0.896246691,0.091074766,0.359364391,13:06.1,11,good,12.21666667,2024-12-28,2024-12-28 12:36,-23.33187,black,1
1,68906,94,7.3,7.3,33:45.4,0.707681645,1.273732652,0.104225775,0.603133187,14:44.4,1,good,12.23333333,2023-01-13,2023-01-13 12:34,-19.44405333,black,1
2,68907,97,7.3,7.3,34:05.8,0.599258961,1.598570635,0.108507769,1.000522849,14:49.8,1,good,12.23333333,2023-01-13,2023-01-13 12:34,-19.35360334,black,1
2,68917,2,0,7.3,30:31.1,0.686940434,0.922579159,0.115825547,0.538452349,14:30.7,3,good,12.23333333,2022-10-28,2022-10-28 11:30,43.92806667,black,1
4,68919,136,0,7.3,10:18.0,1.166092914,1.755736319,0.631274063,0.90985521,14:29.4,3,bad,12.23333333,2023-03-15,2023-03-15 11:10,64.17307167,red,2
3,77869,22,9.7,0,00:57.1,0.366544427,0.507301619,0.038386229,0.081141427,14:56.3,5,good,12.23333333,2023-11-19,2023-11-19 12:01,13.90496833,black,1
10,77886,33,0,9.7,24:54.4,0.50403978,1.10322304,0.068406198,0.586456653,14:09.8,6,good,12.23333333,2023-12-13,2023-12-13 12:28,-14.16969,black,1
10,77886,51,9.7,9.7,36:38.9,0.463074834,0.96202776,0.068331548,0.537358074,14:16.1,6,good,12.23333333,2023-12-31,2023-12-31 12:36,-22.48245667,black,1
10,77886,66,0,9.7,33:13.4,0.566152996,0.868929969,0.090075809,0.393901945,14:14.2,6,good,12.23333333,2024-01-15,2024-01-15 12:33,-19.06344167,black,1
3,90326,62,0,9.7,34:52.6,0.384986919,0.931141609,0.061946,0.619011426,14:26.4,9,good,12.23333333,2024-12-23,2024-12-23 12:34,-20.510815,black,1
3,90326,80,0,9.7,35:14.4,0.569113458,0.735758974,0.104010801,0.455951306,14:57.8,9,good,12.23333333,2025-01-10,2025-01-10 12:35,-20.28704333,black,1
2,90335,47,0,0,26:16.5,0.407996149,1.034438392,0.066789644,0.771956152,14:05.5,10,good,12.23333333,2024-12-10,2024-12-10 12:26,-12.30846666,black,1
2,90335,65,0,9.7,36:19.7,0.387950788,0.912803675,0.098613807,0.701884502,14:55.9,10,good,12.23333333,2024-12-28,2024-12-28 12:36,-21.50122833,black,1
6,90349,28,0,9.7,25:24.3,0.37211223,0.813991776,0.065825896,0.360998277,14:20.9,11,good,12.23333333,2024-12-09,2024-12-09 12:25,-11.134245,black,1
6,90349,43,9.7,9.7,35:11.0,0.438677219,0.925306343,0.062925032,0.67185896,14:54.9,11,good,12.23333333,2024-12-24,2024-12-24 12:35,-20.41812167,black,1
6,90349,60,0,0,35:09.3,0.667073769,0.991932816,0.098977593,0.721687673,14:53.2,11,good,12.23333333,2025-01-10,2025-01-10 12:35,-20.36377667,black,1
10,90353,41,0,9.7,31:55.6,0.434732232,1.132836475,0.080632175,0.486094679,14:23.8,11,good,12.23333333,2024-12-23,2024-12-23 12:34,-20.55325833,black,1
10,90353,43,0,9.7,35:21.3,0.473571232,0.945750254,0.073303866,0.505190192,14:16.1,11,good,12.23333333,2024-12-25,2024-12-25 12:35,-21.39804833,black,1
10,90353,61,0,9.7,34:21.4,0.604414395,0.758832309,0.089331786,0.257914151,14:33.8,11,good,12.23333333,2025-01-12,2025-01-12 12:34,-19.86989834,black,1
3,68918,1,0,7.3,16:49.5,1.072407046,0.650353294,0.60654062,0.35000093,15:24.9,3,bad,12.25,2022-10-28,2022-10-28 11:30,44.83146833,red,2
5,77881,40,0,9.7,29:07.9,0.719279649,1.381266016,0.145438608,0.682338655,14:59.8,6,good,12.25,2023-12-14,2023-12-14 12:29,-14.137165,black,1
10,77886,44,0,9.7,24:33.7,0.446961745,0.968158522,0.072666725,0.525163474,15:06.7,6,good,12.25,2023-12-24,2023-12-24 12:35,-19.93888,black,1
3,90326,69,0,0,36:35.2,0.4000318,1.504759727,0.055221263,0.985834712,15:49.5,9,good,12.25,2024-12-30,2024-12-30 12:36,-20.90793167,black,1
3,90326,75,0,0,36:26.4,0.388497068,1.027362823,0.068324029,0.923450174,15:40.8,9,good,12.25,2025-01-05,2025-01-05 12:36,-20.88734167,black,1
3,90326,79,96.91,0,35:28.8,0.495797452,1.010947976,0.076926022,0.695525984,15:12.0,9,good,12.25,2025-01-09,2025-01-09 12:35,-20.40058333,black,1
2,90335,61,0,0,35:11.7,0.437073902,0.928998169,0.1276034,0.742942529,15:54.0,10,good,12.25,2024-12-24,2024-12-24 12:35,-19.43376,black,1
2,90335,80,9.7,9.7,34:25.1,0.540314678,1.133923574,0.090881822,0.866206563,15:46.2,10,good,12.25,2025-01-12,2025-01-12 12:34,-18.66342,black,1
2,90335,82,0,9.7,33:17.4,0.542331844,1.167191151,0.116889583,0.784852585,15:36.7,10,good,12.25,2025-01-14,2025-01-14 12:33,-17.82172833,black,1
2,90345,72,19.4,9.7,33:48.7,1.549700005,1.174427337,0.851112222,0.607120612,15:37.8,11,bad,12.25,2025-01-13,2025-01-13 12:33,-18.31955,red,2
6,90349,63,0,9.7,33:56.5,0.521555331,1.263689785,0.093543956,0.925568926,15:46.5,11,good,12.25,2025-01-13,2025-01-13 12:33,-18.174755,black,1
2,68907,73,7.3,197.08,32:48.1,0.666229158,1.475964094,0.157963498,0.899152432,16:41.8,1,good,12.26666667,2022-12-20,2022-12-20 12:33,-16.6031,black,1
1,68911,54,14.6,7.3,23:21.2,0.687616631,1.087711909,0.082298061,0.404459578,16:00.7,2,good,12.26666667,2022-12-09,2022-12-09 12:25,-9.022210002,black,1
10,77876,75,9.7,9.7,33:42.9,0.71479886,1.193244816,0.100705564,0.626982459,16:01.2,5,good,12.26666667,2024-01-14,2024-01-14 12:33,-17.813695,black,1
10,77886,47,19.4,0,35:53.1,0.517146287,1.073723049,0.079011168,0.59843626,16:05.4,6,good,12.26666667,2023-12-27,2023-12-27 12:36,-19.94335334,black,1
10,77886,50,0,9.7,36:36.7,0.514314548,1.137886891,0.090088777,0.660399751,16:00.5,6,good,12.26666667,2023-12-30,2023-12-30 12:36,-20.62457167,black,1
10,77886,68,9.7,96.99,30:51.4,0.589983037,0.771507915,0.06628872,0.198359708,16:33.5,6,good,12.26666667,2024-01-17,2024-01-17 12:32,-15.57539167,black,1
10,77886,69,0,9.7,31:27.1,0.545158489,0.841780457,0.080591785,0.222945049,16:49.7,6,good,12.26666667,2024-01-18,2024-01-18 12:31,-14.65429833,black,1
10,77886,75,9.7,19.4,21:45.7,0.602324135,0.936084257,0.070919973,0.322344529,16:21.2,6,good,12.26666667,2024-01-24,2024-01-24 12:26,-10.46303333,black,1
2,77898,106,9.7,281.33,19:39.0,0.59592972,1.465655966,0.068585839,0.851708039,16:46.7,8,good,12.26666667,2024-01-31,2024-01-31 12:19,-3.005675002,black,1
3,90326,63,0,9.7,35:17.0,0.448607728,0.949197004,0.093091364,0.836862988,16:08.3,9,good,12.26666667,2024-12-24,2024-12-24 12:35,-19.194705,black,1
3,90326,70,0,9.7,36:40.3,0.538816465,1.086900718,0.085903689,0.843954483,16:14.0,9,good,12.26666667,2024-12-31,2024-12-31 12:36,-20.583795,black,1
3,90326,88,0,9.7,30:53.6,0.440387747,0.998251365,0.050414393,0.569462143,16:06.8,9,good,12.26666667,2025-01-18,2025-01-18 12:30,-14.87046333,black,1
2,90335,69,9.7,0,36:49.2,0.461300704,1.117322526,0.114189221,0.787688798,16:52.7,10,good,12.26666667,2025-01-01,2025-01-01 12:36,-19.971485,black,1
6,90349,54,0,9.7,36:36.4,0.413752679,1.134626218,0.075671011,0.891931402,16:39.7,11,good,12.26666667,2025-01-04,2025-01-04 12:36,-20.03890833,black,1
6,90349,55,9.7,0,36:18.7,0.328784237,1.37992299,0.046553694,1.13420315,16:51.0,11,good,12.26666667,2025-01-05,2025-01-05 12:36,-19.716335,black,1
10,90353,47,0,9.7,15:14.5,0.596528187,0.997204346,0.101565497,0.501423359,16:45.3,11,good,12.26666667,2024-12-29,2024-12-29 12:36,-19.84497333,black,1
10,90353,63,9.7,9.7,26:14.1,0.663385281,0.843495376,0.101841035,0.379650968,16:51.6,11,good,12.26666667,2025-01-14,2025-01-14 12:33,-16.57413833,black,1
2,68907,91,0,7.3,36:15.8,0.51533498,1.442029841,0.096304422,0.940551055,17:21.7,1,good,12.28333333,2023-01-07,2023-01-07 12:36,-18.921915,black,1
4,68924,75,7.3,0,31:50.7,0.593210558,1.039665911,0.114304881,0.711490798,17:12.1,4,good,12.28333333,2023-01-17,2023-01-17 12:31,-14.76463667,black,1
5,77881,70,9.7,0,33:26.5,0.725947618,1.598850851,0.142003853,0.969308937,17:22.0,6,good,12.28333333,2024-01-13,2024-01-13 12:34,-16.94934667,black,1
10,77886,77,0,9.7,57:05.3,0.562478976,0.868967192,0.075801246,0.340996409,17:22.9,6,good,12.28333333,2024-01-26,2024-01-26 12:24,-7.602216665,black,1
2,77898,121,0,9.7,59:43.4,0.8570817,1.190461727,0.388720489,0.594975135,17:40.2,8,good,12.28333333,2024-02-15,2024-02-15 11:59,17.902835,black,1
7,77903,2,0,698.3,57:22.0,0.706184169,1.138384604,0.102333796,0.676457586,17:08.9,8,good,12.28333333,2023-10-21,2023-10-21 11:20,56.56536667,black,1
7,77903,110,0,9.7,12:21.5,0.798069767,1.155316143,0.292966552,0.654021255,17:17.9,8,good,12.28333333,2024-02-06,2024-02-06 12:12,4.79916,black,1
2,90335,67,0,9.7,36:39.3,0.638220376,0.796743548,0.107733038,0.43627574,17:50.7,10,good,12.28333333,2024-12-30,2024-12-30 12:36,-18.88808333,black,1
2,90335,81,9.7,9.7,33:56.1,0.391275988,1.055320389,0.0822637,0.80543338,17:33.0,10,good,12.28333333,2025-01-13,2025-01-13 12:33,-16.400335,black,1
6,90349,29,0,9.7,26:24.0,0.612499596,0.904895152,0.097969435,0.491480433,17:36.5,11,good,12.28333333,2024-12-10,2024-12-10 12:26,-8.792385002,black,1
6,90349,58,0,9.7,35:44.8,0.6497597,1.456245808,0.093261645,1.084711115,17:05.7,11,good,12.28333333,2025-01-08,2025-01-08 12:35,-18.80545333,black,1
10,90353,29,0,9.7,22:44.9,0.572472477,0.992888974,0.102901289,0.407910661,17:34.5,11,good,12.28333333,2024-12-11,2024-12-11 12:27,-9.707693334,black,1
10,90353,54,0,9.7,07:09.9,0.483205438,0.895277676,0.08354558,0.316265063,17:55.4,11,good,12.28333333,2025-01-05,2025-01-05 12:36,-18.64351,black,1
2,68912,34,0,0,10:09.7,0.789216781,1.644163714,0.182602607,0.882338959,18:01.4,2,good,12.3,2022-11-26,2022-11-26 12:10,7.472758333,black,1
4,68919,47,0,0,30:44.0,0.734270522,1.434063152,0.223260444,0.933370989,18:46.2,3,good,12.3,2022-12-16,2022-12-16 12:30,-12.02972,black,1
4,77870,51,0,9.7,31:57.5,0.685216549,1.412222621,0.138389951,0.727932866,18:18.4,5,good,12.3,2023-12-18,2023-12-18 12:31,-13.66044,black,1
10,77876,48,9.7,9.7,31:50.8,0.534967942,1.306535965,0.101576236,0.650678097,18:50.3,5,good,12.3,2023-12-18,2023-12-18 12:31,-13.127805,black,1
5,77881,136,6343.18,378.26,01:08.9,0.662450859,1.324011673,0.088724095,0.66588328,18:30.0,6,good,12.3,2024-03-19,2024-03-19 11:01,77.23288,black,1
9,77895,63,38.79,0,16:46.8,0.644555727,1.143173684,0.091165792,0.410562817,18:45.0,7,good,12.3,2023-12-13,2023-12-13 12:28,-9.583141669,black,1
9,77895,153,0,9.7,14:34.6,0.765536745,0.988301187,0.162149579,0.376219373,18:21.0,7,good,12.3,2024-03-12,2024-03-12 11:14,63.76664,black,1
2,90335,68,0,9.7,36:39.4,0.553187114,1.147288411,0.091255445,0.808693931,18:10.2,10,good,12.3,2024-12-31,2024-12-31 12:36,-18.64674333,black,1
2,90335,76,0,9.7,35:52.0,0.484493165,1.047796964,0.096207258,0.803209322,18:40.4,10,good,12.3,2025-01-08,2025-01-08 12:35,-17.227495,black,1
5,90348,32,0,9.7,24:24.6,0.642053541,0.852854384,0.082844414,0.228328654,18:11.7,11,good,12.3,2024-12-08,2024-12-08 12:24,-6.354383334,black,1
5,90348,62,0,2385.88,22:46.8,0.595937341,0.851819842,0.070685773,0.218771528,18:30.3,11,good,12.3,2025-01-07,2025-01-07 12:36,-17.66176833,black,1
6,90349,30,9.7,0,12:12.1,0.63206342,0.746048732,0.072286786,0.235970147,18:16.6,11,good,12.3,2024-12-11,2024-12-11 12:27,-9.006528334,black,1
10,90353,51,9.7,0,01:51.7,0.928714454,1.200409966,0.166812458,0.342795019,18:36.0,11,good,12.3,2025-01-02,2025-01-02 12:36,-18.24936,black,1
10,90353,56,9.7,0,57:30.0,0.574176065,1.039257784,0.093180558,0.40796342,18:45.9,11,good,12.3,2025-01-07,2025-01-07 12:36,-17.40204833,black,1
1,68906,161,0,7.3,58:49.1,1.354933355,0.988834643,0.831064892,0.423844621,19:33.2,1,bad,12.31666667,2023-03-21,2023-03-21 10:58,80.70361833,red,2
2,68907,170,7.3,0,47:17.1,0.637372658,0.415903108,0.100444233,0.035422021,19:41.7,1,bad,12.31666667,2023-03-27,2023-03-27 10:47,92.34451167,red,2
2,68912,134,0,7.3,27:05.1,1.461566745,1.019039551,0.674912107,0.410831275,19:56.8,2,bad,12.31666667,2023-03-06,2023-03-06 11:27,52.813635,red,2
1,68921,25,7.2,0.1,09:47.1,0.695164582,1.123290298,0.35995568,0.635574297,19:50.2,4,good,12.31666667,2022-11-27,2022-11-27 12:11,8.0363,black,1
4,68924,33,0,7.3,22:02.3,0.55793455,1.034213349,0.096635194,0.558991075,19:19.0,4,good,12.31666667,2022-12-06,2022-12-06 12:22,-2.766723335,black,1
4,68924,43,0,7.3,30:45.6,0.727812357,1.260836923,0.2383145,0.704614267,19:24.1,4,good,12.31666667,2022-12-16,2022-12-16 12:30,-11.39898,black,1
4,68924,47,7.3,0,33:17.9,0.577792495,1.066422518,0.147152646,0.653906054,19:15.8,4,good,12.31666667,2022-12-20,2022-12-20 12:33,-14.036055,black,1
5,77881,44,0,9.7,31:54.8,0.735378594,1.389238726,0.142118868,0.784678715,19:43.1,6,good,12.31666667,2023-12-18,2023-12-18 12:31,-12.247565,black,1
3,90326,54,9.7,0,30:19.2,0.419132147,0.724118009,0.081395613,0.523610853,19:34.9,9,good,12.31666667,2024-12-15,2024-12-15 12:30,-10.852275,black,1
3,90326,55,9.7,0,31:03.1,0.366097993,0.750406089,0.065809606,0.662853885,19:49.6,9,good,12.31666667,2024-12-16,2024-12-16 12:31,-11.3066,black,1
3,90326,57,0,9.7,32:21.1,0.378738424,1.137060923,0.063806785,0.865002057,19:40.4,9,good,12.31666667,2024-12-18,2024-12-18 12:32,-12.76025833,black,1
3,90326,60,9.7,0,34:03.9,0.573495455,1.02377462,0.122250602,0.866828622,19:36.4,9,good,12.31666667,2024-12-21,2024-12-21 12:34,-14.45977667,black,1
3,90326,72,0,9.7,36:50.3,0.888380907,1.174822151,0.19399623,0.732437599,19:47.7,9,good,12.31666667,2025-01-02,2025-01-02 12:36,-17.055275,black,1
3,90326,96,0,0,24:07.3,0.43951146,1.201028507,0.065271134,0.775521902,19:50.8,9,good,12.31666667,2025-01-26,2025-01-26 12:24,-4.419261666,black,1
2,90335,73,0,9.7,36:30.4,0.519560941,0.968709262,0.103306566,0.840538014,19:09.0,10,good,12.31666667,2025-01-05,2025-01-05 12:36,-17.41647,black,1
2,90335,77,0,9.7,35:32.7,0.494649199,1.057031657,0.101810419,0.754314394,19:28.8,10,good,12.31666667,2025-01-09,2025-01-09 12:35,-16.12005666,black,1
10,90353,50,0,9.7,31:06.7,0.551820817,0.929307382,0.097804092,0.356835234,19:38.1,11,good,12.31666667,2025-01-01,2025-01-01 12:36,-17.21550666,black,1
10,77886,30,9.6,0.1,25:42.4,0.391456835,1.10282229,0.061762621,0.60472703,20:27.5,6,good,12.33333333,2023-12-10,2023-12-10 12:25,-5.275173334,black,1
10,77886,49,0,9.7,36:20.4,0.431489917,1.215732527,0.079305435,0.769484846,20:21.1,6,good,12.33333333,2023-12-29,2023-12-29 12:36,-16.13151167,black,1
10,77886,67,0,9.7,32:41.2,0.42634153,1.002009521,0.084354824,0.467584407,20:19.7,6,good,12.33333333,2024-01-16,2024-01-16 12:32,-12.40556667,black,1
9,77895,141,0,9.7,36:29.2,0.876939846,1.19455747,0.407424435,0.504902415,20:13.0,7,good,12.33333333,2024-02-29,2024-02-29 11:36,43.61616667,black,1
3,77899,60,9.7,9.7,31:12.3,0.576659334,1.190653542,0.094588822,0.416586664,20:47.0,8,good,12.33333333,2023-12-17,2023-12-17 12:31,-10.53330834,black,1
3,90326,73,0,9.7,36:45.6,0.619713937,1.392982557,0.09933589,0.857419613,20:50.9,9,good,12.33333333,2025-01-03,2025-01-03 12:36,-15.952325,black,1
3,90326,76,0,9.7,36:21.7,0.35316212,1.193546523,0.070607354,0.976566477,20:17.3,9,good,12.33333333,2025-01-06,2025-01-06 12:36,-16.111725,black,1
2,90335,33,0,9.7,11:03.3,0.534296665,0.657043465,0.080217458,0.380938884,20:41.5,10,good,12.33333333,2024-11-26,2024-11-26 12:11,9.525466669,black,1
2,90335,70,9.7,0,36:49.4,0.64202785,1.169535959,0.110073867,0.71127363,20:26.2,10,good,12.33333333,2025-01-02,2025-01-02 12:36,-16.41333833,black,1
2,90335,79,0,9.7,34:44.4,0.460609877,0.965497928,0.078777919,0.663816364,20:37.0,10,good,12.33333333,2025-01-11,2025-01-11 12:34,-14.24976,black,1
6,90349,52,9.7,0,36:42.8,0.68941961,1.308177235,0.105278671,0.838172003,20:19.5,11,good,12.33333333,2025-01-02,2025-01-02 12:36,-16.52528,black,1
6,90349,57,0,9.7,36:02.6,0.382072707,1.105075591,0.052945939,0.787340053,20:37.4,11,good,12.33333333,2025-01-07,2025-01-07 12:36,-15.543155,black,1
2,68917,163,0,7.3,26:28.6,1.22634569,1.60733531,0.740671618,0.889861694,21:45.5,3,bad,12.35,2023-04-07,2023-04-07 10:26,115.2083617,red,2
4,68924,26,7.3,14.6,14:09.2,0.665477671,1.071833933,0.090006393,0.584868638,21:02.5,4,good,12.35,2022-11-29,2022-11-29 12:14,6.792253335,black,1
4,68924,41,7.3,0,29:18.4,0.581742456,1.189530908,0.127318995,0.772503264,21:43.2,4,good,12.35,2022-12-14,2022-12-14 12:29,-7.613383333,black,1
10,77886,58,0,9.7,36:18.6,0.496262124,1.072136177,0.09113545,0.518527766,21:41.2,6,good,12.35,2024-01-07,2024-01-07 12:36,-14.645885,black,1
10,77886,59,0,9.7,35:07.6,0.333596502,0.943532141,0.090265135,0.512360672,21:28.4,6,good,12.35,2024-01-08,2024-01-08 12:36,-14.62636667,black,1
8,77904,17,0,9.7,45:39.2,0.581173261,0.451769537,0.089418358,0.057466208,21:08.4,8,bad,12.35,2023-11-08,2023-11-08 11:45,35.440505,red,2
3,90326,71,0,9.7,36:45.3,0.350888996,1.216752306,0.060488276,0.982606497,21:19.7,9,good,12.35,2025-01-01,2025-01-01 12:36,-15.52207,black,1
3,90326,86,0,0,32:10.9,0.491488279,1.122506893,0.086625865,0.841402032,21:26.5,9,good,12.35,2025-01-16,2025-01-16 12:32,-10.84087,black,1
2,90335,45,0,9.7,24:29.6,0.524430589,0.882860137,0.093779237,0.513331461,21:12.0,10,good,12.35,2024-12-08,2024-12-08 12:24,-3.350751666,black,1
2,90335,48,0,0,27:14.8,0.534173552,0.882426637,0.090881807,0.567276751,21:50.9,10,good,12.35,2024-12-11,2024-12-11 12:27,-5.434616665,black,1
2,90335,72,0,0,36:39.9,0.541404453,1.041244768,0.119958332,0.753807754,21:24.6,10,good,12.35,2025-01-04,2025-01-04 12:36,-15.28957833,black,1
2,90335,78,9.7,0,35:13.4,0.570494664,0.891627354,0.109603858,0.568695494,21:25.4,10,good,12.35,2025-01-10,2025-01-10 12:35,-13.82643667,black,1
6,90349,59,9.7,0,35:27.1,0.771455448,1.477493623,0.138849398,1.058720575,21:29.0,11,good,12.35,2025-01-09,2025-01-09 12:35,-14.116005,black,1
10,90353,65,0,9.7,23:27.6,0.562164721,0.857094525,0.061535081,0.22607405,21:15.4,11,good,12.35,2025-01-16,2025-01-16 12:32,-11.027065,black,1
4,68909,66,0,7.3,27:43.1,0.823877203,1.102237212,0.182720899,0.384133153,22:26.6,1,good,12.36666667,2022-12-18,2022-12-18 12:32,-9.690489999,black,1
2,68912,6,0,7.3,31:46.3,0.690168021,1.355509936,0.116564609,0.795007091,22:34.6,2,good,12.36666667,2022-10-29,2022-10-29 11:31,50.60946667,black,1
10,77886,48,9.6,0.1,35:30.6,0.51933877,1.135141561,0.085005104,0.621642938,22:10.8,6,good,12.36666667,2023-12-28,2023-12-28 12:36,-14.10361,black,1
10,77886,64,0,9.7,34:17.8,0.578239251,1.028271834,0.111228941,0.435282371,22:05.9,6,good,12.36666667,2024-01-13,2024-01-13 12:34,-12.21762333,black,1
10,77886,104,0.1,0,47:16.7,0.60876885,0.945365224,0.087292579,0.389519474,22:46.1,6,good,12.36666667,2024-02-22,2024-02-22 11:48,34.15202,black,1
2,90335,54,0,9.7,31:47.0,0.613629934,1.18552072,0.113861086,0.840243798,22:01.5,10,good,12.36666667,2024-12-17,2024-12-17 12:31,-9.774775,black,1
9,90343,156,0,9.7,30:48.6,1.569557206,1.04586,0.764228204,0.500126178,22:16.3,10,bad,12.36666667,2025-04-04,2025-04-04 10:31,111.0222333,red,2
5,90348,21,9.7,9.7,12:21.3,0.710016509,0.944365426,0.095416669,0.223880228,22:47.2,11,good,12.36666667,2024-11-27,2024-11-27 12:12,10.38742,black,1
10,90353,57,9.7,9.7,33:53.7,0.640384187,0.933517916,0.128734918,0.401986406,22:34.8,11,good,12.36666667,2025-01-08,2025-01-08 12:35,-13.32012167,black,1
10,90353,58,0,0,28:10.4,0.540118191,1.181661359,0.085311316,0.719957283,22:11.4,11,good,12.36666667,2025-01-09,2025-01-09 12:35,-13.41006,black,1
2,68907,175,7.3,7.3,37:48.7,0.555281179,0.633395722,0.060507968,0.076553214,22:59.6,1,good,12.38333333,2023-04-01,2023-04-01 10:37,105.176665,black,1
5,77881,107,0,9.7,53:26.9,0.871536526,1.345177007,0.39583348,0.766148002,23:26.2,6,good,12.38333333,2024-02-19,2024-02-19 11:53,29.91963,black,1
10,77886,62,0,9.7,35:02.8,0.58523977,1.054474181,0.076467438,0.550778404,23:52.8,6,good,12.38333333,2024-01-11,2024-01-11 12:35,-11.270755,black,1
6,90349,10,0,9.7,04:06.8,0.719297664,1.160450592,0.147843591,0.563165051,23:26.8,11,good,12.38333333,2024-11-21,2024-11-21 12:04,18.730255,black,1
6,90349,38,9.7,9.7,57:32.6,0.59109352,0.696342428,0.08355622,0.186231713,23:49.6,11,good,12.38333333,2024-12-19,2024-12-19 12:33,-9.189898332,black,1
10,90353,59,0,9.7,33:26.6,0.583218296,1.264911552,0.09487703,0.765016691,23:15.6,11,good,12.38333333,2025-01-10,2025-01-10 12:35,-11.99081,black,1
1,68911,3,0,7.3,18:07.5,0.859723535,1.026727964,0.263223134,0.418113946,24:22.9,2,good,12.4,2022-10-19,2022-10-19 11:18,66.14900833,black,1
5,77881,6,9.7,77.59,48:24.9,0.621518271,1.261014644,0.110876453,0.723031866,24:13.7,6,good,12.4,2023-11-10,2023-11-10 11:48,35.69454,black,1
5,77881,43,9.7,0,31:10.7,0.669651088,1.331260545,0.146307826,0.826015824,24:19.0,6,good,12.4,2023-12-17,2023-12-17 12:31,-6.999755001,black,1
7,77893,98,9.7,9.7,38:14.3,1.14092536,1.47911528,0.562838785,0.753109699,24:23.4,7,bad,12.4,2024-02-28,2024-02-28 11:38,46.02399833,red,2
7,77903,132,0,9.7,26:58.4,1.362028784,1.700813473,0.710760377,0.935088371,24:46.0,8,bad,12.4,2024-02-28,2024-02-28 11:38,46.39938333,red,2
9,90352,32,9.7,9.7,15:41.6,0.588296581,0.945785988,0.065430506,0.387389688,24:50.2,11,good,12.4,2024-12-14,2024-12-14 12:29,-4.863510001,black,1
2,68907,162,0,7.3,01:31.3,0.574063534,0.671754745,0.069935365,0.098417691,25:39.4,1,good,12.41666667,2023-03-19,2023-03-19 11:02,82.97366667,black,1
3,77899,23,48.49,38.8,46:04.0,0.744586111,1.305814642,0.125140121,0.575612963,25:45.4,8,good,12.41666667,2023-11-10,2023-11-10 11:48,37.22287,black,1
3,90326,53,0,9.7,29:35.4,0.383492152,0.72463638,0.067812714,0.582472209,24:59.6,9,good,12.41666667,2024-12-14,2024-12-14 12:29,-4.706873333,black,1
3,90326,56,0,0,31:47.0,0.564449977,1.015009929,0.11081476,0.61264496,25:43.8,9,good,12.41666667,2024-12-17,2024-12-17 12:31,-6.069269999,black,1
2,90335,37,0,9.7,15:54.6,0.723138923,0.80586084,0.131991909,0.642739973,25:23.1,10,good,12.41666667,2024-11-30,2024-11-30 12:16,9.384230002,black,1
10,90353,52,0,0,34:22.7,0.718645442,1.057978164,0.12704615,0.272805121,25:09.8,11,good,12.41666667,2025-01-03,2025-01-03 12:36,-11.63616667,black,1
7,90363,109,0,9.7,31:38.7,0.975240765,1.424921044,0.509678148,0.901260129,25:43.5,12,good,12.41666667,2025-03-03,2025-03-03 11:31,54.02510833,black,1
2,68907,101,0,7.3,31:54.9,0.386006199,1.208998363,0.077016964,0.914495963,26:38.3,1,good,12.43333333,2023-01-17,2023-01-17 12:31,-5.328038335,black,1
4,68919,45,0,7.3,29:19.9,0.545957686,1.323374414,0.109597202,0.853341412,26:14.9,3,good,12.43333333,2022-12-14,2022-12-14 12:29,-3.084344999,black,1
10,77886,57,9.7,19.4,32:48.3,0.578751792,1.101462355,0.08944199,0.638403632,26:25.6,6,good,12.43333333,2024-01-06,2024-01-06 12:36,-10.10617833,black,1
10,77886,109,0,9.7,21:08.9,1.138538182,0.694080756,0.765581338,0.223760504,26:14.0,6,bad,12.43333333,2024-02-27,2024-02-27 11:40,46.11679333,red,2
2,90335,71,0,0,27:07.6,0.552269349,1.271267877,0.122254051,0.86175238,26:44.5,10,good,12.43333333,2025-01-03,2025-01-03 12:36,-10.05763167,black,1
4,68909,22,0,0,38:29.5,1.081670807,0.65029545,0.399362426,0.160011465,27:49.9,1,bad,12.45,2022-11-04,2022-11-04 11:40,47.41491834,red,2
10,77886,55,0,9.7,33:33.4,0.713632035,1.020007854,0.102523133,0.482972074,27:49.4,6,good,12.45,2024-01-04,2024-01-04 12:36,-8.959391665,black,1
10,77886,61,9.7,9.7,35:28.9,0.567806404,1.042660628,0.07703193,0.539314776,27:00.1,6,good,12.45,2024-01-10,2024-01-10 12:35,-8.514613334,black,1
2,90335,75,9.7,0,36:01.6,0.36206641,0.982443806,0.060146407,0.708280052,27:23.9,10,good,12.45,2025-01-07,2025-01-07 12:36,-8.767929999,black,1
5,90348,35,9.7,9.72,27:07.7,0.688077736,1.093503199,0.100502054,0.447829736,27:03.1,11,good,12.45,2024-12-11,2024-12-11 12:27,-0.231301665,black,1
2,77898,129,0,9.7,38:30.8,1.392226328,0.678187165,0.714246061,0.201335431,28:12.5,8,bad,12.46666667,2024-02-23,2024-02-23 11:46,41.25792167,red,2
1,90344,2,1755.46,368.55,30:41.1,0.548613599,1.148282992,0.055374486,0.66790258,28:38.8,11,good,12.46666667,2024-11-04,2024-11-04 11:41,47.54591833,black,1
6,90349,49,9.7,9.7,36:38.0,0.621103848,1.269074399,0.094691807,0.901231957,28:38.9,11,good,12.46666667,2024-12-30,2024-12-30 12:36,-8.084518333,black,1
2,68907,157,7.3,0,12:05.3,0.457999114,0.538849095,0.046687025,0.056124127,29:32.0,1,good,12.48333333,2023-03-14,2023-03-14 11:12,77.33304833,black,1
2,68912,151,7.3,29.2,54:11.6,1.450817315,1.124854598,0.811510508,0.588290557,29:38.6,2,bad,12.48333333,2023-03-23,2023-03-23 10:55,94.62606167,red,2
2,68922,15,306.55,29.2,54:03.8,0.917480475,1.089058595,0.192877775,0.328240918,29:40.1,4,good,12.48333333,2022-11-17,2022-11-17 11:58,31.01871,black,1
10,77886,38,9.6,0.1,31:55.4,0.541648774,1.278903197,0.100209386,0.683471486,29:35.0,6,good,12.48333333,2023-12-18,2023-12-18 12:31,-2.382623335,black,1
7,77893,3,9.7,0,08:57.4,0.733843199,1.068833371,0.144671789,0.577629111,29:24.7,7,good,12.48333333,2023-11-25,2023-11-25 12:08,20.44535667,black,1
6,90349,50,0,9.7,36:39.6,0.513421331,1.193464981,0.165008993,0.775176409,29:09.6,11,good,12.48333333,2024-12-31,2024-12-31 12:36,-7.656005001,black,1
9,77895,92,0,0,33:13.2,1.736030961,1.230602343,0.986955326,0.658292156,30:53.2,7,bad,12.5,2024-01-11,2024-01-11 12:35,-4.263724999,red,2
7,77903,111,0,0,11:08.7,1.530253458,0.806553227,0.861851674,0.365925332,30:47.7,8,bad,12.5,2024-02-07,2024-02-07 12:11,19.59476667,red,2
2,68907,104,7.3,7.3,29:51.5,0.677350313,1.439173565,0.128123259,0.885942666,31:23.6,1,good,12.51666667,2023-01-20,2023-01-20 12:29,1.510566668,black,1
3,68913,112,0,7.3,05:17.1,0.534927749,0.48428407,0.058402534,0.052479198,31:45.5,2,bad,12.51666667,2023-02-11,2023-02-11 12:05,26.45890167,red,2
2,90345,108,0,9.7,53:48.5,0.686741983,1.209081837,0.112481213,0.617434138,31:13.2,11,good,12.51666667,2025-02-18,2025-02-18 11:53,37.28708667,black,1
7,90363,96,3762.25,19.4,53:52.0,0.613490064,1.113743209,0.113352163,0.563521064,31:07.3,12,good,12.51666667,2025-02-18,2025-02-18 11:53,37.18808333,black,1
5,68910,160,7.3,0,56:55.2,0.761896719,0.548026601,0.170342022,0.131015196,32:29.6,1,bad,12.53333333,2023-03-22,2023-03-22 10:56,95.55960667,red,2
5,90348,22,0,0,10:11.2,0.600336573,0.935890061,0.084793542,0.328626139,32:44.8,11,good,12.53333333,2024-11-28,2024-11-28 12:13,19.12987167,black,1
2,68907,75,226.27,80.29,34:16.0,0.719945975,1.371331119,0.163665111,0.804572793,33:44.1,1,good,12.55,2022-12-22,2022-12-22 12:34,-0.582288333,black,1
10,77886,54,9.7,9.7,36:40.7,0.595122982,0.939317474,0.09009927,0.526667074,33:02.9,6,good,12.55,2024-01-03,2024-01-03 12:36,-3.785215,black,1
9,77895,138,9.7,9.7,41:43.3,0.981848964,1.374886082,0.434228596,0.901087013,33:12.6,7,good,12.55,2024-02-26,2024-02-26 11:41,51.360405,black,1
2,77898,132,9.7,9.7,41:48.0,0.675471174,1.466507762,0.087183159,0.810107052,33:25.7,8,good,12.55,2024-02-26,2024-02-26 11:41,51.57846833,black,1
2,90345,101,0,0,04:29.6,1.445190093,1.050125749,0.9481721,0.507118062,33:40.6,11,bad,12.55,2025-02-11,2025-02-11 12:04,29.059445,red,2
6,90349,51,0,0,36:50.9,0.458793008,1.243502692,0.070465887,0.896156589,33:04.0,11,good,12.55,2025-01-01,2025-01-01 12:36,-3.782633332,black,1
1,68921,109,678.82,7.3,43:01.8,0.534851323,1.137083615,0.052732052,0.282097478,34:26.7,4,good,12.56666667,2023-02-19,2023-02-19 11:53,41.34440833,black,1
4,68924,40,7.3,0,28:27.6,0.540319198,1.160315114,0.145447463,0.678527895,34:22.6,4,good,12.56666667,2022-12-13,2022-12-13 12:28,5.825853332,black,1
10,77886,60,0,9.7,35:41.7,0.510593779,1.172841584,0.083802523,0.675185726,34:11.5,6,good,12.56666667,2024-01-09,2024-01-09 12:35,-1.640981666,black,1
7,77893,26,9.7,9.7,31:51.5,0.633383771,1.006223502,0.101250317,0.491804638,34:22.3,7,good,12.56666667,2023-12-18,2023-12-18 12:31,2.40419,black,1
8,77904,3,0,9.7,25:56.4,0.272886413,0.233264324,0.047111092,0.027642411,34:04.9,8,bad,12.56666667,2023-10-25,2023-10-25 11:26,68.01485,red,2
2,68917,150,7.3,0,51:10.9,1.602299619,1.060868897,1.03541023,0.778748654,35:16.3,3,bad,12.58333333,2023-03-25,2023-03-25 10:51,104.08827,red,2
4,68924,9,0,0,38:55.5,0.697050822,1.136290014,0.397878986,0.550682496,35:57.6,4,good,12.58333333,2022-11-12,2022-11-12 11:51,44.24407667,black,1
9,77895,139,9.7,9.7,40:05.1,1.125162586,1.493989205,0.688116992,0.910549168,35:07.7,7,bad,12.58333333,2024-02-27,2024-02-27 11:40,55.01220167,red,2
9,90343,2,9.7,0,36:43.4,0.522409435,0.637704094,0.079354511,0.12143846,35:48.8,10,good,12.58333333,2024-11-01,2024-11-01 11:36,58.96372833,black,1
9,90343,165,0,9.7,14:37.0,1.048782448,0.680939252,0.560351752,0.154014729,35:49.3,10,bad,12.58333333,2025-04-13,2025-04-13 10:14,141.0889383,red,2
5,90359,73,0,9.7,24:08.1,1.141831104,1.377669416,0.545417371,0.745278399,35:22.7,12,bad,12.58333333,2025-01-26,2025-01-26 12:24,11.11174333,red,2
4,68924,46,0,7.3,32:41.7,0.587668197,1.058811601,0.115325401,0.611318459,36:03.4,4,good,12.6,2022-12-19,2022-12-19 12:32,3.322529999,black,1
3,77869,18,9.7,0,55:27.0,0.844808304,0.717474918,0.18381693,0.107663216,36:16.2,5,bad,12.6,2023-11-15,2023-11-15 11:55,40.73676167,red,2
10,77876,67,0,9.7,36:30.1,0.815346389,1.098513985,0.285678208,0.658545683,36:45.0,5,good,12.6,2024-01-06,2024-01-06 12:36,0.216003335,black,1
9,77895,130,0,0,54:58.6,1.264643646,1.479299754,0.802113173,0.808702193,36:26.5,7,bad,12.6,2024-02-18,2024-02-18 11:55,41.32489,red,2
2,68912,104,0,7.3,14:40.6,0.491300143,1.117031772,0.042148412,0.654255914,37:55.9,2,good,12.61666667,2023-02-04,2023-02-04 12:14,23.21582667,black,1
5,77881,4,0,174.58,45:19.1,0.735150062,1.220815325,0.120989973,0.603502742,37:37.2,6,good,12.61666667,2023-11-08,2023-11-08 11:45,51.91926833,black,1
2,77898,107,87.31,48.53,12:02.4,0.63560801,1.469303386,0.076046692,1.012200054,37:06.9,8,good,12.61666667,2024-02-01,2024-02-01 12:18,18.482345,black,1
3,77899,13,9.7,9.7,34:15.7,0.932076124,1.250565507,0.298186212,0.695813769,37:13.7,8,good,12.61666667,2023-10-31,2023-10-31 11:34,62.81174167,black,1
7,77903,25,0,9.7,52:21.3,0.597762603,1.106454009,0.083316402,0.659567398,37:03.5,8,good,12.61666667,2023-11-13,2023-11-13 11:52,44.30870167,black,1
2,68917,161,7.3,0,30:16.1,1.629531655,1.137750451,0.969688033,0.648616468,38:04.8,3,bad,12.63333333,2023-04-05,2023-04-05 10:30,127.7964367,red,2
3,77879,10,0,9.7,16:03.2,0.538590267,0.801251681,0.09393949,0.38206929,38:34.7,6,good,12.63333333,2023-11-13,2023-11-13 11:52,45.82909333,black,1
6,90349,53,0,9.7,36:44.5,0.645065925,0.967826273,0.118791736,0.728819334,38:56.4,11,good,12.63333333,2025-01-03,2025-01-03 12:36,2.139838334,black,1
1,68906,159,0,7.3,02:40.3,0.92446324,1.443448532,0.355969195,0.99606666,39:42.4,1,good,12.65,2023-03-19,2023-03-19 11:02,97.02415,black,1
2,68912,2,0,7.3,26:24.0,0.694011616,1.243570047,0.153241833,0.627877174,39:20.7,2,good,12.65,2022-10-25,2022-10-25 11:26,72.92884,black,1
3,77879,20,0.1,9.6,05:11.5,0.674651705,1.029499327,0.190485916,0.573672091,39:32.9,6,good,12.65,2023-11-23,2023-11-23 12:06,33.18158,black,1
2,77898,88,9.7,87.33,32:42.0,0.961051413,1.385759617,0.192586279,0.792274801,39:53.6,8,good,12.65,2024-01-13,2024-01-13 12:34,5.577061665,black,1
2,90345,86,0,9.7,23:08.3,1.080730353,1.35130838,0.523629386,0.67690464,39:04.0,11,bad,12.65,2025-01-27,2025-01-27 12:23,15.79969833,red,2
3,68913,31,0,7.3,05:20.1,0.847404268,1.557027951,0.21619032,0.898732815,40:41.6,2,good,12.66666667,2022-11-22,2022-11-22 12:05,35.29256667,black,1
1,68921,43,7.3,7.3,30:03.1,0.53243583,1.134740541,0.079431801,0.499738555,40:35.4,4,good,12.66666667,2022-12-15,2022-12-15 12:30,10.50733333,black,1
7,77893,96,0,9.7,41:47.3,0.793094766,1.14954114,0.303134326,0.580299369,40:52.3,7,good,12.66666667,2024-02-26,2024-02-26 11:41,59.021615,black,1
2,77898,125,0,0,49:53.7,0.690006187,1.195858191,0.225178962,0.615005313,41:47.7,8,good,12.68333333,2024-02-19,2024-02-19 11:53,48.278135,black,1
7,77903,135,0,106.69,32:53.3,0.948587785,1.268968529,0.46409029,0.62310903,41:50.1,8,good,12.68333333,2024-03-02,2024-03-02 11:33,68.80109333,black,1
8,77904,14,0,0,41:27.1,0.320312419,0.360853857,0.034234278,0.048503997,41:50.0,8,good,12.68333333,2023-11-05,2023-11-05 11:41,60.36692667,black,1
2,68912,30,7.3,0,05:17.7,0.857310601,1.444617772,0.218724533,0.809108149,42:21.2,2,good,12.7,2022-11-22,2022-11-22 12:05,36.95297167,black,1
5,68925,103,0,7.3,53:00.4,1.570738004,1.236475596,1.199630969,0.764146771,42:57.7,4,bad,12.7,2023-02-19,2023-02-19 11:53,49.86133,red,2
3,77869,10,0,0,44:13.8,0.363926735,0.494528766,0.042504906,0.074559375,42:50.0,5,good,12.7,2023-11-07,2023-11-07 11:44,58.54942167,black,1
3,77899,35,0,9.7,04:54.1,1.537517469,1.260016564,0.906360209,0.619238052,42:19.7,8,bad,12.7,2023-11-22,2023-11-22 12:05,37.27826,red,2
7,90341,1,9.7,795.4,35:26.3,1.316754924,0.718400242,0.724545718,0.148112779,42:46.2,10,bad,12.7,2024-10-31,2024-10-31 11:35,67.31986833,red,2
1,68916,17,7.3,0,51:39.3,0.657296401,0.530509538,0.092734652,0.068851605,44:53.8,3,bad,12.73333333,2022-11-12,2022-11-12 11:51,53.180745,red,2
3,77899,14,0,9.7,35:21.7,0.65529732,1.218250489,0.093896801,0.492373421,44:08.9,8,good,12.73333333,2023-11-01,2023-11-01 11:35,68.33099333,black,1
1,68906,56,7.3,7.3,22:02.2,0.731037961,1.304817851,0.16021845,0.875337213,45:06.6,1,good,12.75,2022-12-06,2022-12-06 12:22,23.02607333,black,1
2,68907,161,7.3,0,04:32.0,0.566122779,0.452781935,0.088760245,0.051544311,45:34.8,1,bad,12.75,2023-03-18,2023-03-18 11:04,100.9792133,red,2
1,68911,16,0,0.08,35:59.8,0.951758137,0.748976845,0.25122106,0.127868252,45:54.0,2,bad,12.75,2022-11-01,2022-11-01 11:36,69.716615,red,2
6,90349,41,0,9.7,34:28.7,0.504514073,0.9031545,0.141573624,0.813278206,45:05.0,11,good,12.75,2024-12-22,2024-12-22 12:34,10.54934167,black,1
8,77874,14,9.7,0,52:41.4,0.657131267,1.072960303,0.199920021,0.554826393,46:17.0,5,good,12.76666667,2023-11-13,2023-11-13 11:52,53.533835,black,1
9,77895,95,9.7,9.7,33:47.5,0.883454173,1.562933597,0.287756775,0.945597961,46:19.8,7,good,12.76666667,2024-01-14,2024-01-14 12:33,12.495945,black,1
3,90326,119,0,0,53:51.9,0.574109784,0.764318864,0.095809049,0.360904575,46:48.8,9,good,12.76666667,2025-02-18,2025-02-18 11:53,52.87919333,black,1
9,90352,27,9.7,9.7,24:03.5,0.623645262,0.850424688,0.116184093,0.357684166,46:46.8,11,good,12.76666667,2024-12-09,2024-12-09 12:25,21.29609167,black,1
2,68912,157,0,0,36:30.1,1.204394819,0.839128269,0.644723465,0.374440922,47:57.7,2,bad,12.78333333,2023-03-29,2023-03-29 10:43,124.4280333,red,2
5,68920,21,7.3,0,05:22.3,0.674759836,1.477776557,0.15168269,0.899009998,47:25.2,3,good,12.78333333,2022-11-22,2022-11-22 12:05,42.01998,black,1
4,68924,11,0,0,54:29.4,0.59785921,1.123963045,0.088864893,0.600674267,47:07.2,4,good,12.78333333,2022-11-14,2022-11-14 11:54,52.61999167,black,1
7,77893,101,0,0,10:08.1,1.045540937,0.631496683,0.578996264,0.143964055,47:12.5,7,bad,12.78333333,2024-03-02,2024-03-02 11:33,74.17429167,red,2
9,77895,124,9.7,0,04:11.7,0.942995627,1.410629474,0.593372512,0.649361394,47:07.2,7,good,12.78333333,2024-02-12,2024-02-12 12:04,42.88728667,black,1
2,77898,37,0,9.7,59:21.6,0.71273618,1.559109166,0.170568604,0.866926444,47:37.0,8,good,12.78333333,2023-11-23,2023-11-23 12:06,41.24943667,black,1
9,90343,148,0,0,46:16.8,1.282019054,1.581140093,0.641094923,0.795325357,47:26.5,10,bad,12.78333333,2025-03-27,2025-03-27 10:46,121.0082617,red,2
4,77900,85,0,9.7,19:45.2,1.65926609,1.189445333,1.021114698,0.49978903,48:07.8,8,bad,12.8,2024-01-11,2024-01-11 12:35,12.97986667,red,2
3,77869,6,0,0,38:34.5,0.449472344,0.527210232,0.06907023,0.082344112,49:37.5,5,good,12.81666667,2023-11-03,2023-11-03 11:38,70.99177,black,1
2,68917,27,0,7.3,05:21.2,1.657279892,1.514386249,1.360572364,0.900294205,51:39.5,3,bad,12.85,2022-11-22,2022-11-22 12:05,46.25825167,red,2
5,68920,13,0,7.3,54:27.8,1.773803929,1.271254459,0.764232314,0.730444449,51:50.4,3,bad,12.85,2022-11-14,2022-11-14 11:54,57.33954333,red,2
3,77869,24,0,0,03:38.7,0.697200889,0.581857074,0.107393858,0.089255683,51:15.3,5,bad,12.85,2023-11-21,2023-11-21 12:03,47.52089167,red,2
1,68906,175,0,7.3,32:06.9,1.262391902,1.728899651,0.70959268,0.844880957,52:20.2,1,bad,12.86666667,2023-04-04,2023-04-04 10:32,140.1700483,red,2
2,68912,142,0,7.3,12:11.7,1.464268032,1.086836428,0.766565702,0.411677763,52:16.2,2,bad,12.86666667,2023-03-14,2023-03-14 11:12,100.0693567,red,2
1,68921,97,7.3,7.3,00:59.1,0.659310449,0.968673515,0.154689918,0.371306953,52:53.2,4,good,12.86666667,2023-02-07,2023-02-07 12:10,42.03591,black,1
4,68924,24,0,14.6,11:43.5,0.675549712,1.19174994,0.146809312,0.8558576,52:55.2,4,good,12.86666667,2022-11-27,2022-11-27 12:11,41.12063333,black,1
4,77900,16,0,9.7,37:54.6,0.979202082,0.904267466,0.414937352,0.2881366,52:50.4,8,bad,12.86666667,2023-11-03,2023-11-03 11:38,74.20664334,red,2
7,90363,79,9.7,0,17:42.2,0.694147358,1.302509421,0.311279534,0.95506149,53:21.3,12,good,12.88333333,2025-02-01,2025-02-01 12:17,35.57173833,black,1
4,68924,27,7.3,7.3,15:22.0,0.758612871,1.132421981,0.174266672,0.614159609,54:44.2,4,good,12.9,2022-11-30,2022-11-30 12:15,39.303525,black,1
1,77897,92,9.7,9.7,34:17.8,1.67681051,1.297524448,1.104620944,0.775302612,54:35.4,8,bad,12.9,2024-01-13,2024-01-13 12:34,20.273465,red,2
7,77903,130,0,9.7,41:44.0,0.902053082,1.347542814,0.346994318,0.749699679,54:23.9,8,good,12.9,2024-02-26,2024-02-26 11:41,72.547725,black,1
9,90343,161,0,9.7,21:03.6,1.397521593,1.860092976,0.723137286,0.975203127,54:13.6,10,bad,12.9,2025-04-09,2025-04-09 10:21,152.2439717,red,2
4,68914,2,7.3,7.3,58:12.8,0.351128962,0.820670758,0.107368861,0.774594244,55:54.1,2,good,12.91666667,2022-09-09,2022-09-09 10:28,147.6679433,black,1
2,68917,143,0,7.3,04:30.9,1.274385174,1.548870018,1.03521939,0.996189456,55:10.4,3,bad,12.91666667,2023-03-18,2023-03-18 11:04,110.573595,red,2
5,68920,12,0,7.3,07:46.2,0.472323125,0.8549886,0.088280202,0.205169494,55:45.2,3,good,12.91666667,2022-11-13,2022-11-13 11:53,62.63743,black,1
3,77879,40,9.7,19.4,19:33.7,0.791201496,1.449543094,0.210660363,1.049091352,55:12.5,6,good,12.91666667,2023-12-13,2023-12-13 12:28,26.87560833,black,1
9,90343,163,0,9.7,18:19.4,1.492277888,0.885101399,0.8629116,0.43327541,55:22.2,10,bad,12.91666667,2025-04-11,2025-04-11 10:18,157.0372467,red,2
2,68907,164,0,7.3,58:47.5,0.594592575,0.598523245,0.065943453,0.162461371,56:15.6,1,good,12.93333333,2023-03-21,2023-03-21 10:58,117.4104917,black,1
3,77869,17,0,0,54:01.7,0.621138603,0.499659055,0.078227043,0.061796286,56:01.5,5,bad,12.93333333,2023-11-14,2023-11-14 11:54,61.874705,red,2
2,90345,91,0,9.7,17:38.2,0.487397872,1.128116595,0.103761625,0.733160902,56:40.7,11,good,12.93333333,2025-02-01,2025-02-01 12:17,38.89506667,black,1
4,68909,96,0,7.3,28:33.8,0.761786191,1.178060447,0.192212102,0.563013086,57:35.6,1,good,12.95,2023-01-17,2023-01-17 12:31,25.62689333,black,1
1,68911,11,0.1,7.2,27:49.3,0.934661535,1.357725434,0.243638281,0.758646648,57:40.8,2,good,12.95,2022-10-27,2022-10-27 11:29,88.497295,black,1
3,68913,167,7.3,7.3,26:29.2,0.76393923,0.987064974,0.127644641,0.177625589,57:39.3,2,good,12.95,2023-04-07,2023-04-07 10:26,151.10573,black,1
8,77874,55,0,9.7,32:51.6,1.049311369,1.41717893,0.483864214,0.783884066,57:31.2,5,bad,12.95,2023-12-24,2023-12-24 12:35,22.47052333,red,2
2,68907,119,7.3,0,14:41.8,1.728300758,1.190528371,1.200724638,0.889058818,58:04.9,1,bad,12.96666667,2023-02-04,2023-02-04 12:14,43.36436833,red,2
4,77870,46,0,9.7,23:39.9,1.314087085,1.534902498,0.690872705,0.771054389,58:30.4,5,bad,12.96666667,2023-12-13,2023-12-13 12:28,30.17402667,red,2
8,77904,11,9.7,0,37:06.3,0.67341168,0.551171979,0.133288394,0.077298602,58:00.9,8,bad,12.96666667,2023-11-02,2023-11-02 11:37,80.79827667,red,2
5,68915,1,0,0,27:43.9,1.482321353,0.749002201,0.922371298,0.34317751,59:10.1,2,bad,12.98333333,2022-10-26,2022-10-26 11:27,91.36848167,red,2
5,68915,28,7.2,7.3,57:04.1,1.249887482,0.959391823,0.418369518,0.312864206,59:40.5,2,bad,12.98333333,2022-11-22,2022-11-22 12:05,54.27491833,red,2
4,68924,93,0,7.3,13:38.3,0.682795874,1.062685135,0.33036762,0.57706835,59:49.3,4,good,12.98333333,2023-02-04,2023-02-04 12:14,45.10493333,black,1
3,68913,105,0,0,14:39.9,0.515168844,1.115962731,0.10908589,0.818319833,00:21.8,2,good,13,2023-02-04,2023-02-04 12:14,45.64587667,black,1
3,77899,41,0,9.7,00:20.1,1.023570306,1.370516602,0.485971652,0.753232756,00:33.2,8,bad,13,2023-11-28,2023-11-28 12:12,47.83680833,red,2
5,90359,69,0,9.7,27:50.4,0.701382064,1.233881179,0.094182556,0.671554542,00:35.0,12,good,13,2025-01-22,2025-01-22 12:27,32.666675,black,1
3,68913,176,7.3,7.3,10:10.8,0.678294338,0.888876603,0.098342417,0.161728227,01:10.6,2,good,13.01666667,2023-04-16,2023-04-16 10:10,170.91063,black,1
4,68919,140,7.3,58.39,02:32.3,0.844829801,1.599223476,0.156396505,0.903523553,01:13.5,3,good,13.01666667,2023-03-19,2023-03-19 11:02,118.54168,black,1
4,68924,19,7.3,0,05:17.6,0.644160092,1.114444149,0.171218339,0.606127872,01:12.4,4,good,13.01666667,2022-11-22,2022-11-22 12:05,55.807455,black,1
3,77879,51,9.7,9.7,35:02.5,0.652892817,1.182649617,0.093553565,0.817588391,01:38.3,6,good,13.01666667,2023-12-24,2023-12-24 12:35,26.58766667,black,1
5,77881,62,9524.09,135.78,36:17.2,0.530400869,1.202798966,0.065489733,0.685936447,01:54.9,6,good,13.01666667,2024-01-05,2024-01-05 12:36,25.248945,black,1
7,90363,13,0,0,57:15.9,0.753676578,1.265643128,0.185816407,0.572914928,01:51.1,12,good,13.01666667,2024-11-27,2024-11-27 12:12,49.45208667,black,1
1,68911,43,0,29.2,13:00.9,1.105326855,1.504949877,0.294814627,0.668678789,02:50.9,2,bad,13.03333333,2022-11-28,2022-11-28 12:13,49.815085,red,2
5,77881,91,0,9.7,16:14.4,0.992629948,1.328985645,0.211923287,0.817729957,02:14.2,6,good,13.03333333,2024-02-03,2024-02-03 12:16,45.97010333,black,1
10,77886,134,19.4,9.7,53:30.3,1.408969214,1.038351358,0.998895755,0.478728359,02:06.0,6,bad,13.03333333,2024-03-23,2024-03-23 10:53,128.5008017,red,2
4,77900,135,0,9.7,30:11.2,1.046135458,0.849924089,0.437900017,0.289356024,02:24.6,8,bad,13.03333333,2024-03-01,2024-03-01 11:34,87.59301667,red,2
7,77903,108,0,9.7,14:57.0,0.936186174,1.12825157,0.521820608,0.643574233,02:14.4,8,good,13.03333333,2024-02-04,2024-02-04 12:15,47.190365,black,1
2,90335,1,0,9.7,26:56.6,1.582581868,0.405931805,1.03524255,0.145057723,02:24.5,10,bad,13.03333333,2024-10-25,2024-10-25 11:27,95.325575,red,2
5,68915,53,7.3,43.79,21:58.3,0.594856076,0.917345895,0.06429934,0.273803954,04:15.7,2,good,13.06666667,2022-12-17,2022-12-17 12:31,32.77892667,black,1
2,68917,138,0,7.3,14:03.5,0.783995459,1.743167744,0.491256952,1.209336031,04:35.7,3,good,13.06666667,2023-03-13,2023-03-13 11:14,110.495585,black,1
4,68924,32,7.3,7.3,20:56.8,0.872131873,1.232846669,0.225566477,0.714485954,04:19.8,4,good,13.06666667,2022-12-05,2022-12-05 12:21,43.29739333,black,1
2,68912,130,0,7.3,34:20.8,1.131285041,1.44550231,0.798513474,0.933550276,05:39.7,2,bad,13.08333333,2023-03-02,2023-03-02 11:34,91.29528833,red,2
2,68917,147,0,7.3,56:55.8,1.181787578,1.517926648,0.841485066,0.955066021,05:21.0,3,bad,13.08333333,2023-03-22,2023-03-22 10:56,128.41713,red,2
4,68924,99,7.3,0,06:43.2,0.391453725,0.568290712,0.035674394,0.121219715,05:47.7,4,good,13.08333333,2023-02-10,2023-02-10 12:06,59.06231167,black,1
5,68925,149,7.3,7.3,25:09.9,1.467526261,0.621763903,0.869182678,0.112210772,05:42.0,4,bad,13.08333333,2023-04-06,2023-04-06 10:28,157.28362,red,2
9,77895,136,0,0,45:09.4,1.113113625,0.960672812,0.628704916,0.382964517,05:54.2,7,bad,13.08333333,2024-02-24,2024-02-24 11:45,80.63660833,red,2
9,77895,172,0,9.7,38:14.7,1.542874792,1.185896953,0.995287376,0.677680526,05:25.8,7,bad,13.08333333,2024-03-31,2024-03-31 10:38,147.11401,red,2
9,90343,147,0,9.7,48:17.7,1.050080833,1.421190114,0.565531584,0.699659906,05:27.5,10,bad,13.08333333,2025-03-26,2025-03-26 10:48,137.10905,red,2
2,68912,135,0,7.3,25:12.3,1.26515458,1.642425073,0.921153821,1.034740259,06:22.3,2,bad,13.1,2023-03-07,2023-03-07 11:25,101.0884017,red,2
4,68919,130,0,7.3,21:30.4,1.147005439,1.73101976,0.499687435,0.958880498,06:34.2,3,bad,13.1,2023-03-09,2023-03-09 11:21,104.98698,red,2
7,90363,18,0,9.7,18:12.5,0.83003483,1.270431924,0.10070032,0.778806758,06:08.8,12,good,13.1,2024-12-02,2024-12-02 12:18,47.84584666,black,1
1,68906,187,0,0,10:13.1,1.249274916,1.009753762,0.685287089,0.187583278,07:39.8,1,bad,13.11666667,2023-04-16,2023-04-16 10:10,177.39685,red,2
10,77876,13,0,9.6,52:09.2,0.823024393,1.06305508,0.248587388,0.648891848,07:05.1,5,good,13.11666667,2023-11-13,2023-11-13 11:52,74.33461167,black,1
2,90335,168,0,0,19:58.9,1.554461681,0.994762093,0.813142668,0.597292823,07:51.5,10,bad,13.11666667,2025-04-10,2025-04-10 10:20,167.70846,red,2
2,90345,150,9.7,0,36:46.7,0.901590883,1.823118421,0.240991684,1.202832138,07:02.1,11,good,13.11666667,2025-04-01,2025-04-01 10:36,150.118155,black,1
5,90359,67,0,9.7,28:28.9,0.780056881,1.16946922,0.236170664,0.621261516,07:02.6,12,good,13.11666667,2025-01-20,2025-01-20 12:29,37.52626167,black,1
2,68907,167,4073,7.3,25:25.5,0.646017163,0.488777224,0.07855043,0.056743272,08:52.8,1,bad,13.13333333,2023-03-24,2023-03-24 10:53,135.7799817,red,2
2,68912,146,7.3,0,01:53.2,1.55976341,1.0816517,0.951118833,0.42261137,08:58.0,2,bad,13.13333333,2023-03-18,2023-03-18 11:04,124.365995,red,2
2,68912,162,0,0,33:55.4,0.996543952,0.761023038,0.447753115,0.18401834,08:08.0,2,bad,13.13333333,2023-04-03,2023-04-03 10:34,154.09922,red,2
1,68906,32,7.3,5.69,51:39.9,1.110242913,0.994576183,0.423756326,0.294907051,09:14.2,1,bad,13.15,2022-11-12,2022-11-12 11:51,77.52065,red,2
2,68917,164,0,7.3,24:38.5,1.290932391,0.959126945,0.826765122,0.503991858,09:04.3,3,bad,13.15,2023-04-08,2023-04-08 10:24,164.37098,red,2
2,77898,80,9.7,0,32:22.4,0.648050406,1.417260088,0.077780996,0.809944091,09:22.9,8,good,13.15,2024-01-05,2024-01-05 12:36,32.71565333,black,1
7,77903,107,0,9.7,16:09.8,1.016450196,1.34565826,0.385624236,0.874857812,09:16.4,8,bad,13.15,2024-02-03,2024-02-03 12:16,53.00673,red,2
9,90343,72,0,9.7,02:07.9,1.343368367,0.918329265,0.601616711,0.292671774,09:55.2,10,bad,13.15,2025-01-10,2025-01-10 12:35,34.67032333,red,2
7,90363,108,0,9.7,33:20.5,1.390318016,0.843510676,0.902199814,0.422131533,09:17.2,12,bad,13.15,2025-03-02,2025-03-02 11:33,95.786625,red,2
2,68922,23,0,7.2,09:10.0,0.986655158,1.122496192,0.263974251,0.427420675,10:04.4,4,good,13.16666667,2022-11-25,2022-11-25 12:09,60.78983,black,1
4,77900,67,9.7,1483.91,30:19.2,0.703861847,1.657335421,0.096234675,0.875476374,10:39.5,8,good,13.16666667,2023-12-24,2023-12-24 12:35,35.60794834,black,1
2,68907,152,7.3,7.3,21:32.3,0.508773565,0.450414826,0.054106535,0.045575244,11:49.7,1,bad,13.18333333,2023-03-09,2023-03-09 11:21,110.245755,red,2
6,90349,16,9.7,232.76,02:57.8,0.809331007,1.082981804,0.242123901,0.398183631,12:53.3,11,good,13.2,2024-11-27,2024-11-27 12:12,60.48831,black,1
5,90359,30,0,9.7,29:33.8,0.671874,1.268227387,0.114238009,0.85022564,12:29.4,12,good,13.2,2024-12-14,2024-12-14 12:29,42.78932,black,1
5,68910,162,0,0,53:02.4,0.486864473,0.653530451,0.132928932,0.19664632,13:15.5,1,good,13.21666667,2023-03-24,2023-03-24 10:53,140.159,black,1
3,77869,30,9.7,9.7,11:23.6,0.849370507,0.615824853,0.213618614,0.083455429,13:33.1,5,bad,13.21666667,2023-11-27,2023-11-27 12:11,62.06890333,red,2
2,77898,146,0,9.7,16:19.9,1.297794306,1.50390392,0.52444987,0.624208616,13:26.8,8,bad,13.21666667,2024-03-11,2024-03-11 11:16,116.979585,red,2
8,77904,16,0,0,44:15.1,0.378907238,0.494242339,0.035005821,0.060779833,13:34.1,8,good,13.21666667,2023-11-07,2023-11-07 11:44,89.28451,black,1
3,77879,21,58.19,417.05,07:35.0,0.729749519,0.966658936,0.102351354,0.412603025,14:16.2,6,good,13.23333333,2023-11-24,2023-11-24 12:07,66.60293334,black,1
5,77881,1,9.7,0,39:22.6,1.220699153,0.646991623,0.666305908,0.162957955,14:11.3,6,bad,13.23333333,2023-11-05,2023-11-05 11:41,92.72237167,red,2
7,90363,10,0,9.7,08:29.6,0.89799998,1.351812022,0.436340601,0.704856955,14:51.4,12,good,13.23333333,2024-11-24,2024-11-24 12:08,66.22393167,black,1
2,68907,169,29.2,7.3,49:12.4,0.741090935,0.822049946,0.112364399,0.224667536,15:08.6,1,good,13.25,2023-03-26,2023-03-26 10:49,145.8758917,black,1
1,68911,6,7.3,0,14:39.4,0.905110416,1.089400791,0.261769879,0.422817696,15:03.0,2,good,13.25,2022-10-22,2022-10-22 11:22,112.75012,black,1
9,77895,140,0,0,38:17.0,1.812452696,1.455963201,0.970473725,0.903450444,15:50.5,7,bad,13.25,2024-02-28,2024-02-28 11:38,97.47512833,red,2
8,77904,13,9.7,0,39:53.6,0.35010386,0.306089861,0.032493311,0.029636379,15:11.5,8,bad,13.25,2023-11-04,2023-11-04 11:40,95.14133667,red,2
3,68913,164,7.3,7.3,32:05.1,0.540094758,0.672605255,0.05578428,0.105310136,16:08.9,2,good,13.26666667,2023-04-04,2023-04-04 10:32,163.9814783,black,1
4,68924,1,0,6.89,40:23.8,1.166486885,0.708304122,0.848224449,0.270487175,16:27.4,4,bad,13.26666667,2022-11-04,2022-11-04 11:40,96.04033,red,2
4,77870,5,0,0,33:30.5,0.622754056,1.1116941,0.117796716,0.475945971,16:43.5,5,good,13.26666667,2023-11-02,2023-11-02 11:37,99.509125,black,1
9,77895,142,9.7,0,34:41.4,0.816383634,1.117023302,0.270799512,0.525087832,17:54.4,7,good,13.28333333,2024-03-01,2024-03-01 11:34,103.0901333,black,1
2,77898,81,106.71,48.49,29:00.5,0.639242925,1.13422572,0.078423144,0.375138994,17:49.4,8,good,13.28333333,2024-01-06,2024-01-06 12:36,41.29001833,black,1
7,77903,118,0,9.7,01:15.1,1.030638322,1.402443855,0.397608787,0.785964118,17:09.0,8,bad,13.28333333,2024-02-14,2024-02-14 12:01,75.86627,red,2
7,77903,136,9.7,0,31:05.1,1.070641314,1.37450768,0.598672397,0.843624145,17:03.0,8,bad,13.28333333,2024-03-03,2024-03-03 11:31,105.8165617,red,2
5,90359,38,0,9.7,34:26.7,0.678696794,1.151326759,0.22266229,0.780238048,17:02.9,12,good,13.28333333,2024-12-22,2024-12-22 12:34,42.51463667,black,1
2,68907,37,0,0,54:07.0,1.654691086,1.257847151,0.958698607,0.640255768,18:22.6,1,bad,13.3,2022-11-14,2022-11-14 11:54,83.87669667,red,2
9,77895,178,0,0,26:57.8,1.284792196,0.576198375,0.783032725,0.088630384,18:04.4,7,bad,13.3,2024-04-06,2024-04-06 10:27,171.0393683,red,2
2,77898,117,19.4,9.7,02:06.1,1.58030422,1.36617252,0.882634717,0.568101187,18:19.4,8,bad,13.3,2024-02-11,2024-02-11 12:05,72.63975,red,2
8,77904,15,0,0,42:51.3,0.278077715,0.313067085,0.021249682,0.034582253,18:57.6,8,good,13.3,2023-11-06,2023-11-06 11:42,96.09293833,black,1
9,90343,1,0,9.7,35:20.5,1.739562153,0.760989635,0.674682193,0.176517412,18:04.5,10,bad,13.3,2024-10-31,2024-10-31 11:35,102.6257,red,2
9,90343,53,0,0,34:30.7,0.613520143,1.168074282,0.183555208,0.76793452,18:05.0,10,good,13.3,2024-12-22,2024-12-22 12:34,43.55072833,black,1
2,68907,158,7.3,0,10:17.6,0.518986423,0.446939281,0.085708546,0.047634972,19:11.9,1,bad,13.31666667,2023-03-15,2023-03-15 11:10,128.8811383,red,2
2,68922,47,0,7.3,31:42.6,0.85576763,1.243661957,0.291609068,0.552845889,19:50.6,4,good,13.31666667,2022-12-19,2022-12-19 12:32,47.10999333,black,1
8,77874,52,0,9.7,33:34.6,1.365034068,1.091825179,0.837264388,0.525299946,19:24.8,5,bad,13.31666667,2023-12-21,2023-12-21 12:33,45.72978667,red,2
7,77893,51,0,9.7,34:16.7,0.580260348,0.980205063,0.121020393,0.537317262,19:47.3,7,good,13.31666667,2024-01-12,2024-01-12 12:34,45.03772167,black,1
9,77895,94,9.7,0,31:26.8,1.894578653,1.513973874,1.227980841,0.884000709,19:52.1,7,bad,13.31666667,2024-01-13,2024-01-13 12:34,45.55162667,red,2
9,77895,156,9.7,0,59:19.1,1.187447928,0.795740613,0.581199786,0.216177621,19:23.5,7,bad,13.31666667,2024-03-15,2024-03-15 11:08,130.4915533,red,2
7,77903,121,0,9.7,56:39.4,0.890814043,1.230929758,0.47117034,0.568910502,19:10.9,8,good,13.31666667,2024-02-17,2024-02-17 11:56,82.49854333,black,1
4,77880,3,0,9.7,44:16.7,0.628829315,0.9139867,0.098082209,0.352174424,20:32.8,6,good,13.33333333,2023-11-07,2023-11-07 11:44,96.26379333,black,1
7,77893,74,0,9.7,14:58.9,1.207046735,0.92808918,0.705614717,0.399068854,20:22.4,7,bad,13.33333333,2024-02-04,2024-02-04 12:15,65.32386167,red,2
9,77895,129,0,9.7,56:36.7,1.021985744,1.339787953,0.609092814,0.752576707,20:16.0,7,bad,13.33333333,2024-02-17,2024-02-17 11:56,83.58397,red,2
8,77904,4,0,0,27:19.5,0.393516523,0.322255186,0.067747762,0.045799226,20:04.8,8,bad,13.33333333,2023-10-26,2023-10-26 11:27,112.6468967,red,2
5,90338,32,9.7,9.7,11:27.2,0.702408243,0.916166985,0.102136946,0.29067771,20:14.4,10,good,13.33333333,2024-11-29,2024-11-29 12:14,65.42368167,black,1
3,77869,1,0,0,31:28.7,1.244952255,0.663873822,0.84439991,0.321009706,21:48.5,5,bad,13.35,2023-10-29,2023-10-29 11:31,110.192055,red,2
4,77870,50,0,9.7,30:33.5,1.474370032,1.247414891,0.926557671,0.642683147,21:43.6,5,bad,13.35,2023-12-17,2023-12-17 12:31,50.40983667,red,2
9,77895,20,0,9.7,32:59.8,0.974054061,1.445706808,0.598392468,0.681156826,21:42.7,7,good,13.35,2023-10-31,2023-10-31 11:34,107.295095,black,1
2,90335,31,0,0,08:37.6,0.70301525,1.036607308,0.124776767,0.545075143,21:37.5,10,good,13.35,2024-11-24,2024-11-24 12:08,72.99165833,black,1
2,68912,136,0,7.3,23:23.6,1.198734551,1.670512649,0.865142013,1.044643628,22:48.4,2,bad,13.36666667,2023-03-08,2023-03-08 11:23,119.3567333,red,2
1,68921,23,0,7.2,03:50.4,0.889535392,1.028335682,0.280802469,0.470931449,22:37.7,4,good,13.36666667,2022-11-25,2022-11-25 12:09,73.34435,black,1
8,77874,105,9.7,9.7,04:09.0,0.646918679,0.785463492,0.079900269,0.134495344,21:59.3,5,good,13.36666667,2024-02-12,2024-02-12 12:04,77.75549167,black,1
3,77899,34,0,9.7,03:38.6,0.790830628,1.097616116,0.219247736,0.428383523,22:36.8,8,good,13.36666667,2023-11-21,2023-11-21 12:03,78.879255,black,1
2,90345,63,0,48.49,36:32.5,0.713861325,1.260903867,0.11037043,0.722219182,22:12.7,11,good,13.36666667,2025-01-04,2025-01-04 12:36,45.51238,black,1
5,90359,28,0,9.7,28:06.0,1.076925912,1.533624857,0.34943058,0.867231515,22:10.8,12,bad,13.36666667,2024-12-12,2024-12-12 12:28,54.06292,red,2
4,77900,3,9.7,0,20:29.7,0.692167406,0.998594689,0.132257712,0.376794284,23:16.3,8,good,13.38333333,2023-10-21,2023-10-21 11:20,122.688565,black,1
5,77901,13,0,9.7,22:22.3,0.848798662,1.209561207,0.40048174,0.623399799,23:12.5,8,good,13.38333333,2023-10-31,2023-10-31 11:34,108.79237,black,1
6,90349,140,9.7,9.7,38:47.6,0.897474676,0.338467889,0.173139804,0.025675658,23:35.9,11,bad,13.38333333,2025-03-31,2025-03-31 10:38,164.798505,red,2
5,68915,2,14.6,7.3,29:04.2,0.773765045,0.865123586,0.155637262,0.293139157,24:13.7,2,good,13.4,2022-10-27,2022-10-27 11:29,115.0444233,black,1
9,77895,116,9.7,0,15:00.9,1.389495036,0.94898422,0.763905291,0.513874364,24:17.3,7,bad,13.4,2024-02-04,2024-02-04 12:15,69.23809333,red,2
1,68911,1,7.3,0,15:29.3,1.578366009,0.941013646,0.945546491,0.345800229,25:00.2,2,bad,13.41666667,2022-10-17,2022-10-17 11:15,129.4370217,red,2
9,90332,10,9.7,9.7,55:45.8,0.804404178,1.260560461,0.222520922,0.636572325,25:41.7,9,good,13.41666667,2024-10-30,2024-10-30 11:34,111.6451833,black,1
2,90345,125,0,9.7,24:03.1,0.783896183,1.318467043,0.17453624,0.632306069,25:22.4,11,good,13.41666667,2025-03-07,2025-03-07 11:24,120.9732,black,1
6,90349,19,19.4,19.4,12:07.1,0.735140338,1.510990138,0.20866544,1.059696766,25:24.4,11,good,13.41666667,2024-11-30,2024-11-30 12:16,69.40656667,black,1
2,68907,111,7.3,7.3,23:40.7,1.188104918,1.473174141,0.556110024,1.015086178,26:09.7,1,bad,13.43333333,2023-01-27,2023-01-27 12:23,62.411795,red,2
3,68908,40,0,7.3,55:51.4,0.781779084,0.527020766,0.164283874,0.104000984,26:26.5,1,bad,13.43333333,2022-11-15,2022-11-15 11:55,90.541675,red,2
4,68909,97,7.3,14.6,30:51.7,0.996562512,1.39686579,0.319615851,0.762742524,27:08.5,1,good,13.45,2023-01-18,2023-01-18 12:31,55.82538833,black,1
5,68920,33,7.3,0,19:50.8,1.691724684,1.296932635,1.115275563,0.716650266,27:33.8,3,bad,13.45,2022-12-04,2022-12-04 12:19,67.59659,red,2
2,77898,109,0,9.72,16:15.4,1.194238878,1.541326535,0.653977844,0.871574465,27:36.5,8,bad,13.45,2024-02-03,2024-02-03 12:16,71.340985,red,2
9,90343,146,9.7,0,50:08.9,1.439264457,0.746590672,0.838036159,0.228062881,27:21.3,10,bad,13.45,2025-03-25,2025-03-25 10:50,157.0890783,red,2
7,90363,93,0,19.4,58:38.0,0.716928425,1.209808874,0.180821325,0.752998356,27:57.1,12,good,13.45,2025-02-15,2025-02-15 11:58,89.31793833,black,1
4,68909,43,0,7.3,09:16.0,0.942134389,1.116575869,0.241487841,0.459504382,28:54.3,1,good,13.46666667,2022-11-25,2022-11-25 12:09,79.62088,black,1
9,77895,68,4176.46,9.7,31:51.2,0.635390601,1.082197839,0.120997271,0.342431236,28:27.5,7,good,13.46666667,2023-12-18,2023-12-18 12:31,56.49232,black,1
1,77897,85,9.7,19.4,36:26.6,0.766848693,1.308020421,0.07478798,0.773165941,28:34.9,8,good,13.46666667,2024-01-06,2024-01-06 12:36,52.04759833,black,1
2,77898,39,0,9.7,08:50.4,0.668604091,1.396364547,0.103881415,0.549088167,28:17.5,8,good,13.46666667,2023-11-25,2023-11-25 12:08,79.32563334,black,1
7,90363,84,9.7,9.7,11:28.9,1.405974146,0.937864222,1.057683299,0.474349007,28:40.6,12,bad,13.46666667,2025-02-06,2025-02-06 12:11,77.14304833,red,2
2,68912,141,0,0,13:59.3,1.441310648,1.716775719,0.70917074,0.850273893,29:27.6,2,bad,13.48333333,2023-03-13,2023-03-13 11:14,135.3596467,red,2
2,68917,93,0,7.3,23:38.5,0.352860814,1.273432985,0.064682559,0.853761852,29:39.3,3,good,13.48333333,2023-01-27,2023-01-27 12:23,65.90428167,black,1
4,77870,1,0,9.7,30:34.7,1.323257287,0.620250772,0.759879985,0.081636066,29:28.6,5,bad,13.48333333,2023-10-29,2023-10-29 11:31,117.8597883,red,2
7,77893,75,0,9.7,13:38.1,0.811090991,1.135057998,0.420926179,0.630735926,29:03.0,7,good,13.48333333,2024-02-05,2024-02-05 12:13,75.26693667,black,1
4,90347,1,0,9.7,52:20.8,1.239109353,0.806810157,0.964559527,0.339067807,30:52.7,11,bad,13.5,2024-11-12,2024-11-12 11:52,98.49457167,red,2
5,90359,79,9.7,0,17:41.2,0.804223035,1.231646334,0.343226879,0.663075253,30:40.7,12,good,13.5,2025-02-01,2025-02-01 12:17,72.89487667,black,1
4,68909,1,0,7.3,11:33.0,1.545373667,1.095421597,1.027522745,0.75253625,31:38.9,1,bad,13.51666667,2022-10-14,2022-10-14 11:11,140.0644133,red,2
5,77881,113,0,9.7,42:32.0,0.802314347,1.192204325,0.218421549,0.683793618,31:14.8,6,good,13.51666667,2024-02-25,2024-02-25 11:43,107.6792283,black,1
9,77895,6,0,9.7,15:07.3,1.048938364,0.682290721,0.527922216,0.164120724,32:46.2,7,bad,13.53333333,2023-10-17,2023-10-17 11:15,137.5538417,red,2
2,77898,111,0,9.7,13:38.3,0.946012421,1.314908647,0.403415216,0.652676354,32:30.1,8,good,13.53333333,2024-02-05,2024-02-05 12:13,78.71832833,black,1
5,90359,68,9.7,0,26:37.5,1.443476045,1.209297894,0.924842672,0.660566274,32:20.6,12,bad,13.53333333,2025-01-21,2025-01-21 12:28,63.60999667,red,2
5,68910,40,7.3,7.3,05:20.5,0.66927755,0.553297612,0.302092561,0.054581242,33:29.6,1,bad,13.55,2022-11-22,2022-11-22 12:05,88.093855,red,2
3,77869,14,0,0,49:54.9,0.677250042,0.49833852,0.08992998,0.044962553,33:46.7,5,bad,13.55,2023-11-11,2023-11-11 11:49,103.8452933,red,2
5,77881,134,9.7,902.01,05:03.3,0.709589245,1.509695912,0.095310629,0.279028967,33:22.3,6,good,13.55,2024-03-17,2024-03-17 11:05,148.2885,black,1
8,77874,74,0,9.7,33:00.4,0.990615846,1.295584454,0.49207497,0.622679233,34:31.3,5,good,13.56666667,2024-01-12,2024-01-12 12:34,59.7718,black,1
7,90363,28,0,9.7,27:16.6,1.06241345,1.616954348,0.433510315,0.876731706,34:46.3,12,bad,13.56666667,2024-12-12,2024-12-12 12:28,66.65565667,red,2
3,68913,1,0,7.3,23:38.6,1.691886335,0.63330011,0.755655094,0.21467529,35:13.6,2,bad,13.58333333,2022-10-23,2022-10-23 11:23,131.559435,red,2
4,68919,112,0,0,46:13.7,1.364865098,1.734596118,0.818226178,0.995793955,35:54.9,3,bad,13.58333333,2023-02-19,2023-02-19 11:53,102.8144267,red,2
3,77879,1,0,9.7,39:56.0,1.773248837,0.860159497,0.830475043,0.446729027,35:35.8,6,bad,13.58333333,2023-11-04,2023-11-04 11:40,115.5467417,red,2
5,77881,76,9.7,9.7,30:44.4,0.894608762,1.049735146,0.204840548,0.590880344,35:39.0,6,good,13.58333333,2024-01-19,2024-01-19 12:30,64.85007167,black,1
5,77881,94,0,9.7,11:49.2,0.960691943,1.376720747,0.313872574,0.825531232,35:28.8,6,good,13.58333333,2024-02-06,2024-02-06 12:12,82.97990333,black,1
1,77897,33,0,9.7,45:17.6,1.17692056,1.3161922,0.515544313,0.895960383,35:56.8,8,bad,13.58333333,2023-11-15,2023-11-15 11:55,100.4129117,red,2
2,90345,22,0,9.7,08:29.7,1.153138542,1.460611526,0.381839584,0.791476238,35:13.4,11,bad,13.58333333,2024-11-24,2024-11-24 12:08,86.59035,red,2
2,90345,25,0,9.7,11:33.1,1.280451756,0.909209074,0.795867337,0.303857063,35:41.7,11,bad,13.58333333,2024-11-27,2024-11-27 12:12,83.29471,red,2
10,77876,2,0,9.7,27:43.4,0.856453829,1.885528863,0.24360335,0.867790986,36:09.5,5,good,13.6,2023-11-02,2023-11-02 11:37,118.9408567,black,1
4,77900,21,0,9.7,45:04.5,1.033826559,1.252197237,0.478157965,0.830157342,36:51.6,8,bad,13.6,2023-11-08,2023-11-08 11:45,111.160425,red,2
4,68919,15,0,0,54:26.0,1.423508623,1.722940533,0.762771476,0.899565263,37:25.7,3,bad,13.61666667,2022-11-14,2022-11-14 11:54,102.9285483,red,2
5,77871,1,0,9.7,02:17.1,1.440799642,2.014602392,0.531253646,0.892361729,37:33.2,5,bad,13.61666667,2023-10-31,2023-10-31 11:34,123.1363033,red,2
9,77895,154,0,9.7,12:37.0,1.225525023,0.578387757,0.673831,0.083118532,37:42.0,7,bad,13.61666667,2024-03-13,2024-03-13 11:12,144.9997933,red,2
4,77900,1,0,9.7,17:51.0,1.320788705,1.727132995,0.55115821,0.956758364,37:06.9,8,bad,13.61666667,2023-10-19,2023-10-19 11:17,139.2311917,red,2
7,77903,119,9.7,0,59:36.7,1.225127084,0.907706748,0.662436788,0.472622248,37:29.6,8,bad,13.61666667,2024-02-15,2024-02-15 11:59,97.72722,red,2
2,68912,145,0,7.31,06:28.8,1.186100274,1.646151144,0.626442676,1.153178382,38:15.3,2,bad,13.63333333,2023-03-17,2023-03-17 11:06,151.75506,red,2
3,68913,43,14.6,7.3,19:51.7,1.932133587,1.460644986,1.01652507,0.916022185,38:46.2,2,bad,13.63333333,2022-12-04,2022-12-04 12:19,78.80288167,red,2
2,68917,76,14.6,0,35:22.9,1.755507278,1.345861176,0.955743656,0.850182838,38:06.6,3,bad,13.63333333,2023-01-10,2023-01-10 12:35,62.69326333,red,2
9,77895,117,0,9.7,12:59.8,1.233783163,1.008224867,0.773505697,0.484093344,38:55.2,7,bad,13.63333333,2024-02-05,2024-02-05 12:13,85.13648167,red,2
9,77895,127,0,9.7,28:02.3,1.11640618,1.567221327,0.607148703,0.883068142,39:32.6,7,bad,13.65,2024-02-15,2024-02-15 11:59,99.77703667,red,2
1,77897,72,9.7,1125.06,35:00.6,0.924651798,1.523716496,0.146474409,0.92553079,39:16.2,8,good,13.65,2023-12-24,2023-12-24 12:35,64.22042333,black,1
1,68906,34,14.6,14.6,51:33.0,1.543359679,0.992389787,0.824814292,0.388031135,40:15.7,1,bad,13.66666667,2022-11-14,2022-11-14 11:54,105.7614217,red,2
5,90359,51,0,377.7,36:40.5,1.495725898,1.238998622,0.954478243,0.712918408,40:07.8,12,bad,13.66666667,2025-01-04,2025-01-04 12:36,63.42965833,red,2
5,90359,77,0,9.7,16:13.6,0.925459679,1.163139883,0.381724991,0.583832225,40:22.3,12,good,13.66666667,2025-01-30,2025-01-30 12:20,80.30477167,black,1
2,68912,22,0,7.3,54:27.9,1.775146849,1.322530398,1.027964984,0.711476698,41:35.7,2,bad,13.68333333,2022-11-14,2022-11-14 11:54,107.09566,red,2
2,68917,151,0,7.3,49:13.5,1.52946444,1.129581692,0.97457323,0.256326797,41:40.9,3,bad,13.68333333,2023-03-26,2023-03-26 10:49,172.4157083,red,2
6,77872,10,9.7,0,45:20.9,0.889896161,0.645335778,0.395842839,0.105091241,41:29.9,5,bad,13.68333333,2023-11-09,2023-11-09 11:47,114.3823267,red,2
4,77900,78,0,9.7,36:38.7,1.176890594,1.623134982,0.561966106,0.900482427,41:42.9,8,bad,13.68333333,2024-01-04,2024-01-04 12:36,64.93184333,red,2
3,68908,39,7.3,0,54:29.4,0.473813268,0.624984098,0.107830939,0.161159377,42:21.0,1,good,13.7,2022-11-14,2022-11-14 11:54,107.849525,black,1
2,68917,144,0,7.3,02:40.8,1.149147125,1.632213444,0.808561177,1.100021606,42:43.8,3,bad,13.7,2023-03-19,2023-03-19 11:02,160.045915,red,2
7,77893,77,0,9.7,06:34.8,0.631024736,0.848931333,0.225831868,0.424201306,42:02.3,7,good,13.7,2024-02-07,2024-02-07 12:11,90.83819833,black,1
7,90363,33,0,9.7,31:43.7,0.630994235,1.477315737,0.136187156,0.883896234,42:16.8,12,good,13.7,2024-12-17,2024-12-17 12:31,70.47989167,black,1
6,77892,5,0,0,07:31.9,0.543417386,0.678700682,0.134244431,0.206809808,43:47.8,7,good,13.71666667,2023-11-24,2023-11-24 12:07,96.13069667,black,1
9,77895,152,0,0,16:22.6,1.176531631,0.926650509,0.528296259,0.323013983,43:24.0,7,bad,13.71666667,2024-03-11,2024-03-11 11:16,146.9326167,red,2
2,68917,103,0,7.3,12:06.4,0.532992752,1.230321682,0.15584206,0.977355384,44:53.0,3,good,13.73333333,2023-02-06,2023-02-06 12:12,92.71619167,black,1
4,68919,143,0,7.3,56:53.8,1.235670676,0.855007237,0.724468793,0.269402047,44:14.7,3,bad,13.73333333,2023-03-22,2023-03-22 10:56,167.31129,red,2
7,77873,1,0,9.7,02:09.3,1.419848629,2.224788614,0.442505924,1.273999065,44:12.8,5,bad,13.73333333,2023-10-31,2023-10-31 11:34,129.7962417,red,2
8,77904,9,0,9.7,34:17.5,0.642901316,0.584129506,0.082644455,0.058773355,44:49.7,8,bad,13.73333333,2023-10-31,2023-10-31 11:34,130.4111267,red,2
2,90345,121,0,9.7,31:37.9,1.304637498,0.962511233,1.006901126,0.516756047,44:54.9,11,bad,13.73333333,2025-03-03,2025-03-03 11:31,133.2144383,red,2
5,90359,33,9.7,0,31:45.5,0.704458682,1.397153957,0.125216537,0.771721996,44:45.0,12,good,13.73333333,2024-12-17,2024-12-17 12:31,72.949545,black,1
1,68906,116,0,7.3,14:34.9,1.374504898,1.146441276,0.666265252,0.459790656,45:17.5,1,bad,13.75,2023-02-04,2023-02-04 12:14,90.57467,red,2
8,77874,66,0,9.7,36:42.0,1.026319231,1.38463508,0.430017691,0.796992838,45:58.5,5,bad,13.75,2024-01-04,2024-01-04 12:36,69.19101333,red,2
9,77895,112,0,9.7,19:12.3,1.536899905,1.07393694,0.91024699,0.623770901,45:46.5,7,bad,13.75,2024-01-31,2024-01-31 12:19,85.99164667,red,2
4,77900,59,0,19.4,30:36.9,1.009895864,1.565078871,0.565377186,1.035061648,45:13.3,8,bad,13.75,2023-12-16,2023-12-16 12:30,74.605665,red,2
7,90363,67,0,9.7,29:00.7,1.378224004,0.927116713,0.826357146,0.437995473,45:14.2,12,bad,13.75,2025-01-20,2025-01-20 12:29,75.71947833,red,2
1,68921,77,0,7.3,30:00.5,1.048671111,0.896306412,0.512417161,0.314654261,46:28.9,4,bad,13.76666667,2023-01-18,2023-01-18 12:31,75.165625,red,2
9,77895,155,0,9.7,10:29.6,0.891171047,0.765110614,0.447720203,0.256465246,46:24.5,7,bad,13.76666667,2024-03-14,2024-03-14 11:10,155.6078117,red,2
7,90350,1,0,9.7,43:47.1,1.697086932,0.74836936,0.985070702,0.116426013,46:43.5,11,bad,13.76666667,2024-11-06,2024-11-06 11:43,122.8076383,red,2
2,68907,121,14.6,0,12:08.8,0.675467008,1.280035671,0.248180941,0.841545672,47:57.8,1,good,13.78333333,2023-02-06,2023-02-06 12:12,95.79668667,black,1
2,68922,135,0,7.3,06:24.4,1.627362958,1.253303021,0.984506271,0.616970918,47:55.0,4,bad,13.78333333,2023-03-17,2023-03-17 11:06,161.4165117,red,2
4,77880,1,0,9.7,41:21.3,1.624876478,0.91108624,0.899825471,0.521660171,47:50.9,6,bad,13.78333333,2023-11-05,2023-11-05 11:41,126.382275,red,2
4,68919,124,7.3,0,32:29.0,1.120884869,1.630348115,0.739339478,1.02517649,48:41.4,3,bad,13.8,2023-03-03,2023-03-03 11:32,136.12338,red,2
8,77874,25,9.7,9.7,06:53.2,1.543968541,0.971113309,1.316031143,0.349192268,48:39.0,5,bad,13.8,2023-11-24,2023-11-24 12:07,100.9839667,red,2
8,77904,12,0,9.7,38:30.1,0.409866661,0.345084135,0.049373254,0.031882416,48:33.2,8,bad,13.8,2023-11-03,2023-11-03 11:38,129.9202617,red,2
1,68906,27,0,7.3,44:34.3,1.47924298,1.202439496,0.764700893,0.549034505,49:49.8,1,bad,13.81666667,2022-11-07,2022-11-07 11:44,125.1804117,red,2
10,77886,96,0,9.7,01:16.6,0.591249473,1.105755918,0.081702509,0.470805037,50:28.5,6,good,13.83333333,2024-02-14,2024-02-14 12:01,109.1918417,black,1
4,77900,4,0,9.7,21:44.1,1.02999775,0.741708889,0.407318089,0.141122822,50:41.9,8,bad,13.83333333,2023-10-22,2023-10-22 11:21,148.7482383,red,2
2,90335,3,0,0,29:41.5,0.766354721,1.048613677,0.479193877,0.608067862,50:05.5,10,good,13.83333333,2024-10-27,2024-10-27 11:29,140.2417317,black,1
2,90345,94,0,9.7,14:00.1,0.666065405,1.046023049,0.137938694,0.407033193,50:06.3,11,good,13.83333333,2025-02-04,2025-02-04 12:14,95.98903667,black,1
2,68917,39,0,14.6,19:57.1,1.355474765,1.625733812,0.825768597,0.964081071,51:01.5,3,bad,13.85,2022-12-04,2022-12-04 12:19,91.05766667,red,2
3,77879,70,0,9.7,34:36.4,1.301983526,1.161408978,0.92877969,0.672853313,51:28.5,6,bad,13.85,2024-01-12,2024-01-12 12:34,76.72477667,red,2
5,77881,101,0,9.7,02:44.9,1.066194102,1.585385601,0.510254626,0.751240321,51:47.0,6,bad,13.85,2024-02-13,2024-02-13 12:02,109.0167317,red,2
7,77903,63,0,0,33:32.7,1.444505655,1.138757722,0.969383665,0.603196197,51:52.3,8,bad,13.85,2023-12-21,2023-12-21 12:33,78.188665,red,2
2,90345,81,38.8,9.7,25:24.5,1.155825702,0.971333467,0.878068148,0.39574277,51:19.7,11,bad,13.85,2025-01-22,2025-01-22 12:27,83.41215833,red,2
1,90354,37,0,9.7,32:56.6,1.535107196,0.964050525,0.680114946,0.476736434,51:06.4,12,bad,13.85,2024-12-19,2024-12-19 12:33,78.09035333,red,2
2,68912,139,58.44,7.3,17:47.2,1.357341478,0.909583204,0.743631306,0.282710442,52:36.3,2,bad,13.86666667,2023-03-11,2023-03-11 11:17,154.754675,red,2
4,68914,83,0,7.3,14:11.5,1.432065815,1.082901655,0.884434082,0.560777059,52:33.8,2,bad,13.86666667,2022-11-29,2022-11-29 12:14,98.313645,red,2
2,68917,141,0,7.3,08:18.5,1.499094798,0.915653791,1.088323881,0.453899132,52:51.5,3,bad,13.86666667,2023-03-16,2023-03-16 11:08,164.45777,red,2
5,68920,2,7.3,0,10:45.5,0.879811865,0.72108483,0.253154631,0.111275401,52:08.8,3,bad,13.86666667,2022-11-03,2022-11-03 11:39,133.1464283,red,2
4,68924,90,7.3,0,18:16.5,0.386802213,1.070753415,0.045060553,0.728792941,52:52.5,4,good,13.86666667,2023-02-01,2023-02-01 12:18,94.541425,black,1
9,77895,100,0,9.7,30:10.0,0.755025031,1.239191583,0.164126603,0.706258582,52:22.3,7,good,13.86666667,2024-01-19,2024-01-19 12:30,81.571455,black,1
9,77895,163,9.7,9.7,55:27.4,0.925957991,2.259978932,0.378891902,1.482295229,52:42.5,7,good,13.86666667,2024-03-22,2024-03-22 10:55,177.1912383,black,1
5,90359,74,9.7,0,21:57.3,1.312366406,1.2019669,0.70428745,0.469538659,52:43.7,12,bad,13.86666667,2025-01-27,2025-01-27 12:23,89.46088167,red,2
5,90359,80,19.4,48.49,15:01.3,0.96802938,1.255295348,0.413737664,0.688105677,52:44.7,12,good,13.86666667,2025-02-02,2025-02-02 12:16,96.16226333,black,1
2,68907,94,0,0,35:18.0,1.220483132,1.403485682,0.724369566,1.07574414,53:43.2,1,bad,13.88333333,2023-01-10,2023-01-10 12:35,78.3032,red,2
5,68910,46,7.3,7.3,12:55.5,0.62739268,0.509840847,0.076842661,0.067751846,53:14.6,1,bad,13.88333333,2022-11-28,2022-11-28 12:13,100.209505,red,2
2,68917,140,7.3,0,10:15.9,1.782691449,1.252579894,1.071807089,0.885151901,53:06.7,3,bad,13.88333333,2023-03-15,2023-03-15 11:10,162.795625,red,2
4,68919,99,7.3,0,12:08.7,0.36680426,1.290629377,0.046981131,0.813335909,53:19.0,3,good,13.88333333,2023-02-06,2023-02-06 12:12,101.14982,black,1
4,68919,141,0,7.3,00:42.2,1.562602427,1.193515287,0.936419421,0.57954921,53:46.1,3,bad,13.88333333,2023-03-20,2023-03-20 11:00,173.0024483,red,2
3,77869,25,9.7,0,04:54.5,0.884473176,0.852629988,0.164766073,0.110106287,53:47.0,5,bad,13.88333333,2023-11-22,2023-11-22 12:05,108.7335783,red,2
5,68925,14,7.3,0,05:22.6,1.51036717,1.226172865,0.886032741,0.525322129,54:41.8,4,bad,13.9,2022-11-22,2022-11-22 12:05,109.29696,red,2
2,90345,69,0,0,34:23.6,0.801316632,1.138661944,0.213209303,0.49275612,54:20.0,11,good,13.9,2025-01-10,2025-01-10 12:35,79.08359667,black,1
1,68906,155,0,7.3,10:16.8,1.427049305,1.865493873,0.694730507,0.894901791,55:04.5,1,bad,13.91666667,2023-03-15,2023-03-15 11:10,164.7578683,red,2
3,68908,34,0,7.3,47:23.1,0.496011384,0.547177978,0.081003889,0.109125756,55:55.5,1,good,13.91666667,2022-11-09,2022-11-09 11:47,128.4423883,black,1
4,68924,7,0,0,48:48.2,0.738657533,1.154573423,0.181813123,0.74356496,55:23.8,4,good,13.91666667,2022-11-10,2022-11-10 11:48,126.4971483,black,1
5,77881,79,0,19.4,28:25.1,1.027859422,1.242080513,0.349918712,0.553419153,55:57.5,6,bad,13.91666667,2024-01-22,2024-01-22 12:28,87.42486667,red,2
3,90326,125,9.7,0,18:19.3,0.17626905,0.890048073,0.021557035,0.787000246,55:41.4,9,good,13.91666667,2025-02-24,2025-02-24 11:44,131.6906833,black,1
9,90343,71,0,9.7,35:28.3,0.8927553,1.262731104,0.378639685,0.684244507,55:15.1,10,good,13.91666667,2025-01-09,2025-01-09 12:35,79.6524,black,1
2,68907,40,14.6,890.4,58:37.8,0.935843333,1.60184017,0.20048059,1.038055553,56:49.9,1,good,13.93333333,2022-11-17,2022-11-17 11:58,118.1821117,black,1
4,68919,94,0,7.3,18:12.7,0.8741041,1.375364698,0.406927239,0.960047128,56:05.9,3,good,13.93333333,2023-02-01,2023-02-01 12:18,97.76447333,black,1
5,77881,74,0,9.7,31:32.0,0.960055334,1.549348766,0.29848991,0.818764789,56:48.6,6,good,13.93333333,2024-01-17,2024-01-17 12:32,84.67675167,black,1
3,68913,102,0,7.3,18:14.9,1.370308996,0.639848101,0.978429964,0.245558058,57:06.4,2,bad,13.95,2023-02-01,2023-02-01 12:18,98.77368333,red,2
5,77881,89,0,9.7,12:02.9,1.325783899,2.043749096,0.76096342,1.20359919,57:10.6,6,bad,13.95,2024-02-01,2024-02-01 12:18,98.54405667,red,2
2,77888,38,0,9.7,33:32.2,1.405085085,1.042665255,0.872593175,0.575103796,57:02.1,7,bad,13.95,2023-12-21,2023-12-21 12:33,83.35206,red,2
8,77904,7,0,0,31:29.2,0.37583525,0.329490397,0.050133319,0.038982448,57:51.9,8,bad,13.95,2023-10-29,2023-10-29 11:31,146.2479483,red,2
1,68906,151,0,0,17:45.8,1.453704348,0.871046271,0.866006123,0.367564915,58:32.6,1,bad,13.96666667,2023-03-11,2023-03-11 11:17,160.6925583,red,2
1,68911,20,14.07,7.3,37:37.0,1.189838559,0.837637396,0.69408897,0.18285049,58:05.0,2,bad,13.96666667,2022-11-05,2022-11-05 11:41,136.24981,red,2
9,77895,111,0,9.7,20:44.3,1.851041329,0.821813763,0.91994774,0.331741707,58:56.8,7,bad,13.96666667,2024-01-30,2024-01-30 12:20,98.06309,red,2
2,90345,105,0,9.7,58:37.0,0.664032666,1.247146527,0.149459156,0.741208229,58:28.8,11,good,13.96666667,2025-02-15,2025-02-15 11:58,119.8459783,black,1
7,90363,82,38.79,9.7,14:04.0,0.756242374,1.291306902,0.292548976,0.807999148,58:15.4,12,good,13.96666667,2025-02-04,2025-02-04 12:14,104.13947,black,1
1,68916,19,7.3,7.3,54:27.2,0.411696588,0.741453641,0.038229126,0.132867721,59:06.1,3,good,13.98333333,2022-11-14,2022-11-14 11:54,124.602495,black,1
7,77893,93,9.7,0,38:22.3,0.645034257,0.784417981,0.118522913,0.464240176,59:15.1,7,good,13.98333333,2024-02-23,2024-02-23 11:46,132.301135,black,1
5,68910,1,0,7.3,11:30.0,1.228294041,0.726736466,0.858886628,0.146167395,00:47.7,1,bad,14,2022-10-14,2022-10-14 11:11,169.2109967,red,2
3,77869,23,0,0,02:22.6,0.747651649,0.645407602,0.144408038,0.093421052,00:27.9,5,bad,14,2023-11-20,2023-11-20 12:02,118.081385,red,2
8,77904,1,0,9.6,23:10.0,1.546743338,0.736304547,0.717196521,0.333440433,00:41.9,8,bad,14,2023-10-23,2023-10-23 11:23,157.3816933,red,2
5,90338,1,0,9.6,32:37.4,1.753497266,0.575580621,0.899935626,0.199871424,00:56.4,10,bad,14,2024-10-29,2024-10-29 11:32,148.2905983,red,2
2,68907,149,0,7.3,24:43.4,0.549519464,0.709732259,0.067655089,0.147190998,01:29.3,1,good,14.01666667,2023-03-06,2023-03-06 11:27,154.35431,black,1
2,68912,24,7.3,0,57:15.9,1.079505232,1.530636451,0.441278792,1.019144426,01:25.6,2,bad,14.01666667,2022-11-16,2022-11-16 11:57,124.142725,red,2
3,68913,107,0,7.3,12:03.9,0.374237,1.101613278,0.07957272,0.801719509,01:45.1,2,good,14.01666667,2023-02-06,2023-02-06 12:12,109.58466,black,1
4,68914,78,7.3,0,07:56.4,0.829141867,1.445398338,0.49627075,1.010463843,01:23.7,2,good,14.01666667,2022-11-24,2022-11-24 12:08,113.3957783,black,1
5,68915,94,0,7.3,23:34.6,1.147678462,1.432642356,0.538510371,0.678305452,01:27.7,2,bad,14.01666667,2023-01-27,2023-01-27 12:23,97.71113167,red,2
2,68917,98,0,7.3,18:14.1,0.661414276,1.138627925,0.365011216,0.82276811,01:21.0,3,good,14.01666667,2023-02-01,2023-02-01 12:18,103.0172383,black,1
6,77872,1,0,1018.47,34:20.7,1.450345874,0.631323058,0.783049107,0.100196607,01:41.5,5,bad,14.01666667,2023-10-31,2023-10-31 11:34,147.274965,red,2
10,77876,3,0,9.6,38:30.9,1.03138633,0.797956992,0.510576577,0.282679576,01:00.7,5,bad,14.01666667,2023-11-03,2023-11-03 11:38,142.3788967,red,2
9,77895,82,0,9.7,36:35.4,1.372496042,1.73146756,0.849224825,1.002513415,01:32.6,7,bad,14.01666667,2024-01-01,2024-01-01 12:36,84.70976667,red,2
7,90363,36,0,9.7,33:25.7,0.517186734,1.271065053,0.101947632,0.757968868,01:07.8,12,good,14.01666667,2024-12-20,2024-12-20 12:33,87.57985833,black,1
5,68925,88,0,7.3,12:44.0,1.118981242,1.322832164,0.747782142,0.832944709,02:29.1,4,bad,14.03333333,2023-02-04,2023-02-04 12:14,107.7677733,red,2
1,77897,32,9.7,19.3,54:04.3,0.935138815,1.373783001,0.471847767,0.833789193,02:49.9,8,good,14.03333333,2023-11-14,2023-11-14 11:54,128.6811783,black,1
9,90343,50,19.4,1706.96,32:57.1,1.23443618,0.790076869,0.718684288,0.235589077,02:16.1,10,bad,14.03333333,2024-12-19,2024-12-19 12:33,89.25247167,red,2
2,90345,96,0,9.7,10:36.8,1.129091528,0.760251741,0.748492389,0.234457763,02:52.9,11,bad,14.03333333,2025-02-06,2025-02-06 12:11,111.347735,red,2
2,68912,111,0,7.3,05:12.1,1.495144434,1.299313693,1.014541163,0.561313435,03:38.6,2,bad,14.05,2023-02-11,2023-02-11 12:05,118.3434833,red,2
6,77872,6,67.89,19.4,41:23.5,0.657801575,0.920970979,0.245404775,0.559760159,03:24.3,5,good,14.05,2023-11-05,2023-11-05 11:41,141.9383167,black,1
2,77888,65,0,0,31:58.9,0.979061318,1.276905021,0.335627418,0.732467437,03:04.7,7,good,14.05,2024-01-17,2024-01-17 12:32,90.94430166,black,1
9,77895,113,0,9.7,10:45.1,1.538054958,2.553090069,0.890241095,1.188484161,03:28.7,7,bad,14.05,2024-02-01,2024-02-01 12:18,104.8447367,red,2
2,90345,120,0,9.7,33:25.7,0.914272474,1.389688154,0.394144343,0.648442551,04:40.8,11,good,14.06666667,2025-03-02,2025-03-02 11:33,151.1793267,black,1
6,90349,33,9.7,9.7,25:51.3,0.609173428,1.058792708,0.102792672,0.513283944,04:33.1,11,good,14.06666667,2024-12-14,2024-12-14 12:29,94.85179333,black,1
3,77899,31,0,0,59:32.5,0.938014511,1.467338221,0.385750303,0.943565674,05:13.7,8,good,14.08333333,2023-11-18,2023-11-18 11:59,125.5609767,black,1
8,90351,12,9.7,19.4,07:10.9,0.589850349,0.766592227,0.062287773,0.260268272,05:55.3,11,good,14.08333333,2024-11-23,2024-11-23 12:07,118.5888617,black,1
5,90359,84,0,0,11:28.7,0.631359736,0.806638205,0.170223577,0.224260933,05:12.3,12,good,14.08333333,2025-02-06,2025-02-06 12:11,113.6716233,black,1
4,68909,106,0,7.3,23:41.5,1.091610331,1.35175436,0.454194807,0.787571466,06:26.6,1,bad,14.1,2023-01-27,2023-01-27 12:23,102.6936433,red,2
4,77870,76,9.7,0,34:18.1,1.073261256,1.4702141,0.445023623,0.762867651,06:12.2,5,bad,14.1,2024-01-12,2024-01-12 12:34,91.45384667,red,2
7,77883,1,0,9.7,41:18.8,1.008295104,1.824685482,0.36427894,0.817045449,06:43.3,6,bad,14.1,2023-11-05,2023-11-05 11:41,145.254805,red,2
2,77888,11,19.4,116.38,07:36.6,0.745167806,1.040017411,0.10662796,0.370895287,06:01.5,7,good,14.1,2023-11-24,2023-11-24 12:07,118.357895,black,1
9,77895,93,0,9.7,34:06.7,1.06517464,1.69119954,0.600554121,0.954543594,06:00.9,7,bad,14.1,2024-01-12,2024-01-12 12:34,91.26531334,red,2
7,77903,95,9.7,9.7,28:28.2,1.151175735,1.55124281,0.340615291,0.832837681,06:50.4,8,bad,14.1,2024-01-22,2024-01-22 12:28,98.306985,red,2
3,90336,11,0,0,40:58.7,0.517254001,1.437184166,0.111776912,0.647989639,06:03.7,10,good,14.1,2024-11-04,2024-11-04 11:41,144.9619933,black,1
8,77874,16,0,9.7,55:26.8,0.986633972,1.207211449,0.376559159,0.60671169,08:34.2,5,good,14.13333333,2023-11-15,2023-11-15 11:55,133.0364917,black,1
3,77879,59,9.7,0,36:43.9,1.101623433,1.296573724,0.595652508,0.849086222,08:28.3,6,bad,14.13333333,2024-01-01,2024-01-01 12:36,91.63795167,red,2
3,77899,19,9.7,0,34:04.4,1.257346584,0.839433072,0.689292237,0.335199106,08:02.8,8,bad,14.13333333,2023-11-06,2023-11-06 11:42,145.180645,red,2
2,90345,40,0,9.7,28:04.4,1.285717638,0.954449192,0.70413464,0.382970054,08:13.1,11,bad,14.13333333,2024-12-12,2024-12-12 12:28,100.1019367,red,2
2,90345,87,9.7,0,21:57.3,1.236853692,0.834818876,0.704692585,0.291217372,08:14.6,11,bad,14.13333333,2025-01-28,2025-01-28 12:22,106.00997,red,2
4,68924,74,7.3,0,32:34.8,0.441836211,1.047789304,0.065492387,0.655398107,09:51.4,4,good,14.15,2023-01-16,2023-01-16 12:32,97.273105,black,1
5,68925,63,0,14.6,35:24.8,1.69577919,1.30738514,1.056315591,0.833544031,09:31.6,4,bad,14.15,2023-01-10,2023-01-10 12:35,94.11053833,red,2
5,77881,98,0,9.7,06:59.9,1.292915906,0.953066478,0.629563031,0.462157384,09:17.5,6,bad,14.15,2024-02-10,2024-02-10 12:07,122.1919617,red,2
3,90326,11,0,0,38:10.1,1.522947661,1.061432341,1.342192521,0.807443764,09:33.4,9,bad,14.15,2024-11-02,2024-11-02 11:38,151.290575,red,2
1,68911,27,30.81,5.69,25:18.8,0.943818042,1.398554312,0.305249226,0.389897187,10:22.6,2,good,14.16666667,2022-11-12,2022-11-12 11:51,138.6603917,black,1
5,68925,102,0,0,54:35.2,1.159842103,1.443502048,0.828185153,0.944650741,10:18.3,4,bad,14.16666667,2023-02-18,2023-02-18 11:54,135.6046033,red,2
8,77874,79,0,9.7,31:58.3,0.735347001,1.212843385,0.144141785,0.674330547,10:01.1,5,good,14.16666667,2024-01-17,2024-01-17 12:32,97.88570167,black,1
2,77898,94,0,9.7,28:09.6,1.161427485,0.829567515,0.563183116,0.4127643,10:52.9,8,bad,14.16666667,2024-01-19,2024-01-19 12:30,100.0819,red,2
3,77899,1,0,9.7,17:48.3,1.456638022,0.485167596,0.989106751,0.097688452,10:22.2,8,bad,14.16666667,2023-10-19,2023-10-19 11:17,172.4859633,red,2
7,90363,69,0,9.7,27:52.9,1.305417335,0.828556396,0.920572269,0.295679293,10:56.3,12,bad,14.16666667,2025-01-22,2025-01-22 12:27,103.0224583,red,2
5,68915,31,14.6,620.42,09:13.1,0.998893102,1.203234781,0.281088229,0.426576152,11:11.4,2,good,14.18333333,2022-11-25,2022-11-25 12:09,121.906585,black,1
4,68919,133,0,7.3,15:58.4,1.536390889,0.63894844,0.935339803,0.10872772,11:57.5,3,bad,14.18333333,2023-03-12,2023-03-12 11:15,175.9756483,red,2
2,77898,128,0,9.7,47:48.8,1.45929532,0.967104434,0.667410321,0.359021459,11:36.1,8,bad,14.18333333,2024-02-22,2024-02-22 11:48,142.984575,red,2
4,77900,112,0,38.79,11:05.2,0.84353347,1.341859049,0.331093821,0.533962926,11:45.8,8,good,14.18333333,2024-02-07,2024-02-07 12:11,120.5626833,black,1
5,77901,1,9.7,0,17:48.9,1.410281177,0.775780183,0.744295262,0.162181774,11:11.2,8,bad,14.18333333,2023-10-19,2023-10-19 11:17,173.3040383,red,2
7,77903,144,0,9.7,16:20.5,1.328548762,2.132487886,0.581197854,0.915972339,11:19.8,8,bad,14.18333333,2024-03-11,2024-03-11 11:16,174.8636883,red,2
5,90359,18,0,0,18:11.8,1.036641138,1.451126965,0.580501685,0.815168611,11:45.6,12,bad,14.18333333,2024-12-02,2024-12-02 12:18,113.4607717,red,2
5,90359,36,0,9.7,33:28.0,0.8663804,1.242059775,0.358454405,0.663035934,11:11.4,12,good,14.18333333,2024-12-20,2024-12-20 12:33,97.64032,black,1
4,68919,9,0,6.44,45:58.8,1.003691828,1.498145579,0.356370257,0.787034393,12:53.5,3,bad,14.2,2022-11-08,2022-11-08 11:46,146.8243517,red,2
2,77898,105,0,9.7,20:46.4,1.344282136,1.035390635,0.702828133,0.529145717,12:42.9,8,bad,14.2,2024-01-30,2024-01-30 12:20,111.8316917,red,2
5,68925,80,7.3,138.7,22:27.2,1.484433715,0.750210421,1.024152981,0.148662041,13:42.6,4,bad,14.21666667,2023-01-27,2023-01-27 12:23,109.960825,red,2
5,77881,110,9.7,9.7,48:33.4,1.38223933,0.813716592,0.84375929,0.310299705,13:57.8,6,bad,14.21666667,2024-02-22,2024-02-22 11:48,145.346705,red,2
2,77888,60,9.7,0,34:39.0,1.256685611,0.916404206,0.682703362,0.392874221,13:49.7,7,bad,14.21666667,2024-01-12,2024-01-12 12:34,99.07758167,red,2
2,68907,54,0,7.3,16:33.7,2.102961644,1.647339176,2.064758991,0.850635592,14:31.1,1,bad,14.23333333,2022-12-01,2022-12-01 12:16,117.91886,red,2
8,77874,63,0,9.7,36:46.3,1.047899372,1.462730791,0.529916049,0.628626448,14:58.7,5,bad,14.23333333,2024-01-01,2024-01-01 12:36,98.145735,red,2
9,77895,137,0,0,43:21.6,0.901993255,0.668251451,0.436956675,0.124472431,14:25.4,7,bad,14.23333333,2024-02-25,2024-02-25 11:43,150.8574983,red,2
7,77903,138,0,0,27:28.9,1.007058652,0.550896205,0.562487922,0.086017858,14:52.3,8,bad,14.23333333,2024-03-05,2024-03-05 11:27,167.2723617,red,2
2,90345,83,9.7,9.7,26:08.7,1.209922442,0.880824779,0.666319244,0.302028386,15:30.3,11,bad,14.25,2025-01-24,2025-01-24 12:26,109.3550283,red,2
1,68916,32,14.6,7.3,11:45.8,0.750828728,0.488510916,0.133675176,0.071653673,16:54.0,3,bad,14.26666667,2022-11-27,2022-11-27 12:11,125.099525,red,2
2,68917,19,0,7.3,54:28.9,1.57345768,1.167559201,0.898208579,0.582244822,16:02.4,3,bad,14.26666667,2022-11-14,2022-11-14 11:54,141.5399117,red,2
9,77905,26,0,9.7,59:36.2,0.915027055,1.292077793,0.43235917,0.830195766,16:55.6,8,good,14.26666667,2023-11-18,2023-11-18 11:59,137.2606983,black,1
4,68919,32,0,7.3,16:34.2,2.151610581,1.628530735,1.075633656,0.83022502,17:56.0,3,bad,14.28333333,2022-12-01,2022-12-01 12:16,121.3340917,red,2
9,77905,1,0,0,24:35.0,0.704588661,1.307580565,0.399460294,1.167405134,17:18.6,8,good,14.28333333,2023-10-24,2023-10-24 11:24,172.6258983,black,1
4,68914,48,7.3,7.3,26:18.8,1.045891965,0.552219614,0.525058608,0.092005925,18:24.3,2,bad,14.3,2022-10-25,2022-10-25 11:26,171.9886167,red,2
5,68925,85,0,7.3,18:17.6,1.288875638,0.92250293,0.993072997,0.631566722,18:26.4,4,bad,14.3,2023-02-01,2023-02-01 12:18,120.107375,red,2
9,77895,118,0,9.7,11:27.8,0.786564776,1.653743537,0.331417742,0.932134108,18:26.7,7,good,14.3,2024-02-06,2024-02-06 12:12,125.944305,black,1
2,68917,25,21.9,591.13,02:41.8,0.81135532,1.326212912,0.135977544,0.829096352,19:45.3,3,good,14.31666667,2022-11-20,2022-11-20 12:02,137.021915,black,1
2,77888,2,9.7,0,55:24.1,0.87683853,0.670620761,0.403013436,0.18081057,19:50.4,7,bad,14.31666667,2023-11-15,2023-11-15 11:55,144.305975,red,2
7,77903,104,0,0,19:38.6,1.427834365,1.158491135,0.939225315,0.696985248,19:30.7,8,bad,14.31666667,2024-01-31,2024-01-31 12:19,119.72804,red,2
4,68919,78,0,7.3,32:31.4,1.083062996,1.599371761,0.650771304,0.950364218,20:01.2,3,bad,14.33333333,2023-01-16,2023-01-16 12:32,107.436945,red,2
3,77869,19,0,9.7,56:51.9,0.320173892,0.425636161,0.028582849,0.074973927,20:49.0,5,good,14.33333333,2023-11-16,2023-11-16 11:56,143.9007567,black,1
9,77895,143,0,9.7,32:53.6,1.29900801,0.737154122,0.6664734,0.198468537,20:46.1,7,bad,14.33333333,2024-03-02,2024-03-02 11:33,167.7355067,red,2
4,68924,14,0,7.3,58:37.1,0.745149783,1.228243722,0.134173572,0.737683869,21:01.6,4,good,14.35,2022-11-17,2022-11-17 11:58,142.3772983,black,1
1,68921,91,0,7.3,18:19.7,0.84312113,1.226636785,0.327091371,0.661565247,22:00.2,4,good,14.36666667,2023-02-01,2023-02-01 12:18,123.67037,black,1
2,77898,115,0,0,08:26.5,1.333118264,0.936105142,0.654692729,0.388864173,22:22.2,8,bad,14.36666667,2024-02-09,2024-02-09 12:08,133.8874717,red,2
3,90336,1,9.7,0,27:02.7,1.839759375,0.632008099,0.993209482,0.176868418,22:02.1,10,bad,14.36666667,2024-10-25,2024-10-25 11:27,174.95142,red,2
7,90363,16,0,9.7,15:56.5,0.866575259,1.278871658,0.459041765,0.76658493,22:55.4,12,good,14.36666667,2024-11-30,2024-11-30 12:16,126.922595,black,1
7,90363,38,0,9.7,34:24.1,1.105338926,1.448740008,0.841911537,0.927906705,22:57.3,12,bad,14.36666667,2024-12-22,2024-12-22 12:34,108.4213067,red,2
3,68913,63,0,7.3,35:02.2,0.966649912,1.401757003,0.448732876,0.751420852,23:37.6,2,good,14.38333333,2022-12-24,2022-12-24 12:35,108.4774117,black,1
5,68915,12,7.3,0,43:09.3,1.00653899,0.790942509,0.344284129,0.147541898,23:34.9,2,bad,14.38333333,2022-11-06,2022-11-06 11:43,160.3485867,red,2
4,68919,89,0,7.3,21:08.1,1.626858459,1.235522722,1.041033982,0.59063777,23:06.4,3,bad,14.38333333,2023-01-27,2023-01-27 12:23,119.3566033,red,2
10,77876,83,116.39,9.7,26:43.3,1.089379453,0.935664805,0.440838418,0.228238609,23:21.4,5,bad,14.38333333,2024-01-22,2024-01-22 12:28,114.8228683,red,2
5,77881,63,0,9.7,36:22.5,1.178816922,1.474969041,0.579875924,0.771376085,23:18.7,6,bad,14.38333333,2024-01-06,2024-01-06 12:36,106.7791717,red,2
9,77895,131,0,9.7,53:30.1,1.031950512,1.523360096,0.449089282,0.843717257,23:55.1,7,bad,14.38333333,2024-02-19,2024-02-19 11:53,150.4022733,red,2
4,77900,93,9.7,9.7,30:36.5,1.332172281,1.073635088,0.87360188,0.363418598,23:31.5,8,bad,14.38333333,2024-01-19,2024-01-19 12:30,112.7254717,red,2
5,90348,29,0,9.6,21:32.2,0.811769322,1.108658379,0.296715016,0.43696088,23:49.7,11,good,14.38333333,2024-12-05,2024-12-05 12:21,122.2786117,black,1
5,90359,39,0,9.7,34:51.2,0.521461339,1.381630665,0.043065572,0.768582817,23:53.5,12,good,14.38333333,2024-12-23,2024-12-23 12:34,108.9416817,black,1
3,68923,1,0,0,47:21.8,1.436442559,1.048525856,0.790175849,0.445738967,24:51.5,4,bad,14.4,2022-11-09,2022-11-09 11:47,157.374355,red,2
2,77898,127,0,19.47,50:00.4,0.729038871,1.165207385,0.249810844,0.566890879,24:36.2,8,good,14.4,2024-02-21,2024-02-21 11:50,154.3361183,black,1
4,77900,13,0,9.7,34:21.3,0.961770077,1.379178372,0.375849689,0.686301227,24:10.3,8,good,14.4,2023-10-31,2023-10-31 11:34,169.755415,black,1
2,90345,51,0,9.7,34:38.7,0.585734417,1.129163245,0.082635647,0.654690777,24:19.2,11,good,14.4,2024-12-23,2024-12-23 12:34,109.3698283,black,1
5,90359,43,0,9.7,36:09.7,0.89779401,1.413908763,0.575985915,0.975822271,24:33.2,12,good,14.4,2024-12-27,2024-12-27 12:36,108.3370417,black,1
4,68909,21,7.03,7.3,32:10.5,1.026254245,0.750908663,0.357192257,0.179152748,25:21.4,1,bad,14.41666667,2022-11-03,2022-11-03 11:39,166.3574333,red,2
1,68911,40,0.1,7.3,09:11.1,0.858571663,1.24195338,0.28434508,0.343310035,25:30.8,2,good,14.41666667,2022-11-25,2022-11-25 12:09,136.2301567,black,1
4,68919,55,0,7.3,35:07.5,2.005328208,1.446485527,1.288671636,0.693982195,25:54.4,3,bad,14.41666667,2022-12-24,2022-12-24 12:35,110.75605,red,2
4,77870,68,0,9.7,34:44.6,1.221843805,1.605308473,0.631162445,0.956401453,25:52.9,5,bad,14.41666667,2024-01-04,2024-01-04 12:36,109.0985267,red,2
7,77903,126,9.7,0,48:27.3,1.092724063,1.457649147,0.52303109,0.713936683,25:49.5,8,bad,14.41666667,2024-02-22,2024-02-22 11:48,157.2081917,red,2
4,68909,30,0,7.3,51:34.0,0.894453407,1.163122997,0.214173901,0.462174524,25:59.5,1,good,14.43333333,2022-11-12,2022-11-12 11:51,154.2756583,black,1
5,68925,9,0,7.3,58:33.2,1.39797056,1.665052142,0.644040243,0.967516634,26:11.7,4,bad,14.43333333,2022-11-17,2022-11-17 11:58,147.5443367,red,2
4,77900,56,0,387.95,28:02.3,1.444247489,0.989997821,0.902639109,0.338143246,26:56.2,8,bad,14.43333333,2023-12-13,2023-12-13 12:28,118.6028483,red,2
2,90345,47,0,9.7,32:59.7,1.164403742,0.743682573,0.576949075,0.172548643,26:43.2,11,bad,14.43333333,2024-12-19,2024-12-19 12:33,113.7029383,red,2
1,68906,42,7.3,0,05:17.5,1.223998484,1.5403244,0.5729335,0.741739914,27:56.7,1,bad,14.45,2022-11-22,2022-11-22 12:05,142.5450983,red,2
5,68925,46,7.3,0,35:06.9,1.19466919,1.722861438,0.424290696,0.929045617,27:13.9,4,bad,14.45,2022-12-24,2022-12-24 12:35,112.0814233,red,2
9,77895,135,0,19.4,38:33.0,0.840847893,1.561486758,0.314391972,0.566346226,27:04.3,7,good,14.45,2024-02-23,2024-02-23 11:46,160.122045,black,1
2,77898,131,19.4,9.7,43:26.6,1.138487598,0.705172601,0.511604272,0.143153031,27:55.5,8,bad,14.45,2024-02-25,2024-02-25 11:43,164.358515,red,2
7,77903,128,0,9.7,44:31.6,1.05261415,0.732333417,0.513494646,0.107915504,27:33.2,8,bad,14.45,2024-02-24,2024-02-24 11:45,162.2862683,red,2
9,90343,56,0,9.7,35:35.2,0.508840086,1.213594377,0.083113802,0.837708156,27:51.5,10,good,14.45,2024-12-25,2024-12-25 12:35,112.1913567,black,1
2,68912,85,0,7.3,32:28.3,1.136785981,0.75826025,0.610440711,0.38178973,28:13.8,2,bad,14.46666667,2023-01-16,2023-01-16 12:32,115.646525,red,2
1,77897,84,0,9.7,36:39.4,1.07660941,1.376168042,0.563456187,0.839764869,28:36.2,8,bad,14.46666667,2024-01-05,2024-01-05 12:36,111.9369817,red,2
2,77898,116,0,9.7,01:19.7,1.411357553,0.893387449,0.627752698,0.282029125,28:01.8,8,bad,14.46666667,2024-02-10,2024-02-10 12:07,140.9294183,red,2
4,68924,17,7.3,7.3,02:37.4,0.876598695,1.468689121,0.142318417,0.761244864,29:39.3,4,good,14.48333333,2022-11-20,2022-11-20 12:02,146.9218483,black,1
2,90345,89,9.7,0,19:56.1,1.239496874,0.793729187,0.760481022,0.196383295,29:10.6,11,bad,14.48333333,2025-01-30,2025-01-30 12:20,129.1104933,red,2
2,90345,107,0,0,55:21.6,1.189017947,1.481209101,0.46165966,0.639210231,29:20.0,11,bad,14.48333333,2025-02-17,2025-02-17 11:55,153.81722,red,2
7,90363,78,0,9.7,18:54.9,0.617400698,1.582496846,0.157894156,0.886566283,29:07.7,12,good,14.48333333,2025-01-31,2025-01-31 12:18,130.1949783,black,1
2,68912,39,7.3,0,16:29.2,1.94816967,1.561106408,1.023756571,0.734880014,30:15.6,2,bad,14.5,2022-12-01,2022-12-01 12:16,133.6595133,red,2
2,68912,106,7.3,0,12:03.7,1.084642198,1.781431545,0.886843941,1.195827684,30:19.9,2,bad,14.5,2023-02-06,2023-02-06 12:12,138.16502,red,2
5,68915,26,7.2,0.1,02:40.7,1.053441368,1.212185809,0.313527528,0.500793711,30:11.8,2,bad,14.5,2022-11-20,2022-11-20 12:02,147.4633,red,2
8,77874,81,0,9.7,30:41.1,1.20201068,0.983288095,0.643896287,0.429017927,30:42.9,5,bad,14.5,2024-01-19,2024-01-19 12:30,119.9155883,red,2
9,77895,86,0,9.7,36:36.1,1.17435366,1.671831519,0.67939998,1.074397908,30:19.7,7,bad,14.5,2024-01-05,2024-01-05 12:36,113.66158,red,2
7,77903,27,0.1,9.6,55:25.6,0.87546851,1.236982025,0.398377782,0.680352152,30:22.4,8,good,14.5,2023-11-15,2023-11-15 11:55,154.8399,black,1
5,90359,16,0,9.7,15:55.5,0.981162907,1.392373506,0.497141485,0.847099881,30:01.0,12,good,14.5,2024-11-30,2024-11-30 12:16,134.01748,black,1
2,68922,86,7.3,226.27,23:36.3,1.368774951,0.88152235,0.6117096,0.202215946,31:54.2,4,bad,14.51666667,2023-01-27,2023-01-27 12:23,128.1535717,red,2
3,68913,97,7.3,7.3,23:43.1,1.355115272,0.994576238,0.661070809,0.331669605,32:22.9,2,bad,14.53333333,2023-01-27,2023-01-27 12:23,128.6322417,red,2
3,77869,16,0,0,52:36.3,0.675746939,0.520546374,0.145900854,0.06076206,32:04.5,5,bad,14.53333333,2023-11-13,2023-11-13 11:52,159.32502,red,2
7,90363,68,0,9.7,28:36.5,1.517723961,0.894137465,0.984936088,0.441164664,33:58.3,12,bad,14.55,2025-01-21,2025-01-21 12:28,125.239155,red,2
7,90363,77,0,9.7,19:57.9,1.173064071,0.786836376,0.828908262,0.225590615,33:05.3,12,bad,14.55,2025-01-30,2025-01-30 12:20,133.021695,red,2
3,68908,35,0,0,48:51.6,0.512650386,0.354556828,0.080704591,0.058238738,34:23.0,1,bad,14.56666667,2022-11-10,2022-11-10 11:48,165.483855,red,2
3,77879,42,9.7,9.7,29:50.4,1.159571096,0.877398848,0.455030264,0.267573576,34:52.7,6,bad,14.56666667,2023-12-15,2023-12-15 12:29,124.978645,red,2
7,77893,76,0,9.7,12:17.4,0.800894454,1.064589503,0.242159005,0.539142503,34:27.9,7,good,14.56666667,2024-02-06,2024-02-06 12:12,141.96437,black,1
9,77895,103,0,9.7,26:12.8,1.358336581,1.720844638,0.592566742,0.944293462,34:00.2,7,bad,14.56666667,2024-01-22,2024-01-22 12:28,125.4694367,red,2
9,77895,132,9.7,9.7,51:42.3,0.911399353,1.429302063,0.343077705,0.596426129,34:34.2,7,good,14.56666667,2024-02-20,2024-02-20 11:51,162.6694617,black,1
2,77898,30,0,9.7,56:22.6,1.376784265,1.052432049,0.751580349,0.425546966,34:23.6,8,bad,14.56666667,2023-11-16,2023-11-16 11:56,157.475935,red,2
2,77898,68,0,9.7,34:28.6,1.681464947,1.370954719,0.997154938,0.6089852,34:48.4,8,bad,14.56666667,2023-12-24,2023-12-24 12:35,119.75614,red,2
5,90359,42,0,9.7,35:54.9,1.514820774,1.207480064,1.07158902,0.792224933,34:19.5,12,bad,14.56666667,2024-12-26,2024-12-26 12:35,118.358745,red,2
5,68925,6,0,7.3,54:25.5,1.324099054,1.646728862,0.711755873,1.096055631,35:19.6,4,bad,14.58333333,2022-11-14,2022-11-14 11:54,160.8264217,red,2
5,68925,90,0,7.3,12:07.4,0.956712066,1.725291393,0.817947236,1.112383251,36:36.0,4,good,14.6,2023-02-06,2023-02-06 12:12,144.43378,black,1
3,77869,29,0,0,10:08.1,0.698895466,0.590839015,0.129128798,0.077863716,36:50.2,5,bad,14.6,2023-11-26,2023-11-26 12:10,146.602805,red,2
7,77893,80,9.7,9.7,07:03.8,1.234587323,0.371302859,0.755551132,0.039259462,36:40.4,7,bad,14.6,2024-02-10,2024-02-10 12:07,149.5734033,red,2
9,77895,125,9.7,0,59:45.7,1.426127003,0.702381998,0.727818681,0.172840669,36:29.0,7,bad,14.6,2024-02-13,2024-02-13 12:02,153.7169017,red,2
1,68921,50,0,14.6,33:08.5,0.87438193,1.298044988,0.352176464,0.471797366,37:03.6,4,good,14.61666667,2022-12-22,2022-12-22 12:34,122.743685,black,1
2,90345,90,0,9.7,18:48.4,1.253849609,1.699683501,0.528668909,0.949018205,37:35.1,11,bad,14.61666667,2025-01-31,2025-01-31 12:18,138.6524217,red,2
5,68910,45,7.3,0,11:42.7,0.621466466,0.473136496,0.11935495,0.043247322,38:30.0,1,bad,14.63333333,2022-11-27,2022-11-27 12:11,146.7004433,red,2
2,77888,70,0,9.7,28:01.4,1.127459133,1.508586077,0.454902354,0.72729299,38:23.9,7,bad,14.63333333,2024-01-22,2024-01-22 12:28,129.8655567,red,2
7,77893,79,9.7,9.7,08:24.7,0.855076332,0.533523858,0.417654454,0.054712186,38:01.3,7,bad,14.63333333,2024-02-09,2024-02-09 12:08,149.5382917,red,2
4,77870,54,0,9.7,33:34.4,1.129135705,1.498631611,0.725548083,0.848605958,39:15.6,5,bad,14.65,2023-12-21,2023-12-21 12:33,125.576205,red,2
4,77900,26,9.7,9.7,52:43.0,1.242408194,0.728385212,0.658197201,0.240515257,39:37.4,8,bad,14.65,2023-11-13,2023-11-13 11:52,166.873985,red,2
5,68910,32,0,0,54:24.0,1.301343741,0.709438295,0.762454893,0.175468303,40:31.9,1,bad,14.66666667,2022-11-14,2022-11-14 11:54,166.03187,red,2
2,68912,62,0,7.3,35:06.4,1.244629842,1.645864571,0.711683469,0.769927989,40:51.0,2,bad,14.66666667,2022-12-24,2022-12-24 12:35,125.6991783,red,2
3,68913,23,14.6,7.3,54:28.5,1.516823836,1.192150514,0.985904442,0.606592024,40:14.5,2,bad,14.66666667,2022-11-14,2022-11-14 11:54,165.7413467,red,2
4,68924,68,0,7.3,35:24.2,0.983087507,1.412550933,0.75238108,0.943711685,40:10.4,4,good,14.66666667,2023-01-10,2023-01-10 12:35,124.7570567,black,1
3,77869,9,9.7,0,42:48.9,0.353990859,0.546904721,0.042232461,0.1376206,40:13.8,5,good,14.66666667,2023-11-06,2023-11-06 11:42,177.362715,black,1
10,77876,15,0,9.7,55:27.8,1.001228369,0.756930154,0.49163287,0.196329889,40:25.8,5,bad,14.66666667,2023-11-15,2023-11-15 11:55,164.8960317,red,2
7,90363,39,9.7,0,09:25.7,1.299516842,0.753875704,0.836293514,0.355648266,40:10.3,12,bad,14.66666667,2024-12-23,2024-12-23 12:34,125.2208683,red,2
7,90363,92,0,9.7,00:00.4,1.072377556,1.766474418,0.502346841,1.32479942,40:46.3,12,bad,14.66666667,2025-02-14,2025-02-14 12:00,160.6047283,red,2
2,68912,42,0,7.3,19:24.5,1.505523605,1.146145008,0.890015316,0.62836012,41:05.2,2,bad,14.68333333,2022-12-04,2022-12-04 12:19,141.1204783,red,2
2,90345,34,9.7,9.7,22:31.8,1.090072888,1.389050305,0.427285886,0.659451704,41:47.7,11,bad,14.68333333,2024-12-06,2024-12-06 12:22,139.2108833,red,2
7,90363,85,0,9.7,10:06.5,1.190245493,1.678552807,0.582781976,0.873169715,41:49.2,12,bad,14.68333333,2025-02-07,2025-02-07 12:10,151.6199817,red,2
7,77903,115,9.7,0,05:38.2,1.128370938,0.71462013,0.608074335,0.198734898,42:31.3,8,bad,14.7,2024-02-11,2024-02-11 12:05,156.8384433,red,2
9,90343,54,0,0,34:55.5,0.652333104,1.106230071,0.177877496,0.58531033,42:13.7,10,good,14.7,2024-12-23,2024-12-23 12:34,127.27828,black,1
2,68922,75,0,0,32:28.9,1.290387778,1.045192766,0.725118581,0.620962557,43:20.1,4,bad,14.71666667,2023-01-16,2023-01-16 12:32,130.75156,red,2
5,77881,5,0,9.7,47:01.8,1.139156061,0.497063729,0.604076282,0.068336741,43:09.0,6,bad,14.71666667,2023-11-09,2023-11-09 11:47,176.0331333,red,2
9,90343,57,0,9.7,35:50.2,1.223907982,0.776014431,0.71003429,0.423428264,43:08.3,10,bad,14.71666667,2024-12-26,2024-12-26 12:35,127.171465,red,2
9,90343,70,0,9.7,26:39.2,1.314735113,0.953617136,0.802545188,0.365624927,43:58.7,10,bad,14.71666667,2025-01-08,2025-01-08 12:35,128.0784,red,2
9,77895,122,9.7,9.7,59:40.1,1.296971295,0.679459618,0.623100903,0.129172127,44:28.4,7,bad,14.73333333,2024-02-10,2024-02-10 12:07,157.3733617,red,2
2,68907,116,0,7.3,18:13.1,0.85815721,1.242742724,0.576921432,1.012570204,45:15.0,1,good,14.75,2023-02-01,2023-02-01 12:18,146.9169667,black,1
3,77869,51,0,0,29:51.7,0.871401852,0.721845141,0.153012407,0.138658398,45:16.5,5,bad,14.75,2023-12-18,2023-12-18 12:31,133.3079333,red,2
2,68907,77,7.3,7.3,35:07.4,1.827206549,1.144223894,1.128529,0.589992131,46:20.5,1,bad,14.76666667,2022-12-24,2022-12-24 12:35,131.191195,red,2
3,68913,26,7.3,0,58:31.9,1.73294926,1.037560377,1.021362724,0.439232649,46:07.4,2,bad,14.76666667,2022-11-17,2022-11-17 11:58,167.47393,red,2
4,68924,12,0,0,55:49.5,1.117060809,0.519609406,0.783675396,0.096594193,46:56.7,4,bad,14.76666667,2022-11-15,2022-11-15 11:55,171.04472,red,2
4,68924,85,0,7.3,23:39.0,1.063111288,1.351962214,0.533802675,0.794665755,46:54.7,4,bad,14.76666667,2023-01-27,2023-01-27 12:23,143.1610133,red,2
5,90359,41,9.7,0,35:30.5,0.807767432,1.142795502,0.368523237,0.537366658,46:02.7,12,good,14.76666667,2024-12-25,2024-12-25 12:35,130.377985,black,1
5,90359,83,0,9.7,12:41.3,0.719378596,1.017809696,0.189298298,0.363810511,46:01.0,12,good,14.76666667,2025-02-05,2025-02-05 12:12,153.183885,black,1
3,77879,12,0,9.7,55:25.8,1.019666029,0.630724594,0.477117752,0.07942216,47:11.1,6,bad,14.78333333,2023-11-15,2023-11-15 11:55,171.6517867,red,2
7,77903,85,0,9.7,34:38.4,1.23618321,1.539937447,0.701367101,0.912032453,47:16.8,8,bad,14.78333333,2024-01-12,2024-01-12 12:34,132.5291933,red,2
2,90345,92,29.1,19.4,15:16.1,1.267407964,0.87374397,0.807498586,0.239999252,47:37.6,11,bad,14.78333333,2025-02-02,2025-02-02 12:16,151.0427067,red,2
7,90363,95,0,9.7,55:24.1,1.375703311,1.88554185,0.605696716,0.970519328,47:58.0,12,bad,14.78333333,2025-02-17,2025-02-17 11:55,172.4492133,red,2
4,68909,99,0,7.3,26:20.1,1.263516027,1.008054162,0.616540888,0.323656947,48:08.2,1,bad,14.8,2023-01-20,2023-01-20 12:29,138.2527817,red,2
7,77903,103,9.7,0,20:51.5,1.346158509,0.920095212,0.875730825,0.513601887,48:22.0,8,bad,14.8,2024-01-30,2024-01-30 12:20,147.48404,red,2
7,90363,80,0,9.7,16:19.8,1.293726304,0.944214501,0.949291639,0.349509208,48:12.2,12,bad,14.8,2025-02-02,2025-02-02 12:16,151.6206383,red,2
7,90363,89,9.7,9.7,04:36.8,1.390863627,0.601575519,0.867642307,0.105931205,48:07.5,12,bad,14.8,2025-02-11,2025-02-11 12:04,163.5082633,red,2
4,68909,92,0,7.3,32:52.4,1.121177827,1.351122852,0.427663702,0.677595125,49:48.5,1,bad,14.81666667,2023-01-13,2023-01-13 12:34,135.6258233,red,2
5,68910,35,0,7.3,58:35.4,1.212476953,1.762372365,0.617751065,0.818741424,49:42.6,1,bad,14.81666667,2022-11-17,2022-11-17 11:58,171.05982,red,2
3,68913,29,0,7.2,02:42.7,1.363416716,1.789910856,0.710909061,1.015736683,49:41.8,2,bad,14.81666667,2022-11-20,2022-11-20 12:02,166.9627833,red,2
5,68920,30,7.3,0,16:30.2,1.876636287,1.188569763,0.963091813,0.466385319,49:15.2,3,bad,14.81666667,2022-12-01,2022-12-01 12:16,152.6533217,red,2
2,90345,68,0,9.7,35:33.8,1.293745598,0.923016771,0.612148119,0.27531956,49:19.9,11,bad,14.81666667,2025-01-09,2025-01-09 12:35,133.7322967,red,2
6,90349,27,0,0,24:24.5,0.656528697,0.945801257,0.12931294,0.406925056,49:10.3,11,good,14.81666667,2024-12-08,2024-12-08 12:24,144.6220117,black,1
2,68912,25,0,7.3,58:36.2,1.192137398,2.016767416,0.708884039,1.281906032,50:05.2,2,bad,14.83333333,2022-11-17,2022-11-17 11:58,171.4373683,red,2
1,68911,33,7.3,0,59:58.4,1.155882404,0.804860609,0.467030568,0.181285826,51:20.2,2,bad,14.85,2022-11-18,2022-11-18 12:00,171.3035033,red,2
4,77870,21,0,9.7,59:29.6,1.116527279,1.706681997,0.515992069,1.064504796,51:15.0,5,bad,14.85,2023-11-18,2023-11-18 11:59,171.583345,red,2
10,77876,65,0,0,36:06.3,1.267289092,1.054320576,0.79984006,0.429676524,51:39.1,5,bad,14.85,2024-01-04,2024-01-04 12:36,134.869025,red,2
2,68907,45,0,0,05:13.0,1.543024949,1.097304943,0.92196942,0.389939629,52:11.9,1,bad,14.86666667,2022-11-22,2022-11-22 12:05,166.7990867,red,2
5,68925,73,0,7.3,29:46.3,1.654855152,1.230424,1.10402256,0.784777057,52:03.6,4,bad,14.86666667,2023-01-20,2023-01-20 12:29,142.1769033,red,2
4,77900,91,0,9.7,32:00.9,1.121138312,1.516967927,0.603992154,0.866876389,52:15.1,8,bad,14.86666667,2024-01-17,2024-01-17 12:32,140.117595,red,2
9,77895,126,0,0,01:11.8,1.447039664,0.767852229,0.902208065,0.179969793,53:26.2,7,bad,14.88333333,2024-02-14,2024-02-14 12:01,172.153675,red,2
8,77874,96,0,0,16:06.6,1.332370924,0.795910618,0.819439568,0.404350165,54:46.4,5,bad,14.9,2024-02-03,2024-02-03 12:16,158.5068383,red,2
2,77888,52,0,9.7,36:45.5,1.045010773,1.351024555,0.459353492,0.802381955,54:14.8,7,bad,14.9,2024-01-04,2024-01-04 12:36,137.463205,red,2
3,77899,75,0,0,30:51.7,1.377422998,0.663792017,0.755588027,0.236931261,54:48.9,8,bad,14.9,2024-01-01,2024-01-01 12:36,137.9811283,red,2
7,77903,120,9.7,0,58:08.1,1.159020899,0.646962039,0.604825896,0.134114093,54:44.4,8,bad,14.9,2024-02-16,2024-02-16 11:58,176.5071467,red,2
2,90335,26,9.7,9.7,01:59.3,0.587190242,0.787631254,0.062324164,0.319384377,54:23.5,10,good,14.9,2024-11-19,2024-11-19 12:02,172.357555,black,1
2,90345,30,0,9.7,18:09.5,1.068155927,1.44727478,0.515437759,0.482012066,54:04.4,11,bad,14.9,2024-12-02,2024-12-02 12:18,155.773295,red,2
5,90359,56,9.7,0,35:28.7,1.211348916,1.309233292,0.517460846,0.832667675,54:44.7,12,bad,14.9,2025-01-09,2025-01-09 12:35,139.1445583,red,2
7,90363,71,0,9.7,26:06.2,0.904917175,1.253511772,0.512080419,0.786200938,54:54.4,12,good,14.9,2025-01-24,2025-01-24 12:26,148.75677,black,1
4,68919,23,0,0,05:23.7,1.53008462,0.6543223,0.894012854,0.140117016,55:54.3,3,bad,14.91666667,2022-11-22,2022-11-22 12:05,170.505625,red,2
4,68919,35,0,0,19:53.3,1.651031444,1.970232318,1.009506163,1.087874698,55:55.4,3,bad,14.91666667,2022-12-04,2022-12-04 12:19,155.9570433,red,2
5,77881,58,0,0,33:20.4,1.452487512,0.990499798,0.822026479,0.374642617,55:30.9,6,bad,14.91666667,2024-01-01,2024-01-01 12:36,138.6817667,red,2
7,90363,41,0,9.7,35:27.3,1.555350544,1.099503712,1.145430986,0.727548418,55:02.7,12,bad,14.91666667,2024-12-25,2024-12-25 12:35,139.3777667,red,2
3,68913,80,0,0,35:20.0,1.126278158,1.42534477,0.722614299,0.891791819,56:38.9,2,bad,14.93333333,2023-01-10,2023-01-10 12:35,141.2323733,red,2
7,90363,22,9.7,0,22:34.8,1.409130189,1.022964607,0.840324401,0.400715819,56:33.3,12,bad,14.93333333,2024-12-06,2024-12-06 12:22,153.9721867,red,2
2,68917,59,0,7.3,35:04.4,1.124809074,1.386808311,0.571580748,0.779903107,56:59.8,3,bad,14.95,2022-12-24,2022-12-24 12:35,141.8466433,red,2
8,77874,45,9.7,19.4,29:06.4,1.062999951,1.632764509,0.501617059,0.70566503,57:44.9,5,bad,14.95,2023-12-14,2023-12-14 12:29,148.61515,red,2
4,68924,95,0,7.3,12:02.9,1.057756857,0.433594878,0.736078737,0.085809421,58:40.0,4,bad,14.96666667,2023-02-06,2023-02-06 12:12,166.499865,red,2
5,77881,68,0,9.7,31:48.5,1.485572241,0.945009956,0.813048343,0.296360019,58:01.5,6,bad,14.96666667,2024-01-11,2024-01-11 12:35,142.874855,red,2
4,68914,75,0,7.3,04:03.9,1.097125032,0.696779607,0.478484107,0.097664846,59:55.7,2,bad,14.98333333,2022-11-21,2022-11-21 12:04,175.8616867,red,2
9,90343,59,0,9.7,36:20.4,1.43341965,0.946734629,1.057728694,0.519671979,59:38.8,10,bad,14.98333333,2024-12-28,2024-12-28 12:36,143.212705,red,2
5,90359,14,0,9.7,13:29.4,1.126226381,1.662043886,0.559873575,0.935088427,59:15.9,12,bad,14.98333333,2024-11-28,2024-11-28 12:13,165.6489517,red,2
5,68920,19,0,0,02:36.9,1.583193806,0.968820632,0.669893961,0.202662372,00:10.9,3,bad,15,2022-11-20,2022-11-20 12:02,177.4490683,red,2
9,77895,115,0,9.7,16:13.4,1.24948162,0.790357548,0.826467109,0.200944163,00:32.6,7,bad,15,2024-02-03,2024-02-03 12:16,164.27737,red,2
9,77895,98,0,9.7,32:06.1,1.198985829,1.594424538,0.746456126,0.788421656,01:13.6,7,bad,15.01666667,2024-01-17,2024-01-17 12:32,149.0937017,red,2
7,77903,113,0,9.7,08:23.5,0.959135941,0.523187636,0.60706755,0.074148478,01:45.9,8,bad,15.01666667,2024-02-09,2024-02-09 12:08,173.2817883,red,2
5,90359,10,0,0,08:37.3,1.408858455,1.025643754,0.680335001,0.337917113,01:30.6,12,bad,15.01666667,2024-11-24,2024-11-24 12:08,172.8758467,red,2
2,90345,53,0,9.7,35:03.2,0.912087505,0.676862513,0.38897565,0.1097599,02:04.7,11,bad,15.03333333,2024-12-25,2024-12-25 12:35,146.41096,red,2
5,77881,87,0,9.7,20:43.8,1.217586336,1.663307574,0.556094474,0.745378403,03:06.6,6,bad,15.05,2024-01-30,2024-01-30 12:20,162.2272017,red,2
4,77900,114,0,9.7,08:22.9,1.069878717,0.511006036,0.704658129,0.093411855,03:22.2,8,bad,15.05,2024-02-09,2024-02-09 12:08,174.88716,red,2
5,68920,53,7.3,0,35:07.1,1.057702643,0.936712441,0.577182798,0.294101392,04:42.3,3,bad,15.06666667,2022-12-24,2022-12-24 12:35,149.555025,red,2
2,68922,44,14.6,7.3,30:23.0,1.198492757,0.879867213,0.485643642,0.305091304,04:50.2,4,bad,15.06666667,2022-12-16,2022-12-16 12:30,154.0373717,red,2
8,77874,92,48.49,9.7,20:47.0,1.07766062,0.615667706,0.610179144,0.078416913,05:54.7,5,bad,15.08333333,2024-01-30,2024-01-30 12:20,165.0291267,red,2
9,90343,66,0,901.97,36:38.2,0.92471707,1.343546755,0.406015201,0.882226403,05:55.5,10,good,15.08333333,2025-01-04,2025-01-04 12:36,149.2247117,black,1
7,77903,112,0,9.7,09:46.1,1.17567834,0.55452793,0.648427325,0.125535617,06:41.8,8,bad,15.1,2024-02-08,2024-02-08 12:09,176.8474867,red,2
7,77903,77,9.7,9.7,36:45.8,1.386614424,1.115869269,0.882626103,0.44238902,07:30.4,8,bad,15.11666667,2024-01-04,2024-01-04 12:36,150.7234183,red,2
7,90363,43,0,0,35:56.6,1.25779424,1.66180343,0.713953962,1.010430301,07:29.7,12,bad,15.11666667,2024-12-27,2024-12-27 12:36,151.2775183,red,2
3,68913,47,72.99,51.09,24:00.8,1.363118426,1.849351025,0.775823728,0.972329667,08:11.9,2,bad,15.13333333,2022-12-08,2022-12-08 12:24,164.1152917,red,2
2,68917,101,0,7.3,14:40.9,0.793957793,0.555052398,0.441508819,0.095495041,08:21.3,3,bad,15.13333333,2023-02-04,2023-02-04 12:14,173.6387983,red,2
4,77900,113,0,0,09:44.1,1.151434782,0.546225346,0.503193035,0.084737871,08:36.2,8,bad,15.13333333,2024-02-08,2024-02-08 12:09,178.7527467,red,2
2,90345,84,0,0,25:09.4,1.190725312,0.876369601,0.653648328,0.420701868,08:40.1,11,bad,15.13333333,2025-01-25,2025-01-25 12:25,163.4352733,red,2
7,90363,57,9.7,9.7,35:08.9,1.058543114,0.551044795,0.567178142,0.111605573,07:59.5,12,bad,15.13333333,2025-01-10,2025-01-10 12:35,152.7422967,red,2
1,68906,113,0,0,18:14.9,1.561453255,0.519765961,0.905253039,0.108119514,09:36.7,1,bad,15.15,2023-02-01,2023-02-01 12:18,171.2776783,red,2
4,68909,111,7.3,7.3,18:16.8,1.274282543,0.839037105,0.7431243,0.407703811,09:02.1,1,bad,15.15,2023-02-01,2023-02-01 12:18,170.7015667,red,2
2,68912,101,0,7.3,18:14.0,1.002886069,0.603480864,0.601063382,0.135188098,09:35.7,2,bad,15.15,2023-02-01,2023-02-01 12:18,171.262035,red,2
4,68919,97,0,0,14:36.6,1.196565382,0.880580872,0.851599282,0.209696268,09:00.8,3,bad,15.15,2023-02-04,2023-02-04 12:14,174.2968533,red,2
8,77874,84,0,9.7,26:05.3,1.265048734,0.934824398,0.521665896,0.206182572,09:26.3,5,bad,15.15,2024-01-22,2024-01-22 12:28,160.90513,red,2
2,90345,54,9.7,9.7,35:48.4,1.405094109,0.931277287,0.795301332,0.412939461,09:37.1,11,bad,15.15,2024-12-26,2024-12-26 12:35,153.6511567,red,2
4,77900,104,0,9.7,20:45.8,1.166141857,0.705614824,0.590219503,0.175146758,10:34.8,8,bad,15.16666667,2024-01-30,2024-01-30 12:20,169.6967983,red,2
7,90363,56,0,9.7,35:33.1,1.195742427,1.68421829,0.719578741,1.196925563,11:18.3,12,bad,15.18333333,2025-01-09,2025-01-09 12:35,155.7054067,red,2
1,68906,58,7.3,0,24:00.7,1.176431868,1.674547938,0.575943824,0.86204476,12:49.2,1,bad,15.2,2022-12-08,2022-12-08 12:24,168.7359133,red,2
2,68917,82,7.3,7.3,32:31.2,1.006664607,0.571550318,0.645598602,0.111243918,14:45.6,3,bad,15.23333333,2023-01-16,2023-01-16 12:32,162.175875,red,2
4,68924,28,0,0,16:34.8,1.172410077,2.457954861,0.470252414,1.737663164,15:07.2,4,bad,15.25,2022-12-01,2022-12-01 12:16,178.519735,red,2
4,68924,51,7.3,0,35:06.5,1.187876177,0.772740336,0.567498995,0.140400235,15:45.9,4,bad,15.25,2022-12-24,2022-12-24 12:35,160.6150183,red,2
3,68913,86,0,0,32:30.7,1.215149708,0.644709134,1.002419644,0.552418835,16:05.3,2,bad,15.26666667,2023-01-16,2023-01-16 12:32,163.50496,red,2
2,90345,32,9.7,0,20:20.6,1.196911084,0.743612052,0.589124127,0.183019378,16:27.9,11,bad,15.26666667,2024-12-04,2024-12-04 12:20,175.9811567,red,2
5,90359,35,0,9.7,32:53.8,1.306616876,1.901088419,0.666068019,0.988373444,16:05.2,12,bad,15.26666667,2024-12-19,2024-12-19 12:33,163.06962,red,2
5,68925,26,0,7.3,19:57.0,1.583907689,0.814654741,0.926825373,0.216674908,17:38.3,4,bad,15.28333333,2022-12-04,2022-12-04 12:19,177.67221,red,2
2,68912,96,0,7.3,23:44.2,1.26987122,0.539662517,0.82107818,0.103831035,19:36.1,2,bad,15.31666667,2023-01-27,2023-01-27 12:23,175.8509867,red,2
1,77897,91,0,19.4,34:40.3,1.193884841,1.671807351,0.607896824,0.944086777,19:19.0,8,bad,15.31666667,2024-01-12,2024-01-12 12:34,164.566005,red,2
2,90345,50,0,9.7,34:30.7,1.26191739,0.637066186,0.683735769,0.100139633,19:57.8,11,bad,15.31666667,2024-12-22,2024-12-22 12:34,165.4303967,red,2
2,68912,79,0,7.3,35:21.0,1.368507147,1.77165304,0.86611622,1.097500777,20:08.6,2,bad,15.33333333,2023-01-10,2023-01-10 12:35,164.7273267,red,2
2,90345,80,0,0,28:38.5,1.050462844,0.615268076,0.648214666,0.082157291,20:14.2,11,bad,15.33333333,2025-01-21,2025-01-21 12:28,171.5029167,red,2
5,68915,56,7.3,7.3,33:15.9,1.218019053,0.856689452,0.532145406,0.323391878,21:57.1,2,bad,15.35,2022-12-20,2022-12-20 12:33,168.6515183,red,2
2,77888,49,0,9.7,36:31.1,1.053426036,0.806436027,0.633265828,0.154287858,21:58.2,7,bad,15.35,2024-01-01,2024-01-01 12:36,165.1374617,red,2
2,68907,100,0,7.3,32:31.2,1.260216726,0.888312344,0.868482523,0.461981285,22:47.3,1,bad,15.36666667,2023-01-16,2023-01-16 12:32,170.2049283,red,2
10,77876,73,9.7,0,32:40.4,1.219326733,1.601675999,0.615182537,0.754113888,22:00.3,5,bad,15.36666667,2024-01-12,2024-01-12 12:34,167.2544033,red,2
9,77895,74,0,9.7,33:29.4,1.494098387,0.798992656,0.873891434,0.394599108,22:20.2,7,bad,15.36666667,2023-12-24,2023-12-24 12:35,167.2872317,red,2
7,77893,61,0,9.7,28:25.8,1.03082477,1.713170089,0.351028442,0.703010151,23:34.8,7,bad,15.38333333,2024-01-22,2024-01-22 12:28,175.0466917,red,2
4,68909,89,0,7.3,35:20.3,1.140423604,0.74684785,0.604057669,0.159890001,24:52.6,1,bad,15.4,2023-01-10,2023-01-10 12:35,169.4604333,red,2
4,68909,90,0,7.3,34:57.8,1.13819523,1.687219553,0.559361679,1.015436188,24:37.4,1,bad,15.4,2023-01-11,2023-01-11 12:35,169.5736717,red,2
5,77881,69,0,9.7,34:38.7,1.24482266,1.986670104,0.618430805,1.088103714,24:37.4,6,bad,15.4,2024-01-12,2024-01-12 12:34,169.8738633,red,2
5,68925,69,0,7.3,32:28.1,1.274237392,0.764992232,1.020978785,0.128348288,27:50.7,4,bad,15.45,2023-01-16,2023-01-16 12:32,175.2618917,red,2
5,90359,57,9.7,0,35:14.4,1.265959473,0.849916923,0.65605071,0.193352959,27:19.1,12,bad,15.45,2025-01-10,2025-01-10 12:35,172.0689133,red,2
7,90363,42,0,9.7,35:51.6,1.385489055,0.734949856,0.856240701,0.240636975,27:56.4,12,bad,15.45,2024-12-26,2024-12-26 12:35,171.9725117,red,2
4,68909,98,0,0,30:36.3,1.457897018,0.739929814,0.763504984,0.092303871,28:10.3,1,bad,15.46666667,2023-01-19,2023-01-19 12:30,177.5556767,red,2
7,90363,51,9.7,9.7,36:35.9,1.242104971,0.73171699,0.813180399,0.101556463,32:23.7,12,bad,15.53333333,2025-01-04,2025-01-04 12:36,175.6951583,red,2
7,77903,74,0,9.7,36:41.2,1.313735862,2.360065681,0.718818902,1.481389982,33:46.7,8,bad,15.55,2024-01-01,2024-01-01 12:36,176.9442233,red,2
2,90345,56,0,9.7,36:23.4,1.082083034,0.696537814,0.571693162,0.132705312,32:59.7,11,bad,15.55,2024-12-28,2024-12-28 12:36,176.5621167,red,2
3,77879,62,0,9.7,36:38.0,1.188295357,0.619181029,0.681044946,0.085525568,34:22.2,6,bad,15.56666667,2024-01-04,2024-01-04 12:36,177.5872383,red,2