"ID","status","bird.num","motusTagID","dos","tspre","tspost","tsmax.dt","meanpre","meanpost","varpre","varpost","cpt","batch","postfilter","time","Date","prev.night","prev.night.sunset.UTC","sunrise.UTC","sunset.UTC","cpt.ss","postfiltercol","postfilterlntyp","Site","Winter","Lon","Lat","Station_ID","Year","Month","Day","Max_temp","Min_temp","Mean_temp","Total_precip","Snow_on_grnd","Speed_max_gust_wind","datetime_utc","datetime_mtl"
"217","end",2,68917,87,0,7.3,"45:37.5",1.036663467,0.829471341,0.499716952,0.226818274,"03:17.5",3,"good",0.05,2023-01-21,"2023-01-20","2023-01-20 21:45","2023-01-21 12:29","2023-01-21 21:47",137.5577733,"black",1,"SDB","1",-73.74,45.47,"PETI",2023,1,21,-1,-4,-2.5,0.2,23,0,2023-01-21 00:03:00,2023-01-20 19:03:00
"225","end",5,68925,159,7.3,7.3,"41:44.8",1.502437013,0.590417759,0.714510522,0.114595842,"03:06.8",4,"good",0.05,2023-04-16,"2023-04-15","2023-04-15 23:41","2023-04-16 10:10","2023-04-16 23:43",21.29619167,"black",1,"SDB","1",-73.74,45.47,"PETI",2023,4,16,24.1,7,15.6,0,0,34,2023-04-16 00:03:00,2023-04-15 20:03:00
"212","end",2,68912,90,0,0,"45:38.7",0.616574906,0.589021492,0.629179351,0.181893868,"04:38.9",2,"good",0.066666667,2023-01-21,"2023-01-20","2023-01-20 21:45","2023-01-21 12:29","2023-01-21 21:47",138.915535,"black",1,"SDB","1",-73.74,45.47,"PETI",2023,1,21,-1,-4,-2.5,0.2,23,0,2023-01-21 00:04:00,2023-01-20 19:04:00
"220","end",5,68920,54,7.3,7.3,"48:53.4",0.78117317,0.581003091,0.456596385,0.073488783,"05:04.6",3,"good",0.083333333,2022-12-25,"2022-12-24","2022-12-24 21:17","2022-12-25 12:35","2022-12-25 21:18",167.127455,"black",1,"SDB","1",-73.74,45.47,"PETI",2022,12,25,-3.3,-7.6,-5.4,0.5,10,59,2022-12-25 00:05:00,2022-12-24 19:05:00
"220","end",5,68920,12,7.3,0,"27:55.8",0.900596834,0.46085074,0.156608905,0.085008548,"06:49.6",3,"good",0.1,2022-11-13,"2022-11-12","2022-11-12 21:30","2022-11-13 11:53","2022-11-13 21:29",155.9769167,"black",1,"SDB","1",-73.74,45.47,"PETI",2022,11,13,7.1,-1.9,2.6,0.2,0,37,2022-11-13 00:06:00,2022-11-12 19:06:00
"129","end",8,77904,9,0,0,"59:53.6",0.715492805,0.487110143,0.192834332,0.056416575,"06:05.2",8,"good",0.1,2023-10-31,"2023-10-30","2023-10-30 21:48","2023-10-31 11:34","2023-10-31 21:46",137.8196233,"black",1,"BDU","2",-73.74,45.47,"PETI",2023,10,31,4.5,-1.3,1.6,1.5,0,0,2023-10-31 00:06:00,2023-10-30 20:06:00
"109","end",10,77886,96,0,9.7,"24:50.1",0.696896589,0.451720763,0.35391572,0.092266327,"08:20.4",6,"good",0.133333333,2024-02-14,"2024-02-13","2024-02-13 22:19","2024-02-14 12:01","2024-02-14 22:21",108.3574133,"black",1,"BDU","2",-73.74,45.47,"PETI",2024,2,14,-4.3,-10.7,-7.5,0.7,0,53,2024-02-14 00:08:00,2024-02-13 19:08:00
"104","end",5,77881,175,0,9.7,"59:57.8",1.625665828,0.91460624,0.889559215,0.403354603,"11:56.3",6,"good",0.183333333,2024-04-27,"2024-04-26","2024-04-26 23:56","2024-04-27 9:50","2024-04-27 23:58",14.95506334,"black",1,"SDB","2",-73.74,45.47,"PETI",2024,4,27,19.9,5,12.5,0.6,0,41,2024-04-27 00:11:00,2024-04-26 20:11:00
"207","end",2,68907,36,0,0,"38:26.3",0.50244825,0.422891217,0.124197552,0.089867114,"13:22.6",1,"good",0.216666667,2022-11-13,"2022-11-12","2022-11-12 21:30","2022-11-13 11:53","2022-11-13 21:29",162.5269833,"black",1,"SDB","1",-73.74,45.47,"PETI",2022,11,13,7.1,-1.9,2.6,0.2,0,37,2022-11-13 00:13:00,2022-11-12 19:13:00
"210","end",5,68910,44,7.3,64765.55,"59:55.6",1.024954432,0.541786848,0.21441193,0.063083193,"19:08.7",1,"good",0.316666667,2022-11-26,"2022-11-25","2022-11-25 21:19","2022-11-26 12:10","2022-11-26 21:18",179.961065,"black",1,"SDB","1",-73.74,45.47,"PETI",2022,11,26,8.6,0.8,4.7,0,0,37,2022-11-26 00:19:00,2022-11-25 19:19:00
"92","end",2,77869,27,0,9.7,"54:08.4",0.936595411,0.652755822,0.114196163,0.112013866,"20:27.6",5,"good",0.333333333,2023-11-24,"2023-11-23","2023-11-23 21:20","2023-11-24 12:07","2023-11-24 21:20",179.69293,"black",1,"BDU","2",-73.74,45.47,"PETI",2023,11,24,1.7,-8.1,-3.2,1,0,42,2023-11-24 00:20:00,2023-11-23 19:20:00
"207","end",2,68907,152,0,7.3,"59:53.2",0.587205877,0.489487659,0.067539519,0.047377678,"23:49.1",1,"good",0.383333333,2023-03-09,"2023-03-08","2023-03-08 22:52","2023-03-09 11:21","2023-03-09 22:53",91.18560167,"black",1,"SDB","1",-73.74,45.47,"PETI",2023,3,9,1.1,-5.2,-2,0,26,0,2023-03-09 00:23:00,2023-03-08 19:23:00
"104","end",5,77881,183,0,9.7,"47:34.1",1.869442941,0.650801699,0.916467983,0.175906361,"23:28.2",6,"good",0.383333333,2024-05-05,"2024-05-04","2024-05-05 0:07","2024-05-05 9:38","2024-05-06 0:08",16.25295,"black",1,"SDB","2",-73.74,45.47,"PETI",2024,5,5,14.2,10.1,12.1,11.5,0,47,2024-05-05 00:23:00,2024-05-04 20:23:00
"210","end",5,68910,36,0,0,"16:10.1",0.646162175,0.51783584,0.254698486,0.051207628,"25:28.9",1,"good",0.416666667,2022-11-18,"2022-11-17","2022-11-17 21:25","2022-11-18 12:00","2022-11-18 21:24",179.8318517,"black",1,"SDB","1",-73.74,45.47,"PETI",2022,11,18,-2.1,-7.3,-4.7,1.1,6,46,2022-11-18 00:25:00,2022-11-17 19:25:00
"608","end",3,90326,17,9.7,0,"36:11.6",0.410943906,0.362026284,0.101416607,0.035860316,"25:41.3",9,"good",0.416666667,2024-11-08,"2024-11-07","2024-11-07 21:36","2024-11-08 11:46","2024-11-08 21:34",169.4552,"black",1,"BDU","3",-73.74,45.47,"PETI",2024,11,8,12,3.8,7.9,0.7,0,71,2024-11-08 00:25:00,2024-11-07 19:25:00
"641","end",5,90359,86,9.7,9.7,"44:42.7",1.086515587,0.722769052,0.438835042,0.150843597,"25:33.1",12,"good",0.416666667,2025-02-08,"2025-02-07","2025-02-07 22:12","2025-02-08 12:08","2025-02-08 22:13",133.2845483,"black",1,"SDB","3",-73.74,45.47,"PETI",2025,2,8,-5.2,-9.8,-7.5,0.2,18,0,2025-02-08 00:25:00,2025-02-07 19:25:00
"97","end",6,77874,234,0,9.7,"59:50.8",0.717183675,0.622930658,0.10973698,0.095163786,"28:03.2",5,"good",0.466666667,2024-06-20,"2024-06-19","2024-06-20 0:48","2024-06-20 9:08","2024-06-21 0:48",-20.63080833,"black",1,"SDB","2",-73.74,45.47,"PETI",2024,6,20,32.3,22.1,27.2,1.3,0,41,2024-06-20 00:28:00,2024-06-19 20:28:00
"608","end",3,90326,121,9.7,0,"59:55.1",0.669359859,0.320862022,0.557273798,0.102805096,"28:06.4",9,"good",0.466666667,2025-02-20,"2025-02-19","2025-02-19 22:29","2025-02-20 11:50","2025-02-20 22:31",118.37355,"black",1,"BDU","3",-73.74,45.47,"PETI",2025,2,20,-6.6,-17.5,-12.1,0,27,0,2025-02-20 00:28:00,2025-02-19 19:28:00
"104","end",5,77881,179,9.7,0,"14:38.8",1.554902013,0.732693894,0.873534453,0.23566753,"31:16.9",6,"good",0.516666667,2024-05-01,"2024-04-30","2024-05-01 0:02","2024-05-01 9:44","2024-05-02 0:03",29.16468833,"black",1,"SDB","2",-73.74,45.47,"PETI",2024,5,1,15.4,5,10.2,0.4,0,0,2024-05-01 00:31:00,2024-04-30 20:31:00
"104","end",5,77881,186,0,0,"57:04.1",1.645268026,0.664828576,0.825596065,0.247781837,"31:21.1",6,"good",0.516666667,2024-05-08,"2024-05-07","2024-05-08 0:10","2024-05-08 9:34","2024-05-09 0:12",20.36868833,"black",1,"SDB","2",-73.74,45.47,"PETI",2024,5,8,14.5,9,11.7,5.7,0,44,2024-05-08 00:31:00,2024-05-07 20:31:00
"129","end",8,77904,4,0,9.7,"59:52.1",0.420500997,0.31261023,0.070752441,0.050346623,"32:06.4",8,"good",0.533333333,2023-10-26,"2023-10-25","2023-10-25 21:55","2023-10-26 11:27","2023-10-26 21:54",156.123605,"black",1,"BDU","2",-73.74,45.47,"PETI",2023,10,26,17.6,14.5,16.1,5.8,0,0,2023-10-26 00:32:00,2023-10-25 20:32:00
"104","end",5,77881,201,320.07,19.4,"59:57.2",1.364859023,0.547620024,0.725789791,0.111540702,"37:57.4",6,"good",0.616666667,2024-05-23,"2024-05-22","2024-05-23 0:28","2024-05-23 9:18","2024-05-24 0:29",9.339963333,"black",1,"SDB","2",-73.74,45.47,"PETI",2024,5,23,25.3,18,21.7,1.7,0,48,2024-05-23 00:37:00,2024-05-22 20:37:00
"224","end",4,68924,99,0,7.3,"59:55.9",0.783800034,0.557862762,0.130688636,0.119175241,"39:41.4",4,"good",0.65,2023-02-10,"2023-02-09","2023-02-09 22:14","2023-02-10 12:06","2023-02-10 22:15",145.1895933,"black",1,"SDB","1",-73.74,45.47,"PETI",2023,2,10,5.4,-2.8,1.3,2.1,32,58,2023-02-10 00:39:00,2023-02-09 19:39:00
"104","end",5,77881,188,0,9.7,"59:47.4",1.543521191,0.714807605,1.058023399,0.195215558,"41:59.6",6,"good",0.7,2024-05-10,"2024-05-09","2024-05-10 0:13","2024-05-10 9:32","2024-05-11 0:14",28.51045667,"black",1,"SDB","2",-73.74,45.47,"PETI",2024,5,10,18,6.8,12.4,1.6,0,0,2024-05-10 00:42:00,2024-05-09 20:42:00
"645","end",7,90363,84,9.7,0,"09:19.1",0.708590149,0.575107152,0.107086957,0.085985844,"43:37.1",12,"good",0.716666667,2025-02-06,"2025-02-05","2025-02-05 22:09","2025-02-06 12:11","2025-02-06 22:10",154.2845117,"black",1,"SDB","3",-73.74,45.47,"PETI",2025,2,6,0.9,-17.8,-8.4,5.5,14,48,2025-02-06 00:43:00,2025-02-05 19:43:00
"104","end",5,77881,194,0,0,"58:15.4",1.299704007,0.48577084,0.680395723,0.09070858,"52:25.3",6,"good",0.866666667,2024-05-16,"2024-05-15","2024-05-16 0:20","2024-05-16 9:25","2024-05-17 0:21",31.70512,"black",1,"SDB","2",-73.74,45.47,"PETI",2024,5,16,24.1,13.7,18.9,0.2,0,0,2024-05-16 00:52:00,2024-05-15 20:52:00
"97","end",6,77874,260,0,9.7,"59:52.3",0.647785544,0.580279553,0.111320094,0.085402492,"55:14.1",5,"good",0.916666667,2024-07-16,"2024-07-15","2024-07-16 0:42","2024-07-16 9:24","2024-07-17 0:41",12.86752667,"black",1,"SDB","2",-73.74,45.47,"PETI",2024,7,16,28.8,20.8,24.8,0.5,0,0,2024-07-16 00:55:00,2024-07-15 20:55:00
"104","end",5,77881,197,0,0,"44:38.6",1.025509205,0.699618223,0.521645938,0.192411342,"02:14.9",6,"good",1.033333333,2024-05-19,"2024-05-18","2024-05-19 0:24","2024-05-19 9:22","2024-05-20 0:25",38.06477833,"black",1,"SDB","2",-73.74,45.47,"PETI",2024,5,19,26,14.9,20.4,0.4,0,0,2024-05-19 01:02:00,2024-05-18 21:02:00
"219","end",4,68919,102,7.3,0,"12:55.0",0.602390181,0.491760765,0.099322631,0.044684884,"07:33.9",3,"good",1.116666667,2023-02-09,"2023-02-08","2023-02-08 22:13","2023-02-09 12:08","2023-02-09 22:14",174.5311883,"black",1,"SDB","1",-73.74,45.47,"PETI",2023,2,9,2.5,-6.2,-1.9,16.6,33,32,2023-02-09 01:07:00,2023-02-08 20:07:00
"213","end",3,68913,156,7.3,7.3,"59:47.7",0.717904006,0.639661781,0.09211918,0.07974171,"10:57.9",2,"good",1.166666667,2023-03-27,"2023-03-26","2023-03-26 23:16","2023-03-27 10:47","2023-03-27 23:17",114.798605,"black",1,"SDB","1",-73.74,45.47,"PETI",2023,3,27,7.2,-1.6,2.8,0,0,0,2023-03-27 01:10:00,2023-03-26 21:10:00
"207","end",2,68907,176,7.3,0,"23:44.8",0.52370983,0.443540589,0.065553094,0.042417163,"23:31.7",1,"good",1.383333333,2023-04-02,"2023-04-01","2023-04-01 23:23","2023-04-02 10:35","2023-04-02 23:25",119.6778483,"black",1,"SDB","1",-73.74,45.47,"PETI",2023,4,2,1.4,-7.4,-3,0,0,49,2023-04-02 01:23:00,2023-04-01 21:23:00
"97","end",6,77874,220,0,0,"59:53.3",0.668444677,0.621737295,0.111117759,0.089058311,"27:02.6",5,"good",1.45,2024-06-06,"2024-06-05","2024-06-06 0:41","2024-06-06 9:09","2024-06-07 0:42",45.543815,"black",1,"SDB","2",-73.74,45.47,"PETI",2024,6,6,26.9,16.1,21.5,20.2,0,53,2024-06-06 01:27:00,2024-06-05 21:27:00
"213","end",3,68913,168,0,7.3,"59:55.9",0.74777021,0.634662177,0.139167212,0.082813735,"28:15.0",2,"good",1.466666667,2023-04-08,"2023-04-07","2023-04-07 23:31","2023-04-08 10:24","2023-04-08 23:32",116.716645,"black",1,"SDB","1",-73.74,45.47,"PETI",2023,4,8,5.7,-5.1,0.3,0,0,40,2023-04-08 01:28:00,2023-04-07 21:28:00
"104","end",5,77881,202,9.7,0,"59:56.2",0.534698344,0.457103673,0.11337402,0.087393253,"35:58.5",6,"good",1.583333333,2024-05-24,"2024-05-23","2024-05-24 0:29","2024-05-24 9:17","2024-05-25 0:30",66.29098667,"black",1,"SDB","2",-73.74,45.47,"PETI",2024,5,24,18.9,9.9,14.4,0,0,49,2024-05-24 01:35:00,2024-05-23 21:35:00
"207","end",2,68907,156,7.3,7.3,"59:53.7",0.526247521,0.47079591,0.050621746,0.050231496,"43:38.2",1,"good",1.716666667,2023-03-13,"2023-03-12","2023-03-12 22:57","2023-03-13 11:14","2023-03-13 22:59",165.6697367,"black",1,"SDB","1",-73.74,45.47,"PETI",2023,3,13,4.4,-0.4,2,0.2,24,35,2023-03-13 01:43:00,2023-03-12 21:43:00
"104","end",5,77881,220,0,0,"59:59.6",0.513849046,0.454574554,0.097588992,0.089355397,"52:11.5",6,"good",1.866666667,2024-06-11,"2024-06-10","2024-06-11 0:44","2024-06-11 9:08","2024-06-12 0:45",67.357965,"black",1,"SDB","2",-73.74,45.47,"PETI",2024,6,11,17.9,12.1,15,0,0,0,2024-06-11 01:52:00,2024-06-10 21:52:00
"97","end",6,77874,270,9.7,0,"59:52.7",0.686892166,0.580310983,0.129338059,0.097406997,"11:51.5",5,"good",2.183333333,2024-07-26,"2024-07-25","2024-07-26 0:33","2024-07-26 9:34","2024-07-27 0:32",98.592255,"black",1,"SDB","2",-73.74,45.47,"PETI",2024,7,26,27.4,16,21.7,0,0,40,2024-07-26 02:11:00,2024-07-25 22:11:00
"631","end",6,90349,138,9.7,0,"59:52.0",0.656245323,0.43787315,0.1268594,0.043235338,"19:18.1",11,"good",2.316666667,2025-03-29,"2025-03-28","2025-03-28 23:19","2025-03-29 10:42","2025-03-29 23:20",179.9519183,"black",1,"BDU","3",-73.74,45.47,"PETI",2025,3,29,1.6,-5.2,-1.8,1.5,0,46,2025-03-29 02:19:00,2025-03-28 22:19:00
"213","end",3,68913,165,0,7.3,"59:55.7",0.695745732,0.596267937,0.095326825,0.073846149,"27:29.4",2,"good",2.45,2023-04-05,"2023-04-04","2023-04-04 23:27","2023-04-05 10:30","2023-04-05 23:28",179.8067533,"black",1,"SDB","1",-73.74,45.47,"PETI",2023,4,5,0.5,-2.5,-1,21.4,0,114,2023-04-05 02:27:00,2023-04-04 22:27:00
"213","end",3,68913,172,7.3,7.3,"59:52.9",0.730935977,0.665377451,0.106997238,0.094712991,"36:20.5",2,"good",2.6,2023-04-12,"2023-04-11","2023-04-11 23:36","2023-04-12 10:17","2023-04-12 23:37",179.674415,"black",1,"SDB","1",-73.74,45.47,"PETI",2023,4,12,16.4,7.7,12,0,0,39,2023-04-12 02:36:00,2023-04-11 22:36:00
"104","end",5,77881,243,223.07,38.8,"59:53.7",0.615240058,0.468235087,0.105832871,0.100117111,"56:57.8",6,"good",2.933333333,2024-07-04,"2024-07-03","2024-07-04 0:48","2024-07-04 9:14","2024-07-05 0:48",128.3960133,"black",1,"SDB","2",-73.74,45.47,"PETI",2024,7,4,29.1,21.8,25.4,0,0,32,2024-07-04 02:56:00,2024-07-03 22:56:00
"104","end",5,77881,222,9.7,0,"59:58.0",0.499444459,0.434161064,0.096943432,0.079167757,"34:48.8",6,"good",3.566666667,2024-06-13,"2024-06-12","2024-06-13 0:45","2024-06-13 9:08","2024-06-14 0:46",168.8806383,"black",1,"SDB","2",-73.74,45.47,"PETI",2024,6,13,27.4,12.9,20.2,4.3,0,46,2024-06-13 03:34:00,2024-06-12 23:34:00
"104","end",5,77881,250,9.7,9.7,"59:54.9",0.613685042,0.447086356,0.08892077,0.070565407,"45:18.8",6,"good",3.75,2024-07-11,"2024-07-10","2024-07-11 0:45","2024-07-11 9:19","2024-07-12 0:45",179.6973583,"black",1,"SDB","2",-73.74,45.47,"PETI",2024,7,11,21.2,19.1,20.2,0,0,32,2024-07-11 03:45:00,2024-07-10 23:45:00
"104","end",5,77881,229,9.7,9.7,"59:51.6",0.382645353,0.330047869,0.056935418,0.03236289,"47:41.1",6,"good",3.783333333,2024-06-20,"2024-06-19","2024-06-20 0:48","2024-06-20 9:08","2024-06-21 0:48",179.0020083,"black",1,"SDB","2",-73.74,45.47,"PETI",2024,6,20,32.3,22.1,27.2,1.3,0,41,2024-06-20 03:47:00,2024-06-19 23:47:00
"104","end",5,77881,240,9.7,64797,"59:56.0",0.622577857,0.458756039,0.103936711,0.102015021,"49:12.7",6,"good",3.816666667,2024-07-01,"2024-06-30","2024-07-01 0:49","2024-07-01 9:12","2024-07-02 0:49",179.9791033,"black",1,"SDB","2",-73.74,45.47,"PETI",2024,7,1,26,15.7,20.9,0.4,0,31,2024-07-01 03:49:00,2024-06-30 23:49:00
"210","end",5,68910,40,0,7.3,"59:38.6",0.709260014,0.533434471,0.127269056,0.059439977,"27:46.3",1,"good",18.45,2022-11-22,"2022-11-21","2022-11-21 21:22","2022-11-22 12:05","2022-11-22 21:21",-173.5443333,"black",1,"SDB","1",-73.74,45.47,"PETI",2022,11,22,0.8,-6.4,-2.8,0,3,48,2022-11-22 18:27:00,2022-11-22 13:27:00
"210","end",5,68910,39,0,7.3,"21:28.9",0.605351006,0.501158868,0.146220642,0.049618014,"30:26.3",1,"good",18.5,2022-11-21,"2022-11-20","2022-11-20 21:22","2022-11-21 12:04","2022-11-21 21:22",-171.679065,"black",1,"SDB","1",-73.74,45.47,"PETI",2022,11,21,4.2,-9.7,-2.8,0,4,56,2022-11-21 18:30:00,2022-11-21 13:30:00
"102","end",3,77879,48,0,9.7,"57:37.7",1.457830936,0.934747924,0.824075573,0.512563668,"32:18.3",6,"good",18.53333333,2023-12-21,"2023-12-20","2023-12-20 21:15","2023-12-21 12:33","2023-12-21 21:16",-163.978155,"black",1,"SDB","2",-73.74,45.47,"PETI",2023,12,21,-3.9,-9.2,-6.5,1,0,39,2023-12-21 18:32:00,2023-12-21 13:32:00
"637","end",2,90355,1,0,0,"03:38.9",1.578490317,0.5437161,1.356753065,0.236450581,"32:01.4",12,"good",18.53333333,2024-11-13,"2024-11-12","2024-11-12 21:30","2024-11-13 11:53","2024-11-13 21:29",-177.192895,"black",1,"BDU","3",-73.74,45.47,"PETI",2024,11,13,3.5,-2.6,0.5,0,0,0,2024-11-13 18:32:00,2024-11-13 13:32:00
"114","end",5,77891,17,0,9.6,"34:50.7",1.089198893,0.843582962,0.712205155,0.381848229,"43:10.7",7,"good",18.71666667,2023-12-06,"2023-12-05","2023-12-05 21:14","2023-12-06 12:21","2023-12-06 21:14",-151.3049817,"black",1,"BDU","2",-73.74,45.47,"PETI",2023,12,6,-6.5,-11.7,-9.1,2.3,17,0,2023-12-06 18:43:00,2023-12-06 13:43:00
"129","end",8,77904,7,0,0,"59:59.8",0.456145319,0.304439514,0.070872162,0.044570731,"52:23.0",8,"good",18.86666667,2023-10-29,"2023-10-28","2023-10-28 21:51","2023-10-29 11:31","2023-10-29 21:49",-177.38305,"black",1,"BDU","2",-73.74,45.47,"PETI",2023,10,29,5.9,3.5,4.7,1,0,0,2023-10-29 18:52:00,2023-10-29 14:52:00
"620","end",4,90338,38,9.6,0.1,"37:44.3",0.953918714,0.654101498,0.384174381,0.12022058,"56:28.7",10,"good",18.93333333,2024-12-05,"2024-12-04","2024-12-04 21:14","2024-12-05 12:21","2024-12-05 21:14",-138.05468,"black",1,"BDU","3",-73.74,45.47,"PETI",2024,12,5,1.4,-4.2,-1.4,1.9,1,53,2024-12-05 18:56:00,2024-12-05 13:56:00
"121","end",2,77898,65,0,38.82,"59:59.8",1.466773087,0.671816837,0.832524261,0.094139368,"01:03.7",8,"good",19.01666667,2023-12-21,"2023-12-20","2023-12-20 21:15","2023-12-21 12:33","2023-12-21 21:16",-135.22202,"black",1,"BDU","2",-73.74,45.47,"PETI",2023,12,21,-3.9,-9.2,-6.5,1,0,39,2023-12-21 19:01:00,2023-12-21 14:01:00
"116","end",7,77893,56,0,9.7,"54:45.3",1.24667224,0.754483997,0.624682553,0.251688986,"04:58.0",7,"good",19.06666667,2024-01-17,"2024-01-16","2024-01-16 21:40","2024-01-17 12:32","2024-01-17 21:41",-156.432845,"black",1,"SDB","2",-73.74,45.47,"PETI",2024,1,17,-8,-13.3,-10.7,1.4,14,47,2024-01-17 19:04:00,2024-01-17 14:04:00
"638","end",3,90356,1,1959.12,9.7,"59:53.7",1.595013603,0.526474013,0.680840864,0.115232209,"05:22.0",12,"good",19.08333333,2024-11-13,"2024-11-12","2024-11-12 21:30","2024-11-13 11:53","2024-11-13 21:29",-143.8498467,"black",1,"NDG","3",-73.74,45.47,"PETI",2024,11,13,3.5,-2.6,0.5,0,0,0,2024-11-13 19:05:00,2024-11-13 14:05:00
"92","end",2,77869,30,9.7,9.7,"30:43.6",0.754518424,0.63397361,0.110883774,0.085250952,"07:04.6",5,"good",19.11666667,2023-11-27,"2023-11-26","2023-11-26 21:18","2023-11-27 12:11","2023-11-27 21:18",-131.0226567,"black",1,"BDU","2",-73.74,45.47,"PETI",2023,11,27,5.5,0.5,3,4.3,0,48,2023-11-27 19:07:00,2023-11-27 14:07:00
"224","end",4,68924,53,7.3,0,"30:29.8",1.440636968,0.678361512,0.821231593,0.115402931,"12:51.4",4,"good",19.2,2022-12-26,"2022-12-25","2022-12-25 21:18","2022-12-26 12:35","2022-12-26 21:19",-126.3436083,"black",1,"SDB","1",-73.74,45.47,"PETI",2022,12,26,-2.8,-8.8,-5.8,0.2,14,39,2022-12-26 19:12:00,2022-12-26 14:12:00
"213","end",3,68913,112,7.3,0,"59:57.1",0.691400566,0.487485994,0.134916612,0.055652388,"19:10.5",2,"good",19.31666667,2023-02-11,"2023-02-10","2023-02-10 22:15","2023-02-11 12:05","2023-02-11 22:17",-178.2577367,"black",1,"SDB","1",-73.74,45.47,"PETI",2023,2,11,-0.5,-7.6,-4.1,0.5,28,38,2023-02-11 19:19:00,2023-02-11 14:19:00
"209","end",4,68909,54,0,7.3,"54:29.9",1.204852567,0.889854832,0.501586117,0.240077496,"20:20.5",1,"good",19.33333333,2022-12-06,"2022-12-05","2022-12-05 21:14","2022-12-06 12:22","2022-12-06 21:14",-114.092435,"black",1,"SDB","1",-73.74,45.47,"PETI",2022,12,6,8.2,2.7,5.5,15.2,0,33,2022-12-06 19:20:00,2022-12-06 14:20:00
"222","end",2,68922,34,7.3,0,"48:52.9",1.164538836,0.918010761,0.478597781,0.265499485,"20:37.1",4,"good",19.33333333,2022-12-06,"2022-12-05","2022-12-05 21:14","2022-12-06 12:22","2022-12-06 21:14",-113.81484,"black",1,"SDB","1",-73.74,45.47,"PETI",2022,12,6,8.2,2.7,5.5,15.2,0,33,2022-12-06 19:20:00,2022-12-06 14:20:00
"216","end",1,68916,32,0,7.3,"57:09.5",0.591856814,0.455162519,0.112940265,0.051374528,"23:49.0",3,"good",19.38333333,2022-11-27,"2022-11-26","2022-11-26 21:18","2022-11-27 12:11","2022-11-27 21:17",-114.1170317,"black",1,"SDB","1",-73.74,45.47,"PETI",2022,11,27,10.7,2.9,6.8,3.2,0,32,2022-11-27 19:23:00,2022-11-27 14:23:00
"130","end",9,77905,53,0,9.7,"10:10.9",1.416042247,0.959778357,0.617908577,0.287530154,"23:19.9",8,"good",19.38333333,2023-12-15,"2023-12-14","2023-12-14 21:14","2023-12-15 12:29","2023-12-15 21:14",-111.05104,"black",1,"BDU","2",-73.74,45.47,"PETI",2023,12,15,8.1,2.6,5.4,0,1,46,2023-12-15 19:23:00,2023-12-15 14:23:00
"210","end",5,68910,38,0,7.3,"51:44.7",0.737025844,0.621558234,0.113900578,0.082259162,"29:24.5",1,"good",19.48333333,2022-11-20,"2022-11-19","2022-11-19 21:23","2022-11-20 12:02","2022-11-20 21:22",-113.5411483,"black",1,"SDB","1",-73.74,45.47,"PETI",2022,11,20,-1,-8.9,-4.9,0.2,5,68,2022-11-20 19:29:00,2022-11-20 14:29:00
"620","end",4,90338,40,9.7,126.08,"59:53.5",0.82632094,0.582711577,0.207861271,0.061860476,"30:25.9",10,"good",19.5,2024-12-07,"2024-12-06","2024-12-06 21:14","2024-12-07 12:23","2024-12-07 21:14",-103.7514717,"black",1,"BDU","3",-73.74,45.47,"PETI",2024,12,7,-2.5,-8.3,-5.4,2.4,1,0,2024-12-07 19:30:00,2024-12-07 14:30:00
"116","end",7,77893,75,9.7,0,"05:40.3",1.176615718,0.755124941,0.445893265,0.280566751,"31:08.3",7,"good",19.51666667,2024-02-05,"2024-02-04","2024-02-04 22:06","2024-02-05 12:13","2024-02-05 22:08",-157.1117117,"black",1,"SDB","2",-73.74,45.47,"PETI",2024,2,5,1.5,-10.5,-4.5,6,11,0,2024-02-05 19:31:00,2024-02-05 14:31:00
"92","end",2,77869,3,0,9.7,"59:55.3",0.450807217,0.398223907,0.089298982,0.066057091,"32:04.2",5,"good",19.53333333,2023-10-31,"2023-10-30","2023-10-30 21:48","2023-10-31 11:34","2023-10-31 21:46",-134.7136133,"black",1,"BDU","2",-73.74,45.47,"PETI",2023,10,31,4.5,-1.3,1.6,1.5,0,0,2023-10-31 19:32:00,2023-10-31 15:32:00
"224","end",4,68924,6,7.3,7.3,"41:03.4",1.148106581,0.81155786,0.707733263,0.151799369,"33:13.5",4,"good",19.55,2022-11-09,"2022-11-08","2022-11-08 21:35","2022-11-09 11:47","2022-11-09 21:34",-121.12461,"black",1,"SDB","1",-73.74,45.47,"PETI",2022,11,9,8.9,-3.6,2.7,0,0,0,2022-11-09 19:33:00,2022-11-09 14:33:00
"127","end",7,77903,113,0,9.7,"22:04.9",1.416822855,0.840285139,0.627808087,0.378021011,"39:28.1",8,"good",19.65,2024-02-09,"2024-02-08","2024-02-08 22:12","2024-02-09 12:08","2024-02-09 22:14",-154.6488,"black",1,"SDB","2",-73.74,45.47,"PETI",2024,2,9,6.8,-0.8,3,9.2,11,0,2024-02-09 19:39:00,2024-02-09 14:39:00
"92","end",2,77869,28,9.7,0,"53:44.5",0.866430118,0.675939595,0.135816985,0.104891352,"43:30.7",5,"good",19.71666667,2023-11-25,"2023-11-24","2023-11-24 21:20","2023-11-25 12:08","2023-11-25 21:19",-95.83784667,"black",1,"BDU","2",-73.74,45.47,"PETI",2023,11,25,3.5,-8.4,-2.5,1.7,0,38,2023-11-25 19:43:00,2023-11-25 14:43:00
"99","end",8,77876,78,106.69,9.7,"53:49.8",1.520698622,0.858172149,0.782311678,0.360786242,"43:48.5",5,"good",19.71666667,2024-01-17,"2024-01-16","2024-01-16 21:40","2024-01-17 12:32","2024-01-17 21:41",-117.591765,"black",1,"SDB","2",-73.74,45.47,"PETI",2024,1,17,-8,-13.3,-10.7,1.4,14,47,2024-01-17 19:43:00,2024-01-17 14:43:00
"111","end",2,77888,67,0,0,"00:47.7",1.272040866,0.98543034,0.724478852,0.274564266,"44:57.2",7,"good",19.73333333,2024-01-19,"2024-01-18","2024-01-18 21:42","2024-01-19 12:30","2024-01-19 21:44",-119.0796267,"black",1,"SDB","2",-73.74,45.47,"PETI",2024,1,19,-9.1,-16.5,-12.8,2.2,14,0,2024-01-19 19:44:00,2024-01-19 14:44:00
"641","end",5,90359,62,0,0,"07:50.2",1.168045193,0.885501814,0.745744507,0.42872586,"47:10.6",12,"good",19.78333333,2025-01-15,"2025-01-14","2025-01-14 21:38","2025-01-15 12:32","2025-01-15 21:39",-112.5897083,"black",1,"SDB","3",-73.74,45.47,"PETI",2025,1,15,-5.5,-12.2,-8.9,0.2,7,31,2025-01-15 19:47:00,2025-01-15 14:47:00
"120","end",1,77897,78,9.7,9.7,"59:51.0",1.49973903,0.903333057,0.642085307,0.307749233,"49:17.8",8,"good",19.81666667,2023-12-30,"2023-12-29","2023-12-29 21:21","2023-12-30 12:36","2023-12-30 21:21",-92.65315833,"black",1,"SDB","2",-73.74,45.47,"PETI",2023,12,30,1.4,-4.2,-1.4,1.7,0,0,2023-12-30 19:49:00,2023-12-30 14:49:00
"614","end",8,90332,46,9.7,126.09,"59:51.1",0.894241439,0.686014365,0.348313994,0.101407611,"51:24.0",9,"good",19.85,2024-12-05,"2024-12-04","2024-12-04 21:14","2024-12-05 12:21","2024-12-05 21:14",-83.13279833,"black",1,"BDU","3",-73.74,45.47,"PETI",2024,12,5,1.4,-4.2,-1.4,1.9,1,53,2024-12-05 19:51:00,2024-12-05 14:51:00
"124","end",4,77900,66,0,9.7,"59:53.1",1.426184875,0.696852482,0.872265107,0.09511198,"52:53.4",8,"good",19.86666667,2023-12-23,"2023-12-22","2023-12-22 21:16","2023-12-23 12:34","2023-12-23 21:17",-84.35979333,"black",1,"SDB","2",-73.74,45.47,"PETI",2023,12,23,-0.8,-8.4,-4.6,0,0,0,2023-12-23 19:52:00,2023-12-23 14:52:00
"99","end",8,77876,80,19.4,9.7,"02:37.8",1.352730107,0.724069956,0.816782478,0.157634277,"53:25.0",5,"good",19.88333333,2024-01-19,"2024-01-18","2024-01-18 21:42","2024-01-19 12:30","2024-01-19 21:44",-110.6174517,"black",1,"SDB","2",-73.74,45.47,"PETI",2024,1,19,-9.1,-16.5,-12.8,2.2,14,0,2024-01-19 19:53:00,2024-01-19 14:53:00
"116","end",7,77893,68,0,9.7,"47:36.6",1.278653662,0.953002953,0.586830825,0.435962274,"54:46.8",7,"good",19.9,2024-01-29,"2024-01-28","2024-01-28 21:56","2024-01-29 12:21","2024-01-29 21:58",-123.2362667,"black",1,"SDB","2",-73.74,45.47,"PETI",2024,1,29,0.2,-4.2,-2,0,12,0,2024-01-29 19:54:00,2024-01-29 14:54:00
"625","end",9,90343,67,9.7,0,"12:27.8",1.100426289,0.754118793,0.725702477,0.317850191,"56:00.3",10,"good",19.93333333,2025-01-05,"2025-01-04","2025-01-04 21:27","2025-01-05 12:36","2025-01-05 21:28",-92.12855333,"black",1,"SDB","3",-73.74,45.47,"PETI",2025,1,5,-9.8,-14.5,-12.1,0.4,0,36,2025-01-05 19:56:00,2025-01-05 14:56:00
"208","end",3,68908,33,7.3,0,"59:55.5",1.07454413,0.66185786,0.534369608,0.14517653,"58:34.0",1,"good",19.96666667,2022-11-08,"2022-11-07","2022-11-07 21:36","2022-11-08 11:46","2022-11-08 21:35",-97.01677334,"black",1,"SDB","1",-73.74,45.47,"PETI",2022,11,8,7.4,-3,2.2,0,0,39,2022-11-08 19:58:00,2022-11-08 14:58:00
"215","end",5,68915,10,6.87,0,"59:58.3",1.005014512,0.691846476,0.379834946,0.264766527,"58:07.2",2,"good",19.96666667,2022-11-04,"2022-11-03","2022-11-03 21:42","2022-11-04 11:40","2022-11-04 21:40",-102.6631517,"black",1,"SDB","1",-73.74,45.47,"PETI",2022,11,4,20.5,6.9,13.7,0,0,0,2022-11-04 19:58:00,2022-11-04 15:58:00
"121","end",2,77898,67,38.81,10824.27,"59:56.7",1.338098088,0.647367892,0.752335237,0.070105782,"58:26.2",8,"good",19.96666667,2023-12-23,"2023-12-22","2023-12-22 21:16","2023-12-23 12:34","2023-12-23 21:17",-78.81261167,"black",1,"BDU","2",-73.74,45.47,"PETI",2023,12,23,-0.8,-8.4,-4.6,0,0,0,2023-12-23 19:58:00,2023-12-23 14:58:00
"212","end",2,68912,1,7.3,751.81,"59:59.3",0.809235925,0.607328279,0.288950433,0.096741406,"00:56.4",2,"good",20,2022-10-24,"2022-10-23","2022-10-23 21:58","2022-10-24 11:25","2022-10-24 21:57",-116.2258533,"black",1,"SDB","1",-73.74,45.47,"PETI",2022,10,24,20,9.2,14.6,0,0,0,2022-10-24 20:00:00,2022-10-24 16:00:00
"104","end",5,77881,18,0.1,9.6,"42:07.5",1.064908177,0.801465683,0.582480507,0.261465646,"02:56.2",6,"good",20.03333333,2023-11-22,"2023-11-21","2023-11-21 21:22","2023-11-22 12:05","2023-11-22 21:21",-78.58059167,"black",1,"SDB","2",-73.74,45.47,"PETI",2023,11,22,6.3,1.2,3.8,11,0,38,2023-11-22 20:02:00,2023-11-22 15:02:00
"109","end",10,77886,11,1445.12,48.49,"59:56.9",0.838383044,0.631721762,0.32477341,0.080424151,"02:29.5",6,"good",20.03333333,2023-11-21,"2023-11-20","2023-11-20 21:23","2023-11-21 12:03","2023-11-21 21:22",-79.841925,"black",1,"BDU","2",-73.74,45.47,"PETI",2023,11,21,2.8,-6.4,-1.8,11.2,0,46,2023-11-21 20:02:00,2023-11-21 15:02:00
"213","end",3,68913,145,7.3,7.3,"54:24.6",0.583904983,0.511782438,0.059318742,0.051014329,"04:00.1",2,"good",20.06666667,2023-03-16,"2023-03-15","2023-03-15 23:01","2023-03-16 11:08","2023-03-16 23:03",-179.2156717,"black",1,"SDB","1",-73.74,45.47,"PETI",2023,3,16,2.6,-0.7,0.9,0,15,34,2023-03-16 20:04:00,2023-03-16 16:04:00
"111","end",2,77888,61,9.7,9.7,"59:51.9",1.246588166,0.691721591,0.717620635,0.120147246,"06:46.5",7,"good",20.1,2024-01-13,"2024-01-12","2024-01-12 21:35","2024-01-13 12:34","2024-01-13 21:36",-89.57434333,"black",1,"SDB","2",-73.74,45.47,"PETI",2024,1,13,2.3,-6.7,-2.2,13.2,6,65,2024-01-13 20:06:00,2024-01-13 15:06:00
"207","end",2,68907,163,7.3,7.3,"26:38.7",1.083418815,0.580713215,0.254485281,0.137964368,"08:42.8",1,"good",20.13333333,2023-03-20,"2023-03-19","2023-03-19 23:07","2023-03-20 11:00","2023-03-20 23:08",-179.7201917,"black",1,"SDB","1",-73.74,45.47,"PETI",2023,3,20,5.3,-4.2,0.5,0,3,45,2023-03-20 20:08:00,2023-03-20 16:08:00
"124","end",4,77900,55,9.7,0,"57:51.2",1.314147186,0.896146261,0.808503719,0.207322419,"09:50.7",8,"good",20.15,2023-12-12,"2023-12-11","2023-12-11 21:13","2023-12-12 12:27","2023-12-12 21:14",-64.17212833,"black",1,"SDB","2",-73.74,45.47,"PETI",2023,12,12,4.3,-5.4,-0.5,0.4,2,42,2023-12-12 20:09:00,2023-12-12 15:09:00
"207","end",2,68907,164,0,7.3,"59:53.1",0.701038953,0.462962875,0.10191907,0.048698314,"10:19.4",1,"good",20.16666667,2023-03-21,"2023-03-20","2023-03-20 23:08","2023-03-21 10:58","2023-03-21 23:09",-179.3928083,"black",1,"SDB","1",-73.74,45.47,"PETI",2023,3,21,5.5,-2.2,1.6,0,0,0,2023-03-21 20:10:00,2023-03-21 16:10:00
"92","end",2,77869,8,0,9.7,"59:53.4",0.449567406,0.411164845,0.089003257,0.053152387,"19:53.3",5,"good",20.31666667,2023-11-05,"2023-11-04","2023-11-04 21:41","2023-11-05 11:41","2023-11-05 21:39",-79.89571667,"black",1,"BDU","2",-73.74,45.47,"PETI",2023,11,5,8.5,0,4.3,1.3,0,0,2023-11-05 20:19:00,2023-11-05 15:19:00
"116","end",7,77893,101,0,9.7,"24:47.6",1.272275179,0.849304329,0.865425615,0.30701665,"23:04.1",7,"good",20.38333333,2024-03-02,"2024-03-01","2024-03-01 22:44","2024-03-02 11:33","2024-03-02 22:45",-142.430975,"black",1,"SDB","2",-73.74,45.47,"PETI",2024,3,2,4.5,-5.8,-0.6,2.8,0,0,2024-03-02 20:23:00,2024-03-02 15:23:00
"213","end",3,68913,115,7.3,7.3,"59:58.0",0.517184959,0.463422119,0.055188055,0.043469684,"26:57.2",2,"good",20.43333333,2023-02-14,"2023-02-13","2023-02-13 22:20","2023-02-14 12:00","2023-02-14 22:21",-114.8626783,"black",1,"SDB","1",-73.74,45.47,"PETI",2023,2,14,5.2,-2,1.6,0,25,33,2023-02-14 20:26:00,2023-02-14 15:26:00
"608","end",3,90326,124,0,0,"59:58.5",0.47225407,0.17667583,0.243450811,0.01788099,"27:05.2",9,"good",20.45,2025-02-23,"2025-02-22","2025-02-22 22:34","2025-02-23 11:45","2025-02-23 22:35",-128.33072,"black",1,"BDU","3",-73.74,45.47,"PETI",2025,2,23,-0.8,-5.9,-3.4,0,27,32,2025-02-23 20:27:00,2025-02-23 15:27:00
"118","end",9,77895,108,0,9.7,"05:34.0",1.267082003,0.893296687,0.746825669,0.521163876,"29:33.0",7,"good",20.48333333,2024-01-27,"2024-01-26","2024-01-26 21:53","2024-01-27 12:24","2024-01-27 21:55",-85.60013333,"black",1,"SDB","2",-73.74,45.47,"PETI",2024,1,27,4.1,-0.9,1.6,2.4,14,0,2024-01-27 20:29:00,2024-01-27 15:29:00
"121","end",2,77898,129,116.39,106.69,"50:55.1",1.213721058,0.934003879,0.529645604,0.341720807,"29:29.4",8,"good",20.48333333,2024-02-23,"2024-02-22","2024-02-22 22:32","2024-02-23 11:46","2024-02-23 22:34",-124.8760667,"black",1,"BDU","2",-73.74,45.47,"PETI",2024,2,23,7,-9.9,-1.5,0.8,1,37,2024-02-23 20:29:00,2024-02-23 15:29:00
"207","end",2,68907,167,7.3,0,"59:58.4",0.623309497,0.457640817,0.081894373,0.050671741,"29:59.9",1,"good",20.5,2023-03-24,"2023-03-23","2023-03-23 23:12","2023-03-24 10:53","2023-03-24 23:13",-163.5851683,"black",1,"SDB","1",-73.74,45.47,"PETI",2023,3,24,5,-1.4,1.8,0,0,45,2023-03-24 20:30:00,2023-03-24 16:30:00
"217","end",2,68917,99,0,7.3,"23:25.3",1.234323612,0.877371045,0.769258238,0.424849523,"31:43.1",3,"good",20.51666667,2023-02-02,"2023-02-01","2023-02-01 22:02","2023-02-02 12:17","2023-02-02 22:04",-92.49760167,"black",1,"SDB","1",-73.74,45.47,"PETI",2023,2,2,-0.6,-14.7,-7.6,0,40,71,2023-02-02 20:31:00,2023-02-02 15:31:00
"116","end",7,77893,52,0,0,"53:33.1",1.081680747,0.717280591,0.662482175,0.13432702,"32:47.2",7,"good",20.53333333,2024-01-13,"2024-01-12","2024-01-12 21:35","2024-01-13 12:34","2024-01-13 21:36",-63.56284667,"black",1,"SDB","2",-73.74,45.47,"PETI",2024,1,13,2.3,-6.7,-2.2,13.2,6,65,2024-01-13 20:32:00,2024-01-13 15:32:00
"124","end",4,77900,58,9.7,0,"29:41.3",1.307258822,0.854586953,0.610278261,0.321126665,"32:18.2",8,"good",20.53333333,2023-12-15,"2023-12-14","2023-12-14 21:14","2023-12-15 12:29","2023-12-15 21:14",-42.079385,"black",1,"SDB","2",-73.74,45.47,"PETI",2023,12,15,8.1,2.6,5.4,0,1,46,2023-12-15 20:32:00,2023-12-15 15:32:00
"115","end",6,77892,2,9.6,0.1,"59:57.1",0.468071918,0.413763786,0.10428894,0.067786701,"33:21.8",7,"good",20.55,2023-11-21,"2023-11-20","2023-11-20 21:23","2023-11-21 12:03","2023-11-21 21:22",-48.97042,"black",1,"BDU","2",-73.74,45.47,"PETI",2023,11,21,2.8,-6.4,-1.8,11.2,0,46,2023-11-21 20:33:00,2023-11-21 15:33:00
"121","end",2,77898,125,0,0,"55:18.9",1.31011978,0.929160313,0.535598403,0.302188457,"34:49.9",8,"good",20.56666667,2024-02-19,"2024-02-18","2024-02-18 22:27","2024-02-19 11:53","2024-02-19 22:28",-113.8354767,"black",1,"BDU","2",-73.74,45.47,"PETI",2024,2,19,-6.2,-14.5,-10.3,1.9,10,38,2024-02-19 20:34:00,2024-02-19 15:34:00
"631","end",6,90349,38,0,9.7,"59:59.9",1.198774532,0.586369958,0.992765324,0.232622967,"34:23.8",11,"good",20.56666667,2024-12-19,"2024-12-18","2024-12-18 21:15","2024-12-19 12:33","2024-12-19 21:15",-41.35415167,"black",1,"BDU","3",-73.74,45.47,"PETI",2024,12,19,0.9,-9.3,-4.2,0.2,0,36,2024-12-19 20:34:00,2024-12-19 15:34:00
"127","end",7,77903,107,0,9.7,"02:41.8",1.179897751,0.908029317,0.642191164,0.441987564,"35:53.6",8,"good",20.58333333,2024-02-03,"2024-02-02","2024-02-02 22:03","2024-02-03 12:16","2024-02-03 22:05",-89.40623167,"black",1,"SDB","2",-73.74,45.47,"PETI",2024,2,3,-2.7,-7.6,-5.2,0.8,11,0,2024-02-03 20:35:00,2024-02-03 15:35:00
"114","end",5,77891,20,9.7,9.7,"59:52.9",0.63405239,0.464158209,0.088799366,0.040780285,"36:02.6",7,"good",20.6,2023-12-09,"2023-12-08","2023-12-08 21:14","2023-12-09 12:24","2023-12-09 21:14",-38.00588333,"black",1,"BDU","2",-73.74,45.47,"PETI",2023,12,9,6,-6.3,-0.1,0,14,0,2023-12-09 20:36:00,2023-12-09 15:36:00
"617","end",2,90335,9,0,0,"59:52.1",1.072338621,0.481316554,0.737072883,0.09192341,"37:39.8",10,"good",20.61666667,2024-11-02,"2024-11-01","2024-11-01 21:44","2024-11-02 11:38","2024-11-02 21:42",-65.20314333,"black",1,"BDU","3",-73.74,45.47,"PETI",2024,11,2,4.8,-2.1,1.3,0,0,0,2024-11-02 20:37:00,2024-11-02 16:37:00
"222","end",2,68922,38,7.3,7.3,"59:59.5",1.101391623,0.711986746,0.336717546,0.109441881,"38:03.3",4,"good",20.63333333,2022-12-10,"2022-12-09","2022-12-09 21:14","2022-12-10 12:25","2022-12-10 21:13",-35.929035,"black",1,"SDB","1",-73.74,45.47,"PETI",2022,12,10,-4.7,-10.3,-7.5,0,0,44,2022-12-10 20:38:00,2022-12-10 15:38:00
"208","end",3,68908,39,0,7.3,"59:59.3",0.615101637,0.482156444,0.166279127,0.092003732,"40:57.7",1,"good",20.66666667,2022-11-14,"2022-11-13","2022-11-13 21:29","2022-11-14 11:54","2022-11-14 21:28",-47.705305,"black",1,"SDB","1",-73.74,45.47,"PETI",2022,11,14,2.2,-2.2,0,0,0,40,2022-11-14 20:40:00,2022-11-14 15:40:00
"216","end",1,68916,15,0,7.3,"59:54.9",0.667751813,0.580559209,0.094358894,0.083283616,"40:02.9",3,"good",20.66666667,2022-11-10,"2022-11-09","2022-11-09 21:34","2022-11-10 11:48","2022-11-10 21:33",-53.10190167,"black",1,"SDB","1",-73.74,45.47,"PETI",2022,11,10,17.2,7.6,12.4,0,0,0,2022-11-10 20:40:00,2022-11-10 15:40:00
"213","end",3,68913,153,7.3,0,"59:54.7",0.669807374,0.58874066,0.08884423,0.063571832,"42:06.4",2,"good",20.7,2023-03-24,"2023-03-23","2023-03-23 23:12","2023-03-24 10:53","2023-03-24 23:13",-151.47709,"black",1,"SDB","1",-73.74,45.47,"PETI",2023,3,24,5,-1.4,1.8,0,0,45,2023-03-24 20:42:00,2023-03-24 16:42:00
"127","end",7,77903,132,9.7,0,"59:51.5",1.570124856,0.842200429,0.775917435,0.354921113,"42:09.7",8,"good",20.7,2024-02-28,"2024-02-27","2024-02-27 22:39","2024-02-28 11:38","2024-02-28 22:41",-119.2047833,"black",1,"SDB","2",-73.74,45.47,"PETI",2024,2,28,14.1,-11.9,1.1,8.7,0,80,2024-02-28 20:42:00,2024-02-28 15:42:00
"625","end",9,90343,2,0,9.7,"59:53.6",0.616332528,0.491427684,0.119376936,0.101791686,"42:12.1",10,"good",20.7,2024-11-01,"2024-10-31","2024-10-31 21:45","2024-11-01 11:36","2024-11-01 21:44",-62.08142833,"black",1,"SDB","3",-73.74,45.47,"PETI",2024,11,1,19.2,4.2,11.7,0,0,60,2024-11-01 20:42:00,2024-11-01 16:42:00
"124","end",4,77900,11,0,0,"39:41.9",0.905739457,0.636764949,0.354385966,0.082197759,"43:30.3",8,"good",20.71666667,2023-10-29,"2023-10-28","2023-10-28 21:51","2023-10-29 11:31","2023-10-29 21:49",-66.26248167,"black",1,"SDB","2",-73.74,45.47,"PETI",2023,10,29,5.9,3.5,4.7,1,0,0,2023-10-29 20:43:00,2023-10-29 16:43:00
"116","end",7,77893,97,9.7,0,"40:26.8",1.3552571,0.983297318,0.694295443,0.445808113,"44:42.2",7,"good",20.73333333,2024-02-27,"2024-02-26","2024-02-26 22:38","2024-02-27 11:40","2024-02-27 22:39",-115.2799783,"black",1,"SDB","2",-73.74,45.47,"PETI",2024,2,27,15.1,-0.9,7.1,0.8,0,42,2024-02-27 20:44:00,2024-02-27 15:44:00
"92","end",2,77869,11,0,0,"59:56.4",0.469001996,0.366335592,0.067837352,0.046994159,"48:32.9",5,"good",20.8,2023-11-08,"2023-11-07","2023-11-07 21:37","2023-11-08 11:45","2023-11-08 21:35",-47.35137,"black",1,"BDU","2",-73.74,45.47,"PETI",2023,11,8,4.5,-1.8,1.3,3.2,0,37,2023-11-08 20:48:00,2023-11-08 15:48:00
"124","end",4,77900,67,58.19,9.7,"22:58.4",1.363852921,0.82005559,0.711544652,0.216258434,"48:26.4",8,"good",20.8,2023-12-24,"2023-12-23","2023-12-23 21:17","2023-12-24 12:35","2023-12-24 21:17",-29.36028,"black",1,"SDB","2",-73.74,45.47,"PETI",2023,12,24,2.1,-1.5,0.3,0,0,0,2023-12-24 20:48:00,2023-12-24 15:48:00
"216","end",1,68916,154,0,7.3,"44:10.4",0.649373007,0.546807094,0.12248983,0.085819414,"50:49.5",3,"good",20.83333333,2023-03-29,"2023-03-28","2023-03-28 23:18","2023-03-29 10:43","2023-03-29 23:20",-149.1918167,"black",1,"SDB","1",-73.74,45.47,"PETI",2023,3,29,9.7,-4.5,2.6,0.5,0,61,2023-03-29 20:50:00,2023-03-29 16:50:00
"92","end",2,77869,19,9.7,0,"00:00.0",0.407709225,0.371221646,0.080625675,0.046952635,"51:40.8",5,"good",20.85,2023-11-16,"2023-11-15","2023-11-15 21:27","2023-11-16 11:56","2023-11-16 21:26",-35.20356167,"black",1,"BDU","2",-73.74,45.47,"PETI",2023,11,16,11.7,2,6.8,1,0,0,2023-11-16 20:51:00,2023-11-16 15:51:00
"92","end",2,77869,16,0,0,"59:56.9",0.723718263,0.498789785,0.113411376,0.048793104,"52:45.5",5,"good",20.86666667,2023-11-13,"2023-11-12","2023-11-12 21:31","2023-11-13 11:52","2023-11-13 21:30",-37.258665,"black",1,"BDU","2",-73.74,45.47,"PETI",2023,11,13,1.4,-5.8,-2.2,0.7,0,0,2023-11-13 20:52:00,2023-11-13 15:52:00
"224","end",4,68924,9,0,29.2,"59:53.5",1.151457499,0.695519952,0.621490677,0.117599927,"54:22.3",4,"good",20.9,2022-11-12,"2022-11-11","2022-11-11 21:31","2022-11-12 11:51","2022-11-12 21:30",-36.47878167,"black",1,"SDB","1",-73.74,45.47,"PETI",2022,11,12,14.8,6.8,10.8,26.6,0,44,2022-11-12 20:54:00,2022-11-12 15:54:00
"645","end",7,90363,87,0,0,"59:58.5",0.785762809,0.528488111,0.405652909,0.117782104,"55:22.7",12,"good",20.91666667,2025-02-09,"2025-02-08","2025-02-08 22:13","2025-02-09 12:07","2025-02-09 22:15",-79.838015,"black",1,"SDB","3",-73.74,45.47,"PETI",2025,2,9,-3.3,-9.5,-6.4,1.7,20,0,2025-02-09 20:55:00,2025-02-09 15:55:00
"207","end",2,68907,154,7.3,0,"10:11.9",0.508770501,0.452204521,0.051284747,0.041534298,"58:48.7",1,"good",20.96666667,2023-03-11,"2023-03-10","2023-03-10 22:55","2023-03-11 11:17","2023-03-11 22:56",-117.8220467,"black",1,"SDB","1",-73.74,45.47,"PETI",2023,3,11,3.3,-6.8,-1.7,0,25,33,2023-03-11 20:58:00,2023-03-11 15:58:00
"625","end",9,90343,146,0,19.4,"14:56.0",1.578027914,0.995710052,0.980307033,0.5229016,"58:01.2",10,"good",20.96666667,2025-03-25,"2025-03-24","2025-03-24 23:14","2025-03-25 10:50","2025-03-25 23:15",-137.4808417,"black",1,"SDB","3",-73.74,45.47,"PETI",2025,3,25,4.4,0.9,2.6,0.5,0,38,2025-03-25 20:58:00,2025-03-25 16:58:00
"116","end",7,77893,98,9.7,0,"28:00.1",1.494310941,0.874808472,0.86003616,0.380713976,"59:34.7",7,"good",20.98333333,2024-02-28,"2024-02-27","2024-02-27 22:39","2024-02-28 11:38","2024-02-28 22:41",-101.788845,"black",1,"SDB","2",-73.74,45.47,"PETI",2024,2,28,14.1,-11.9,1.1,8.7,0,80,2024-02-28 20:59:00,2024-02-28 15:59:00
"127","end",7,77903,102,9.7,0,"47:45.2",1.1768182,0.829652478,0.690910461,0.349368878,"59:15.6",8,"good",20.98333333,2024-01-29,"2024-01-28","2024-01-28 21:56","2024-01-29 12:21","2024-01-29 21:58",-58.756825,"black",1,"SDB","2",-73.74,45.47,"PETI",2024,1,29,0.2,-4.2,-2,0,12,0,2024-01-29 20:59:00,2024-01-29 15:59:00
"608","end",3,90326,122,0,9.7,"59:53.1",0.50287823,0.423328483,0.293244539,0.143476539,"59:09.6",9,"good",20.98333333,2025-02-21,"2025-02-20","2025-02-20 22:31","2025-02-21 11:49","2025-02-21 22:32",-93.42287333,"black",1,"BDU","3",-73.74,45.47,"PETI",2025,2,21,-7.7,-12.1,-9.9,0,27,41,2025-02-21 20:59:00,2025-02-21 15:59:00
"213","end",3,68913,177,7.3,14.6,"59:53.7",0.672175625,0.606024967,0.088148463,0.068145088,"00:27.6",2,"good",21,2023-04-17,"2023-04-16","2023-04-16 23:43","2023-04-17 10:08","2023-04-17 23:44",-163.940405,"black",1,"SDB","1",-73.74,45.47,"PETI",2023,4,17,12.8,6.4,9.6,11.5,0,42,2023-04-17 21:00:00,2023-04-17 17:00:00
"104","end",5,77881,67,0,0,"59:55.8",1.371302529,0.691603348,0.57999452,0.083887803,"59:59.4",6,"good",21,2024-01-10,"2024-01-09","2024-01-09 21:31","2024-01-10 12:35","2024-01-10 21:32",27.20624333,"black",1,"SDB","2",-73.74,45.47,"PETI",2024,1,10,6.4,-2.6,1.9,12.6,14,60,2024-01-10 21:00:00,2024-01-10 16:00:00
"127","end",7,77903,20,9.7,0,"59:55.5",0.876455783,0.56692366,0.455023866,0.135982497,"59:59.1",8,"good",21,2023-11-08,"2023-11-07","2023-11-07 21:37","2023-11-08 11:45","2023-11-08 21:35",24.08498667,"black",1,"SDB","2",-73.74,45.47,"PETI",2023,11,8,4.5,-1.8,1.3,3.2,0,37,2023-11-08 21:00:00,2023-11-08 16:00:00
"224","end",4,68924,24,14.6,7.3,"59:56.4",1.301231795,0.734966222,0.635505082,0.108136849,"01:57.8",4,"good",21.01666667,2022-11-27,"2022-11-26","2022-11-26 21:18","2022-11-27 12:11","2022-11-27 21:17",-15.97047333,"black",1,"SDB","1",-73.74,45.47,"PETI",2022,11,27,10.7,2.9,6.8,3.2,0,32,2022-11-27 21:01:00,2022-11-27 16:01:00
"641","end",5,90359,45,0,9.7,"23:51.9",1.484213526,0.67257176,0.738340978,0.140228382,"01:14.1",12,"good",21.01666667,2024-12-29,"2024-12-28","2024-12-28 21:20","2024-12-29 12:36","2024-12-29 21:21",-20.49865834,"black",1,"SDB","3",-73.74,45.47,"PETI",2024,12,29,7.9,-3.1,2.4,5.3,6,0,2024-12-29 21:01:00,2024-12-29 16:01:00
"104","end",5,77881,11,9.7,0,"59:55.1",1.069349157,0.588359366,0.450636457,0.093781505,"02:55.1",6,"good",21.03333333,2023-11-15,"2023-11-14","2023-11-14 21:28","2023-11-15 11:55","2023-11-15 21:27",-24.98230167,"black",1,"SDB","2",-73.74,45.47,"PETI",2023,11,15,10,1.1,5.5,0.8,0,0,2023-11-15 21:02:00,2023-11-15 16:02:00
"105","end",6,77882,36,9.7,872.88,"59:58.7",0.823464347,0.56223224,0.305629877,0.065235612,"02:19.8",6,"good",21.03333333,2023-12-10,"2023-12-09","2023-12-09 21:14","2023-12-10 12:25","2023-12-10 21:14",-11.67030167,"black",1,"BDU","2",-73.74,45.47,"PETI",2023,12,10,6.3,1.9,4.1,14.3,9,33,2023-12-10 21:02:00,2023-12-10 16:02:00
"121","end",2,77898,137,9.7,0,"53:45.1",1.478042756,0.782032414,0.672087274,0.32322674,"03:12.1",8,"good",21.05,2024-03-02,"2024-03-01","2024-03-01 22:44","2024-03-02 11:33","2024-03-02 22:45",-102.2983083,"black",1,"BDU","2",-73.74,45.47,"PETI",2024,3,2,4.5,-5.8,-0.6,2.8,0,0,2024-03-02 21:03:00,2024-03-02 16:03:00
"92","end",2,77869,21,0,9.7,"59:55.3",0.420819122,0.296904937,0.052158827,0.019728024,"04:51.3",5,"good",21.06666667,2023-11-18,"2023-11-17","2023-11-17 21:25","2023-11-18 11:59","2023-11-18 21:24",-20.09445333,"black",1,"BDU","2",-73.74,45.47,"PETI",2023,11,18,3.8,0.9,2.4,0.9,0,33,2023-11-18 21:04:00,2023-11-18 16:04:00
"121","end",2,77898,74,19.4,601.61,"59:58.1",1.382318558,0.666093339,0.611021398,0.089977673,"05:12.9",8,"good",21.08333333,2023-12-30,"2023-12-29","2023-12-29 21:21","2023-12-30 12:36","2023-12-30 21:21",-16.73551667,"black",1,"BDU","2",-73.74,45.47,"PETI",2023,12,30,1.4,-4.2,-1.4,1.7,0,0,2023-12-30 21:05:00,2023-12-30 16:05:00
"129","end",8,77904,14,9.7,0,"59:56.3",0.421787728,0.339693679,0.062784009,0.029200527,"05:11.9",8,"good",21.08333333,2023-11-05,"2023-11-04","2023-11-04 21:41","2023-11-05 11:41","2023-11-05 21:39",-34.58462333,"black",1,"BDU","2",-73.74,45.47,"PETI",2023,11,5,8.5,0,4.3,1.3,0,0,2023-11-05 21:05:00,2023-11-05 16:05:00
"617","end",2,90335,46,0,9.7,"59:56.9",1.003703107,0.614761826,0.710585932,0.121084296,"06:30.8",10,"good",21.1,2024-12-09,"2024-12-08","2024-12-08 21:14","2024-12-09 12:25","2024-12-09 21:14",-7.4863,"black",1,"BDU","3",-73.74,45.47,"PETI",2024,12,9,-3.2,-7.1,-5.2,2.7,9,43,2024-12-09 21:06:00,2024-12-09 16:06:00
"127","end",7,77903,100,19.4,19.4,"58:15.7",1.200366173,0.987512197,0.680765075,0.403501247,"07:11.0",8,"good",21.11666667,2024-01-27,"2024-01-26","2024-01-26 21:53","2024-01-27 12:24","2024-01-27 21:55",-47.96723333,"black",1,"SDB","2",-73.74,45.47,"PETI",2024,1,27,4.1,-0.9,1.6,2.4,14,0,2024-01-27 21:07:00,2024-01-27 16:07:00
"625","end",9,90343,1,0,0,"59:57.9",0.654607358,0.597539776,0.123347728,0.097365664,"07:29.4",10,"good",21.11666667,2024-10-31,"2024-10-30","2024-10-30 21:47","2024-10-31 11:35","2024-10-31 21:45",-38.22600667,"black",1,"SDB","3",-73.74,45.47,"PETI",2024,10,31,24.3,18.5,21.4,0,0,53,2024-10-31 21:07:00,2024-10-31 17:07:00
"206","end",1,68906,56,0,7.3,"50:24.3",1.586218738,0.694999873,1.028924248,0.105115983,"08:58.7",1,"good",21.13333333,2022-12-06,"2022-12-05","2022-12-05 21:14","2022-12-06 12:22","2022-12-06 21:14",-5.455606667,"black",1,"SDB","1",-73.74,45.47,"PETI",2022,12,6,8.2,2.7,5.5,15.2,0,33,2022-12-06 21:08:00,2022-12-06 16:08:00
"219","end",4,68919,37,7.3,0,"59:53.1",1.420628616,0.549287491,0.874261754,0.097218353,"07:59.6",3,"good",21.13333333,2022-12-06,"2022-12-05","2022-12-05 21:14","2022-12-06 12:22","2022-12-06 21:14",-6.440168333,"black",1,"SDB","1",-73.74,45.47,"PETI",2022,12,6,8.2,2.7,5.5,15.2,0,33,2022-12-06 21:08:00,2022-12-06 16:08:00
"220","end",5,68920,35,0,7.3,"59:59.0",1.231266752,0.460822677,0.866408161,0.083581917,"08:05.5",3,"good",21.13333333,2022-12-06,"2022-12-05","2022-12-05 21:14","2022-12-06 12:22","2022-12-06 21:14",-6.342019999,"black",1,"SDB","1",-73.74,45.47,"PETI",2022,12,6,8.2,2.7,5.5,15.2,0,33,2022-12-06 21:08:00,2022-12-06 16:08:00
"127","end",7,77903,104,9.7,9.7,"01:29.3",1.279317236,0.936326965,0.716220482,0.30902785,"08:37.8",8,"good",21.13333333,2024-01-31,"2024-01-30","2024-01-30 21:59","2024-01-31 12:19","2024-01-31 22:00",-52.28594667,"black",1,"SDB","2",-73.74,45.47,"PETI",2024,1,31,2.5,-7.2,-2.4,0,12,0,2024-01-31 21:08:00,2024-01-31 16:08:00
"208","end",3,68908,35,7.3,0,"59:56.9",0.530121374,0.459185388,0.101043228,0.089479538,"09:01.5",1,"good",21.15,2022-11-10,"2022-11-09","2022-11-09 21:34","2022-11-10 11:48","2022-11-10 21:33",-24.12492333,"black",1,"SDB","1",-73.74,45.47,"PETI",2022,11,10,17.2,7.6,12.4,0,0,0,2022-11-10 21:09:00,2022-11-10 16:09:00
"617","end",2,90335,52,0,9.7,"59:57.6",0.888722533,0.42988961,0.647193917,0.075358827,"09:06.7",10,"good",21.15,2024-12-15,"2024-12-14","2024-12-14 21:14","2024-12-15 12:30","2024-12-15 21:14",-5.421686665,"black",1,"BDU","3",-73.74,45.47,"PETI",2024,12,15,-5.8,-12.7,-9.3,0,1,0,2024-12-15 21:09:00,2024-12-15 16:09:00
"631","end",6,90349,141,0,9.7,"59:51.6",0.74674413,0.589529914,0.123554346,0.074046882,"10:47.1",11,"good",21.16666667,2025-04-01,"2025-03-31","2025-03-31 23:23","2025-04-01 10:36","2025-04-01 23:24",-133.6821617,"black",1,"BDU","3",-73.74,45.47,"PETI",2025,4,1,2.7,-6.4,-1.9,0.2,0,49,2025-04-01 21:10:00,2025-04-01 17:10:00
"123","end",3,77899,23,0,0,"59:42.9",1.388323412,0.782676975,0.786851643,0.142506685,"11:36.0",8,"good",21.18333333,2023-11-10,"2023-11-09","2023-11-09 21:34","2023-11-10 11:48","2023-11-10 21:33",-21.84989833,"black",1,"SDB","2",-73.74,45.47,"PETI",2023,11,10,7.1,0.6,3.8,0.7,0,37,2023-11-10 21:11:00,2023-11-10 16:11:00
"206","end",1,68906,49,0,7.3,"59:58.5",1.428881856,0.632350846,0.83087958,0.107892529,"12:42.5",1,"good",21.2,2022-11-29,"2022-11-28","2022-11-28 21:17","2022-11-29 12:14","2022-11-29 21:16",-4.158186666,"black",1,"SDB","1",-73.74,45.47,"PETI",2022,11,29,1.5,-2,-0.2,0,0,31,2022-11-29 21:12:00,2022-11-29 16:12:00
"617","end",2,90335,63,9.7,0,"59:58.7",0.976569335,0.42496917,0.708258397,0.095898286,"12:02.4",10,"good",21.2,2024-12-26,"2024-12-25","2024-12-25 21:18","2024-12-26 12:35","2024-12-26 21:19",-7.476651669,"black",1,"BDU","3",-73.74,45.47,"PETI",2024,12,26,-7.5,-17.8,-12.7,0.2,7,0,2024-12-26 21:12:00,2024-12-26 16:12:00
"99","end",8,77876,23,9.7,0,"59:52.2",1.134593376,0.725398508,0.67906015,0.128191285,"13:32.1",5,"good",21.21666667,2023-11-23,"2023-11-22","2023-11-22 21:21","2023-11-23 12:06","2023-11-23 21:20",-7.231363332,"black",1,"SDB","2",-73.74,45.47,"PETI",2023,11,23,5.4,1.3,3.3,0.4,0,0,2023-11-23 21:13:00,2023-11-23 16:13:00
"617","end",2,90335,55,0,9.7,"59:57.9",1.012177942,0.548317895,0.789682149,0.090250759,"13:48.2",10,"good",21.21666667,2024-12-18,"2024-12-17","2024-12-17 21:15","2024-12-18 12:32","2024-12-18 21:15",-1.579291666,"black",1,"BDU","3",-73.74,45.47,"PETI",2024,12,18,3.7,0.5,2.1,4,0,0,2024-12-18 21:13:00,2024-12-18 16:13:00
"220","end",5,68920,44,5.99,1.31,"59:54.9",1.285824512,0.466621289,0.702238015,0.087930675,"14:19.5",3,"good",21.23333333,2022-12-15,"2022-12-14","2022-12-14 21:14","2022-12-15 12:30","2022-12-15 21:14",-0.107518335,"black",1,"SDB","1",-73.74,45.47,"PETI",2022,12,15,5.6,0.8,3.2,0,0,38,2022-12-15 21:14:00,2022-12-15 16:14:00
"224","end",4,68924,33,7.3,0,"59:54.7",1.194285631,0.594935991,0.839195373,0.086522797,"14:27.9",4,"good",21.23333333,2022-12-06,"2022-12-05","2022-12-05 21:14","2022-12-06 12:22","2022-12-06 21:14",0.031343333,"black",1,"SDB","1",-73.74,45.47,"PETI",2022,12,6,8.2,2.7,5.5,15.2,0,33,2022-12-06 21:14:00,2022-12-06 16:14:00
"617","end",2,90335,58,0,9.7,"59:58.5",1.04943916,0.612217838,0.776619719,0.080327209,"14:27.7",10,"good",21.23333333,2024-12-21,"2024-12-20","2024-12-20 21:16","2024-12-21 12:34","2024-12-21 21:16",-2.155801666,"black",1,"BDU","3",-73.74,45.47,"PETI",2024,12,21,-8,-16.2,-12.1,0.2,0,37,2024-12-21 21:14:00,2024-12-21 16:14:00
"641","end",5,90359,82,0,0,"25:38.8",1.073178801,0.84180943,0.567437354,0.187622097,"14:50.8",12,"good",21.23333333,2025-02-04,"2025-02-03","2025-02-03 22:06","2025-02-04 12:14","2025-02-04 22:07",-53.02039,"black",1,"SDB","3",-73.74,45.47,"PETI",2025,2,4,-3.9,-14.5,-9.2,0,19,44,2025-02-04 21:14:00,2025-02-04 16:14:00
"224","end",4,68924,22,7.3,109.49,"59:56.7",1.072908932,0.669405095,0.555701266,0.102869089,"15:06.4",4,"good",21.25,2022-11-25,"2022-11-24","2022-11-24 21:19","2022-11-25 12:09","2022-11-25 21:19",-4.076806668,"black",1,"SDB","1",-73.74,45.47,"PETI",2022,11,25,5.5,-2.8,1.3,4,2,43,2022-11-25 21:15:00,2022-11-25 16:15:00
"617","end",2,90335,61,0,9.7,"59:58.8",0.791201236,0.374033464,0.568223638,0.084573968,"15:06.8",10,"good",21.25,2024-12-24,"2024-12-23","2024-12-23 21:17","2024-12-24 12:35","2024-12-24 21:18",-3.120766668,"black",1,"BDU","3",-73.74,45.47,"PETI",2024,12,24,-6.4,-11.4,-8.9,4.9,8,0,2024-12-24 21:15:00,2024-12-24 16:15:00
"211","end",1,68911,47,7.3,3831.99,"40:41.6",1.060324618,0.630594804,0.48506548,0.108766298,"16:17.7",2,"good",21.26666667,2022-12-02,"2022-12-01","2022-12-01 21:15","2022-12-02 12:17","2022-12-02 21:15",0.728070001,"black",1,"SDB","1",-73.74,45.47,"PETI",2022,12,2,4.2,-3.9,0.1,0,0,43,2022-12-02 21:16:00,2022-12-02 16:16:00
"220","end",5,68920,21,0,0,"59:54.3",1.500388048,0.527727191,0.81110267,0.102313782,"16:02.5",3,"good",21.26666667,2022-11-22,"2022-11-21","2022-11-21 21:22","2022-11-22 12:05","2022-11-22 21:21",-5.274899999,"black",1,"SDB","1",-73.74,45.47,"PETI",2022,11,22,0.8,-6.4,-2.8,0,3,48,2022-11-22 21:16:00,2022-11-22 16:16:00
"220","end",5,68920,40,7.3,7.3,"59:59.9",1.318090463,0.568342516,0.750979594,0.126961395,"16:15.4",3,"good",21.26666667,2022-12-11,"2022-12-10","2022-12-10 21:13","2022-12-11 12:26","2022-12-11 21:13",2.274031667,"black",1,"SDB","1",-73.74,45.47,"PETI",2022,12,11,-4.3,-8.3,-6.3,0,0,36,2022-12-11 21:16:00,2022-12-11 16:16:00
"99","end",8,77876,66,19.4,1319.04,"32:57.0",1.333103247,0.684452125,0.678738915,0.091960072,"16:00.4",5,"good",21.26666667,2024-01-05,"2024-01-04","2024-01-04 21:26","2024-01-05 12:36","2024-01-05 21:27",-11.3774,"black",1,"SDB","2",-73.74,45.47,"PETI",2024,1,5,-1.2,-12.5,-6.9,0,0,31,2024-01-05 21:16:00,2024-01-05 16:16:00
"109","end",10,77886,112,9.7,9.7,"59:51.0",0.877470636,0.612292868,0.251916394,0.079102717,"16:44.9",6,"good",21.26666667,2024-03-01,"2024-02-29","2024-02-29 22:42","2024-03-01 11:34","2024-03-01 22:44",-87.38507833,"black",1,"BDU","2",-73.74,45.47,"PETI",2024,3,1,0.1,-12.3,-6.1,0.6,0,0,2024-03-01 21:16:00,2024-03-01 16:16:00
"617","end",2,90335,41,9.7,0,"59:56.2",0.807517586,0.589820229,0.610522209,0.089320358,"16:12.1",10,"good",21.26666667,2024-12-04,"2024-12-03","2024-12-03 21:15","2024-12-04 12:20","2024-12-04 21:14",1.417859999,"black",1,"BDU","3",-73.74,45.47,"PETI",2024,12,4,-0.2,-6.2,-3.2,1.8,0,46,2024-12-04 21:16:00,2024-12-04 16:16:00
"617","end",2,90335,57,0,9.7,"59:58.4",0.956202706,0.582183454,0.76698667,0.088035853,"16:04.5",10,"good",21.26666667,2024-12-20,"2024-12-19","2024-12-19 21:15","2024-12-20 12:33","2024-12-20 21:16",-0.091539999,"black",1,"BDU","3",-73.74,45.47,"PETI",2024,12,20,-6.7,-10.7,-8.7,0.2,0,32,2024-12-20 21:16:00,2024-12-20 16:16:00
"641","end",5,90359,32,9.7,9.7,"59:52.9",1.393286324,0.576823318,0.69194513,0.087634268,"16:56.7",12,"good",21.26666667,2024-12-16,"2024-12-15","2024-12-15 21:14","2024-12-16 12:31","2024-12-16 21:14",2.177561669,"black",1,"SDB","3",-73.74,45.47,"PETI",2024,12,16,5.6,-6.7,-0.5,0.5,1,44,2024-12-16 21:16:00,2024-12-16 16:16:00
"211","end",1,68911,53,14.6,1510.9,"59:54.2",1.121411178,0.693147533,0.379002562,0.101501977,"17:30.0",2,"good",21.28333333,2022-12-08,"2022-12-07","2022-12-07 21:14","2022-12-08 12:24","2022-12-08 21:14",3.383538334,"black",1,"SDB","1",-73.74,45.47,"PETI",2022,12,8,5.6,-2.3,1.6,0.2,0,0,2022-12-08 21:17:00,2022-12-08 16:17:00
"212","end",2,68912,44,0,0,"59:57.6",1.450558823,0.449831092,1.067999453,0.068214926,"17:47.8",2,"good",21.28333333,2022-12-06,"2022-12-05","2022-12-05 21:14","2022-12-06 12:22","2022-12-06 21:14",3.363250001,"black",1,"SDB","1",-73.74,45.47,"PETI",2022,12,6,8.2,2.7,5.5,15.2,0,33,2022-12-06 21:17:00,2022-12-06 16:17:00
"102","end",3,77879,40,9.7,1774.9,"59:54.5",1.230616286,0.612137498,0.537552799,0.068859451,"17:27.1",6,"good",21.28333333,2023-12-13,"2023-12-12","2023-12-12 21:14","2023-12-13 12:28","2023-12-13 21:14",3.368383332,"black",1,"SDB","2",-73.74,45.47,"PETI",2023,12,13,1.1,-6.9,-2.9,1,1,47,2023-12-13 21:17:00,2023-12-13 16:17:00
"109","end",10,77886,7,0,9.7,"59:59.5",0.860101962,0.494867757,0.381824814,0.081283846,"17:03.1",6,"good",21.28333333,2023-11-17,"2023-11-16","2023-11-16 21:26","2023-11-17 11:58","2023-11-17 21:25",-8.848424999,"black",1,"BDU","2",-73.74,45.47,"PETI",2023,11,17,14.3,3.2,8.8,6.4,0,49,2023-11-17 21:17:00,2023-11-17 16:17:00
"109","end",10,77886,26,0,0,"59:52.7",0.887918719,0.481408468,0.4340804,0.09100261,"17:54.5",6,"good",21.28333333,2023-12-06,"2023-12-05","2023-12-05 21:14","2023-12-06 12:21","2023-12-06 21:14",3.424291666,"black",1,"BDU","2",-73.74,45.47,"PETI",2023,12,6,-6.5,-11.7,-9.1,2.3,17,0,2023-12-06 21:17:00,2023-12-06 16:17:00
"114","end",5,77891,12,9.7,0,"59:53.5",0.885057121,0.623669546,0.389078189,0.098614645,"17:26.3",7,"good",21.28333333,2023-12-01,"2023-11-30","2023-11-30 21:16","2023-12-01 12:16","2023-12-01 21:16",1.372475,"black",1,"BDU","2",-73.74,45.47,"PETI",2023,12,1,8.4,3,5.7,4,0,0,2023-12-01 21:17:00,2023-12-01 16:17:00
"118","end",9,77895,91,9.7,0,"32:57.4",1.407431159,0.981091272,0.685024641,0.294087773,"17:55.4",7,"good",21.28333333,2024-01-10,"2024-01-09","2024-01-09 21:31","2024-01-10 12:35","2024-01-10 21:32",-14.8599,"black",1,"SDB","2",-73.74,45.47,"PETI",2024,1,10,6.4,-2.6,1.9,12.6,14,60,2024-01-10 21:17:00,2024-01-10 16:17:00
"121","end",2,77898,62,9.7,591.64,"35:31.1",1.379037106,0.697278327,0.642900845,0.089200934,"17:26.5",8,"good",21.28333333,2023-12-18,"2023-12-17","2023-12-17 21:14","2023-12-18 12:31","2023-12-18 21:15",2.308428335,"black",1,"BDU","2",-73.74,45.47,"PETI",2023,12,18,9.4,5.3,7.3,51.2,1,37,2023-12-18 21:17:00,2023-12-18 16:17:00
"608","end",3,90326,48,0,9.7,"59:57.8",1.328444512,0.600242279,0.996007309,0.096394954,"17:30.7",9,"good",21.28333333,2024-12-09,"2024-12-08","2024-12-08 21:14","2024-12-09 12:25","2024-12-09 21:14",3.511265,"black",1,"BDU","3",-73.74,45.47,"PETI",2024,12,9,-3.2,-7.1,-5.2,2.7,9,43,2024-12-09 21:17:00,2024-12-09 16:17:00
"617","end",2,90335,65,0,0,"59:58.9",0.898541314,0.513671544,0.64343443,0.073549779,"17:42.1",10,"good",21.28333333,2024-12-28,"2024-12-27","2024-12-27 21:20","2024-12-28 12:36","2024-12-28 21:20",-3.265804998,"black",1,"BDU","3",-73.74,45.47,"PETI",2024,12,28,-2.3,-8.7,-5.5,0,7,0,2024-12-28 21:17:00,2024-12-28 16:17:00
"631","end",6,90349,16,9.7,9.7,"59:55.3",1.021783908,0.494375293,0.392280692,0.05987845,"17:18.9",11,"good",21.28333333,2024-11-27,"2024-11-26","2024-11-26 21:18","2024-11-27 12:12","2024-11-27 21:17",-0.352389999,"black",1,"BDU","3",-73.74,45.47,"PETI",2024,11,27,5.7,2,3.9,0,0,48,2024-11-27 21:17:00,2024-11-27 16:17:00
"631","end",6,90349,37,9.7,0,"59:58.0",0.696418004,0.616534636,0.247254414,0.093416254,"17:31.3",11,"good",21.28333333,2024-12-18,"2024-12-17","2024-12-17 21:15","2024-12-18 12:32","2024-12-18 21:15",2.138203335,"black",1,"BDU","3",-73.74,45.47,"PETI",2024,12,18,3.7,0.5,2.1,4,0,0,2024-12-18 21:17:00,2024-12-18 16:17:00
"224","end",4,68924,38,7.3,0,"59:53.6",1.114675954,0.599529435,0.622892678,0.11545852,"18:49.6",4,"good",21.3,2022-12-11,"2022-12-10","2022-12-10 21:13","2022-12-11 12:26","2022-12-11 21:13",4.842733332,"black",1,"SDB","1",-73.74,45.47,"PETI",2022,12,11,-4.3,-8.3,-6.3,0,0,36,2022-12-11 21:18:00,2022-12-11 16:18:00
"93","end",3,77870,50,0,0,"59:54.4",1.289529966,0.495072805,0.805326149,0.071879198,"18:25.3",5,"good",21.3,2023-12-17,"2023-12-16","2023-12-16 21:14","2023-12-17 12:31","2023-12-17 21:14",3.588043332,"black",1,"BDU","2",-73.74,45.47,"PETI",2023,12,17,8.4,-0.6,3.9,13.8,0,47,2023-12-17 21:18:00,2023-12-17 16:18:00
"116","end",7,77893,100,0,9.7,"41:45.7",1.401373784,0.800788373,0.866565648,0.283663669,"18:40.3",7,"good",21.3,2024-03-01,"2024-02-29","2024-02-29 22:42","2024-03-01 11:34","2024-03-01 22:44",-85.46172833,"black",1,"SDB","2",-73.74,45.47,"PETI",2024,3,1,0.1,-12.3,-6.1,0.6,0,0,2024-03-01 21:18:00,2024-03-01 16:18:00
"121","end",2,77898,130,0,9.7,"54:23.9",1.085298096,0.775227343,0.470119678,0.139381132,"18:07.9",8,"good",21.3,2024-02-24,"2024-02-23","2024-02-23 22:34","2024-02-24 11:45","2024-02-24 22:35",-77.652215,"black",1,"BDU","2",-73.74,45.47,"PETI",2024,2,24,-7.9,-15.6,-11.7,0.7,0,33,2024-02-24 21:18:00,2024-02-24 16:18:00
"617","end",2,90335,48,9.7,0,"59:57.1",0.934937715,0.631684815,0.687719254,0.08959482,"18:28.7",10,"good",21.3,2024-12-11,"2024-12-10","2024-12-10 21:13","2024-12-11 12:27","2024-12-11 21:14",4.478269998,"black",1,"BDU","3",-73.74,45.47,"PETI",2024,12,11,5.9,1.1,3.5,26.4,5,42,2024-12-11 21:18:00,2024-12-11 16:18:00
"617","end",2,90335,70,0,0,"59:59.5",1.257206154,0.797838382,0.785637095,0.26425606,"18:40.8",10,"good",21.3,2025-01-02,"2025-01-01","2025-01-01 21:24","2025-01-02 12:36","2025-01-02 21:25",-6.520343331,"black",1,"BDU","3",-73.74,45.47,"PETI",2025,1,2,0.9,-3.7,-1.4,0,0,63,2025-01-02 21:18:00,2025-01-02 16:18:00
"641","end",5,90359,49,9.7,145.48,"59:51.9",1.276624071,0.61656475,0.594960671,0.077955004,"18:23.0",12,"good",21.3,2025-01-02,"2025-01-01","2025-01-01 21:24","2025-01-02 12:36","2025-01-02 21:25",-6.817028332,"black",1,"SDB","3",-73.74,45.47,"PETI",2025,1,2,0.9,-3.7,-1.4,0,0,63,2025-01-02 21:18:00,2025-01-02 16:18:00
"645","end",7,90363,31,0,9.7,"59:55.9",1.044637962,0.574858393,0.658763838,0.110754586,"18:56.1",12,"good",21.3,2024-12-15,"2024-12-14","2024-12-14 21:14","2024-12-15 12:30","2024-12-15 21:14",4.402184999,"black",1,"SDB","3",-73.74,45.47,"PETI",2024,12,15,-5.8,-12.7,-9.3,0,1,0,2024-12-15 21:18:00,2024-12-15 16:18:00
"224","end",4,68924,32,0,36.5,"59:54.9",1.295947383,0.577504706,0.807363919,0.114063914,"19:05.4",4,"good",21.31666667,2022-12-05,"2022-12-04","2022-12-04 21:14","2022-12-05 12:21","2022-12-05 21:14",4.440403334,"black",1,"SDB","1",-73.74,45.47,"PETI",2022,12,5,5.9,0.4,3.1,0,0,42,2022-12-05 21:19:00,2022-12-05 16:19:00
"225","end",5,68925,65,7.3,0,"59:54.0",1.392973999,0.446818791,1.090052422,0.072477553,"19:33.8",4,"good",21.31666667,2023-01-12,"2023-01-11","2023-01-11 21:34","2023-01-12 12:34","2023-01-12 21:35",-15.88708167,"black",1,"SDB","1",-73.74,45.47,"PETI",2023,1,12,-0.8,-7.9,-4.4,11.8,0,0,2023-01-12 21:19:00,2023-01-12 16:19:00
"109","end",10,77886,23,9.7,9.7,"59:52.2",1.013432439,0.5814001,0.510489361,0.078195061,"19:21.3",6,"good",21.31666667,2023-12-03,"2023-12-02","2023-12-02 21:15","2023-12-03 12:18","2023-12-03 21:15",4.055283332,"black",1,"BDU","2",-73.74,45.47,"PETI",2023,12,3,0.1,-1.7,-0.8,9.7,0,35,2023-12-03 21:19:00,2023-12-03 16:19:00
"109","end",10,77886,35,0,9.7,"59:58.3",1.104173166,0.65194291,0.624826712,0.169508552,"19:27.4",6,"good",21.31666667,2023-12-15,"2023-12-14","2023-12-14 21:14","2023-12-15 12:29","2023-12-15 21:14",5.072859999,"black",1,"BDU","2",-73.74,45.47,"PETI",2023,12,15,8.1,2.6,5.4,0,1,46,2023-12-15 21:19:00,2023-12-15 16:19:00
"614","end",8,90332,1,0,9.7,"59:50.5",0.713115463,0.5742805,0.133389995,0.063420411,"19:48.6",9,"good",21.31666667,2024-10-21,"2024-10-20","2024-10-20 22:02","2024-10-21 11:21","2024-10-21 22:01",-41.48975333,"black",1,"BDU","3",-73.74,45.47,"PETI",2024,10,21,23.1,11.5,17.3,2.2,0,31,2024-10-21 21:19:00,2024-10-21 17:19:00
"617","end",2,90335,69,0,9.7,"59:59.3",1.009657855,0.42831574,0.886292071,0.081544351,"19:58.2",10,"good",21.31666667,2025-01-01,"2024-12-31","2024-12-31 21:23","2025-01-01 12:36","2025-01-01 21:24",-4.312713333,"black",1,"BDU","3",-73.74,45.47,"PETI",2025,1,1,2.1,0.4,1.2,5.9,0,46,2025-01-01 21:19:00,2025-01-01 16:19:00
"207","end",2,68907,123,0,7.3,"59:53.0",1.530832041,0.475591412,0.926325284,0.106661172,"20:53.0",1,"good",21.33333333,2023-02-08,"2023-02-07","2023-02-07 22:11","2023-02-08 12:09","2023-02-08 22:13",-52.14987333,"black",1,"SDB","1",-73.74,45.47,"PETI",2023,2,8,4.3,-3,0.7,0,37,37,2023-02-08 21:20:00,2023-02-08 16:20:00
"220","end",5,68920,46,7.3,14.6,"59:59.6",1.313331869,0.557391272,0.691753859,0.10357231,"20:23.3",3,"good",21.33333333,2022-12-17,"2022-12-16","2022-12-16 21:14","2022-12-17 12:31","2022-12-17 21:14",5.471308335,"black",1,"SDB","1",-73.74,45.47,"PETI",2022,12,17,-0.1,-0.6,-0.4,8.8,20,0,2022-12-17 21:20:00,2022-12-17 16:20:00
"123","end",3,77899,67,9.7,0,"38:00.7",1.041531194,0.591595897,0.565058575,0.086425054,"20:07.6",8,"good",21.33333333,2023-12-24,"2023-12-23","2023-12-23 21:17","2023-12-24 12:35","2023-12-24 21:17",2.326221665,"black",1,"SDB","2",-73.74,45.47,"PETI",2023,12,24,2.1,-1.5,0.3,0,0,0,2023-12-24 21:20:00,2023-12-24 16:20:00
"608","end",3,90326,50,0,9.7,"59:58.2",0.649206263,0.450513148,0.499629409,0.07488226,"20:25.6",9,"good",21.33333333,2024-12-11,"2024-12-10","2024-12-10 21:13","2024-12-11 12:27","2024-12-11 21:14",6.427465002,"black",1,"BDU","3",-73.74,45.47,"PETI",2024,12,11,5.9,1.1,3.5,26.4,5,42,2024-12-11 21:20:00,2024-12-11 16:20:00
"608","end",3,90326,57,0,0,"59:54.8",0.783783177,0.37842858,0.594595973,0.074703629,"20:51.4",9,"good",21.33333333,2024-12-18,"2024-12-17","2024-12-17 21:15","2024-12-18 12:32","2024-12-18 21:15",5.473160001,"black",1,"BDU","3",-73.74,45.47,"PETI",2024,12,18,3.7,0.5,2.1,4,0,0,2024-12-18 21:20:00,2024-12-18 16:20:00
"617","end",2,90335,64,9.7,0,"59:58.8",1.076744775,0.411244195,0.74120593,0.108202569,"20:26.8",10,"good",21.33333333,2024-12-27,"2024-12-26","2024-12-26 21:19","2024-12-27 12:36","2024-12-27 21:20",0.230118334,"black",1,"BDU","3",-73.74,45.47,"PETI",2024,12,27,-6.3,-14.8,-10.5,0,7,0,2024-12-27 21:20:00,2024-12-27 16:20:00
"207","end",2,68907,72,0,7.3,"50:57.9",1.342619955,0.510274268,0.890720244,0.090465893,"21:05.4",1,"good",21.35,2022-12-19,"2022-12-18","2022-12-18 21:15","2022-12-19 12:32","2022-12-19 21:15",5.522993334,"black",1,"SDB","1",-73.74,45.47,"PETI",2022,12,19,0.3,-4.1,-1.9,0.3,25,0,2022-12-19 21:21:00,2022-12-19 16:21:00
"217","end",2,68917,41,7.3,0,"59:59.5",1.521810057,0.546061684,1.203838978,0.159684311,"21:50.7",3,"good",21.35,2022-12-06,"2022-12-05","2022-12-05 21:14","2022-12-06 12:22","2022-12-06 21:14",7.411378332,"black",1,"SDB","1",-73.74,45.47,"PETI",2022,12,6,8.2,2.7,5.5,15.2,0,33,2022-12-06 21:21:00,2022-12-06 16:21:00
"219","end",4,68919,45,0,7.3,"59:53.8",1.344194207,0.417572052,0.933225101,0.09805071,"21:52.4",3,"good",21.35,2022-12-14,"2022-12-13","2022-12-13 21:14","2022-12-14 12:29","2022-12-14 21:14",7.624023334,"black",1,"SDB","1",-73.74,45.47,"PETI",2022,12,14,2.9,-9.3,-3.2,0,0,0,2022-12-14 21:21:00,2022-12-14 16:21:00
"224","end",4,68924,18,14.6,1065.6,"57:17.0",1.099185826,0.761046964,0.632986221,0.116885119,"21:26.7",4,"good",21.35,2022-11-21,"2022-11-20","2022-11-20 21:22","2022-11-21 12:04","2022-11-21 21:22",-0.672235,"black",1,"SDB","1",-73.74,45.47,"PETI",2022,11,21,4.2,-9.7,-2.8,0,4,56,2022-11-21 21:21:00,2022-11-21 16:21:00
"104","end",5,77881,15,9.7,9.7,"59:57.6",0.986697246,0.60460895,0.377312748,0.085482217,"21:52.3",6,"good",21.35,2023-11-19,"2023-11-18","2023-11-18 21:24","2023-11-19 12:01","2023-11-19 21:24",-2.160835,"black",1,"SDB","2",-73.74,45.47,"PETI",2023,11,19,5.3,-3.7,0.8,0.5,0,44,2023-11-19 21:21:00,2023-11-19 16:21:00
"617","end",2,90335,66,0,9.7,"59:59.0",0.879969924,0.636521347,0.680163407,0.099424904,"21:54.3",10,"good",21.35,2024-12-29,"2024-12-28","2024-12-28 21:20","2024-12-29 12:36","2024-12-29 21:21",0.172253335,"black",1,"BDU","3",-73.74,45.47,"PETI",2024,12,29,7.9,-3.1,2.4,5.3,6,0,2024-12-29 21:21:00,2024-12-29 16:21:00
"634","end",9,90352,22,9.7,0,"59:58.8",0.964407067,0.523645527,0.334772396,0.075779566,"21:53.6",11,"good",21.35,2024-12-04,"2024-12-03","2024-12-03 21:15","2024-12-04 12:20","2024-12-04 21:14",7.110238334,"black",1,"NDG","3",-73.74,45.47,"PETI",2024,12,4,-0.2,-6.2,-3.2,1.8,0,46,2024-12-04 21:21:00,2024-12-04 16:21:00
"641","end",5,90359,7,9.7,0,"59:51.0",1.109569716,0.692175121,0.447516311,0.095999566,"21:36.0",12,"good",21.35,2024-11-21,"2024-11-20","2024-11-20 21:22","2024-11-21 12:04","2024-11-21 21:21",-0.133371667,"black",1,"SDB","3",-73.74,45.47,"PETI",2024,11,21,8.1,5.4,6.8,1.7,0,44,2024-11-21 21:21:00,2024-11-21 16:21:00
"641","end",5,90359,24,0,9.7,"59:50.8",1.419065761,0.63143141,0.761972637,0.133267358,"21:45.6",12,"good",21.35,2024-12-08,"2024-12-07","2024-12-07 21:14","2024-12-08 12:24","2024-12-08 21:14",7.693053333,"black",1,"SDB","3",-73.74,45.47,"PETI",2024,12,8,3,-3.5,-0.3,5.4,11,42,2024-12-08 21:21:00,2024-12-08 16:21:00
"206","end",1,68906,60,7.3,131.38,"53:08.3",1.494296984,0.772794425,0.993010687,0.158849578,"22:39.5",1,"good",21.36666667,2022-12-10,"2022-12-09","2022-12-09 21:14","2022-12-10 12:25","2022-12-10 21:13",8.675383333,"black",1,"SDB","1",-73.74,45.47,"PETI",2022,12,10,-4.7,-10.3,-7.5,0,0,44,2022-12-10 21:22:00,2022-12-10 16:22:00
"206","end",1,68906,65,0,94.89,"59:57.6",1.412592155,0.731340126,0.853695916,0.130488331,"22:18.2",1,"good",21.36666667,2022-12-15,"2022-12-14","2022-12-14 21:14","2022-12-15 12:30","2022-12-15 21:14",7.870138335,"black",1,"SDB","1",-73.74,45.47,"PETI",2022,12,15,5.6,0.8,3.2,0,0,38,2022-12-15 21:22:00,2022-12-15 16:22:00
"221","end",1,68921,39,7.3,1313.84,"59:56.0",1.033934376,0.612446384,0.472835964,0.068723495,"22:38.3",4,"good",21.36666667,2022-12-11,"2022-12-10","2022-12-10 21:13","2022-12-11 12:26","2022-12-11 21:13",8.655366667,"black",1,"SDB","1",-73.74,45.47,"PETI",2022,12,11,-4.3,-8.3,-6.3,0,0,36,2022-12-11 21:22:00,2022-12-11 16:22:00
"121","end",2,77898,35,0,9.7,"33:50.2",1.495874626,0.7968417,0.793552969,0.112824214,"22:52.2",8,"good",21.36666667,2023-11-21,"2023-11-20","2023-11-20 21:23","2023-11-21 12:03","2023-11-21 21:22",0.536145,"black",1,"BDU","2",-73.74,45.47,"PETI",2023,11,21,2.8,-6.4,-1.8,11.2,0,46,2023-11-21 21:22:00,2023-11-21 16:22:00
"617","end",2,90335,34,0,9.7,"59:55.5",0.953358262,0.620785337,0.630840043,0.094962007,"22:49.0",10,"good",21.36666667,2024-11-27,"2024-11-26","2024-11-26 21:18","2024-11-27 12:12","2024-11-27 21:17",5.149491668,"black",1,"BDU","3",-73.74,45.47,"PETI",2024,11,27,5.7,2,3.9,0,0,48,2024-11-27 21:22:00,2024-11-27 16:22:00
"617","end",2,90335,43,0,9.7,"59:56.5",0.994322703,0.561411621,0.716410508,0.141648812,"22:40.2",10,"good",21.36666667,2024-12-06,"2024-12-05","2024-12-05 21:14","2024-12-06 12:22","2024-12-06 21:14",8.337381665,"black",1,"BDU","3",-73.74,45.47,"PETI",2024,12,6,-4.1,-8.4,-6.2,0.2,1,53,2024-12-06 21:22:00,2024-12-06 16:22:00
"617","end",2,90335,53,0,9.7,"59:57.7",0.983500575,0.568431941,0.787620376,0.091324974,"22:41.5",10,"good",21.36666667,2024-12-16,"2024-12-15","2024-12-15 21:14","2024-12-16 12:31","2024-12-16 21:14",7.924290001,"black",1,"BDU","3",-73.74,45.47,"PETI",2024,12,16,5.6,-6.7,-0.5,0.5,1,44,2024-12-16 21:22:00,2024-12-16 16:22:00
"625","end",9,90343,60,0,9.7,"23:57.8",1.362349049,0.511903401,0.750999047,0.067283033,"22:40.2",10,"good",21.36666667,2024-12-29,"2024-12-28","2024-12-28 21:20","2024-12-29 12:36","2024-12-29 21:21",0.936205002,"black",1,"SDB","3",-73.74,45.47,"PETI",2024,12,29,7.9,-3.1,2.4,5.3,6,0,2024-12-29 21:22:00,2024-12-29 16:22:00
"627","end",2,90345,48,0,9.7,"45:30.2",1.099448045,0.645477025,0.578110655,0.085281146,"22:26.7",11,"good",21.36666667,2024-12-20,"2024-12-19","2024-12-19 21:15","2024-12-20 12:33","2024-12-20 21:16",6.278448331,"black",1,"BDU","3",-73.74,45.47,"PETI",2024,12,20,-6.7,-10.7,-8.7,0.2,0,32,2024-12-20 21:22:00,2024-12-20 16:22:00
"631","end",6,90349,6,0,9.7,"59:50.7",1.11803134,0.64584773,0.748398704,0.072998095,"22:53.8",11,"good",21.36666667,2024-11-17,"2024-11-16","2024-11-16 21:26","2024-11-17 11:59","2024-11-17 21:25",-2.303749998,"black",1,"BDU","3",-73.74,45.47,"PETI",2024,11,17,8.3,-2.1,3.1,0,0,0,2024-11-17 21:22:00,2024-11-17 16:22:00
"631","end",6,90349,10,9.7,106.58,"59:56.4",1.042565254,0.717289053,0.465031565,0.109987754,"22:11.0",11,"good",21.36666667,2024-11-21,"2024-11-20","2024-11-20 21:22","2024-11-21 12:04","2024-11-21 21:21",0.449631667,"black",1,"BDU","3",-73.74,45.47,"PETI",2024,11,21,8.1,5.4,6.8,1.7,0,44,2024-11-21 21:22:00,2024-11-21 16:22:00
"635","end",10,90353,14,9.7,0,"59:57.3",0.782189739,0.629036951,0.248480878,0.111802949,"22:01.6",11,"good",21.36666667,2024-11-26,"2024-11-25","2024-11-25 21:18","2024-11-26 12:11","2024-11-26 21:18",3.777243332,"black",1,"BDU","3",-73.74,45.47,"PETI",2024,11,26,5.1,-1,2.1,5.7,0,35,2024-11-26 21:22:00,2024-11-26 16:22:00
"641","end",5,90359,35,9.7,9.7,"59:58.4",1.193769418,0.571580347,0.624521876,0.060645396,"22:41.7",12,"good",21.36666667,2024-12-19,"2024-12-18","2024-12-18 21:15","2024-12-19 12:33","2024-12-19 21:15",6.944494998,"black",1,"SDB","3",-73.74,45.47,"PETI",2024,12,19,0.9,-9.3,-4.2,0.2,0,36,2024-12-19 21:22:00,2024-12-19 16:22:00
"206","end",1,68906,47,7.3,0,"59:56.8",0.935277963,0.654564458,0.425814115,0.104154961,"23:37.7",1,"good",21.38333333,2022-11-27,"2022-11-26","2022-11-26 21:18","2022-11-27 12:11","2022-11-27 21:17",5.694670002,"black",1,"SDB","1",-73.74,45.47,"PETI",2022,11,27,10.7,2.9,6.8,3.2,0,32,2022-11-27 21:23:00,2022-11-27 16:23:00
"206","end",1,68906,72,0,7.3,"59:59.6",0.935385289,0.498442311,0.348791125,0.065614342,"23:04.1",1,"good",21.38333333,2022-12-22,"2022-12-21","2022-12-21 21:16","2022-12-22 12:34","2022-12-22 21:16",6.184338335,"black",1,"SDB","1",-73.74,45.47,"PETI",2022,12,22,-2.1,-8.5,-5.3,3.6,19,36,2022-12-22 21:23:00,2022-12-22 16:23:00
"220","end",5,68920,28,0,7.3,"59:53.2",1.276233863,0.616425012,0.716098693,0.10263122,"23:19.3",3,"good",21.38333333,2022-11-29,"2022-11-28","2022-11-28 21:17","2022-11-29 12:14","2022-11-29 21:16",6.454934998,"black",1,"SDB","1",-73.74,45.47,"PETI",2022,11,29,1.5,-2,-0.2,0,0,31,2022-11-29 21:23:00,2022-11-29 16:23:00
"99","end",8,77876,47,0,9.7,"59:56.9",1.208618169,0.639287975,0.822147898,0.118385952,"23:38.1",5,"good",21.38333333,2023-12-17,"2023-12-16","2023-12-16 21:14","2023-12-17 12:31","2023-12-17 21:14",8.801923335,"black",1,"SDB","2",-73.74,45.47,"PETI",2023,12,17,8.4,-0.6,3.9,13.8,0,47,2023-12-17 21:23:00,2023-12-17 16:23:00
"114","end",5,77891,14,9.6,9.7,"59:54.2",0.896824061,0.61624645,0.380742457,0.079637804,"23:35.5",7,"good",21.38333333,2023-12-03,"2023-12-02","2023-12-02 21:15","2023-12-03 12:18","2023-12-03 21:15",8.291228334,"black",1,"BDU","2",-73.74,45.47,"PETI",2023,12,3,0.1,-1.7,-0.8,9.7,0,35,2023-12-03 21:23:00,2023-12-03 16:23:00
"121","end",2,77898,37,9.7,290.97,"59:15.9",1.298948652,0.580168855,0.794182398,0.045665076,"23:55.3",8,"good",21.38333333,2023-11-23,"2023-11-22","2023-11-22 21:21","2023-11-23 12:06","2023-11-23 21:20",3.155200001,"black",1,"BDU","2",-73.74,45.47,"PETI",2023,11,23,5.4,1.3,3.3,0.4,0,0,2023-11-23 21:23:00,2023-11-23 16:23:00
"127","end",7,77903,59,0,0,"59:58.8",1.15994052,0.525022736,0.710128772,0.100183708,"23:30.6",8,"good",21.38333333,2023-12-17,"2023-12-16","2023-12-16 21:14","2023-12-17 12:31","2023-12-17 21:14",8.676043332,"black",1,"SDB","2",-73.74,45.47,"PETI",2023,12,17,8.4,-0.6,3.9,13.8,0,47,2023-12-17 21:23:00,2023-12-17 16:23:00
"617","end",2,90335,47,0,19.25,"59:56.8",0.9962085,0.56349666,0.777873779,0.087521929,"23:38.9",10,"good",21.38333333,2024-12-10,"2024-12-09","2024-12-09 21:14","2024-12-10 12:26","2024-12-10 21:13",9.66547,"black",1,"BDU","3",-73.74,45.47,"PETI",2024,12,10,3.4,-3.2,0.1,9.7,9,31,2024-12-10 21:23:00,2024-12-10 16:23:00
"617","end",2,90335,60,0,9.7,"59:58.7",1.083279023,0.454309542,0.782207233,0.136043813,"23:31.0",10,"good",21.38333333,2024-12-23,"2024-12-22","2024-12-22 21:17","2024-12-23 12:34","2024-12-23 21:17",5.849430001,"black",1,"BDU","3",-73.74,45.47,"PETI",2024,12,23,-6.9,-16,-11.4,5.2,0,0,2024-12-23 21:23:00,2024-12-23 16:23:00
"634","end",9,90352,28,9.7,9.7,"59:55.9",1.09604272,0.573975273,0.506194901,0.107134043,"23:27.7",11,"good",21.38333333,2024-12-10,"2024-12-09","2024-12-09 21:14","2024-12-10 12:26","2024-12-10 21:13",9.478123335,"black",1,"NDG","3",-73.74,45.47,"PETI",2024,12,10,3.4,-3.2,0.1,9.7,9,31,2024-12-10 21:23:00,2024-12-10 16:23:00
"634","end",9,90352,29,9.7,9.7,"59:50.4",0.980678337,0.587223674,0.329514998,0.076783512,"23:51.5",11,"good",21.38333333,2024-12-11,"2024-12-10","2024-12-10 21:13","2024-12-11 12:27","2024-12-11 21:14",9.858146667,"black",1,"NDG","3",-73.74,45.47,"PETI",2024,12,11,5.9,1.1,3.5,26.4,5,42,2024-12-11 21:23:00,2024-12-11 16:23:00
"641","end",5,90359,23,9.7,48.49,"59:55.4",1.444676684,0.602610173,0.954706874,0.072803492,"23:56.3",12,"good",21.38333333,2024-12-07,"2024-12-06","2024-12-06 21:14","2024-12-07 12:23","2024-12-07 21:14",9.754388332,"black",1,"SDB","3",-73.74,45.47,"PETI",2024,12,7,-2.5,-8.3,-5.4,2.4,1,0,2024-12-07 21:23:00,2024-12-07 16:23:00
"641","end",5,90359,31,9.7,9.7,"59:57.5",1.219605032,0.485220136,0.697828788,0.050667142,"23:19.5",12,"good",21.38333333,2024-12-15,"2024-12-14","2024-12-14 21:14","2024-12-15 12:30","2024-12-15 21:14",8.791768332,"black",1,"SDB","3",-73.74,45.47,"PETI",2024,12,15,-5.8,-12.7,-9.3,0,1,0,2024-12-15 21:23:00,2024-12-15 16:23:00
"641","end",5,90359,42,19.4,0,"59:56.4",1.281474633,0.592151528,0.772602249,0.071590849,"23:37.5",12,"good",21.38333333,2024-12-26,"2024-12-25","2024-12-25 21:18","2024-12-26 12:35","2024-12-26 21:19",4.107605,"black",1,"SDB","3",-73.74,45.47,"PETI",2024,12,26,-7.5,-17.8,-12.7,0.2,7,0,2024-12-26 21:23:00,2024-12-26 16:23:00
"206","end",1,68906,64,0,7.3,"59:53.1",0.999216827,0.547624096,0.518855492,0.111759061,"24:39.7",1,"good",21.4,2022-12-14,"2022-12-13","2022-12-13 21:14","2022-12-14 12:29","2022-12-14 21:14",10.41140333,"black",1,"SDB","1",-73.74,45.47,"PETI",2022,12,14,2.9,-9.3,-3.2,0,0,0,2022-12-14 21:24:00,2022-12-14 16:24:00
"212","end",2,68912,37,0,7.3,"59:57.5",1.489249126,0.568613037,0.91844046,0.128359968,"24:21.9",2,"good",21.4,2022-11-29,"2022-11-28","2022-11-28 21:17","2022-11-29 12:14","2022-11-29 21:16",7.498070002,"black",1,"SDB","1",-73.74,45.47,"PETI",2022,11,29,1.5,-2,-0.2,0,0,31,2022-11-29 21:24:00,2022-11-29 16:24:00
"213","end",3,68913,45,0,7.3,"59:59.1",1.264971709,0.6194076,0.820028302,0.110277163,"24:45.5",2,"good",21.4,2022-12-06,"2022-12-05","2022-12-05 21:14","2022-12-06 12:22","2022-12-06 21:14",10.32548,"black",1,"SDB","1",-73.74,45.47,"PETI",2022,12,6,8.2,2.7,5.5,15.2,0,33,2022-12-06 21:24:00,2022-12-06 16:24:00
"217","end",2,68917,34,0,0,"59:56.5",1.199157691,0.585077774,0.842606249,0.127446354,"24:06.4",3,"good",21.4,2022-11-29,"2022-11-28","2022-11-28 21:17","2022-11-29 12:14","2022-11-29 21:16",7.239441665,"black",1,"SDB","1",-73.74,45.47,"PETI",2022,11,29,1.5,-2,-0.2,0,0,31,2022-11-29 21:24:00,2022-11-29 16:24:00
"217","end",2,68917,51,0,7.3,"59:53.3",1.378080204,0.718307305,0.87282706,0.164427097,"24:54.3",3,"good",21.4,2022-12-16,"2022-12-15","2022-12-15 21:14","2022-12-16 12:30","2022-12-16 21:14",10.25486667,"black",1,"SDB","1",-73.74,45.47,"PETI",2022,12,16,2.2,-0.8,0.7,11.4,1,38,2022-12-16 21:24:00,2022-12-16 16:24:00
"219","end",4,68919,143,43.83,58.39,"01:31.7",1.737548737,0.873484672,0.943219942,0.148081432,"24:27.0",3,"good",21.4,2023-03-22,"2023-03-21","2023-03-21 23:09","2023-03-22 10:56","2023-03-22 23:11",-106.5662367,"black",1,"SDB","1",-73.74,45.47,"PETI",2023,3,22,1.5,-5.3,-1.9,0,0,36,2023-03-22 21:24:00,2023-03-22 17:24:00
"224","end",4,68924,47,0,0,"59:58.8",1.232782765,0.518929923,0.797052537,0.104799209,"24:37.8",4,"good",21.4,2022-12-20,"2022-12-19","2022-12-19 21:15","2022-12-20 12:33","2022-12-20 21:15",8.663681666,"black",1,"SDB","1",-73.74,45.47,"PETI",2022,12,20,-1.8,-5,-3.4,0,23,0,2022-12-20 21:24:00,2022-12-20 16:24:00
"114","end",5,77891,2,9.7,9.7,"59:59.5",0.855252717,0.473915229,0.378325923,0.06197211,"24:58.5",7,"good",21.4,2023-11-21,"2023-11-20","2023-11-20 21:23","2023-11-21 12:03","2023-11-21 21:22",2.641201667,"black",1,"BDU","2",-73.74,45.47,"PETI",2023,11,21,2.8,-6.4,-1.8,11.2,0,46,2023-11-21 21:24:00,2023-11-21 16:24:00
"129","end",8,77904,11,0,0,"59:57.4",0.591148192,0.384300656,0.096766807,0.045652232,"24:36.8",8,"good",21.4,2023-11-02,"2023-11-01","2023-11-01 21:45","2023-11-02 11:37","2023-11-02 21:43",-19.30256,"black",1,"BDU","2",-73.74,45.47,"PETI",2023,11,2,8.2,-0.9,3.6,0.8,0,39,2023-11-02 21:24:00,2023-11-02 17:24:00
"608","end",3,90326,63,0,0,"59:56.1",0.821256871,0.352729609,0.677598024,0.060044798,"24:26.1",9,"good",21.4,2024-12-24,"2024-12-23","2024-12-23 21:17","2024-12-24 12:35","2024-12-24 21:18",6.201013335,"black",1,"BDU","3",-73.74,45.47,"PETI",2024,12,24,-6.4,-11.4,-8.9,4.9,8,0,2024-12-24 21:24:00,2024-12-24 16:24:00
"608","end",3,90326,67,0,0,"59:56.4",1.123930195,0.370103049,0.981073912,0.072812271,"24:55.4",9,"good",21.4,2024-12-28,"2024-12-27","2024-12-27 21:20","2024-12-28 12:36","2024-12-28 21:20",3.956521666,"black",1,"BDU","3",-73.74,45.47,"PETI",2024,12,28,-2.3,-8.7,-5.5,0,7,0,2024-12-28 21:24:00,2024-12-28 16:24:00
"617","end",2,90335,39,0,9.7,"59:55.8",0.917865801,0.541739418,0.68275655,0.081737027,"24:07.1",10,"good",21.4,2024-12-02,"2024-12-01","2024-12-01 21:15","2024-12-02 12:18","2024-12-02 21:15",8.717580001,"black",1,"BDU","3",-73.74,45.47,"PETI",2024,12,2,-0.5,-4.9,-2.7,0.2,0,0,2024-12-02 21:24:00,2024-12-02 16:24:00
"625","end",9,90343,51,0,9.7,"46:42.2",1.15442525,0.532304855,0.801851511,0.087938602,"24:17.7",10,"good",21.4,2024-12-20,"2024-12-19","2024-12-19 21:15","2024-12-20 12:33","2024-12-20 21:16",8.127646665,"black",1,"SDB","3",-73.74,45.47,"PETI",2024,12,20,-6.7,-10.7,-8.7,0.2,0,32,2024-12-20 21:24:00,2024-12-20 16:24:00
"627","end",2,90345,44,19.4,19.4,"59:52.7",1.058555847,0.647239886,0.496503976,0.079766244,"24:51.4",11,"good",21.4,2024-12-16,"2024-12-15","2024-12-15 21:14","2024-12-16 12:31","2024-12-16 21:14",10.09058333,"black",1,"BDU","3",-73.74,45.47,"PETI",2024,12,16,5.6,-6.7,-0.5,0.5,1,44,2024-12-16 21:24:00,2024-12-16 16:24:00
"641","end",5,90359,36,9.7,1736.05,"45:50.0",1.224655214,0.590701751,0.709386671,0.069120527,"24:14.0",12,"good",21.4,2024-12-20,"2024-12-19","2024-12-19 21:15","2024-12-20 12:33","2024-12-20 21:16",8.067458332,"black",1,"SDB","3",-73.74,45.47,"PETI",2024,12,20,-6.7,-10.7,-8.7,0.2,0,32,2024-12-20 21:24:00,2024-12-20 16:24:00
"645","end",7,90363,7,0,0,"59:53.2",1.124385042,0.5929845,0.657968667,0.083343419,"24:32.9",12,"good",21.4,2024-11-21,"2024-11-20","2024-11-20 21:22","2024-11-21 12:04","2024-11-21 21:21",2.814471666,"black",1,"SDB","3",-73.74,45.47,"PETI",2024,11,21,8.1,5.4,6.8,1.7,0,44,2024-11-21 21:24:00,2024-11-21 16:24:00
"207","end",2,68907,65,7.3,7.3,"59:56.8",1.498502279,0.63904597,0.983536417,0.097096434,"25:26.8",1,"good",21.41666667,2022-12-12,"2022-12-11","2022-12-11 21:13","2022-12-12 12:27","2022-12-12 21:14",11.413815,"black",1,"SDB","1",-73.74,45.47,"PETI",2022,12,12,-2.8,-9.9,-6.3,0,0,31,2022-12-12 21:25:00,2022-12-12 16:25:00
"213","end",3,68913,38,7.3,0,"59:55.5",1.503724189,0.609858356,0.985241786,0.117817279,"25:18.4",2,"good",21.41666667,2022-11-29,"2022-11-28","2022-11-28 21:17","2022-11-29 12:14","2022-11-29 21:16",8.440448332,"black",1,"SDB","1",-73.74,45.47,"PETI",2022,11,29,1.5,-2,-0.2,0,0,31,2022-11-29 21:25:00,2022-11-29 16:25:00
"217","end",2,68917,30,0,0,"59:58.9",1.440458523,0.662309719,0.722486031,0.189692125,"25:51.0",3,"good",21.41666667,2022-11-25,"2022-11-24","2022-11-24 21:19","2022-11-25 12:09","2022-11-25 21:19",6.666158334,"black",1,"SDB","1",-73.74,45.47,"PETI",2022,11,25,5.5,-2.8,1.3,4,2,43,2022-11-25 21:25:00,2022-11-25 16:25:00
"221","end",1,68921,34,7.3,7.3,"34:40.7",1.048747679,0.55442903,0.466415781,0.05591319,"25:14.4",4,"good",21.41666667,2022-12-06,"2022-12-05","2022-12-05 21:14","2022-12-06 12:22","2022-12-06 21:14",10.80705,"black",1,"SDB","1",-73.74,45.47,"PETI",2022,12,6,8.2,2.7,5.5,15.2,0,33,2022-12-06 21:25:00,2022-12-06 16:25:00
"224","end",4,68924,26,7.3,36.5,"59:56.0",1.189707862,0.710503371,0.69277612,0.107735768,"25:26.2",4,"good",21.41666667,2022-11-29,"2022-11-28","2022-11-28 21:17","2022-11-29 12:14","2022-11-29 21:16",8.569191666,"black",1,"SDB","1",-73.74,45.47,"PETI",2022,11,29,1.5,-2,-0.2,0,0,31,2022-11-29 21:25:00,2022-11-29 16:25:00
"225","end",5,68925,44,0,7.3,"59:57.9",1.350884489,0.436707971,1.067290097,0.089440506,"25:42.6",4,"good",21.41666667,2022-12-22,"2022-12-21","2022-12-21 21:16","2022-12-22 12:34","2022-12-22 21:16",8.827365001,"black",1,"SDB","1",-73.74,45.47,"PETI",2022,12,22,-2.1,-8.5,-5.3,3.6,19,36,2022-12-22 21:25:00,2022-12-22 16:25:00
"93","end",3,77870,25,0,9.7,"59:59.0",0.929116425,0.543998126,0.392855367,0.084960639,"25:17.3",5,"good",21.41666667,2023-11-22,"2023-11-21","2023-11-21 21:22","2023-11-22 12:05","2023-11-22 21:21",3.771336667,"black",1,"BDU","2",-73.74,45.47,"PETI",2023,11,22,6.3,1.2,3.8,11,0,38,2023-11-22 21:25:00,2023-11-22 16:25:00
"102","end",3,77879,18,0,9.7,"59:59.6",1.005959071,0.636893792,0.49863359,0.100429912,"25:46.8",6,"good",21.41666667,2023-11-21,"2023-11-20","2023-11-20 21:23","2023-11-21 12:03","2023-11-21 21:22",3.446716666,"black",1,"SDB","2",-73.74,45.47,"PETI",2023,11,21,2.8,-6.4,-1.8,11.2,0,46,2023-11-21 21:25:00,2023-11-21 16:25:00
"102","end",3,77879,50,9.7,0,"59:54.2",0.989898173,0.630583826,0.635732869,0.082109235,"25:22.0",6,"good",21.41666667,2023-12-23,"2023-12-22","2023-12-22 21:16","2023-12-23 12:34","2023-12-23 21:17",8.117338332,"black",1,"SDB","2",-73.74,45.47,"PETI",2023,12,23,-0.8,-8.4,-4.6,0,0,0,2023-12-23 21:25:00,2023-12-23 16:25:00
"104","end",5,77881,43,0,9.7,"59:52.4",1.17631166,0.605304283,0.759805571,0.102319737,"25:30.2",6,"good",21.41666667,2023-12-17,"2023-12-16","2023-12-16 21:14","2023-12-17 12:31","2023-12-17 21:14",10.669335,"black",1,"SDB","2",-73.74,45.47,"PETI",2023,12,17,8.4,-0.6,3.9,13.8,0,47,2023-12-17 21:25:00,2023-12-17 16:25:00
"116","end",7,77893,32,0,0,"59:55.6",0.809167798,0.521952076,0.417569521,0.074794884,"25:52.6",7,"good",21.41666667,2023-12-24,"2023-12-23","2023-12-23 21:17","2023-12-24 12:35","2023-12-24 21:17",8.077433332,"black",1,"SDB","2",-73.74,45.47,"PETI",2023,12,24,2.1,-1.5,0.3,0,0,0,2023-12-24 21:25:00,2023-12-24 16:25:00
"608","end",3,90326,62,0,9.7,"59:51.1",1.050342192,0.373644207,0.800385265,0.068298119,"25:19.2",9,"good",21.41666667,2024-12-23,"2024-12-22","2024-12-22 21:17","2024-12-23 12:34","2024-12-23 21:17",7.654053334,"black",1,"BDU","3",-73.74,45.47,"PETI",2024,12,23,-6.9,-16,-11.4,5.2,0,0,2024-12-23 21:25:00,2024-12-23 16:25:00
"617","end",2,90335,35,0,9.7,"59:55.6",0.776635122,0.58717451,0.528951751,0.073309752,"25:24.2",10,"good",21.41666667,2024-11-28,"2024-11-27","2024-11-27 21:17","2024-11-28 12:13","2024-11-28 21:17",8.270788332,"black",1,"BDU","3",-73.74,45.47,"PETI",2024,11,28,3.4,0.6,2,4.2,0,0,2024-11-28 21:25:00,2024-11-28 16:25:00
"617","end",2,90335,37,0,9.7,"59:55.6",1.000943617,0.654982815,0.721413176,0.128679408,"25:34.1",10,"good",21.41666667,2024-11-30,"2024-11-29","2024-11-29 21:16","2024-11-30 12:16","2024-11-30 21:16",9.385444999,"black",1,"BDU","3",-73.74,45.47,"PETI",2024,11,30,2.3,-0.9,0.7,0.2,0,41,2024-11-30 21:25:00,2024-11-30 16:25:00
"617","end",2,90335,40,0,0,"59:55.9",0.864417674,0.544940196,0.663004326,0.076655782,"25:44.1",10,"good",21.41666667,2024-12-03,"2024-12-02","2024-12-02 21:15","2024-12-03 12:19","2024-12-03 21:15",10.66909833,"black",1,"BDU","3",-73.74,45.47,"PETI",2024,12,3,0.1,-5.2,-2.6,0.2,0,0,2024-12-03 21:25:00,2024-12-03 16:25:00
"627","end",2,90345,35,9.7,77.59,"59:55.6",1.049109315,0.683745329,0.554134087,0.088260574,"25:52.6",11,"good",21.41666667,2024-12-07,"2024-12-06","2024-12-06 21:14","2024-12-07 12:23","2024-12-07 21:14",11.693055,"black",1,"BDU","3",-73.74,45.47,"PETI",2024,12,7,-2.5,-8.3,-5.4,2.4,1,0,2024-12-07 21:25:00,2024-12-07 16:25:00
"627","end",2,90345,36,19.4,9.7,"59:53.3",1.191654315,0.627798336,0.581681365,0.119277259,"25:50.2",11,"good",21.41666667,2024-12-08,"2024-12-07","2024-12-07 21:14","2024-12-08 12:24","2024-12-08 21:14",11.77072333,"black",1,"BDU","3",-73.74,45.47,"PETI",2024,12,8,3,-3.5,-0.3,5.4,11,42,2024-12-08 21:25:00,2024-12-08 16:25:00
"627","end",2,90345,53,0,0,"59:52.8",1.137961045,0.567683319,0.568963653,0.086585725,"25:49.8",11,"good",21.41666667,2024-12-25,"2024-12-24","2024-12-24 21:18","2024-12-25 12:35","2024-12-25 21:18",6.963325,"black",1,"BDU","3",-73.74,45.47,"PETI",2024,12,25,-5.4,-15.8,-10.6,0,8,0,2024-12-25 21:25:00,2024-12-25 16:25:00
"634","end",9,90352,36,38.8,426.82,"59:52.0",0.757842999,0.4927917,0.226257669,0.049262374,"25:10.3",11,"good",21.41666667,2024-12-18,"2024-12-17","2024-12-17 21:15","2024-12-18 12:32","2024-12-18 21:15",9.788663332,"black",1,"NDG","3",-73.74,45.47,"PETI",2024,12,18,3.7,0.5,2.1,4,0,0,2024-12-18 21:25:00,2024-12-18 16:25:00
"635","end",10,90353,38,0,9.7,"59:50.8",1.414293546,0.450147706,0.818534535,0.088176148,"24:59.4",11,"good",21.41666667,2024-12-20,"2024-12-19","2024-12-19 21:15","2024-12-20 12:33","2024-12-20 21:16",8.823898335,"black",1,"BDU","3",-73.74,45.47,"PETI",2024,12,20,-6.7,-10.7,-8.7,0.2,0,32,2024-12-20 21:25:00,2024-12-20 16:25:00
"641","end",5,90359,17,0,0,"59:55.7",1.414228858,0.70827646,0.726239774,0.10625538,"25:51.1",12,"good",21.41666667,2024-12-01,"2024-11-30","2024-11-30 21:16","2024-12-01 12:17","2024-12-01 21:15",10.08425833,"black",1,"SDB","3",-73.74,45.47,"PETI",2024,12,1,0.5,-3.2,-1.4,0,0,38,2024-12-01 21:25:00,2024-12-01 16:25:00
"206","end",1,68906,61,0,7.3,"59:54.2",1.650830693,0.627140935,1.022552414,0.104385108,"26:44.9",1,"good",21.43333333,2022-12-11,"2022-12-10","2022-12-10 21:13","2022-12-11 12:26","2022-12-11 21:13",12.76471666,"black",1,"SDB","1",-73.74,45.47,"PETI",2022,12,11,-4.3,-8.3,-6.3,0,0,36,2022-12-11 21:26:00,2022-12-11 16:26:00
"207","end",2,68907,39,0,7.3,"59:58.9",1.022903982,0.50360692,0.632401594,0.126694304,"26:41.9",1,"good",21.43333333,2022-11-16,"2022-11-15","2022-11-15 21:27","2022-11-16 11:57","2022-11-16 21:26",0.082053332,"black",1,"SDB","1",-73.74,45.47,"PETI",2022,11,16,0.7,-0.8,-0.1,9.9,0,33,2022-11-16 21:26:00,2022-11-16 16:26:00
"207","end",2,68907,62,0,7.3,"59:56.3",1.354003902,0.604848989,0.887511832,0.184179114,"26:39.3",1,"good",21.43333333,2022-12-09,"2022-12-08","2022-12-08 21:14","2022-12-09 12:25","2022-12-09 21:14",12.622175,"black",1,"SDB","1",-73.74,45.47,"PETI",2022,12,9,-1.1,-9.1,-5.1,0.2,0,36,2022-12-09 21:26:00,2022-12-09 16:26:00
"212","end",2,68912,48,0,7.3,"59:57.7",1.483425967,0.470328632,0.924187189,0.107261303,"26:11.6",2,"good",21.43333333,2022-12-10,"2022-12-09","2022-12-09 21:14","2022-12-10 12:25","2022-12-10 21:13",12.21024167,"black",1,"SDB","1",-73.74,45.47,"PETI",2022,12,10,-4.7,-10.3,-7.5,0,0,44,2022-12-10 21:26:00,2022-12-10 16:26:00
"215","end",5,68915,52,7.3,7.3,"12:31.7",1.114988848,0.612217626,0.413191341,0.064275197,"26:12.3",2,"good",21.43333333,2022-12-16,"2022-12-15","2022-12-15 21:14","2022-12-16 12:30","2022-12-16 21:14",11.55516333,"black",1,"SDB","1",-73.74,45.47,"PETI",2022,12,16,2.2,-0.8,0.7,11.4,1,38,2022-12-16 21:26:00,2022-12-16 16:26:00
"219","end",4,68919,30,0,7.3,"59:57.9",1.514462848,0.537580134,0.971804268,0.12506321,"26:26.6",3,"good",21.43333333,2022-11-29,"2022-11-28","2022-11-28 21:17","2022-11-29 12:14","2022-11-29 21:16",9.576809998,"black",1,"SDB","1",-73.74,45.47,"PETI",2022,11,29,1.5,-2,-0.2,0,0,31,2022-11-29 21:26:00,2022-11-29 16:26:00
"220","end",5,68920,51,7.3,7.3,"59:53.3",1.116105829,0.48070809,0.591959039,0.065626869,"26:43.8",3,"good",21.43333333,2022-12-22,"2022-12-21","2022-12-21 21:16","2022-12-22 12:34","2022-12-22 21:16",9.846238335,"black",1,"SDB","1",-73.74,45.47,"PETI",2022,12,22,-2.1,-8.5,-5.3,3.6,19,36,2022-12-22 21:26:00,2022-12-22 16:26:00
"99","end",8,77876,53,9.7,0,"59:50.6",1.206039547,0.703020641,0.622330805,0.116893536,"26:36.1",5,"good",21.43333333,2023-12-23,"2023-12-22","2023-12-22 21:16","2023-12-23 12:34","2023-12-23 21:17",9.351473331,"black",1,"SDB","2",-73.74,45.47,"PETI",2023,12,23,-0.8,-8.4,-4.6,0,0,0,2023-12-23 21:26:00,2023-12-23 16:26:00
"109","end",10,77886,52,0,9.7,"59:59.3",0.866928438,0.502485554,0.455816947,0.070951481,"26:25.5",6,"good",21.43333333,2024-01-01,"2023-12-31","2023-12-31 21:22","2024-01-01 12:36","2024-01-01 21:23",2.807538335,"black",1,"BDU","2",-73.74,45.47,"PETI",2024,1,1,-4.1,-7.5,-5.8,2.4,0,0,2024-01-01 21:26:00,2024-01-01 16:26:00
"114","end",5,77891,13,0.1,0,"59:58.7",1.01049322,0.511004427,0.59196768,0.069894133,"26:34.7",7,"good",21.43333333,2023-12-02,"2023-12-01","2023-12-01 21:16","2023-12-02 12:17","2023-12-02 21:15",10.91094667,"black",1,"BDU","2",-73.74,45.47,"PETI",2023,12,2,3,-0.4,1.3,2.5,0,0,2023-12-02 21:26:00,2023-12-02 16:26:00
"116","end",7,77893,31,0,0,"59:58.7",0.857940064,0.548068529,0.446887268,0.081039148,"26:54.0",7,"good",21.43333333,2023-12-23,"2023-12-22","2023-12-22 21:16","2023-12-23 12:34","2023-12-23 21:17",9.649588335,"black",1,"SDB","2",-73.74,45.47,"PETI",2023,12,23,-0.8,-8.4,-4.6,0,0,0,2023-12-23 21:26:00,2023-12-23 16:26:00
"608","end",3,90326,46,0,9.7,"59:57.4",1.142478504,0.475053118,0.890429876,0.076249251,"26:04.3",9,"good",21.43333333,2024-12-07,"2024-12-06","2024-12-06 21:14","2024-12-07 12:23","2024-12-07 21:14",11.88867833,"black",1,"BDU","3",-73.74,45.47,"PETI",2024,12,7,-2.5,-8.3,-5.4,2.4,1,0,2024-12-07 21:26:00,2024-12-07 16:26:00
"617","end",2,90335,45,0,9.7,"59:56.7",0.800753219,0.62958476,0.510411224,0.122285028,"26:13.9",10,"good",21.43333333,2024-12-08,"2024-12-07","2024-12-07 21:14","2024-12-08 12:24","2024-12-08 21:14",12.16421833,"black",1,"BDU","3",-73.74,45.47,"PETI",2024,12,8,3,-3.5,-0.3,5.4,11,42,2024-12-08 21:26:00,2024-12-08 16:26:00
"617","end",2,90335,68,0,9.7,"59:59.2",0.883606722,0.464552824,0.580348209,0.118367393,"26:35.7",10,"good",21.43333333,2024-12-31,"2024-12-30","2024-12-30 21:22","2024-12-31 12:36","2024-12-31 21:23",3.195818333,"black",1,"BDU","3",-73.74,45.47,"PETI",2024,12,31,6.3,1.8,4.1,0,0,39,2024-12-31 21:26:00,2024-12-31 16:26:00
"627","end",2,90345,43,9.7,9.7,"59:55.0",1.03610988,0.596934305,0.547178416,0.103514967,"26:11.4",11,"good",21.43333333,2024-12-15,"2024-12-14","2024-12-14 21:14","2024-12-15 12:30","2024-12-15 21:14",11.65621167,"black",1,"BDU","3",-73.74,45.47,"PETI",2024,12,15,-5.8,-12.7,-9.3,0,1,0,2024-12-15 21:26:00,2024-12-15 16:26:00
"631","end",6,90349,20,9.7,0,"59:51.2",1.09949067,0.62802005,0.771506858,0.090071445,"26:37.5",11,"good",21.43333333,2024-12-01,"2024-11-30","2024-11-30 21:16","2024-12-01 12:17","2024-12-01 21:15",10.85759667,"black",1,"BDU","3",-73.74,45.47,"PETI",2024,12,1,0.5,-3.2,-1.4,0,0,38,2024-12-01 21:26:00,2024-12-01 16:26:00
"634","end",9,90352,41,9.7,9.7,"59:54.3",0.646542868,0.571135538,0.132436616,0.078034688,"26:49.8",11,"good",21.43333333,2024-12-23,"2024-12-22","2024-12-22 21:17","2024-12-23 12:34","2024-12-23 21:17",9.163451668,"black",1,"NDG","3",-73.74,45.47,"PETI",2024,12,23,-6.9,-16,-11.4,5.2,0,0,2024-12-23 21:26:00,2024-12-23 16:26:00
"635","end",10,90353,8,9.7,0,"59:50.7",0.813081824,0.617910272,0.492132519,0.089744908,"26:16.9",11,"good",21.43333333,2024-11-20,"2024-11-19","2024-11-19 21:23","2024-11-20 12:03","2024-11-20 21:22",3.748248335,"black",1,"BDU","3",-73.74,45.47,"PETI",2024,11,20,8,3.7,5.9,0,0,35,2024-11-20 21:26:00,2024-11-20 16:26:00
"645","end",7,90363,32,0,9.7,"59:51.2",1.323209666,0.62976114,0.906521991,0.107470684,"26:17.5",12,"good",21.43333333,2024-12-16,"2024-12-15","2024-12-15 21:14","2024-12-16 12:31","2024-12-16 21:14",11.52465167,"black",1,"SDB","3",-73.74,45.47,"PETI",2024,12,16,5.6,-6.7,-0.5,0.5,1,44,2024-12-16 21:26:00,2024-12-16 16:26:00
"206","end",1,68906,42,0,0,"59:56.2",1.076079557,0.530499752,0.443925644,0.097731154,"27:01.5",1,"good",21.45,2022-11-22,"2022-11-21","2022-11-21 21:22","2022-11-22 12:05","2022-11-22 21:21",5.707576668,"black",1,"SDB","1",-73.74,45.47,"PETI",2022,11,22,0.8,-6.4,-2.8,0,3,48,2022-11-22 21:27:00,2022-11-22 16:27:00
"207","end",2,68907,96,0,7.3,"58:27.9",1.183563228,0.492142618,0.863311578,0.139801716,"27:29.7",1,"good",21.45,2023-01-12,"2023-01-11","2023-01-11 21:34","2023-01-12 12:34","2023-01-12 21:35",-7.955305,"black",1,"SDB","1",-73.74,45.47,"PETI",2023,1,12,-0.8,-7.9,-4.4,11.8,0,0,2023-01-12 21:27:00,2023-01-12 16:27:00
"211","end",1,68911,31,0,7.3,"31:55.4",1.13315921,0.735508311,0.350298799,0.106202598,"27:50.4",2,"good",21.45,2022-11-16,"2022-11-15","2022-11-15 21:27","2022-11-16 11:57","2022-11-16 21:26",1.223761666,"black",1,"SDB","1",-73.74,45.47,"PETI",2022,11,16,0.7,-0.8,-0.1,9.9,0,33,2022-11-16 21:27:00,2022-11-16 16:27:00
"212","end",2,68912,58,7.3,7.3,"42:34.1",1.477560625,0.669117505,1.028638695,0.103375235,"27:32.0",2,"good",21.45,2022-12-20,"2022-12-19","2022-12-19 21:15","2022-12-20 12:33","2022-12-20 21:15",11.56701334,"black",1,"SDB","1",-73.74,45.47,"PETI",2022,12,20,-1.8,-5,-3.4,0,23,0,2022-12-20 21:27:00,2022-12-20 16:27:00
"215","end",5,68915,83,14.6,145.98,"59:56.7",1.024235198,0.550199829,0.362370578,0.056622148,"27:09.0",2,"good",21.45,2023-01-16,"2023-01-15","2023-01-15 21:39","2023-01-16 12:32","2023-01-16 21:40",-13.28353,"black",1,"SDB","1",-73.74,45.47,"PETI",2023,1,16,-4.5,-15.7,-10.1,0.5,18,0,2023-01-16 21:27:00,2023-01-16 16:27:00
"217","end",2,68917,50,0,7.3,"59:54.0",1.515446108,0.79193179,1.067726954,0.228225332,"27:20.9",3,"good",21.45,2022-12-15,"2022-12-14","2022-12-14 21:14","2022-12-15 12:30","2022-12-15 21:14",12.915225,"black",1,"SDB","1",-73.74,45.47,"PETI",2022,12,15,5.6,0.8,3.2,0,0,38,2022-12-15 21:27:00,2022-12-15 16:27:00
"220","end",5,68920,45,0,7.3,"59:53.6",1.354985733,0.667833859,0.767221969,0.157846259,"27:06.0",3,"good",21.45,2022-12-16,"2022-12-15","2022-12-15 21:14","2022-12-16 12:30","2022-12-16 21:14",12.45012167,"black",1,"SDB","1",-73.74,45.47,"PETI",2022,12,16,2.2,-0.8,0.7,11.4,1,38,2022-12-16 21:27:00,2022-12-16 16:27:00
"224","end",4,68924,70,0,7.3,"59:53.4",0.921999653,0.522774644,0.579670936,0.115420706,"27:49.5",4,"good",21.45,2023-01-12,"2023-01-11","2023-01-11 21:34","2023-01-12 12:34","2023-01-12 21:35",-7.624666667,"black",1,"SDB","1",-73.74,45.47,"PETI",2023,1,12,-0.8,-7.9,-4.4,11.8,0,0,2023-01-12 21:27:00,2023-01-12 16:27:00
"93","end",3,77870,26,0,9.7,"59:55.7",1.209976876,0.660517256,0.776860766,0.093115768,"27:10.4",5,"good",21.45,2023-11-23,"2023-11-22","2023-11-22 21:21","2023-11-23 12:06","2023-11-23 21:20",6.406579999,"black",1,"BDU","2",-73.74,45.47,"PETI",2023,11,23,5.4,1.3,3.3,0.4,0,0,2023-11-23 21:27:00,2023-11-23 16:27:00
"99","end",8,77876,22,0,9.7,"59:54.8",0.990345474,0.609952725,0.507368996,0.078376015,"27:09.4",5,"good",21.45,2023-11-22,"2023-11-21","2023-11-21 21:22","2023-11-22 12:05","2023-11-22 21:21",5.640228335,"black",1,"SDB","2",-73.74,45.47,"PETI",2023,11,22,6.3,1.2,3.8,11,0,38,2023-11-22 21:27:00,2023-11-22 16:27:00
"99","end",8,77876,67,9.7,9.7,"59:52.3",1.334174273,0.707440646,0.718046748,0.119631604,"27:36.0",5,"good",21.45,2024-01-06,"2024-01-05","2024-01-05 21:27","2024-01-06 12:36","2024-01-06 21:28",-0.816903333,"black",1,"SDB","2",-73.74,45.47,"PETI",2024,1,6,-2.7,-9.9,-6.3,1.5,0,40,2024-01-06 21:27:00,2024-01-06 16:27:00
"102","end",3,77879,19,9.7,0,"59:57.5",0.932416649,0.632666137,0.519883248,0.156375342,"27:50.9",6,"good",21.45,2023-11-22,"2023-11-21","2023-11-21 21:22","2023-11-22 12:05","2023-11-22 21:21",6.330868332,"black",1,"SDB","2",-73.74,45.47,"PETI",2023,11,22,6.3,1.2,3.8,11,0,38,2023-11-22 21:27:00,2023-11-22 16:27:00
"104","end",5,77881,13,0,9.7,"59:56.4",1.094518723,0.615476662,0.452116106,0.094350855,"27:01.5",6,"good",21.45,2023-11-17,"2023-11-16","2023-11-16 21:26","2023-11-17 11:58","2023-11-17 21:25",1.124656665,"black",1,"SDB","2",-73.74,45.47,"PETI",2023,11,17,14.3,3.2,8.8,6.4,0,49,2023-11-17 21:27:00,2023-11-17 16:27:00
"123","end",3,77899,61,0,9.7,"59:52.8",1.085988812,0.608988411,0.370940496,0.090767391,"27:07.3",8,"good",21.45,2023-12-18,"2023-12-17","2023-12-17 21:14","2023-12-18 12:31","2023-12-18 21:15",11.98850667,"black",1,"SDB","2",-73.74,45.47,"PETI",2023,12,18,9.4,5.3,7.3,51.2,1,37,2023-12-18 21:27:00,2023-12-18 16:27:00
"127","end",7,77903,25,0,0,"59:50.4",1.02612906,0.417605,0.59029264,0.07034333,"27:05.3",8,"good",21.45,2023-11-13,"2023-11-12","2023-11-12 21:31","2023-11-13 11:52","2023-11-13 21:30",-2.928991667,"black",1,"SDB","2",-73.74,45.47,"PETI",2023,11,13,1.4,-5.8,-2.2,0.7,0,0,2023-11-13 21:27:00,2023-11-13 16:27:00
"127","end",7,77903,65,0,9.7,"59:58.2",1.122571441,0.469560888,0.769188832,0.092118081,"27:13.0",8,"good",21.45,2023-12-23,"2023-12-22","2023-12-22 21:16","2023-12-23 12:34","2023-12-23 21:17",9.967146667,"black",1,"SDB","2",-73.74,45.47,"PETI",2023,12,23,-0.8,-8.4,-4.6,0,0,0,2023-12-23 21:27:00,2023-12-23 16:27:00
"617","end",2,90335,28,9.7,9.7,"59:54.9",0.822526701,0.627343405,0.266329204,0.068995952,"27:58.6",10,"good",21.45,2024-11-21,"2024-11-20","2024-11-20 21:22","2024-11-21 12:04","2024-11-21 21:21",6.242891665,"black",1,"BDU","3",-73.74,45.47,"PETI",2024,11,21,8.1,5.4,6.8,1.7,0,44,2024-11-21 21:27:00,2024-11-21 16:27:00
"617","end",2,90335,33,0,9.7,"59:55.4",0.726252275,0.583336301,0.448018175,0.085127946,"27:49.5",10,"good",21.45,2024-11-26,"2024-11-25","2024-11-25 21:18","2024-11-26 12:11","2024-11-26 21:18",9.575121665,"black",1,"BDU","3",-73.74,45.47,"PETI",2024,11,26,5.1,-1,2.1,5.7,0,35,2024-11-26 21:27:00,2024-11-26 16:27:00
"617","end",2,90335,44,0,9.7,"59:56.6",0.805493356,0.4782118,0.630154894,0.083645395,"27:50.7",10,"good",21.45,2024-12-07,"2024-12-06","2024-12-06 21:14","2024-12-07 12:23","2024-12-07 21:14",13.66202333,"black",1,"BDU","3",-73.74,45.47,"PETI",2024,12,7,-2.5,-8.3,-5.4,2.4,1,0,2024-12-07 21:27:00,2024-12-07 16:27:00
"617","end",2,90335,75,0,9.7,"59:50.5",1.013024885,0.559150567,0.689492806,0.105140546,"27:34.9",10,"good",21.45,2025-01-07,"2025-01-06","2025-01-06 21:29","2025-01-07 12:36","2025-01-07 21:30",-2.685324999,"black",1,"BDU","3",-73.74,45.47,"PETI",2025,1,7,-6.3,-11.8,-9.1,1.5,0,48,2025-01-07 21:27:00,2025-01-07 16:27:00
"617","end",2,90335,76,0,9.7,"59:50.6",0.920935636,0.464771092,0.707998093,0.089119396,"27:54.4",10,"good",21.45,2025-01-08,"2025-01-07","2025-01-07 21:30","2025-01-08 12:35","2025-01-08 21:31",-3.459913333,"black",1,"BDU","3",-73.74,45.47,"PETI",2025,1,8,-11.1,-14.2,-12.7,1.7,0,43,2025-01-08 21:27:00,2025-01-08 16:27:00
"631","end",6,90349,7,9.7,9.7,"59:52.2",0.827730615,0.65322697,0.255421053,0.092279124,"27:07.3",11,"good",21.45,2024-11-18,"2024-11-17","2024-11-17 21:25","2024-11-18 12:00","2024-11-18 21:24",2.855788334,"black",1,"BDU","3",-73.74,45.47,"PETI",2024,11,18,10.7,1.1,5.9,0.8,0,0,2024-11-18 21:27:00,2024-11-18 16:27:00
"631","end",6,90349,51,0,9.7,"59:51.9",0.925468582,0.51625852,0.697932074,0.08165545,"27:26.4",11,"good",21.45,2025-01-01,"2024-12-31","2024-12-31 21:23","2025-01-01 12:36","2025-01-01 21:24",3.156986666,"black",1,"BDU","3",-73.74,45.47,"PETI",2025,1,1,2.1,0.4,1.2,5.9,0,46,2025-01-01 21:27:00,2025-01-01 16:27:00
"634","end",9,90352,34,67.79,116.34,"59:52.7",0.941303597,0.521389771,0.379929103,0.051850727,"27:07.6",11,"good",21.45,2024-12-16,"2024-12-15","2024-12-15 21:14","2024-12-16 12:31","2024-12-16 21:14",12.35927333,"black",1,"NDG","3",-73.74,45.47,"PETI",2024,12,16,5.6,-6.7,-0.5,0.5,1,44,2024-12-16 21:27:00,2024-12-16 16:27:00
"641","end",5,90359,30,9.7,9.7,"59:52.4",1.328228649,0.510153031,0.749945046,0.07185384,"27:55.7",12,"good",21.45,2024-12-14,"2024-12-13","2024-12-13 21:14","2024-12-14 12:29","2024-12-14 21:14",13.59433167,"black",1,"SDB","3",-73.74,45.47,"PETI",2024,12,14,-5.7,-11.5,-8.6,0,1,0,2024-12-14 21:27:00,2024-12-14 16:27:00
"641","end",5,90359,38,19.4,4587.45,"59:54.3",1.275047603,0.644479557,0.799215906,0.084813033,"26:59.4",12,"good",21.45,2024-12-22,"2024-12-21","2024-12-21 21:16","2024-12-22 12:34","2024-12-22 21:17",9.873740002,"black",1,"SDB","3",-73.74,45.47,"PETI",2024,12,22,-11.2,-16.9,-14,0.2,0,0,2024-12-22 21:27:00,2024-12-22 16:27:00
"206","end",1,68906,36,7.3,0,"59:58.3",1.08388079,0.640820365,0.584397803,0.110200457,"28:45.7",1,"good",21.46666667,2022-11-16,"2022-11-15","2022-11-15 21:27","2022-11-16 11:57","2022-11-16 21:26",2.144951665,"black",1,"SDB","1",-73.74,45.47,"PETI",2022,11,16,0.7,-0.8,-0.1,9.9,0,33,2022-11-16 21:28:00,2022-11-16 16:28:00
"206","end",1,68906,52,14.6,0,"59:57.4",1.241108983,0.657662914,0.644684082,0.133173471,"28:37.6",1,"good",21.46666667,2022-12-02,"2022-12-01","2022-12-01 21:15","2022-12-02 12:17","2022-12-02 21:15",13.05989667,"black",1,"SDB","1",-73.74,45.47,"PETI",2022,12,2,4.2,-3.9,0.1,0,0,43,2022-12-02 21:28:00,2022-12-02 16:28:00
"207","end",2,68907,52,0,0,"59:54.3",1.50480703,0.526874083,0.860820512,0.088785103,"28:41.5",1,"good",21.46666667,2022-11-29,"2022-11-28","2022-11-28 21:17","2022-11-29 12:14","2022-11-29 21:16",11.824675,"black",1,"SDB","1",-73.74,45.47,"PETI",2022,11,29,1.5,-2,-0.2,0,0,31,2022-11-29 21:28:00,2022-11-29 16:28:00
"207","end",2,68907,59,0,0,"59:55.7",1.471225314,0.382356841,1.031986057,0.071964427,"28:06.3",1,"good",21.46666667,2022-12-06,"2022-12-05","2022-12-05 21:14","2022-12-06 12:22","2022-12-06 21:14",13.67189833,"black",1,"SDB","1",-73.74,45.47,"PETI",2022,12,6,8.2,2.7,5.5,15.2,0,33,2022-12-06 21:28:00,2022-12-06 16:28:00
"207","end",2,68907,66,0,7.3,"59:56.9",1.54980632,0.598377418,0.967493269,0.127997433,"28:51.4",1,"good",21.46666667,2022-12-13,"2022-12-12","2022-12-12 21:14","2022-12-13 12:28","2022-12-13 21:14",14.73955167,"black",1,"SDB","1",-73.74,45.47,"PETI",2022,12,13,0.4,-9,-4.3,0,0,38,2022-12-13 21:28:00,2022-12-13 16:28:00
"207","end",2,68907,75,7.3,7.3,"59:58.6",1.269290692,0.562165512,0.938611704,0.082236604,"28:53.1",1,"good",21.46666667,2022-12-22,"2022-12-21","2022-12-21 21:16","2022-12-22 12:34","2022-12-22 21:16",12.001365,"black",1,"SDB","1",-73.74,45.47,"PETI",2022,12,22,-2.1,-8.5,-5.3,3.6,19,36,2022-12-22 21:28:00,2022-12-22 16:28:00
"207","end",2,68907,77,0,7.3,"59:58.9",1.473063864,0.674006792,0.878414615,0.1295751,"28:02.3",1,"good",21.46666667,2022-12-24,"2022-12-23","2022-12-23 21:17","2022-12-24 12:35","2022-12-24 21:17",10.08819333,"black",1,"SDB","1",-73.74,45.47,"PETI",2022,12,24,-7,-9.7,-8.4,0.2,11,74,2022-12-24 21:28:00,2022-12-24 16:28:00
"207","end",2,68907,122,0,0,"59:52.8",1.26346157,0.575264161,1.019703683,0.098024535,"28:10.7",1,"good",21.46666667,2023-02-07,"2023-02-06","2023-02-06 22:10","2023-02-07 12:10","2023-02-07 22:11",-43.38771167,"black",1,"SDB","1",-73.74,45.47,"PETI",2023,2,7,2.4,-14.6,-6.1,0.8,37,33,2023-02-07 21:28:00,2023-02-07 16:28:00
"211","end",1,68911,41,0,7.2,"59:55.6",0.907462815,0.718104672,0.271109296,0.095002845,"28:35.6",2,"good",21.46666667,2022-11-26,"2022-11-25","2022-11-25 21:19","2022-11-26 12:10","2022-11-26 21:18",10.0596,"black",1,"SDB","1",-73.74,45.47,"PETI",2022,11,26,8.6,0.8,4.7,0,0,37,2022-11-26 21:28:00,2022-11-26 16:28:00
"212","end",2,68912,40,0,7.3,"59:57.5",1.478669255,0.655723628,0.974082651,0.122225826,"28:44.7",2,"good",21.46666667,2022-12-02,"2022-12-01","2022-12-01 21:15","2022-12-02 12:17","2022-12-02 21:15",13.17801667,"black",1,"SDB","1",-73.74,45.47,"PETI",2022,12,2,4.2,-3.9,0.1,0,0,43,2022-12-02 21:28:00,2022-12-02 16:28:00
"92","end",2,77869,5,0,9.7,"59:51.4",0.547701829,0.43618877,0.082748553,0.056597635,"28:42.9",5,"good",21.46666667,2023-11-02,"2023-11-01","2023-11-01 21:45","2023-11-02 11:37","2023-11-02 21:43",-15.20094833,"black",1,"BDU","2",-73.74,45.47,"PETI",2023,11,2,8.2,-0.9,3.6,0.8,0,39,2023-11-02 21:28:00,2023-11-02 17:28:00
"93","end",3,77870,24,9.7,0,"59:52.6",1.346495287,0.619311817,0.941078235,0.088295567,"28:34.5",5,"good",21.46666667,2023-11-21,"2023-11-20","2023-11-20 21:23","2023-11-21 12:03","2023-11-21 21:22",6.242104999,"black",1,"BDU","2",-73.74,45.47,"PETI",2023,11,21,2.8,-6.4,-1.8,11.2,0,46,2023-11-21 21:28:00,2023-11-21 16:28:00
"102","end",3,77879,44,48.49,9.7,"59:46.5",1.115934675,0.609965621,0.677237456,0.065568945,"28:47.7",6,"good",21.46666667,2023-12-17,"2023-12-16","2023-12-16 21:14","2023-12-17 12:31","2023-12-17 21:14",13.962205,"black",1,"SDB","2",-73.74,45.47,"PETI",2023,12,17,8.4,-0.6,3.9,13.8,0,47,2023-12-17 21:28:00,2023-12-17 16:28:00
"102","end",3,77879,51,0,0,"59:52.3",0.758495585,0.542729717,0.252797471,0.076178557,"28:05.0",6,"good",21.46666667,2023-12-24,"2023-12-23","2023-12-23 21:17","2023-12-24 12:35","2023-12-24 21:17",10.283835,"black",1,"SDB","2",-73.74,45.47,"PETI",2023,12,24,2.1,-1.5,0.3,0,0,0,2023-12-24 21:28:00,2023-12-24 16:28:00
"109","end",10,77886,12,9.6,0.1,"59:56.9",1.00926699,0.530820438,0.514700117,0.083242824,"28:19.3",6,"good",21.46666667,2023-11-22,"2023-11-21","2023-11-21 21:22","2023-11-22 12:05","2023-11-22 21:21",6.805200001,"black",1,"BDU","2",-73.74,45.47,"PETI",2023,11,22,6.3,1.2,3.8,11,0,38,2023-11-22 21:28:00,2023-11-22 16:28:00
"109","end",10,77886,18,9.7,9.7,"59:57.9",0.895741125,0.585772775,0.476814703,0.094139618,"28:49.6",6,"good",21.46666667,2023-11-28,"2023-11-27","2023-11-27 21:18","2023-11-28 12:12","2023-11-28 21:17",11.30943333,"black",1,"BDU","2",-73.74,45.47,"PETI",2023,11,28,0.6,-5.3,-2.4,0.2,0,51,2023-11-28 21:28:00,2023-11-28 16:28:00
"123","end",3,77899,58,9.7,9.7,"56:25.5",1.228842067,0.500198409,0.646418306,0.082322353,"28:50.4",8,"good",21.46666667,2023-12-15,"2023-12-14","2023-12-14 21:14","2023-12-15 12:29","2023-12-15 21:14",14.45705333,"black",1,"SDB","2",-73.74,45.47,"PETI",2023,12,15,8.1,2.6,5.4,0,1,46,2023-12-15 21:28:00,2023-12-15 16:28:00
"608","end",3,90326,39,0,9.7,"59:50.4",1.304913302,0.576859268,0.866873331,0.139514329,"28:32.7",9,"good",21.46666667,2024-11-30,"2024-11-29","2024-11-29 21:16","2024-11-30 12:16","2024-11-30 21:16",12.36218,"black",1,"BDU","3",-73.74,45.47,"PETI",2024,11,30,2.3,-0.9,0.7,0.2,0,41,2024-11-30 21:28:00,2024-11-30 16:28:00
"608","end",3,90326,43,0,9.7,"59:51.5",1.216960099,0.466271354,0.943345899,0.098755478,"28:14.2",9,"good",21.46666667,2024-12-04,"2024-12-03","2024-12-03 21:15","2024-12-04 12:20","2024-12-04 21:14",13.45280667,"black",1,"BDU","3",-73.74,45.47,"PETI",2024,12,4,-0.2,-6.2,-3.2,1.8,0,46,2024-12-04 21:28:00,2024-12-04 16:28:00
"617","end",2,90335,38,0,9.7,"59:55.7",0.890535908,0.535951271,0.679827672,0.094947769,"28:09.4",10,"good",21.46666667,2024-12-01,"2024-11-30","2024-11-30 21:16","2024-12-01 12:17","2024-12-01 21:15",12.38994167,"black",1,"BDU","3",-73.74,45.47,"PETI",2024,12,1,0.5,-3.2,-1.4,0,0,38,2024-12-01 21:28:00,2024-12-01 16:28:00
"617","end",2,90335,62,0,9.7,"59:58.9",0.840623125,0.4164216,0.53079442,0.091436334,"28:02.7",10,"good",21.46666667,2024-12-25,"2024-12-24","2024-12-24 21:18","2024-12-25 12:35","2024-12-25 21:18",9.178544998,"black",1,"BDU","3",-73.74,45.47,"PETI",2024,12,25,-5.4,-15.8,-10.6,0,8,0,2024-12-25 21:28:00,2024-12-25 16:28:00
"617","end",2,90335,71,0,9.7,"59:59.6",1.177170346,0.523698989,0.818274209,0.101146299,"28:03.4",10,"good",21.46666667,2025-01-03,"2025-01-02","2025-01-02 21:25","2025-01-03 12:36","2025-01-03 21:26",1.906501667,"black",1,"BDU","3",-73.74,45.47,"PETI",2025,1,3,-3.6,-9.7,-6.7,0.2,0,54,2025-01-03 21:28:00,2025-01-03 16:28:00
"627","end",2,90345,34,9.7,0,"59:57.9",1.219548838,0.657185194,0.636313496,0.096812439,"28:20.4",11,"good",21.46666667,2024-12-06,"2024-12-05","2024-12-05 21:14","2024-12-06 12:22","2024-12-06 21:14",14.00592,"black",1,"BDU","3",-73.74,45.47,"PETI",2024,12,6,-4.1,-8.4,-6.2,0.2,1,53,2024-12-06 21:28:00,2024-12-06 16:28:00
"631","end",6,90349,39,9.7,9.7,"59:51.8",1.013933296,0.554063555,0.668493431,0.094201038,"28:34.3",11,"good",21.46666667,2024-12-20,"2024-12-19","2024-12-19 21:15","2024-12-20 12:33","2024-12-20 21:16",12.40468667,"black",1,"BDU","3",-73.74,45.47,"PETI",2024,12,20,-6.7,-10.7,-8.7,0.2,0,32,2024-12-20 21:28:00,2024-12-20 16:28:00
"634","end",9,90352,30,19.4,9.7,"59:54.9",0.825341889,0.517216344,0.268158135,0.083340392,"28:37.1",11,"good",21.46666667,2024-12-12,"2024-12-11","2024-12-11 21:14","2024-12-12 12:28","2024-12-12 21:14",14.55155167,"black",1,"NDG","3",-73.74,45.47,"PETI",2024,12,12,1.9,-7.2,-2.6,0,0,63,2024-12-12 21:28:00,2024-12-12 16:28:00
"641","end",5,90359,28,9.7,19.4,"40:18.3",1.407963294,0.698803814,0.632620149,0.088882211,"28:43.7",12,"good",21.46666667,2024-12-12,"2024-12-11","2024-12-11 21:14","2024-12-12 12:28","2024-12-12 21:14",14.66093167,"black",1,"SDB","3",-73.74,45.47,"PETI",2024,12,12,1.9,-7.2,-2.6,0,0,63,2024-12-12 21:28:00,2024-12-12 16:28:00
"206","end",1,68906,45,0,0,"59:55.0",1.241021728,0.62458876,0.624239199,0.114840309,"29:04.4",1,"good",21.48333333,2022-11-25,"2022-11-24","2022-11-24 21:19","2022-11-25 12:09","2022-11-25 21:19",9.890020001,"black",1,"SDB","1",-73.74,45.47,"PETI",2022,11,25,5.5,-2.8,1.3,4,2,43,2022-11-25 21:29:00,2022-11-25 16:29:00
"206","end",1,68906,66,0,7.3,"59:54.8",1.326009293,0.855935779,0.69399319,0.181843103,"29:55.2",1,"good",21.48333333,2022-12-16,"2022-12-15","2022-12-15 21:14","2022-12-16 12:30","2022-12-16 21:14",15.27051333,"black",1,"SDB","1",-73.74,45.47,"PETI",2022,12,16,2.2,-0.8,0.7,11.4,1,38,2022-12-16 21:29:00,2022-12-16 16:29:00
"206","end",1,68906,75,7.3,7.3,"17:31.1",1.48378214,0.791258383,0.716282546,0.134226195,"29:07.8",1,"good",21.48333333,2022-12-25,"2022-12-24","2022-12-24 21:17","2022-12-25 12:35","2022-12-25 21:18",10.56273333,"black",1,"SDB","1",-73.74,45.47,"PETI",2022,12,25,-3.3,-7.6,-5.4,0.5,10,59,2022-12-25 21:29:00,2022-12-25 16:29:00
"207","end",2,68907,54,0,0,"59:54.7",1.636513489,0.660200182,0.879497388,0.170379958,"29:54.8",1,"good",21.48333333,2022-12-01,"2022-11-30","2022-11-30 21:16","2022-12-01 12:16","2022-12-01 21:15",13.94736,"black",1,"SDB","1",-73.74,45.47,"PETI",2022,12,1,1.8,-3.6,-0.9,0.3,0,58,2022-12-01 21:29:00,2022-12-01 16:29:00
"207","end",2,68907,82,7.3,0,"59:59.8",1.4593179,0.362429114,0.890585695,0.084584313,"29:16.1",1,"good",21.48333333,2022-12-29,"2022-12-28","2022-12-28 21:20","2022-12-29 12:36","2022-12-29 21:21",7.918235,"black",1,"SDB","1",-73.74,45.47,"PETI",2022,12,29,6.1,-2.9,1.6,0.5,18,0,2022-12-29 21:29:00,2022-12-29 16:29:00
"212","end",2,68912,57,7.3,0,"59:57.9",1.433798393,0.574983711,0.919075954,0.125041602,"29:28.8",2,"good",21.48333333,2022-12-19,"2022-12-18","2022-12-18 21:15","2022-12-19 12:32","2022-12-19 21:15",13.91386167,"black",1,"SDB","1",-73.74,45.47,"PETI",2022,12,19,0.3,-4.1,-1.9,0.3,25,0,2022-12-19 21:29:00,2022-12-19 16:29:00
"212","end",2,68912,62,7.3,124.09,"59:58.2",1.409656071,0.687907217,0.668243004,0.10808835,"29:58.3",2,"good",21.48333333,2022-12-24,"2022-12-23","2022-12-23 21:17","2022-12-24 12:35","2022-12-24 21:17",12.021675,"black",1,"SDB","1",-73.74,45.47,"PETI",2022,12,24,-7,-9.7,-8.4,0.2,11,74,2022-12-24 21:29:00,2022-12-24 16:29:00
"214","end",4,68914,80,94.89,58.39,"59:54.6",1.216683443,0.797874662,0.464907616,0.11415258,"29:18.3",2,"good",21.48333333,2022-11-26,"2022-11-25","2022-11-25 21:19","2022-11-26 12:10","2022-11-26 21:18",10.77215333,"black",1,"SDB","1",-73.74,45.47,"PETI",2022,11,26,8.6,0.8,4.7,0,0,37,2022-11-26 21:29:00,2022-11-26 16:29:00
"217","end",2,68917,59,0,7.3,"59:55.7",1.603716332,0.981139602,1.03212518,0.259533464,"29:55.9",3,"good",21.48333333,2022-12-24,"2022-12-23","2022-12-23 21:17","2022-12-24 12:35","2022-12-24 21:17",11.98123333,"black",1,"SDB","1",-73.74,45.47,"PETI",2022,12,24,-7,-9.7,-8.4,0.2,11,74,2022-12-24 21:29:00,2022-12-24 16:29:00
"219","end",4,68919,44,0,7.3,"59:55.6",1.469289834,0.488561527,0.877400433,0.10154352,"29:26.7",3,"good",21.48333333,2022-12-13,"2022-12-12","2022-12-12 21:14","2022-12-13 12:28","2022-12-13 21:14",15.32838333,"black",1,"SDB","1",-73.74,45.47,"PETI",2022,12,13,0.4,-9,-4.3,0,0,38,2022-12-13 21:29:00,2022-12-13 16:29:00
"220","end",5,68920,26,0,7.3,"59:55.6",1.231825891,0.560434411,0.71203549,0.132274296,"29:55.9",3,"good",21.48333333,2022-11-27,"2022-11-26","2022-11-26 21:18","2022-11-27 12:11","2022-11-27 21:17",11.99791167,"black",1,"SDB","1",-73.74,45.47,"PETI",2022,11,27,10.7,2.9,6.8,3.2,0,32,2022-11-27 21:29:00,2022-11-27 16:29:00
"220","end",5,68920,49,7.3,0,"59:55.8",1.239894162,0.518458121,0.724559811,0.089796518,"29:48.8",3,"good",21.48333333,2022-12-20,"2022-12-19","2022-12-19 21:15","2022-12-20 12:33","2022-12-20 21:15",13.84662667,"black",1,"SDB","1",-73.74,45.47,"PETI",2022,12,20,-1.8,-5,-3.4,0,23,0,2022-12-20 21:29:00,2022-12-20 16:29:00
"224","end",4,68924,8,7.3,7.3,"59:53.4",1.049546877,0.700217347,0.681767014,0.121415215,"29:02.5",4,"good",21.48333333,2022-11-11,"2022-11-10","2022-11-10 21:33","2022-11-11 11:50","2022-11-11 21:31",-2.941813334,"black",1,"SDB","1",-73.74,45.47,"PETI",2022,11,11,16.8,7.1,12,38.8,0,0,2022-11-11 21:29:00,2022-11-11 16:29:00
"225","end",5,68925,8,7.3,7.3,"59:54.5",1.170126371,0.523807956,0.740896494,0.087717089,"29:47.4",4,"good",21.48333333,2022-11-16,"2022-11-15","2022-11-15 21:27","2022-11-16 11:57","2022-11-16 21:26",3.173655001,"black",1,"SDB","1",-73.74,45.47,"PETI",2022,11,16,0.7,-0.8,-0.1,9.9,0,33,2022-11-16 21:29:00,2022-11-16 16:29:00
"99","end",8,77876,62,9.7,9.7,"59:55.9",1.246335556,0.623594554,0.58315135,0.094856559,"29:45.7",5,"good",21.48333333,2024-01-01,"2023-12-31","2023-12-31 21:22","2024-01-01 12:36","2024-01-01 21:23",6.145296665,"black",1,"SDB","2",-73.74,45.47,"PETI",2024,1,1,-4.1,-7.5,-5.8,2.4,0,0,2024-01-01 21:29:00,2024-01-01 16:29:00
"109","end",10,77886,43,0,0,"59:56.5",1.011909706,0.443424318,0.64498221,0.0699432,"29:46.3",6,"good",21.48333333,2023-12-23,"2023-12-22","2023-12-22 21:16","2023-12-23 12:34","2023-12-23 21:17",12.52232833,"black",1,"BDU","2",-73.74,45.47,"PETI",2023,12,23,-0.8,-8.4,-4.6,0,0,0,2023-12-23 21:29:00,2023-12-23 16:29:00
"114","end",5,77891,16,9.7,9.7,"59:54.9",0.894579572,0.53535978,0.510759328,0.090221979,"29:15.7",7,"good",21.48333333,2023-12-05,"2023-12-04","2023-12-04 21:14","2023-12-05 12:20","2023-12-05 21:14",14.545295,"black",1,"BDU","2",-73.74,45.47,"PETI",2023,12,5,-3.8,-8.3,-6,0.4,20,0,2023-12-05 21:29:00,2023-12-05 16:29:00
"116","end",7,77893,1,0,87.29,"59:54.4",1.036730918,0.515773087,0.826376402,0.093691369,"29:53.9",7,"good",21.48333333,2023-11-23,"2023-11-22","2023-11-22 21:21","2023-11-23 12:06","2023-11-23 21:20",9.132373333,"black",1,"SDB","2",-73.74,45.47,"PETI",2023,11,23,5.4,1.3,3.3,0.4,0,0,2023-11-23 21:29:00,2023-11-23 16:29:00
"121","end",2,77898,34,19.4,999.08,"59:51.3",1.110992331,0.627032224,0.342829111,0.079710221,"29:11.8",8,"good",21.48333333,2023-11-20,"2023-11-19","2023-11-19 21:24","2023-11-20 12:02","2023-11-20 21:23",6.030611666,"black",1,"BDU","2",-73.74,45.47,"PETI",2023,11,20,0.3,-5.8,-2.8,1.5,0,0,2023-11-20 21:29:00,2023-11-20 16:29:00
"123","end",3,77899,68,9.7,48.49,"59:57.8",1.464764212,0.512247337,0.834221126,0.129126644,"29:08.7",8,"good",21.48333333,2023-12-25,"2023-12-24","2023-12-24 21:17","2023-12-25 12:35","2023-12-25 21:18",10.74490667,"black",1,"SDB","2",-73.74,45.47,"PETI",2023,12,25,5.4,1.1,3.2,1.2,0,0,2023-12-25 21:29:00,2023-12-25 16:29:00
"123","end",3,77899,80,0,9.7,"59:53.6",0.764683958,0.617381858,0.328736867,0.091228634,"29:43.3",8,"good",21.48333333,2024-01-06,"2024-01-05","2024-01-05 21:27","2024-01-06 12:36","2024-01-06 21:28",1.304235001,"black",1,"SDB","2",-73.74,45.47,"PETI",2024,1,6,-2.7,-9.9,-6.3,1.5,0,40,2024-01-06 21:29:00,2024-01-06 16:29:00
"127","end",7,77903,34,0,0,"59:55.4",1.011148326,0.501404051,0.584270025,0.087218591,"29:35.7",8,"good",21.48333333,2023-11-22,"2023-11-21","2023-11-21 21:22","2023-11-22 12:05","2023-11-22 21:21",8.079089999,"black",1,"SDB","2",-73.74,45.47,"PETI",2023,11,22,6.3,1.2,3.8,11,0,38,2023-11-22 21:29:00,2023-11-22 16:29:00
"127","end",7,77903,55,9.7,0,"59:59.0",1.32069504,0.547816772,0.724340847,0.094694042,"29:10.2",8,"good",21.48333333,2023-12-13,"2023-12-12","2023-12-12 21:14","2023-12-13 12:28","2023-12-13 21:14",15.08650833,"black",1,"SDB","2",-73.74,45.47,"PETI",2023,12,13,1.1,-6.9,-2.9,1,1,47,2023-12-13 21:29:00,2023-12-13 16:29:00
"617","end",2,90335,5,0,9.7,"59:55.2",0.814190685,0.57044939,0.540131074,0.103156218,"29:55.4",10,"good",21.48333333,2024-10-29,"2024-10-28","2024-10-28 21:50","2024-10-29 11:32","2024-10-29 21:48",-18.72661333,"black",1,"BDU","3",-73.74,45.47,"PETI",2024,10,29,12.2,2.3,7.3,6,0,34,2024-10-29 21:29:00,2024-10-29 17:29:00
"617","end",2,90335,24,19.4,9.7,"59:44.6",0.651025623,0.55772836,0.084418491,0.054717884,"29:05.9",10,"good",21.48333333,2024-11-17,"2024-11-16","2024-11-16 21:26","2024-11-17 11:59","2024-11-17 21:25",3.898808332,"black",1,"BDU","3",-73.74,45.47,"PETI",2024,11,17,8.3,-2.1,3.1,0,0,0,2024-11-17 21:29:00,2024-11-17 16:29:00
"617","end",2,90335,51,0,9.7,"59:57.3",0.978672501,0.535267827,0.880284393,0.094263517,"29:28.5",10,"good",21.48333333,2024-12-14,"2024-12-13","2024-12-13 21:14","2024-12-14 12:29","2024-12-14 21:14",15.14211833,"black",1,"BDU","3",-73.74,45.47,"PETI",2024,12,14,-5.7,-11.5,-8.6,0,1,0,2024-12-14 21:29:00,2024-12-14 16:29:00
"617","end",2,90335,72,0,9.7,"59:59.7",1.163921806,0.548972115,1.00050672,0.105045855,"29:21.1",10,"good",21.48333333,2025-01-04,"2025-01-03","2025-01-03 21:26","2025-01-04 12:36","2025-01-04 21:27",2.218528334,"black",1,"BDU","3",-73.74,45.47,"PETI",2025,1,4,-9.3,-12.5,-10.9,0.7,0,43,2025-01-04 21:29:00,2025-01-04 16:29:00
"627","end",2,90345,30,0,9.7,"59:57.5",0.953464982,0.58429164,0.421567523,0.088412642,"29:18.2",11,"good",21.48333333,2024-12-02,"2024-12-01","2024-12-01 21:15","2024-12-02 12:18","2024-12-02 21:15",13.90265833,"black",1,"BDU","3",-73.74,45.47,"PETI",2024,12,2,-0.5,-4.9,-2.7,0.2,0,0,2024-12-02 21:29:00,2024-12-02 16:29:00
"627","end",2,90345,42,0,0,"59:56.3",1.069061804,0.598779378,0.492498691,0.09633496,"29:55.7",11,"good",21.48333333,2024-12-14,"2024-12-13","2024-12-13 21:14","2024-12-14 12:29","2024-12-14 21:14",15.59536333,"black",1,"BDU","3",-73.74,45.47,"PETI",2024,12,14,-5.7,-11.5,-8.6,0,1,0,2024-12-14 21:29:00,2024-12-14 16:29:00
"627","end",2,90345,54,0,9.7,"59:50.7",1.076164605,0.538038635,0.588939252,0.098103598,"29:20.7",11,"good",21.48333333,2024-12-26,"2024-12-25","2024-12-25 21:18","2024-12-26 12:35","2024-12-26 21:19",9.827936665,"black",1,"BDU","3",-73.74,45.47,"PETI",2024,12,26,-7.5,-17.8,-12.7,0.2,7,0,2024-12-26 21:29:00,2024-12-26 16:29:00
"630","end",5,90348,29,0.1,9.6,"59:55.9",1.119141238,0.587628105,0.370460753,0.087155011,"29:55.5",11,"good",21.48333333,2024-12-05,"2024-12-04","2024-12-04 21:14","2024-12-05 12:21","2024-12-05 21:14",15.39198167,"black",1,"BDU","3",-73.74,45.47,"PETI",2024,12,5,1.4,-4.2,-1.4,1.9,1,53,2024-12-05 21:29:00,2024-12-05 16:29:00
"631","end",6,90349,23,9.7,9.7,"59:55.8",1.017815895,0.59614816,0.824543333,0.081587939,"29:36.5",11,"good",21.48333333,2024-12-04,"2024-12-03","2024-12-03 21:15","2024-12-04 12:20","2024-12-04 21:14",14.82444667,"black",1,"BDU","3",-73.74,45.47,"PETI",2024,12,4,-0.2,-6.2,-3.2,1.8,0,46,2024-12-04 21:29:00,2024-12-04 16:29:00
"631","end",6,90349,36,9.7,0,"59:56.5",1.242701071,0.525560299,0.834133345,0.128307992,"29:08.0",11,"good",21.48333333,2024-12-17,"2024-12-16","2024-12-16 21:14","2024-12-17 12:31","2024-12-17 21:15",14.08380333,"black",1,"BDU","3",-73.74,45.47,"PETI",2024,12,17,8.3,2.9,5.6,6,0,49,2024-12-17 21:29:00,2024-12-17 16:29:00
"634","end",9,90352,47,9.7,9.7,"59:51.3",0.647176086,0.495364003,0.264358419,0.053323961,"29:51.0",11,"good",21.48333333,2024-12-29,"2024-12-28","2024-12-28 21:20","2024-12-29 12:36","2024-12-29 21:21",8.117130001,"black",1,"NDG","3",-73.74,45.47,"PETI",2024,12,29,7.9,-3.1,2.4,5.3,6,0,2024-12-29 21:29:00,2024-12-29 16:29:00
"635","end",10,90353,21,0,0,"59:57.5",0.580674523,0.560357055,0.157763933,0.083640315,"29:47.5",11,"good",21.48333333,2024-12-03,"2024-12-02","2024-12-02 21:15","2024-12-03 12:19","2024-12-03 21:15",14.72546,"black",1,"BDU","3",-73.74,45.47,"PETI",2024,12,3,0.1,-5.2,-2.6,0.2,0,0,2024-12-03 21:29:00,2024-12-03 16:29:00
"645","end",7,90363,23,0,9.7,"59:55.3",1.335614683,0.587360222,0.939500467,0.120170764,"29:16.2",12,"good",21.48333333,2024-12-07,"2024-12-06","2024-12-06 21:14","2024-12-07 12:23","2024-12-07 21:14",15.086825,"black",1,"SDB","3",-73.74,45.47,"PETI",2024,12,7,-2.5,-8.3,-5.4,2.4,1,0,2024-12-07 21:29:00,2024-12-07 16:29:00
"645","end",7,90363,28,0,0,"59:50.9",1.468851134,0.721830118,0.819104146,0.15494297,"29:31.2",12,"good",21.48333333,2024-12-12,"2024-12-11","2024-12-11 21:14","2024-12-12 12:28","2024-12-12 21:14",15.452715,"black",1,"SDB","3",-73.74,45.47,"PETI",2024,12,12,1.9,-7.2,-2.6,0,0,63,2024-12-12 21:29:00,2024-12-12 16:29:00
"645","end",7,90363,97,0,9.7,"59:58.7",1.029602257,0.512094554,0.649792453,0.093568432,"29:19.6",12,"good",21.48333333,2025-02-19,"2025-02-18","2025-02-18 22:28","2025-02-19 11:52","2025-02-19 22:29",-60.405905,"black",1,"SDB","3",-73.74,45.47,"PETI",2025,2,19,-10.1,-17.1,-13.6,0,27,35,2025-02-19 21:29:00,2025-02-19 16:29:00
"206","end",1,68906,63,0,7.3,"59:55.9",1.451827953,0.617358865,0.954676877,0.127439683,"30:32.8",1,"good",21.5,2022-12-13,"2022-12-12","2022-12-12 21:14","2022-12-13 12:28","2022-12-13 21:14",16.430815,"black",1,"SDB","1",-73.74,45.47,"PETI",2022,12,13,0.4,-9,-4.3,0,0,38,2022-12-13 21:30:00,2022-12-13 16:30:00
"212","end",2,68912,22,0,7.3,"56:32.9",1.409685099,0.640859668,0.813173626,0.099532219,"30:48.6",2,"good",21.5,2022-11-14,"2022-11-13","2022-11-13 21:29","2022-11-14 11:54","2022-11-14 21:28",2.142761668,"black",1,"SDB","1",-73.74,45.47,"PETI",2022,11,14,2.2,-2.2,0,0,0,40,2022-11-14 21:30:00,2022-11-14 16:30:00
"213","end",3,68913,52,7.3,7.3,"59:55.5",1.398045363,0.728031599,0.97989873,0.225636465,"30:46.9",2,"good",21.5,2022-12-13,"2022-12-12","2022-12-12 21:14","2022-12-13 12:28","2022-12-13 21:14",16.66496333,"black",1,"SDB","1",-73.74,45.47,"PETI",2022,12,13,0.4,-9,-4.3,0,0,38,2022-12-13 21:30:00,2022-12-13 16:30:00
"217","end",2,68917,46,0,0,"59:56.5",1.325279704,0.519432065,0.902131242,0.119289327,"30:04.0",3,"good",21.5,2022-12-11,"2022-12-10","2022-12-10 21:13","2022-12-11 12:26","2022-12-11 21:13",16.08339667,"black",1,"SDB","1",-73.74,45.47,"PETI",2022,12,11,-4.3,-8.3,-6.3,0,0,36,2022-12-11 21:30:00,2022-12-11 16:30:00
"217","end",2,68917,74,0,0,"59:53.5",1.171736646,0.356671661,0.879485571,0.078978694,"30:22.9",3,"good",21.5,2023-01-08,"2023-01-07","2023-01-07 21:29","2023-01-08 12:36","2023-01-08 21:30",-0.450928334,"black",1,"SDB","1",-73.74,45.47,"PETI",2023,1,8,-3.1,-9,-6,0.2,0,31,2023-01-08 21:30:00,2023-01-08 16:30:00
"225","end",5,68925,19,0,7.3,"59:54.2",1.158682344,0.579190636,0.617711067,0.123529933,"30:30.9",4,"good",21.5,2022-11-27,"2022-11-26","2022-11-26 21:18","2022-11-27 12:11","2022-11-27 21:17",12.58203167,"black",1,"SDB","1",-73.74,45.47,"PETI",2022,11,27,10.7,2.9,6.8,3.2,0,32,2022-11-27 21:30:00,2022-11-27 16:30:00
"93","end",3,77870,58,0,0,"59:57.2",1.269596525,0.528633668,0.892854417,0.092532338,"30:16.1",5,"good",21.5,2023-12-25,"2023-12-24","2023-12-24 21:17","2023-12-25 12:35","2023-12-25 21:18",11.86821167,"black",1,"BDU","2",-73.74,45.47,"PETI",2023,12,25,5.4,1.1,3.2,1.2,0,0,2023-12-25 21:30:00,2023-12-25 16:30:00
"97","end",6,77874,22,0,9.7,"59:53.6",1.091788769,0.750469778,0.684509178,0.225142533,"30:22.4",5,"good",21.5,2023-11-21,"2023-11-20","2023-11-20 21:23","2023-11-21 12:03","2023-11-21 21:22",8.039785,"black",1,"SDB","2",-73.74,45.47,"PETI",2023,11,21,2.8,-6.4,-1.8,11.2,0,46,2023-11-21 21:30:00,2023-11-21 16:30:00
"99","end",8,77876,25,0,9.7,"59:56.7",1.170916061,0.737323995,0.592874867,0.131448997,"30:15.6",5,"good",21.5,2023-11-25,"2023-11-24","2023-11-24 21:20","2023-11-25 12:08","2023-11-25 21:19",10.90954833,"black",1,"SDB","2",-73.74,45.47,"PETI",2023,11,25,3.5,-8.4,-2.5,1.7,0,38,2023-11-25 21:30:00,2023-11-25 16:30:00
"99","end",8,77876,26,9.7,9.7,"59:54.1",1.100258192,0.675294184,0.506694998,0.103622879,"30:13.0",5,"good",21.5,2023-11-26,"2023-11-25","2023-11-25 21:19","2023-11-26 12:10","2023-11-26 21:18",11.51647167,"black",1,"SDB","2",-73.74,45.47,"PETI",2023,11,26,4.9,-1.5,1.7,8.6,0,43,2023-11-26 21:30:00,2023-11-26 16:30:00
"99","end",8,77876,48,0,9.7,"59:54.2",1.269524615,0.645933177,0.729289694,0.124788923,"30:22.8",5,"good",21.5,2023-12-18,"2023-12-17","2023-12-17 21:14","2023-12-18 12:31","2023-12-18 21:15",15.246615,"black",1,"SDB","2",-73.74,45.47,"PETI",2023,12,18,9.4,5.3,7.3,51.2,1,37,2023-12-18 21:30:00,2023-12-18 16:30:00
"103","end",4,77880,1,9.7,9.7,"55:38.0",0.872389922,0.609934321,0.318786464,0.064918679,"30:47.9",6,"good",21.5,2023-11-05,"2023-11-04","2023-11-04 21:41","2023-11-05 11:41","2023-11-05 21:39",-8.984686665,"black",1,"SDB","2",-73.74,45.47,"PETI",2023,11,5,8.5,0,4.3,1.3,0,0,2023-11-05 21:30:00,2023-11-05 16:30:00
"104","end",5,77881,17,0,9.7,"59:58.7",0.950818551,0.778683522,0.420507647,0.130988817,"30:17.7",6,"good",21.5,2023-11-21,"2023-11-20","2023-11-20 21:23","2023-11-21 12:03","2023-11-21 21:22",7.961761665,"black",1,"SDB","2",-73.74,45.47,"PETI",2023,11,21,2.8,-6.4,-1.8,11.2,0,46,2023-11-21 21:30:00,2023-11-21 16:30:00
"111","end",2,77888,40,0,0,"59:57.8",1.109425619,0.546220087,0.682634637,0.085242465,"30:46.0",7,"good",21.5,2023-12-23,"2023-12-22","2023-12-22 21:16","2023-12-23 12:34","2023-12-23 21:17",13.51679167,"black",1,"SDB","2",-73.74,45.47,"PETI",2023,12,23,-0.8,-8.4,-4.6,0,0,0,2023-12-23 21:30:00,2023-12-23 16:30:00
"111","end",2,77888,42,9.7,9.7,"59:57.7",1.191859637,0.614012958,0.736422471,0.181979737,"30:55.6",7,"good",21.5,2023-12-25,"2023-12-24","2023-12-24 21:17","2023-12-25 12:35","2023-12-25 21:18",12.52590333,"black",1,"SDB","2",-73.74,45.47,"PETI",2023,12,25,5.4,1.1,3.2,1.2,0,0,2023-12-25 21:30:00,2023-12-25 16:30:00
"114","end",5,77891,3,0,9.7,"59:55.0",0.875247372,0.56048073,0.449844275,0.06812728,"30:04.3",7,"good",21.5,2023-11-22,"2023-11-21","2023-11-21 21:22","2023-11-22 12:05","2023-11-22 21:21",8.555671668,"black",1,"BDU","2",-73.74,45.47,"PETI",2023,11,22,6.3,1.2,3.8,11,0,38,2023-11-22 21:30:00,2023-11-22 16:30:00
"121","end",2,77898,43,19.41,38.8,"59:56.1",1.403457266,0.659631515,0.854156853,0.082998937,"30:44.0",8,"good",21.5,2023-11-29,"2023-11-28","2023-11-28 21:17","2023-11-29 12:13","2023-11-29 21:17",13.73394667,"black",1,"BDU","2",-73.74,45.47,"PETI",2023,11,29,0.8,-7.9,-3.6,1,0,47,2023-11-29 21:30:00,2023-11-29 16:30:00
"123","end",3,77899,38,9.7,0,"54:31.4",1.307556299,0.663967362,0.609842186,0.086452566,"30:00.6",8,"good",21.5,2023-11-25,"2023-11-24","2023-11-24 21:20","2023-11-25 12:08","2023-11-25 21:19",10.65923333,"black",1,"SDB","2",-73.74,45.47,"PETI",2023,11,25,3.5,-8.4,-2.5,1.7,0,38,2023-11-25 21:30:00,2023-11-25 16:30:00
"123","end",3,77899,56,19.4,9.7,"59:53.3",1.33964058,0.71766604,0.644125569,0.117671343,"30:31.5",8,"good",21.5,2023-12-13,"2023-12-12","2023-12-12 21:14","2023-12-13 12:28","2023-12-13 21:14",16.44201334,"black",1,"SDB","2",-73.74,45.47,"PETI",2023,12,13,1.1,-6.9,-2.9,1,1,47,2023-12-13 21:30:00,2023-12-13 16:30:00
"124","end",4,77900,34,0,9.7,"59:55.8",1.504012731,0.616270199,0.831989652,0.098050555,"30:43.8",8,"good",21.5,2023-11-21,"2023-11-20","2023-11-20 21:23","2023-11-21 12:03","2023-11-21 21:22",8.396818332,"black",1,"SDB","2",-73.74,45.47,"PETI",2023,11,21,2.8,-6.4,-1.8,11.2,0,46,2023-11-21 21:30:00,2023-11-21 16:30:00
"127","end",7,77903,79,0,0,"59:57.4",1.096286316,0.543525608,0.67064193,0.086337831,"30:06.8",8,"good",21.5,2024-01-06,"2024-01-05","2024-01-05 21:27","2024-01-06 12:36","2024-01-06 21:28",1.696061667,"black",1,"SDB","2",-73.74,45.47,"PETI",2024,1,6,-2.7,-9.9,-6.3,1.5,0,40,2024-01-06 21:30:00,2024-01-06 16:30:00
"608","end",3,90326,60,0,0,"59:50.8",1.003947972,0.528968039,0.779792519,0.083016926,"30:58.4",9,"good",21.5,2024-12-21,"2024-12-20","2024-12-20 21:16","2024-12-21 12:34","2024-12-21 21:16",14.356885,"black",1,"BDU","3",-73.74,45.47,"PETI",2024,12,21,-8,-16.2,-12.1,0.2,0,37,2024-12-21 21:30:00,2024-12-21 16:30:00
"617","end",2,90335,21,0,0,"59:54.0",1.018063265,0.527579041,0.670131288,0.094303939,"30:23.3",10,"good",21.5,2024-11-14,"2024-11-13","2024-11-13 21:29","2024-11-14 11:55","2024-11-14 21:28",2.222203334,"black",1,"BDU","3",-73.74,45.47,"PETI",2024,11,14,4.4,-2.8,0.8,0,0,0,2024-11-14 21:30:00,2024-11-14 16:30:00
"617","end",2,90335,42,9.7,67.89,"59:56.3",0.846051803,0.632299617,0.600129292,0.088046634,"30:15.9",10,"good",21.5,2024-12-05,"2024-12-04","2024-12-04 21:14","2024-12-05 12:21","2024-12-05 21:14",15.732045,"black",1,"BDU","3",-73.74,45.47,"PETI",2024,12,5,1.4,-4.2,-1.4,1.9,1,53,2024-12-05 21:30:00,2024-12-05 16:30:00
"617","end",2,90335,56,9.7,0,"59:58.3",0.943822445,0.517508559,0.748557393,0.160807201,"30:27.6",10,"good",21.5,2024-12-19,"2024-12-18","2024-12-18 21:15","2024-12-19 12:33","2024-12-19 21:15",14.709255,"black",1,"BDU","3",-73.74,45.47,"PETI",2024,12,19,0.9,-9.3,-4.2,0.2,0,36,2024-12-19 21:30:00,2024-12-19 16:30:00
"627","end",2,90345,47,9.7,0,"59:55.4",1.231088836,0.609213802,0.53947742,0.083858498,"30:04.5",11,"good",21.5,2024-12-19,"2024-12-18","2024-12-18 21:15","2024-12-19 12:33","2024-12-19 21:15",14.32575334,"black",1,"BDU","3",-73.74,45.47,"PETI",2024,12,19,0.9,-9.3,-4.2,0.2,0,36,2024-12-19 21:30:00,2024-12-19 16:30:00
"630","end",5,90348,42,58.19,38.79,"59:53.8",0.705455636,0.649184563,0.175027682,0.090709706,"30:51.5",11,"good",21.5,2024-12-18,"2024-12-17","2024-12-17 21:15","2024-12-18 12:32","2024-12-18 21:15",15.47582167,"black",1,"BDU","3",-73.74,45.47,"PETI",2024,12,18,3.7,0.5,2.1,4,0,0,2024-12-18 21:30:00,2024-12-18 16:30:00
"631","end",6,90349,21,9.7,9.7,"59:52.6",1.252705275,0.64348055,0.932847272,0.095203991,"30:22.0",11,"good",21.5,2024-12-02,"2024-12-01","2024-12-01 21:15","2024-12-02 12:18","2024-12-02 21:15",14.96637667,"black",1,"BDU","3",-73.74,45.47,"PETI",2024,12,2,-0.5,-4.9,-2.7,0.2,0,0,2024-12-02 21:30:00,2024-12-02 16:30:00
"634","end",9,90352,25,9.7,9.7,"59:52.5",0.793345891,0.564677005,0.266536063,0.078856178,"30:40.7",11,"good",21.5,2024-12-07,"2024-12-06","2024-12-06 21:14","2024-12-07 12:23","2024-12-07 21:14",16.49562167,"black",1,"NDG","3",-73.74,45.47,"PETI",2024,12,7,-2.5,-8.3,-5.4,2.4,1,0,2024-12-07 21:30:00,2024-12-07 16:30:00
"634","end",9,90352,33,0,9.7,"59:58.3",0.744307009,0.5342532,0.194606839,0.077814364,"30:27.1",11,"good",21.5,2024-12-15,"2024-12-14","2024-12-14 21:14","2024-12-15 12:30","2024-12-15 21:14",15.919045,"black",1,"NDG","3",-73.74,45.47,"PETI",2024,12,15,-5.8,-12.7,-9.3,0,1,0,2024-12-15 21:30:00,2024-12-15 16:30:00
"635","end",10,90353,46,0,9.7,"59:58.6",0.939976372,0.550936372,0.533374386,0.088282474,"30:07.9",11,"good",21.5,2024-12-28,"2024-12-27","2024-12-27 21:20","2024-12-28 12:36","2024-12-28 21:20",9.164300001,"black",1,"BDU","3",-73.74,45.47,"PETI",2024,12,28,-2.3,-8.7,-5.5,0,7,0,2024-12-28 21:30:00,2024-12-28 16:30:00
"641","end",5,90359,19,0,0,"59:15.6",1.20054473,0.622609688,0.706966214,0.082493618,"30:32.9",12,"good",21.5,2024-12-03,"2024-12-02","2024-12-02 21:15","2024-12-03 12:19","2024-12-03 21:15",15.48099167,"black",1,"SDB","3",-73.74,45.47,"PETI",2024,12,3,0.1,-5.2,-2.6,0.2,0,0,2024-12-03 21:30:00,2024-12-03 16:30:00
"206","end",1,68906,55,29.2,7.3,"59:56.4",1.476735359,0.663200498,0.97098667,0.10488516,"31:24.4",1,"good",21.51666667,2022-12-05,"2022-12-04","2022-12-04 21:14","2022-12-05 12:21","2022-12-05 21:14",16.75746167,"black",1,"SDB","1",-73.74,45.47,"PETI",2022,12,5,5.9,0.4,3.1,0,0,42,2022-12-05 21:31:00,2022-12-05 16:31:00
"207","end",2,68907,70,0,7.3,"59:57.7",1.454235164,0.481327784,0.836297122,0.092222688,"31:54.6",1,"good",21.51666667,2022-12-17,"2022-12-16","2022-12-16 21:14","2022-12-17 12:31","2022-12-17 21:14",16.99377333,"black",1,"SDB","1",-73.74,45.47,"PETI",2022,12,17,-0.1,-0.6,-0.4,8.8,20,0,2022-12-17 21:31:00,2022-12-17 16:31:00
"209","end",4,68909,62,7.3,7.3,"59:55.2",1.239655234,0.728503384,0.461109291,0.112352389,"31:37.6",1,"good",21.51666667,2022-12-14,"2022-12-13","2022-12-13 21:14","2022-12-14 12:29","2022-12-14 21:14",17.37725667,"black",1,"SDB","1",-73.74,45.47,"PETI",2022,12,14,2.9,-9.3,-3.2,0,0,0,2022-12-14 21:31:00,2022-12-14 16:31:00
"212","end",2,68912,53,0,7.3,"59:58.0",1.37165534,0.628655814,0.907650572,0.094836939,"31:54.9",2,"good",21.51666667,2022-12-15,"2022-12-14","2022-12-14 21:14","2022-12-15 12:30","2022-12-15 21:14",17.48184667,"black",1,"SDB","1",-73.74,45.47,"PETI",2022,12,15,5.6,0.8,3.2,0,0,38,2022-12-15 21:31:00,2022-12-15 16:31:00
"213","end",3,68913,43,7.3,0,"59:54.9",1.469514406,0.587572538,0.946008805,0.109360653,"31:30.1",2,"good",21.51666667,2022-12-04,"2022-12-03","2022-12-03 21:15","2022-12-04 12:19","2022-12-04 21:14",16.585575,"black",1,"SDB","1",-73.74,45.47,"PETI",2022,12,4,1.1,-5.1,-2,0.2,0,43,2022-12-04 21:31:00,2022-12-04 16:31:00
"213","end",3,68913,47,7.3,7.3,"59:55.9",1.478054166,0.519943807,0.910185806,0.135956284,"31:31.1",2,"good",21.51666667,2022-12-08,"2022-12-07","2022-12-07 21:14","2022-12-08 12:24","2022-12-08 21:14",17.40193167,"black",1,"SDB","1",-73.74,45.47,"PETI",2022,12,8,5.6,-2.3,1.6,0.2,0,0,2022-12-08 21:31:00,2022-12-08 16:31:00
"213","end",3,68913,50,0,7.3,"59:58.6",1.447241587,0.505916608,0.989956287,0.084306484,"31:11.9",2,"good",21.51666667,2022-12-11,"2022-12-10","2022-12-10 21:13","2022-12-11 12:26","2022-12-11 21:13",17.214635,"black",1,"SDB","1",-73.74,45.47,"PETI",2022,12,11,-4.3,-8.3,-6.3,0,0,36,2022-12-11 21:31:00,2022-12-11 16:31:00
"213","end",3,68913,54,14.6,7.3,"59:59.6",1.47598701,0.671590398,0.936362206,0.116290035,"31:42.1",2,"good",21.51666667,2022-12-15,"2022-12-14","2022-12-14 21:14","2022-12-15 12:30","2022-12-15 21:14",17.26893667,"black",1,"SDB","1",-73.74,45.47,"PETI",2022,12,15,5.6,0.8,3.2,0,0,38,2022-12-15 21:31:00,2022-12-15 16:31:00
"214","end",4,68914,82,7.3,7.3,"38:37.1",0.923425216,0.628754436,0.300623235,0.075664469,"31:26.4",2,"good",21.51666667,2022-11-28,"2022-11-27","2022-11-27 21:17","2022-11-28 12:13","2022-11-28 21:17",14.05729167,"black",1,"SDB","1",-73.74,45.47,"PETI",2022,11,28,5.4,-1.2,2.1,0.5,0,37,2022-11-28 21:31:00,2022-11-28 16:31:00
"217","end",2,68917,21,0,0,"59:56.9",1.070949894,0.504900856,0.625458069,0.092213575,"31:02.9",3,"good",21.51666667,2022-11-16,"2022-11-15","2022-11-15 21:27","2022-11-16 11:57","2022-11-16 21:26",4.430906665,"black",1,"SDB","1",-73.74,45.47,"PETI",2022,11,16,0.7,-0.8,-0.1,9.9,0,33,2022-11-16 21:31:00,2022-11-16 16:31:00
"217","end",2,68917,36,7.3,0,"59:55.3",1.517142595,0.666899867,0.864718074,0.157060368,"31:52.3",3,"good",21.51666667,2022-12-01,"2022-11-30","2022-11-30 21:16","2022-12-01 12:16","2022-12-01 21:15",15.90453667,"black",1,"SDB","1",-73.74,45.47,"PETI",2022,12,1,1.8,-3.6,-0.9,0.3,0,58,2022-12-01 21:31:00,2022-12-01 16:31:00
"217","end",2,68917,49,7.3,0,"59:54.6",1.458030326,0.383933515,1.009457076,0.08919743,"31:22.4",3,"good",21.51666667,2022-12-14,"2022-12-13","2022-12-13 21:14","2022-12-14 12:29","2022-12-14 21:14",17.12368,"black",1,"SDB","1",-73.74,45.47,"PETI",2022,12,14,2.9,-9.3,-3.2,0,0,0,2022-12-14 21:31:00,2022-12-14 16:31:00
"217","end",2,68917,78,0,7.3,"59:58.5",1.19109889,0.393738277,0.862749753,0.087734537,"31:33.6",3,"good",21.51666667,2023-01-12,"2023-01-11","2023-01-11 21:34","2023-01-12 12:34","2023-01-12 21:35",-3.889163335,"black",1,"SDB","1",-73.74,45.47,"PETI",2023,1,12,-0.8,-7.9,-4.4,11.8,0,0,2023-01-12 21:31:00,2023-01-12 16:31:00
"219","end",4,68919,32,0,7.3,"59:54.5",1.462258927,0.66499415,0.818132811,0.161642738,"31:29.7",3,"good",21.51666667,2022-12-01,"2022-11-30","2022-11-30 21:16","2022-12-01 12:16","2022-12-01 21:15",15.52798167,"black",1,"SDB","1",-73.74,45.47,"PETI",2022,12,1,1.8,-3.6,-0.9,0.3,0,58,2022-12-01 21:31:00,2022-12-01 16:31:00
"219","end",4,68919,55,7.3,7.3,"55:21.0",1.713594177,0.729026472,0.947442565,0.117631128,"31:48.2",3,"good",21.51666667,2022-12-24,"2022-12-23","2022-12-23 21:17","2022-12-24 12:35","2022-12-24 21:17",13.853155,"black",1,"SDB","1",-73.74,45.47,"PETI",2022,12,24,-7,-9.7,-8.4,0.2,11,74,2022-12-24 21:31:00,2022-12-24 16:31:00
"224","end",4,68924,65,7.3,138.68,"59:54.5",0.995081446,0.644901955,0.621141816,0.130173195,"31:15.0",4,"good",21.51666667,2023-01-07,"2023-01-06","2023-01-06 21:28","2023-01-07 12:36","2023-01-07 21:29",1.515930001,"black",1,"SDB","1",-73.74,45.47,"PETI",2023,1,7,0.3,-8,-3.9,0.2,0,33,2023-01-07 21:31:00,2023-01-07 16:31:00
"99","end",8,77876,51,0,0,"59:55.9",1.226851301,0.524791548,0.536437382,0.106602583,"31:32.4",5,"good",21.51666667,2023-12-21,"2023-12-20","2023-12-20 21:15","2023-12-21 12:33","2023-12-21 21:16",15.256685,"black",1,"SDB","2",-73.74,45.47,"PETI",2023,12,21,-3.9,-9.2,-6.5,1,0,39,2023-12-21 21:31:00,2023-12-21 16:31:00
"102","end",3,77879,20,0,0.1,"59:55.6",0.983095917,0.526427248,0.596400019,0.097139171,"31:41.7",6,"good",21.51666667,2023-11-23,"2023-11-22","2023-11-22 21:21","2023-11-23 12:06","2023-11-23 21:20",10.92781833,"black",1,"SDB","2",-73.74,45.47,"PETI",2023,11,23,5.4,1.3,3.3,0.4,0,0,2023-11-23 21:31:00,2023-11-23 16:31:00
"102","end",3,77879,23,0,0,"59:21.0",0.937238173,0.565249508,0.579296104,0.092161911,"31:55.6",6,"good",21.51666667,2023-11-26,"2023-11-25","2023-11-25 21:19","2023-11-26 12:10","2023-11-26 21:18",13.22678334,"black",1,"SDB","2",-73.74,45.47,"PETI",2023,11,26,4.9,-1.5,1.7,8.6,0,43,2023-11-26 21:31:00,2023-11-26 16:31:00
"102","end",3,77879,26,0,9.7,"59:53.9",1.061638556,0.535399078,0.512866534,0.113910691,"31:01.2",6,"good",21.51666667,2023-11-29,"2023-11-28","2023-11-28 21:17","2023-11-29 12:13","2023-11-29 21:17",14.02016,"black",1,"SDB","2",-73.74,45.47,"PETI",2023,11,29,0.8,-7.9,-3.6,1,0,47,2023-11-29 21:31:00,2023-11-29 16:31:00
"104","end",5,77881,19,0,0,"59:59.7",1.084211371,0.623998854,0.517875727,0.083715212,"31:46.0",6,"good",21.51666667,2023-11-23,"2023-11-22","2023-11-22 21:21","2023-11-23 12:06","2023-11-23 21:20",11.00053667,"black",1,"SDB","2",-73.74,45.47,"PETI",2023,11,23,5.4,1.3,3.3,0.4,0,0,2023-11-23 21:31:00,2023-11-23 16:31:00
"109","end",10,77886,21,0,9.7,"59:58.4",0.929234087,0.454476619,0.550826491,0.074606852,"31:15.5",6,"good",21.51666667,2023-12-01,"2023-11-30","2023-11-30 21:16","2023-12-01 12:16","2023-12-01 21:16",15.19191,"black",1,"BDU","2",-73.74,45.47,"PETI",2023,12,1,8.4,3,5.7,4,0,0,2023-12-01 21:31:00,2023-12-01 16:31:00
"109","end",10,77886,22,9.7,0,"59:55.3",1.246826922,0.54933439,0.74237043,0.090008518,"31:41.5",6,"good",21.51666667,2023-12-02,"2023-12-01","2023-12-01 21:16","2023-12-02 12:17","2023-12-02 21:15",16.02535,"black",1,"BDU","2",-73.74,45.47,"PETI",2023,12,2,3,-0.4,1.3,2.5,0,0,2023-12-02 21:31:00,2023-12-02 16:31:00
"109","end",10,77886,31,9.7,9.7,"59:51.2",1.002259574,0.665713742,0.572896527,0.112564019,"31:47.1",6,"good",21.51666667,2023-12-11,"2023-12-10","2023-12-10 21:14","2023-12-11 12:26","2023-12-11 21:13",17.80217834,"black",1,"BDU","2",-73.74,45.47,"PETI",2023,12,11,1.9,-4.8,-1.4,9.2,3,41,2023-12-11 21:31:00,2023-12-11 16:31:00
"109","end",10,77886,38,9.7,0,"59:58.7",1.08967242,0.608073963,0.595893464,0.076917691,"31:06.1",6,"good",21.51666667,2023-12-18,"2023-12-17","2023-12-17 21:14","2023-12-18 12:31","2023-12-18 21:15",15.96869333,"black",1,"BDU","2",-73.74,45.47,"PETI",2023,12,18,9.4,5.3,7.3,51.2,1,37,2023-12-18 21:31:00,2023-12-18 16:31:00
"116","end",7,77893,7,0,9.7,"59:55.4",0.714408161,0.613729039,0.225299223,0.114955739,"31:41.6",7,"good",21.51666667,2023-11-29,"2023-11-28","2023-11-28 21:17","2023-11-29 12:13","2023-11-29 21:17",14.69393,"black",1,"SDB","2",-73.74,45.47,"PETI",2023,11,29,0.8,-7.9,-3.6,1,0,47,2023-11-29 21:31:00,2023-11-29 16:31:00
"123","end",3,77899,40,9.7,19.4,"47:59.4",1.246087909,0.694523547,0.601234558,0.11817534,"31:14.1",8,"good",21.51666667,2023-11-27,"2023-11-26","2023-11-26 21:18","2023-11-27 12:11","2023-11-27 21:18",13.13527333,"black",1,"SDB","2",-73.74,45.47,"PETI",2023,11,27,5.5,0.5,3,4.3,0,48,2023-11-27 21:31:00,2023-11-27 16:31:00
"127","end",7,77903,33,0,9.7,"59:50.6",1.15020666,0.627929904,0.715162215,0.10933098,"31:37.0",8,"good",21.51666667,2023-11-21,"2023-11-20","2023-11-20 21:23","2023-11-21 12:03","2023-11-21 21:22",9.283606668,"black",1,"SDB","2",-73.74,45.47,"PETI",2023,11,21,2.8,-6.4,-1.8,11.2,0,46,2023-11-21 21:31:00,2023-11-21 16:31:00
"127","end",7,77903,56,9.7,0,"59:54.0",1.098388547,0.456315927,0.622533632,0.092871542,"31:40.4",8,"good",21.51666667,2023-12-14,"2023-12-13","2023-12-13 21:14","2023-12-14 12:29","2023-12-14 21:14",17.45677833,"black",1,"SDB","2",-73.74,45.47,"PETI",2023,12,14,2.8,-7.5,-2.3,0.8,1,37,2023-12-14 21:31:00,2023-12-14 16:31:00
"608","end",3,90326,41,0,0,"59:50.8",1.273339279,0.48309732,0.966165494,0.076202003,"31:47.1",9,"good",21.51666667,2024-12-02,"2024-12-01","2024-12-01 21:15","2024-12-02 12:18","2024-12-02 21:15",16.385565,"black",1,"BDU","3",-73.74,45.47,"PETI",2024,12,2,-0.5,-4.9,-2.7,0.2,0,0,2024-12-02 21:31:00,2024-12-02 16:31:00
"608","end",3,90326,45,9.7,0,"59:52.4",1.234422648,0.461280975,0.969764445,0.071313801,"31:48.4",9,"good",21.51666667,2024-12-06,"2024-12-05","2024-12-05 21:14","2024-12-06 12:22","2024-12-06 21:14",17.47403333,"black",1,"BDU","3",-73.74,45.47,"PETI",2024,12,6,-4.1,-8.4,-6.2,0.2,1,53,2024-12-06 21:31:00,2024-12-06 16:31:00
"608","end",3,90326,47,0,9.7,"59:52.8",1.215345795,0.550766395,0.84110553,0.098917071,"31:29.4",9,"good",21.51666667,2024-12-08,"2024-12-07","2024-12-07 21:14","2024-12-08 12:24","2024-12-08 21:14",17.42376,"black",1,"BDU","3",-73.74,45.47,"PETI",2024,12,8,3,-3.5,-0.3,5.4,11,42,2024-12-08 21:31:00,2024-12-08 16:31:00
"608","end",3,90326,49,0,9.7,"59:53.0",1.450162973,0.379300282,1.019007826,0.073324552,"31:00.7",9,"good",21.51666667,2024-12-10,"2024-12-09","2024-12-09 21:14","2024-12-10 12:26","2024-12-10 21:13",17.02826833,"black",1,"BDU","3",-73.74,45.47,"PETI",2024,12,10,3.4,-3.2,0.1,9.7,9,31,2024-12-10 21:31:00,2024-12-10 16:31:00
"608","end",3,90326,55,0,9.67,"59:54.4",0.771223868,0.5120342,0.731538199,0.088746454,"31:01.8",9,"good",21.51666667,2024-12-16,"2024-12-15","2024-12-15 21:14","2024-12-16 12:31","2024-12-16 21:14",16.26300333,"black",1,"BDU","3",-73.74,45.47,"PETI",2024,12,16,5.6,-6.7,-0.5,0.5,1,44,2024-12-16 21:31:00,2024-12-16 16:31:00
"608","end",3,90326,65,0,0,"59:56.1",1.099876136,0.396593381,0.874694311,0.058747582,"31:32.8",9,"good",21.51666667,2024-12-26,"2024-12-25","2024-12-25 21:18","2024-12-26 12:35","2024-12-26 21:19",12.02957833,"black",1,"BDU","3",-73.74,45.47,"PETI",2024,12,26,-7.5,-17.8,-12.7,0.2,7,0,2024-12-26 21:31:00,2024-12-26 16:31:00
"608","end",3,90326,66,9.7,0,"59:51.4",1.109855438,0.425034017,0.895331501,0.072444442,"31:18.4",9,"good",21.51666667,2024-12-27,"2024-12-26","2024-12-26 21:19","2024-12-27 12:36","2024-12-27 21:20",11.08922,"black",1,"BDU","3",-73.74,45.47,"PETI",2024,12,27,-6.3,-14.8,-10.5,0,7,0,2024-12-27 21:31:00,2024-12-27 16:31:00
"617","end",2,90335,17,0,9.7,"59:53.6",1.08599402,0.49557845,0.826733937,0.092419941,"31:11.6",10,"good",21.51666667,2024-11-10,"2024-11-09","2024-11-09 21:33","2024-11-10 11:49","2024-11-10 21:32",-1.390631668,"black",1,"BDU","3",-73.74,45.47,"PETI",2024,11,10,9.9,0.7,5.3,0,0,0,2024-11-10 21:31:00,2024-11-10 16:31:00
"617","end",2,90335,32,0,0,"59:55.3",0.847081573,0.518261314,0.679047902,0.089922242,"31:13.1",10,"good",21.51666667,2024-11-25,"2024-11-24","2024-11-24 21:19","2024-11-25 12:09","2024-11-25 21:18",12.35098,"black",1,"BDU","3",-73.74,45.47,"PETI",2024,11,25,4.3,-1.5,1.4,0,0,32,2024-11-25 21:31:00,2024-11-25 16:31:00
"617","end",2,90335,67,0,9.7,"59:59.1",1.137331914,0.710296019,0.697941388,0.127989057,"31:36.3",10,"good",21.51666667,2024-12-30,"2024-12-29","2024-12-29 21:21","2024-12-30 12:36","2024-12-30 21:22",9.055006667,"black",1,"BDU","3",-73.74,45.47,"PETI",2024,12,30,11.4,3.2,7.3,5.6,0,45,2024-12-30 21:31:00,2024-12-30 16:31:00
"627","end",2,90345,62,0,9.7,"57:11.0",1.148190365,0.646005798,0.631141031,0.106557472,"31:01.3",11,"good",21.51666667,2025-01-03,"2025-01-02","2025-01-02 21:25","2025-01-03 12:36","2025-01-03 21:26",4.871663332,"black",1,"BDU","3",-73.74,45.47,"PETI",2025,1,3,-3.6,-9.7,-6.7,0.2,0,54,2025-01-03 21:31:00,2025-01-03 16:31:00
"631","end",6,90349,22,0,9.7,"59:54.1",0.960808219,0.634394833,0.436656512,0.079986141,"31:02.3",11,"good",21.51666667,2024-12-03,"2024-12-02","2024-12-02 21:15","2024-12-03 12:19","2024-12-03 21:15",15.97094167,"black",1,"BDU","3",-73.74,45.47,"PETI",2024,12,3,0.1,-5.2,-2.6,0.2,0,0,2024-12-03 21:31:00,2024-12-03 16:31:00
"631","end",6,90349,45,0,0,"59:51.9",1.243587686,0.382203929,1.055666056,0.075422527,"31:19.2",11,"good",21.51666667,2024-12-26,"2024-12-25","2024-12-25 21:18","2024-12-26 12:35","2024-12-26 21:19",11.80290667,"black",1,"BDU","3",-73.74,45.47,"PETI",2024,12,26,-7.5,-17.8,-12.7,0.2,7,0,2024-12-26 21:31:00,2024-12-26 16:31:00
"631","end",6,90349,46,0,0,"59:53.5",1.165712441,0.464395757,0.803685582,0.086116015,"31:11.1",11,"good",21.51666667,2024-12-27,"2024-12-26","2024-12-26 21:19","2024-12-27 12:36","2024-12-27 21:20",10.96832333,"black",1,"BDU","3",-73.74,45.47,"PETI",2024,12,27,-6.3,-14.8,-10.5,0,7,0,2024-12-27 21:31:00,2024-12-27 16:31:00
"631","end",6,90349,52,0,9.7,"59:53.5",1.300905468,0.73351299,0.89517283,0.153581899,"31:40.2",11,"good",21.51666667,2025-01-02,"2025-01-01","2025-01-01 21:24","2025-01-02 12:36","2025-01-02 21:25",6.469620001,"black",1,"BDU","3",-73.74,45.47,"PETI",2025,1,2,0.9,-3.7,-1.4,0,0,63,2025-01-02 21:31:00,2025-01-02 16:31:00
"634","end",9,90352,15,9.7,9.7,"59:54.6",0.867853357,0.53641433,0.283638615,0.055825514,"31:51.0",11,"good",21.51666667,2024-11-27,"2024-11-26","2024-11-26 21:18","2024-11-27 12:12","2024-11-27 21:17",14.18325333,"black",1,"NDG","3",-73.74,45.47,"PETI",2024,11,27,5.7,2,3.9,0,0,48,2024-11-27 21:31:00,2024-11-27 16:31:00
"641","end",5,90359,22,9.7,9.7,"21:41.5",1.265701718,0.592053982,0.8246176,0.078790954,"31:46.4",12,"good",21.51666667,2024-12-06,"2024-12-05","2024-12-05 21:14","2024-12-06 12:22","2024-12-06 21:14",17.43976167,"black",1,"SDB","3",-73.74,45.47,"PETI",2024,12,6,-4.1,-8.4,-6.2,0.2,1,53,2024-12-06 21:31:00,2024-12-06 16:31:00
"645","end",7,90363,18,0,9.7,"59:59.7",1.231958602,0.534210002,0.754999547,0.109404577,"31:07.2",12,"good",21.51666667,2024-12-02,"2024-12-01","2024-12-01 21:15","2024-12-02 12:18","2024-12-02 21:15",15.720565,"black",1,"SDB","3",-73.74,45.47,"PETI",2024,12,2,-0.5,-4.9,-2.7,0.2,0,0,2024-12-02 21:31:00,2024-12-02 16:31:00
"645","end",7,90363,19,0,9.7,"59:54.9",1.18343466,0.603815903,0.754451892,0.104197128,"31:31.6",12,"good",21.51666667,2024-12-03,"2024-12-02","2024-12-02 21:15","2024-12-03 12:19","2024-12-03 21:15",16.459965,"black",1,"SDB","3",-73.74,45.47,"PETI",2024,12,3,0.1,-5.2,-2.6,0.2,0,0,2024-12-03 21:31:00,2024-12-03 16:31:00
"645","end",7,90363,22,0,9.7,"59:50.4",1.307415227,0.526477852,0.725383775,0.10840323,"31:56.1",12,"good",21.51666667,2024-12-06,"2024-12-05","2024-12-05 21:14","2024-12-06 12:22","2024-12-06 21:14",17.60239333,"black",1,"SDB","3",-73.74,45.47,"PETI",2024,12,6,-4.1,-8.4,-6.2,0.2,1,53,2024-12-06 21:31:00,2024-12-06 16:31:00
"645","end",7,90363,30,0,0,"59:51.0",1.294469137,0.468584416,0.831843139,0.109132447,"31:47.1",12,"good",21.51666667,2024-12-14,"2024-12-13","2024-12-13 21:14","2024-12-14 12:29","2024-12-14 21:14",17.451495,"black",1,"SDB","3",-73.74,45.47,"PETI",2024,12,14,-5.7,-11.5,-8.6,0,1,0,2024-12-14 21:31:00,2024-12-14 16:31:00
"645","end",7,90363,42,0,9.7,"59:53.1",1.222699443,0.605390956,0.91850451,0.122996385,"31:48.8",12,"good",21.51666667,2024-12-26,"2024-12-25","2024-12-25 21:18","2024-12-26 12:35","2024-12-26 21:19",12.296895,"black",1,"SDB","3",-73.74,45.47,"PETI",2024,12,26,-7.5,-17.8,-12.7,0.2,7,0,2024-12-26 21:31:00,2024-12-26 16:31:00
"206","end",1,68906,48,7.3,0,"59:54.0",1.082959092,0.627414134,0.535373015,0.12265932,"32:13.1",1,"good",21.53333333,2022-11-28,"2022-11-27","2022-11-27 21:17","2022-11-28 12:13","2022-11-28 21:17",14.83545333,"black",1,"SDB","1",-73.74,45.47,"PETI",2022,11,28,5.4,-1.2,2.1,0.5,0,37,2022-11-28 21:32:00,2022-11-28 16:32:00
"207","end",2,68907,57,7.3,0,"59:55.3",1.338778157,0.552634085,0.661759013,0.100368261,"32:14.1",1,"good",21.53333333,2022-12-04,"2022-12-03","2022-12-03 21:15","2022-12-04 12:19","2022-12-04 21:14",17.318215,"black",1,"SDB","1",-73.74,45.47,"PETI",2022,12,4,1.1,-5.1,-2,0.2,0,43,2022-12-04 21:32:00,2022-12-04 16:32:00
"209","end",4,68909,70,7.3,7.3,"59:56.6",1.173002808,0.799225063,0.39925328,0.103694568,"32:08.2",1,"good",21.53333333,2022-12-22,"2022-12-21","2022-12-21 21:16","2022-12-22 12:34","2022-12-22 21:16",15.25281334,"black",1,"SDB","1",-73.74,45.47,"PETI",2022,12,22,-2.1,-8.5,-5.3,3.6,19,36,2022-12-22 21:32:00,2022-12-22 16:32:00
"212","end",2,68912,39,0,7.3,"59:57.5",1.614009784,0.637463319,0.859918654,0.133864837,"32:16.4",2,"good",21.53333333,2022-12-01,"2022-11-30","2022-11-30 21:16","2022-12-01 12:16","2022-12-01 21:15",16.30590667,"black",1,"SDB","1",-73.74,45.47,"PETI",2022,12,1,1.8,-3.6,-0.9,0.3,0,58,2022-12-01 21:32:00,2022-12-01 16:32:00
"213","end",3,68913,36,0,7.3,"59:58.6",1.312607231,0.513972075,0.871753883,0.122520941,"32:32.2",2,"good",21.53333333,2022-11-27,"2022-11-26","2022-11-26 21:18","2022-11-27 12:11","2022-11-27 21:17",14.60409333,"black",1,"SDB","1",-73.74,45.47,"PETI",2022,11,27,10.7,2.9,6.8,3.2,0,32,2022-11-27 21:32:00,2022-11-27 16:32:00
"213","end",3,68913,40,7.3,0,"59:59.6",1.685177208,0.599662223,0.998177981,0.114507865,"32:55.1",2,"good",21.53333333,2022-12-01,"2022-11-30","2022-11-30 21:16","2022-12-01 12:16","2022-12-01 21:15",16.95204,"black",1,"SDB","1",-73.74,45.47,"PETI",2022,12,1,1.8,-3.6,-0.9,0.3,0,58,2022-12-01 21:32:00,2022-12-01 16:32:00
"213","end",3,68913,55,0,0,"59:58.0",1.417086473,0.70186919,1.014350949,0.136149869,"32:02.4",2,"good",21.53333333,2022-12-16,"2022-12-15","2022-12-15 21:14","2022-12-16 12:30","2022-12-16 21:14",17.39071833,"black",1,"SDB","1",-73.74,45.47,"PETI",2022,12,16,2.2,-0.8,0.7,11.4,1,38,2022-12-16 21:32:00,2022-12-16 16:32:00
"214","end",4,68914,69,7.3,0,"59:58.1",1.057957831,0.734346839,0.424053361,0.113285475,"32:53.4",2,"good",21.53333333,2022-11-15,"2022-11-14","2022-11-14 21:28","2022-11-15 11:55","2022-11-15 21:27",5.257345001,"black",1,"SDB","1",-73.74,45.47,"PETI",2022,11,15,1.3,-3.9,-1.3,0,0,0,2022-11-15 21:32:00,2022-11-15 16:32:00
"220","end",5,68920,23,0,7.3,"59:59.2",1.211925798,0.553779343,0.785062177,0.112506643,"32:25.5",3,"good",21.53333333,2022-11-24,"2022-11-23","2022-11-23 21:20","2022-11-24 12:08","2022-11-24 21:19",12.57471667,"black",1,"SDB","1",-73.74,45.47,"PETI",2022,11,24,2.8,-4.5,-0.9,0,3,0,2022-11-24 21:32:00,2022-11-24 16:32:00
"220","end",5,68920,31,0,7.3,"59:56.7",1.263292876,0.610631171,0.827691492,0.116395678,"32:30.3",3,"good",21.53333333,2022-12-02,"2022-12-01","2022-12-01 21:15","2022-12-02 12:17","2022-12-02 21:15",16.93798,"black",1,"SDB","1",-73.74,45.47,"PETI",2022,12,2,4.2,-3.9,0.1,0,0,43,2022-12-02 21:32:00,2022-12-02 16:32:00
"221","end",1,68921,20,7.29,7.31,"59:59.3",0.953023988,0.374038452,0.409300453,0.032516888,"32:39.8",4,"good",21.53333333,2022-11-22,"2022-11-21","2022-11-21 21:22","2022-11-22 12:05","2022-11-22 21:21",11.34690667,"black",1,"SDB","1",-73.74,45.47,"PETI",2022,11,22,0.8,-6.4,-2.8,0,3,48,2022-11-22 21:32:00,2022-11-22 16:32:00
"221","end",1,68921,41,14.6,4788.21,"59:32.9",1.06238473,0.580090481,0.533825674,0.070018471,"32:28.3",4,"good",21.53333333,2022-12-13,"2022-12-12","2022-12-12 21:14","2022-12-13 12:28","2022-12-13 21:14",18.35486,"black",1,"SDB","1",-73.74,45.47,"PETI",2022,12,13,0.4,-9,-4.3,0,0,38,2022-12-13 21:32:00,2022-12-13 16:32:00
"222","end",2,68922,13,7.2,0.1,"59:59.5",1.076846419,0.732547396,0.444095613,0.112554523,"32:03.9",4,"good",21.53333333,2022-11-15,"2022-11-14","2022-11-14 21:28","2022-11-15 11:55","2022-11-15 21:27",4.431311667,"black",1,"SDB","1",-73.74,45.47,"PETI",2022,11,15,1.3,-3.9,-1.3,0,0,0,2022-11-15 21:32:00,2022-11-15 16:32:00
"224","end",4,68924,40,0,7.3,"59:53.1",1.145743966,0.525309331,0.730996799,0.117263871,"32:41.2",4,"good",21.53333333,2022-12-13,"2022-12-12","2022-12-12 21:14","2022-12-13 12:28","2022-12-13 21:14",18.56979667,"black",1,"SDB","1",-73.74,45.47,"PETI",2022,12,13,0.4,-9,-4.3,0,0,38,2022-12-13 21:32:00,2022-12-13 16:32:00
"224","end",4,68924,64,0,109.49,"59:54.7",1.018244668,0.465309434,0.493245222,0.110526746,"32:20.9",4,"good",21.53333333,2023-01-06,"2023-01-05","2023-01-05 21:27","2023-01-06 12:36","2023-01-06 21:28",3.664905,"black",1,"SDB","1",-73.74,45.47,"PETI",2023,1,6,1.8,-4.3,-1.3,3.2,0,0,2023-01-06 21:32:00,2023-01-06 16:32:00
"224","end",4,68924,69,0,7.3,"59:53.6",1.064231005,0.491264626,0.827799732,0.096452576,"32:12.4",4,"good",21.53333333,2023-01-11,"2023-01-10","2023-01-10 21:33","2023-01-11 12:35","2023-01-11 21:34",-2.0426,"black",1,"SDB","1",-73.74,45.47,"PETI",2023,1,11,-7.8,-12.4,-10.1,0.2,0,0,2023-01-11 21:32:00,2023-01-11 16:32:00
"225","end",5,68925,14,0,0,"59:55.1",1.501994857,0.517232657,0.931311965,0.091625738,"32:21.3",4,"good",21.53333333,2022-11-22,"2022-11-21","2022-11-21 21:22","2022-11-22 12:05","2022-11-22 21:21",11.03774667,"black",1,"SDB","1",-73.74,45.47,"PETI",2022,11,22,0.8,-6.4,-2.8,0,3,48,2022-11-22 21:32:00,2022-11-22 16:32:00
"93","end",3,77870,55,0,0,"59:57.3",1.189107738,0.409558579,0.698455828,0.061763144,"32:22.4",5,"good",21.53333333,2023-12-22,"2023-12-21","2023-12-21 21:16","2023-12-22 12:34","2023-12-22 21:16",15.62276333,"black",1,"BDU","2",-73.74,45.47,"PETI",2023,12,22,-4.1,-10.1,-7.1,2.2,0,0,2023-12-22 21:32:00,2023-12-22 16:32:00
"97","end",6,77874,29,0,0,"59:50.5",1.190477773,0.675704623,0.723559757,0.136406312,"32:44.7",5,"good",21.53333333,2023-11-28,"2023-11-27","2023-11-27 21:18","2023-11-28 12:12","2023-11-28 21:17",15.22893,"black",1,"SDB","2",-73.74,45.47,"PETI",2023,11,28,0.6,-5.3,-2.4,0.2,0,51,2023-11-28 21:32:00,2023-11-28 16:32:00
"99","end",8,77876,29,0,9.7,"59:55.9",1.069638067,0.668979588,0.545760346,0.132389459,"32:50.0",5,"good",21.53333333,2023-11-29,"2023-11-28","2023-11-28 21:17","2023-11-29 12:13","2023-11-29 21:17",15.83295333,"black",1,"SDB","2",-73.74,45.47,"PETI",2023,11,29,0.8,-7.9,-3.6,1,0,47,2023-11-29 21:32:00,2023-11-29 16:32:00
"99","end",8,77876,52,19.4,9.7,"59:53.3",1.039151083,0.514278853,0.600950402,0.104951575,"32:37.6",5,"good",21.53333333,2023-12-22,"2023-12-21","2023-12-21 21:16","2023-12-22 12:34","2023-12-22 21:16",15.87684333,"black",1,"SDB","2",-73.74,45.47,"PETI",2023,12,22,-4.1,-10.1,-7.1,2.2,0,0,2023-12-22 21:32:00,2023-12-22 16:32:00
"100","end",1,77877,2,67.92,9.7,"59:51.8",0.879552779,0.572229007,0.307200335,0.056530823,"32:21.9",6,"good",21.53333333,2023-11-03,"2023-11-02","2023-11-02 21:43","2023-11-03 11:38","2023-11-03 21:42",-10.13551167,"black",1,"BDU","2",-73.74,45.47,"PETI",2023,11,3,13.5,4.6,9.1,1.1,0,49,2023-11-03 21:32:00,2023-11-03 17:32:00
"102","end",3,77879,52,0,9.7,"59:50.5",1.310418686,0.517130347,0.938509966,0.098282133,"32:34.7",6,"good",21.53333333,2023-12-25,"2023-12-24","2023-12-24 21:17","2023-12-25 12:35","2023-12-25 21:18",14.179135,"black",1,"SDB","2",-73.74,45.47,"PETI",2023,12,25,5.4,1.1,3.2,1.2,0,0,2023-12-25 21:32:00,2023-12-25 16:32:00
"104","end",5,77881,25,9.7,0,"59:53.1",1.023859802,0.694737782,0.459537078,0.113321317,"32:37.6",6,"good",21.53333333,2023-11-29,"2023-11-28","2023-11-28 21:17","2023-11-29 12:13","2023-11-29 21:17",15.62664,"black",1,"SDB","2",-73.74,45.47,"PETI",2023,11,29,0.8,-7.9,-3.6,1,0,47,2023-11-29 21:32:00,2023-11-29 16:32:00
"109","end",10,77886,24,9.7,9.7,"59:58.8",0.88770993,0.386217903,0.471078619,0.073670225,"32:43.2",6,"good",21.53333333,2023-12-04,"2023-12-03","2023-12-03 21:15","2023-12-04 12:19","2023-12-04 21:14",17.737155,"black",1,"BDU","2",-73.74,45.47,"PETI",2023,12,4,-1,-3.8,-2.4,7.2,19,34,2023-12-04 21:32:00,2023-12-04 16:32:00
"109","end",10,77886,25,9.7,48.49,"59:55.8",1.06617229,0.495929168,0.58581524,0.07580293,"32:20.8",6,"good",21.53333333,2023-12-05,"2023-12-04","2023-12-04 21:14","2023-12-05 12:20","2023-12-05 21:14",17.629185,"black",1,"BDU","2",-73.74,45.47,"PETI",2023,12,5,-3.8,-8.3,-6,0.4,20,0,2023-12-05 21:32:00,2023-12-05 16:32:00
"109","end",10,77886,34,0,77.8,"59:51.7",1.159293259,0.447960922,0.675265392,0.068802614,"32:45.6",6,"good",21.53333333,2023-12-14,"2023-12-13","2023-12-13 21:14","2023-12-14 12:29","2023-12-14 21:14",18.54252834,"black",1,"BDU","2",-73.74,45.47,"PETI",2023,12,14,2.8,-7.5,-2.3,0.8,1,37,2023-12-14 21:32:00,2023-12-14 16:32:00
"116","end",7,77893,8,0,9.7,"59:52.3",0.993527009,0.530847891,0.492614459,0.089114039,"32:07.6",7,"good",21.53333333,2023-11-30,"2023-11-29","2023-11-29 21:17","2023-11-30 12:15","2023-11-30 21:16",15.61075,"black",1,"SDB","2",-73.74,45.47,"PETI",2023,11,30,6.9,-0.1,3.4,0,0,43,2023-11-30 21:32:00,2023-11-30 16:32:00
"116","end",7,77893,25,0,9.7,"59:58.0",0.823408135,0.565675792,0.425675437,0.103833797,"32:42.4",7,"good",21.53333333,2023-12-17,"2023-12-16","2023-12-16 21:14","2023-12-17 12:31","2023-12-17 21:14",17.87278167,"black",1,"SDB","2",-73.74,45.47,"PETI",2023,12,17,8.4,-0.6,3.9,13.8,0,47,2023-12-17 21:32:00,2023-12-17 16:32:00
"120","end",1,77897,72,0,0,"59:59.6",1.166583101,0.566941,0.46861926,0.084157522,"32:14.9",8,"good",21.53333333,2023-12-24,"2023-12-23","2023-12-23 21:17","2023-12-24 12:35","2023-12-24 21:17",14.448645,"black",1,"SDB","2",-73.74,45.47,"PETI",2023,12,24,2.1,-1.5,0.3,0,0,0,2023-12-24 21:32:00,2023-12-24 16:32:00
"121","end",2,77898,60,19.41,9.7,"39:44.3",1.415245786,0.742715255,0.868665182,0.132823835,"32:11.9",8,"good",21.53333333,2023-12-16,"2023-12-15","2023-12-15 21:14","2023-12-16 12:30","2023-12-16 21:14",17.61568833,"black",1,"BDU","2",-73.74,45.47,"PETI",2023,12,16,4.9,-1.5,1.7,1,0,0,2023-12-16 21:32:00,2023-12-16 16:32:00
"127","end",7,77903,14,0.1,9.6,"59:55.5",0.968375589,0.51531704,0.517522929,0.089912101,"32:49.9",8,"good",21.53333333,2023-11-02,"2023-11-01","2023-11-01 21:45","2023-11-02 11:37","2023-11-02 21:43",-11.084825,"black",1,"SDB","2",-73.74,45.47,"PETI",2023,11,2,8.2,-0.9,3.6,0.8,0,39,2023-11-02 21:32:00,2023-11-02 17:32:00
"127","end",7,77903,35,0,9.7,"59:50.6",0.83279722,0.506928412,0.401130263,0.08799853,"32:25.5",8,"good",21.53333333,2023-11-23,"2023-11-22","2023-11-22 21:21","2023-11-23 12:06","2023-11-23 21:20",11.65770333,"black",1,"SDB","2",-73.74,45.47,"PETI",2023,11,23,5.4,1.3,3.3,0.4,0,0,2023-11-23 21:32:00,2023-11-23 16:32:00
"127","end",7,77903,60,0,9.7,"59:53.8",1.273385049,0.477844301,0.782624812,0.090663439,"32:09.3",8,"good",21.53333333,2023-12-18,"2023-12-17","2023-12-17 21:14","2023-12-18 12:31","2023-12-18 21:15",17.02179,"black",1,"SDB","2",-73.74,45.47,"PETI",2023,12,18,9.4,5.3,7.3,51.2,1,37,2023-12-18 21:32:00,2023-12-18 16:32:00
"127","end",7,77903,72,0,0,"59:53.2",1.363309117,0.6205069,0.83806421,0.133170017,"32:18.3",8,"good",21.53333333,2023-12-30,"2023-12-29","2023-12-29 21:21","2023-12-30 12:36","2023-12-30 21:21",10.35566833,"black",1,"SDB","2",-73.74,45.47,"PETI",2023,12,30,1.4,-4.2,-1.4,1.7,0,0,2023-12-30 21:32:00,2023-12-30 16:32:00
"130","end",9,77905,1,9.7,9.7,"59:53.6",0.764512583,0.533514853,0.302033876,0.119576643,"32:57.2",8,"good",21.53333333,2023-10-24,"2023-10-23","2023-10-23 21:59","2023-10-24 11:24","2023-10-24 21:57",-24.62928,"black",1,"BDU","2",-73.74,45.47,"PETI",2023,10,24,11.5,4.4,8,4.6,0,0,2023-10-24 21:32:00,2023-10-24 17:32:00
"608","end",3,90326,37,0,0,"59:59.9",0.723428556,0.556605288,0.327308455,0.079793134,"32:25.1",9,"good",21.53333333,2024-11-28,"2024-11-27","2024-11-27 21:17","2024-11-28 12:13","2024-11-28 21:17",15.28421,"black",1,"BDU","3",-73.74,45.47,"PETI",2024,11,28,3.4,0.6,2,4.2,0,0,2024-11-28 21:32:00,2024-11-28 16:32:00
"608","end",3,90326,68,0,9.7,"59:51.7",1.038958777,0.306718841,0.829809347,0.046621929,"32:55.6",9,"good",21.53333333,2024-12-29,"2024-12-28","2024-12-28 21:20","2024-12-29 12:36","2024-12-29 21:21",11.19364667,"black",1,"BDU","3",-73.74,45.47,"PETI",2024,12,29,7.9,-3.1,2.4,5.3,6,0,2024-12-29 21:32:00,2024-12-29 16:32:00
"614","end",8,90332,40,0,9.7,"59:55.3",1.089571674,0.665605955,0.561211567,0.089006528,"32:39.7",9,"good",21.53333333,2024-11-29,"2024-11-28","2024-11-28 21:17","2024-11-29 12:14","2024-11-29 21:16",16.02751333,"black",1,"BDU","3",-73.74,45.47,"PETI",2024,11,29,3.6,-1.8,0.9,0,0,42,2024-11-29 21:32:00,2024-11-29 16:32:00
"617","end",2,90335,73,0,9.7,"59:59.9",0.968435645,0.397134629,0.764338095,0.058830956,"32:44.9",10,"good",21.53333333,2025-01-05,"2025-01-04","2025-01-04 21:27","2025-01-05 12:36","2025-01-05 21:28",4.61547,"black",1,"BDU","3",-73.74,45.47,"PETI",2025,1,5,-9.8,-14.5,-12.1,0.4,0,36,2025-01-05 21:32:00,2025-01-05 16:32:00
"631","end",6,90349,1,0,9.7,"59:52.7",0.825345254,0.654327223,0.291897707,0.093819647,"32:27.9",11,"good",21.53333333,2024-11-12,"2024-11-11","2024-11-11 21:31","2024-11-12 11:52","2024-11-12 21:30",2.148708332,"black",1,"BDU","3",-73.74,45.47,"PETI",2024,11,12,6.7,-1.4,2.6,0,0,45,2024-11-12 21:32:00,2024-11-12 16:32:00
"631","end",6,90349,17,9.7,9.7,"59:56.7",1.169660996,0.698433092,0.664822066,0.108207538,"32:41.6",11,"good",21.53333333,2024-11-28,"2024-11-27","2024-11-27 21:17","2024-11-28 12:13","2024-11-28 21:17",15.560375,"black",1,"BDU","3",-73.74,45.47,"PETI",2024,11,28,3.4,0.6,2,4.2,0,0,2024-11-28 21:32:00,2024-11-28 16:32:00
"631","end",6,90349,35,0,9.7,"59:54.9",1.063971085,0.481900143,0.803586593,0.081179172,"32:10.6",11,"good",21.53333333,2024-12-16,"2024-12-15","2024-12-15 21:14","2024-12-16 12:31","2024-12-16 21:14",17.40994667,"black",1,"BDU","3",-73.74,45.47,"PETI",2024,12,16,5.6,-6.7,-0.5,0.5,1,44,2024-12-16 21:32:00,2024-12-16 16:32:00
"635","end",10,90353,16,9.7,0,"59:57.5",0.697600692,0.562229032,0.12272298,0.083753258,"32:12.9",11,"good",21.53333333,2024-11-28,"2024-11-27","2024-11-27 21:17","2024-11-28 12:13","2024-11-28 21:17",15.08108,"black",1,"BDU","3",-73.74,45.47,"PETI",2024,11,28,3.4,0.6,2,4.2,0,0,2024-11-28 21:32:00,2024-11-28 16:32:00
"635","end",10,90353,39,9.7,0,"59:56.7",0.803460678,0.584459496,0.631460431,0.103384585,"32:21.7",11,"good",21.53333333,2024-12-21,"2024-12-20","2024-12-20 21:16","2024-12-21 12:34","2024-12-21 21:16",15.74571667,"black",1,"BDU","3",-73.74,45.47,"PETI",2024,12,21,-8,-16.2,-12.1,0.2,0,37,2024-12-21 21:32:00,2024-12-21 16:32:00
"635","end",10,90353,53,0,9.7,"59:51.1",1.214971077,0.544455,0.728388305,0.096697042,"32:25.8",11,"good",21.53333333,2025-01-04,"2025-01-03","2025-01-03 21:26","2025-01-04 12:36","2025-01-04 21:27",5.297191668,"black",1,"BDU","3",-73.74,45.47,"PETI",2025,1,4,-9.3,-12.5,-10.9,0.7,0,43,2025-01-04 21:32:00,2025-01-04 16:32:00
"641","end",5,90359,1,9.7,9.7,"59:58.8",0.969924207,0.621006648,0.528471916,0.080181674,"32:33.6",12,"good",21.53333333,2024-11-15,"2024-11-14","2024-11-14 21:28","2024-11-15 11:56","2024-11-15 21:27",5.427076666,"black",1,"SDB","3",-73.74,45.47,"PETI",2024,11,15,9.6,-2.8,3.4,0,0,0,2024-11-15 21:32:00,2024-11-15 16:32:00
"641","end",5,90359,18,9.7,9.7,"59:59.0",1.310447789,0.620277705,0.764520508,0.09100461,"32:14.4",12,"good",21.53333333,2024-12-02,"2024-12-01","2024-12-01 21:15","2024-12-02 12:18","2024-12-02 21:15",16.84038,"black",1,"SDB","3",-73.74,45.47,"PETI",2024,12,2,-0.5,-4.9,-2.7,0.2,0,0,2024-12-02 21:32:00,2024-12-02 16:32:00
"206","end",1,68906,44,0,7.3,"59:57.9",1.329862904,0.619753758,0.899806738,0.098808317,"33:08.1",1,"good",21.55,2022-11-24,"2022-11-23","2022-11-23 21:20","2022-11-24 12:08","2022-11-24 21:19",13.28456666,"black",1,"SDB","1",-73.74,45.47,"PETI",2022,11,24,2.8,-4.5,-0.9,0,3,0,2022-11-24 21:33:00,2022-11-24 16:33:00
"206","end",1,68906,51,7.3,0,"59:52.9",1.056720413,0.611262555,0.409291268,0.087104261,"33:39.6",1,"good",21.55,2022-12-01,"2022-11-30","2022-11-30 21:16","2022-12-01 12:16","2022-12-01 21:15",17.69392333,"black",1,"SDB","1",-73.74,45.47,"PETI",2022,12,1,1.8,-3.6,-0.9,0.3,0,58,2022-12-01 21:33:00,2022-12-01 16:33:00
"206","end",1,68906,54,0,7.3,"59:59.2",0.993751771,0.573652945,0.419350007,0.089001605,"33:24.0",1,"good",21.55,2022-12-04,"2022-12-03","2022-12-03 21:15","2022-12-04 12:19","2022-12-04 21:14",18.48335833,"black",1,"SDB","1",-73.74,45.47,"PETI",2022,12,4,1.1,-5.1,-2,0.2,0,43,2022-12-04 21:33:00,2022-12-04 16:33:00
"206","end",1,68906,59,0,0,"59:59.8",1.433455432,0.594654607,0.938104708,0.091862877,"33:24.6",1,"good",21.55,2022-12-09,"2022-12-08","2022-12-08 21:14","2022-12-09 12:25","2022-12-09 21:14",19.37737833,"black",1,"SDB","1",-73.74,45.47,"PETI",2022,12,9,-1.1,-9.1,-5.1,0.2,0,36,2022-12-09 21:33:00,2022-12-09 16:33:00
"207","end",2,68907,48,7.3,0,"59:53.4",1.378400136,0.715000641,0.884894665,0.129768464,"33:39.8",1,"good",21.55,2022-11-25,"2022-11-24","2022-11-24 21:19","2022-11-25 12:09","2022-11-25 21:19",14.48078333,"black",1,"SDB","1",-73.74,45.47,"PETI",2022,11,25,5.5,-2.8,1.3,4,2,43,2022-11-25 21:33:00,2022-11-25 16:33:00
"207","end",2,68907,55,7.3,3868.56,"59:54.9",1.379419891,0.70579713,0.879325156,0.111914587,"33:41.3",1,"good",21.55,2022-12-02,"2022-12-01","2022-12-01 21:15","2022-12-02 12:17","2022-12-02 21:15",18.1217,"black",1,"SDB","1",-73.74,45.47,"PETI",2022,12,2,4.2,-3.9,0.1,0,0,43,2022-12-02 21:33:00,2022-12-02 16:33:00
"207","end",2,68907,68,0,7.3,"59:57.3",1.460811706,0.690962366,1.000221443,0.200233067,"33:51.0",1,"good",21.55,2022-12-15,"2022-12-14","2022-12-14 21:14","2022-12-15 12:30","2022-12-15 21:14",19.41728167,"black",1,"SDB","1",-73.74,45.47,"PETI",2022,12,15,5.6,0.8,3.2,0,0,38,2022-12-15 21:33:00,2022-12-15 16:33:00
"207","end",2,68907,69,14.6,0,"53:52.6",1.48647073,0.680624742,0.956112261,0.100792881,"33:58.5",1,"good",21.55,2022-12-16,"2022-12-15","2022-12-15 21:14","2022-12-16 12:30","2022-12-16 21:14",19.32549333,"black",1,"SDB","1",-73.74,45.47,"PETI",2022,12,16,2.2,-0.8,0.7,11.4,1,38,2022-12-16 21:33:00,2022-12-16 16:33:00
"209","end",4,68909,40,7.17,87.82,"59:56.8",1.214832163,0.694594589,0.348675175,0.099964785,"33:50.4",1,"good",21.55,2022-11-22,"2022-11-21","2022-11-21 21:22","2022-11-22 12:05","2022-11-22 21:21",12.52296333,"black",1,"SDB","1",-73.74,45.47,"PETI",2022,11,22,0.8,-6.4,-2.8,0,3,48,2022-11-22 21:33:00,2022-11-22 16:33:00
"212","end",2,68912,32,7.3,0,"59:57.5",1.46926385,0.531247774,0.973149358,0.128520605,"33:14.7",2,"good",21.55,2022-11-24,"2022-11-23","2022-11-23 21:20","2022-11-24 12:08","2022-11-24 21:19",13.39473,"black",1,"SDB","1",-73.74,45.47,"PETI",2022,11,24,2.8,-4.5,-0.9,0,3,0,2022-11-24 21:33:00,2022-11-24 16:33:00
"212","end",2,68912,55,0,0,"59:57.9",1.47009874,0.319385188,0.901075492,0.053716409,"33:15.2",2,"good",21.55,2022-12-17,"2022-12-16","2022-12-16 21:14","2022-12-17 12:31","2022-12-17 21:14",18.33603,"black",1,"SDB","1",-73.74,45.47,"PETI",2022,12,17,-0.1,-0.6,-0.4,8.8,20,0,2022-12-17 21:33:00,2022-12-17 16:33:00
"212","end",2,68912,60,0,7.3,"59:57.8",1.345200829,0.732697648,0.878663109,0.10757688,"33:00.4",2,"good",21.55,2022-12-22,"2022-12-21","2022-12-21 21:16","2022-12-22 12:34","2022-12-22 21:16",16.123905,"black",1,"SDB","1",-73.74,45.47,"PETI",2022,12,22,-2.1,-8.5,-5.3,3.6,19,36,2022-12-22 21:33:00,2022-12-22 16:33:00
"212","end",2,68912,63,0,0,"48:54.0",1.574272496,0.623432186,0.989052954,0.112513244,"33:00.8",2,"good",21.55,2022-12-25,"2022-12-24","2022-12-24 21:17","2022-12-25 12:35","2022-12-25 21:18",14.44745667,"black",1,"SDB","1",-73.74,45.47,"PETI",2022,12,25,-3.3,-7.6,-5.4,0.5,10,59,2022-12-25 21:33:00,2022-12-25 16:33:00
"214","end",4,68914,83,7.3,14.6,"59:58.3",1.103683546,0.682735666,0.450784317,0.09925647,"33:52.1",2,"good",21.55,2022-11-29,"2022-11-28","2022-11-28 21:17","2022-11-29 12:14","2022-11-29 21:16",17.00093167,"black",1,"SDB","1",-73.74,45.47,"PETI",2022,11,29,1.5,-2,-0.2,0,0,31,2022-11-29 21:33:00,2022-11-29 16:33:00
"215","end",5,68915,29,7.3,0,"59:52.5",1.062716281,0.592007115,0.336584105,0.063009008,"33:17.1",2,"good",21.55,2022-11-23,"2022-11-22","2022-11-22 21:21","2022-11-23 12:06","2022-11-23 21:20",12.71873167,"black",1,"SDB","1",-73.74,45.47,"PETI",2022,11,23,2.4,-4.1,-0.9,0,3,0,2022-11-23 21:33:00,2022-11-23 16:33:00
"217","end",2,68917,40,0,7.3,"59:52.8",1.424607657,0.412149458,1.030438306,0.087795594,"33:39.3",3,"good",21.55,2022-12-05,"2022-12-04","2022-12-04 21:14","2022-12-05 12:21","2022-12-05 21:14",19.00518167,"black",1,"SDB","1",-73.74,45.47,"PETI",2022,12,5,5.9,0.4,3.1,0,0,42,2022-12-05 21:33:00,2022-12-05 16:33:00
"217","end",2,68917,48,0,0,"59:55.2",1.460162434,0.470846994,1.027875415,0.117203136,"33:41.7",3,"good",21.55,2022-12-13,"2022-12-12","2022-12-12 21:14","2022-12-13 12:28","2022-12-13 21:14",19.57886,"black",1,"SDB","1",-73.74,45.47,"PETI",2022,12,13,0.4,-9,-4.3,0,0,38,2022-12-13 21:33:00,2022-12-13 16:33:00
"217","end",2,68917,57,0,0,"59:56.9",1.460374383,0.571608568,1.067644891,0.103257371,"33:50.6",3,"good",21.55,2022-12-22,"2022-12-21","2022-12-21 21:16","2022-12-22 12:34","2022-12-22 21:16",16.96077167,"black",1,"SDB","1",-73.74,45.47,"PETI",2022,12,22,-2.1,-8.5,-5.3,3.6,19,36,2022-12-22 21:33:00,2022-12-22 16:33:00
"219","end",4,68919,28,0,0,"59:54.1",1.340421262,0.556599589,0.799188839,0.120308828,"33:40.7",3,"good",21.55,2022-11-27,"2022-11-26","2022-11-26 21:18","2022-11-27 12:11","2022-11-27 21:17",15.745595,"black",1,"SDB","1",-73.74,45.47,"PETI",2022,11,27,10.7,2.9,6.8,3.2,0,32,2022-11-27 21:33:00,2022-11-27 16:33:00
"219","end",4,68919,36,7.3,7.3,"26:34.9",1.463532621,0.596214069,0.930330049,0.112736133,"33:04.9",3,"good",21.55,2022-12-05,"2022-12-04","2022-12-04 21:14","2022-12-05 12:21","2022-12-05 21:14",18.43207333,"black",1,"SDB","1",-73.74,45.47,"PETI",2022,12,5,5.9,0.4,3.1,0,0,42,2022-12-05 21:33:00,2022-12-05 16:33:00
"219","end",4,68919,42,0,7.3,"59:59.0",1.50442748,0.549882275,0.950847888,0.153474369,"33:23.7",3,"good",21.55,2022-12-11,"2022-12-10","2022-12-10 21:13","2022-12-11 12:26","2022-12-11 21:13",19.41181667,"black",1,"SDB","1",-73.74,45.47,"PETI",2022,12,11,-4.3,-8.3,-6.3,0,0,36,2022-12-11 21:33:00,2022-12-11 16:33:00
"220","end",5,68920,30,0,7.3,"59:58.0",1.360718149,0.686533544,0.717246583,0.180132886,"33:08.0",3,"good",21.55,2022-12-01,"2022-11-30","2022-11-30 21:16","2022-12-01 12:16","2022-12-01 21:15",17.16695667,"black",1,"SDB","1",-73.74,45.47,"PETI",2022,12,1,1.8,-3.6,-0.9,0.3,0,58,2022-12-01 21:33:00,2022-12-01 16:33:00
"222","end",2,68922,15,0,7.3,"59:54.2",0.928938323,0.728688221,0.179650583,0.099940222,"33:04.4",4,"good",21.55,2022-11-17,"2022-11-16","2022-11-16 21:26","2022-11-17 11:58","2022-11-17 21:25",7.423804998,"black",1,"SDB","1",-73.74,45.47,"PETI",2022,11,17,-0.6,-5.8,-3.2,0,7,51,2022-11-17 21:33:00,2022-11-17 16:33:00
"224","end",4,68924,19,7.3,7.3,"59:57.3",1.003714713,0.603037212,0.588555134,0.080152432,"33:14.5",4,"good",21.55,2022-11-22,"2022-11-21","2022-11-21 21:22","2022-11-22 12:05","2022-11-22 21:21",11.92519166,"black",1,"SDB","1",-73.74,45.47,"PETI",2022,11,22,0.8,-6.4,-2.8,0,3,48,2022-11-22 21:33:00,2022-11-22 16:33:00
"224","end",4,68924,44,7.3,14.6,"59:59.5",1.117326469,0.583921422,0.708380084,0.125445424,"33:53.3",4,"good",21.55,2022-12-17,"2022-12-16","2022-12-16 21:14","2022-12-17 12:31","2022-12-17 21:14",18.97096167,"black",1,"SDB","1",-73.74,45.47,"PETI",2022,12,17,-0.1,-0.6,-0.4,8.8,20,0,2022-12-17 21:33:00,2022-12-17 16:33:00
"225","end",5,68925,70,0,7.3,"59:59.8",1.290829597,0.514941673,0.851064883,0.099354003,"33:38.9",4,"good",21.55,2023-01-17,"2023-01-16","2023-01-16 21:40","2023-01-17 12:31","2023-01-17 21:41",-8.084368332,"black",1,"SDB","1",-73.74,45.47,"PETI",2023,1,17,-1.7,-11.2,-6.4,0.6,18,0,2023-01-17 21:33:00,2023-01-17 16:33:00
"93","end",3,77870,47,9.7,0,"59:54.5",1.532490083,0.632284836,0.801040898,0.082607542,"33:37.2",5,"good",21.55,2023-12-14,"2023-12-13","2023-12-13 21:14","2023-12-14 12:29","2023-12-14 21:14",19.40262667,"black",1,"BDU","2",-73.74,45.47,"PETI",2023,12,14,2.8,-7.5,-2.3,0.8,1,37,2023-12-14 21:33:00,2023-12-14 16:33:00
"99","end",8,77876,27,9.7,9.7,"59:51.5",1.206886884,0.664749697,0.640172779,0.140670953,"33:53.4",5,"good",21.55,2023-11-27,"2023-11-26","2023-11-26 21:18","2023-11-27 12:11","2023-11-27 21:18",15.79058333,"black",1,"SDB","2",-73.74,45.47,"PETI",2023,11,27,5.5,0.5,3,4.3,0,48,2023-11-27 21:33:00,2023-11-27 16:33:00
"99","end",8,77876,46,0,0,"59:59.5",1.244432682,0.568891658,0.819945345,0.095707091,"33:03.3",5,"good",21.55,2023-12-16,"2023-12-15","2023-12-15 21:14","2023-12-16 12:30","2023-12-16 21:14",18.47132,"black",1,"SDB","2",-73.74,45.47,"PETI",2023,12,16,4.9,-1.5,1.7,1,0,0,2023-12-16 21:33:00,2023-12-16 16:33:00
"102","end",3,77879,25,9.7,0,"59:55.9",0.910247751,0.757325549,0.495059877,0.162600371,"33:19.0",6,"good",21.55,2023-11-28,"2023-11-27","2023-11-27 21:18","2023-11-28 12:12","2023-11-28 21:17",15.799545,"black",1,"SDB","2",-73.74,45.47,"PETI",2023,11,28,0.6,-5.3,-2.4,0.2,0,51,2023-11-28 21:33:00,2023-11-28 16:33:00
"104","end",5,77881,24,9.7,9.7,"59:57.5",1.261047353,0.780961159,0.676031206,0.18941049,"33:40.2",6,"good",21.55,2023-11-28,"2023-11-27","2023-11-27 21:18","2023-11-28 12:12","2023-11-28 21:17",16.15298333,"black",1,"SDB","2",-73.74,45.47,"PETI",2023,11,28,0.6,-5.3,-2.4,0.2,0,51,2023-11-28 21:33:00,2023-11-28 16:33:00
"104","end",5,77881,39,9.7,9.7,"59:50.3",1.227104837,0.698567837,0.681336115,0.143401794,"33:23.3",6,"good",21.55,2023-12-13,"2023-12-12","2023-12-12 21:14","2023-12-13 12:28","2023-12-13 21:14",19.30547667,"black",1,"SDB","2",-73.74,45.47,"PETI",2023,12,13,1.1,-6.9,-2.9,1,1,47,2023-12-13 21:33:00,2023-12-13 16:33:00
"109","end",10,77886,19,0,9.7,"59:54.9",1.069243737,0.429730414,0.714785332,0.06128121,"33:37.4",6,"good",21.55,2023-11-29,"2023-11-28","2023-11-28 21:17","2023-11-29 12:13","2023-11-29 21:17",16.62395,"black",1,"BDU","2",-73.74,45.47,"PETI",2023,11,29,0.8,-7.9,-3.6,1,0,47,2023-11-29 21:33:00,2023-11-29 16:33:00
"109","end",10,77886,27,0,9.7,"59:59.0",1.066073662,0.469550106,0.662335899,0.059779164,"33:32.1",6,"good",21.55,2023-12-07,"2023-12-06","2023-12-06 21:14","2023-12-07 12:22","2023-12-07 21:14",19.23544,"black",1,"BDU","2",-73.74,45.47,"PETI",2023,12,7,-7.1,-11.6,-9.3,0.5,16,0,2023-12-07 21:33:00,2023-12-07 16:33:00
"109","end",10,77886,30,0,9.6,"59:54.3",0.857851431,0.482356949,0.458982979,0.086270328,"33:27.2",6,"good",21.55,2023-12-10,"2023-12-09","2023-12-09 21:14","2023-12-10 12:25","2023-12-10 21:14",19.45319833,"black",1,"BDU","2",-73.74,45.47,"PETI",2023,12,10,6.3,1.9,4.1,14.3,9,33,2023-12-10 21:33:00,2023-12-10 16:33:00
"109","end",10,77886,32,0,0,"59:57.9",1.057562662,0.509308789,0.492327645,0.075055515,"33:50.1",6,"good",21.55,2023-12-12,"2023-12-11","2023-12-11 21:13","2023-12-12 12:27","2023-12-12 21:14",19.81895334,"black",1,"BDU","2",-73.74,45.47,"PETI",2023,12,12,4.3,-5.4,-0.5,0.4,2,42,2023-12-12 21:33:00,2023-12-12 16:33:00
"111","end",2,77888,14,9.7,0,"59:58.9",1.078171491,0.627044867,0.626288789,0.113745217,"33:51.3",7,"good",21.55,2023-11-27,"2023-11-26","2023-11-26 21:18","2023-11-27 12:11","2023-11-27 21:18",15.75558167,"black",1,"SDB","2",-73.74,45.47,"PETI",2023,11,27,5.5,0.5,3,4.3,0,48,2023-11-27 21:33:00,2023-11-27 16:33:00
"111","end",2,77888,34,9.7,9.7,"59:58.1",1.259533146,0.65891143,0.805576197,0.136781847,"33:40.8",7,"good",21.55,2023-12-17,"2023-12-16","2023-12-16 21:14","2023-12-17 12:31","2023-12-17 21:14",18.84746667,"black",1,"SDB","2",-73.74,45.47,"PETI",2023,12,17,8.4,-0.6,3.9,13.8,0,47,2023-12-17 21:33:00,2023-12-17 16:33:00
"114","end",5,77891,15,9.7,0,"59:59.4",0.877266722,0.500954296,0.402950023,0.067130525,"33:51.8",7,"good",21.55,2023-12-04,"2023-12-03","2023-12-03 21:15","2023-12-04 12:19","2023-12-04 21:14",18.87988167,"black",1,"BDU","2",-73.74,45.47,"PETI",2023,12,4,-1,-3.8,-2.4,7.2,19,34,2023-12-04 21:33:00,2023-12-04 16:33:00
"116","end",7,77893,20,9.7,9.7,"43:44.3",0.92059588,0.620523971,0.331741079,0.087459952,"33:07.6",7,"good",21.55,2023-12-12,"2023-12-11","2023-12-11 21:13","2023-12-12 12:27","2023-12-12 21:14",19.11062,"black",1,"SDB","2",-73.74,45.47,"PETI",2023,12,12,4.3,-5.4,-0.5,0.4,2,42,2023-12-12 21:33:00,2023-12-12 16:33:00
"116","end",7,77893,26,9.7,0,"59:54.9",0.987553673,0.541331694,0.596428768,0.072744961,"33:18.1",7,"good",21.55,2023-12-18,"2023-12-17","2023-12-17 21:14","2023-12-18 12:31","2023-12-18 21:15",18.167775,"black",1,"SDB","2",-73.74,45.47,"PETI",2023,12,18,9.4,5.3,7.3,51.2,1,37,2023-12-18 21:33:00,2023-12-18 16:33:00
"116","end",7,77893,33,0,9.7,"59:52.5",0.822767655,0.455471797,0.46127067,0.070885891,"33:15.7",7,"good",21.55,2023-12-25,"2023-12-24","2023-12-24 21:17","2023-12-25 12:35","2023-12-25 21:18",14.86109833,"black",1,"SDB","2",-73.74,45.47,"PETI",2023,12,25,5.4,1.1,3.2,1.2,0,0,2023-12-25 21:33:00,2023-12-25 16:33:00
"116","end",7,77893,38,0,9.7,"59:56.2",1.060761233,0.492556596,0.620659385,0.083881305,"33:09.7",7,"good",21.55,2023-12-30,"2023-12-29","2023-12-29 21:21","2023-12-30 12:36","2023-12-30 21:21",11.21199,"black",1,"SDB","2",-73.74,45.47,"PETI",2023,12,30,1.4,-4.2,-1.4,1.7,0,0,2023-12-30 21:33:00,2023-12-30 16:33:00
"118","end",9,77895,67,0,9.7,"34:16.6",0.794090564,0.546502252,0.214873957,0.073107309,"33:31.7",7,"good",21.55,2023-12-17,"2023-12-16","2023-12-16 21:14","2023-12-17 12:31","2023-12-17 21:14",18.69484667,"black",1,"SDB","2",-73.74,45.47,"PETI",2023,12,17,8.4,-0.6,3.9,13.8,0,47,2023-12-17 21:33:00,2023-12-17 16:33:00
"123","end",3,77899,59,106.69,9.7,"59:56.9",1.398599687,0.639790564,0.744350559,0.119698179,"33:00.6",8,"good",21.55,2023-12-16,"2023-12-15","2023-12-15 21:14","2023-12-16 12:30","2023-12-16 21:14",18.42615167,"black",1,"SDB","2",-73.74,45.47,"PETI",2023,12,16,4.9,-1.5,1.7,1,0,0,2023-12-16 21:33:00,2023-12-16 16:33:00
"123","end",3,77899,79,0,9.7,"59:55.5",1.18024752,0.543143294,0.549871291,0.133449493,"33:47.7",8,"good",21.55,2024-01-05,"2024-01-04","2024-01-04 21:26","2024-01-05 12:36","2024-01-05 21:27",6.411591665,"black",1,"SDB","2",-73.74,45.47,"PETI",2024,1,5,-1.2,-12.5,-6.9,0,0,31,2024-01-05 21:33:00,2024-01-05 16:33:00
"127","end",7,77903,31,0,9.7,"59:50.7",1.161495711,0.522369355,0.713977053,0.133067415,"33:14.1",8,"good",21.55,2023-11-19,"2023-11-18","2023-11-18 21:24","2023-11-19 12:01","2023-11-19 21:24",9.201433333,"black",1,"SDB","2",-73.74,45.47,"PETI",2023,11,19,5.3,-3.7,0.8,0.5,0,44,2023-11-19 21:33:00,2023-11-19 16:33:00
"127","end",7,77903,108,0,0,"59:58.0",1.193690985,0.494764328,0.763266894,0.115240142,"33:21.4",8,"good",21.55,2024-02-04,"2024-02-03","2024-02-03 22:05","2024-02-04 12:15","2024-02-04 22:06",-33.41066333,"black",1,"SDB","2",-73.74,45.47,"PETI",2024,2,4,0,-10.4,-5.2,4.7,11,0,2024-02-04 21:33:00,2024-02-04 16:33:00
"620","end",4,90338,24,9.7,0.1,"59:50.3",0.742431903,0.610079202,0.22871925,0.084348163,"33:23.4",10,"good",21.55,2024-11-21,"2024-11-20","2024-11-20 21:22","2024-11-21 12:04","2024-11-21 21:21",11.6565,"black",1,"BDU","3",-73.74,45.47,"PETI",2024,11,21,8.1,5.4,6.8,1.7,0,44,2024-11-21 21:33:00,2024-11-21 16:33:00
"625","end",9,90343,64,0,9.7,"59:58.7",1.23262579,0.806947932,0.655776282,0.176457299,"33:31.8",10,"good",21.55,2025-01-02,"2025-01-01","2025-01-01 21:24","2025-01-02 12:36","2025-01-02 21:25",8.329353333,"black",1,"SDB","3",-73.74,45.47,"PETI",2025,1,2,0.9,-3.7,-1.4,0,0,63,2025-01-02 21:33:00,2025-01-02 16:33:00
"627","end",2,90345,61,9.7,9.7,"59:55.3",1.034296152,0.722027587,0.409576327,0.102940454,"33:47.5",11,"good",21.55,2025-01-02,"2025-01-01","2025-01-01 21:24","2025-01-02 12:36","2025-01-02 21:25",8.592133335,"black",1,"BDU","3",-73.74,45.47,"PETI",2025,1,2,0.9,-3.7,-1.4,0,0,63,2025-01-02 21:33:00,2025-01-02 16:33:00
"631","end",6,90349,18,0.1,19.4,"59:58.2",1.167143115,0.62025594,0.655278893,0.10122315,"33:41.3",11,"good",21.55,2024-11-29,"2024-11-28","2024-11-28 21:17","2024-11-29 12:14","2024-11-29 21:16",17.05453167,"black",1,"BDU","3",-73.74,45.47,"PETI",2024,11,29,3.6,-1.8,0.9,0,0,42,2024-11-29 21:33:00,2024-11-29 16:33:00
"631","end",6,90349,24,0,9.7,"59:57.3",1.233843293,0.603483885,0.794830613,0.082629976,"33:11.3",11,"good",21.55,2024-12-05,"2024-12-04","2024-12-04 21:14","2024-12-05 12:21","2024-12-05 21:14",18.65517833,"black",1,"BDU","3",-73.74,45.47,"PETI",2024,12,5,1.4,-4.2,-1.4,1.9,1,53,2024-12-05 21:33:00,2024-12-05 16:33:00
"631","end",6,90349,25,9.7,9.7,"59:58.8",1.018596292,0.559329277,0.433420195,0.09326244,"33:51.6",11,"good",21.55,2024-12-06,"2024-12-05","2024-12-05 21:14","2024-12-06 12:22","2024-12-06 21:14",19.52661666,"black",1,"BDU","3",-73.74,45.47,"PETI",2024,12,6,-4.1,-8.4,-6.2,0.2,1,53,2024-12-06 21:33:00,2024-12-06 16:33:00
"631","end",6,90349,50,0,0,"59:59.9",0.961473297,0.427909822,0.73792035,0.076129545,"33:13.9",11,"good",21.55,2024-12-31,"2024-12-30","2024-12-30 21:22","2024-12-31 12:36","2024-12-31 21:23",9.832201668,"black",1,"BDU","3",-73.74,45.47,"PETI",2024,12,31,6.3,1.8,4.1,0,0,39,2024-12-31 21:33:00,2024-12-31 16:33:00
"634","end",9,90352,24,9.7,9.7,"59:57.8",0.763377247,0.512489373,0.266847242,0.057745716,"33:21.2",11,"good",21.55,2024-12-06,"2024-12-05","2024-12-05 21:14","2024-12-06 12:22","2024-12-06 21:14",19.02061667,"black",1,"NDG","3",-73.74,45.47,"PETI",2024,12,6,-4.1,-8.4,-6.2,0.2,1,53,2024-12-06 21:33:00,2024-12-06 16:33:00
"634","end",9,90352,38,48.49,9.7,"59:51.0",0.730787573,0.583580921,0.24299905,0.121229454,"33:24.2",11,"good",21.55,2024-12-20,"2024-12-19","2024-12-19 21:15","2024-12-20 12:33","2024-12-20 21:16",17.23587667,"black",1,"NDG","3",-73.74,45.47,"PETI",2024,12,20,-6.7,-10.7,-8.7,0.2,0,32,2024-12-20 21:33:00,2024-12-20 16:33:00
"645","end",7,90363,36,0,9.7,"46:36.2",1.268497472,0.652047082,0.844763255,0.124414909,"33:43.9",12,"good",21.55,2024-12-20,"2024-12-19","2024-12-19 21:15","2024-12-20 12:33","2024-12-20 21:16",17.56506,"black",1,"SDB","3",-73.74,45.47,"PETI",2024,12,20,-6.7,-10.7,-8.7,0.2,0,32,2024-12-20 21:33:00,2024-12-20 16:33:00
"645","end",7,90363,37,0,9.7,"59:56.4",1.228334419,0.667230094,0.728916262,0.138909702,"33:29.4",12,"good",21.55,2024-12-21,"2024-12-20","2024-12-20 21:16","2024-12-21 12:34","2024-12-21 21:16",16.87381167,"black",1,"SDB","3",-73.74,45.47,"PETI",2024,12,21,-8,-16.2,-12.1,0.2,0,37,2024-12-21 21:33:00,2024-12-21 16:33:00
"206","end",1,68906,46,0,7.3,"59:59.5",1.149124314,0.597031445,0.549062176,0.108413071,"34:51.9",1,"good",21.56666667,2022-11-26,"2022-11-25","2022-11-25 21:19","2022-11-26 12:10","2022-11-26 21:18",16.33244833,"black",1,"SDB","1",-73.74,45.47,"PETI",2022,11,26,8.6,0.8,4.7,0,0,37,2022-11-26 21:34:00,2022-11-26 16:34:00
"206","end",1,68906,71,7.3,0,"59:55.2",1.58913596,0.562068782,1.038669604,0.104018314,"34:03.8",1,"good",21.56666667,2022-12-21,"2022-12-20","2022-12-20 21:15","2022-12-21 12:33","2022-12-21 21:16",17.663815,"black",1,"SDB","1",-73.74,45.47,"PETI",2022,12,21,1.5,-8.5,-3.5,0,21,36,2022-12-21 21:34:00,2022-12-21 16:34:00
"207","end",2,68907,51,0,7.3,"59:54.1",1.175496511,0.706484011,0.744178988,0.136570508,"34:31.6",1,"good",21.56666667,2022-11-28,"2022-11-27","2022-11-27 21:17","2022-11-28 12:13","2022-11-28 21:17",17.14408,"black",1,"SDB","1",-73.74,45.47,"PETI",2022,11,28,5.4,-1.2,2.1,0.5,0,37,2022-11-28 21:34:00,2022-11-28 16:34:00
"209","end",4,68909,56,51.09,14.6,"59:52.3",1.381339464,0.719956937,0.430096741,0.100993079,"34:08.0",1,"good",21.56666667,2022-12-08,"2022-12-07","2022-12-07 21:14","2022-12-08 12:24","2022-12-08 21:14",20.01652333,"black",1,"SDB","1",-73.74,45.47,"PETI",2022,12,8,5.6,-2.3,1.6,0.2,0,0,2022-12-08 21:34:00,2022-12-08 16:34:00
"211","end",1,68911,66,7.3,7.3,"59:59.1",1.095952757,0.806810067,0.341835092,0.116085216,"34:44.1",2,"good",21.56666667,2022-12-21,"2022-12-20","2022-12-20 21:15","2022-12-21 12:33","2022-12-21 21:16",18.33496667,"black",1,"SDB","1",-73.74,45.47,"PETI",2022,12,21,1.5,-8.5,-3.5,0,21,36,2022-12-21 21:34:00,2022-12-21 16:34:00
"212","end",2,68912,23,0,43.79,"59:57.4",1.392437873,0.656533405,0.836155121,0.088089601,"34:20.3",2,"good",21.56666667,2022-11-15,"2022-11-14","2022-11-14 21:28","2022-11-15 11:55","2022-11-15 21:27",6.704653335,"black",1,"SDB","1",-73.74,45.47,"PETI",2022,11,15,1.3,-3.9,-1.3,0,0,0,2022-11-15 21:34:00,2022-11-15 16:34:00
"212","end",2,68912,49,0,0,"59:58.0",1.447306747,0.628934757,1.022350011,0.352403734,"34:42.8",2,"good",21.56666667,2022-12-11,"2022-12-10","2022-12-10 21:13","2022-12-11 12:26","2022-12-11 21:13",20.72983667,"black",1,"SDB","1",-73.74,45.47,"PETI",2022,12,11,-4.3,-8.3,-6.3,0,0,36,2022-12-11 21:34:00,2022-12-11 16:34:00
"212","end",2,68912,52,0,7.3,"59:58.0",1.545434378,0.394162982,1.029390531,0.089613374,"34:28.2",2,"good",21.56666667,2022-12-14,"2022-12-13","2022-12-13 21:14","2022-12-14 12:29","2022-12-14 21:14",20.22016833,"black",1,"SDB","1",-73.74,45.47,"PETI",2022,12,14,2.9,-9.3,-3.2,0,0,0,2022-12-14 21:34:00,2022-12-14 16:34:00
"212","end",2,68912,56,7.3,0,"59:57.9",1.224742024,0.394537987,0.815372962,0.085839412,"34:06.2",2,"good",21.56666667,2022-12-18,"2022-12-17","2022-12-17 21:14","2022-12-18 12:32","2022-12-18 21:15",18.88718167,"black",1,"SDB","1",-73.74,45.47,"PETI",2022,12,18,-0.5,-2.4,-1.4,0,28,0,2022-12-18 21:34:00,2022-12-18 16:34:00
"213","end",3,68913,58,0,0,"59:53.4",1.449169516,0.455851149,1.010516176,0.093221256,"34:09.1",2,"good",21.56666667,2022-12-19,"2022-12-18","2022-12-18 21:15","2022-12-19 12:32","2022-12-19 21:15",18.58573333,"black",1,"SDB","1",-73.74,45.47,"PETI",2022,12,19,0.3,-4.1,-1.9,0.3,25,0,2022-12-19 21:34:00,2022-12-19 16:34:00
"215","end",5,68915,49,7.3,87.59,"59:52.3",1.0668931,0.603850229,0.413048931,0.068321123,"34:08.0",2,"good",21.56666667,2022-12-13,"2022-12-12","2022-12-12 21:14","2022-12-13 12:28","2022-12-13 21:14",20.01634334,"black",1,"SDB","1",-73.74,45.47,"PETI",2022,12,13,0.4,-9,-4.3,0,0,38,2022-12-13 21:34:00,2022-12-13 16:34:00
"217","end",2,68917,44,0,7.3,"59:57.7",1.304443051,0.636391083,1.03317713,0.139454327,"34:49.9",3,"good",21.56666667,2022-12-09,"2022-12-08","2022-12-08 21:14","2022-12-09 12:25","2022-12-09 21:14",20.797695,"black",1,"SDB","1",-73.74,45.47,"PETI",2022,12,9,-1.1,-9.1,-5.1,0.2,0,36,2022-12-09 21:34:00,2022-12-09 16:34:00
"219","end",4,68919,35,7.3,0,"59:56.6",1.573946737,0.437878516,0.947599075,0.086569483,"34:27.0",3,"good",21.56666667,2022-12-04,"2022-12-03","2022-12-03 21:15","2022-12-04 12:19","2022-12-04 21:14",19.53253333,"black",1,"SDB","1",-73.74,45.47,"PETI",2022,12,4,1.1,-5.1,-2,0.2,0,43,2022-12-04 21:34:00,2022-12-04 16:34:00
"219","end",4,68919,50,0,0,"59:59.7",1.549451565,0.360238941,0.957145656,0.066243269,"34:15.5",3,"good",21.56666667,2022-12-19,"2022-12-18","2022-12-18 21:15","2022-12-19 12:32","2022-12-19 21:15",18.691095,"black",1,"SDB","1",-73.74,45.47,"PETI",2022,12,19,0.3,-4.1,-1.9,0.3,25,0,2022-12-19 21:34:00,2022-12-19 16:34:00
"221","end",1,68921,23,7.3,7.3,"59:57.6",1.154801657,0.521429438,0.469842213,0.058796441,"34:49.8",4,"good",21.56666667,2022-11-25,"2022-11-24","2022-11-24 21:19","2022-11-25 12:09","2022-11-25 21:19",15.64692333,"black",1,"SDB","1",-73.74,45.47,"PETI",2022,11,25,5.5,-2.8,1.3,4,2,43,2022-11-25 21:34:00,2022-11-25 16:34:00
"221","end",1,68921,25,0.1,7.2,"59:56.6",1.059106414,0.492392542,0.353570244,0.05670159,"34:26.9",4,"good",21.56666667,2022-11-27,"2022-11-26","2022-11-26 21:18","2022-11-27 12:11","2022-11-27 21:17",16.5153,"black",1,"SDB","1",-73.74,45.47,"PETI",2022,11,27,10.7,2.9,6.8,3.2,0,32,2022-11-27 21:34:00,2022-11-27 16:34:00
"221","end",1,68921,33,7.3,7.3,"59:59.4",1.030224471,0.579923275,0.503182383,0.068380995,"34:37.0",4,"good",21.56666667,2022-12-05,"2022-12-04","2022-12-04 21:14","2022-12-05 12:21","2022-12-05 21:14",19.96659333,"black",1,"SDB","1",-73.74,45.47,"PETI",2022,12,5,5.9,0.4,3.1,0,0,42,2022-12-05 21:34:00,2022-12-05 16:34:00
"221","end",1,68921,57,7.3,7.3,"59:31.5",0.995913084,0.550491981,0.372334231,0.054293579,"34:29.4",4,"good",21.56666667,2022-12-29,"2022-12-28","2022-12-28 21:20","2022-12-29 12:36","2022-12-29 21:21",13.14034333,"black",1,"SDB","1",-73.74,45.47,"PETI",2022,12,29,6.1,-2.9,1.6,0.5,18,0,2022-12-29 21:34:00,2022-12-29 16:34:00
"222","end",2,68922,16,7.3,0,"59:58.9",0.994521676,0.701684249,0.285108434,0.101780243,"34:58.6",4,"good",21.56666667,2022-11-18,"2022-11-17","2022-11-17 21:25","2022-11-18 12:00","2022-11-18 21:24",10.25997334,"black",1,"SDB","1",-73.74,45.47,"PETI",2022,11,18,-2.1,-7.3,-4.7,1.1,6,46,2022-11-18 21:34:00,2022-11-18 16:34:00
"222","end",2,68922,20,7.3,7.3,"22:20.3",0.89616063,0.608820988,0.248307822,0.087289347,"34:11.6",4,"good",21.56666667,2022-11-22,"2022-11-21","2022-11-21 21:22","2022-11-22 12:05","2022-11-22 21:21",12.87640667,"black",1,"SDB","1",-73.74,45.47,"PETI",2022,11,22,0.8,-6.4,-2.8,0,3,48,2022-11-22 21:34:00,2022-11-22 16:34:00
"224","end",4,68924,25,0,7.3,"59:56.2",0.977347283,0.687627599,0.505400372,0.099408706,"34:33.8",4,"good",21.56666667,2022-11-28,"2022-11-27","2022-11-27 21:17","2022-11-28 12:13","2022-11-28 21:17",17.17946167,"black",1,"SDB","1",-73.74,45.47,"PETI",2022,11,28,5.4,-1.2,2.1,0.5,0,37,2022-11-28 21:34:00,2022-11-28 16:34:00
"224","end",4,68924,37,0,7.3,"59:53.9",1.082234402,0.630890648,0.68803822,0.124405189,"34:09.5",4,"good",21.56666667,2022-12-10,"2022-12-09","2022-12-09 21:14","2022-12-10 12:25","2022-12-10 21:13",20.17502167,"black",1,"SDB","1",-73.74,45.47,"PETI",2022,12,10,-4.7,-10.3,-7.5,0,0,44,2022-12-10 21:34:00,2022-12-10 16:34:00
"224","end",4,68924,41,0,7.3,"59:52.9",1.304793352,0.47678921,0.819739283,0.111695314,"34:45.0",4,"good",21.56666667,2022-12-14,"2022-12-13","2022-12-13 21:14","2022-12-14 12:29","2022-12-14 21:14",20.50042667,"black",1,"SDB","1",-73.74,45.47,"PETI",2022,12,14,2.9,-9.3,-3.2,0,0,0,2022-12-14 21:34:00,2022-12-14 16:34:00
"224","end",4,68924,89,0,7.3,"59:56.3",0.996007851,0.566696022,0.616991181,0.119071392,"34:04.3",4,"good",21.56666667,2023-01-31,"2023-01-30","2023-01-30 21:59","2023-01-31 12:19","2023-01-31 22:01",-27.22776167,"black",1,"SDB","1",-73.74,45.47,"PETI",2023,1,31,-7.6,-19.1,-13.4,1.2,41,32,2023-01-31 21:34:00,2023-01-31 16:34:00
"225","end",5,68925,16,0,0,"59:54.8",1.315213427,0.573666638,0.885551242,0.108069263,"34:25.1",4,"good",21.56666667,2022-11-24,"2022-11-23","2022-11-23 21:20","2022-11-24 12:08","2022-11-24 21:19",14.56823833,"black",1,"SDB","1",-73.74,45.47,"PETI",2022,11,24,2.8,-4.5,-0.9,0,3,0,2022-11-24 21:34:00,2022-11-24 16:34:00
"225","end",5,68925,32,0,7.3,"59:54.6",1.307301233,0.592344419,0.928847861,0.148785902,"34:02.9",4,"good",21.56666667,2022-12-10,"2022-12-09","2022-12-09 21:14","2022-12-10 12:25","2022-12-10 21:13",20.06504333,"black",1,"SDB","1",-73.74,45.47,"PETI",2022,12,10,-4.7,-10.3,-7.5,0,0,44,2022-12-10 21:34:00,2022-12-10 16:34:00
"225","end",5,68925,41,0,7.3,"59:58.3",1.448943469,0.486954584,0.985046364,0.090958841,"34:43.1",4,"good",21.56666667,2022-12-19,"2022-12-18","2022-12-18 21:15","2022-12-19 12:32","2022-12-19 21:15",19.152375,"black",1,"SDB","1",-73.74,45.47,"PETI",2022,12,19,0.3,-4.1,-1.9,0.3,25,0,2022-12-19 21:34:00,2022-12-19 16:34:00
"93","end",3,77870,16,0,9.7,"59:59.2",0.810387013,0.494234522,0.373960746,0.0632914,"34:49.7",5,"good",21.56666667,2023-11-13,"2023-11-12","2023-11-12 21:31","2023-11-13 11:52","2023-11-13 21:30",4.812111668,"black",1,"BDU","2",-73.74,45.47,"PETI",2023,11,13,1.4,-5.8,-2.2,0.7,0,0,2023-11-13 21:34:00,2023-11-13 16:34:00
"102","end",3,77879,57,0,9.7,"59:50.9",1.285829026,0.615979017,0.841542109,0.119403786,"34:12.1",6,"good",21.56666667,2023-12-30,"2023-12-29","2023-12-29 21:21","2023-12-30 12:36","2023-12-30 21:21",12.25228333,"black",1,"SDB","2",-73.74,45.47,"PETI",2023,12,30,1.4,-4.2,-1.4,1.7,0,0,2023-12-30 21:34:00,2023-12-30 16:34:00
"104","end",5,77881,22,9.7,0,"59:56.4",1.131367084,0.650095023,0.560157074,0.088394691,"34:37.3",6,"good",21.56666667,2023-11-26,"2023-11-25","2023-11-25 21:19","2023-11-26 12:10","2023-11-26 21:18",15.92207167,"black",1,"SDB","2",-73.74,45.47,"PETI",2023,11,26,4.9,-1.5,1.7,8.6,0,43,2023-11-26 21:34:00,2023-11-26 16:34:00
"104","end",5,77881,26,9.7,9.7,"59:58.4",1.139672333,0.643628114,0.484003583,0.117845264,"34:10.2",6,"good",21.56666667,2023-11-30,"2023-11-29","2023-11-29 21:17","2023-11-30 12:15","2023-11-30 21:16",17.65417333,"black",1,"SDB","2",-73.74,45.47,"PETI",2023,11,30,6.9,-0.1,3.4,0,0,43,2023-11-30 21:34:00,2023-11-30 16:34:00
"111","end",2,77888,15,0,9.7,"59:54.0",1.096875064,0.711908212,0.598249581,0.132011538,"34:25.2",7,"good",21.56666667,2023-11-28,"2023-11-27","2023-11-27 21:18","2023-11-28 12:12","2023-11-28 21:17",16.90400833,"black",1,"SDB","2",-73.74,45.47,"PETI",2023,11,28,0.6,-5.3,-2.4,0.2,0,51,2023-11-28 21:34:00,2023-11-28 16:34:00
"111","end",2,77888,35,0,0,"59:53.2",1.29833613,0.670127438,0.68782494,0.161502782,"34:34.1",7,"good",21.56666667,2023-12-18,"2023-12-17","2023-12-17 21:14","2023-12-18 12:31","2023-12-18 21:15",19.43546833,"black",1,"SDB","2",-73.74,45.47,"PETI",2023,12,18,9.4,5.3,7.3,51.2,1,37,2023-12-18 21:34:00,2023-12-18 16:34:00
"114","end",5,77891,4,0,9.7,"59:50.2",0.892103889,0.622301211,0.445855464,0.117673789,"34:50.8",7,"good",21.56666667,2023-11-23,"2023-11-22","2023-11-22 21:21","2023-11-23 12:06","2023-11-23 21:20",14.08031833,"black",1,"BDU","2",-73.74,45.47,"PETI",2023,11,23,5.4,1.3,3.3,0.4,0,0,2023-11-23 21:34:00,2023-11-23 16:34:00
"114","end",5,77891,9,19.4,9.7,"59:57.2",0.840526365,0.570276432,0.338032904,0.080789516,"34:28.4",7,"good",21.56666667,2023-11-28,"2023-11-27","2023-11-27 21:18","2023-11-28 12:12","2023-11-28 21:17",16.956945,"black",1,"BDU","2",-73.74,45.47,"PETI",2023,11,28,0.6,-5.3,-2.4,0.2,0,51,2023-11-28 21:34:00,2023-11-28 16:34:00
"114","end",5,77891,11,0.1,9.6,"59:57.9",0.733498708,0.610112291,0.304521411,0.094527695,"34:58.2",7,"good",21.56666667,2023-11-30,"2023-11-29","2023-11-29 21:17","2023-11-30 12:15","2023-11-30 21:16",18.45391167,"black",1,"BDU","2",-73.74,45.47,"PETI",2023,11,30,6.9,-0.1,3.4,0,0,43,2023-11-30 21:34:00,2023-11-30 16:34:00
"116","end",7,77893,30,0,9.7,"59:52.1",0.853430692,0.550856017,0.486671073,0.09027036,"34:32.9",7,"good",21.56666667,2023-12-22,"2023-12-21","2023-12-21 21:16","2023-12-22 12:34","2023-12-22 21:16",17.79883833,"black",1,"SDB","2",-73.74,45.47,"PETI",2023,12,22,-4.1,-10.1,-7.1,2.2,0,0,2023-12-22 21:34:00,2023-12-22 16:34:00
"121","end",2,77898,33,0,1134.77,"47:26.6",1.607840278,0.664403918,0.832980418,0.085829339,"34:05.1",8,"good",21.56666667,2023-11-19,"2023-11-18","2023-11-18 21:24","2023-11-19 12:01","2023-11-19 21:24",10.05126167,"black",1,"BDU","2",-73.74,45.47,"PETI",2023,11,19,5.3,-3.7,0.8,0.5,0,44,2023-11-19 21:34:00,2023-11-19 16:34:00
"123","end",3,77899,39,19.4,9.7,"03:43.9",1.338004373,0.664982138,0.572802118,0.094463393,"34:20.4",8,"good",21.56666667,2023-11-26,"2023-11-25","2023-11-25 21:19","2023-11-26 12:10","2023-11-26 21:18",15.64033,"black",1,"SDB","2",-73.74,45.47,"PETI",2023,11,26,4.9,-1.5,1.7,8.6,0,43,2023-11-26 21:34:00,2023-11-26 16:34:00
"123","end",3,77899,65,0,9.7,"59:54.2",1.169468377,0.631300694,0.651506734,0.107579675,"34:15.5",8,"good",21.56666667,2023-12-22,"2023-12-21","2023-12-21 21:16","2023-12-22 12:34","2023-12-22 21:16",17.50840167,"black",1,"SDB","2",-73.74,45.47,"PETI",2023,12,22,-4.1,-10.1,-7.1,2.2,0,0,2023-12-22 21:34:00,2023-12-22 16:34:00
"127","end",7,77903,40,9.7,0,"59:55.1",1.191112348,0.659730148,0.76617728,0.148303941,"34:55.5",8,"good",21.56666667,2023-11-28,"2023-11-27","2023-11-27 21:18","2023-11-28 12:12","2023-11-28 21:17",17.40807833,"black",1,"SDB","2",-73.74,45.47,"PETI",2023,11,28,0.6,-5.3,-2.4,0.2,0,51,2023-11-28 21:34:00,2023-11-28 16:34:00
"127","end",7,77903,41,0,9.7,"59:59.8",1.132255107,0.57145494,0.720248991,0.111993226,"34:31.1",8,"good",21.56666667,2023-11-29,"2023-11-28","2023-11-28 21:17","2023-11-29 12:13","2023-11-29 21:17",17.51849667,"black",1,"SDB","2",-73.74,45.47,"PETI",2023,11,29,0.8,-7.9,-3.6,1,0,47,2023-11-29 21:34:00,2023-11-29 16:34:00
"127","end",7,77903,57,0,9.7,"59:58.9",1.253981198,0.528376155,0.824837146,0.104294906,"34:30.1",8,"good",21.56666667,2023-12-15,"2023-12-14","2023-12-14 21:14","2023-12-15 12:29","2023-12-15 21:14",20.11905667,"black",1,"SDB","2",-73.74,45.47,"PETI",2023,12,15,8.1,2.6,5.4,0,1,46,2023-12-15 21:34:00,2023-12-15 16:34:00
"127","end",7,77903,78,9.7,0,"59:52.6",1.036163427,0.593345117,0.592188537,0.121190464,"34:53.0",8,"good",21.56666667,2024-01-05,"2024-01-04","2024-01-04 21:26","2024-01-05 12:36","2024-01-05 21:27",7.499770002,"black",1,"SDB","2",-73.74,45.47,"PETI",2024,1,5,-1.2,-12.5,-6.9,0,0,31,2024-01-05 21:34:00,2024-01-05 16:34:00
"608","end",3,90326,58,9.7,0,"59:50.5",1.00487171,0.436284752,0.858621386,0.085828525,"34:41.1",9,"good",21.56666667,2024-12-19,"2024-12-18","2024-12-18 21:15","2024-12-19 12:33","2024-12-19 21:15",18.93582667,"black",1,"BDU","3",-73.74,45.47,"PETI",2024,12,19,0.9,-9.3,-4.2,0.2,0,36,2024-12-19 21:34:00,2024-12-19 16:34:00
"608","end",3,90326,59,0,9.7,"59:55.5",0.913738481,0.506338085,0.725520256,0.099509697,"34:46.2",9,"good",21.56666667,2024-12-20,"2024-12-19","2024-12-19 21:15","2024-12-20 12:33","2024-12-20 21:16",18.60261333,"black",1,"BDU","3",-73.74,45.47,"PETI",2024,12,20,-6.7,-10.7,-8.7,0.2,0,32,2024-12-20 21:34:00,2024-12-20 16:34:00
"617","end",2,90335,49,9.7,9.7,"59:28.1",1.165894253,0.735489614,0.733435155,0.107253786,"34:58.0",10,"good",21.56666667,2024-12-12,"2024-12-11","2024-12-11 21:14","2024-12-12 12:28","2024-12-12 21:14",20.90010333,"black",1,"BDU","3",-73.74,45.47,"PETI",2024,12,12,1.9,-7.2,-2.6,0,0,63,2024-12-12 21:34:00,2024-12-12 16:34:00
"620","end",4,90338,33,19.4,9.7,"59:37.4",0.725171725,0.551914892,0.103746222,0.064649458,"34:08.9",10,"good",21.56666667,2024-11-30,"2024-11-29","2024-11-29 21:16","2024-11-30 12:16","2024-11-30 21:16",17.96428334,"black",1,"BDU","3",-73.74,45.47,"PETI",2024,11,30,2.3,-0.9,0.7,0.2,0,41,2024-11-30 21:34:00,2024-11-30 16:34:00
"631","end",6,90349,26,19.4,0,"59:50.6",0.712749827,0.606778305,0.294011232,0.07804577,"34:02.8",11,"good",21.56666667,2024-12-07,"2024-12-06","2024-12-06 21:14","2024-12-07 12:23","2024-12-07 21:14",19.86406833,"black",1,"BDU","3",-73.74,45.47,"PETI",2024,12,7,-2.5,-8.3,-5.4,2.4,1,0,2024-12-07 21:34:00,2024-12-07 16:34:00
"631","end",6,90349,48,0,0,"59:56.7",1.131082694,0.502989439,0.803307366,0.078567011,"34:57.4",11,"good",21.56666667,2024-12-29,"2024-12-28","2024-12-28 21:20","2024-12-29 12:36","2024-12-29 21:21",13.22307833,"black",1,"BDU","3",-73.74,45.47,"PETI",2024,12,29,7.9,-3.1,2.4,5.3,6,0,2024-12-29 21:34:00,2024-12-29 16:34:00
"634","end",9,90352,26,9.7,9.7,"59:56.7",0.791640456,0.611288441,0.283170584,0.10079854,"34:37.9",11,"good",21.56666667,2024-12-08,"2024-12-07","2024-12-07 21:14","2024-12-08 12:24","2024-12-08 21:14",20.56432667,"black",1,"NDG","3",-73.74,45.47,"PETI",2024,12,8,3,-3.5,-0.3,5.4,11,42,2024-12-08 21:34:00,2024-12-08 16:34:00
"635","end",10,90353,9,9.7,0,"59:56.6",0.912894848,0.585059005,0.672285019,0.080113646,"34:47.2",11,"good",21.56666667,2024-11-21,"2024-11-20","2024-11-20 21:22","2024-11-21 12:04","2024-11-21 21:21",13.05317,"black",1,"BDU","3",-73.74,45.47,"PETI",2024,11,21,8.1,5.4,6.8,1.7,0,44,2024-11-21 21:34:00,2024-11-21 16:34:00
"635","end",10,90353,18,0,9.7,"59:59.0",0.693765432,0.654205005,0.287359925,0.113803538,"34:30.4",11,"good",21.56666667,2024-11-30,"2024-11-29","2024-11-29 21:16","2024-11-30 12:16","2024-11-30 21:16",18.32333833,"black",1,"BDU","3",-73.74,45.47,"PETI",2024,11,30,2.3,-0.9,0.7,0.2,0,41,2024-11-30 21:34:00,2024-11-30 16:34:00
"635","end",10,90353,40,0,9.7,"59:52.9",0.690348815,0.491559533,0.231298704,0.072709078,"34:33.7",11,"good",21.56666667,2024-12-22,"2024-12-21","2024-12-21 21:16","2024-12-22 12:34","2024-12-22 21:17",17.444895,"black",1,"BDU","3",-73.74,45.47,"PETI",2024,12,22,-11.2,-16.9,-14,0.2,0,0,2024-12-22 21:34:00,2024-12-22 16:34:00
"635","end",10,90353,41,0,0,"52:03.5",0.64947648,0.56155136,0.248897667,0.084244135,"34:20.2",11,"good",21.56666667,2024-12-23,"2024-12-22","2024-12-22 21:17","2024-12-23 12:34","2024-12-23 21:17",16.66922333,"black",1,"BDU","3",-73.74,45.47,"PETI",2024,12,23,-6.9,-16,-11.4,5.2,0,0,2024-12-23 21:34:00,2024-12-23 16:34:00
"641","end",5,90359,16,9.7,9.7,"58:40.8",1.275239509,0.662362898,0.749338265,0.080870274,"34:58.8",12,"good",21.56666667,2024-11-30,"2024-11-29","2024-11-29 21:16","2024-11-30 12:16","2024-11-30 21:16",18.795955,"black",1,"SDB","3",-73.74,45.47,"PETI",2024,11,30,2.3,-0.9,0.7,0.2,0,41,2024-11-30 21:34:00,2024-11-30 16:34:00
"645","end",7,90363,24,0,9.7,"59:50.6",1.329054157,0.685740082,0.83221564,0.149549179,"34:41.2",12,"good",21.56666667,2024-12-08,"2024-12-07","2024-12-07 21:14","2024-12-08 12:24","2024-12-08 21:14",20.62000167,"black",1,"SDB","3",-73.74,45.47,"PETI",2024,12,8,3,-3.5,-0.3,5.4,11,42,2024-12-08 21:34:00,2024-12-08 16:34:00
"206","end",1,68906,39,0,0,"59:57.3",1.256182737,0.533416037,0.624454727,0.120416611,"35:18.9",1,"good",21.58333333,2022-11-19,"2022-11-18","2022-11-18 21:24","2022-11-19 12:01","2022-11-19 21:23",11.49784667,"black",1,"SDB","1",-73.74,45.47,"PETI",2022,11,19,1.5,-3,-0.8,0.8,8,50,2022-11-19 21:35:00,2022-11-19 16:35:00
"206","end",1,68906,70,7.3,0,"55:42.6",1.093465123,0.749651252,0.468895522,0.13378253,"35:12.4",1,"good",21.58333333,2022-12-20,"2022-12-19","2022-12-19 21:15","2022-12-20 12:33","2022-12-20 21:15",19.23953167,"black",1,"SDB","1",-73.74,45.47,"PETI",2022,12,20,-1.8,-5,-3.4,0,23,0,2022-12-20 21:35:00,2022-12-20 16:35:00
"209","end",4,68909,34,14.5,7.3,"59:53.8",1.082134846,0.693733607,0.378994617,0.093295557,"35:37.0",1,"good",21.58333333,2022-11-16,"2022-11-15","2022-11-15 21:27","2022-11-16 11:57","2022-11-16 21:26",9.000268332,"black",1,"SDB","1",-73.74,45.47,"PETI",2022,11,16,0.7,-0.8,-0.1,9.9,0,33,2022-11-16 21:35:00,2022-11-16 16:35:00
"212","end",2,68912,20,7.3,7.3,"59:59.0",1.454061191,0.668879422,0.812901764,0.093116448,"35:56.8",2,"good",21.58333333,2022-11-12,"2022-11-11","2022-11-11 21:31","2022-11-12 11:51","2022-11-12 21:30",5.096468333,"black",1,"SDB","1",-73.74,45.47,"PETI",2022,11,12,14.8,6.8,10.8,26.6,0,44,2022-11-12 21:35:00,2022-11-12 16:35:00
"212","end",2,68912,30,14.6,0,"59:57.4",1.444056128,0.674243933,0.851064156,0.092569478,"35:04.2",2,"good",21.58333333,2022-11-22,"2022-11-21","2022-11-21 21:22","2022-11-22 12:05","2022-11-22 21:21",13.75264167,"black",1,"SDB","1",-73.74,45.47,"PETI",2022,11,22,0.8,-6.4,-2.8,0,3,48,2022-11-22 21:35:00,2022-11-22 16:35:00
"212","end",2,68912,50,0,7.3,"59:58.0",1.436793093,0.427116524,1.104704865,0.077326714,"35:33.9",2,"good",21.58333333,2022-12-12,"2022-12-11","2022-12-11 21:13","2022-12-12 12:27","2022-12-12 21:14",21.53215333,"black",1,"SDB","1",-73.74,45.47,"PETI",2022,12,12,-2.8,-9.9,-6.3,0,0,31,2022-12-12 21:35:00,2022-12-12 16:35:00
"213","end",3,68913,61,0,7.3,"59:56.1",1.386022253,0.444617985,1.01261939,0.06926684,"35:24.8",2,"good",21.58333333,2022-12-22,"2022-12-21","2022-12-21 21:16","2022-12-22 12:34","2022-12-22 21:16",18.53042167,"black",1,"SDB","1",-73.74,45.47,"PETI",2022,12,22,-2.1,-8.5,-5.3,3.6,19,36,2022-12-22 21:35:00,2022-12-22 16:35:00
"217","end",2,68917,27,0,7.3,"59:53.4",1.516555047,0.494593115,1.004375823,0.083466925,"35:36.7",3,"good",21.58333333,2022-11-22,"2022-11-21","2022-11-21 21:22","2022-11-22 12:05","2022-11-22 21:21",14.29511167,"black",1,"SDB","1",-73.74,45.47,"PETI",2022,11,22,0.8,-6.4,-2.8,0,3,48,2022-11-22 21:35:00,2022-11-22 16:35:00
"217","end",2,68917,33,270.07,7.3,"59:57.1",1.162284906,0.53111467,0.765277798,0.097910166,"35:33.1",3,"good",21.58333333,2022-11-28,"2022-11-27","2022-11-27 21:17","2022-11-28 12:13","2022-11-28 21:17",18.16830333,"black",1,"SDB","1",-73.74,45.47,"PETI",2022,11,28,5.4,-1.2,2.1,0.5,0,37,2022-11-28 21:35:00,2022-11-28 16:35:00
"217","end",2,68917,37,0,0,"59:54.7",1.425075489,0.489072006,0.987420111,0.09301942,"35:08.7",3,"good",21.58333333,2022-12-02,"2022-12-01","2022-12-01 21:15","2022-12-02 12:17","2022-12-02 21:15",19.57900833,"black",1,"SDB","1",-73.74,45.47,"PETI",2022,12,2,4.2,-3.9,0.1,0,0,43,2022-12-02 21:35:00,2022-12-02 16:35:00
"217","end",2,68917,45,0,7.3,"59:57.1",1.497716433,0.551740996,1.116048293,0.234840662,"35:25.8",3,"good",21.58333333,2022-12-10,"2022-12-09","2022-12-09 21:14","2022-12-10 12:25","2022-12-10 21:13",21.44619167,"black",1,"SDB","1",-73.74,45.47,"PETI",2022,12,10,-4.7,-10.3,-7.5,0,0,44,2022-12-10 21:35:00,2022-12-10 16:35:00
"217","end",2,68917,56,0,0,"59:57.5",1.398819848,0.482422061,0.860048234,0.099272496,"35:40.8",3,"good",21.58333333,2022-12-21,"2022-12-20","2022-12-20 21:15","2022-12-21 12:33","2022-12-21 21:16",19.27921833,"black",1,"SDB","1",-73.74,45.47,"PETI",2022,12,21,1.5,-8.5,-3.5,0,21,36,2022-12-21 21:35:00,2022-12-21 16:35:00
"219","end",4,68919,29,0,0,"59:59.7",1.291508653,0.53483628,0.776758691,0.101956881,"35:28.5",3,"good",21.58333333,2022-11-28,"2022-11-27","2022-11-27 21:17","2022-11-28 12:13","2022-11-28 21:17",18.09138667,"black",1,"SDB","1",-73.74,45.47,"PETI",2022,11,28,5.4,-1.2,2.1,0.5,0,37,2022-11-28 21:35:00,2022-11-28 16:35:00
"219","end",4,68919,43,0,7.3,"59:57.3",1.51312504,0.406196348,1.025884747,0.114994912,"35:40.7",3,"good",21.58333333,2022-12-12,"2022-12-11","2022-12-11 21:13","2022-12-12 12:27","2022-12-12 21:14",21.64440333,"black",1,"SDB","1",-73.74,45.47,"PETI",2022,12,12,-2.8,-9.9,-6.3,0,0,31,2022-12-12 21:35:00,2022-12-12 16:35:00
"220","end",5,68920,53,7.3,7.3,"59:58.1",1.259232308,0.589201762,0.654231902,0.148279765,"35:04.9",3,"good",21.58333333,2022-12-24,"2022-12-23","2022-12-23 21:17","2022-12-24 12:35","2022-12-24 21:17",17.13225333,"black",1,"SDB","1",-73.74,45.47,"PETI",2022,12,24,-7,-9.7,-8.4,0.2,11,74,2022-12-24 21:35:00,2022-12-24 16:35:00
"221","end",1,68921,40,7.3,124.08,"59:55.4",1.197101351,0.549130243,0.64825882,0.054122189,"35:16.8",4,"good",21.58333333,2022-12-12,"2022-12-11","2022-12-11 21:13","2022-12-12 12:27","2022-12-12 21:14",21.24655,"black",1,"SDB","1",-73.74,45.47,"PETI",2022,12,12,-2.8,-9.9,-6.3,0,0,31,2022-12-12 21:35:00,2022-12-12 16:35:00
"221","end",1,68921,43,7.3,7.3,"59:53.6",0.854172171,0.547194193,0.404874068,0.060138393,"35:44.2",4,"good",21.58333333,2022-12-15,"2022-12-14","2022-12-14 21:14","2022-12-15 12:30","2022-12-15 21:14",21.30315333,"black",1,"SDB","1",-73.74,45.47,"PETI",2022,12,15,5.6,0.8,3.2,0,0,38,2022-12-15 21:35:00,2022-12-15 16:35:00
"221","end",1,68921,50,7.3,7.3,"59:49.2",1.112245196,0.60133785,0.526870623,0.054340086,"35:25.2",4,"good",21.58333333,2022-12-22,"2022-12-21","2022-12-21 21:16","2022-12-22 12:34","2022-12-22 21:16",18.53668833,"black",1,"SDB","1",-73.74,45.47,"PETI",2022,12,22,-2.1,-8.5,-5.3,3.6,19,36,2022-12-22 21:35:00,2022-12-22 16:35:00
"222","end",2,68922,19,0,14.59,"59:58.4",0.951770063,0.711956219,0.306715336,0.093177135,"35:49.0",4,"good",21.58333333,2022-11-21,"2022-11-20","2022-11-20 21:22","2022-11-21 12:04","2022-11-21 21:22",13.699215,"black",1,"SDB","1",-73.74,45.47,"PETI",2022,11,21,4.2,-9.7,-2.8,0,4,56,2022-11-21 21:35:00,2022-11-21 16:35:00
"224","end",4,68924,46,0,7.3,"59:59.0",1.250782763,0.452486293,0.798262677,0.089055851,"35:42.3",4,"good",21.58333333,2022-12-19,"2022-12-18","2022-12-18 21:15","2022-12-19 12:32","2022-12-19 21:15",20.13792833,"black",1,"SDB","1",-73.74,45.47,"PETI",2022,12,19,0.3,-4.1,-1.9,0.3,25,0,2022-12-19 21:35:00,2022-12-19 16:35:00
"225","end",5,68925,3,0,7.3,"59:57.0",1.280236818,0.486633391,0.90751667,0.074684614,"35:03.7",4,"good",21.58333333,2022-11-11,"2022-11-10","2022-11-10 21:33","2022-11-11 11:50","2022-11-11 21:31",3.078196669,"black",1,"SDB","1",-73.74,45.47,"PETI",2022,11,11,16.8,7.1,12,38.8,0,0,2022-11-11 21:35:00,2022-11-11 16:35:00
"225","end",5,68925,38,0,7.3,"59:58.8",1.463339811,0.599407971,0.933303878,0.103705122,"35:05.5",4,"good",21.58333333,2022-12-16,"2022-12-15","2022-12-15 21:14","2022-12-16 12:30","2022-12-16 21:14",20.44214333,"black",1,"SDB","1",-73.74,45.47,"PETI",2022,12,16,2.2,-0.8,0.7,11.4,1,38,2022-12-16 21:35:00,2022-12-16 16:35:00
"92","end",2,77869,22,9.7,0,"59:53.2",0.470413862,0.382580874,0.063338637,0.03529077,"35:32.0",5,"good",21.58333333,2023-11-19,"2023-11-18","2023-11-18 21:24","2023-11-19 12:01","2023-11-19 21:24",11.50056167,"black",1,"BDU","2",-73.74,45.47,"PETI",2023,11,19,5.3,-3.7,0.8,0.5,0,44,2023-11-19 21:35:00,2023-11-19 16:35:00
"93","end",3,77870,14,9.65,9.7,"59:56.0",0.683836445,0.555540969,0.229585385,0.07472149,"35:25.1",5,"good",21.58333333,2023-11-11,"2023-11-10","2023-11-10 21:33","2023-11-11 11:49","2023-11-11 21:32",3.135168334,"black",1,"BDU","2",-73.74,45.47,"PETI",2023,11,11,2.4,-1.1,0.7,0.2,0,0,2023-11-11 21:35:00,2023-11-11 16:35:00
"93","end",3,77870,29,19.4,9.7,"59:55.6",0.976057257,0.499888448,0.484856327,0.088345487,"35:05.5",5,"good",21.58333333,2023-11-26,"2023-11-25","2023-11-25 21:19","2023-11-26 12:10","2023-11-26 21:18",16.39173,"black",1,"BDU","2",-73.74,45.47,"PETI",2023,11,26,4.9,-1.5,1.7,8.6,0,43,2023-11-26 21:35:00,2023-11-26 16:35:00
"93","end",3,77870,45,9.7,19.4,"59:51.4",1.321411635,0.662680047,0.749098029,0.092192117,"35:40.1",5,"good",21.58333333,2023-12-12,"2023-12-11","2023-12-11 21:13","2023-12-12 12:27","2023-12-12 21:14",21.65210333,"black",1,"BDU","2",-73.74,45.47,"PETI",2023,12,12,4.3,-5.4,-0.5,0.4,2,42,2023-12-12 21:35:00,2023-12-12 16:35:00
"99","end",8,77876,43,9.7,9.7,"59:57.7",1.331605972,0.773791926,0.725211001,0.171374886,"35:46.4",5,"good",21.58333333,2023-12-13,"2023-12-12","2023-12-12 21:14","2023-12-13 12:28","2023-12-13 21:14",21.68943834,"black",1,"SDB","2",-73.74,45.47,"PETI",2023,12,13,1.1,-6.9,-2.9,1,1,47,2023-12-13 21:35:00,2023-12-13 16:35:00
"99","end",8,77876,44,0,9.7,"59:55.1",1.212569455,0.629832924,0.625008406,0.108948142,"35:04.9",5,"good",21.58333333,2023-12-14,"2023-12-13","2023-12-13 21:14","2023-12-14 12:29","2023-12-14 21:14",20.86514167,"black",1,"SDB","2",-73.74,45.47,"PETI",2023,12,14,2.8,-7.5,-2.3,0.8,1,37,2023-12-14 21:35:00,2023-12-14 16:35:00
"99","end",8,77876,54,0,0,"59:57.7",1.205899542,0.547081559,0.728558596,0.101409259,"35:07.5",5,"good",21.58333333,2023-12-24,"2023-12-23","2023-12-23 21:17","2023-12-24 12:35","2023-12-24 21:17",17.325135,"black",1,"SDB","2",-73.74,45.47,"PETI",2023,12,24,2.1,-1.5,0.3,0,0,0,2023-12-24 21:35:00,2023-12-24 16:35:00
"111","end",2,77888,4,0,9.7,"59:59.0",0.985970882,0.59664155,0.495047049,0.115561931,"35:57.5",7,"good",21.58333333,2023-11-17,"2023-11-16","2023-11-16 21:26","2023-11-17 11:58","2023-11-17 21:25",10.05887333,"black",1,"SDB","2",-73.74,45.47,"PETI",2023,11,17,14.3,3.2,8.8,6.4,0,49,2023-11-17 21:35:00,2023-11-17 16:35:00
"111","end",2,77888,32,0,0,"59:58.2",1.133533894,0.51920561,0.655931231,0.098783825,"35:56.8",7,"good",21.58333333,2023-12-15,"2023-12-14","2023-12-14 21:14","2023-12-15 12:29","2023-12-15 21:14",21.56299667,"black",1,"SDB","2",-73.74,45.47,"PETI",2023,12,15,8.1,2.6,5.4,0,1,46,2023-12-15 21:35:00,2023-12-15 16:35:00
"120","end",1,77897,69,0,9.7,"59:59.3",1.27102592,0.621663029,0.627470059,0.073110057,"34:59.5",8,"good",21.58333333,2023-12-21,"2023-12-20","2023-12-20 21:15","2023-12-21 12:33","2023-12-21 21:16",18.70789333,"black",1,"SDB","2",-73.74,45.47,"PETI",2023,12,21,-3.9,-9.2,-6.5,1,0,39,2023-12-21 21:35:00,2023-12-21 16:35:00
"120","end",1,77897,70,0,9.7,"59:46.5",0.769619726,0.63267504,0.2006864,0.102750882,"35:15.7",8,"good",21.58333333,2023-12-22,"2023-12-21","2023-12-21 21:16","2023-12-22 12:34","2023-12-22 21:16",18.51238667,"black",1,"SDB","2",-73.74,45.47,"PETI",2023,12,22,-4.1,-10.1,-7.1,2.2,0,0,2023-12-22 21:35:00,2023-12-22 16:35:00
"123","end",3,77899,42,9.7,9.7,"59:53.0",1.232498641,0.688126378,0.772773697,0.100927013,"35:02.8",8,"good",21.58333333,2023-11-29,"2023-11-28","2023-11-28 21:17","2023-11-29 12:13","2023-11-29 21:17",18.046955,"black",1,"SDB","2",-73.74,45.47,"PETI",2023,11,29,0.8,-7.9,-3.6,1,0,47,2023-11-29 21:35:00,2023-11-29 16:35:00
"608","end",3,90326,38,0,9.7,"59:55.3",0.823821557,0.524841113,0.386908815,0.084380746,"35:53.8",9,"good",21.58333333,2024-11-29,"2024-11-28","2024-11-28 21:17","2024-11-29 12:14","2024-11-29 21:16",19.26334,"black",1,"BDU","3",-73.74,45.47,"PETI",2024,11,29,3.6,-1.8,0.9,0,0,42,2024-11-29 21:35:00,2024-11-29 16:35:00
"608","end",3,90326,44,0,9.7,"59:57.0",1.197689746,0.43666463,0.885684762,0.08944152,"35:26.5",9,"good",21.58333333,2024-12-05,"2024-12-04","2024-12-04 21:14","2024-12-05 12:21","2024-12-05 21:14",20.90796333,"black",1,"BDU","3",-73.74,45.47,"PETI",2024,12,5,1.4,-4.2,-1.4,1.9,1,53,2024-12-05 21:35:00,2024-12-05 16:35:00
"608","end",3,90326,71,9.7,0,"59:57.1",1.002617121,0.493489761,0.892192092,0.088155506,"35:16.8",9,"good",21.58333333,2025-01-01,"2024-12-31","2024-12-31 21:23","2025-01-01 12:36","2025-01-01 21:24",10.9974,"black",1,"BDU","3",-73.74,45.47,"PETI",2025,1,1,2.1,0.4,1.2,5.9,0,46,2025-01-01 21:35:00,2025-01-01 16:35:00
"608","end",3,90326,74,0,9.7,"59:52.7",1.26356489,0.418491422,1.047137812,0.069975561,"35:22.1",9,"good",21.58333333,2025-01-04,"2025-01-03","2025-01-03 21:26","2025-01-04 12:36","2025-01-04 21:27",8.234935002,"black",1,"BDU","3",-73.74,45.47,"PETI",2025,1,4,-9.3,-12.5,-10.9,0.7,0,43,2025-01-04 21:35:00,2025-01-04 16:35:00
"617","end",2,90335,11,0,9.7,"59:53.4",1.008441112,0.650055911,0.719415638,0.093874065,"35:33.0",10,"good",21.58333333,2024-11-04,"2024-11-03","2024-11-03 21:41","2024-11-04 11:41","2024-11-04 21:40",-4.582805002,"black",1,"BDU","3",-73.74,45.47,"PETI",2024,11,4,8.2,2.5,5.4,5.3,0,34,2024-11-04 21:35:00,2024-11-04 16:35:00
"617","end",2,90335,31,9.7,9.7,"59:55.2",0.882910501,0.738368564,0.497888237,0.10565588,"35:54.2",10,"good",21.58333333,2024-11-24,"2024-11-23","2024-11-23 21:20","2024-11-24 12:08","2024-11-24 21:19",16.38664167,"black",1,"BDU","3",-73.74,45.47,"PETI",2024,11,24,5.3,-0.1,2.6,0,0,58,2024-11-24 21:35:00,2024-11-24 16:35:00
"617","end",2,90335,74,0,9.7,"59:50.3",0.941503684,0.418389142,0.73539456,0.101266244,"35:29.9",10,"good",21.58333333,2025-01-06,"2025-01-05","2025-01-05 21:28","2025-01-06 12:36","2025-01-06 21:29",6.315795,"black",1,"BDU","3",-73.74,45.47,"PETI",2025,1,6,-9.4,-15.9,-12.7,0,0,33,2025-01-06 21:35:00,2025-01-06 16:35:00
"617","end",2,90335,81,0,0,"59:51.1",0.890784095,0.525324195,0.743074955,0.110243658,"35:21.0",10,"good",21.58333333,2025-01-13,"2025-01-12","2025-01-12 21:36","2025-01-13 12:33","2025-01-13 21:37",-1.899796665,"black",1,"BDU","3",-73.74,45.47,"PETI",2025,1,13,-1.1,-5.2,-3.2,4.2,5,42,2025-01-13 21:35:00,2025-01-13 16:35:00
"620","end",4,90338,41,9.7,19.4,"59:58.5",0.75508315,0.625257695,0.16951897,0.080326476,"35:28.0",10,"good",21.58333333,2024-12-08,"2024-12-07","2024-12-07 21:14","2024-12-08 12:24","2024-12-08 21:14",21.39969333,"black",1,"BDU","3",-73.74,45.47,"PETI",2024,12,8,3,-3.5,-0.3,5.4,11,42,2024-12-08 21:35:00,2024-12-08 16:35:00
"625","end",9,90343,56,0,9.7,"59:55.0",1.165722947,0.469906691,0.732086552,0.109204936,"35:43.8",10,"good",21.58333333,2024-12-25,"2024-12-24","2024-12-24 21:18","2024-12-25 12:35","2024-12-25 21:18",16.86393167,"black",1,"SDB","3",-73.74,45.47,"PETI",2024,12,25,-5.4,-15.8,-10.6,0,8,0,2024-12-25 21:35:00,2024-12-25 16:35:00
"627","end",2,90345,28,9.7,0,"59:52.5",1.021810332,0.573516379,0.424254648,0.087367,"35:12.0",11,"good",21.58333333,2024-11-30,"2024-11-29","2024-11-29 21:16","2024-11-30 12:16","2024-11-30 21:16",19.01591833,"black",1,"BDU","3",-73.74,45.47,"PETI",2024,11,30,2.3,-0.9,0.7,0.2,0,41,2024-11-30 21:35:00,2024-11-30 16:35:00
"627","end",2,90345,31,0,9.7,"59:55.2",1.092645883,0.593322073,0.543738227,0.081367555,"35:53.5",11,"good",21.58333333,2024-12-03,"2024-12-02","2024-12-02 21:15","2024-12-03 12:19","2024-12-03 21:15",20.824515,"black",1,"BDU","3",-73.74,45.47,"PETI",2024,12,3,0.1,-5.2,-2.6,0.2,0,0,2024-12-03 21:35:00,2024-12-03 16:35:00
"630","end",5,90348,4,0,9.7,"59:54.8",0.931570763,0.580334226,0.399615503,0.079342187,"35:24.3",11,"good",21.58333333,2024-11-10,"2024-11-09","2024-11-09 21:33","2024-11-10 11:49","2024-11-10 21:32",2.821188335,"black",1,"BDU","3",-73.74,45.47,"PETI",2024,11,10,9.9,0.7,5.3,0,0,0,2024-11-10 21:35:00,2024-11-10 16:35:00
"630","end",5,90348,34,9.7,9.7,"40:12.5",0.925293699,0.630129689,0.295224307,0.07396348,"35:34.8",11,"good",21.58333333,2024-12-10,"2024-12-09","2024-12-09 21:14","2024-12-10 12:26","2024-12-10 21:13",21.596695,"black",1,"BDU","3",-73.74,45.47,"PETI",2024,12,10,3.4,-3.2,0.1,9.7,9,31,2024-12-10 21:35:00,2024-12-10 16:35:00
"631","end",6,90349,40,9.7,0,"59:53.5",0.991685864,0.544709912,0.679531289,0.069243089,"35:42.6",11,"good",21.58333333,2024-12-21,"2024-12-20","2024-12-20 21:16","2024-12-21 12:34","2024-12-21 21:16",19.09405333,"black",1,"BDU","3",-73.74,45.47,"PETI",2024,12,21,-8,-16.2,-12.1,0.2,0,37,2024-12-21 21:35:00,2024-12-21 16:35:00
"634","end",9,90352,31,9.7,9.7,"59:59.3",0.823296639,0.579435752,0.311552223,0.064448862,"35:19.1",11,"good",21.58333333,2024-12-13,"2024-12-12","2024-12-12 21:14","2024-12-13 12:28","2024-12-13 21:14",21.13468666,"black",1,"NDG","3",-73.74,45.47,"PETI",2024,12,13,-3.9,-8.1,-6,0,1,40,2024-12-13 21:35:00,2024-12-13 16:35:00
"634","end",9,90352,46,9.7,9.7,"59:56.6",0.810421634,0.365305439,0.262272472,0.07395392,"35:35.8",11,"good",21.58333333,2024-12-28,"2024-12-27","2024-12-27 21:20","2024-12-28 12:36","2024-12-28 21:20",14.63025333,"black",1,"NDG","3",-73.74,45.47,"PETI",2024,12,28,-2.3,-8.7,-5.5,0,7,0,2024-12-28 21:35:00,2024-12-28 16:35:00
"635","end",10,90353,10,0,9.7,"59:52.9",0.927887434,0.80788699,0.466852878,0.131030256,"35:32.0",11,"good",21.58333333,2024-11-22,"2024-11-21","2024-11-21 21:21","2024-11-22 12:06","2024-11-22 21:20",14.58258,"black",1,"BDU","3",-73.74,45.47,"PETI",2024,11,22,7.7,3.7,5.7,4.1,0,57,2024-11-22 21:35:00,2024-11-22 16:35:00
"635","end",10,90353,12,0,9.7,"59:55.1",0.816538953,0.805756527,0.332769971,0.120644677,"35:24.5",11,"good",21.58333333,2024-11-24,"2024-11-23","2024-11-23 21:20","2024-11-24 12:08","2024-11-24 21:19",15.890895,"black",1,"BDU","3",-73.74,45.47,"PETI",2024,11,24,5.3,-0.1,2.6,0,0,58,2024-11-24 21:35:00,2024-11-24 16:35:00
"635","end",10,90353,28,9.7,0,"59:59.3",1.147604065,0.58201804,0.624709941,0.113187447,"35:57.9",11,"good",21.58333333,2024-12-10,"2024-12-09","2024-12-09 21:14","2024-12-10 12:26","2024-12-10 21:13",21.981625,"black",1,"BDU","3",-73.74,45.47,"PETI",2024,12,10,3.4,-3.2,0.1,9.7,9,31,2024-12-10 21:35:00,2024-12-10 16:35:00
"641","end",5,90359,46,9.7,9.7,"59:56.1",1.221815368,0.690373779,0.685468914,0.093438304,"35:35.3",12,"good",21.58333333,2024-12-30,"2024-12-29","2024-12-29 21:21","2024-12-30 12:36","2024-12-30 21:22",13.037725,"black",1,"SDB","3",-73.74,45.47,"PETI",2024,12,30,11.4,3.2,7.3,5.6,0,45,2024-12-30 21:35:00,2024-12-30 16:35:00
"645","end",7,90363,1,0,9.7,"59:51.9",0.913512901,0.470302845,0.567098226,0.083568389,"35:01.9",12,"good",21.58333333,2024-11-15,"2024-11-14","2024-11-14 21:28","2024-11-15 11:56","2024-11-15 21:27",7.898126666,"black",1,"SDB","3",-73.74,45.47,"PETI",2024,11,15,9.6,-2.8,3.4,0,0,0,2024-11-15 21:35:00,2024-11-15 16:35:00
"645","end",7,90363,17,0,9.7,"59:54.7",1.34002089,0.617479046,0.847523969,0.097426925,"35:14.4",12,"good",21.58333333,2024-12-01,"2024-11-30","2024-11-30 21:16","2024-12-01 12:17","2024-12-01 21:15",19.47393,"black",1,"SDB","3",-73.74,45.47,"PETI",2024,12,1,0.5,-3.2,-1.4,0,0,38,2024-12-01 21:35:00,2024-12-01 16:35:00
"645","end",7,90363,35,0,9.7,"59:56.2",1.413943647,0.561514391,0.946268598,0.111820674,"35:25.7",12,"good",21.58333333,2024-12-19,"2024-12-18","2024-12-18 21:15","2024-12-19 12:33","2024-12-19 21:15",19.67790833,"black",1,"SDB","3",-73.74,45.47,"PETI",2024,12,19,0.9,-9.3,-4.2,0.2,0,36,2024-12-19 21:35:00,2024-12-19 16:35:00
"206","end",1,68906,62,0,7.3,"59:58.7",0.988824809,0.522405606,0.414661394,0.082412694,"36:40.6",1,"good",21.6,2022-12-12,"2022-12-11","2022-12-11 21:13","2022-12-12 12:27","2022-12-12 21:14",22.64328,"black",1,"SDB","1",-73.74,45.47,"PETI",2022,12,12,-2.8,-9.9,-6.3,0,0,31,2022-12-12 21:36:00,2022-12-12 16:36:00
"206","end",1,68906,69,0,0,"59:53.6",1.592648365,0.422511936,1.066309914,0.068303274,"36:42.8",1,"good",21.6,2022-12-19,"2022-12-18","2022-12-18 21:15","2022-12-19 12:32","2022-12-19 21:15",21.14698167,"black",1,"SDB","1",-73.74,45.47,"PETI",2022,12,19,0.3,-4.1,-1.9,0.3,25,0,2022-12-19 21:36:00,2022-12-19 16:36:00
"206","end",1,68906,87,0,7.3,"59:53.8",1.411980881,0.807058075,0.758086088,0.129145134,"36:57.6",1,"good",21.6,2023-01-06,"2023-01-05","2023-01-05 21:27","2023-01-06 12:36","2023-01-06 21:28",8.276926668,"black",1,"SDB","1",-73.74,45.47,"PETI",2023,1,6,1.8,-4.3,-1.3,3.2,0,0,2023-01-06 21:36:00,2023-01-06 16:36:00
"207","end",2,68907,63,7.3,0,"59:56.4",1.347725762,0.635722237,0.925027307,0.109283133,"36:23.4",1,"good",21.6,2022-12-10,"2022-12-09","2022-12-09 21:14","2022-12-10 12:25","2022-12-10 21:13",22.407065,"black",1,"SDB","1",-73.74,45.47,"PETI",2022,12,10,-4.7,-10.3,-7.5,0,0,44,2022-12-10 21:36:00,2022-12-10 16:36:00
"207","end",2,68907,67,0,0,"59:57.1",1.459472589,0.454595295,0.996656798,0.094658381,"36:31.4",1,"good",21.6,2022-12-14,"2022-12-13","2022-12-13 21:14","2022-12-14 12:29","2022-12-14 21:14",22.27342167,"black",1,"SDB","1",-73.74,45.47,"PETI",2022,12,14,2.9,-9.3,-3.2,0,0,0,2022-12-14 21:36:00,2022-12-14 16:36:00
"207","end",2,68907,74,0,7.3,"59:58.5",1.529411263,0.625182268,0.877453278,0.125055104,"36:18.2",1,"good",21.6,2022-12-21,"2022-12-20","2022-12-20 21:15","2022-12-21 12:33","2022-12-21 21:16",19.902675,"black",1,"SDB","1",-73.74,45.47,"PETI",2022,12,21,1.5,-8.5,-3.5,0,21,36,2022-12-21 21:36:00,2022-12-21 16:36:00
"207","end",2,68907,78,7.3,7.3,"48:54.9",1.453192672,0.495886692,0.958411365,0.11613384,"36:04.2",1,"good",21.6,2022-12-25,"2022-12-24","2022-12-24 21:17","2022-12-25 12:35","2022-12-25 21:18",17.50302,"black",1,"SDB","1",-73.74,45.47,"PETI",2022,12,25,-3.3,-7.6,-5.4,0.5,10,59,2022-12-25 21:36:00,2022-12-25 16:36:00
"207","end",2,68907,100,0,7.3,"59:56.1",1.152264197,0.388247363,0.677920697,0.095562525,"36:37.6",1,"good",21.6,2023-01-16,"2023-01-15","2023-01-15 21:39","2023-01-16 12:32","2023-01-16 21:40",-3.80594,"black",1,"SDB","1",-73.74,45.47,"PETI",2023,1,16,-4.5,-15.7,-10.1,0.5,18,0,2023-01-16 21:36:00,2023-01-16 16:36:00
"211","end",1,68911,70,7.3,7.3,"48:56.8",1.013470365,0.69734916,0.276672159,0.086684584,"36:13.6",2,"good",21.6,2022-12-25,"2022-12-24","2022-12-24 21:17","2022-12-25 12:35","2022-12-25 21:18",17.65932833,"black",1,"SDB","1",-73.74,45.47,"PETI",2022,12,25,-3.3,-7.6,-5.4,0.5,10,59,2022-12-25 21:36:00,2022-12-25 16:36:00
"212","end",2,68912,36,0,0,"59:57.5",1.416310744,0.527742764,0.82831966,0.102747725,"36:39.1",2,"good",21.6,2022-11-28,"2022-11-27","2022-11-27 21:17","2022-11-28 12:13","2022-11-28 21:17",19.26843333,"black",1,"SDB","1",-73.74,45.47,"PETI",2022,11,28,5.4,-1.2,2.1,0.5,0,37,2022-11-28 21:36:00,2022-11-28 16:36:00
"212","end",2,68912,43,0,0,"59:57.6",1.551074178,0.420544638,1.127625947,0.069895099,"36:10.0",2,"good",21.6,2022-12-05,"2022-12-04","2022-12-04 21:14","2022-12-05 12:21","2022-12-05 21:14",21.51614,"black",1,"SDB","1",-73.74,45.47,"PETI",2022,12,5,5.9,0.4,3.1,0,0,42,2022-12-05 21:36:00,2022-12-05 16:36:00
"212","end",2,68912,47,0,0,"59:57.7",1.461155759,0.668482575,1.095194078,0.182797282,"36:24.7",2,"good",21.6,2022-12-09,"2022-12-08","2022-12-08 21:14","2022-12-09 12:25","2022-12-09 21:14",22.378695,"black",1,"SDB","1",-73.74,45.47,"PETI",2022,12,9,-1.1,-9.1,-5.1,0.2,0,36,2022-12-09 21:36:00,2022-12-09 16:36:00
"212","end",2,68912,59,7.3,7.3,"59:57.8",1.432997778,0.645706685,0.826559504,0.079847215,"36:32.1",2,"good",21.6,2022-12-21,"2022-12-20","2022-12-20 21:15","2022-12-21 12:33","2022-12-21 21:16",20.13527167,"black",1,"SDB","1",-73.74,45.47,"PETI",2022,12,21,1.5,-8.5,-3.5,0,21,36,2022-12-21 21:36:00,2022-12-21 16:36:00
"212","end",2,68912,67,0,7.3,"59:58.3",1.487841658,0.315877843,0.975256717,0.077778969,"36:10.7",2,"good",21.6,2022-12-29,"2022-12-28","2022-12-28 21:20","2022-12-29 12:36","2022-12-29 21:21",14.82820167,"black",1,"SDB","1",-73.74,45.47,"PETI",2022,12,29,6.1,-2.9,1.6,0.5,18,0,2022-12-29 21:36:00,2022-12-29 16:36:00
"212","end",2,68912,77,0,0,"59:58.0",0.79955927,0.490755166,0.529119105,0.09337196,"36:46.9",2,"good",21.6,2023-01-08,"2023-01-07","2023-01-07 21:29","2023-01-08 12:36","2023-01-08 21:30",5.947691667,"black",1,"SDB","1",-73.74,45.47,"PETI",2023,1,8,-3.1,-9,-6,0.2,0,31,2023-01-08 21:36:00,2023-01-08 16:36:00
"212","end",2,68912,81,7.3,0,"59:59.1",1.147653763,0.410528573,0.68695063,0.07629344,"36:33.4",2,"good",21.6,2023-01-12,"2023-01-11","2023-01-11 21:34","2023-01-12 12:34","2023-01-12 21:35",1.107268333,"black",1,"SDB","1",-73.74,45.47,"PETI",2023,1,12,-0.8,-7.9,-4.4,11.8,0,0,2023-01-12 21:36:00,2023-01-12 16:36:00
"213","end",3,68913,44,7.3,21.9,"59:53.4",1.328230893,0.594146906,0.94480995,0.098879984,"36:57.0",2,"good",21.6,2022-12-05,"2022-12-04","2022-12-04 21:14","2022-12-05 12:21","2022-12-05 21:14",22.30019667,"black",1,"SDB","1",-73.74,45.47,"PETI",2022,12,5,5.9,0.4,3.1,0,0,42,2022-12-05 21:36:00,2022-12-05 16:36:00
"213","end",3,68913,59,0,7.3,"59:59.1",1.374149777,0.506071704,1.009214249,0.102454465,"36:19.0",2,"good",21.6,2022-12-20,"2022-12-19","2022-12-19 21:15","2022-12-20 12:33","2022-12-20 21:15",20.34949167,"black",1,"SDB","1",-73.74,45.47,"PETI",2022,12,20,-1.8,-5,-3.4,0,23,0,2022-12-20 21:36:00,2022-12-20 16:36:00
"213","end",3,68913,155,7.3,7.3,"59:55.2",0.746529441,0.626154191,0.109233662,0.079893604,"36:00.4",2,"good",21.6,2023-03-26,"2023-03-25","2023-03-25 23:14","2023-03-26 10:49","2023-03-26 23:16",-100.1608233,"black",1,"SDB","1",-73.74,45.47,"PETI",2023,3,26,5,1.7,3.3,0.2,2,50,2023-03-26 21:36:00,2023-03-26 17:36:00
"214","end",4,68914,76,7.3,7.3,"11:23.7",1.196203572,0.805275954,0.557887237,0.129184267,"36:23.1",2,"good",21.6,2022-11-22,"2022-11-21","2022-11-21 21:22","2022-11-22 12:05","2022-11-22 21:21",15.06872667,"black",1,"SDB","1",-73.74,45.47,"PETI",2022,11,22,0.8,-6.4,-2.8,0,3,48,2022-11-22 21:36:00,2022-11-22 16:36:00
"217","end",2,68917,43,7.3,0,"59:58.3",1.580999535,0.414192661,1.051169748,0.082562027,"36:10.8",3,"good",21.6,2022-12-08,"2022-12-07","2022-12-07 21:14","2022-12-08 12:24","2022-12-08 21:14",22.06274667,"black",1,"SDB","1",-73.74,45.47,"PETI",2022,12,8,5.6,-2.3,1.6,0.2,0,0,2022-12-08 21:36:00,2022-12-08 16:36:00
"217","end",2,68917,47,7.3,0,"59:55.9",1.52285224,0.386982299,1.123716903,0.082786008,"36:01.0",3,"good",21.6,2022-12-12,"2022-12-11","2022-12-11 21:13","2022-12-12 12:27","2022-12-12 21:14",21.98401333,"black",1,"SDB","1",-73.74,45.47,"PETI",2022,12,12,-2.8,-9.9,-6.3,0,0,31,2022-12-12 21:36:00,2022-12-12 16:36:00
"217","end",2,68917,55,7.3,0,"59:58.1",1.333896863,0.433021811,0.887682359,0.090907118,"36:25.2",3,"good",21.6,2022-12-20,"2022-12-19","2022-12-19 21:15","2022-12-20 12:33","2022-12-20 21:15",20.45275667,"black",1,"SDB","1",-73.74,45.47,"PETI",2022,12,20,-1.8,-5,-3.4,0,23,0,2022-12-20 21:36:00,2022-12-20 16:36:00
"219","end",4,68919,23,0,0,"59:55.5",1.549267513,0.440621125,0.998080622,0.126209408,"36:22.7",3,"good",21.6,2022-11-22,"2022-11-21","2022-11-21 21:22","2022-11-22 12:05","2022-11-22 21:21",15.060895,"black",1,"SDB","1",-73.74,45.47,"PETI",2022,11,22,0.8,-6.4,-2.8,0,3,48,2022-11-22 21:36:00,2022-11-22 16:36:00
"219","end",4,68919,48,0,7.3,"59:55.9",1.498535336,0.277333901,0.982212963,0.04714858,"36:23.1",3,"good",21.6,2022-12-17,"2022-12-16","2022-12-16 21:14","2022-12-17 12:31","2022-12-17 21:14",21.46766833,"black",1,"SDB","1",-73.74,45.47,"PETI",2022,12,17,-0.1,-0.6,-0.4,8.8,20,0,2022-12-17 21:36:00,2022-12-17 16:36:00
"219","end",4,68919,53,0,7.3,"59:54.4",1.443760576,0.386633226,1.007273882,0.071547837,"36:14.3",3,"good",21.6,2022-12-22,"2022-12-21","2022-12-21 21:16","2022-12-22 12:34","2022-12-22 21:16",19.35512667,"black",1,"SDB","1",-73.74,45.47,"PETI",2022,12,22,-2.1,-8.5,-5.3,3.6,19,36,2022-12-22 21:36:00,2022-12-22 16:36:00
"219","end",4,68919,69,7.3,0,"59:56.2",1.592038542,0.514576176,1.083737217,0.079384559,"36:45.3",3,"good",21.6,2023-01-07,"2023-01-06","2023-01-06 21:28","2023-01-07 12:36","2023-01-07 21:29",7.021051665,"black",1,"SDB","1",-73.74,45.47,"PETI",2023,1,7,0.3,-8,-3.9,0.2,0,33,2023-01-07 21:36:00,2023-01-07 16:36:00
"220","end",5,68920,27,0,7.3,"59:54.4",1.175829821,0.599785707,0.711728316,0.109883102,"36:58.0",3,"good",21.6,2022-11-28,"2022-11-27","2022-11-27 21:17","2022-11-28 12:13","2022-11-28 21:17",19.58377833,"black",1,"SDB","1",-73.74,45.47,"PETI",2022,11,28,5.4,-1.2,2.1,0.5,0,37,2022-11-28 21:36:00,2022-11-28 16:36:00
"220","end",5,68920,41,7.3,7.3,"59:58.7",1.26579843,0.50935093,0.804095638,0.092474221,"36:47.7",3,"good",21.6,2022-12-12,"2022-12-11","2022-12-11 21:13","2022-12-12 12:27","2022-12-12 21:14",22.76175333,"black",1,"SDB","1",-73.74,45.47,"PETI",2022,12,12,-2.8,-9.9,-6.3,0,0,31,2022-12-12 21:36:00,2022-12-12 16:36:00
"221","end",1,68921,16,0,7.3,"59:54.1",0.923183549,0.320300631,0.508248197,0.022546887,"36:21.2",4,"good",21.6,2022-11-18,"2022-11-17","2022-11-17 21:25","2022-11-18 12:00","2022-11-18 21:24",11.63649833,"black",1,"SDB","1",-73.74,45.47,"PETI",2022,11,18,-2.1,-7.3,-4.7,1.1,6,46,2022-11-18 21:36:00,2022-11-18 16:36:00
"224","end",4,68924,13,0,7.3,"59:58.4",1.090088062,0.666670354,0.649477525,0.084781249,"36:54.6",4,"good",21.6,2022-11-16,"2022-11-15","2022-11-15 21:27","2022-11-16 11:57","2022-11-16 21:26",10.29336167,"black",1,"SDB","1",-73.74,45.47,"PETI",2022,11,16,0.7,-0.8,-0.1,9.9,0,33,2022-11-16 21:36:00,2022-11-16 16:36:00
"224","end",4,68924,49,0,7.3,"59:58.3",1.118405688,0.555020735,0.627217056,0.108736673,"36:54.5",4,"good",21.6,2022-12-22,"2022-12-21","2022-12-21 21:16","2022-12-22 12:34","2022-12-22 21:16",20.02552667,"black",1,"SDB","1",-73.74,45.47,"PETI",2022,12,22,-2.1,-8.5,-5.3,3.6,19,36,2022-12-22 21:36:00,2022-12-22 16:36:00
"225","end",5,68925,23,0,0,"59:53.9",1.457256812,0.597178329,0.768524805,0.120023771,"36:13.7",4,"good",21.6,2022-12-01,"2022-11-30","2022-11-30 21:16","2022-12-01 12:16","2022-12-01 21:15",20.26085,"black",1,"SDB","1",-73.74,45.47,"PETI",2022,12,1,1.8,-3.6,-0.9,0.3,0,58,2022-12-01 21:36:00,2022-12-01 16:36:00
"225","end",5,68925,33,0,7.3,"59:55.3",1.321112846,0.60187928,0.869932158,0.145999942,"36:22.4",4,"good",21.6,2022-12-11,"2022-12-10","2022-12-10 21:13","2022-12-11 12:26","2022-12-11 21:13",22.38917833,"black",1,"SDB","1",-73.74,45.47,"PETI",2022,12,11,-4.3,-8.3,-6.3,0,0,36,2022-12-11 21:36:00,2022-12-11 16:36:00
"225","end",5,68925,42,43.79,7.3,"59:58.3",0.994648726,0.479716232,0.535871829,0.10106563,"36:39.9",4,"good",21.6,2022-12-20,"2022-12-19","2022-12-19 21:15","2022-12-20 12:33","2022-12-20 21:15",20.697565,"black",1,"SDB","1",-73.74,45.47,"PETI",2022,12,20,-1.8,-5,-3.4,0,23,0,2022-12-20 21:36:00,2022-12-20 16:36:00
"225","end",5,68925,43,0,7.3,"59:58.1",1.486035439,0.487595718,0.906984102,0.091069557,"36:10.5",4,"good",21.6,2022-12-21,"2022-12-20","2022-12-20 21:15","2022-12-21 12:33","2022-12-21 21:16",19.77513167,"black",1,"SDB","1",-73.74,45.47,"PETI",2022,12,21,1.5,-8.5,-3.5,0,21,36,2022-12-21 21:36:00,2022-12-21 16:36:00
"99","end",8,77876,28,9.7,9.7,"59:48.9",1.236480512,0.783159358,0.662357803,0.150213925,"36:16.3",5,"good",21.6,2023-11-28,"2023-11-27","2023-11-27 21:18","2023-11-28 12:12","2023-11-28 21:17",18.754945,"black",1,"SDB","2",-73.74,45.47,"PETI",2023,11,28,0.6,-5.3,-2.4,0.2,0,51,2023-11-28 21:36:00,2023-11-28 16:36:00
"102","end",3,77879,27,0,0,"59:51.9",0.986822401,0.537616394,0.568581584,0.107986026,"36:58.1",6,"good",21.6,2023-11-30,"2023-11-29","2023-11-29 21:17","2023-11-30 12:15","2023-11-30 21:16",20.45120667,"black",1,"SDB","2",-73.74,45.47,"PETI",2023,11,30,6.9,-0.1,3.4,0,0,43,2023-11-30 21:36:00,2023-11-30 16:36:00
"102","end",3,77879,42,9.7,0,"59:50.5",0.996640308,0.525401186,0.434182485,0.11435731,"36:17.8",6,"good",21.6,2023-12-15,"2023-12-14","2023-12-14 21:14","2023-12-15 12:29","2023-12-15 21:14",21.91381333,"black",1,"SDB","2",-73.74,45.47,"PETI",2023,12,15,8.1,2.6,5.4,0,1,46,2023-12-15 21:36:00,2023-12-15 16:36:00
"109","end",10,77886,13,0.1,0,"59:53.6",0.833088129,0.586408727,0.440777645,0.076110524,"36:01.9",6,"good",21.6,2023-11-23,"2023-11-22","2023-11-22 21:21","2023-11-23 12:06","2023-11-23 21:20",15.26525833,"black",1,"BDU","2",-73.74,45.47,"PETI",2023,11,23,5.4,1.3,3.3,0.4,0,0,2023-11-23 21:36:00,2023-11-23 16:36:00
"109","end",10,77886,17,0,9.7,"59:51.1",1.010827004,0.536552345,0.421944183,0.094440677,"36:47.9",6,"good",21.6,2023-11-27,"2023-11-26","2023-11-26 21:18","2023-11-27 12:11","2023-11-27 21:18",18.69807,"black",1,"BDU","2",-73.74,45.47,"PETI",2023,11,27,5.5,0.5,3,4.3,0,48,2023-11-27 21:36:00,2023-11-27 16:36:00
"109","end",10,77886,29,0,9.7,"59:57.4",0.954271584,0.429811182,0.512226094,0.063867139,"36:05.5",6,"good",21.6,2023-12-09,"2023-12-08","2023-12-08 21:14","2023-12-09 12:24","2023-12-09 21:14",22.04104,"black",1,"BDU","2",-73.74,45.47,"PETI",2023,12,9,6,-6.3,-0.1,0,14,0,2023-12-09 21:36:00,2023-12-09 16:36:00
"109","end",10,77886,40,0,0,"59:52.5",0.988640914,0.422729024,0.532990736,0.078404868,"36:10.3",6,"good",21.6,2023-12-20,"2023-12-19","2023-12-19 21:15","2023-12-20 12:33","2023-12-20 21:15",20.32138,"black",1,"BDU","2",-73.74,45.47,"PETI",2023,12,20,-1.2,-5.9,-3.5,0,0,41,2023-12-20 21:36:00,2023-12-20 16:36:00
"111","end",2,77888,12,0,9.7,"59:58.9",1.225535031,0.617740159,0.734213628,0.118977816,"36:36.3",7,"good",21.6,2023-11-25,"2023-11-24","2023-11-24 21:20","2023-11-25 12:08","2023-11-25 21:19",17.25488167,"black",1,"SDB","2",-73.74,45.47,"PETI",2023,11,25,3.5,-8.4,-2.5,1.7,0,38,2023-11-25 21:36:00,2023-11-25 16:36:00
"111","end",2,77888,30,0,9.7,"59:58.3",1.215342874,0.650132044,0.571127646,0.156980567,"36:06.5",7,"good",21.6,2023-12-13,"2023-12-12","2023-12-12 21:14","2023-12-13 12:28","2023-12-13 21:14",22.02524833,"black",1,"SDB","2",-73.74,45.47,"PETI",2023,12,13,1.1,-6.9,-2.9,1,1,47,2023-12-13 21:36:00,2023-12-13 16:36:00
"111","end",2,77888,41,0,9.7,"59:52.9",1.183865681,0.558601665,0.595028218,0.095320531,"36:49.6",7,"good",21.6,2023-12-24,"2023-12-23","2023-12-23 21:17","2023-12-24 12:35","2023-12-24 21:17",19.027335,"black",1,"SDB","2",-73.74,45.47,"PETI",2023,12,24,2.1,-1.5,0.3,0,0,0,2023-12-24 21:36:00,2023-12-24 16:36:00
"114","end",5,77891,1,0,9.7,"59:54.3",0.700553391,0.519010629,0.403476732,0.066146198,"36:12.2",7,"good",21.6,2023-11-20,"2023-11-19","2023-11-19 21:24","2023-11-20 12:02","2023-11-20 21:23",13.036395,"black",1,"BDU","2",-73.74,45.47,"PETI",2023,11,20,0.3,-5.8,-2.8,1.5,0,0,2023-11-20 21:36:00,2023-11-20 16:36:00
"114","end",5,77891,7,9.7,9.7,"59:56.5",0.720329858,0.527002629,0.383539292,0.072542176,"36:33.8",7,"good",21.6,2023-11-26,"2023-11-25","2023-11-25 21:19","2023-11-26 12:10","2023-11-26 21:18",17.86278833,"black",1,"BDU","2",-73.74,45.47,"PETI",2023,11,26,4.9,-1.5,1.7,8.6,0,43,2023-11-26 21:36:00,2023-11-26 16:36:00
"123","end",3,77899,1,0,9.7,"59:54.3",0.893021253,0.447415594,0.451125765,0.074990491,"36:21.6",8,"good",21.6,2023-10-19,"2023-10-18","2023-10-18 22:07","2023-10-19 11:17","2023-10-19 22:05",-29.55651833,"black",1,"SDB","2",-73.74,45.47,"PETI",2023,10,19,16.6,11,13.8,0.4,0,0,2023-10-19 21:36:00,2023-10-19 17:36:00
"124","end",4,77900,68,9.7,0,"51:51.1",1.037370281,0.560021975,0.373989409,0.069120457,"36:52.6",8,"good",21.6,2023-12-25,"2023-12-24","2023-12-24 21:17","2023-12-25 12:35","2023-12-25 21:18",18.47707833,"black",1,"SDB","2",-73.74,45.47,"PETI",2023,12,25,5.4,1.1,3.2,1.2,0,0,2023-12-25 21:36:00,2023-12-25 16:36:00
"127","end",7,77903,66,0,9.7,"59:53.3",1.181399223,0.497448091,0.773042944,0.089012945,"36:01.6",8,"good",21.6,2023-12-24,"2023-12-23","2023-12-23 21:17","2023-12-24 12:35","2023-12-24 21:17",18.22607833,"black",1,"SDB","2",-73.74,45.47,"PETI",2023,12,24,2.1,-1.5,0.3,0,0,0,2023-12-24 21:36:00,2023-12-24 16:36:00
"127","end",7,77903,67,9.7,0,"59:58.2",1.251889644,0.502519224,0.784058944,0.103607264,"36:54.9",8,"good",21.6,2023-12-25,"2023-12-24","2023-12-24 21:17","2023-12-25 12:35","2023-12-25 21:18",18.51486333,"black",1,"SDB","2",-73.74,45.47,"PETI",2023,12,25,5.4,1.1,3.2,1.2,0,0,2023-12-25 21:36:00,2023-12-25 16:36:00
"127","end",7,77903,81,0,9.7,"59:57.3",1.030379606,0.427949332,0.49550776,0.09059324,"36:34.3",8,"good",21.6,2024-01-08,"2024-01-07","2024-01-07 21:29","2024-01-08 12:36","2024-01-08 21:30",6.021346668,"black",1,"SDB","2",-73.74,45.47,"PETI",2024,1,8,-2.3,-7.9,-5.1,0.4,8,0,2024-01-08 21:36:00,2024-01-08 16:36:00
"127","end",7,77903,137,9.7,0,"06:14.4",1.131748508,0.886054437,0.536671508,0.341959214,"36:21.7",8,"good",21.6,2024-03-04,"2024-03-03","2024-03-03 22:46","2024-03-04 11:29","2024-03-04 22:48",-71.87128667,"black",1,"SDB","2",-73.74,45.47,"PETI",2024,3,4,9.3,0,4.6,0.5,0,0,2024-03-04 21:36:00,2024-03-04 16:36:00
"608","end",3,90326,42,9.7,0,"59:56.0",1.099826894,0.580422328,0.818189009,0.128619278,"36:04.4",9,"good",21.6,2024-12-03,"2024-12-02","2024-12-02 21:15","2024-12-03 12:19","2024-12-03 21:15",21.00584833,"black",1,"BDU","3",-73.74,45.47,"PETI",2024,12,3,0.1,-5.2,-2.6,0.2,0,0,2024-12-03 21:36:00,2024-12-03 16:36:00
"608","end",3,90326,53,0,9.7,"59:24.6",0.670352948,0.432569858,0.554208686,0.085754085,"36:21.6",9,"good",21.6,2024-12-14,"2024-12-13","2024-12-13 21:14","2024-12-14 12:29","2024-12-14 21:14",22.02660833,"black",1,"BDU","3",-73.74,45.47,"PETI",2024,12,14,-5.7,-11.5,-8.6,0,1,0,2024-12-14 21:36:00,2024-12-14 16:36:00
"608","end",3,90326,54,9.69,0,"59:59.0",0.721205233,0.394308974,0.443360227,0.077940113,"36:36.0",9,"good",21.6,2024-12-15,"2024-12-14","2024-12-14 21:14","2024-12-15 12:30","2024-12-15 21:14",22.0674,"black",1,"BDU","3",-73.74,45.47,"PETI",2024,12,15,-5.8,-12.7,-9.3,0,1,0,2024-12-15 21:36:00,2024-12-15 16:36:00
"614","end",8,90332,36,9.7,0,"59:54.9",0.888421224,0.663622454,0.411833369,0.085210305,"36:32.0",9,"good",21.6,2024-11-25,"2024-11-24","2024-11-24 21:19","2024-11-25 12:09","2024-11-25 21:18",17.66599,"black",1,"BDU","3",-73.74,45.47,"PETI",2024,11,25,4.3,-1.5,1.4,0,0,32,2024-11-25 21:36:00,2024-11-25 16:36:00
"617","end",2,90335,20,0,0,"59:54.0",1.078800977,0.551947913,0.857301012,0.101238916,"36:02.7",10,"good",21.6,2024-11-13,"2024-11-12","2024-11-12 21:30","2024-11-13 11:53","2024-11-13 21:29",6.828565001,"black",1,"BDU","3",-73.74,45.47,"PETI",2024,11,13,3.5,-2.6,0.5,0,0,0,2024-11-13 21:36:00,2024-11-13 16:36:00
"617","end",2,90335,77,0,9.7,"59:50.7",0.957385701,0.436832832,0.641677662,0.082890657,"36:38.2",10,"good",21.6,2025-01-09,"2025-01-08","2025-01-08 21:31","2025-01-09 12:35","2025-01-09 21:32",4.153136667,"black",1,"BDU","3",-73.74,45.47,"PETI",2025,1,9,-6.1,-11.8,-9,0.2,3,50,2025-01-09 21:36:00,2025-01-09 16:36:00
"620","end",4,90338,27,9.7,9.7,"59:55.8",0.66143208,0.625967212,0.173123535,0.068529354,"36:13.7",10,"good",21.6,2024-11-24,"2024-11-23","2024-11-23 21:20","2024-11-24 12:08","2024-11-24 21:19",16.71134,"black",1,"BDU","3",-73.74,45.47,"PETI",2024,11,24,5.3,-0.1,2.6,0,0,58,2024-11-24 21:36:00,2024-11-24 16:36:00
"625","end",9,90343,50,0,9.7,"59:52.1",1.262711674,0.605161752,0.747578652,0.107112293,"36:00.3",10,"good",21.6,2024-12-19,"2024-12-18","2024-12-18 21:15","2024-12-19 12:33","2024-12-19 21:15",20.25536167,"black",1,"SDB","3",-73.74,45.47,"PETI",2024,12,19,0.9,-9.3,-4.2,0.2,0,36,2024-12-19 21:36:00,2024-12-19 16:36:00
"625","end",9,90343,53,0,0,"59:58.4",1.215321389,0.567504239,0.832265494,0.123023325,"36:55.1",10,"good",21.6,2024-12-22,"2024-12-21","2024-12-21 21:16","2024-12-22 12:34","2024-12-22 21:17",19.80173666,"black",1,"SDB","3",-73.74,45.47,"PETI",2024,12,22,-11.2,-16.9,-14,0.2,0,0,2024-12-22 21:36:00,2024-12-22 16:36:00
"627","end",2,90345,50,0,9.7,"59:59.2",1.096396467,0.577352682,0.588973341,0.114749237,"36:36.3",11,"good",21.6,2024-12-22,"2024-12-21","2024-12-21 21:16","2024-12-22 12:34","2024-12-22 21:17",19.48762,"black",1,"BDU","3",-73.74,45.47,"PETI",2024,12,22,-11.2,-16.9,-14,0.2,0,0,2024-12-22 21:36:00,2024-12-22 16:36:00
"631","end",6,90349,9,9.7,0,"59:55.0",0.786496716,0.737597163,0.330462949,0.097767849,"36:32.7",11,"good",21.6,2024-11-20,"2024-11-19","2024-11-19 21:23","2024-11-20 12:03","2024-11-20 21:22",14.01169333,"black",1,"BDU","3",-73.74,45.47,"PETI",2024,11,20,8,3.7,5.9,0,0,35,2024-11-20 21:36:00,2024-11-20 16:36:00
"631","end",6,90349,13,19.4,0,"59:51.0",1.170876101,0.67662379,0.72411085,0.100264796,"36:38.4",11,"good",21.6,2024-11-24,"2024-11-23","2024-11-23 21:20","2024-11-24 12:08","2024-11-24 21:19",17.12270166,"black",1,"BDU","3",-73.74,45.47,"PETI",2024,11,24,5.3,-0.1,2.6,0,0,58,2024-11-24 21:36:00,2024-11-24 16:36:00
"631","end",6,90349,19,0,9.7,"59:59.4",0.945665828,0.667892964,0.515022484,0.116534883,"36:17.9",11,"good",21.6,2024-11-30,"2024-11-29","2024-11-29 21:16","2024-11-30 12:16","2024-11-30 21:16",20.11499833,"black",1,"BDU","3",-73.74,45.47,"PETI",2024,11,30,2.3,-0.9,0.7,0.2,0,41,2024-11-30 21:36:00,2024-11-30 16:36:00
"631","end",6,90349,41,0,9.7,"59:55.2",0.949332056,0.531808795,0.687020648,0.076779242,"36:42.5",11,"good",21.6,2024-12-22,"2024-12-21","2024-12-21 21:16","2024-12-22 12:34","2024-12-22 21:17",19.59231833,"black",1,"BDU","3",-73.74,45.47,"PETI",2024,12,22,-11.2,-16.9,-14,0.2,0,0,2024-12-22 21:36:00,2024-12-22 16:36:00
"631","end",6,90349,47,0,9.7,"59:55.1",1.020075021,0.384341863,0.775225699,0.063010866,"36:52.1",11,"good",21.6,2024-12-28,"2024-12-27","2024-12-27 21:20","2024-12-28 12:36","2024-12-28 21:20",15.90248333,"black",1,"BDU","3",-73.74,45.47,"PETI",2024,12,28,-2.3,-8.7,-5.5,0,7,0,2024-12-28 21:36:00,2024-12-28 16:36:00
"635","end",10,90353,35,9.7,0,"59:52.2",1.458272199,0.751045905,0.509823342,0.120791883,"36:58.5",11,"good",21.6,2024-12-17,"2024-12-16","2024-12-16 21:14","2024-12-17 12:31","2024-12-17 21:15",21.92576,"black",1,"BDU","3",-73.74,45.47,"PETI",2024,12,17,8.3,2.9,5.6,6,0,49,2024-12-17 21:36:00,2024-12-17 16:36:00
"645","end",7,90363,13,0,0,"59:54.2",1.313570621,0.574044202,0.778890941,0.104001656,"36:02.4",12,"good",21.6,2024-11-27,"2024-11-26","2024-11-26 21:18","2024-11-27 12:12","2024-11-27 21:17",18.374155,"black",1,"SDB","3",-73.74,45.47,"PETI",2024,11,27,5.7,2,3.9,0,0,48,2024-11-27 21:36:00,2024-11-27 16:36:00
"206","end",1,68906,40,29.2,51.09,"59:54.5",0.862491997,0.592837663,0.367885205,0.091679242,"37:42.0",1,"good",21.61666667,2022-11-20,"2022-11-19","2022-11-19 21:23","2022-11-20 12:02","2022-11-20 21:22",14.75050333,"black",1,"SDB","1",-73.74,45.47,"PETI",2022,11,20,-1,-8.9,-4.9,0.2,5,68,2022-11-20 21:37:00,2022-11-20 16:37:00
"206","end",1,68906,67,0,7.3,"59:59.3",1.457505378,0.552724527,0.816485642,0.097186544,"37:03.1",1,"good",21.61666667,2022-12-17,"2022-12-16","2022-12-16 21:14","2022-12-17 12:31","2022-12-17 21:14",22.134295,"black",1,"SDB","1",-73.74,45.47,"PETI",2022,12,17,-0.1,-0.6,-0.4,8.8,20,0,2022-12-17 21:37:00,2022-12-17 16:37:00
"206","end",1,68906,74,7.3,7.3,"45:54.6",1.359691988,0.767375904,0.565867538,0.121371623,"37:34.3",1,"good",21.61666667,2022-12-24,"2022-12-23","2022-12-23 21:17","2022-12-24 12:35","2022-12-24 21:17",19.62093667,"black",1,"SDB","1",-73.74,45.47,"PETI",2022,12,24,-7,-9.7,-8.4,0.2,11,74,2022-12-24 21:37:00,2022-12-24 16:37:00
"207","end",2,68907,71,7.3,7.3,"59:57.9",1.296548281,0.445066248,0.879437798,0.098252035,"37:37.9",1,"good",21.61666667,2022-12-18,"2022-12-17","2022-12-17 21:14","2022-12-18 12:32","2022-12-18 21:15",22.41459,"black",1,"SDB","1",-73.74,45.47,"PETI",2022,12,18,-0.5,-2.4,-1.4,0,28,0,2022-12-18 21:37:00,2022-12-18 16:37:00
"209","end",4,68909,36,7.3,7.3,"59:52.4",1.106337061,0.766928649,0.359815281,0.123266638,"37:17.9",1,"good",21.61666667,2022-11-18,"2022-11-17","2022-11-17 21:25","2022-11-18 12:00","2022-11-18 21:24",12.58114167,"black",1,"SDB","1",-73.74,45.47,"PETI",2022,11,18,-2.1,-7.3,-4.7,1.1,6,46,2022-11-18 21:37:00,2022-11-18 16:37:00
"210","end",5,68910,35,0,7.3,"59:56.1",1.210015422,0.599524741,0.779500703,0.22787765,"37:14.3",1,"good",21.61666667,2022-11-17,"2022-11-16","2022-11-16 21:26","2022-11-17 11:58","2022-11-17 21:25",11.58915333,"black",1,"SDB","1",-73.74,45.47,"PETI",2022,11,17,-0.6,-5.8,-3.2,0,7,51,2022-11-17 21:37:00,2022-11-17 16:37:00
"212","end",2,68912,51,7.3,0,"59:58.0",1.50702173,0.477951952,1.074239458,0.123894108,"37:23.4",2,"good",21.61666667,2022-12-13,"2022-12-12","2022-12-12 21:14","2022-12-13 12:28","2022-12-13 21:14",23.27358833,"black",1,"SDB","1",-73.74,45.47,"PETI",2022,12,13,0.4,-9,-4.3,0,0,38,2022-12-13 21:37:00,2022-12-13 16:37:00
"213","end",3,68913,56,0,7.3,"59:56.5",1.543277652,0.364844609,1.00232084,0.067189353,"37:51.2",2,"good",21.61666667,2022-12-17,"2022-12-16","2022-12-16 21:14","2022-12-17 12:31","2022-12-17 21:14",22.93730667,"black",1,"SDB","1",-73.74,45.47,"PETI",2022,12,17,-0.1,-0.6,-0.4,8.8,20,0,2022-12-17 21:37:00,2022-12-17 16:37:00
"217","end",2,68917,53,7.3,0,"59:59.4",1.394936346,0.495851148,0.933816078,0.094818688,"37:17.5",3,"good",21.61666667,2022-12-18,"2022-12-17","2022-12-17 21:14","2022-12-18 12:32","2022-12-18 21:15",22.075585,"black",1,"SDB","1",-73.74,45.47,"PETI",2022,12,18,-0.5,-2.4,-1.4,0,28,0,2022-12-18 21:37:00,2022-12-18 16:37:00
"217","end",2,68917,54,0,7.3,"59:58.7",1.415595902,0.479545085,0.938030973,0.09815963,"37:09.6",3,"good",21.61666667,2022-12-19,"2022-12-18","2022-12-18 21:15","2022-12-19 12:32","2022-12-19 21:15",21.59333,"black",1,"SDB","1",-73.74,45.47,"PETI",2022,12,19,0.3,-4.1,-1.9,0.3,25,0,2022-12-19 21:37:00,2022-12-19 16:37:00
"219","end",4,68919,26,0,7.3,"59:57.6",1.440420341,0.578028512,0.914605205,0.173928683,"37:23.1",3,"good",21.61666667,2022-11-25,"2022-11-24","2022-11-24 21:19","2022-11-25 12:09","2022-11-25 21:19",18.20219667,"black",1,"SDB","1",-73.74,45.47,"PETI",2022,11,25,5.5,-2.8,1.3,4,2,43,2022-11-25 21:37:00,2022-11-25 16:37:00
"219","end",4,68919,41,0,0,"59:53.4",1.519564702,0.652117809,1.055843262,0.227935183,"37:48.2",3,"good",21.61666667,2022-12-10,"2022-12-09","2022-12-09 21:14","2022-12-10 12:25","2022-12-10 21:13",23.81979167,"black",1,"SDB","1",-73.74,45.47,"PETI",2022,12,10,-4.7,-10.3,-7.5,0,0,44,2022-12-10 21:37:00,2022-12-10 16:37:00
"220","end",5,68920,39,0,7.3,"59:53.9",1.275484586,0.650624009,0.746018011,0.136248462,"37:56.0",3,"good",21.61666667,2022-12-10,"2022-12-09","2022-12-09 21:14","2022-12-10 12:25","2022-12-10 21:13",23.94922,"black",1,"SDB","1",-73.74,45.47,"PETI",2022,12,10,-4.7,-10.3,-7.5,0,0,44,2022-12-10 21:37:00,2022-12-10 16:37:00
"221","end",1,68921,38,14.6,14.6,"59:56.7",1.306209206,0.595108649,0.618891193,0.060715228,"37:44.0",4,"good",21.61666667,2022-12-10,"2022-12-09","2022-12-09 21:14","2022-12-10 12:25","2022-12-10 21:13",23.75040833,"black",1,"SDB","1",-73.74,45.47,"PETI",2022,12,10,-4.7,-10.3,-7.5,0,0,44,2022-12-10 21:37:00,2022-12-10 16:37:00
"221","end",1,68921,44,7.3,7.3,"35:33.2",1.091150419,0.59824365,0.478106464,0.069131349,"37:40.4",4,"good",21.61666667,2022-12-16,"2022-12-15","2022-12-15 21:14","2022-12-16 12:30","2022-12-16 21:14",23.02272833,"black",1,"SDB","1",-73.74,45.47,"PETI",2022,12,16,2.2,-0.8,0.7,11.4,1,38,2022-12-16 21:37:00,2022-12-16 16:37:00
"224","end",4,68924,14,0,7.3,"59:58.2",1.241674032,0.699128143,0.638279646,0.10152688,"37:38.2",4,"good",21.61666667,2022-11-17,"2022-11-16","2022-11-16 21:26","2022-11-17 11:58","2022-11-17 21:25",11.987045,"black",1,"SDB","1",-73.74,45.47,"PETI",2022,11,17,-0.6,-5.8,-3.2,0,7,51,2022-11-17 21:37:00,2022-11-17 16:37:00
"224","end",4,68924,21,0,0,"59:56.9",1.163834224,0.594308944,0.657525688,0.10270295,"37:07.7",4,"good",21.61666667,2022-11-24,"2022-11-23","2022-11-23 21:20","2022-11-24 12:08","2022-11-24 21:19",17.278765,"black",1,"SDB","1",-73.74,45.47,"PETI",2022,11,24,2.8,-4.5,-0.9,0,3,0,2022-11-24 21:37:00,2022-11-24 16:37:00
"225","end",5,68925,37,0,0,"59:59.0",1.467841973,0.671416284,0.986827909,0.133618899,"37:46.3",4,"good",21.61666667,2022-12-15,"2022-12-14","2022-12-14 21:14","2022-12-15 12:30","2022-12-15 21:14",23.33856833,"black",1,"SDB","1",-73.74,45.47,"PETI",2022,12,15,5.6,0.8,3.2,0,0,38,2022-12-15 21:37:00,2022-12-15 16:37:00
"93","end",3,77870,27,9.7,0,"59:52.5",1.292201558,0.639073367,0.753241564,0.08383503,"37:27.8",5,"good",21.61666667,2023-11-24,"2023-11-23","2023-11-23 21:20","2023-11-24 12:07","2023-11-24 21:20",17.43077833,"black",1,"BDU","2",-73.74,45.47,"PETI",2023,11,24,1.7,-8.1,-3.2,1,0,42,2023-11-24 21:37:00,2023-11-24 16:37:00
"97","end",6,77874,49,9.7,0,"59:55.0",1.185157931,0.585761423,0.697228026,0.123391987,"37:01.4",5,"good",21.61666667,2023-12-18,"2023-12-17","2023-12-17 21:14","2023-12-18 12:31","2023-12-18 21:15",21.890715,"black",1,"SDB","2",-73.74,45.47,"PETI",2023,12,18,9.4,5.3,7.3,51.2,1,37,2023-12-18 21:37:00,2023-12-18 16:37:00
"97","end",6,77874,56,0,0,"59:51.6",1.076995918,0.511144762,0.722123028,0.080064868,"37:46.5",5,"good",21.61666667,2023-12-25,"2023-12-24","2023-12-24 21:17","2023-12-25 12:35","2023-12-25 21:18",19.37551666,"black",1,"SDB","2",-73.74,45.47,"PETI",2023,12,25,5.4,1.1,3.2,1.2,0,0,2023-12-25 21:37:00,2023-12-25 16:37:00
"99","end",8,77876,19,19.4,184.28,"59:52.9",1.238618729,0.692753345,0.514092698,0.096014188,"37:18.6",5,"good",21.61666667,2023-11-19,"2023-11-18","2023-11-18 21:24","2023-11-19 12:01","2023-11-19 21:24",13.275835,"black",1,"SDB","2",-73.74,45.47,"PETI",2023,11,19,5.3,-3.7,0.8,0.5,0,44,2023-11-19 21:37:00,2023-11-19 16:37:00
"99","end",8,77876,24,9.7,9.7,"59:59.3",1.133487427,0.646814271,0.616267656,0.135360452,"37:05.5",5,"good",21.61666667,2023-11-24,"2023-11-23","2023-11-23 21:20","2023-11-24 12:07","2023-11-24 21:20",17.05914333,"black",1,"SDB","2",-73.74,45.47,"PETI",2023,11,24,1.7,-8.1,-3.2,1,0,42,2023-11-24 21:37:00,2023-11-24 16:37:00
"104","end",5,77881,41,9.7,9.7,"59:51.3",1.216334599,0.566201444,0.676154267,0.131259663,"37:36.5",6,"good",21.61666667,2023-12-15,"2023-12-14","2023-12-14 21:14","2023-12-15 12:29","2023-12-15 21:14",23.22478833,"black",1,"SDB","2",-73.74,45.47,"PETI",2023,12,15,8.1,2.6,5.4,0,1,46,2023-12-15 21:37:00,2023-12-15 16:37:00
"109","end",10,77886,1,0,9.7,"59:57.4",0.96728109,0.490576439,0.606890114,0.081814684,"37:52.0",6,"good",21.61666667,2023-11-11,"2023-11-10","2023-11-10 21:33","2023-11-11 11:49","2023-11-11 21:32",5.583426666,"black",1,"BDU","2",-73.74,45.47,"PETI",2023,11,11,2.4,-1.1,0.7,0.2,0,0,2023-11-11 21:37:00,2023-11-11 16:37:00
"109","end",10,77886,15,0,9.6,"59:57.3",1.064032281,0.50719994,0.631454703,0.076553713,"37:23.1",6,"good",21.61666667,2023-11-25,"2023-11-24","2023-11-24 21:20","2023-11-25 12:08","2023-11-25 21:19",18.034655,"black",1,"BDU","2",-73.74,45.47,"PETI",2023,11,25,3.5,-8.4,-2.5,1.7,0,38,2023-11-25 21:37:00,2023-11-25 16:37:00
"111","end",2,77888,38,0,9.7,"59:57.9",1.236265738,0.551837335,0.712457063,0.113846278,"37:43.1",7,"good",21.61666667,2023-12-21,"2023-12-20","2023-12-20 21:15","2023-12-21 12:33","2023-12-21 21:16",21.43550167,"black",1,"SDB","2",-73.74,45.47,"PETI",2023,12,21,-3.9,-9.2,-6.5,1,0,39,2023-12-21 21:37:00,2023-12-21 16:37:00
"114","end",5,77891,6,0,0,"59:51.1",0.81201111,0.536036261,0.397675322,0.08015722,"37:46.1",7,"good",21.61666667,2023-11-25,"2023-11-24","2023-11-24 21:20","2023-11-25 12:08","2023-11-25 21:19",18.41863333,"black",1,"BDU","2",-73.74,45.47,"PETI",2023,11,25,3.5,-8.4,-2.5,1.7,0,38,2023-11-25 21:37:00,2023-11-25 16:37:00
"123","end",3,77899,66,0,0,"59:52.1",1.269649747,0.61900677,0.71896648,0.110124639,"37:37.1",8,"good",21.61666667,2023-12-23,"2023-12-22","2023-12-22 21:16","2023-12-23 12:34","2023-12-23 21:17",20.36822333,"black",1,"SDB","2",-73.74,45.47,"PETI",2023,12,23,-0.8,-8.4,-4.6,0,0,0,2023-12-23 21:37:00,2023-12-23 16:37:00
"124","end",4,77900,1,9.7,9.7,"59:56.4",1.03195221,0.64937699,0.457672784,0.09422234,"37:51.1",8,"good",21.61666667,2023-10-19,"2023-10-18","2023-10-18 22:07","2023-10-19 11:17","2023-10-19 22:05",-28.06439833,"black",1,"SDB","2",-73.74,45.47,"PETI",2023,10,19,16.6,11,13.8,0.4,0,0,2023-10-19 21:37:00,2023-10-19 17:37:00
"124","end",4,77900,35,0,9.7,"59:52.4",1.134975261,0.502157143,0.722750614,0.113271179,"37:08.4",8,"good",21.61666667,2023-11-22,"2023-11-21","2023-11-21 21:22","2023-11-22 12:05","2023-11-22 21:21",15.623195,"black",1,"SDB","2",-73.74,45.47,"PETI",2023,11,22,6.3,1.2,3.8,11,0,38,2023-11-22 21:37:00,2023-11-22 16:37:00
"614","end",8,90332,30,9.7,9.7,"59:58.9",0.723119483,0.51233819,0.213929409,0.051461836,"37:34.1",9,"good",21.61666667,2024-11-19,"2024-11-18","2024-11-18 21:24","2024-11-19 12:02","2024-11-19 21:23",14.18579333,"black",1,"BDU","3",-73.74,45.47,"PETI",2024,11,19,10.9,0.9,5.9,0,0,0,2024-11-19 21:37:00,2024-11-19 16:37:00
"614","end",8,90332,61,9.7,9.7,"59:56.8",0.692765486,0.60438328,0.307452453,0.085648701,"37:41.8",9,"good",21.61666667,2024-12-20,"2024-12-19","2024-12-19 21:15","2024-12-20 12:33","2024-12-20 21:16",21.53022667,"black",1,"BDU","3",-73.74,45.47,"PETI",2024,12,20,-6.7,-10.7,-8.7,0.2,0,32,2024-12-20 21:37:00,2024-12-20 16:37:00
"617","end",2,90335,87,0,9.7,"59:51.9",0.962186185,0.466495979,0.773763445,0.099745223,"37:57.0",10,"good",21.61666667,2025-01-19,"2025-01-18","2025-01-18 21:43","2025-01-19 12:30","2025-01-19 21:45",-7.083221666,"black",1,"BDU","3",-73.74,45.47,"PETI",2025,1,19,-1,-11,-6,0.2,5,35,2025-01-19 21:37:00,2025-01-19 16:37:00
"620","end",4,90338,32,9.6,38.89,"59:52.0",0.879164846,0.620449982,0.313888099,0.089431445,"37:56.5",10,"good",21.61666667,2024-11-29,"2024-11-28","2024-11-28 21:17","2024-11-29 12:14","2024-11-29 21:16",21.308115,"black",1,"BDU","3",-73.74,45.47,"PETI",2024,11,29,3.6,-1.8,0.9,0,0,42,2024-11-29 21:37:00,2024-11-29 16:37:00
"625","end",9,90343,61,0,0,"59:52.6",1.213481015,0.641930136,0.70725151,0.127292015,"37:47.5",10,"good",21.61666667,2024-12-30,"2024-12-29","2024-12-29 21:21","2024-12-30 12:36","2024-12-30 21:22",15.24097,"black",1,"SDB","3",-73.74,45.47,"PETI",2024,12,30,11.4,3.2,7.3,5.6,0,45,2024-12-30 21:37:00,2024-12-30 16:37:00
"627","end",2,90345,49,9.7,9.7,"59:51.7",1.273881841,0.599181449,0.590683962,0.109358885,"37:56.0",11,"good",21.61666667,2024-12-21,"2024-12-20","2024-12-20 21:16","2024-12-21 12:34","2024-12-21 21:16",21.31745333,"black",1,"BDU","3",-73.74,45.47,"PETI",2024,12,21,-8,-16.2,-12.1,0.2,0,37,2024-12-21 21:37:00,2024-12-21 16:37:00
"631","end",6,90349,34,833.73,9.7,"30:38.0",0.919627233,0.605131849,0.492971907,0.073583835,"37:28.9",11,"good",21.61666667,2024-12-15,"2024-12-14","2024-12-14 21:14","2024-12-15 12:30","2024-12-15 21:14",22.94859,"black",1,"BDU","3",-73.74,45.47,"PETI",2024,12,15,-5.8,-12.7,-9.3,0,1,0,2024-12-15 21:37:00,2024-12-15 16:37:00
"635","end",10,90353,15,0,9.7,"59:53.5",0.956736266,0.679788928,0.373199699,0.106783078,"37:09.5",11,"good",21.61666667,2024-11-27,"2024-11-26","2024-11-26 21:18","2024-11-27 12:12","2024-11-27 21:17",19.492255,"black",1,"BDU","3",-73.74,45.47,"PETI",2024,11,27,5.7,2,3.9,0,0,48,2024-11-27 21:37:00,2024-11-27 16:37:00
"635","end",10,90353,17,0,9.7,"59:53.3",0.874983201,0.609369927,0.432032422,0.096252907,"37:09.4",11,"good",21.61666667,2024-11-29,"2024-11-28","2024-11-28 21:17","2024-11-29 12:14","2024-11-29 21:16",20.52272167,"black",1,"BDU","3",-73.74,45.47,"PETI",2024,11,29,3.6,-1.8,0.9,0,0,42,2024-11-29 21:37:00,2024-11-29 16:37:00
"635","end",10,90353,57,9.7,0,"59:55.0",0.63435926,0.547449129,0.170637002,0.089134827,"37:40.2",11,"good",21.61666667,2025-01-08,"2025-01-07","2025-01-07 21:30","2025-01-08 12:35","2025-01-08 21:31",6.302931666,"black",1,"BDU","3",-73.74,45.47,"PETI",2025,1,8,-11.1,-14.2,-12.7,1.7,0,43,2025-01-08 21:37:00,2025-01-08 16:37:00
"641","end",5,90359,13,9.7,0,"59:52.7",1.385131871,0.605266619,0.783397905,0.093623694,"37:37.9",12,"good",21.61666667,2024-11-27,"2024-11-26","2024-11-26 21:18","2024-11-27 12:12","2024-11-27 21:17",19.96573667,"black",1,"SDB","3",-73.74,45.47,"PETI",2024,11,27,5.7,2,3.9,0,0,48,2024-11-27 21:37:00,2024-11-27 16:37:00
"641","end",5,90359,47,9.7,9.7,"59:51.5",1.141382138,0.581368506,0.558139361,0.076695453,"37:46.4",12,"good",21.61666667,2024-12-31,"2024-12-30","2024-12-30 21:22","2024-12-31 12:36","2024-12-31 21:23",14.373525,"black",1,"SDB","3",-73.74,45.47,"PETI",2024,12,31,6.3,1.8,4.1,0,0,39,2024-12-31 21:37:00,2024-12-31 16:37:00
"645","end",7,90363,12,0,19.4,"10:11.7",1.32143834,0.685119344,0.864095237,0.099883683,"37:24.7",12,"good",21.61666667,2024-11-26,"2024-11-25","2024-11-25 21:18","2024-11-26 12:11","2024-11-26 21:18",19.16178166,"black",1,"SDB","3",-73.74,45.47,"PETI",2024,11,26,5.1,-1,2.1,5.7,0,35,2024-11-26 21:37:00,2024-11-26 16:37:00
"645","end",7,90363,16,0,9.7,"59:59.4",1.320577252,0.62966248,0.848409372,0.109428423,"37:05.9",12,"good",21.61666667,2024-11-30,"2024-11-29","2024-11-29 21:16","2024-11-30 12:16","2024-11-30 21:16",20.91420166,"black",1,"SDB","3",-73.74,45.47,"PETI",2024,11,30,2.3,-0.9,0.7,0.2,0,41,2024-11-30 21:37:00,2024-11-30 16:37:00
"645","end",7,90363,41,0,9.7,"59:56.7",1.40194873,0.51249312,0.929938604,0.112017543,"37:51.6",12,"good",21.61666667,2024-12-25,"2024-12-24","2024-12-24 21:18","2024-12-25 12:35","2024-12-25 21:18",18.99361833,"black",1,"SDB","3",-73.74,45.47,"PETI",2024,12,25,-5.4,-15.8,-10.6,0,8,0,2024-12-25 21:37:00,2024-12-25 16:37:00
"206","end",1,68906,34,7.3,7.3,"59:49.1",1.119017534,0.723259047,0.635285856,0.094152542,"38:42.3",1,"good",21.63333333,2022-11-14,"2022-11-13","2022-11-13 21:29","2022-11-14 11:54","2022-11-14 21:28",10.039075,"black",1,"SDB","1",-73.74,45.47,"PETI",2022,11,14,2.2,-2.2,0,0,0,40,2022-11-14 21:38:00,2022-11-14 16:38:00
"206","end",1,68906,68,7.3,0,"59:56.5",1.325752428,0.612090075,0.887154773,0.093810892,"38:35.1",1,"good",21.63333333,2022-12-18,"2022-12-17","2022-12-17 21:14","2022-12-18 12:32","2022-12-18 21:15",23.36876167,"black",1,"SDB","1",-73.74,45.47,"PETI",2022,12,18,-0.5,-2.4,-1.4,0,28,0,2022-12-18 21:38:00,2022-12-18 16:38:00
"206","end",1,68906,88,0,7.3,"59:58.3",1.11074816,0.65323971,0.438391086,0.102856165,"38:00.5",1,"good",21.63333333,2023-01-07,"2023-01-06","2023-01-06 21:28","2023-01-07 12:36","2023-01-07 21:29",8.275013332,"black",1,"SDB","1",-73.74,45.47,"PETI",2023,1,7,0.3,-8,-3.9,0.2,0,33,2023-01-07 21:38:00,2023-01-07 16:38:00
"207","end",2,68907,50,0,7.3,"59:53.9",1.309096793,0.65382165,0.851891159,0.143221106,"38:54.2",1,"good",21.63333333,2022-11-27,"2022-11-26","2022-11-26 21:18","2022-11-27 12:11","2022-11-27 21:17",20.96982167,"black",1,"SDB","1",-73.74,45.47,"PETI",2022,11,27,10.7,2.9,6.8,3.2,0,32,2022-11-27 21:38:00,2022-11-27 16:38:00
"209","end",4,68909,73,7.3,80.29,"48:35.6",1.544177025,0.773647476,0.853532907,0.149366182,"38:32.9",1,"good",21.63333333,2022-12-25,"2022-12-24","2022-12-24 21:17","2022-12-25 12:35","2022-12-25 21:18",19.98179,"black",1,"SDB","1",-73.74,45.47,"PETI",2022,12,25,-3.3,-7.6,-5.4,0.5,10,59,2022-12-25 21:38:00,2022-12-25 16:38:00
"212","end",2,68912,42,0,0,"59:57.5",1.61005523,0.392851252,1.030367266,0.069581076,"38:35.9",2,"good",21.63333333,2022-12-04,"2022-12-03","2022-12-03 21:15","2022-12-04 12:19","2022-12-04 21:14",23.68217667,"black",1,"SDB","1",-73.74,45.47,"PETI",2022,12,4,1.1,-5.1,-2,0.2,0,43,2022-12-04 21:38:00,2022-12-04 16:38:00
"212","end",2,68912,46,0,0,"59:57.6",1.551922622,0.354922585,0.957163793,0.068499799,"38:06.8",2,"good",21.63333333,2022-12-08,"2022-12-07","2022-12-07 21:14","2022-12-08 12:24","2022-12-08 21:14",23.99589333,"black",1,"SDB","1",-73.74,45.47,"PETI",2022,12,8,5.6,-2.3,1.6,0.2,0,0,2022-12-08 21:38:00,2022-12-08 16:38:00
"213","end",3,68913,29,7.3,0,"59:55.1",1.277138885,0.709855066,0.729118624,0.154541433,"38:48.3",2,"good",21.63333333,2022-11-20,"2022-11-19","2022-11-19 21:23","2022-11-20 12:02","2022-11-20 21:22",15.85423167,"black",1,"SDB","1",-73.74,45.47,"PETI",2022,11,20,-1,-8.9,-4.9,0.2,5,68,2022-11-20 21:38:00,2022-11-20 16:38:00
"213","end",3,68913,35,7.3,0,"59:52.9",1.427896,0.511789131,0.910514446,0.096873291,"38:46.1",2,"good",21.63333333,2022-11-26,"2022-11-25","2022-11-25 21:19","2022-11-26 12:10","2022-11-26 21:18",20.23439333,"black",1,"SDB","1",-73.74,45.47,"PETI",2022,11,26,8.6,0.8,4.7,0,0,37,2022-11-26 21:38:00,2022-11-26 16:38:00
"213","end",3,68913,37,0,7.3,"59:57.1",1.12873521,0.531622893,0.703063126,0.116940135,"38:21.0",2,"good",21.63333333,2022-11-28,"2022-11-27","2022-11-27 21:17","2022-11-28 12:13","2022-11-28 21:17",20.966825,"black",1,"SDB","1",-73.74,45.47,"PETI",2022,11,28,5.4,-1.2,2.1,0.5,0,37,2022-11-28 21:38:00,2022-11-28 16:38:00
"213","end",3,68913,41,7.3,0,"59:58.1",1.354467396,0.753782238,0.860398605,0.121275653,"38:22.0",2,"good",21.63333333,2022-12-02,"2022-12-01","2022-12-01 21:15","2022-12-02 12:17","2022-12-02 21:15",22.800445,"black",1,"SDB","1",-73.74,45.47,"PETI",2022,12,2,4.2,-3.9,0.1,0,0,43,2022-12-02 21:38:00,2022-12-02 16:38:00
"213","end",3,68913,51,0,7.3,"59:57.0",1.349975423,0.468084115,0.98316703,0.095317089,"38:06.4",2,"good",21.63333333,2022-12-12,"2022-12-11","2022-12-11 21:13","2022-12-12 12:27","2022-12-12 21:14",24.07301,"black",1,"SDB","1",-73.74,45.47,"PETI",2022,12,12,-2.8,-9.9,-6.3,0,0,31,2022-12-12 21:38:00,2022-12-12 16:38:00
"215","end",5,68915,32,51.09,430.65,"59:44.1",1.088102072,0.606612382,0.257638881,0.067169493,"38:22.6",2,"good",21.63333333,2022-11-26,"2022-11-25","2022-11-25 21:19","2022-11-26 12:10","2022-11-26 21:18",19.84374834,"black",1,"SDB","1",-73.74,45.47,"PETI",2022,11,26,8.6,0.8,4.7,0,0,37,2022-11-26 21:38:00,2022-11-26 16:38:00
"217","end",2,68917,39,7.3,0,"59:53.4",1.415223206,0.478269438,0.900259508,0.109045277,"38:24.6",3,"good",21.63333333,2022-12-04,"2022-12-03","2022-12-03 21:15","2022-12-04 12:19","2022-12-04 21:14",23.493055,"black",1,"SDB","1",-73.74,45.47,"PETI",2022,12,4,1.1,-5.1,-2,0.2,0,43,2022-12-04 21:38:00,2022-12-04 16:38:00
"217","end",2,68917,64,7.3,0,"59:59.8",1.471704374,0.415812804,0.952585413,0.09384705,"38:52.9",3,"good",21.63333333,2022-12-29,"2022-12-28","2022-12-28 21:20","2022-12-29 12:36","2022-12-29 21:21",17.53121833,"black",1,"SDB","1",-73.74,45.47,"PETI",2022,12,29,6.1,-2.9,1.6,0.5,18,0,2022-12-29 21:38:00,2022-12-29 16:38:00
"219","end",4,68919,39,0,7.3,"59:56.9",1.541461326,0.344658316,0.860281129,0.065482242,"38:42.7",3,"good",21.63333333,2022-12-08,"2022-12-07","2022-12-07 21:14","2022-12-08 12:24","2022-12-08 21:14",24.59537,"black",1,"SDB","1",-73.74,45.47,"PETI",2022,12,8,5.6,-2.3,1.6,0.2,0,0,2022-12-08 21:38:00,2022-12-08 16:38:00
"220","end",5,68920,15,0,7.3,"59:54.4",1.176621931,0.500203667,0.725231434,0.113423434,"38:47.5",3,"good",21.63333333,2022-11-16,"2022-11-15","2022-11-15 21:27","2022-11-16 11:57","2022-11-16 21:26",12.17463667,"black",1,"SDB","1",-73.74,45.47,"PETI",2022,11,16,0.7,-0.8,-0.1,9.9,0,33,2022-11-16 21:38:00,2022-11-16 16:38:00
"220","end",5,68920,38,7.3,197.07,"28:46.7",1.250019365,0.51556314,0.801453421,0.102436616,"38:33.7",3,"good",21.63333333,2022-12-09,"2022-12-08","2022-12-08 21:14","2022-12-09 12:25","2022-12-09 21:14",24.52894333,"black",1,"SDB","1",-73.74,45.47,"PETI",2022,12,9,-1.1,-9.1,-5.1,0.2,0,36,2022-12-09 21:38:00,2022-12-09 16:38:00
"222","end",2,68922,48,14.6,7.3,"59:54.9",1.210009302,0.71171841,0.466849628,0.11231709,"38:33.5",4,"good",21.63333333,2022-12-20,"2022-12-19","2022-12-19 21:15","2022-12-20 12:33","2022-12-20 21:15",22.592155,"black",1,"SDB","1",-73.74,45.47,"PETI",2022,12,20,-1.8,-5,-3.4,0,23,0,2022-12-20 21:38:00,2022-12-20 16:38:00
"222","end",2,68922,53,7.3,43.79,"48:52.1",1.562105129,0.739137955,0.938991086,0.088500182,"38:42.2",4,"good",21.63333333,2022-12-25,"2022-12-24","2022-12-24 21:17","2022-12-25 12:35","2022-12-25 21:18",20.13712,"black",1,"SDB","1",-73.74,45.47,"PETI",2022,12,25,-3.3,-7.6,-5.4,0.5,10,59,2022-12-25 21:38:00,2022-12-25 16:38:00
"222","end",2,68922,71,7.3,0,"59:56.3",1.126608987,0.573737559,0.648554345,0.099769505,"38:05.7",4,"good",21.63333333,2023-01-12,"2023-01-11","2023-01-11 21:34","2023-01-12 12:34","2023-01-12 21:35",2.645404998,"black",1,"SDB","1",-73.74,45.47,"PETI",2023,1,12,-0.8,-7.9,-4.4,11.8,0,0,2023-01-12 21:38:00,2023-01-12 16:38:00
"224","end",4,68924,7,0,7.3,"59:53.3",1.187429046,0.598155237,0.821771908,0.104269995,"38:02.5",4,"good",21.63333333,2022-11-10,"2022-11-09","2022-11-09 21:34","2022-11-10 11:48","2022-11-10 21:33",4.891901668,"black",1,"SDB","1",-73.74,45.47,"PETI",2022,11,10,17.2,7.6,12.4,0,0,0,2022-11-10 21:38:00,2022-11-10 16:38:00
"224","end",4,68924,29,0,7.3,"59:55.5",1.167260329,0.566479105,0.66180203,0.109230511,"38:26.6",4,"good",21.63333333,2022-12-02,"2022-12-01","2022-12-01 21:15","2022-12-02 12:17","2022-12-02 21:15",22.876055,"black",1,"SDB","1",-73.74,45.47,"PETI",2022,12,2,4.2,-3.9,0.1,0,0,43,2022-12-02 21:38:00,2022-12-02 16:38:00
"224","end",4,68924,76,0,0,"59:58.9",1.169862584,0.656337771,0.713703935,0.145297613,"38:30.0",4,"good",21.63333333,2023-01-18,"2023-01-17","2023-01-17 21:41","2023-01-18 12:31","2023-01-18 21:43",-4.549685001,"black",1,"SDB","1",-73.74,45.47,"PETI",2023,1,18,1.8,-4.3,-1.3,1.6,18,0,2023-01-18 21:38:00,2023-01-18 16:38:00
"225","end",5,68925,35,7.3,0,"59:58.6",1.560425223,0.628675164,0.967866595,0.109378042,"38:00.5",4,"good",21.63333333,2022-12-13,"2022-12-12","2022-12-12 21:14","2022-12-13 12:28","2022-12-13 21:14",23.891825,"black",1,"SDB","1",-73.74,45.47,"PETI",2022,12,13,0.4,-9,-4.3,0,0,38,2022-12-13 21:38:00,2022-12-13 16:38:00
"225","end",5,68925,36,0,7.3,"59:59.2",1.430588956,0.553696342,1.009682735,0.140822718,"38:44.9",4,"good",21.63333333,2022-12-14,"2022-12-13","2022-12-13 21:14","2022-12-14 12:29","2022-12-14 21:14",24.49886167,"black",1,"SDB","1",-73.74,45.47,"PETI",2022,12,14,2.9,-9.3,-3.2,0,0,0,2022-12-14 21:38:00,2022-12-14 16:38:00
"225","end",5,68925,39,0,7.3,"59:58.6",1.368233225,0.582978442,0.856347475,0.139953221,"38:37.0",4,"good",21.63333333,2022-12-17,"2022-12-16","2022-12-16 21:14","2022-12-17 12:31","2022-12-17 21:14",23.70013,"black",1,"SDB","1",-73.74,45.47,"PETI",2022,12,17,-0.1,-0.6,-0.4,8.8,20,0,2022-12-17 21:38:00,2022-12-17 16:38:00
"102","end",3,77879,14,0,0,"59:57.7",1.101941745,0.565570999,0.647636944,0.097618596,"38:11.7",6,"good",21.63333333,2023-11-17,"2023-11-16","2023-11-16 21:26","2023-11-17 11:58","2023-11-17 21:25",12.29560666,"black",1,"SDB","2",-73.74,45.47,"PETI",2023,11,17,14.3,3.2,8.8,6.4,0,49,2023-11-17 21:38:00,2023-11-17 16:38:00
"102","end",3,77879,24,0,9.7,"59:57.9",1.344429413,0.599043544,0.890000955,0.114917073,"38:21.6",6,"good",21.63333333,2023-11-27,"2023-11-26","2023-11-26 21:18","2023-11-27 12:11","2023-11-27 21:18",20.26008833,"black",1,"SDB","2",-73.74,45.47,"PETI",2023,11,27,5.5,0.5,3,4.3,0,48,2023-11-27 21:38:00,2023-11-27 16:38:00
"104","end",5,77881,21,9.7,0,"59:51.0",1.426158094,0.577368756,0.826120992,0.091694321,"38:44.1",6,"good",21.63333333,2023-11-25,"2023-11-24","2023-11-24 21:20","2023-11-25 12:08","2023-11-25 21:19",19.38505167,"black",1,"SDB","2",-73.74,45.47,"PETI",2023,11,25,3.5,-8.4,-2.5,1.7,0,38,2023-11-25 21:38:00,2023-11-25 16:38:00
"104","end",5,77881,44,87.29,87.29,"38:27.8",1.315015563,0.646368477,0.729986726,0.085693046,"38:31.4",6,"good",21.63333333,2023-12-18,"2023-12-17","2023-12-17 21:14","2023-12-18 12:31","2023-12-18 21:15",23.39015667,"black",1,"SDB","2",-73.74,45.47,"PETI",2023,12,18,9.4,5.3,7.3,51.2,1,37,2023-12-18 21:38:00,2023-12-18 16:38:00
"109","end",10,77886,16,0,9.7,"59:54.4",0.858603638,0.590793843,0.466334766,0.074263669,"38:18.2",6,"good",21.63333333,2023-11-26,"2023-11-25","2023-11-25 21:19","2023-11-26 12:10","2023-11-26 21:18",19.6039,"black",1,"BDU","2",-73.74,45.47,"PETI",2023,11,26,4.9,-1.5,1.7,8.6,0,43,2023-11-26 21:38:00,2023-11-26 16:38:00
"109","end",10,77886,33,0,9.7,"59:54.8",1.12303435,0.538979398,0.721180938,0.088145862,"38:18.6",6,"good",21.63333333,2023-12-13,"2023-12-12","2023-12-12 21:14","2023-12-13 12:28","2023-12-13 21:14",24.22726333,"black",1,"BDU","2",-73.74,45.47,"PETI",2023,12,13,1.1,-6.9,-2.9,1,1,47,2023-12-13 21:38:00,2023-12-13 16:38:00
"109","end",10,77886,39,9.7,0,"59:55.4",0.996182637,0.619440125,0.45303809,0.08246576,"38:58.3",6,"good",21.63333333,2023-12-19,"2023-12-18","2023-12-18 21:15","2023-12-19 12:32","2023-12-19 21:15",23.50447833,"black",1,"BDU","2",-73.74,45.47,"PETI",2023,12,19,5.3,-5.6,-0.2,1.7,0,37,2023-12-19 21:38:00,2023-12-19 16:38:00
"109","end",10,77886,42,9.7,9.7,"59:59.6",1.219971131,0.597444794,0.800780225,0.082682647,"38:13.8",6,"good",21.63333333,2023-12-22,"2023-12-21","2023-12-21 21:16","2023-12-22 12:34","2023-12-22 21:16",21.4797,"black",1,"BDU","2",-73.74,45.47,"PETI",2023,12,22,-4.1,-10.1,-7.1,2.2,0,0,2023-12-22 21:38:00,2023-12-22 16:38:00
"109","end",10,77886,44,9.7,9.7,"59:53.4",0.941030798,0.473117068,0.561635777,0.078254526,"38:36.7",6,"good",21.63333333,2023-12-24,"2023-12-23","2023-12-23 21:17","2023-12-24 12:35","2023-12-24 21:17",20.81148833,"black",1,"BDU","2",-73.74,45.47,"PETI",2023,12,24,2.1,-1.5,0.3,0,0,0,2023-12-24 21:38:00,2023-12-24 16:38:00
"109","end",10,77886,49,0,9.7,"59:52.2",1.045445,0.511322476,0.608298838,0.079950204,"38:35.2",6,"good",21.63333333,2023-12-29,"2023-12-28","2023-12-28 21:20","2023-12-29 12:36","2023-12-29 21:21",17.43645667,"black",1,"BDU","2",-73.74,45.47,"PETI",2023,12,29,2.4,1.1,1.8,5.9,0,0,2023-12-29 21:38:00,2023-12-29 16:38:00
"109","end",10,77886,53,9.7,9.7,"59:56.2",0.758768961,0.610065838,0.336944774,0.071320217,"38:29.7",6,"good",21.63333333,2024-01-02,"2024-01-01","2024-01-01 21:23","2024-01-02 12:36","2024-01-02 21:24",13.97906,"black",1,"BDU","2",-73.74,45.47,"PETI",2024,1,2,1.1,-4.6,-1.8,0,0,39,2024-01-02 21:38:00,2024-01-02 16:38:00
"111","end",2,77888,9,0,9.7,"59:54.2",0.996208681,0.520396524,0.550911865,0.085120648,"38:57.0",7,"good",21.63333333,2023-11-22,"2023-11-21","2023-11-21 21:22","2023-11-22 12:05","2023-11-22 21:21",17.43369,"black",1,"SDB","2",-73.74,45.47,"PETI",2023,11,22,6.3,1.2,3.8,11,0,38,2023-11-22 21:38:00,2023-11-22 16:38:00
"115","end",6,77892,1,0,9.7,"59:50.4",0.862282676,0.485919573,0.544518126,0.12649319,"38:24.0",7,"good",21.63333333,2023-11-20,"2023-11-19","2023-11-19 21:24","2023-11-20 12:02","2023-11-20 21:23",15.23334833,"black",1,"BDU","2",-73.74,45.47,"PETI",2023,11,20,0.3,-5.8,-2.8,1.5,0,0,2023-11-20 21:38:00,2023-11-20 16:38:00
"121","end",2,77898,41,9.7,0,"59:57.4",1.444962302,0.669936766,0.686383146,0.100402183,"38:01.8",8,"good",21.63333333,2023-11-27,"2023-11-26","2023-11-26 21:18","2023-11-27 12:11","2023-11-27 21:18",19.93038333,"black",1,"BDU","2",-73.74,45.47,"PETI",2023,11,27,5.5,0.5,3,4.3,0,48,2023-11-27 21:38:00,2023-11-27 16:38:00
"121","end",2,77898,58,9.7,9.7,"59:58.0",1.407589392,0.688701856,0.767755032,0.109853682,"38:50.9",8,"good",21.63333333,2023-12-14,"2023-12-13","2023-12-13 21:14","2023-12-14 12:29","2023-12-14 21:14",24.63205167,"black",1,"BDU","2",-73.74,45.47,"PETI",2023,12,14,2.8,-7.5,-2.3,0.8,1,37,2023-12-14 21:38:00,2023-12-14 16:38:00
"124","end",4,77900,36,0,0,"59:58.8",1.055418475,0.468128178,0.484372733,0.094747683,"38:32.3",8,"good",21.63333333,2023-11-23,"2023-11-22","2023-11-22 21:21","2023-11-23 12:06","2023-11-23 21:20",17.77218,"black",1,"SDB","2",-73.74,45.47,"PETI",2023,11,23,5.4,1.3,3.3,0.4,0,0,2023-11-23 21:38:00,2023-11-23 16:38:00
"124","end",4,77900,64,0,0,"59:50.3",1.22782933,0.625436805,0.619807171,0.084530121,"38:23.9",8,"good",21.63333333,2023-12-21,"2023-12-20","2023-12-20 21:15","2023-12-21 12:33","2023-12-21 21:16",22.11495167,"black",1,"SDB","2",-73.74,45.47,"PETI",2023,12,21,-3.9,-9.2,-6.5,1,0,39,2023-12-21 21:38:00,2023-12-21 16:38:00
"127","end",7,77903,29,0,9.7,"59:50.7",0.982405259,0.600064849,0.6040499,0.135381611,"38:53.5",8,"good",21.63333333,2023-11-17,"2023-11-16","2023-11-16 21:26","2023-11-17 11:58","2023-11-17 21:25",12.99104833,"black",1,"SDB","2",-73.74,45.47,"PETI",2023,11,17,14.3,3.2,8.8,6.4,0,49,2023-11-17 21:38:00,2023-11-17 16:38:00
"608","end",3,90326,30,0,9.7,"59:53.4",0.976602008,0.420905164,0.837269696,0.072864744,"38:56.2",9,"good",21.63333333,2024-11-21,"2024-11-20","2024-11-20 21:22","2024-11-21 12:04","2024-11-21 21:21",17.20339333,"black",1,"BDU","3",-73.74,45.47,"PETI",2024,11,21,8.1,5.4,6.8,1.7,0,44,2024-11-21 21:38:00,2024-11-21 16:38:00
"608","end",3,90326,36,0,0,"59:54.8",0.618740099,0.560146721,0.432672581,0.103690498,"38:09.1",9,"good",21.63333333,2024-11-27,"2024-11-26","2024-11-26 21:18","2024-11-27 12:12","2024-11-27 21:17",20.48557333,"black",1,"BDU","3",-73.74,45.47,"PETI",2024,11,27,5.7,2,3.9,0,0,48,2024-11-27 21:38:00,2024-11-27 16:38:00
"608","end",3,90326,40,0,9.7,"59:55.5",1.300732077,0.581830164,0.897281081,0.109756663,"38:58.5",9,"good",21.63333333,2024-12-01,"2024-11-30","2024-11-30 21:16","2024-12-01 12:17","2024-12-01 21:15",23.20856833,"black",1,"BDU","3",-73.74,45.47,"PETI",2024,12,1,0.5,-3.2,-1.4,0,0,38,2024-12-01 21:38:00,2024-12-01 16:38:00
"608","end",3,90326,61,9.7,0,"59:55.8",0.91586359,0.50519637,0.630185858,0.087942127,"38:48.9",9,"good",21.63333333,2024-12-22,"2024-12-21","2024-12-21 21:16","2024-12-22 12:34","2024-12-22 21:17",21.69889333,"black",1,"BDU","3",-73.74,45.47,"PETI",2024,12,22,-11.2,-16.9,-14,0.2,0,0,2024-12-22 21:38:00,2024-12-22 16:38:00
"608","end",3,90326,64,0,9.7,"59:51.4",0.767720122,0.539947319,0.613639104,0.092580598,"38:54.2",9,"good",21.63333333,2024-12-25,"2024-12-24","2024-12-24 21:18","2024-12-25 12:35","2024-12-25 21:18",20.03736167,"black",1,"BDU","3",-73.74,45.47,"PETI",2024,12,25,-5.4,-15.8,-10.6,0,8,0,2024-12-25 21:38:00,2024-12-25 16:38:00
"617","end",2,90335,59,9.7,9.7,"59:58.6",0.604763999,0.569127874,0.125442039,0.075589074,"38:13.4",10,"good",21.63333333,2024-12-22,"2024-12-21","2024-12-21 21:16","2024-12-22 12:34","2024-12-22 21:17",21.10683167,"black",1,"BDU","3",-73.74,45.47,"PETI",2024,12,22,-11.2,-16.9,-14,0.2,0,0,2024-12-22 21:38:00,2024-12-22 16:38:00
"620","end",4,90338,8,9.7,9.7,"56:32.9",0.994559047,0.560325142,0.439649184,0.063251309,"38:20.6",10,"good",21.63333333,2024-11-05,"2024-11-04","2024-11-04 21:40","2024-11-05 11:42","2024-11-05 21:38",-0.457006665,"black",1,"BDU","3",-73.74,45.47,"PETI",2024,11,5,18.3,7.6,12.9,0.2,0,0,2024-11-05 21:38:00,2024-11-05 16:38:00
"623","end",7,90341,5,9.7,9.7,"59:59.3",0.724609537,0.649999022,0.195244578,0.08695399,"38:52.3",10,"good",21.63333333,2024-11-04,"2024-11-03","2024-11-03 21:41","2024-11-04 11:41","2024-11-04 21:40",-1.261050002,"black",1,"BDU","3",-73.74,45.47,"PETI",2024,11,4,8.2,2.5,5.4,5.3,0,34,2024-11-04 21:38:00,2024-11-04 16:38:00
"627","end",2,90345,1,9.7,0,"59:56.6",1.225783888,0.525908642,0.840453399,0.056703552,"38:30.1",11,"good",21.63333333,2024-11-03,"2024-11-02","2024-11-02 21:42","2024-11-03 11:39","2024-11-03 21:41",-2.981308333,"black",1,"BDU","3",-73.74,45.47,"PETI",2024,11,3,5.6,-5.2,0.2,0,0,0,2024-11-03 21:38:00,2024-11-03 16:38:00
"627","end",2,90345,29,9.7,9.7,"59:59.8",1.128602126,0.589292345,0.574770221,0.075179278,"38:33.3",11,"good",21.63333333,2024-12-01,"2024-11-30","2024-11-30 21:16","2024-12-01 12:17","2024-12-01 21:15",22.788525,"black",1,"BDU","3",-73.74,45.47,"PETI",2024,12,1,0.5,-3.2,-1.4,0,0,38,2024-12-01 21:38:00,2024-12-01 16:38:00
"627","end",2,90345,58,9.7,9.7,"59:50.4",1.173087457,0.587837665,0.610871023,0.081369018,"38:14.2",11,"good",21.63333333,2024-12-30,"2024-12-29","2024-12-29 21:21","2024-12-30 12:36","2024-12-30 21:22",15.68655167,"black",1,"BDU","3",-73.74,45.47,"PETI",2024,12,30,11.4,3.2,7.3,5.6,0,45,2024-12-30 21:38:00,2024-12-30 16:38:00
"630","end",5,90348,21,58.19,19.91,"59:57.8",0.922091809,0.536833579,0.360278616,0.05986359,"38:41.1",11,"good",21.63333333,2024-11-27,"2024-11-26","2024-11-26 21:18","2024-11-27 12:12","2024-11-27 21:17",21.01869667,"black",1,"BDU","3",-73.74,45.47,"PETI",2024,11,27,5.7,2,3.9,0,0,48,2024-11-27 21:38:00,2024-11-27 16:38:00
"630","end",5,90348,22,9.7,9.7,"59:53.9",0.808748351,0.600444836,0.207267144,0.075176632,"38:27.5",11,"good",21.63333333,2024-11-28,"2024-11-27","2024-11-27 21:17","2024-11-28 12:13","2024-11-28 21:17",21.32568167,"black",1,"BDU","3",-73.74,45.47,"PETI",2024,11,28,3.4,0.6,2,4.2,0,0,2024-11-28 21:38:00,2024-11-28 16:38:00
"631","end",6,90349,28,0,9.7,"59:53.7",0.8592566,0.684566218,0.360385895,0.108822129,"38:47.2",11,"good",21.63333333,2024-12-09,"2024-12-08","2024-12-08 21:14","2024-12-09 12:25","2024-12-09 21:14",24.7864,"black",1,"BDU","3",-73.74,45.47,"PETI",2024,12,9,-3.2,-7.1,-5.2,2.7,9,43,2024-12-09 21:38:00,2024-12-09 16:38:00
"631","end",6,90349,42,9.7,9.7,"59:57.0",1.19348673,0.588184718,1.041773569,0.098872729,"38:02.0",11,"good",21.63333333,2024-12-23,"2024-12-22","2024-12-22 21:17","2024-12-23 12:34","2024-12-23 21:17",20.36631167,"black",1,"BDU","3",-73.74,45.47,"PETI",2024,12,23,-6.9,-16,-11.4,5.2,0,0,2024-12-23 21:38:00,2024-12-23 16:38:00
"634","end",9,90352,13,126.08,9.7,"59:55.8",0.731021093,0.496188761,0.22383117,0.054596036,"38:39.3",11,"good",21.63333333,2024-11-25,"2024-11-24","2024-11-24 21:19","2024-11-25 12:09","2024-11-25 21:18",19.78778333,"black",1,"NDG","3",-73.74,45.47,"PETI",2024,11,25,4.3,-1.5,1.4,0,0,32,2024-11-25 21:38:00,2024-11-25 16:38:00
"634","end",9,90352,17,9.7,9.7,"59:56.3",0.878668414,0.53046557,0.41729024,0.053668223,"38:49.5",11,"good",21.63333333,2024-11-29,"2024-11-28","2024-11-28 21:17","2024-11-29 12:14","2024-11-29 21:16",22.191305,"black",1,"NDG","3",-73.74,45.47,"PETI",2024,11,29,3.6,-1.8,0.9,0,0,42,2024-11-29 21:38:00,2024-11-29 16:38:00
"635","end",10,90353,4,0,19.4,"59:54.0",0.90630032,0.723786178,0.446397924,0.117960859,"38:56.7",11,"good",21.63333333,2024-11-16,"2024-11-15","2024-11-15 21:27","2024-11-16 11:57","2024-11-16 21:26",12.79476,"black",1,"BDU","3",-73.74,45.47,"PETI",2024,11,16,14.3,1.3,7.8,0,0,34,2024-11-16 21:38:00,2024-11-16 16:38:00
"635","end",10,90353,42,0,0,"59:54.9",0.879376642,0.542621862,0.356003678,0.087478063,"38:18.8",11,"good",21.63333333,2024-12-24,"2024-12-23","2024-12-23 21:17","2024-12-24 12:35","2024-12-24 21:18",20.07969167,"black",1,"BDU","3",-73.74,45.47,"PETI",2024,12,24,-6.4,-11.4,-8.9,4.9,8,0,2024-12-24 21:38:00,2024-12-24 16:38:00
"635","end",10,90353,52,9.7,9.7,"59:35.5",0.845015445,0.613618202,0.174734036,0.065359253,"37:59.4",11,"good",21.63333333,2025-01-03,"2025-01-02","2025-01-02 21:25","2025-01-03 12:36","2025-01-03 21:26",11.84058667,"black",1,"BDU","3",-73.74,45.47,"PETI",2025,1,3,-3.6,-9.7,-6.7,0.2,0,54,2025-01-03 21:38:00,2025-01-03 16:38:00
"641","end",5,90359,12,19.4,9.7,"10:19.8",1.408277097,0.623125833,0.877698357,0.085812402,"38:21.3",12,"good",21.63333333,2024-11-26,"2024-11-25","2024-11-25 21:18","2024-11-26 12:11","2024-11-26 21:18",20.10441333,"black",1,"SDB","3",-73.74,45.47,"PETI",2024,11,26,5.1,-1,2.1,5.7,0,35,2024-11-26 21:38:00,2024-11-26 16:38:00
"645","end",7,90363,10,0,0,"59:58.6",1.320089547,0.618543759,0.834152307,0.095358821,"38:51.8",12,"good",21.63333333,2024-11-24,"2024-11-23","2024-11-23 21:20","2024-11-24 12:08","2024-11-24 21:19",19.34584833,"black",1,"SDB","3",-73.74,45.47,"PETI",2024,11,24,5.3,-0.1,2.6,0,0,58,2024-11-24 21:38:00,2024-11-24 16:38:00
"645","end",7,90363,50,0,0,"57:19.7",1.235485517,0.501790958,0.810318353,0.093929038,"38:26.6",12,"good",21.63333333,2025-01-03,"2025-01-02","2025-01-02 21:25","2025-01-03 12:36","2025-01-03 21:26",12.2931,"black",1,"SDB","3",-73.74,45.47,"PETI",2025,1,3,-3.6,-9.7,-6.7,0.2,0,54,2025-01-03 21:38:00,2025-01-03 16:38:00
"206","end",1,68906,58,0,7.3,"59:55.3",1.247563038,0.59479129,0.547634985,0.112167796,"39:10.5",1,"good",21.65,2022-12-08,"2022-12-07","2022-12-07 21:14","2022-12-08 12:24","2022-12-08 21:14",25.05832,"black",1,"SDB","1",-73.74,45.47,"PETI",2022,12,8,5.6,-2.3,1.6,0.2,0,0,2022-12-08 21:39:00,2022-12-08 16:39:00
"207","end",2,68907,45,0,0,"59:52.8",1.57754636,0.576537169,0.919169498,0.102834447,"39:29.6",1,"good",21.65,2022-11-22,"2022-11-21","2022-11-21 21:22","2022-11-22 12:05","2022-11-22 21:21",18.17598167,"black",1,"SDB","1",-73.74,45.47,"PETI",2022,11,22,0.8,-6.4,-2.8,0,3,48,2022-11-22 21:39:00,2022-11-22 16:39:00
"207","end",2,68907,101,0,7.3,"59:56.3",1.101923453,0.579137797,0.918702943,0.111203561,"39:03.8",1,"good",21.65,2023-01-17,"2023-01-16","2023-01-16 21:40","2023-01-17 12:31","2023-01-17 21:41",-2.669360002,"black",1,"SDB","1",-73.74,45.47,"PETI",2023,1,17,-1.7,-11.2,-6.4,0.6,18,0,2023-01-17 21:39:00,2023-01-17 16:39:00
"207","end",2,68907,175,7.3,0,"59:57.1",0.633408595,0.532993049,0.097847036,0.069889399,"39:48.4",1,"good",21.65,2023-04-01,"2023-03-31","2023-03-31 23:22","2023-04-01 10:37","2023-04-01 23:23",-104.0437683,"black",1,"SDB","1",-73.74,45.47,"PETI",2023,4,1,11.8,1.4,6.6,10.4,0,41,2023-04-01 21:39:00,2023-04-01 17:39:00
"211","end",1,68911,40,43.79,277.26,"59:56.9",1.156435939,0.732803625,0.340740619,0.109138764,"39:55.7",2,"good",21.65,2022-11-25,"2022-11-24","2022-11-24 21:19","2022-11-25 12:09","2022-11-25 21:19",20.7445,"black",1,"SDB","1",-73.74,45.47,"PETI",2022,11,25,5.5,-2.8,1.3,4,2,43,2022-11-25 21:39:00,2022-11-25 16:39:00
"212","end",2,68912,27,7.3,7.3,"50:57.3",1.466674937,0.776089626,0.959977649,0.11192341,"39:34.2",2,"good",21.65,2022-11-19,"2022-11-18","2022-11-18 21:24","2022-11-19 12:01","2022-11-19 21:23",15.75354333,"black",1,"SDB","1",-73.74,45.47,"PETI",2022,11,19,1.5,-3,-0.8,0.8,8,50,2022-11-19 21:39:00,2022-11-19 16:39:00
"213","end",3,68913,31,7.3,0,"59:59.2",1.639641499,0.577740432,1.110164439,0.089424438,"39:36.2",2,"good",21.65,2022-11-22,"2022-11-21","2022-11-21 21:22","2022-11-22 12:05","2022-11-22 21:21",18.28634833,"black",1,"SDB","1",-73.74,45.47,"PETI",2022,11,22,0.8,-6.4,-2.8,0,3,48,2022-11-22 21:39:00,2022-11-22 16:39:00
"213","end",3,68913,34,7.3,0,"59:54.5",1.359760779,0.641751548,1.033543995,0.148457,"39:24.1",2,"good",21.65,2022-11-25,"2022-11-24","2022-11-24 21:19","2022-11-25 12:09","2022-11-25 21:19",20.21890666,"black",1,"SDB","1",-73.74,45.47,"PETI",2022,11,25,5.5,-2.8,1.3,4,2,43,2022-11-25 21:39:00,2022-11-25 16:39:00
"213","end",3,68913,49,0,7.3,"59:52.8",1.421487218,0.564190241,1.012255576,0.10672345,"39:37.1",2,"good",21.65,2022-12-10,"2022-12-09","2022-12-09 21:14","2022-12-10 12:25","2022-12-10 21:13",25.63466167,"black",1,"SDB","1",-73.74,45.47,"PETI",2022,12,10,-4.7,-10.3,-7.5,0,0,44,2022-12-10 21:39:00,2022-12-10 16:39:00
"213","end",3,68913,60,0,7.3,"51:26.6",1.400291429,0.426870219,0.914874717,0.074298183,"39:56.4",2,"good",21.65,2022-12-21,"2022-12-20","2022-12-20 21:15","2022-12-21 12:33","2022-12-21 21:16",23.539995,"black",1,"SDB","1",-73.74,45.47,"PETI",2022,12,21,1.5,-8.5,-3.5,0,21,36,2022-12-21 21:39:00,2022-12-21 16:39:00
"215","end",5,68915,22,116.79,7.3,"49:05.5",1.050850339,0.620518374,0.392010806,0.069668884,"39:10.0",2,"good",21.65,2022-11-16,"2022-11-15","2022-11-15 21:27","2022-11-16 11:57","2022-11-16 21:26",12.55006833,"black",1,"SDB","1",-73.74,45.47,"PETI",2022,11,16,0.7,-0.8,-0.1,9.9,0,33,2022-11-16 21:39:00,2022-11-16 16:39:00
"217","end",2,68917,32,7.3,0,"59:57.7",1.248257906,0.577821503,0.83110908,0.148206503,"39:34.6",3,"good",21.65,2022-11-27,"2022-11-26","2022-11-26 21:18","2022-11-27 12:11","2022-11-27 21:17",21.642835,"black",1,"SDB","1",-73.74,45.47,"PETI",2022,11,27,10.7,2.9,6.8,3.2,0,32,2022-11-27 21:39:00,2022-11-27 16:39:00
"219","end",4,68919,18,0,7.3,"59:56.8",1.298815671,0.657287938,0.821265079,0.230348938,"39:11.9",3,"good",21.65,2022-11-17,"2022-11-16","2022-11-16 21:26","2022-11-17 11:58","2022-11-17 21:25",13.54762667,"black",1,"SDB","1",-73.74,45.47,"PETI",2022,11,17,-0.6,-5.8,-3.2,0,7,51,2022-11-17 21:39:00,2022-11-17 16:39:00
"220","end",5,68920,24,0,7.3,"59:58.0",1.363756484,0.625746891,0.787281107,0.120397018,"39:42.2",3,"good",21.65,2022-11-25,"2022-11-24","2022-11-24 21:19","2022-11-25 12:09","2022-11-25 21:19",20.519885,"black",1,"SDB","1",-73.74,45.47,"PETI",2022,11,25,5.5,-2.8,1.3,4,2,43,2022-11-25 21:39:00,2022-11-25 16:39:00
"220","end",5,68920,34,7.3,7.3,"59:45.7",1.205096202,0.46872067,0.717441699,0.089963077,"39:51.8",3,"good",21.65,2022-12-05,"2022-12-04","2022-12-04 21:14","2022-12-05 12:21","2022-12-05 21:14",25.212875,"black",1,"SDB","1",-73.74,45.47,"PETI",2022,12,5,5.9,0.4,3.1,0,0,42,2022-12-05 21:39:00,2022-12-05 16:39:00
"220","end",5,68920,48,0,7.3,"59:57.1",1.321945296,0.512226303,0.755130392,0.091041903,"39:26.7",3,"good",21.65,2022-12-19,"2022-12-18","2022-12-18 21:15","2022-12-19 12:32","2022-12-19 21:15",23.87814,"black",1,"SDB","1",-73.74,45.47,"PETI",2022,12,19,0.3,-4.1,-1.9,0.3,25,0,2022-12-19 21:39:00,2022-12-19 16:39:00
"224","end",4,68924,42,7.3,7.3,"00:00.0",1.192964121,0.739849459,0.72218619,0.247149027,"39:07.6",4,"good",21.65,2022-12-15,"2022-12-14","2022-12-14 21:14","2022-12-15 12:30","2022-12-15 21:14",24.69285333,"black",1,"SDB","1",-73.74,45.47,"PETI",2022,12,15,5.6,0.8,3.2,0,0,38,2022-12-15 21:39:00,2022-12-15 16:39:00
"224","end",4,68924,56,0,7.3,"59:56.6",1.09829113,0.593173871,0.713910017,0.104995536,"39:11.5",4,"good",21.65,2022-12-29,"2022-12-28","2022-12-28 21:20","2022-12-29 12:36","2022-12-29 21:21",17.841755,"black",1,"SDB","1",-73.74,45.47,"PETI",2022,12,29,6.1,-2.9,1.6,0.5,18,0,2022-12-29 21:39:00,2022-12-29 16:39:00
"225","end",5,68925,24,7.3,0,"59:53.8",1.360554494,0.543570947,0.879225118,0.109586745,"39:52.5",4,"good",21.65,2022-12-02,"2022-12-01","2022-12-01 21:15","2022-12-02 12:17","2022-12-02 21:15",24.308685,"black",1,"SDB","1",-73.74,45.47,"PETI",2022,12,2,4.2,-3.9,0.1,0,0,43,2022-12-02 21:39:00,2022-12-02 16:39:00
"225","end",5,68925,40,0,36.5,"59:58.4",1.254271784,0.571316699,0.774921971,0.148650115,"39:35.2",4,"good",21.65,2022-12-18,"2022-12-17","2022-12-17 21:14","2022-12-18 12:32","2022-12-18 21:15",24.37047167,"black",1,"SDB","1",-73.74,45.47,"PETI",2022,12,18,-0.5,-2.4,-1.4,0,28,0,2022-12-18 21:39:00,2022-12-18 16:39:00
"225","end",5,68925,47,7.3,0,"48:54.2",1.570033968,0.447457923,0.921967027,0.089848262,"39:42.5",4,"good",21.65,2022-12-25,"2022-12-24","2022-12-24 21:17","2022-12-25 12:35","2022-12-25 21:18",21.14115667,"black",1,"SDB","1",-73.74,45.47,"PETI",2022,12,25,-3.3,-7.6,-5.4,0.5,10,59,2022-12-25 21:39:00,2022-12-25 16:39:00
"92","end",2,77869,18,0,9.7,"59:52.7",0.507423484,0.351682294,0.120850024,0.038782499,"39:04.9",5,"good",21.65,2023-11-15,"2023-11-14","2023-11-14 21:28","2023-11-15 11:55","2023-11-15 21:27",11.18245333,"black",1,"BDU","2",-73.74,45.47,"PETI",2023,11,15,10,1.1,5.5,0.8,0,0,2023-11-15 21:39:00,2023-11-15 16:39:00
"93","end",3,77870,28,0,9.7,"59:58.9",1.270164451,0.47589121,0.769356119,0.067523126,"39:01.6",5,"good",21.65,2023-11-25,"2023-11-24","2023-11-24 21:20","2023-11-25 12:08","2023-11-25 21:19",19.67592667,"black",1,"BDU","2",-73.74,45.47,"PETI",2023,11,25,3.5,-8.4,-2.5,1.7,0,38,2023-11-25 21:39:00,2023-11-25 16:39:00
"93","end",3,77870,30,9.7,0,"59:52.3",1.029723459,0.504324972,0.552039366,0.081961341,"39:24.1",5,"good",21.65,2023-11-27,"2023-11-26","2023-11-26 21:18","2023-11-27 12:11","2023-11-27 21:18",21.301425,"black",1,"BDU","2",-73.74,45.47,"PETI",2023,11,27,5.5,0.5,3,4.3,0,48,2023-11-27 21:39:00,2023-11-27 16:39:00
"93","end",3,77870,49,0,0,"59:57.7",1.199727547,0.522645381,0.766538103,0.081854388,"39:19.7",5,"good",21.65,2023-12-16,"2023-12-15","2023-12-15 21:14","2023-12-16 12:30","2023-12-16 21:14",24.74536167,"black",1,"BDU","2",-73.74,45.47,"PETI",2023,12,16,4.9,-1.5,1.7,1,0,0,2023-12-16 21:39:00,2023-12-16 16:39:00
"97","end",6,77874,30,0,0,"59:55.5",1.129945223,0.54756759,0.648675067,0.113249329,"39:37.1",5,"good",21.65,2023-11-29,"2023-11-28","2023-11-28 21:17","2023-11-29 12:13","2023-11-29 21:17",22.61886167,"black",1,"SDB","2",-73.74,45.47,"PETI",2023,11,29,0.8,-7.9,-3.6,1,0,47,2023-11-29 21:39:00,2023-11-29 16:39:00
"99","end",8,77876,20,9.7,9.7,"59:50.4",1.142665497,0.542375611,0.712152652,0.113050078,"39:12.4",5,"good",21.65,2023-11-20,"2023-11-19","2023-11-19 21:24","2023-11-20 12:02","2023-11-20 21:23",16.03920333,"black",1,"SDB","2",-73.74,45.47,"PETI",2023,11,20,0.3,-5.8,-2.8,1.5,0,0,2023-11-20 21:39:00,2023-11-20 16:39:00
"100","end",1,77877,5,9.7,504.34,"59:56.9",0.802100296,0.569644368,0.275849504,0.06060352,"39:57.6",6,"good",21.65,2023-11-06,"2023-11-05","2023-11-05 21:39","2023-11-06 11:42","2023-11-06 21:38",1.492979999,"black",1,"BDU","2",-73.74,45.47,"PETI",2023,11,6,8.1,-3.4,2.4,0.3,0,41,2023-11-06 21:39:00,2023-11-06 16:39:00
"104","end",5,77881,14,9.7,9.7,"59:52.2",0.81909673,0.581323451,0.324059202,0.07284399,"39:04.7",6,"good",21.65,2023-11-18,"2023-11-17","2023-11-17 21:25","2023-11-18 11:59","2023-11-18 21:24",14.127755,"black",1,"SDB","2",-73.74,45.47,"PETI",2023,11,18,3.8,0.9,2.4,0.9,0,33,2023-11-18 21:39:00,2023-11-18 16:39:00
"104","end",5,77881,47,0,9.7,"59:54.6",1.26733608,0.61466935,0.578596727,0.096932766,"39:45.8",6,"good",21.65,2023-12-21,"2023-12-20","2023-12-20 21:15","2023-12-21 12:33","2023-12-21 21:16",23.48018833,"black",1,"SDB","2",-73.74,45.47,"PETI",2023,12,21,-3.9,-9.2,-6.5,1,0,39,2023-12-21 21:39:00,2023-12-21 16:39:00
"104","end",5,77881,50,0,0,"59:51.3",1.23793095,0.513835587,0.591734372,0.078774058,"39:23.1",6,"good",21.65,2023-12-24,"2023-12-23","2023-12-23 21:17","2023-12-24 12:35","2023-12-24 21:17",21.585735,"black",1,"SDB","2",-73.74,45.47,"PETI",2023,12,24,2.1,-1.5,0.3,0,0,0,2023-12-24 21:39:00,2023-12-24 16:39:00
"104","end",5,77881,79,135.78,67.89,"59:51.7",1.457544957,0.630184021,0.679744032,0.083698634,"39:04.2",6,"good",21.65,2024-01-22,"2024-01-21","2024-01-21 21:46","2024-01-22 12:28","2024-01-22 21:48",-9.047235,"black",1,"SDB","2",-73.74,45.47,"PETI",2024,1,22,-0.4,-11.6,-6,0,15,47,2024-01-22 21:39:00,2024-01-22 16:39:00
"109","end",10,77886,9,9.6,0.1,"59:53.4",0.873366988,0.508747046,0.391641099,0.076985994,"39:25.1",6,"good",21.65,2023-11-19,"2023-11-18","2023-11-18 21:24","2023-11-19 12:01","2023-11-19 21:24",15.38454,"black",1,"BDU","2",-73.74,45.47,"PETI",2023,11,19,5.3,-3.7,0.8,0.5,0,44,2023-11-19 21:39:00,2023-11-19 16:39:00
"109","end",10,77886,14,0,9.7,"59:50.6",0.927459116,0.528575406,0.618142473,0.150277185,"39:51.6",6,"good",21.65,2023-11-24,"2023-11-23","2023-11-23 21:20","2023-11-24 12:07","2023-11-24 21:20",19.82707833,"black",1,"BDU","2",-73.74,45.47,"PETI",2023,11,24,1.7,-8.1,-3.2,1,0,42,2023-11-24 21:39:00,2023-11-24 16:39:00
"109","end",10,77886,36,0,0,"59:55.2",0.960524204,0.462631893,0.472236106,0.076761635,"39:26.9",6,"good",21.65,2023-12-16,"2023-12-15","2023-12-15 21:14","2023-12-16 12:30","2023-12-16 21:14",24.865665,"black",1,"BDU","2",-73.74,45.47,"PETI",2023,12,16,4.9,-1.5,1.7,1,0,0,2023-12-16 21:39:00,2023-12-16 16:39:00
"116","end",7,77893,5,0,9.7,"59:51.9",1.260208024,0.486908432,0.819733536,0.09958648,"39:33.3",7,"good",21.65,2023-11-27,"2023-11-26","2023-11-26 21:18","2023-11-27 12:11","2023-11-27 21:18",21.45516833,"black",1,"SDB","2",-73.74,45.47,"PETI",2023,11,27,5.5,0.5,3,4.3,0,48,2023-11-27 21:39:00,2023-11-27 16:39:00
"116","end",7,77893,6,0,0,"59:58.5",0.930269092,0.668832524,0.556883965,0.132024339,"39:49.6",7,"good",21.65,2023-11-28,"2023-11-27","2023-11-27 21:18","2023-11-28 12:12","2023-11-28 21:17",22.31061167,"black",1,"SDB","2",-73.74,45.47,"PETI",2023,11,28,0.6,-5.3,-2.4,0.2,0,51,2023-11-28 21:39:00,2023-11-28 16:39:00
"116","end",7,77893,21,0,19.4,"59:51.0",1.174879459,0.613048378,0.584070236,0.09495005,"39:22.8",7,"good",21.65,2023-12-13,"2023-12-12","2023-12-12 21:14","2023-12-13 12:28","2023-12-13 21:14",25.29653667,"black",1,"SDB","2",-73.74,45.47,"PETI",2023,12,13,1.1,-6.9,-2.9,1,1,47,2023-12-13 21:39:00,2023-12-13 16:39:00
"116","end",7,77893,40,0,9.7,"59:59.6",1.030217892,0.581978963,0.503041456,0.100486475,"39:50.8",7,"good",21.65,2024-01-01,"2023-12-31","2023-12-31 21:22","2024-01-01 12:36","2024-01-01 21:23",16.22974166,"black",1,"SDB","2",-73.74,45.47,"PETI",2024,1,1,-4.1,-7.5,-5.8,2.4,0,0,2024-01-01 21:39:00,2024-01-01 16:39:00
"127","end",7,77903,39,0,0,"59:50.4",1.172276497,0.504336201,0.747475982,0.101683932,"39:12.6",8,"good",21.65,2023-11-27,"2023-11-26","2023-11-26 21:18","2023-11-27 12:11","2023-11-27 21:18",21.109885,"black",1,"SDB","2",-73.74,45.47,"PETI",2023,11,27,5.5,0.5,3,4.3,0,48,2023-11-27 21:39:00,2023-11-27 16:39:00
"127","end",7,77903,74,0,9.7,"59:53.0",1.380459352,0.549279483,0.857670556,0.114023673,"39:05.5",8,"good",21.65,2024-01-01,"2023-12-31","2023-12-31 21:22","2024-01-01 12:36","2024-01-01 21:23",15.474685,"black",1,"SDB","2",-73.74,45.47,"PETI",2024,1,1,-4.1,-7.5,-5.8,2.4,0,0,2024-01-01 21:39:00,2024-01-01 16:39:00
"608","end",3,90326,72,0,9.7,"59:52.4",1.138474239,0.666522947,0.825658836,0.167669236,"39:24.3",9,"good",21.65,2025-01-02,"2025-01-01","2025-01-01 21:24","2025-01-02 12:36","2025-01-02 21:25",14.2051,"black",1,"BDU","3",-73.74,45.47,"PETI",2025,1,2,0.9,-3.7,-1.4,0,0,63,2025-01-02 21:39:00,2025-01-02 16:39:00
"608","end",3,90326,76,0,9.7,"59:52.9",1.020740899,0.449192728,0.792362659,0.084529676,"39:34.5",9,"good",21.65,2025-01-06,"2025-01-05","2025-01-05 21:28","2025-01-06 12:36","2025-01-06 21:29",10.39178833,"black",1,"BDU","3",-73.74,45.47,"PETI",2025,1,6,-9.4,-15.9,-12.7,0,0,33,2025-01-06 21:39:00,2025-01-06 16:39:00
"609","end",4,90327,28,19.4,9.7,"57:43.6",0.960295046,0.655064113,0.456965518,0.091298957,"39:01.2",9,"good",21.65,2024-11-20,"2024-11-19","2024-11-19 21:23","2024-11-20 12:03","2024-11-20 21:22",16.48675833,"black",1,"BDU","3",-73.74,45.47,"PETI",2024,11,20,8,3.7,5.9,0,0,35,2024-11-20 21:39:00,2024-11-20 16:39:00
"617","end",2,90335,26,9.7,9.7,"59:54.5",0.624997377,0.533479036,0.100690075,0.051268786,"39:07.5",10,"good",21.65,2024-11-19,"2024-11-18","2024-11-18 21:24","2024-11-19 12:02","2024-11-19 21:23",15.74110334,"black",1,"BDU","3",-73.74,45.47,"PETI",2024,11,19,10.9,0.9,5.9,0,0,0,2024-11-19 21:39:00,2024-11-19 16:39:00
"625","end",9,90343,57,9.7,0,"59:51.8",0.946339483,0.473243343,0.50178153,0.105996473,"39:04.0",10,"good",21.65,2024-12-26,"2024-12-25","2024-12-25 21:18","2024-12-26 12:35","2024-12-26 21:19",19.54925333,"black",1,"SDB","3",-73.74,45.47,"PETI",2024,12,26,-7.5,-17.8,-12.7,0.2,7,0,2024-12-26 21:39:00,2024-12-26 16:39:00
"627","end",2,90345,25,9.7,0,"59:59.5",1.094444761,0.683688823,0.425502169,0.097408192,"39:21.5",11,"good",21.65,2024-11-27,"2024-11-26","2024-11-26 21:18","2024-11-27 12:12","2024-11-27 21:17",21.69162333,"black",1,"BDU","3",-73.74,45.47,"PETI",2024,11,27,5.7,2,3.9,0,0,48,2024-11-27 21:39:00,2024-11-27 16:39:00
"630","end",5,90348,11,9.7,0.1,"59:57.5",1.068520777,0.61678929,0.361435134,0.06941436,"39:29.2",11,"good",21.65,2024-11-17,"2024-11-16","2024-11-16 21:26","2024-11-17 11:59","2024-11-17 21:25",14.286105,"black",1,"BDU","3",-73.74,45.47,"PETI",2024,11,17,8.3,-2.1,3.1,0,0,0,2024-11-17 21:39:00,2024-11-17 16:39:00
"630","end",5,90348,27,9.7,9.7,"41:28.0",0.809442923,0.668953096,0.175240673,0.098221449,"39:06.4",11,"good",21.65,2024-12-03,"2024-12-02","2024-12-02 21:15","2024-12-03 12:19","2024-12-03 21:15",24.04025,"black",1,"BDU","3",-73.74,45.47,"PETI",2024,12,3,0.1,-5.2,-2.6,0.2,0,0,2024-12-03 21:39:00,2024-12-03 16:39:00
"631","end",6,90349,3,19.4,77.59,"59:56.2",1.064979032,0.590061629,0.85771021,0.081648939,"39:57.5",11,"good",21.65,2024-11-14,"2024-11-13","2024-11-13 21:29","2024-11-14 11:55","2024-11-14 21:28",11.79199167,"black",1,"BDU","3",-73.74,45.47,"PETI",2024,11,14,4.4,-2.8,0.8,0,0,0,2024-11-14 21:39:00,2024-11-14 16:39:00
"635","end",10,90353,49,0,9.7,"59:56.7",0.92246824,0.523681756,0.377679238,0.091320184,"39:57.7",11,"good",21.65,2024-12-31,"2024-12-30","2024-12-30 21:22","2024-12-31 12:36","2024-12-31 21:23",16.56103,"black",1,"BDU","3",-73.74,45.47,"PETI",2024,12,31,6.3,1.8,4.1,0,0,39,2024-12-31 21:39:00,2024-12-31 16:39:00
"635","end",10,90353,51,0,0,"59:58.8",1.092554172,0.910400181,0.501614199,0.193096212,"39:40.3",11,"good",21.65,2025-01-02,"2025-01-01","2025-01-01 21:24","2025-01-02 12:36","2025-01-02 21:25",14.471355,"black",1,"BDU","3",-73.74,45.47,"PETI",2025,1,2,0.9,-3.7,-1.4,0,0,63,2025-01-02 21:39:00,2025-01-02 16:39:00
"635","end",10,90353,56,9.7,0,"59:58.9",0.705385237,0.620929135,0.295739983,0.099844631,"39:21.0",11,"good",21.65,2025-01-07,"2025-01-06","2025-01-06 21:29","2025-01-07 12:36","2025-01-07 21:30",9.083553334,"black",1,"BDU","3",-73.74,45.47,"PETI",2025,1,7,-6.3,-11.8,-9.1,1.5,0,48,2025-01-07 21:39:00,2025-01-07 16:39:00
"635","end",10,90353,68,9.7,0,"59:54.6",0.823563835,0.512897837,0.280669424,0.085716986,"39:16.7",11,"good",21.65,2025-01-19,"2025-01-18","2025-01-18 21:43","2025-01-19 12:30","2025-01-19 21:45",-5.755403332,"black",1,"BDU","3",-73.74,45.47,"PETI",2025,1,19,-1,-11,-6,0.2,5,35,2025-01-19 21:39:00,2025-01-19 16:39:00
"641","end",5,90359,60,9.7,0,"59:58.9",0.98989559,0.578149214,0.618607584,0.116033184,"39:50.2",12,"good",21.65,2025-01-13,"2025-01-12","2025-01-12 21:36","2025-01-13 12:33","2025-01-13 21:37",2.586448332,"black",1,"SDB","3",-73.74,45.47,"PETI",2025,1,13,-1.1,-5.2,-3.2,4.2,5,42,2025-01-13 21:39:00,2025-01-13 16:39:00
"645","end",7,90363,38,0,0,"59:51.6",1.029420241,0.580772771,0.629235342,0.091107556,"39:13.8",12,"good",21.65,2024-12-22,"2024-12-21","2024-12-21 21:16","2024-12-22 12:34","2024-12-22 21:17",22.11380666,"black",1,"SDB","3",-73.74,45.47,"PETI",2024,12,22,-11.2,-16.9,-14,0.2,0,0,2024-12-22 21:39:00,2024-12-22 16:39:00
"206","end",1,68906,1,7.3,7.2,"59:59.2",0.907978957,0.636684974,0.377363628,0.098887533,"40:05.4",1,"good",21.66666667,2022-10-12,"2022-10-11","2022-10-11 22:19","2022-10-12 11:08","2022-10-12 22:17",-37.69338667,"black",1,"SDB","1",-73.74,45.47,"PETI",2022,10,12,20.3,7.3,13.8,0.2,0,36,2022-10-12 21:40:00,2022-10-12 17:40:00
"211","end",1,68911,37,0,7.3,"59:31.6",1.101973947,0.705962306,0.345268534,0.100735783,"40:50.7",2,"good",21.66666667,2022-11-22,"2022-11-21","2022-11-21 21:22","2022-11-22 12:05","2022-11-22 21:21",19.52896167,"black",1,"SDB","1",-73.74,45.47,"PETI",2022,11,22,0.8,-6.4,-2.8,0,3,48,2022-11-22 21:40:00,2022-11-22 16:40:00
"212","end",2,68912,76,0,0,"59:58.0",0.943972115,0.439566323,0.578464455,0.083228122,"40:47.8",2,"good",21.66666667,2023-01-07,"2023-01-06","2023-01-06 21:28","2023-01-07 12:36","2023-01-07 21:29",11.0631,"black",1,"SDB","1",-73.74,45.47,"PETI",2023,1,7,0.3,-8,-3.9,0.2,0,33,2023-01-07 21:40:00,2023-01-07 16:40:00
"213","end",3,68913,57,7.3,0,"59:54.9",1.39689396,0.490531385,1.036554388,0.083267021,"40:15.7",2,"good",21.66666667,2022-12-18,"2022-12-17","2022-12-17 21:14","2022-12-18 12:32","2022-12-18 21:15",25.04430667,"black",1,"SDB","1",-73.74,45.47,"PETI",2022,12,18,-0.5,-2.4,-1.4,0,28,0,2022-12-18 21:40:00,2022-12-18 16:40:00
"214","end",4,68914,78,0,0,"59:55.3",1.249169435,0.515066234,0.699985653,0.088975469,"40:08.7",2,"good",21.66666667,2022-11-24,"2022-11-23","2022-11-23 21:20","2022-11-24 12:08","2022-11-24 21:19",20.29443167,"black",1,"SDB","1",-73.74,45.47,"PETI",2022,11,24,2.8,-4.5,-0.9,0,3,0,2022-11-24 21:40:00,2022-11-24 16:40:00
"219","end",4,68919,17,0,7.3,"59:58.5",1.082365558,0.459902706,0.753762912,0.101788097,"40:33.9",3,"good",21.66666667,2022-11-16,"2022-11-15","2022-11-15 21:27","2022-11-16 11:57","2022-11-16 21:26",13.94799667,"black",1,"SDB","1",-73.74,45.47,"PETI",2022,11,16,0.7,-0.8,-0.1,9.9,0,33,2022-11-16 21:40:00,2022-11-16 16:40:00
"219","end",4,68919,33,0,7.3,"59:52.7",1.390195702,0.449140879,0.961844648,0.08297303,"40:50.0",3,"good",21.66666667,2022-12-02,"2022-12-01","2022-12-01 21:15","2022-12-02 12:17","2022-12-02 21:15",25.26598,"black",1,"SDB","1",-73.74,45.47,"PETI",2022,12,2,4.2,-3.9,0.1,0,0,43,2022-12-02 21:40:00,2022-12-02 16:40:00
"220","end",5,68920,33,0,7.3,"59:54.2",1.309382553,0.577657332,0.781370075,0.101146121,"40:14.9",3,"good",21.66666667,2022-12-04,"2022-12-03","2022-12-03 21:15","2022-12-04 12:19","2022-12-04 21:14",25.332,"black",1,"SDB","1",-73.74,45.47,"PETI",2022,12,4,1.1,-5.1,-2,0.2,0,43,2022-12-04 21:40:00,2022-12-04 16:40:00
"221","end",1,68921,18,7.2,0.1,"59:53.1",1.048857678,0.801037914,0.497586034,0.132893644,"40:42.8",4,"good",21.66666667,2022-11-20,"2022-11-19","2022-11-19 21:23","2022-11-20 12:02","2022-11-20 21:22",17.76338333,"black",1,"SDB","1",-73.74,45.47,"PETI",2022,11,20,-1,-8.9,-4.9,0.2,5,68,2022-11-20 21:40:00,2022-11-20 16:40:00
"224","end",4,68924,36,0,7.3,"59:54.1",1.033166039,0.620899292,0.66985846,0.136055549,"40:36.6",4,"good",21.66666667,2022-12-09,"2022-12-08","2022-12-08 21:14","2022-12-09 12:25","2022-12-09 21:14",26.57669333,"black",1,"SDB","1",-73.74,45.47,"PETI",2022,12,9,-1.1,-9.1,-5.1,0.2,0,36,2022-12-09 21:40:00,2022-12-09 16:40:00
"224","end",4,68924,43,0,7.3,"59:59.7",1.279013048,0.528543729,0.826905429,0.101732825,"40:13.0",4,"good",21.66666667,2022-12-16,"2022-12-15","2022-12-15 21:14","2022-12-16 12:30","2022-12-16 21:14",25.56733167,"black",1,"SDB","1",-73.74,45.47,"PETI",2022,12,16,2.2,-0.8,0.7,11.4,1,38,2022-12-16 21:40:00,2022-12-16 16:40:00
"224","end",4,68924,52,0,7.3,"48:53.4",1.272321863,0.621374994,0.77383417,0.118768826,"40:25.5",4,"good",21.66666667,2022-12-25,"2022-12-24","2022-12-24 21:17","2022-12-25 12:35","2022-12-25 21:18",21.85801167,"black",1,"SDB","1",-73.74,45.47,"PETI",2022,12,25,-3.3,-7.6,-5.4,0.5,10,59,2022-12-25 21:40:00,2022-12-25 16:40:00
"225","end",5,68925,73,0,7.3,"59:58.9",1.487834289,0.606384653,0.939070305,0.119761121,"40:41.4",4,"good",21.66666667,2023-01-20,"2023-01-19","2023-01-19 21:44","2023-01-20 12:29","2023-01-20 21:45",-5.044014998,"black",1,"SDB","1",-73.74,45.47,"PETI",2023,1,20,-1.4,-7,-4.2,3.3,22,40,2023-01-20 21:40:00,2023-01-20 16:40:00
"93","end",3,77870,51,0,9.7,"59:51.1",1.408492113,0.532407116,0.880273258,0.108300828,"40:21.0",5,"good",21.66666667,2023-12-18,"2023-12-17","2023-12-17 21:14","2023-12-18 12:31","2023-12-18 21:15",25.21715667,"black",1,"BDU","2",-73.74,45.47,"PETI",2023,12,18,9.4,5.3,7.3,51.2,1,37,2023-12-18 21:40:00,2023-12-18 16:40:00
"95","end",5,77872,7,0,9.68,"59:58.7",0.783242745,0.507009121,0.318246015,0.083905358,"39:59.4",5,"good",21.66666667,2023-11-06,"2023-11-05","2023-11-05 21:39","2023-11-06 11:42","2023-11-06 21:38",1.524158335,"black",1,"BDU","2",-73.74,45.47,"PETI",2023,11,6,8.1,-3.4,2.4,0.3,0,41,2023-11-06 21:40:00,2023-11-06 16:40:00
"97","end",6,77874,24,0,9.7,"59:54.2",0.968968611,0.422632094,0.526073596,0.083454659,"40:24.2",5,"good",21.66666667,2023-11-23,"2023-11-22","2023-11-22 21:21","2023-11-23 12:06","2023-11-23 21:20",19.637385,"black",1,"SDB","2",-73.74,45.47,"PETI",2023,11,23,5.4,1.3,3.3,0.4,0,0,2023-11-23 21:40:00,2023-11-23 16:40:00
"97","end",6,77874,25,9.7,0,"59:59.3",1.184316348,0.511786616,0.856692446,0.069753974,"40:39.0",5,"good",21.66666667,2023-11-24,"2023-11-23","2023-11-23 21:20","2023-11-24 12:07","2023-11-24 21:20",20.617415,"black",1,"SDB","2",-73.74,45.47,"PETI",2023,11,24,1.7,-8.1,-3.2,1,0,42,2023-11-24 21:40:00,2023-11-24 16:40:00
"97","end",6,77874,31,0,9.7,"59:51.0",1.220297064,0.579560356,0.723672096,0.073497446,"40:40.4",5,"good",21.66666667,2023-11-30,"2023-11-29","2023-11-29 21:17","2023-11-30 12:15","2023-11-30 21:16",24.15744667,"black",1,"SDB","2",-73.74,45.47,"PETI",2023,11,30,6.9,-0.1,3.4,0,0,43,2023-11-30 21:40:00,2023-11-30 16:40:00
"104","end",5,77881,10,9.7,0,"04:34.5",1.168457082,0.604601429,0.704737725,0.068770256,"40:48.8",6,"good",21.66666667,2023-11-14,"2023-11-13","2023-11-13 21:30","2023-11-14 11:54","2023-11-14 21:28",11.87930667,"black",1,"SDB","2",-73.74,45.47,"PETI",2023,11,14,3.9,-0.3,1.8,0,0,0,2023-11-14 21:40:00,2023-11-14 16:40:00
"104","end",5,77881,42,0,0,"59:56.7",1.218693608,0.605647683,0.679720056,0.107090149,"40:07.4",6,"good",21.66666667,2023-12-16,"2023-12-15","2023-12-15 21:14","2023-12-16 12:30","2023-12-16 21:14",25.53924333,"black",1,"SDB","2",-73.74,45.47,"PETI",2023,12,16,4.9,-1.5,1.7,1,0,0,2023-12-16 21:40:00,2023-12-16 16:40:00
"104","end",5,77881,48,0,9.7,"59:59.9",1.093890135,0.554066769,0.667966461,0.077901403,"40:00.9",6,"good",21.66666667,2023-12-22,"2023-12-21","2023-12-21 21:16","2023-12-22 12:34","2023-12-22 21:16",23.26449,"black",1,"SDB","2",-73.74,45.47,"PETI",2023,12,22,-4.1,-10.1,-7.1,2.2,0,0,2023-12-22 21:40:00,2023-12-22 16:40:00
"109","end",10,77886,20,0,9.7,"59:51.8",1.057282238,0.476707588,0.64508268,0.074566687,"40:41.1",6,"good",21.66666667,2023-11-30,"2023-11-29","2023-11-29 21:17","2023-11-30 12:15","2023-11-30 21:16",24.16840667,"black",1,"BDU","2",-73.74,45.47,"PETI",2023,11,30,6.9,-0.1,3.4,0,0,43,2023-11-30 21:40:00,2023-11-30 16:40:00
"111","end",2,77888,39,9.7,9.7,"59:53.0",1.178180082,0.611404364,0.767318312,0.09040521,"40:52.2",7,"good",21.66666667,2023-12-22,"2023-12-21","2023-12-21 21:16","2023-12-22 12:34","2023-12-22 21:16",24.12030333,"black",1,"SDB","2",-73.74,45.47,"PETI",2023,12,22,-4.1,-10.1,-7.1,2.2,0,0,2023-12-22 21:40:00,2023-12-22 16:40:00
"111","end",2,77888,47,0,9.7,"59:52.6",1.127063087,0.60027549,0.658136706,0.14565026,"40:13.0",7,"good",21.66666667,2023-12-30,"2023-12-29","2023-12-29 21:21","2023-12-30 12:36","2023-12-30 21:21",18.26702667,"black",1,"SDB","2",-73.74,45.47,"PETI",2023,12,30,1.4,-4.2,-1.4,1.7,0,0,2023-12-30 21:40:00,2023-12-30 16:40:00
"114","end",5,77891,8,0,9.7,"59:51.8",0.865391318,0.543740289,0.390230371,0.078166475,"40:41.5",7,"good",21.66666667,2023-11-27,"2023-11-26","2023-11-26 21:18","2023-11-27 12:11","2023-11-27 21:18",22.5909,"black",1,"BDU","2",-73.74,45.47,"PETI",2023,11,27,5.5,0.5,3,4.3,0,48,2023-11-27 21:40:00,2023-11-27 16:40:00
"118","end",9,77895,46,9.7,9.7,"59:59.1",0.83307269,0.729448847,0.390009143,0.114220168,"40:09.8",7,"good",21.66666667,2023-11-26,"2023-11-25","2023-11-25 21:19","2023-11-26 12:10","2023-11-26 21:18",21.463095,"black",1,"SDB","2",-73.74,45.47,"PETI",2023,11,26,4.9,-1.5,1.7,8.6,0,43,2023-11-26 21:40:00,2023-11-26 16:40:00
"118","end",9,77895,47,0,9.7,"59:54.5",0.968656099,0.585344494,0.38113179,0.078108135,"40:14.9",7,"good",21.66666667,2023-11-27,"2023-11-26","2023-11-26 21:18","2023-11-27 12:11","2023-11-27 21:18",22.147655,"black",1,"SDB","2",-73.74,45.47,"PETI",2023,11,27,5.5,0.5,3,4.3,0,48,2023-11-27 21:40:00,2023-11-27 16:40:00
"124","end",4,77900,30,0,9.6,"59:59.5",1.23534801,0.602006319,0.7226875,0.090235673,"40:00.5",8,"good",21.66666667,2023-11-17,"2023-11-16","2023-11-16 21:26","2023-11-17 11:58","2023-11-17 21:25",14.10763,"black",1,"SDB","2",-73.74,45.47,"PETI",2023,11,17,14.3,3.2,8.8,6.4,0,49,2023-11-17 21:40:00,2023-11-17 16:40:00
"124","end",4,77900,38,9.7,9.7,"40:00.7",1.322421773,0.605776511,0.727966724,0.084291962,"40:51.0",8,"good",21.66666667,2023-11-25,"2023-11-24","2023-11-24 21:20","2023-11-25 12:08","2023-11-25 21:19",21.49997167,"black",1,"SDB","2",-73.74,45.47,"PETI",2023,11,25,3.5,-8.4,-2.5,1.7,0,38,2023-11-25 21:40:00,2023-11-25 16:40:00
"124","end",4,77900,40,9.7,9.7,"59:54.9",1.254807867,0.623882806,0.828616492,0.094697717,"40:24.9",8,"good",21.66666667,2023-11-27,"2023-11-26","2023-11-26 21:18","2023-11-27 12:11","2023-11-27 21:18",22.31441667,"black",1,"SDB","2",-73.74,45.47,"PETI",2023,11,27,5.5,0.5,3,4.3,0,48,2023-11-27 21:40:00,2023-11-27 16:40:00
"124","end",4,77900,79,0,9.7,"59:57.3",1.175967594,0.551760463,0.664280576,0.09176879,"40:17.6",8,"good",21.66666667,2024-01-05,"2024-01-04","2024-01-04 21:26","2024-01-05 12:36","2024-01-05 21:27",12.90924,"black",1,"SDB","2",-73.74,45.47,"PETI",2024,1,5,-1.2,-12.5,-6.9,0,0,31,2024-01-05 21:40:00,2024-01-05 16:40:00
"127","end",7,77903,22,0,9.7,"59:55.4",0.73121115,0.542689165,0.430653853,0.120816694,"40:44.9",8,"good",21.66666667,2023-11-10,"2023-11-09","2023-11-09 21:34","2023-11-10 11:48","2023-11-10 21:33",7.297689998,"black",1,"SDB","2",-73.74,45.47,"PETI",2023,11,10,7.1,0.6,3.8,0.7,0,37,2023-11-10 21:40:00,2023-11-10 16:40:00
"127","end",7,77903,36,0,9.7,"59:55.4",0.990330535,0.575077084,0.603906103,0.12573671,"40:35.2",8,"good",21.66666667,2023-11-24,"2023-11-23","2023-11-23 21:20","2023-11-24 12:07","2023-11-24 21:20",20.55345667,"black",1,"SDB","2",-73.74,45.47,"PETI",2023,11,24,1.7,-8.1,-3.2,1,0,42,2023-11-24 21:40:00,2023-11-24 16:40:00
"127","end",7,77903,54,9.7,0,"59:54.2",1.241470459,0.561742955,0.717125536,0.131683543,"40:34.0",8,"good",21.66666667,2023-12-12,"2023-12-11","2023-12-11 21:13","2023-12-12 12:27","2023-12-12 21:14",26.54991167,"black",1,"SDB","2",-73.74,45.47,"PETI",2023,12,12,4.3,-5.4,-0.5,0.4,2,42,2023-12-12 21:40:00,2023-12-12 16:40:00
"127","end",7,77903,58,0,0,"59:54.0",1.259452331,0.460503086,0.81855792,0.093478512,"40:43.5",8,"good",21.66666667,2023-12-16,"2023-12-15","2023-12-15 21:14","2023-12-16 12:30","2023-12-16 21:14",26.14173667,"black",1,"SDB","2",-73.74,45.47,"PETI",2023,12,16,4.9,-1.5,1.7,1,0,0,2023-12-16 21:40:00,2023-12-16 16:40:00
"608","end",3,90326,51,0,9.7,"59:53.6",0.890090401,0.805977063,0.479204996,0.154655326,"40:23.6",9,"good",21.66666667,2024-12-12,"2024-12-11","2024-12-11 21:14","2024-12-12 12:28","2024-12-12 21:14",26.32748333,"black",1,"BDU","3",-73.74,45.47,"PETI",2024,12,12,1.9,-7.2,-2.6,0,0,63,2024-12-12 21:40:00,2024-12-12 16:40:00
"627","end",2,90345,22,0,9.7,"59:59.6",1.222461058,0.674380589,0.655917687,0.106614936,"40:19.8",11,"good",21.66666667,2024-11-24,"2024-11-23","2024-11-23 21:20","2024-11-24 12:08","2024-11-24 21:19",20.81268667,"black",1,"BDU","3",-73.74,45.47,"PETI",2024,11,24,5.3,-0.1,2.6,0,0,58,2024-11-24 21:40:00,2024-11-24 16:40:00
"630","end",5,90348,8,9.6,0.1,"59:59.1",0.720979207,0.659939412,0.23886511,0.085902921,"40:58.1",11,"good",21.66666667,2024-11-14,"2024-11-13","2024-11-13 21:29","2024-11-14 11:55","2024-11-14 21:28",12.802465,"black",1,"BDU","3",-73.74,45.47,"PETI",2024,11,14,4.4,-2.8,0.8,0,0,0,2024-11-14 21:40:00,2024-11-14 16:40:00
"630","end",5,90348,23,0,9.7,"59:59.7",0.904508277,0.673708974,0.337108603,0.10505402,"40:20.0",11,"good",21.66666667,2024-11-29,"2024-11-28","2024-11-28 21:17","2024-11-29 12:14","2024-11-29 21:16",23.70072333,"black",1,"BDU","3",-73.74,45.47,"PETI",2024,11,29,3.6,-1.8,0.9,0,0,42,2024-11-29 21:40:00,2024-11-29 16:40:00
"634","end",9,90352,4,9.7,9.7,"59:54.8",0.7275492,0.495300786,0.253027687,0.101678893,"40:05.5",11,"good",21.66666667,2024-11-16,"2024-11-15","2024-11-15 21:27","2024-11-16 11:57","2024-11-16 21:26",13.94247333,"black",1,"NDG","3",-73.74,45.47,"PETI",2024,11,16,14.3,1.3,7.8,0,0,34,2024-11-16 21:40:00,2024-11-16 16:40:00
"634","end",9,90352,32,9.7,78.12,"59:53.7",0.777608664,0.52504248,0.257716944,0.048882083,"40:04.4",11,"good",21.66666667,2024-12-14,"2024-12-13","2024-12-13 21:14","2024-12-14 12:29","2024-12-14 21:14",25.73955167,"black",1,"NDG","3",-73.74,45.47,"PETI",2024,12,14,-5.7,-11.5,-8.6,0,1,0,2024-12-14 21:40:00,2024-12-14 16:40:00
"635","end",10,90353,48,9.7,9.7,"59:50.9",1.32442417,0.704736984,0.477379251,0.122430728,"40:11.2",11,"good",21.66666667,2024-12-30,"2024-12-29","2024-12-29 21:21","2024-12-30 12:36","2024-12-30 21:22",17.63671166,"black",1,"BDU","3",-73.74,45.47,"PETI",2024,12,30,11.4,3.2,7.3,5.6,0,45,2024-12-30 21:40:00,2024-12-30 16:40:00
"641","end",5,90359,2,106.69,77.59,"59:54.2",1.016159513,0.660606001,0.552999079,0.082452992,"40:53.4",12,"good",21.66666667,2024-11-16,"2024-11-15","2024-11-15 21:27","2024-11-16 11:57","2024-11-16 21:26",14.74023,"black",1,"SDB","3",-73.74,45.47,"PETI",2024,11,16,14.3,1.3,7.8,0,0,34,2024-11-16 21:40:00,2024-11-16 16:40:00
"641","end",5,90359,5,9.7,9.7,"59:50.3",1.25045632,0.566457449,0.769514158,0.065533369,"40:20.4",12,"good",21.66666667,2024-11-19,"2024-11-18","2024-11-18 21:24","2024-11-19 12:02","2024-11-19 21:23",16.95689667,"black",1,"SDB","3",-73.74,45.47,"PETI",2024,11,19,10.9,0.9,5.9,0,0,0,2024-11-19 21:40:00,2024-11-19 16:40:00
"645","end",7,90363,46,9.7,9.7,"59:52.2",1.537263698,0.628779879,0.841619785,0.097668688,"40:32.0",12,"good",21.66666667,2024-12-30,"2024-12-29","2024-12-29 21:21","2024-12-30 12:36","2024-12-30 21:22",17.98328,"black",1,"SDB","3",-73.74,45.47,"PETI",2024,12,30,11.4,3.2,7.3,5.6,0,45,2024-12-30 21:40:00,2024-12-30 16:40:00
"645","end",7,90363,47,0,9.7,"59:57.1",1.309099717,0.571643727,0.938489455,0.087348978,"40:27.2",12,"good",21.66666667,2024-12-31,"2024-12-30","2024-12-30 21:22","2024-12-31 12:36","2024-12-31 21:23",17.05367666,"black",1,"SDB","3",-73.74,45.47,"PETI",2024,12,31,6.3,1.8,4.1,0,0,39,2024-12-31 21:40:00,2024-12-31 16:40:00
"207","end",2,68907,38,0,7.3,"59:58.6",1.443337169,0.604760588,0.89404193,0.104900567,"41:39.5",1,"good",21.68333333,2022-11-15,"2022-11-14","2022-11-14 21:28","2022-11-15 11:55","2022-11-15 21:27",14.02497833,"black",1,"SDB","1",-73.74,45.47,"PETI",2022,11,15,1.3,-3.9,-1.3,0,0,0,2022-11-15 21:41:00,2022-11-15 16:41:00
"207","end",2,68907,43,0,7.3,"59:59.7",1.472628927,0.75003184,0.846656134,0.109275003,"41:04.1",1,"good",21.68333333,2022-11-20,"2022-11-19","2022-11-19 21:23","2022-11-20 12:02","2022-11-20 21:22",18.11756667,"black",1,"SDB","1",-73.74,45.47,"PETI",2022,11,20,-1,-8.9,-4.9,0.2,5,68,2022-11-20 21:41:00,2022-11-20 16:41:00
"207","end",2,68907,47,0,7.3,"59:53.2",1.27695647,0.501826354,0.813558187,0.08639212,"41:56.0",1,"good",21.68333333,2022-11-24,"2022-11-23","2022-11-23 21:20","2022-11-24 12:08","2022-11-24 21:19",22.08299833,"black",1,"SDB","1",-73.74,45.47,"PETI",2022,11,24,2.8,-4.5,-0.9,0,3,0,2022-11-24 21:41:00,2022-11-24 16:41:00
"207","end",2,68907,58,0,7.3,"59:55.5",1.536225107,0.479176632,0.936989161,0.08789125,"41:29.0",1,"good",21.68333333,2022-12-05,"2022-12-04","2022-12-04 21:14","2022-12-05 12:21","2022-12-05 21:14",26.83373833,"black",1,"SDB","1",-73.74,45.47,"PETI",2022,12,5,5.9,0.4,3.1,0,0,42,2022-12-05 21:41:00,2022-12-05 16:41:00
"207","end",2,68907,103,0,7.3,"59:56.7",1.424330466,0.621583968,1.044753532,0.15009463,"41:08.4",1,"good",21.68333333,2023-01-19,"2023-01-18","2023-01-18 21:43","2023-01-19 12:30","2023-01-19 21:44",-3.244070001,"black",1,"SDB","1",-73.74,45.47,"PETI",2023,1,19,0.2,-4.1,-1.9,4.9,17,41,2023-01-19 21:41:00,2023-01-19 16:41:00
"207","end",2,68907,104,7.3,0,"59:56.9",1.261789577,0.528431226,0.861727292,0.113987337,"41:08.6",1,"good",21.68333333,2023-01-20,"2023-01-19","2023-01-19 21:44","2023-01-20 12:29","2023-01-20 21:45",-4.590528333,"black",1,"SDB","1",-73.74,45.47,"PETI",2023,1,20,-1.4,-7,-4.2,3.3,22,40,2023-01-20 21:41:00,2023-01-20 16:41:00
"212","end",2,68912,80,0,7.3,"59:58.9",0.816742685,0.441567068,0.443783465,0.094546735,"41:54.4",2,"good",21.68333333,2023-01-11,"2023-01-10","2023-01-10 21:33","2023-01-11 12:35","2023-01-11 21:34",7.656590001,"black",1,"SDB","1",-73.74,45.47,"PETI",2023,1,11,-7.8,-12.4,-10.1,0.2,0,0,2023-01-11 21:41:00,2023-01-11 16:41:00
"213","end",3,68913,68,0,7.3,"59:52.9",1.539099171,0.450400224,0.994515394,0.099573073,"41:12.1",2,"good",21.68333333,2022-12-29,"2022-12-28","2022-12-28 21:20","2022-12-29 12:36","2022-12-29 21:21",19.85108333,"black",1,"SDB","1",-73.74,45.47,"PETI",2022,12,29,6.1,-2.9,1.6,0.5,18,0,2022-12-29 21:41:00,2022-12-29 16:41:00
"215","end",5,68915,17,7.3,7.3,"53:59.0",0.921874301,0.539198449,0.397620005,0.057277298,"41:31.7",2,"good",21.68333333,2022-11-11,"2022-11-10","2022-11-10 21:33","2022-11-11 11:50","2022-11-11 21:31",9.545240001,"black",1,"SDB","1",-73.74,45.47,"PETI",2022,11,11,16.8,7.1,12,38.8,0,0,2022-11-11 21:41:00,2022-11-11 16:41:00
"217","end",2,68917,25,0,7.3,"59:54.6",1.19745232,0.824851263,0.666394297,0.180996752,"41:57.4",3,"good",21.68333333,2022-11-20,"2022-11-19","2022-11-19 21:23","2022-11-20 12:02","2022-11-20 21:22",19.00720833,"black",1,"SDB","1",-73.74,45.47,"PETI",2022,11,20,-1,-8.9,-4.9,0.2,5,68,2022-11-20 21:41:00,2022-11-20 16:41:00
"219","end",4,68919,52,0,0,"59:56.1",1.605565843,0.454446973,1.065499839,0.08764561,"41:37.2",3,"good",21.68333333,2022-12-21,"2022-12-20","2022-12-20 21:15","2022-12-21 12:33","2022-12-21 21:16",25.21973167,"black",1,"SDB","1",-73.74,45.47,"PETI",2022,12,21,1.5,-8.5,-3.5,0,21,36,2022-12-21 21:41:00,2022-12-21 16:41:00
"219","end",4,68919,56,0,7.3,"48:52.7",1.797069767,0.570011402,1.047578568,0.108194217,"41:52.6",3,"good",21.68333333,2022-12-25,"2022-12-24","2022-12-24 21:17","2022-12-25 12:35","2022-12-25 21:18",23.309735,"black",1,"SDB","1",-73.74,45.47,"PETI",2022,12,25,-3.3,-7.6,-5.4,0.5,10,59,2022-12-25 21:41:00,2022-12-25 16:41:00
"219","end",4,68919,60,0,7.3,"59:57.3",1.529622524,0.37292453,0.915983228,0.070684093,"41:53.0",3,"good",21.68333333,2022-12-29,"2022-12-28","2022-12-28 21:20","2022-12-29 12:36","2022-12-29 21:21",20.532535,"black",1,"SDB","1",-73.74,45.47,"PETI",2022,12,29,6.1,-2.9,1.6,0.5,18,0,2022-12-29 21:41:00,2022-12-29 16:41:00
"220","end",5,68920,10,0,7.3,"59:54.6",1.342676127,0.539040566,0.903317459,0.104578853,"40:59.1",3,"good",21.68333333,2022-11-11,"2022-11-10","2022-11-10 21:33","2022-11-11 11:50","2022-11-11 21:31",9.001181666,"black",1,"SDB","1",-73.74,45.47,"PETI",2022,11,11,16.8,7.1,12,38.8,0,0,2022-11-11 21:41:00,2022-11-11 16:41:00
"220","end",5,68920,25,0,7.3,"59:56.8",1.354737736,0.429995572,0.720737783,0.089720735,"41:23.2",3,"good",21.68333333,2022-11-26,"2022-11-25","2022-11-25 21:19","2022-11-26 12:10","2022-11-26 21:18",22.85275167,"black",1,"SDB","1",-73.74,45.47,"PETI",2022,11,26,8.6,0.8,4.7,0,0,37,2022-11-26 21:41:00,2022-11-26 16:41:00
"220","end",5,68920,43,0,0,"59:56.1",1.194517057,0.534837518,0.672981341,0.081549609,"41:22.5",3,"good",21.68333333,2022-12-14,"2022-12-13","2022-12-13 21:14","2022-12-14 12:29","2022-12-14 21:14",27.12537333,"black",1,"SDB","1",-73.74,45.47,"PETI",2022,12,14,2.9,-9.3,-3.2,0,0,0,2022-12-14 21:41:00,2022-12-14 16:41:00
"220","end",5,68920,47,0,7.3,"59:58.3",1.195324348,0.58445004,0.65511689,0.100737842,"41:32.0",3,"good",21.68333333,2022-12-18,"2022-12-17","2022-12-17 21:14","2022-12-18 12:32","2022-12-18 21:15",26.31738167,"black",1,"SDB","1",-73.74,45.47,"PETI",2022,12,18,-0.5,-2.4,-1.4,0,28,0,2022-12-18 21:41:00,2022-12-18 16:41:00
"221","end",1,68921,17,7.3,0,"59:53.6",1.031231721,0.389974275,0.700702453,0.040570619,"41:56.4",4,"good",21.68333333,2022-11-19,"2022-11-18","2022-11-18 21:24","2022-11-19 12:01","2022-11-19 21:23",18.12394333,"black",1,"SDB","1",-73.74,45.47,"PETI",2022,11,19,1.5,-3,-0.8,0.8,8,50,2022-11-19 21:41:00,2022-11-19 16:41:00
"222","end",2,68922,23,14.6,21.8,"23:12.5",1.120672392,0.713620716,0.300173607,0.103177119,"41:36.4",4,"good",21.68333333,2022-11-25,"2022-11-24","2022-11-24 21:19","2022-11-25 12:09","2022-11-25 21:19",22.42290667,"black",1,"SDB","1",-73.74,45.47,"PETI",2022,11,25,5.5,-2.8,1.3,4,2,43,2022-11-25 21:41:00,2022-11-25 16:41:00
"224","end",4,68924,28,7.3,0,"59:55.6",1.265550795,0.709922721,0.680622412,0.09921461,"41:07.3",4,"good",21.68333333,2022-12-01,"2022-11-30","2022-11-30 21:16","2022-12-01 12:16","2022-12-01 21:15",25.15549833,"black",1,"SDB","1",-73.74,45.47,"PETI",2022,12,1,1.8,-3.6,-0.9,0.3,0,58,2022-12-01 21:41:00,2022-12-01 16:41:00
"224","end",4,68924,39,7.3,0,"59:53.4",0.921974829,0.468694291,0.602671906,0.120927003,"41:56.2",4,"good",21.68333333,2022-12-12,"2022-12-11","2022-12-11 21:13","2022-12-12 12:27","2022-12-12 21:14",27.902685,"black",1,"SDB","1",-73.74,45.47,"PETI",2022,12,12,-2.8,-9.9,-6.3,0,0,31,2022-12-12 21:41:00,2022-12-12 16:41:00
"224","end",4,68924,48,0,7.3,"59:58.6",1.396148406,0.524111933,0.916785404,0.129351103,"41:03.0",4,"good",21.68333333,2022-12-21,"2022-12-20","2022-12-20 21:15","2022-12-21 12:33","2022-12-21 21:16",24.64920667,"black",1,"SDB","1",-73.74,45.47,"PETI",2022,12,21,1.5,-8.5,-3.5,0,21,36,2022-12-21 21:41:00,2022-12-21 16:41:00
"93","end",3,77870,33,0,9.7,"59:52.1",1.256263893,0.576160863,0.653609196,0.079904419,"41:49.4",5,"good",21.68333333,2023-11-30,"2023-11-29","2023-11-29 21:17","2023-11-30 12:15","2023-11-30 21:16",25.30651667,"black",1,"BDU","2",-73.74,45.47,"PETI",2023,11,30,6.9,-0.1,3.4,0,0,43,2023-11-30 21:41:00,2023-11-30 16:41:00
"93","end",3,77870,57,0,9.7,"59:50.8",1.455497971,0.517665365,0.96445113,0.080609935,"41:28.6",5,"good",21.68333333,2023-12-24,"2023-12-23","2023-12-23 21:17","2023-12-24 12:35","2023-12-24 21:17",23.67671,"black",1,"BDU","2",-73.74,45.47,"PETI",2023,12,24,2.1,-1.5,0.3,0,0,0,2023-12-24 21:41:00,2023-12-24 16:41:00
"93","end",3,77870,75,0,0,"59:59.1",1.445048783,0.640576049,0.841661863,0.066556701,"41:27.3",5,"good",21.68333333,2024-01-11,"2024-01-10","2024-01-10 21:32","2024-01-11 12:35","2024-01-11 21:33",7.504973332,"black",1,"BDU","2",-73.74,45.47,"PETI",2024,1,11,-2.6,-6.1,-4.3,0,6,49,2024-01-11 21:41:00,2024-01-11 16:41:00
"97","end",6,77874,54,9.7,9.7,"59:51.1",1.076360579,0.641857336,0.59280021,0.09190571,"41:29.1",5,"good",21.68333333,2023-12-23,"2023-12-22","2023-12-22 21:16","2023-12-23 12:34","2023-12-23 21:17",24.235065,"black",1,"SDB","2",-73.74,45.47,"PETI",2023,12,23,-0.8,-8.4,-4.6,0,0,0,2023-12-23 21:41:00,2023-12-23 16:41:00
"102","end",3,77879,17,0,0,"59:51.9",0.98570419,0.484653814,0.517740972,0.095062904,"41:58.7",6,"good",21.68333333,2023-11-20,"2023-11-19","2023-11-19 21:24","2023-11-20 12:02","2023-11-20 21:23",18.81158,"black",1,"SDB","2",-73.74,45.47,"PETI",2023,11,20,0.3,-5.8,-2.8,1.5,0,0,2023-11-20 21:41:00,2023-11-20 16:41:00
"102","end",3,77879,43,0,0,"59:58.2",1.222786394,0.459610132,0.859707857,0.10182617,"41:45.6",6,"good",21.68333333,2023-12-16,"2023-12-15","2023-12-15 21:14","2023-12-16 12:30","2023-12-16 21:14",27.17743,"black",1,"SDB","2",-73.74,45.47,"PETI",2023,12,16,4.9,-1.5,1.7,1,0,0,2023-12-16 21:41:00,2023-12-16 16:41:00
"104","end",5,77881,2,0,0,"59:53.7",0.845467096,0.652784418,0.473138853,0.092189472,"41:31.6",6,"good",21.68333333,2023-11-06,"2023-11-05","2023-11-05 21:39","2023-11-06 11:42","2023-11-06 21:38",3.060061665,"black",1,"SDB","2",-73.74,45.47,"PETI",2023,11,6,8.1,-3.4,2.4,0.3,0,41,2023-11-06 21:41:00,2023-11-06 16:41:00
"111","end",2,77888,6,0,9.7,"59:59.1",1.17179273,0.566317677,0.636501426,0.108887315,"41:37.1",7,"good",21.68333333,2023-11-19,"2023-11-18","2023-11-18 21:24","2023-11-19 12:01","2023-11-19 21:24",17.58498167,"black",1,"SDB","2",-73.74,45.47,"PETI",2023,11,19,5.3,-3.7,0.8,0.5,0,44,2023-11-19 21:41:00,2023-11-19 16:41:00
"111","end",2,77888,10,0,9.7,"59:59.0",1.025312374,0.581708142,0.605747662,0.106774066,"41:17.6",7,"good",21.68333333,2023-11-23,"2023-11-22","2023-11-22 21:21","2023-11-23 12:06","2023-11-23 21:20",20.52674667,"black",1,"SDB","2",-73.74,45.47,"PETI",2023,11,23,5.4,1.3,3.3,0.4,0,0,2023-11-23 21:41:00,2023-11-23 16:41:00
"116","end",7,77893,22,0,0,"59:57.6",0.828299524,0.590167501,0.291033496,0.07650979,"41:16.1",7,"good",21.68333333,2023-12-14,"2023-12-13","2023-12-13 21:14","2023-12-14 12:29","2023-12-14 21:14",27.051225,"black",1,"SDB","2",-73.74,45.47,"PETI",2023,12,14,2.8,-7.5,-2.3,0.8,1,37,2023-12-14 21:41:00,2023-12-14 16:41:00
"121","end",2,77898,76,87.39,77.59,"24:03.7",1.282606849,0.659849363,0.594686706,0.081563238,"41:34.6",8,"good",21.68333333,2024-01-01,"2023-12-31","2023-12-31 21:22","2024-01-01 12:36","2024-01-01 21:23",17.959995,"black",1,"BDU","2",-73.74,45.47,"PETI",2024,1,1,-4.1,-7.5,-5.8,2.4,0,0,2024-01-01 21:41:00,2024-01-01 16:41:00
"123","end",3,77899,31,9.7,9.7,"56:22.6",1.30893901,0.649813251,0.70102838,0.078255239,"41:04.6",8,"good",21.68333333,2023-11-18,"2023-11-17","2023-11-17 21:25","2023-11-18 11:59","2023-11-18 21:24",16.12715833,"black",1,"SDB","2",-73.74,45.47,"PETI",2023,11,18,3.8,0.9,2.4,0.9,0,33,2023-11-18 21:41:00,2023-11-18 16:41:00
"124","end",4,77900,43,0,9.7,"59:54.4",1.366738006,0.637162136,0.771665891,0.09083966,"41:51.6",8,"good",21.68333333,2023-11-30,"2023-11-29","2023-11-29 21:17","2023-11-30 12:15","2023-11-30 21:16",25.34411667,"black",1,"SDB","2",-73.74,45.47,"PETI",2023,11,30,6.9,-0.1,3.4,0,0,43,2023-11-30 21:41:00,2023-11-30 16:41:00
"124","end",4,77900,57,58.19,9.7,"44:52.9",1.380606762,0.710072507,0.771670096,0.087492272,"41:13.3",8,"good",21.68333333,2023-12-14,"2023-12-13","2023-12-13 21:14","2023-12-14 12:29","2023-12-14 21:14",27.005075,"black",1,"SDB","2",-73.74,45.47,"PETI",2023,12,14,2.8,-7.5,-2.3,0.8,1,37,2023-12-14 21:41:00,2023-12-14 16:41:00
"127","end",7,77903,37,0,0,"59:50.4",1.097099774,0.495656924,0.707727439,0.090023631,"40:59.4",8,"good",21.68333333,2023-11-25,"2023-11-24","2023-11-24 21:20","2023-11-25 12:08","2023-11-25 21:19",21.63918,"black",1,"SDB","2",-73.74,45.47,"PETI",2023,11,25,3.5,-8.4,-2.5,1.7,0,38,2023-11-25 21:41:00,2023-11-25 16:41:00
"127","end",7,77903,63,0,9.7,"59:58.4",1.231332531,0.539268411,0.762119861,0.100496461,"41:07.3",8,"good",21.68333333,2023-12-21,"2023-12-20","2023-12-20 21:15","2023-12-21 12:33","2023-12-21 21:16",24.83899833,"black",1,"SDB","2",-73.74,45.47,"PETI",2023,12,21,-3.9,-9.2,-6.5,1,0,39,2023-12-21 21:41:00,2023-12-21 16:41:00
"127","end",7,77903,64,0,9.7,"59:53.5",1.166049997,0.411420437,0.782115792,0.087171513,"41:41.2",8,"good",21.68333333,2023-12-22,"2023-12-21","2023-12-21 21:16","2023-12-22 12:34","2023-12-22 21:16",24.93624333,"black",1,"SDB","2",-73.74,45.47,"PETI",2023,12,22,-4.1,-10.1,-7.1,2.2,0,0,2023-12-22 21:41:00,2023-12-22 16:41:00
"127","end",7,77903,85,0,0,"59:56.3",1.156048079,0.565471266,0.760472927,0.0959262,"41:05.2",8,"good",21.68333333,2024-01-12,"2024-01-11","2024-01-11 21:33","2024-01-12 12:34","2024-01-12 21:35",5.953003335,"black",1,"SDB","2",-73.74,45.47,"PETI",2024,1,12,-1.9,-8.2,-5,3.5,6,45,2024-01-12 21:41:00,2024-01-12 16:41:00
"127","end",7,77903,95,9.7,9.7,"59:54.6",1.300932298,0.55379834,0.646913361,0.068899214,"41:32.6",8,"good",21.68333333,2024-01-22,"2024-01-21","2024-01-21 21:46","2024-01-22 12:28","2024-01-22 21:48",-6.573926667,"black",1,"SDB","2",-73.74,45.47,"PETI",2024,1,22,-0.4,-11.6,-6,0,15,47,2024-01-22 21:41:00,2024-01-22 16:41:00
"617","end",2,90335,79,0,9.7,"59:50.9",1.162935219,0.400835253,0.941424736,0.077950525,"41:58.4",10,"good",21.68333333,2025-01-11,"2025-01-10","2025-01-10 21:33","2025-01-11 12:34","2025-01-11 21:34",7.157201668,"black",1,"BDU","3",-73.74,45.47,"PETI",2025,1,11,-5,-7.9,-6.4,2,4,0,2025-01-11 21:41:00,2025-01-11 16:41:00
"627","end",2,90345,24,19.4,9.7,"10:13.8",1.105126553,0.703495333,0.59995019,0.096097334,"41:38.9",11,"good",21.68333333,2024-11-26,"2024-11-25","2024-11-25 21:18","2024-11-26 12:11","2024-11-26 21:18",23.39751833,"black",1,"BDU","3",-73.74,45.47,"PETI",2024,11,26,5.1,-1,2.1,5.7,0,35,2024-11-26 21:41:00,2024-11-26 16:41:00
"627","end",2,90345,59,9.7,9.7,"59:50.4",1.10327194,0.664425526,0.599799699,0.09320218,"41:18.4",11,"good",21.68333333,2024-12-31,"2024-12-30","2024-12-30 21:22","2024-12-31 12:36","2024-12-31 21:23",17.90734167,"black",1,"BDU","3",-73.74,45.47,"PETI",2024,12,31,6.3,1.8,4.1,0,0,39,2024-12-31 21:41:00,2024-12-31 16:41:00
"630","end",5,90348,15,0,9.7,"59:51.9",1.002364423,0.652503113,0.42073079,0.102013107,"41:00.7",11,"good",21.68333333,2024-11-21,"2024-11-20","2024-11-20 21:22","2024-11-21 12:04","2024-11-21 21:21",19.27825167,"black",1,"BDU","3",-73.74,45.47,"PETI",2024,11,21,8.1,5.4,6.8,1.7,0,44,2024-11-21 21:41:00,2024-11-21 16:41:00
"631","end",6,90349,31,9.7,9.7,"59:58.3",0.994857091,0.728383011,0.32682507,0.111229264,"41:46.3",11,"good",21.68333333,2024-12-12,"2024-12-11","2024-12-11 21:14","2024-12-12 12:28","2024-12-12 21:14",27.70537833,"black",1,"BDU","3",-73.74,45.47,"PETI",2024,12,12,1.9,-7.2,-2.6,0,0,63,2024-12-12 21:41:00,2024-12-12 16:41:00
"631","end",6,90349,49,9.7,0,"59:58.3",1.032213176,0.513279073,0.603224586,0.127476502,"41:36.6",11,"good",21.68333333,2024-12-30,"2024-12-29","2024-12-29 21:21","2024-12-30 12:36","2024-12-30 21:22",19.06011833,"black",1,"BDU","3",-73.74,45.47,"PETI",2024,12,30,11.4,3.2,7.3,5.6,0,45,2024-12-30 21:41:00,2024-12-30 16:41:00
"631","end",6,90349,53,0,9.7,"59:55.1",1.145027516,0.502742956,0.87234858,0.096211337,"41:52.8",11,"good",21.68333333,2025-01-03,"2025-01-02","2025-01-02 21:25","2025-01-03 12:36","2025-01-03 21:26",15.72967667,"black",1,"BDU","3",-73.74,45.47,"PETI",2025,1,3,-3.6,-9.7,-6.7,0.2,0,54,2025-01-03 21:41:00,2025-01-03 16:41:00
"634","end",9,90352,7,9.7,9.7,"59:58.4",0.674417718,0.490244132,0.21254758,0.064765788,"41:46.2",11,"good",21.68333333,2024-11-19,"2024-11-18","2024-11-18 21:24","2024-11-19 12:02","2024-11-19 21:23",18.38584667,"black",1,"NDG","3",-73.74,45.47,"PETI",2024,11,19,10.9,0.9,5.9,0,0,0,2024-11-19 21:41:00,2024-11-19 16:41:00
"634","end",9,90352,44,9.7,9.7,"55:45.5",0.72022016,0.564463419,0.21665082,0.052900113,"41:35.7",11,"good",21.68333333,2024-12-26,"2024-12-25","2024-12-25 21:18","2024-12-26 12:35","2024-12-26 21:19",22.078175,"black",1,"NDG","3",-73.74,45.47,"PETI",2024,12,26,-7.5,-17.8,-12.7,0.2,7,0,2024-12-26 21:41:00,2024-12-26 16:41:00
"635","end",10,90353,5,9.7,9.7,"59:52.2",0.882069583,0.666275044,0.367617004,0.0922664,"41:01.0",11,"good",21.68333333,2024-11-17,"2024-11-16","2024-11-16 21:26","2024-11-17 11:59","2024-11-17 21:25",15.817075,"black",1,"BDU","3",-73.74,45.47,"PETI",2024,11,17,8.3,-2.1,3.1,0,0,0,2024-11-17 21:41:00,2024-11-17 16:41:00
"635","end",10,90353,20,0,0,"59:51.5",0.713089362,0.567795945,0.218229302,0.100234076,"41:58.7",11,"good",21.68333333,2024-12-02,"2024-12-01","2024-12-01 21:15","2024-12-02 12:18","2024-12-02 21:15",26.57844667,"black",1,"BDU","3",-73.74,45.47,"PETI",2024,12,2,-0.5,-4.9,-2.7,0.2,0,0,2024-12-02 21:41:00,2024-12-02 16:41:00
"645","end",7,90363,49,0,9.7,"59:57.2",1.311779565,0.701647113,0.702002418,0.154432096,"41:06.1",12,"good",21.68333333,2025-01-02,"2025-01-01","2025-01-01 21:24","2025-01-02 12:36","2025-01-02 21:25",15.90188167,"black",1,"SDB","3",-73.74,45.47,"PETI",2025,1,2,0.9,-3.7,-1.4,0,0,63,2025-01-02 21:41:00,2025-01-02 16:41:00
"207","end",2,68907,95,7.3,7.3,"59:55.3",1.315069503,0.513203576,1.052596858,0.099761919,"42:34.5",1,"good",21.7,2023-01-11,"2023-01-10","2023-01-10 21:33","2023-01-11 12:35","2023-01-11 21:34",8.324848334,"black",1,"SDB","1",-73.74,45.47,"PETI",2023,1,11,-7.8,-12.4,-10.1,0.2,0,0,2023-01-11 21:42:00,2023-01-11 16:42:00
"209","end",4,68909,91,0,7.3,"42:53.9",1.328810552,0.724075481,0.650444464,0.107041887,"42:42.4",1,"good",21.7,2023-01-12,"2023-01-11","2023-01-11 21:34","2023-01-12 12:34","2023-01-12 21:35",7.256173333,"black",1,"SDB","1",-73.74,45.47,"PETI",2023,1,12,-0.8,-7.9,-4.4,11.8,0,0,2023-01-12 21:42:00,2023-01-12 16:42:00
"210","end",5,68910,34,0,0,"59:57.6",1.065624162,0.495317957,0.727405792,0.093723215,"42:00.4",1,"good",21.7,2022-11-16,"2022-11-15","2022-11-15 21:27","2022-11-16 11:57","2022-11-16 21:26",15.38959167,"black",1,"SDB","1",-73.74,45.47,"PETI",2022,11,16,0.7,-0.8,-0.1,9.9,0,33,2022-11-16 21:42:00,2022-11-16 16:42:00
"212","end",2,68912,25,29.2,7.3,"59:28.2",1.440022835,0.837856339,0.794430633,0.173238691,"42:58.6",2,"good",21.7,2022-11-17,"2022-11-16","2022-11-16 21:26","2022-11-17 11:58","2022-11-17 21:25",17.32599167,"black",1,"SDB","1",-73.74,45.47,"PETI",2022,11,17,-0.6,-5.8,-3.2,0,7,51,2022-11-17 21:42:00,2022-11-17 16:42:00
"212","end",2,68912,28,0,0,"43:24.7",1.489560428,0.905331972,0.838885444,0.091418207,"42:14.8",2,"good",21.7,2022-11-20,"2022-11-19","2022-11-19 21:23","2022-11-20 12:02","2022-11-20 21:22",19.29656334,"black",1,"SDB","1",-73.74,45.47,"PETI",2022,11,20,-1,-8.9,-4.9,0.2,5,68,2022-11-20 21:42:00,2022-11-20 16:42:00
"212","end",2,68912,34,0,7.3,"59:57.5",1.517988375,0.493372151,0.831759913,0.107286806,"42:51.3",2,"good",21.7,2022-11-26,"2022-11-25","2022-11-25 21:19","2022-11-26 12:10","2022-11-26 21:18",24.32204167,"black",1,"SDB","1",-73.74,45.47,"PETI",2022,11,26,8.6,0.8,4.7,0,0,37,2022-11-26 21:42:00,2022-11-26 16:42:00
"213","end",3,68913,20,7.3,0,"59:56.3",1.307165685,0.413851189,0.942382831,0.057909067,"42:21.1",2,"good",21.7,2022-11-11,"2022-11-10","2022-11-10 21:33","2022-11-11 11:50","2022-11-11 21:31",10.36764667,"black",1,"SDB","1",-73.74,45.47,"PETI",2022,11,11,16.8,7.1,12,38.8,0,0,2022-11-11 21:42:00,2022-11-11 16:42:00
"213","end",3,68913,23,0,7.3,"59:57.2",1.54266444,0.637097292,0.927931798,0.122621032,"42:00.2",2,"good",21.7,2022-11-14,"2022-11-13","2022-11-13 21:29","2022-11-14 11:54","2022-11-14 21:28",13.336045,"black",1,"SDB","1",-73.74,45.47,"PETI",2022,11,14,2.2,-2.2,0,0,0,40,2022-11-14 21:42:00,2022-11-14 16:42:00
"213","end",3,68913,48,0,7.3,"59:54.3",1.344575866,0.659886633,1.018925994,0.121481899,"42:55.7",2,"good",21.7,2022-12-09,"2022-12-08","2022-12-08 21:14","2022-12-09 12:25","2022-12-09 21:14",28.89419167,"black",1,"SDB","1",-73.74,45.47,"PETI",2022,12,9,-1.1,-9.1,-5.1,0.2,0,36,2022-12-09 21:42:00,2022-12-09 16:42:00
"213","end",3,68913,63,0,7.3,"59:53.1",1.373402105,0.87937032,0.687920534,0.202830103,"42:32.5",2,"good",21.7,2022-12-24,"2022-12-23","2022-12-23 21:17","2022-12-24 12:35","2022-12-24 21:17",24.59210333,"black",1,"SDB","1",-73.74,45.47,"PETI",2022,12,24,-7,-9.7,-8.4,0.2,11,74,2022-12-24 21:42:00,2022-12-24 16:42:00
"213","end",3,68913,77,0,7.3,"59:53.6",1.372344933,0.720227033,0.977858858,0.155810179,"42:03.8",2,"good",21.7,2023-01-07,"2023-01-06","2023-01-06 21:28","2023-01-07 12:36","2023-01-07 21:29",12.330475,"black",1,"SDB","1",-73.74,45.47,"PETI",2023,1,7,0.3,-8,-3.9,0.2,0,33,2023-01-07 21:42:00,2023-01-07 16:42:00
"213","end",3,68913,78,0,7.3,"59:59.4",1.280247158,0.417498015,0.914719818,0.070671378,"42:53.4",2,"good",21.7,2023-01-08,"2023-01-07","2023-01-07 21:29","2023-01-08 12:36","2023-01-08 21:30",12.057115,"black",1,"SDB","1",-73.74,45.47,"PETI",2023,1,8,-3.1,-9,-6,0.2,0,31,2023-01-08 21:42:00,2023-01-08 16:42:00
"213","end",3,68913,161,0,7.3,"13:19.9",0.835569684,0.654189597,0.157618054,0.09342755,"42:42.1",2,"good",21.7,2023-04-01,"2023-03-31","2023-03-31 23:22","2023-04-01 10:37","2023-04-01 23:23",-101.1483867,"black",1,"SDB","1",-73.74,45.47,"PETI",2023,4,1,11.8,1.4,6.6,10.4,0,41,2023-04-01 21:42:00,2023-04-01 17:42:00
"215","end",5,68915,25,43.69,29.2,"16:50.0",1.079522384,0.657901804,0.362241224,0.111933966,"42:11.3",2,"good",21.7,2022-11-19,"2022-11-18","2022-11-18 21:24","2022-11-19 12:01","2022-11-19 21:23",18.37210333,"black",1,"SDB","1",-73.74,45.47,"PETI",2022,11,19,1.5,-3,-0.8,0.8,8,50,2022-11-19 21:42:00,2022-11-19 16:42:00
"215","end",5,68915,27,7.3,0,"59:16.8",0.977831995,0.648921189,0.387820642,0.079220551,"42:10.4",2,"good",21.7,2022-11-21,"2022-11-20","2022-11-20 21:22","2022-11-21 12:04","2022-11-21 21:22",20.05635667,"black",1,"SDB","1",-73.74,45.47,"PETI",2022,11,21,4.2,-9.7,-2.8,0,4,56,2022-11-21 21:42:00,2022-11-21 16:42:00
"219","end",4,68919,51,7.3,7.3,"59:57.9",1.096583654,0.630802866,0.622397669,0.148409857,"42:30.0",3,"good",21.7,2022-12-20,"2022-12-19","2022-12-19 21:15","2022-12-20 12:33","2022-12-20 21:15",26.533975,"black",1,"SDB","1",-73.74,45.47,"PETI",2022,12,20,-1.8,-5,-3.4,0,23,0,2022-12-20 21:42:00,2022-12-20 16:42:00
"220","end",5,68920,13,7.3,0,"59:56.7",1.445578592,0.546243703,0.823298238,0.113892658,"42:36.1",3,"good",21.7,2022-11-14,"2022-11-13","2022-11-13 21:29","2022-11-14 11:54","2022-11-14 21:28",13.93537667,"black",1,"SDB","1",-73.74,45.47,"PETI",2022,11,14,2.2,-2.2,0,0,0,40,2022-11-14 21:42:00,2022-11-14 16:42:00
"221","end",1,68921,9,0,29.2,"59:57.5",1.059834795,0.539465968,0.469889683,0.059091433,"42:29.5",4,"good",21.7,2022-11-11,"2022-11-10","2022-11-10 21:33","2022-11-11 11:50","2022-11-11 21:31",10.50753833,"black",1,"SDB","1",-73.74,45.47,"PETI",2022,11,11,16.8,7.1,12,38.8,0,0,2022-11-11 21:42:00,2022-11-11 16:42:00
"221","end",1,68921,15,0,7.3,"59:54.7",0.877501047,0.656460361,0.489591225,0.102187344,"42:55.9",4,"good",21.7,2022-11-17,"2022-11-16","2022-11-16 21:26","2022-11-17 11:58","2022-11-17 21:25",17.2815,"black",1,"SDB","1",-73.74,45.47,"PETI",2022,11,17,-0.6,-5.8,-3.2,0,7,51,2022-11-17 21:42:00,2022-11-17 16:42:00
"221","end",1,68921,32,7.3,7.3,"00:00.0",1.066702913,0.531776885,0.536048582,0.048634646,"42:32.0",4,"good",21.7,2022-12-04,"2022-12-03","2022-12-03 21:15","2022-12-04 12:19","2022-12-04 21:14",27.61668667,"black",1,"SDB","1",-73.74,45.47,"PETI",2022,12,4,1.1,-5.1,-2,0.2,0,43,2022-12-04 21:42:00,2022-12-04 16:42:00
"221","end",1,68921,36,36.5,7.3,"27:07.1",1.204173268,0.520867089,0.490749499,0.065881215,"42:37.2",4,"good",21.7,2022-12-08,"2022-12-07","2022-12-07 21:14","2022-12-08 12:24","2022-12-08 21:14",28.50301,"black",1,"SDB","1",-73.74,45.47,"PETI",2022,12,8,5.6,-2.3,1.6,0.2,0,0,2022-12-08 21:42:00,2022-12-08 16:42:00
"222","end",2,68922,46,7.3,7.3,"59:52.9",1.177361129,0.784979895,0.498769994,0.140035053,"42:32.4",4,"good",21.7,2022-12-18,"2022-12-17","2022-12-17 21:14","2022-12-18 12:32","2022-12-18 21:15",27.323695,"black",1,"SDB","1",-73.74,45.47,"PETI",2022,12,18,-0.5,-2.4,-1.4,0,28,0,2022-12-18 21:42:00,2022-12-18 16:42:00
"224","end",4,68924,16,51.09,7.3,"59:57.8",1.228011928,0.650142443,0.70279327,0.111231563,"42:51.7",4,"good",21.7,2022-11-19,"2022-11-18","2022-11-18 21:24","2022-11-19 12:01","2022-11-19 21:23",19.04519167,"black",1,"SDB","1",-73.74,45.47,"PETI",2022,11,19,1.5,-3,-0.8,0.8,8,50,2022-11-19 21:42:00,2022-11-19 16:42:00
"225","end",5,68925,7,0,7.3,"59:54.7",1.373481428,0.586083601,0.895090755,0.104890996,"42:12.1",4,"good",21.7,2022-11-15,"2022-11-14","2022-11-14 21:28","2022-11-15 11:55","2022-11-15 21:27",14.56844833,"black",1,"SDB","1",-73.74,45.47,"PETI",2022,11,15,1.3,-3.9,-1.3,0,0,0,2022-11-15 21:42:00,2022-11-15 16:42:00
"225","end",5,68925,18,0,0,"59:54.5",1.32739461,0.582198967,0.720160361,0.123484491,"42:04.6",4,"good",21.7,2022-11-26,"2022-11-25","2022-11-25 21:19","2022-11-26 12:10","2022-11-26 21:18",23.54271333,"black",1,"SDB","1",-73.74,45.47,"PETI",2022,11,26,8.6,0.8,4.7,0,0,37,2022-11-26 21:42:00,2022-11-26 16:42:00
"225","end",5,68925,63,0,7.3,"59:54.3",1.355186184,0.523215445,0.885800471,0.109190662,"42:11.7",4,"good",21.7,2023-01-10,"2023-01-09","2023-01-09 21:31","2023-01-10 12:35","2023-01-10 21:33",9.111550001,"black",1,"SDB","1",-73.74,45.47,"PETI",2023,1,10,-2.8,-10.2,-6.5,0.2,0,36,2023-01-10 21:42:00,2023-01-10 16:42:00
"93","end",3,77870,12,9.6,0.1,"59:52.7",0.944510045,0.478294725,0.403934865,0.064752616,"42:18.9",5,"good",21.7,2023-11-09,"2023-11-08","2023-11-08 21:35","2023-11-09 11:47","2023-11-09 21:34",7.648483332,"black",1,"BDU","2",-73.74,45.47,"PETI",2023,11,9,3.7,-1.5,1.1,5.3,0,0,2023-11-09 21:42:00,2023-11-09 16:42:00
"93","end",3,77870,22,19.4,9.7,"59:59.1",1.272274031,0.629484897,0.766522419,0.102147116,"42:35.2",5,"good",21.7,2023-11-19,"2023-11-18","2023-11-18 21:24","2023-11-19 12:01","2023-11-19 21:24",18.55259833,"black",1,"BDU","2",-73.74,45.47,"PETI",2023,11,19,5.3,-3.7,0.8,0.5,0,44,2023-11-19 21:42:00,2023-11-19 16:42:00
"93","end",3,77870,23,0,9.7,"59:55.9",1.000061322,0.466899618,0.498914719,0.072935231,"42:02.8",5,"good",21.7,2023-11-20,"2023-11-19","2023-11-19 21:24","2023-11-20 12:02","2023-11-20 21:23",18.87995667,"black",1,"BDU","2",-73.74,45.47,"PETI",2023,11,20,0.3,-5.8,-2.8,1.5,0,0,2023-11-20 21:42:00,2023-11-20 16:42:00
"97","end",6,77874,20,0,9.7,"59:53.1",1.109415446,0.576206768,0.651828809,0.190129342,"42:00.2",5,"good",21.7,2023-11-19,"2023-11-18","2023-11-18 21:24","2023-11-19 12:01","2023-11-19 21:24",17.96945,"black",1,"SDB","2",-73.74,45.47,"PETI",2023,11,19,5.3,-3.7,0.8,0.5,0,44,2023-11-19 21:42:00,2023-11-19 16:42:00
"97","end",6,77874,23,0,9.7,"59:58.7",1.092356935,0.494008338,0.579638816,0.099117137,"42:25.2",5,"good",21.7,2023-11-22,"2023-11-21","2023-11-21 21:22","2023-11-22 12:05","2023-11-22 21:21",20.90325667,"black",1,"SDB","2",-73.74,45.47,"PETI",2023,11,22,6.3,1.2,3.8,11,0,38,2023-11-22 21:42:00,2023-11-22 16:42:00
"97","end",6,77874,46,9.7,0,"59:59.2",1.321423041,0.490593142,0.841592211,0.068279639,"42:16.0",5,"good",21.7,2023-12-15,"2023-12-14","2023-12-14 21:14","2023-12-15 12:29","2023-12-15 21:14",27.882495,"black",1,"SDB","2",-73.74,45.47,"PETI",2023,12,15,8.1,2.6,5.4,0,1,46,2023-12-15 21:42:00,2023-12-15 16:42:00
"99","end",8,77876,15,0,9.7,"59:53.5",1.170813807,0.612339959,0.733623262,0.105503177,"42:19.8",5,"good",21.7,2023-11-15,"2023-11-14","2023-11-14 21:28","2023-11-15 11:55","2023-11-15 21:27",14.43006167,"black",1,"SDB","2",-73.74,45.47,"PETI",2023,11,15,10,1.1,5.5,0.8,0,0,2023-11-15 21:42:00,2023-11-15 16:42:00
"99","end",8,77876,30,19.4,19.4,"59:53.3",1.073510038,0.66577732,0.594242475,0.090552941,"42:29.3",5,"good",21.7,2023-11-30,"2023-11-29","2023-11-29 21:17","2023-11-30 12:15","2023-11-30 21:16",25.97125833,"black",1,"SDB","2",-73.74,45.47,"PETI",2023,11,30,6.9,-0.1,3.4,0,0,43,2023-11-30 21:42:00,2023-11-30 16:42:00
"99","end",8,77876,42,0,9.7,"59:50.7",1.162832383,0.590583902,0.548324281,0.11296665,"42:07.3",5,"good",21.7,2023-12-12,"2023-12-11","2023-12-11 21:13","2023-12-12 12:27","2023-12-12 21:14",28.10432667,"black",1,"SDB","2",-73.74,45.47,"PETI",2023,12,12,4.3,-5.4,-0.5,0.4,2,42,2023-12-12 21:42:00,2023-12-12 16:42:00
"102","end",3,77879,11,0,9.7,"04:38.4",1.040777479,0.437161671,0.632483428,0.072010746,"42:00.5",6,"good",21.7,2023-11-14,"2023-11-13","2023-11-13 21:30","2023-11-14 11:54","2023-11-14 21:28",13.07547333,"black",1,"SDB","2",-73.74,45.47,"PETI",2023,11,14,3.9,-0.3,1.8,0,0,0,2023-11-14 21:42:00,2023-11-14 16:42:00
"102","end",3,77879,59,9.7,0,"59:56.7",1.238216117,0.473106047,0.797723152,0.128187719,"42:03.5",6,"good",21.7,2024-01-01,"2023-12-31","2023-12-31 21:22","2024-01-01 12:36","2024-01-01 21:23",18.44156333,"black",1,"SDB","2",-73.74,45.47,"PETI",2024,1,1,-4.1,-7.5,-5.8,2.4,0,0,2024-01-01 21:42:00,2024-01-01 16:42:00
"104","end",5,77881,40,9.7,0,"59:55.6",1.082505428,0.630936041,0.501583345,0.100385825,"42:12.4",6,"good",21.7,2023-12-14,"2023-12-13","2023-12-13 21:14","2023-12-14 12:29","2023-12-14 21:14",27.989525,"black",1,"SDB","2",-73.74,45.47,"PETI",2023,12,14,2.8,-7.5,-2.3,0.8,1,37,2023-12-14 21:42:00,2023-12-14 16:42:00
"109","end",10,77886,50,0,9.7,"59:54.4",1.072020368,0.566369542,0.648170003,0.06995301,"42:40.1",6,"good",21.7,2023-12-30,"2023-12-29","2023-12-29 21:21","2023-12-30 12:36","2023-12-30 21:21",20.71915,"black",1,"BDU","2",-73.74,45.47,"PETI",2023,12,30,1.4,-4.2,-1.4,1.7,0,0,2023-12-30 21:42:00,2023-12-30 16:42:00
"109","end",10,77886,51,0,9.7,"59:52.7",0.750898039,0.484378602,0.321232425,0.06567488,"42:09.4",6,"good",21.7,2023-12-31,"2023-12-30","2023-12-30 21:21","2023-12-31 12:36","2023-12-31 21:22",19.389255,"black",1,"BDU","2",-73.74,45.47,"PETI",2023,12,31,-4.1,-5.2,-4.7,0.2,0,0,2023-12-31 21:42:00,2023-12-31 16:42:00
"109","end",10,77886,56,9.7,9.7,"59:56.6",0.847912541,0.505701422,0.477291184,0.08098083,"42:03.5",6,"good",21.7,2024-01-05,"2024-01-04","2024-01-04 21:26","2024-01-05 12:36","2024-01-05 21:27",14.67509333,"black",1,"BDU","2",-73.74,45.47,"PETI",2024,1,5,-1.2,-12.5,-6.9,0,0,31,2024-01-05 21:42:00,2024-01-05 16:42:00
"109","end",10,77886,57,9.7,0,"59:53.5",0.825669172,0.456934387,0.352005243,0.060590042,"42:58.6",6,"good",21.7,2024-01-06,"2024-01-05","2024-01-05 21:27","2024-01-06 12:36","2024-01-06 21:28",14.55981667,"black",1,"BDU","2",-73.74,45.47,"PETI",2024,1,6,-2.7,-9.9,-6.3,1.5,0,40,2024-01-06 21:42:00,2024-01-06 16:42:00
"111","end",2,77888,11,0,0,"59:54.1",1.106183109,0.637198736,0.657832075,0.121433264,"42:01.2",7,"good",21.7,2023-11-24,"2023-11-23","2023-11-23 21:20","2023-11-24 12:07","2023-11-24 21:20",21.98713167,"black",1,"SDB","2",-73.74,45.47,"PETI",2023,11,24,1.7,-8.1,-3.2,1,0,42,2023-11-24 21:42:00,2023-11-24 16:42:00
"111","end",2,77888,16,0,0,"59:58.8",1.172734025,0.593942518,0.695090537,0.107283567,"42:15.6",7,"good",21.7,2023-11-29,"2023-11-28","2023-11-28 21:17","2023-11-29 12:13","2023-11-29 21:17",25.259515,"black",1,"SDB","2",-73.74,45.47,"PETI",2023,11,29,0.8,-7.9,-3.6,1,0,47,2023-11-29 21:42:00,2023-11-29 16:42:00
"116","end",7,77893,3,0,0,"59:58.0",1.247698684,0.476725881,0.699010332,0.095428237,"42:24.3",7,"good",21.7,2023-11-25,"2023-11-24","2023-11-24 21:20","2023-11-25 12:08","2023-11-25 21:19",23.055395,"black",1,"SDB","2",-73.74,45.47,"PETI",2023,11,25,3.5,-8.4,-2.5,1.7,0,38,2023-11-25 21:42:00,2023-11-25 16:42:00
"116","end",7,77893,44,9.7,0,"59:56.9",0.75021055,0.554082658,0.305362609,0.085951577,"42:13.5",7,"good",21.7,2024-01-05,"2024-01-04","2024-01-04 21:26","2024-01-05 12:36","2024-01-05 21:27",14.84231833,"black",1,"SDB","2",-73.74,45.47,"PETI",2024,1,5,-1.2,-12.5,-6.9,0,0,31,2024-01-05 21:42:00,2024-01-05 16:42:00
"118","end",9,77895,29,9.7,310.36,"59:50.5",1.262793135,0.499211444,0.664238662,0.080545146,"42:36.4",7,"good",21.7,2023-11-09,"2023-11-08","2023-11-08 21:35","2023-11-09 11:47","2023-11-09 21:34",7.939541666,"black",1,"SDB","2",-73.74,45.47,"PETI",2023,11,9,3.7,-1.5,1.1,5.3,0,0,2023-11-09 21:42:00,2023-11-09 16:42:00
"118","end",9,77895,45,9.7,9.7,"59:54.0",0.946671476,0.512832698,0.486043155,0.0713859,"42:30.2",7,"good",21.7,2023-11-25,"2023-11-24","2023-11-24 21:20","2023-11-25 12:08","2023-11-25 21:19",23.15342333,"black",1,"SDB","2",-73.74,45.47,"PETI",2023,11,25,3.5,-8.4,-2.5,1.7,0,38,2023-11-25 21:42:00,2023-11-25 16:42:00
"118","end",9,77895,66,38.79,9.7,"59:53.5",1.538098029,0.613074449,0.934161284,0.07452084,"42:00.6",7,"good",21.7,2023-12-16,"2023-12-15","2023-12-15 21:14","2023-12-16 12:30","2023-12-16 21:14",27.42682,"black",1,"SDB","2",-73.74,45.47,"PETI",2023,12,16,4.9,-1.5,1.7,1,0,0,2023-12-16 21:42:00,2023-12-16 16:42:00
"124","end",4,77900,26,0.1,0,"59:53.5",0.960924744,0.555543619,0.490407727,0.084111287,"42:29.5",8,"good",21.7,2023-11-13,"2023-11-12","2023-11-12 21:31","2023-11-13 11:52","2023-11-13 21:30",12.47560667,"black",1,"SDB","2",-73.74,45.47,"PETI",2023,11,13,1.4,-5.8,-2.2,0.7,0,0,2023-11-13 21:42:00,2023-11-13 16:42:00
"124","end",4,77900,32,0,9.7,"59:52.8",1.119506757,0.43379245,0.684981427,0.071878199,"42:19.2",8,"good",21.7,2023-11-19,"2023-11-18","2023-11-18 21:24","2023-11-19 12:01","2023-11-19 21:24",18.28645333,"black",1,"SDB","2",-73.74,45.47,"PETI",2023,11,19,5.3,-3.7,0.8,0.5,0,44,2023-11-19 21:42:00,2023-11-19 16:42:00
"127","end",7,77903,42,0,0,"59:54.9",1.072694539,0.553091952,0.629587684,0.111640558,"42:11.7",8,"good",21.7,2023-11-30,"2023-11-29","2023-11-29 21:17","2023-11-30 12:15","2023-11-30 21:16",25.678935,"black",1,"SDB","2",-73.74,45.47,"PETI",2023,11,30,6.9,-0.1,3.4,0,0,43,2023-11-30 21:42:00,2023-11-30 16:42:00
"127","end",7,77903,84,0,9.7,"59:51.5",1.257222067,0.437647963,0.801269928,0.111010026,"42:47.1",8,"good",21.7,2024-01-11,"2024-01-10","2024-01-10 21:32","2024-01-11 12:35","2024-01-11 21:33",8.835718334,"black",1,"SDB","2",-73.74,45.47,"PETI",2024,1,11,-2.6,-6.1,-4.3,0,6,49,2024-01-11 21:42:00,2024-01-11 16:42:00
"608","end",3,90326,26,0,0,"59:52.3",0.742073564,0.312238043,0.374426925,0.039087922,"42:47.9",9,"good",21.7,2024-11-17,"2024-11-16","2024-11-16 21:26","2024-11-17 11:59","2024-11-17 21:25",17.59814667,"black",1,"BDU","3",-73.74,45.47,"PETI",2024,11,17,8.3,-2.1,3.1,0,0,0,2024-11-17 21:42:00,2024-11-17 16:42:00
"608","end",3,90326,69,0,9.7,"59:56.7",1.009533974,0.646232937,0.795383008,0.111608079,"42:03.8",9,"good",21.7,2024-12-30,"2024-12-29","2024-12-29 21:21","2024-12-30 12:36","2024-12-30 21:22",19.51344333,"black",1,"BDU","3",-73.74,45.47,"PETI",2024,12,30,11.4,3.2,7.3,5.6,0,45,2024-12-30 21:42:00,2024-12-30 16:42:00
"617","end",2,90335,7,9.7,0,"55:10.8",1.004630739,0.618267506,0.614952357,0.08036053,"41:59.6",10,"good",21.7,2024-10-31,"2024-10-30","2024-10-30 21:47","2024-10-31 11:35","2024-10-31 21:45",-3.723648334,"black",1,"BDU","3",-73.74,45.47,"PETI",2024,10,31,24.3,18.5,21.4,0,0,53,2024-10-31 21:42:00,2024-10-31 17:42:00
"623","end",7,90341,54,19.4,9.7,"59:55.9",0.926000341,0.566594297,0.303167066,0.060968911,"42:22.3",10,"good",21.7,2024-12-23,"2024-12-22","2024-12-22 21:17","2024-12-23 12:34","2024-12-23 21:17",24.70463334,"black",1,"BDU","3",-73.74,45.47,"PETI",2024,12,23,-6.9,-16,-11.4,5.2,0,0,2024-12-23 21:42:00,2024-12-23 16:42:00
"625","end",9,90343,62,0,0,"59:57.9",1.108936214,0.456448168,0.644661676,0.111638723,"42:14.6",10,"good",21.7,2024-12-31,"2024-12-30","2024-12-30 21:22","2024-12-31 12:36","2024-12-31 21:23",18.84340667,"black",1,"SDB","3",-73.74,45.47,"PETI",2024,12,31,6.3,1.8,4.1,0,0,39,2024-12-31 21:42:00,2024-12-31 16:42:00
"627","end",2,90345,111,19.4,9.7,"59:59.3",0.910868587,0.62037217,0.360638521,0.100419392,"42:44.9",11,"good",21.7,2025-02-21,"2025-02-20","2025-02-20 22:31","2025-02-21 11:49","2025-02-21 22:32",-49.83421667,"black",1,"BDU","3",-73.74,45.47,"PETI",2025,2,21,-7.7,-12.1,-9.9,0,27,41,2025-02-21 21:42:00,2025-02-21 16:42:00
"630","end",5,90348,20,19.5,29,"59:52.0",0.780586089,0.546317324,0.288878978,0.081905751,"42:37.9",11,"good",21.7,2024-11-26,"2024-11-25","2024-11-25 21:18","2024-11-26 12:11","2024-11-26 21:18",24.38093333,"black",1,"BDU","3",-73.74,45.47,"PETI",2024,11,26,5.1,-1,2.1,5.7,0,35,2024-11-26 21:42:00,2024-11-26 16:42:00
"631","end",6,90349,14,0,9.7,"59:52.4",1.443324717,0.54429225,1.002002912,0.070988869,"41:59.8",11,"good",21.7,2024-11-25,"2024-11-24","2024-11-24 21:19","2024-11-25 12:09","2024-11-25 21:18",23.13041333,"black",1,"BDU","3",-73.74,45.47,"PETI",2024,11,25,4.3,-1.5,1.4,0,0,32,2024-11-25 21:42:00,2024-11-25 16:42:00
"634","end",9,90352,6,19.4,9.7,"59:54.0",1.108685804,0.475670968,0.534413271,0.098077589,"42:39.9",11,"good",21.7,2024-11-18,"2024-11-17","2024-11-17 21:25","2024-11-18 12:00","2024-11-18 21:24",18.39789667,"black",1,"NDG","3",-73.74,45.47,"PETI",2024,11,18,10.7,1.1,5.9,0.8,0,0,2024-11-18 21:42:00,2024-11-18 16:42:00
"635","end",10,90353,24,0,9.7,"59:55.3",1.164389345,0.502768456,0.737565322,0.104913024,"42:50.7",11,"good",21.7,2024-12-06,"2024-12-05","2024-12-05 21:14","2024-12-06 12:22","2024-12-06 21:14",28.51241167,"black",1,"BDU","3",-73.74,45.47,"PETI",2024,12,6,-4.1,-8.4,-6.2,0.2,1,53,2024-12-06 21:42:00,2024-12-06 16:42:00
"635","end",10,90353,44,0,9.7,"59:56.6",1.227627372,0.419896256,0.827128597,0.07699604,"42:13.3",11,"good",21.7,2024-12-26,"2024-12-25","2024-12-25 21:18","2024-12-26 12:35","2024-12-26 21:19",22.704425,"black",1,"BDU","3",-73.74,45.47,"PETI",2024,12,26,-7.5,-17.8,-12.7,0.2,7,0,2024-12-26 21:42:00,2024-12-26 16:42:00
"641","end",5,90359,50,9.7,9.7,"57:14.5",1.110810307,0.69807118,0.635290655,0.093170242,"42:04.5",12,"good",21.7,2025-01-03,"2025-01-02","2025-01-02 21:25","2025-01-03 12:36","2025-01-03 21:26",15.92490167,"black",1,"SDB","3",-73.74,45.47,"PETI",2025,1,3,-3.6,-9.7,-6.7,0.2,0,54,2025-01-03 21:42:00,2025-01-03 16:42:00
"641","end",5,90359,65,9.7,0,"31:10.4",1.494006417,0.681764931,0.859715361,0.120781438,"42:31.1",12,"good",21.7,2025-01-18,"2025-01-17","2025-01-17 21:42","2025-01-18 12:30","2025-01-18 21:43",-1.164665,"black",1,"SDB","3",-73.74,45.47,"PETI",2025,1,18,2.6,-1,0.8,3.2,6,38,2025-01-18 21:42:00,2025-01-18 16:42:00
"645","end",7,90363,8,0,9.7,"59:58.3",1.247671562,0.666238465,0.712916389,0.117775434,"42:34.5",12,"good",21.7,2024-11-22,"2024-11-21","2024-11-21 21:21","2024-11-22 12:06","2024-11-22 21:20",21.62425667,"black",1,"SDB","3",-73.74,45.47,"PETI",2024,11,22,7.7,3.7,5.7,4.1,0,57,2024-11-22 21:42:00,2024-11-22 16:42:00
"645","end",7,90363,11,9.7,0,"59:53.9",1.267071598,0.561260903,0.805892027,0.086392149,"42:49.5",12,"good",21.7,2024-11-25,"2024-11-24","2024-11-24 21:19","2024-11-25 12:09","2024-11-25 21:18",23.958215,"black",1,"SDB","3",-73.74,45.47,"PETI",2024,11,25,4.3,-1.5,1.4,0,0,32,2024-11-25 21:42:00,2024-11-25 16:42:00
"206","end",1,68906,37,0,0,"59:55.5",1.23011998,0.646099728,0.700371586,0.092740228,"43:04.2",1,"good",21.71666667,2022-11-17,"2022-11-16","2022-11-16 21:26","2022-11-17 11:58","2022-11-17 21:25",17.42079667,"black",1,"SDB","1",-73.74,45.47,"PETI",2022,11,17,-0.6,-5.8,-3.2,0,7,51,2022-11-17 21:43:00,2022-11-17 16:43:00
"206","end",1,68906,91,0,7.3,"59:57.1",1.210090301,0.421082791,0.574097614,0.072058902,"43:20.4",1,"good",21.71666667,2023-01-10,"2023-01-09","2023-01-09 21:31","2023-01-10 12:35","2023-01-10 21:33",10.257445,"black",1,"SDB","1",-73.74,45.47,"PETI",2023,1,10,-2.8,-10.2,-6.5,0.2,0,36,2023-01-10 21:43:00,2023-01-10 16:43:00
"207","end",2,68907,49,0,7.3,"59:53.7",1.444373828,0.591244423,0.84339273,0.107269683,"43:38.6",1,"good",21.71666667,2022-11-26,"2022-11-25","2022-11-25 21:19","2022-11-26 12:10","2022-11-26 21:18",25.11029167,"black",1,"SDB","1",-73.74,45.47,"PETI",2022,11,26,8.6,0.8,4.7,0,0,37,2022-11-26 21:43:00,2022-11-26 16:43:00
"207","end",2,68907,61,0,7.3,"59:56.1",1.534420314,0.498690878,0.965014932,0.099089705,"43:11.8",1,"good",21.71666667,2022-12-08,"2022-12-07","2022-12-07 21:14","2022-12-08 12:24","2022-12-08 21:14",29.08047667,"black",1,"SDB","1",-73.74,45.47,"PETI",2022,12,8,5.6,-2.3,1.6,0.2,0,0,2022-12-08 21:43:00,2022-12-08 16:43:00
"207","end",2,68907,90,0,0,"59:54.2",1.323901535,0.459594894,1.030402234,0.089279319,"43:24.5",1,"good",21.71666667,2023-01-06,"2023-01-05","2023-01-05 21:27","2023-01-06 12:36","2023-01-06 21:28",14.724895,"black",1,"SDB","1",-73.74,45.47,"PETI",2023,1,6,1.8,-4.3,-1.3,3.2,0,0,2023-01-06 21:43:00,2023-01-06 16:43:00
"207","end",2,68907,112,0,7.3,"39:03.1",1.467493436,0.573499914,1.056358187,0.145999176,"43:58.1",1,"good",21.71666667,2023-01-28,"2023-01-27","2023-01-27 21:55","2023-01-28 12:22","2023-01-28 21:56",-12.98156833,"black",1,"SDB","1",-73.74,45.47,"PETI",2023,1,28,3,-4,-0.5,1,34,57,2023-01-28 21:43:00,2023-01-28 16:43:00
"211","end",1,68911,1,7.3,7.3,"59:54.0",0.754921191,0.584389895,0.17819257,0.092235131,"43:46.3",2,"good",21.71666667,2022-10-17,"2022-10-16","2022-10-16 22:10","2022-10-17 11:15","2022-10-17 22:08",-25.14515167,"black",1,"SDB","1",-73.74,45.47,"PETI",2022,10,17,15.4,8.2,11.8,2.2,0,44,2022-10-17 21:43:00,2022-10-17 17:43:00
"211","end",1,68911,63,7.3,7.3,"07:00.4",1.136611207,0.744802261,0.471706772,0.108701354,"43:47.9",2,"good",21.71666667,2022-12-18,"2022-12-17","2022-12-17 21:14","2022-12-18 12:32","2022-12-18 21:15",28.58090333,"black",1,"SDB","1",-73.74,45.47,"PETI",2022,12,18,-0.5,-2.4,-1.4,0,28,0,2022-12-18 21:43:00,2022-12-18 16:43:00
"215","end",5,68915,56,0,7.3,"59:56.7",1.195091755,0.604543435,0.501641482,0.134376647,"43:27.1",2,"good",21.71666667,2022-12-20,"2022-12-19","2022-12-19 21:15","2022-12-20 12:33","2022-12-20 21:15",27.48509833,"black",1,"SDB","1",-73.74,45.47,"PETI",2022,12,20,-1.8,-5,-3.4,0,23,0,2022-12-20 21:43:00,2022-12-20 16:43:00
"217","end",2,68917,20,0,7.3,"59:57.5",1.325838715,0.538359423,0.888867736,0.102133745,"43:42.5",3,"good",21.71666667,2022-11-15,"2022-11-14","2022-11-14 21:28","2022-11-15 11:55","2022-11-15 21:27",16.07559834,"black",1,"SDB","1",-73.74,45.47,"PETI",2022,11,15,1.3,-3.9,-1.3,0,0,0,2022-11-15 21:43:00,2022-11-15 16:43:00
"217","end",2,68917,31,7.3,0,"59:58.3",1.461189448,0.478240173,0.862923386,0.090847451,"43:57.9",3,"good",21.71666667,2022-11-26,"2022-11-25","2022-11-25 21:19","2022-11-26 12:10","2022-11-26 21:18",25.43221167,"black",1,"SDB","1",-73.74,45.47,"PETI",2022,11,26,8.6,0.8,4.7,0,0,37,2022-11-26 21:43:00,2022-11-26 16:43:00
"217","end",2,68917,52,0,7.3,"00:00.0",1.471812914,0.361689928,1.003491555,0.07017107,"43:23.1",3,"good",21.71666667,2022-12-17,"2022-12-16","2022-12-16 21:14","2022-12-17 12:31","2022-12-17 21:14",28.468585,"black",1,"SDB","1",-73.74,45.47,"PETI",2022,12,17,-0.1,-0.6,-0.4,8.8,20,0,2022-12-17 21:43:00,2022-12-17 16:43:00
"219","end",4,68919,27,0,0,"59:55.8",1.388448368,0.580329356,0.833553956,0.107373713,"43:48.3",3,"good",21.71666667,2022-11-26,"2022-11-25","2022-11-25 21:19","2022-11-26 12:10","2022-11-26 21:18",25.27091833,"black",1,"SDB","1",-73.74,45.47,"PETI",2022,11,26,8.6,0.8,4.7,0,0,37,2022-11-26 21:43:00,2022-11-26 16:43:00
"219","end",4,68919,40,0,0,"59:55.1",1.341498901,0.424360864,0.928096733,0.074136803,"43:32.9",3,"good",21.71666667,2022-12-09,"2022-12-08","2022-12-08 21:14","2022-12-09 12:25","2022-12-09 21:14",29.515695,"black",1,"SDB","1",-73.74,45.47,"PETI",2022,12,9,-1.1,-9.1,-5.1,0.2,0,36,2022-12-09 21:43:00,2022-12-09 16:43:00
"220","end",5,68920,50,0,7.3,"59:54.5",1.304556668,0.562696248,0.796876327,0.146494581,"43:25.0",3,"good",21.71666667,2022-12-21,"2022-12-20","2022-12-20 21:15","2022-12-21 12:33","2022-12-21 21:16",27.01689,"black",1,"SDB","1",-73.74,45.47,"PETI",2022,12,21,1.5,-8.5,-3.5,0,21,36,2022-12-21 21:43:00,2022-12-21 16:43:00
"221","end",1,68921,79,29.2,36.5,"57:39.9",1.062355112,0.688549904,0.420038877,0.08320703,"43:05.6",4,"good",21.71666667,2023-01-20,"2023-01-19","2023-01-19 21:44","2023-01-20 12:29","2023-01-20 21:45",-2.640738332,"black",1,"SDB","1",-73.74,45.47,"PETI",2023,1,20,-1.4,-7,-4.2,3.3,22,40,2023-01-20 21:43:00,2023-01-20 16:43:00
"224","end",4,68924,23,7.3,7.3,"59:56.6",0.975896155,0.617877131,0.387803222,0.090622047,"43:05.0",4,"good",21.71666667,2022-11-26,"2022-11-25","2022-11-25 21:19","2022-11-26 12:10","2022-11-26 21:18",24.55057667,"black",1,"SDB","1",-73.74,45.47,"PETI",2022,11,26,8.6,0.8,4.7,0,0,37,2022-11-26 21:43:00,2022-11-26 16:43:00
"224","end",4,68924,35,7.3,0,"59:54.3",1.045539776,0.608902208,0.762393091,0.0918451,"43:24.7",4,"good",21.71666667,2022-12-08,"2022-12-07","2022-12-07 21:14","2022-12-08 12:24","2022-12-08 21:14",29.29492833,"black",1,"SDB","1",-73.74,45.47,"PETI",2022,12,8,5.6,-2.3,1.6,0.2,0,0,2022-12-08 21:43:00,2022-12-08 16:43:00
"224","end",4,68924,66,7.3,0,"59:54.2",1.082311667,0.531530866,0.644864614,0.08839489,"43:53.8",4,"good",21.71666667,2023-01-08,"2023-01-07","2023-01-07 21:29","2023-01-08 12:36","2023-01-08 21:30",13.06333333,"black",1,"SDB","1",-73.74,45.47,"PETI",2023,1,8,-3.1,-9,-6,0.2,0,31,2023-01-08 21:43:00,2023-01-08 16:43:00
"225","end",5,68925,1,0,7.3,"59:56.9",1.175254151,0.512787912,0.72972926,0.094385932,"43:34.5",4,"good",21.71666667,2022-11-09,"2022-11-08","2022-11-08 21:35","2022-11-09 11:47","2022-11-09 21:34",9.225736666,"black",1,"SDB","1",-73.74,45.47,"PETI",2022,11,9,8.9,-3.6,2.7,0,0,0,2022-11-09 21:43:00,2022-11-09 16:43:00
"225","end",5,68925,12,0,7.3,"59:55.0",1.268156079,0.712312093,0.682939553,0.126760187,"43:47.3",4,"good",21.71666667,2022-11-20,"2022-11-19","2022-11-19 21:23","2022-11-20 12:02","2022-11-20 21:22",20.83818333,"black",1,"SDB","1",-73.74,45.47,"PETI",2022,11,20,-1,-8.9,-4.9,0.2,5,68,2022-11-20 21:43:00,2022-11-20 16:43:00
"93","end",3,77870,10,19.35,9.68,"59:59.0",0.708749904,0.539589406,0.22191053,0.077898534,"43:13.6",5,"good",21.71666667,2023-11-07,"2023-11-06","2023-11-06 21:38","2023-11-07 11:44","2023-11-07 21:37",6.059741668,"black",1,"BDU","2",-73.74,45.47,"PETI",2023,11,7,11.4,-0.1,5.6,8.7,0,74,2023-11-07 21:43:00,2023-11-07 16:43:00
"93","end",3,77870,48,38.8,19.4,"59:51.3",1.459850253,0.520517333,0.883522896,0.074582422,"43:35.2",5,"good",21.71666667,2023-12-15,"2023-12-14","2023-12-14 21:14","2023-12-15 12:29","2023-12-15 21:14",29.203105,"black",1,"BDU","2",-73.74,45.47,"PETI",2023,12,15,8.1,2.6,5.4,0,1,46,2023-12-15 21:43:00,2023-12-15 16:43:00
"93","end",3,77870,54,0,0,"59:50.9",1.333543491,0.539916862,0.71114868,0.085342852,"43:44.6",5,"good",21.71666667,2023-12-21,"2023-12-20","2023-12-20 21:15","2023-12-21 12:33","2023-12-21 21:16",27.45942167,"black",1,"BDU","2",-73.74,45.47,"PETI",2023,12,21,-3.9,-9.2,-6.5,1,0,39,2023-12-21 21:43:00,2023-12-21 16:43:00
"93","end",3,77870,65,0,0,"59:53.5",1.317524261,0.658166715,0.722937861,0.1491444,"43:18.0",5,"good",21.71666667,2024-01-01,"2023-12-31","2023-12-31 21:22","2024-01-01 12:36","2024-01-01 21:23",19.68357,"black",1,"BDU","2",-73.74,45.47,"PETI",2024,1,1,-4.1,-7.5,-5.8,2.4,0,0,2024-01-01 21:43:00,2024-01-01 16:43:00
"93","end",3,77870,70,0,0,"59:56.4",1.186016346,0.690747465,0.496288793,0.097074334,"43:01.6",5,"good",21.71666667,2024-01-06,"2024-01-05","2024-01-05 21:27","2024-01-06 12:36","2024-01-06 21:28",14.60968833,"black",1,"BDU","2",-73.74,45.47,"PETI",2024,1,6,-2.7,-9.9,-6.3,1.5,0,40,2024-01-06 21:43:00,2024-01-06 16:43:00
"97","end",6,77874,47,0,9.7,"59:54.6",1.236802806,0.511614548,0.753583372,0.076829721,"43:28.9",5,"good",21.71666667,2023-12-16,"2023-12-15","2023-12-15 21:14","2023-12-16 12:30","2023-12-16 21:14",28.899045,"black",1,"SDB","2",-73.74,45.47,"PETI",2023,12,16,4.9,-1.5,1.7,1,0,0,2023-12-16 21:43:00,2023-12-16 16:43:00
"97","end",6,77874,55,0,9.7,"59:56.2",1.071389336,0.513356062,0.663839436,0.064081948,"43:01.5",5,"good",21.71666667,2023-12-24,"2023-12-23","2023-12-23 21:17","2023-12-24 12:35","2023-12-24 21:17",25.22466,"black",1,"SDB","2",-73.74,45.47,"PETI",2023,12,24,2.1,-1.5,0.3,0,0,0,2023-12-24 21:43:00,2023-12-24 16:43:00
"97","end",6,77874,63,0,9.7,"59:58.1",1.167318847,0.576845415,0.678541286,0.090061914,"43:51.8",5,"good",21.71666667,2024-01-01,"2023-12-31","2023-12-31 21:22","2024-01-01 12:36","2024-01-01 21:23",20.24718666,"black",1,"SDB","2",-73.74,45.47,"PETI",2024,1,1,-4.1,-7.5,-5.8,2.4,0,0,2024-01-01 21:43:00,2024-01-01 16:43:00
"99","end",8,77876,55,0,0,"59:55.1",0.967478134,0.584535349,0.562986323,0.09762345,"43:19.5",5,"good",21.71666667,2023-12-25,"2023-12-24","2023-12-24 21:17","2023-12-25 12:35","2023-12-25 21:18",24.92570666,"black",1,"SDB","2",-73.74,45.47,"PETI",2023,12,25,5.4,1.1,3.2,1.2,0,0,2023-12-25 21:43:00,2023-12-25 16:43:00
"102","end",3,77879,8,0,0,"59:59.7",1.274451629,0.502786203,0.81505023,0.101002427,"43:53.2",6,"good",21.71666667,2023-11-11,"2023-11-10","2023-11-10 21:33","2023-11-11 11:49","2023-11-11 21:32",11.60396167,"black",1,"SDB","2",-73.74,45.47,"PETI",2023,11,11,2.4,-1.1,0.7,0.2,0,0,2023-11-11 21:43:00,2023-11-11 16:43:00
"102","end",3,77879,49,0,9.7,"59:56.2",1.10580674,0.614024986,0.582408814,0.113144477,"43:40.0",6,"good",21.71666667,2023-12-22,"2023-12-21","2023-12-21 21:16","2023-12-22 12:34","2023-12-22 21:16",26.91631,"black",1,"SDB","2",-73.74,45.47,"PETI",2023,12,22,-4.1,-10.1,-7.1,2.2,0,0,2023-12-22 21:43:00,2023-12-22 16:43:00
"102","end",3,77879,62,0,9.7,"59:51.5",1.032536982,0.570254186,0.604598123,0.180640665,"43:35.3",6,"good",21.71666667,2024-01-04,"2024-01-03","2024-01-03 21:25","2024-01-04 12:36","2024-01-04 21:26",17.18826,"black",1,"SDB","2",-73.74,45.47,"PETI",2024,1,4,1.8,-11.4,-4.8,1.1,0,40,2024-01-04 21:43:00,2024-01-04 16:43:00
"104","end",5,77881,6,0,9.7,"59:56.8",1.173942252,0.651101105,0.749172635,0.146874527,"43:21.4",6,"good",21.71666667,2023-11-10,"2023-11-09","2023-11-09 21:34","2023-11-10 11:48","2023-11-10 21:33",9.907431666,"black",1,"SDB","2",-73.74,45.47,"PETI",2023,11,10,7.1,0.6,3.8,0.7,0,37,2023-11-10 21:43:00,2023-11-10 16:43:00
"104","end",5,77881,7,0,0,"59:52.7",0.860103813,0.532740029,0.344985603,0.065056867,"43:36.7",6,"good",21.71666667,2023-11-11,"2023-11-10","2023-11-10 21:33","2023-11-11 11:49","2023-11-11 21:32",11.32777167,"black",1,"SDB","2",-73.74,45.47,"PETI",2023,11,11,2.4,-1.1,0.7,0.2,0,0,2023-11-11 21:43:00,2023-11-11 16:43:00
"104","end",5,77881,16,0,9.7,"59:53.3",0.993373416,0.52347099,0.454594996,0.070538629,"43:47.1",6,"good",21.71666667,2023-11-20,"2023-11-19","2023-11-19 21:24","2023-11-20 12:02","2023-11-20 21:23",20.61762833,"black",1,"SDB","2",-73.74,45.47,"PETI",2023,11,20,0.3,-5.8,-2.8,1.5,0,0,2023-11-20 21:43:00,2023-11-20 16:43:00
"104","end",5,77881,51,9.7,0,"59:56.7",1.221690549,0.484770991,0.692521869,0.06781909,"43:11.7",6,"good",21.71666667,2023-12-25,"2023-12-24","2023-12-24 21:17","2023-12-25 12:35","2023-12-25 21:18",24.79447333,"black",1,"SDB","2",-73.74,45.47,"PETI",2023,12,25,5.4,1.1,3.2,1.2,0,0,2023-12-25 21:43:00,2023-12-25 16:43:00
"109","end",10,77886,5,0,9.6,"59:54.9",1.006692408,0.468379965,0.57998075,0.071063739,"43:58.2",6,"good",21.71666667,2023-11-15,"2023-11-14","2023-11-14 21:28","2023-11-15 11:55","2023-11-15 21:27",16.07080667,"black",1,"BDU","2",-73.74,45.47,"PETI",2023,11,15,10,1.1,5.5,0.8,0,0,2023-11-15 21:43:00,2023-11-15 16:43:00
"109","end",10,77886,45,0,9.7,"59:50.4",0.953933279,0.43213518,0.577903153,0.085696726,"43:04.9",6,"good",21.71666667,2023-12-25,"2023-12-24","2023-12-24 21:17","2023-12-25 12:35","2023-12-25 21:18",24.68224833,"black",1,"BDU","2",-73.74,45.47,"PETI",2023,12,25,5.4,1.1,3.2,1.2,0,0,2023-12-25 21:43:00,2023-12-25 16:43:00
"109","end",10,77886,47,0,9.7,"59:54.0",0.966243824,0.48245678,0.528485385,0.088338262,"43:37.7",6,"good",21.71666667,2023-12-27,"2023-12-26","2023-12-26 21:19","2023-12-27 12:36","2023-12-27 21:19",23.92851167,"black",1,"BDU","2",-73.74,45.47,"PETI",2023,12,27,4.3,1.1,2.7,2.9,0,0,2023-12-27 21:43:00,2023-12-27 16:43:00
"111","end",2,77888,29,9.7,9.7,"59:53.4",1.180993902,0.620298528,0.644608343,0.128598871,"43:18.1",7,"good",21.71666667,2023-12-12,"2023-12-11","2023-12-11 21:13","2023-12-12 12:27","2023-12-12 21:14",29.28531333,"black",1,"SDB","2",-73.74,45.47,"PETI",2023,12,12,4.3,-5.4,-0.5,0.4,2,42,2023-12-12 21:43:00,2023-12-12 16:43:00
"111","end",2,77888,31,9.7,9.7,"58:35.8",1.121812575,0.615188693,0.598204231,0.092620268,"43:37.5",7,"good",21.71666667,2023-12-14,"2023-12-13","2023-12-13 21:14","2023-12-14 12:29","2023-12-14 21:14",29.408295,"black",1,"SDB","2",-73.74,45.47,"PETI",2023,12,14,2.8,-7.5,-2.3,0.8,1,37,2023-12-14 21:43:00,2023-12-14 16:43:00
"111","end",2,77888,33,0,9.7,"59:53.3",1.06849875,0.573924256,0.586407181,0.100858639,"43:08.3",7,"good",21.71666667,2023-12-16,"2023-12-15","2023-12-15 21:14","2023-12-16 12:30","2023-12-16 21:14",28.55504833,"black",1,"SDB","2",-73.74,45.47,"PETI",2023,12,16,4.9,-1.5,1.7,1,0,0,2023-12-16 21:43:00,2023-12-16 16:43:00
"111","end",2,77888,53,0,9.7,"59:52.4",1.126722045,0.554044951,0.538602319,0.106209388,"43:17.1",7,"good",21.71666667,2024-01-05,"2024-01-04","2024-01-04 21:26","2024-01-05 12:36","2024-01-05 21:27",15.90142334,"black",1,"SDB","2",-73.74,45.47,"PETI",2024,1,5,-1.2,-12.5,-6.9,0,0,31,2024-01-05 21:43:00,2024-01-05 16:43:00
"111","end",2,77888,58,9.7,9.7,"59:56.8",1.29959432,0.680014445,0.646661092,0.147315301,"43:40.9",7,"good",21.71666667,2024-01-10,"2024-01-09","2024-01-09 21:31","2024-01-10 12:35","2024-01-10 21:32",10.89832833,"black",1,"SDB","2",-73.74,45.47,"PETI",2024,1,10,6.4,-2.6,1.9,12.6,14,60,2024-01-10 21:43:00,2024-01-10 16:43:00
"118","end",9,77895,42,9.7,9.7,"51:43.7",1.124471705,0.661138517,0.448394769,0.086177382,"43:52.1",7,"good",21.71666667,2023-11-22,"2023-11-21","2023-11-21 21:22","2023-11-22 12:05","2023-11-22 21:21",22.35147,"black",1,"SDB","2",-73.74,45.47,"PETI",2023,11,22,6.3,1.2,3.8,11,0,38,2023-11-22 21:43:00,2023-11-22 16:43:00
"118","end",9,77895,50,0,9.7,"59:59.9",0.8394693,0.629421734,0.249848156,0.09037166,"43:24.6",7,"good",21.71666667,2023-11-30,"2023-11-29","2023-11-29 21:17","2023-11-30 12:15","2023-11-30 21:16",26.89285833,"black",1,"SDB","2",-73.74,45.47,"PETI",2023,11,30,6.9,-0.1,3.4,0,0,43,2023-11-30 21:43:00,2023-11-30 16:43:00
"123","end",3,77899,64,19.4,9.7,"59:56.3",1.155595957,0.648926403,0.617313173,0.071977162,"43:01.3",8,"good",21.71666667,2023-12-21,"2023-12-20","2023-12-20 21:15","2023-12-21 12:33","2023-12-21 21:16",26.73863167,"black",1,"SDB","2",-73.74,45.47,"PETI",2023,12,21,-3.9,-9.2,-6.5,1,0,39,2023-12-21 21:43:00,2023-12-21 16:43:00
"124","end",4,77900,39,0,0,"59:58.3",1.048639007,0.660880549,0.542180056,0.099159114,"43:13.1",8,"good",21.71666667,2023-11-26,"2023-11-25","2023-11-25 21:19","2023-11-26 12:10","2023-11-26 21:18",24.51835833,"black",1,"SDB","2",-73.74,45.47,"PETI",2023,11,26,4.9,-1.5,1.7,8.6,0,43,2023-11-26 21:43:00,2023-11-26 16:43:00
"124","end",4,77900,42,9.7,0,"49:19.4",1.329360831,0.674645558,0.772855009,0.097428284,"43:22.3",8,"good",21.71666667,2023-11-29,"2023-11-28","2023-11-28 21:17","2023-11-29 12:13","2023-11-29 21:17",26.37232,"black",1,"SDB","2",-73.74,45.47,"PETI",2023,11,29,0.8,-7.9,-3.6,1,0,47,2023-11-29 21:43:00,2023-11-29 16:43:00
"127","end",7,77903,30,9.7,67.89,"59:55.5",0.84532198,0.545192243,0.474981036,0.130132647,"43:10.5",8,"good",21.71666667,2023-11-18,"2023-11-17","2023-11-17 21:25","2023-11-18 11:59","2023-11-18 21:24",18.22533167,"black",1,"SDB","2",-73.74,45.47,"PETI",2023,11,18,3.8,0.9,2.4,0.9,0,33,2023-11-18 21:43:00,2023-11-18 16:43:00
"127","end",7,77903,32,0,9.7,"59:55.5",0.849350026,0.485895168,0.400660529,0.104006986,"43:59.0",8,"good",21.71666667,2023-11-20,"2023-11-19","2023-11-19 21:24","2023-11-20 12:02","2023-11-20 21:23",20.81679667,"black",1,"SDB","2",-73.74,45.47,"PETI",2023,11,20,0.3,-5.8,-2.8,1.5,0,0,2023-11-20 21:43:00,2023-11-20 16:43:00
"127","end",7,77903,134,0,9.7,"41:15.3",1.202360687,0.7242362,0.683486933,0.273614104,"43:42.5",8,"good",21.71666667,2024-03-01,"2024-02-29","2024-02-29 22:42","2024-03-01 11:34","2024-03-01 22:44",-60.42570333,"black",1,"SDB","2",-73.74,45.47,"PETI",2024,3,1,0.1,-12.3,-6.1,0.6,0,0,2024-03-01 21:43:00,2024-03-01 16:43:00
"608","end",3,90326,29,0,9.7,"59:58.0",0.865705562,0.367067431,0.473367963,0.044056454,"43:22.7",9,"good",21.71666667,2024-11-20,"2024-11-19","2024-11-19 21:23","2024-11-20 12:03","2024-11-20 21:22",20.84436833,"black",1,"BDU","3",-73.74,45.47,"PETI",2024,11,20,8,3.7,5.9,0,0,35,2024-11-20 21:43:00,2024-11-20 16:43:00
"608","end",3,90326,35,0,9.7,"59:59.4",1.214653439,0.411045364,0.673195379,0.058485814,"43:43.5",9,"good",21.71666667,2024-11-26,"2024-11-25","2024-11-25 21:18","2024-11-26 12:11","2024-11-26 21:18",25.47486,"black",1,"BDU","3",-73.74,45.47,"PETI",2024,11,26,5.1,-1,2.1,5.7,0,35,2024-11-26 21:43:00,2024-11-26 16:43:00
"608","end",3,90326,70,0,9.7,"59:52.1",0.994532119,0.321914016,0.674110825,0.043256754,"43:07.0",9,"good",21.71666667,2024-12-31,"2024-12-30","2024-12-30 21:22","2024-12-31 12:36","2024-12-31 21:23",19.71747,"black",1,"BDU","3",-73.74,45.47,"PETI",2024,12,31,6.3,1.8,4.1,0,0,39,2024-12-31 21:43:00,2024-12-31 16:43:00
"608","end",3,90326,78,0,0,"59:53.2",0.908051082,0.454819349,0.666168967,0.086405489,"43:47.0",9,"good",21.71666667,2025-01-08,"2025-01-07","2025-01-07 21:30","2025-01-08 12:35","2025-01-08 21:31",12.41588667,"black",1,"BDU","3",-73.74,45.47,"PETI",2025,1,8,-11.1,-14.2,-12.7,1.7,0,43,2025-01-08 21:43:00,2025-01-08 16:43:00
"617","end",2,90335,83,9.7,0,"59:51.4",0.995722488,0.459890618,0.766017025,0.096633943,"43:45.6",10,"good",21.71666667,2025-01-15,"2025-01-14","2025-01-14 21:38","2025-01-15 12:32","2025-01-15 21:39",3.993034999,"black",1,"BDU","3",-73.74,45.47,"PETI",2025,1,15,-5.5,-12.2,-8.9,0.2,7,31,2025-01-15 21:43:00,2025-01-15 16:43:00
"617","end",2,90335,89,0,0,"59:52.2",1.033406863,0.452722453,0.822153767,0.098956632,"43:07.6",10,"good",21.71666667,2025-01-21,"2025-01-20","2025-01-20 21:46","2025-01-21 12:28","2025-01-21 21:47",-4.623120002,"black",1,"BDU","3",-73.74,45.47,"PETI",2025,1,21,-10.5,-15.8,-13.1,0,5,33,2025-01-21 21:43:00,2025-01-21 16:43:00
"620","end",4,90338,25,0.1,9.6,"59:55.4",0.786748581,0.664581025,0.199626215,0.083286607,"43:58.9",10,"good",21.71666667,2024-11-22,"2024-11-21","2024-11-21 21:21","2024-11-22 12:06","2024-11-22 21:20",23.03218333,"black",1,"BDU","3",-73.74,45.47,"PETI",2024,11,22,7.7,3.7,5.7,4.1,0,57,2024-11-22 21:43:00,2024-11-22 16:43:00
"626","end",1,90344,1,19.4,9.7,"59:54.5",0.667288499,0.546313103,0.24633999,0.058934257,"43:09.4",11,"good",21.71666667,2024-11-03,"2024-11-02","2024-11-02 21:42","2024-11-03 11:39","2024-11-03 21:41",1.673930001,"black",1,"NDG","3",-73.74,45.47,"PETI",2024,11,3,5.6,-5.2,0.2,0,0,0,2024-11-03 21:43:00,2024-11-03 16:43:00
"627","end",2,90345,40,0,9.7,"59:51.0",1.034879952,0.683938732,0.302735908,0.109563537,"43:05.8",11,"good",21.71666667,2024-12-12,"2024-12-11","2024-12-11 21:14","2024-12-12 12:28","2024-12-12 21:14",29.02953833,"black",1,"BDU","3",-73.74,45.47,"PETI",2024,12,12,1.9,-7.2,-2.6,0,0,63,2024-12-12 21:43:00,2024-12-12 16:43:00
"630","end",5,90348,6,9.7,9.7,"59:57.1",1.041101258,0.675651345,0.423010237,0.107928919,"43:02.2",11,"good",21.71666667,2024-11-12,"2024-11-11","2024-11-11 21:31","2024-11-12 11:52","2024-11-12 21:30",12.72065667,"black",1,"BDU","3",-73.74,45.47,"PETI",2024,11,12,6.7,-1.4,2.6,0,0,45,2024-11-12 21:43:00,2024-11-12 16:43:00
"630","end",5,90348,12,9.7,0,"59:53.6",0.951958167,0.638519611,0.421786759,0.107346533,"43:47.3",11,"good",21.71666667,2024-11-18,"2024-11-17","2024-11-17 21:25","2024-11-18 12:00","2024-11-18 21:24",19.52204,"black",1,"BDU","3",-73.74,45.47,"PETI",2024,11,18,10.7,1.1,5.9,0.8,0,0,2024-11-18 21:43:00,2024-11-18 16:43:00
"630","end",5,90348,19,0,9.7,"59:55.8",0.938555097,0.542295386,0.322811277,0.067330412,"43:49.5",11,"good",21.71666667,2024-11-25,"2024-11-24","2024-11-24 21:19","2024-11-25 12:09","2024-11-25 21:18",24.95812167,"black",1,"BDU","3",-73.74,45.47,"PETI",2024,11,25,4.3,-1.5,1.4,0,0,32,2024-11-25 21:43:00,2024-11-25 16:43:00
"631","end",6,90349,12,0,9.7,"59:59.0",0.97729304,0.602155797,0.487143369,0.079150699,"43:14.6",11,"good",21.71666667,2024-11-23,"2024-11-22","2024-11-22 21:20","2024-11-23 12:07","2024-11-23 21:20",23.02624667,"black",1,"BDU","3",-73.74,45.47,"PETI",2024,11,23,7.3,4,5.7,0,0,36,2024-11-23 21:43:00,2024-11-23 16:43:00
"631","end",6,90349,59,0,9.7,"59:55.3",1.165266593,0.530505115,0.863859353,0.071500754,"43:39.7",11,"good",21.71666667,2025-01-09,"2025-01-08","2025-01-08 21:31","2025-01-09 12:35","2025-01-09 21:32",11.17764666,"black",1,"BDU","3",-73.74,45.47,"PETI",2025,1,9,-6.1,-11.8,-9,0.2,3,50,2025-01-09 21:43:00,2025-01-09 16:43:00
"634","end",9,90352,37,9.7,9.7,"59:56.4",0.652661107,0.568576902,0.176685317,0.087939575,"43:11.4",11,"good",21.71666667,2024-12-19,"2024-12-18","2024-12-18 21:15","2024-12-19 12:33","2024-12-19 21:15",27.44050333,"black",1,"NDG","3",-73.74,45.47,"PETI",2024,12,19,0.9,-9.3,-4.2,0.2,0,36,2024-12-19 21:43:00,2024-12-19 16:43:00
"641","end",5,90359,74,19.4,795.29,"54:21.9",1.362262449,0.753346689,0.618520856,0.131085229,"43:45.4",12,"good",21.71666667,2025-01-27,"2025-01-26","2025-01-26 21:54","2025-01-27 12:23","2025-01-27 21:56",-12.4427,"black",1,"SDB","3",-73.74,45.47,"PETI",2025,1,27,2.1,-5.3,-1.6,1,8,75,2025-01-27 21:43:00,2025-01-27 16:43:00
"645","end",7,90363,4,0,0,"59:57.5",1.191962817,0.603909445,0.674406995,0.097365367,"43:02.7",12,"good",21.71666667,2024-11-18,"2024-11-17","2024-11-17 21:25","2024-11-18 12:00","2024-11-18 21:24",18.77850333,"black",1,"SDB","3",-73.74,45.47,"PETI",2024,11,18,10.7,1.1,5.9,0.8,0,0,2024-11-18 21:43:00,2024-11-18 16:43:00
"645","end",7,90363,5,0,9.7,"59:52.8",1.307969363,0.509914687,0.907315224,0.083905262,"43:36.9",12,"good",21.71666667,2024-11-19,"2024-11-18","2024-11-18 21:24","2024-11-19 12:02","2024-11-19 21:23",20.23138833,"black",1,"SDB","3",-73.74,45.47,"PETI",2024,11,19,10.9,0.9,5.9,0,0,0,2024-11-19 21:43:00,2024-11-19 16:43:00
"645","end",7,90363,6,0,9.7,"59:57.9",1.26241699,0.605012906,0.790187433,0.09854154,"43:03.1",12,"good",21.71666667,2024-11-20,"2024-11-19","2024-11-19 21:23","2024-11-20 12:03","2024-11-20 21:22",20.51917167,"black",1,"SDB","3",-73.74,45.47,"PETI",2024,11,20,8,3.7,5.9,0,0,35,2024-11-20 21:43:00,2024-11-20 16:43:00
"206","end",1,68906,92,0,7.3,"59:54.4",1.259418412,0.461480814,0.878507807,0.05869645,"44:16.1",1,"good",21.73333333,2023-01-11,"2023-01-10","2023-01-10 21:33","2023-01-11 12:35","2023-01-11 21:34",10.018685,"black",1,"SDB","1",-73.74,45.47,"PETI",2023,1,11,-7.8,-12.4,-10.1,0.2,0,0,2023-01-11 21:44:00,2023-01-11 16:44:00
"206","end",1,68906,101,7.3,0,"59:57.7",1.179797249,0.763362046,0.530041631,0.128074386,"44:55.9",1,"good",21.73333333,2023-01-20,"2023-01-19","2023-01-19 21:44","2023-01-20 12:29","2023-01-20 21:45",-0.801364998,"black",1,"SDB","1",-73.74,45.47,"PETI",2023,1,20,-1.4,-7,-4.2,3.3,22,40,2023-01-20 21:44:00,2023-01-20 16:44:00
"207","end",2,68907,97,7.3,7.3,"59:55.8",1.420577599,0.539773915,1.016209143,0.080964351,"44:24.5",1,"good",21.73333333,2023-01-13,"2023-01-12","2023-01-12 21:35","2023-01-13 12:34","2023-01-13 21:36",7.741383334,"black",1,"SDB","1",-73.74,45.47,"PETI",2023,1,13,-0.9,-5.2,-3,8.8,10,34,2023-01-13 21:44:00,2023-01-13 16:44:00
"207","end",2,68907,102,7.3,7.3,"59:56.5",1.261096884,0.451781006,0.887096931,0.063245315,"44:39.8",1,"good",21.73333333,2023-01-18,"2023-01-17","2023-01-17 21:41","2023-01-18 12:31","2023-01-18 21:43",1.613554998,"black",1,"SDB","1",-73.74,45.47,"PETI",2023,1,18,1.8,-4.3,-1.3,1.6,18,0,2023-01-18 21:44:00,2023-01-18 16:44:00
"207","end",2,68907,111,7.3,7.3,"59:58.4",1.34550703,0.486240055,1.05814418,0.128892742,"44:41.7",1,"good",21.73333333,2023-01-27,"2023-01-26","2023-01-26 21:54","2023-01-27 12:23","2023-01-27 21:55",-10.82164167,"black",1,"SDB","1",-73.74,45.47,"PETI",2023,1,27,-1.5,-12.3,-6.9,0.7,32,0,2023-01-27 21:44:00,2023-01-27 16:44:00
"211","end",1,68911,35,7.3,7.3,"59:56.1",1.097747205,0.748574835,0.350764616,0.105357899,"44:17.8",2,"good",21.73333333,2022-11-20,"2022-11-19","2022-11-19 21:23","2022-11-20 12:02","2022-11-20 21:22",21.34612833,"black",1,"SDB","1",-73.74,45.47,"PETI",2022,11,20,-1,-8.9,-4.9,0.2,5,68,2022-11-20 21:44:00,2022-11-20 16:44:00
"213","end",3,68913,64,0,7.3,"48:54.8",1.525711598,0.465407867,0.907357144,0.094820881,"44:35.2",2,"good",21.73333333,2022-12-25,"2022-12-24","2022-12-24 21:17","2022-12-25 12:35","2022-12-25 21:18",26.01953,"black",1,"SDB","1",-73.74,45.47,"PETI",2022,12,25,-3.3,-7.6,-5.4,0.5,10,59,2022-12-25 21:44:00,2022-12-25 16:44:00
"217","end",2,68917,60,7.3,0,"48:58.1",1.493374633,0.489207707,0.976142769,0.154072197,"44:09.3",3,"good",21.73333333,2022-12-25,"2022-12-24","2022-12-24 21:17","2022-12-25 12:35","2022-12-25 21:18",25.58776,"black",1,"SDB","1",-73.74,45.47,"PETI",2022,12,25,-3.3,-7.6,-5.4,0.5,10,59,2022-12-25 21:44:00,2022-12-25 16:44:00
"217","end",2,68917,73,0,7.3,"59:54.1",1.090456723,0.386044015,0.784175088,0.078647258,"44:52.2",3,"good",21.73333333,2023-01-07,"2023-01-06","2023-01-06 21:28","2023-01-07 12:36","2023-01-07 21:29",15.13594,"black",1,"SDB","1",-73.74,45.47,"PETI",2023,1,7,0.3,-8,-3.9,0.2,0,33,2023-01-07 21:44:00,2023-01-07 16:44:00
"219","end",4,68919,49,7.3,0,"59:54.1",1.389370954,0.490251011,0.904949426,0.102953048,"44:08.5",3,"good",21.73333333,2022-12-18,"2022-12-17","2022-12-17 21:14","2022-12-18 12:32","2022-12-18 21:15",28.92424666,"black",1,"SDB","1",-73.74,45.47,"PETI",2022,12,18,-0.5,-2.4,-1.4,0,28,0,2022-12-18 21:44:00,2022-12-18 16:44:00
"220","end",5,68920,16,0,7.3,"59:53.1",1.437809535,0.651043889,0.90338491,0.132483322,"44:58.5",3,"good",21.73333333,2022-11-17,"2022-11-16","2022-11-16 21:26","2022-11-17 11:58","2022-11-17 21:25",19.32518,"black",1,"SDB","1",-73.74,45.47,"PETI",2022,11,17,-0.6,-5.8,-3.2,0,7,51,2022-11-17 21:44:00,2022-11-17 16:44:00
"221","end",1,68921,13,0,0,"59:55.7",0.935822858,0.324100488,0.534378857,0.035078062,"44:39.1",4,"good",21.73333333,2022-11-15,"2022-11-14","2022-11-14 21:28","2022-11-15 11:55","2022-11-15 21:27",17.017885,"black",1,"SDB","1",-73.74,45.47,"PETI",2022,11,15,1.3,-3.9,-1.3,0,0,0,2022-11-15 21:44:00,2022-11-15 16:44:00
"221","end",1,68921,14,7.3,0,"59:55.2",0.979653116,0.397384917,0.680188624,0.044085969,"44:16.7",4,"good",21.73333333,2022-11-16,"2022-11-15","2022-11-15 21:27","2022-11-16 11:57","2022-11-16 21:26",17.661295,"black",1,"SDB","1",-73.74,45.47,"PETI",2022,11,16,0.7,-0.8,-0.1,9.9,0,33,2022-11-16 21:44:00,2022-11-16 16:44:00
"221","end",1,68921,19,0,7.3,"59:59.8",1.043439996,0.57413681,0.50471159,0.111322046,"43:59.1",4,"good",21.73333333,2022-11-21,"2022-11-20","2022-11-20 21:22","2022-11-21 12:04","2022-11-21 21:22",21.86792334,"black",1,"SDB","1",-73.74,45.47,"PETI",2022,11,21,4.2,-9.7,-2.8,0,4,56,2022-11-21 21:44:00,2022-11-21 16:44:00
"224","end",4,68924,51,0,7.3,"59:57.8",1.317979256,0.62993207,0.782917001,0.126415801,"44:55.8",4,"good",21.73333333,2022-12-24,"2022-12-23","2022-12-23 21:17","2022-12-24 12:35","2022-12-24 21:17",26.98016,"black",1,"SDB","1",-73.74,45.47,"PETI",2022,12,24,-7,-9.7,-8.4,0.2,11,74,2022-12-24 21:44:00,2022-12-24 16:44:00
"225","end",5,68925,9,0,7.3,"59:54.4",1.43220244,0.637988506,0.792904031,0.124591772,"44:08.5",4,"good",21.73333333,2022-11-17,"2022-11-16","2022-11-16 21:26","2022-11-17 11:58","2022-11-17 21:25",18.492445,"black",1,"SDB","1",-73.74,45.47,"PETI",2022,11,17,-0.6,-5.8,-3.2,0,7,51,2022-11-17 21:44:00,2022-11-17 16:44:00
"225","end",5,68925,21,0,7.3,"59:54.0",1.386319815,0.540450453,0.871983612,0.108481701,"44:22.8",4,"good",21.73333333,2022-11-29,"2022-11-28","2022-11-28 21:17","2022-11-29 12:14","2022-11-29 21:16",27.512755,"black",1,"SDB","1",-73.74,45.47,"PETI",2022,11,29,1.5,-2,-0.2,0,0,31,2022-11-29 21:44:00,2022-11-29 16:44:00
"225","end",5,68925,26,7.3,0,"59:53.7",1.23086145,0.471383537,0.75495038,0.110448792,"44:22.5",4,"good",21.73333333,2022-12-04,"2022-12-03","2022-12-03 21:15","2022-12-04 12:19","2022-12-04 21:14",29.45844167,"black",1,"SDB","1",-73.74,45.47,"PETI",2022,12,4,1.1,-5.1,-2,0.2,0,43,2022-12-04 21:44:00,2022-12-04 16:44:00
"225","end",5,68925,28,0,7.3,"59:53.4",1.11460299,0.542589988,0.709288095,0.08608645,"44:58.7",4,"good",21.73333333,2022-12-06,"2022-12-05","2022-12-05 21:14","2022-12-06 12:22","2022-12-06 21:14",30.544885,"black",1,"SDB","1",-73.74,45.47,"PETI",2022,12,6,8.2,2.7,5.5,15.2,0,33,2022-12-06 21:44:00,2022-12-06 16:44:00
"225","end",5,68925,46,7.3,0,"59:58.5",1.615451465,0.876196122,0.74940991,0.185582903,"44:19.9",4,"good",21.73333333,2022-12-24,"2022-12-23","2022-12-23 21:17","2022-12-24 12:35","2022-12-24 21:17",26.38200167,"black",1,"SDB","1",-73.74,45.47,"PETI",2022,12,24,-7,-9.7,-8.4,0.2,11,74,2022-12-24 21:44:00,2022-12-24 16:44:00
"225","end",5,68925,51,0,7.3,"32:57.2",1.460530985,0.394802388,0.790015459,0.056161675,"44:55.5",4,"good",21.73333333,2022-12-29,"2022-12-28","2022-12-28 21:20","2022-12-29 12:36","2022-12-29 21:21",23.57564167,"black",1,"SDB","1",-73.74,45.47,"PETI",2022,12,29,6.1,-2.9,1.6,0.5,18,0,2022-12-29 21:44:00,2022-12-29 16:44:00
"93","end",3,77870,21,0,9.7,"59:52.7",1.286607097,0.486002046,0.79152403,0.062427968,"44:34.8",5,"good",21.73333333,2023-11-18,"2023-11-17","2023-11-17 21:25","2023-11-18 11:59","2023-11-18 21:24",19.62990834,"black",1,"BDU","2",-73.74,45.47,"PETI",2023,11,18,3.8,0.9,2.4,0.9,0,33,2023-11-18 21:44:00,2023-11-18 16:44:00
"97","end",6,77874,26,0,9.7,"59:54.6",1.217051535,0.512985015,0.795596618,0.108902223,"44:46.6",5,"good",21.73333333,2023-11-25,"2023-11-24","2023-11-24 21:20","2023-11-25 12:08","2023-11-25 21:19",25.4263,"black",1,"SDB","2",-73.74,45.47,"PETI",2023,11,25,3.5,-8.4,-2.5,1.7,0,38,2023-11-25 21:44:00,2023-11-25 16:44:00
"97","end",6,77874,27,9.7,0,"59:59.7",1.001805594,0.52813509,0.561476728,0.081860265,"44:22.6",5,"good",21.73333333,2023-11-26,"2023-11-25","2023-11-25 21:19","2023-11-26 12:10","2023-11-26 21:18",25.67650834,"black",1,"SDB","2",-73.74,45.47,"PETI",2023,11,26,4.9,-1.5,1.7,8.6,0,43,2023-11-26 21:44:00,2023-11-26 16:44:00
"97","end",6,77874,43,19.4,19.4,"59:53.7",1.295595121,0.619389438,0.653938183,0.104992606,"44:16.6",5,"good",21.73333333,2023-12-12,"2023-12-11","2023-12-11 21:13","2023-12-12 12:27","2023-12-12 21:14",30.259695,"black",1,"SDB","2",-73.74,45.47,"PETI",2023,12,12,4.3,-5.4,-0.5,0.4,2,42,2023-12-12 21:44:00,2023-12-12 16:44:00
"97","end",6,77874,48,0,9.7,"59:59.7",1.028393043,0.566384418,0.594586829,0.091569153,"44:22.5",5,"good",21.73333333,2023-12-17,"2023-12-16","2023-12-16 21:14","2023-12-17 12:31","2023-12-17 21:14",29.54207667,"black",1,"SDB","2",-73.74,45.47,"PETI",2023,12,17,8.4,-0.6,3.9,13.8,0,47,2023-12-17 21:44:00,2023-12-17 16:44:00
"99","end",8,77876,10,0,0,"59:56.7",1.041614438,0.693748685,0.570476843,0.159716274,"44:48.4",5,"good",21.73333333,2023-11-10,"2023-11-09","2023-11-09 21:34","2023-11-10 11:48","2023-11-10 21:33",11.35714833,"black",1,"SDB","2",-73.74,45.47,"PETI",2023,11,10,7.1,0.6,3.8,0.7,0,37,2023-11-10 21:44:00,2023-11-10 16:44:00
"99","end",8,77876,11,0,0,"59:54.1",0.961965089,0.574633438,0.458517938,0.099406533,"44:26.5",5,"good",21.73333333,2023-11-11,"2023-11-10","2023-11-10 21:33","2023-11-11 11:49","2023-11-11 21:32",12.157885,"black",1,"SDB","2",-73.74,45.47,"PETI",2023,11,11,2.4,-1.1,0.7,0.2,0,0,2023-11-11 21:44:00,2023-11-11 16:44:00
"99","end",8,77876,13,9.7,0,"59:58.7",1.085750647,0.560878265,0.531781553,0.092036869,"44:21.3",5,"good",21.73333333,2023-11-13,"2023-11-12","2023-11-12 21:31","2023-11-13 11:52","2023-11-13 21:30",14.33880833,"black",1,"SDB","2",-73.74,45.47,"PETI",2023,11,13,1.4,-5.8,-2.2,0.7,0,0,2023-11-13 21:44:00,2023-11-13 16:44:00
"109","end",10,77886,41,0,9.7,"59:59.1",1.014881247,0.430697406,0.651152194,0.079836979,"44:41.2",6,"good",21.73333333,2023-12-21,"2023-12-20","2023-12-20 21:15","2023-12-21 12:33","2023-12-21 21:16",28.40366167,"black",1,"BDU","2",-73.74,45.47,"PETI",2023,12,21,-3.9,-9.2,-6.5,1,0,39,2023-12-21 21:44:00,2023-12-21 16:44:00
"109","end",10,77886,46,0,9.7,"59:57.0",0.959254359,0.49702862,0.503414473,0.079150211,"44:29.3",6,"good",21.73333333,2023-12-26,"2023-12-25","2023-12-25 21:18","2023-12-26 12:35","2023-12-26 21:19",25.45420833,"black",1,"BDU","2",-73.74,45.47,"PETI",2023,12,26,7.2,3.1,5.1,1,0,0,2023-12-26 21:44:00,2023-12-26 16:44:00
"116","end",7,77893,29,0,9.7,"59:55.2",1.046585276,0.56720364,0.577306481,0.069001419,"44:27.7",7,"good",21.73333333,2023-12-21,"2023-12-20","2023-12-20 21:15","2023-12-21 12:33","2023-12-21 21:16",28.17762667,"black",1,"SDB","2",-73.74,45.47,"PETI",2023,12,21,-3.9,-9.2,-6.5,1,0,39,2023-12-21 21:44:00,2023-12-21 16:44:00
"121","end",2,77898,38,9.7,48.49,"59:53.2",1.271644231,0.651287711,0.536533602,0.08222103,"44:44.9",8,"good",21.73333333,2023-11-24,"2023-11-23","2023-11-23 21:20","2023-11-24 12:07","2023-11-24 21:20",24.71547333,"black",1,"BDU","2",-73.74,45.47,"PETI",2023,11,24,1.7,-8.1,-3.2,1,0,42,2023-11-24 21:44:00,2023-11-24 16:44:00
"123","end",3,77899,78,0,9.7,"59:57.5",1.219856327,0.735972917,0.561795841,0.176263209,"44:49.2",8,"good",21.73333333,2024-01-04,"2024-01-03","2024-01-03 21:25","2024-01-04 12:36","2024-01-04 21:26",18.41946167,"black",1,"SDB","2",-73.74,45.47,"PETI",2024,1,4,1.8,-11.4,-4.8,1.1,0,40,2024-01-04 21:44:00,2024-01-04 16:44:00
"124","end",4,77900,41,29.1,9.7,"59:51.5",1.2041548,0.676699224,0.686805783,0.129143635,"44:33.7",8,"good",21.73333333,2023-11-28,"2023-11-27","2023-11-27 21:18","2023-11-28 12:12","2023-11-28 21:17",27.04420333,"black",1,"SDB","2",-73.74,45.47,"PETI",2023,11,28,0.6,-5.3,-2.4,0.2,0,51,2023-11-28 21:44:00,2023-11-28 16:44:00
"127","end",7,77903,38,0,9.7,"59:55.3",1.006712317,0.651588339,0.568370184,0.171676011,"44:37.6",8,"good",21.73333333,2023-11-26,"2023-11-25","2023-11-25 21:19","2023-11-26 12:10","2023-11-26 21:18",25.92589,"black",1,"SDB","2",-73.74,45.47,"PETI",2023,11,26,4.9,-1.5,1.7,8.6,0,43,2023-11-26 21:44:00,2023-11-26 16:44:00
"127","end",7,77903,77,0,9.7,"59:57.6",1.27232944,0.635992393,0.753821494,0.145360225,"44:01.0",8,"good",21.73333333,2024-01-04,"2024-01-03","2024-01-03 21:25","2024-01-04 12:36","2024-01-04 21:26",17.617475,"black",1,"SDB","2",-73.74,45.47,"PETI",2024,1,4,1.8,-11.4,-4.8,1.1,0,40,2024-01-04 21:44:00,2024-01-04 16:44:00
"608","end",3,90326,13,0,0,"59:53.3",1.200824889,0.331516015,0.917558491,0.059146453,"44:06.5",9,"good",21.73333333,2024-11-04,"2024-11-03","2024-11-03 21:41","2024-11-04 11:41","2024-11-04 21:40",3.974509998,"black",1,"BDU","3",-73.74,45.47,"PETI",2024,11,4,8.2,2.5,5.4,5.3,0,34,2024-11-04 21:44:00,2024-11-04 16:44:00
"617","end",2,90335,13,19.4,9.7,"59:53.5",0.840277048,0.621719275,0.383996809,0.106675106,"44:26.6",10,"good",21.73333333,2024-11-06,"2024-11-05","2024-11-05 21:38","2024-11-06 11:43","2024-11-06 21:37",6.942654999,"black",1,"BDU","3",-73.74,45.47,"PETI",2024,11,6,21.7,11,16.4,0,0,57,2024-11-06 21:44:00,2024-11-06 16:44:00
"617","end",2,90335,82,0,0,"59:51.2",1.056073957,0.551717697,0.811843319,0.097070097,"44:53.3",10,"good",21.73333333,2025-01-14,"2025-01-13","2025-01-13 21:37","2025-01-14 12:33","2025-01-14 21:38",6.388561666,"black",1,"BDU","3",-73.74,45.47,"PETI",2025,1,14,-2.3,-7.8,-5,0.2,9,48,2025-01-14 21:44:00,2025-01-14 16:44:00
"620","end",4,90338,26,0,9.7,"59:50.7",0.831481512,0.598093881,0.212392164,0.077515926,"44:13.6",10,"good",21.73333333,2024-11-23,"2024-11-22","2024-11-22 21:20","2024-11-23 12:07","2024-11-23 21:20",24.00944,"black",1,"BDU","3",-73.74,45.47,"PETI",2024,11,23,7.3,4,5.7,0,0,36,2024-11-23 21:44:00,2024-11-23 16:44:00
"627","end",2,90345,77,0,9.7,"31:09.2",1.283844773,0.582069569,0.64872951,0.080324688,"44:55.3",11,"good",21.73333333,2025-01-18,"2025-01-17","2025-01-17 21:42","2025-01-18 12:30","2025-01-18 21:43",1.238824999,"black",1,"BDU","3",-73.74,45.47,"PETI",2025,1,18,2.6,-1,0.8,3.2,6,38,2025-01-18 21:44:00,2025-01-18 16:44:00
"630","end",5,90348,61,9.7,9.7,"59:56.9",0.851929034,0.603901356,0.181749124,0.077779929,"44:19.5",11,"good",21.73333333,2025-01-06,"2025-01-05","2025-01-05 21:28","2025-01-06 12:36","2025-01-06 21:29",15.14246167,"black",1,"BDU","3",-73.74,45.47,"PETI",2025,1,6,-9.4,-15.9,-12.7,0,0,33,2025-01-06 21:44:00,2025-01-06 16:44:00
"631","end",6,90349,2,0,0,"59:54.4",0.762602211,0.304050714,0.386881847,0.03866113,"44:17.6",11,"good",21.73333333,2024-11-13,"2024-11-12","2024-11-12 21:30","2024-11-13 11:53","2024-11-13 21:29",15.07673833,"black",1,"BDU","3",-73.74,45.47,"PETI",2024,11,13,3.5,-2.6,0.5,0,0,0,2024-11-13 21:44:00,2024-11-13 16:44:00
"631","end",6,90349,11,9.7,9.7,"59:57.9",1.061958583,0.644694721,0.391682035,0.096889062,"44:50.2",11,"good",21.73333333,2024-11-22,"2024-11-21","2024-11-21 21:21","2024-11-22 12:06","2024-11-22 21:20",23.88599333,"black",1,"BDU","3",-73.74,45.47,"PETI",2024,11,22,7.7,3.7,5.7,4.1,0,57,2024-11-22 21:44:00,2024-11-22 16:44:00
"631","end",6,90349,29,0,9.7,"59:55.1",0.711891274,0.645739601,0.294749741,0.087915798,"44:18.4",11,"good",21.73333333,2024-12-10,"2024-12-09","2024-12-09 21:14","2024-12-10 12:26","2024-12-10 21:13",30.324095,"black",1,"BDU","3",-73.74,45.47,"PETI",2024,12,10,3.4,-3.2,0.1,9.7,9,31,2024-12-10 21:44:00,2024-12-10 16:44:00
"631","end",6,90349,33,9.7,9.7,"59:22.4",0.942578037,0.539867728,0.470809052,0.088882837,"44:53.8",11,"good",21.73333333,2024-12-14,"2024-12-13","2024-12-13 21:14","2024-12-14 12:29","2024-12-14 21:14",30.562725,"black",1,"BDU","3",-73.74,45.47,"PETI",2024,12,14,-5.7,-11.5,-8.6,0,1,0,2024-12-14 21:44:00,2024-12-14 16:44:00
"631","end",6,90349,54,0,9.7,"59:56.7",1.257954136,0.379956325,0.957974311,0.056222417,"44:00.5",11,"good",21.73333333,2025-01-04,"2025-01-03","2025-01-03 21:26","2025-01-04 12:36","2025-01-04 21:27",16.87529333,"black",1,"BDU","3",-73.74,45.47,"PETI",2025,1,4,-9.3,-12.5,-10.9,0.7,0,43,2025-01-04 21:44:00,2025-01-04 16:44:00
"633","end",8,90351,9,9.7,9.7,"59:53.3",0.618337699,0.531705587,0.152360353,0.048592927,"44:36.0",11,"good",21.73333333,2024-11-20,"2024-11-19","2024-11-19 21:23","2024-11-20 12:03","2024-11-20 21:22",22.06631667,"black",1,"NDG","3",-73.74,45.47,"PETI",2024,11,20,8,3.7,5.9,0,0,35,2024-11-20 21:44:00,2024-11-20 16:44:00
"634","end",9,90352,40,9.7,0,"59:59.7",0.885475334,0.560683838,0.26088188,0.069965306,"44:03.2",11,"good",21.73333333,2024-12-22,"2024-12-21","2024-12-21 21:16","2024-12-22 12:34","2024-12-22 21:17",26.937085,"black",1,"NDG","3",-73.74,45.47,"PETI",2024,12,22,-11.2,-16.9,-14,0.2,0,0,2024-12-22 21:44:00,2024-12-22 16:44:00
"634","end",9,90352,43,9.7,9.7,"59:53.3",0.809310872,0.562949196,0.287706207,0.070217647,"44:35.6",11,"good",21.73333333,2024-12-25,"2024-12-24","2024-12-24 21:18","2024-12-25 12:35","2024-12-25 21:18",25.72724833,"black",1,"NDG","3",-73.74,45.47,"PETI",2024,12,25,-5.4,-15.8,-10.6,0,8,0,2024-12-25 21:44:00,2024-12-25 16:44:00
"634","end",9,90352,56,9.7,9.7,"59:51.6",1.072465571,0.543399386,0.378555652,0.056267243,"44:43.6",11,"good",21.73333333,2025-01-07,"2025-01-06","2025-01-06 21:29","2025-01-07 12:36","2025-01-07 21:30",14.46014667,"black",1,"NDG","3",-73.74,45.47,"PETI",2025,1,7,-6.3,-11.8,-9.1,1.5,0,48,2025-01-07 21:44:00,2025-01-07 16:44:00
"635","end",10,90353,63,9.7,9.7,"59:51.3",0.61900603,0.574301275,0.153539061,0.070669214,"44:52.8",11,"good",21.73333333,2025-01-14,"2025-01-13","2025-01-13 21:37","2025-01-14 12:33","2025-01-14 21:38",6.380568333,"black",1,"BDU","3",-73.74,45.47,"PETI",2025,1,14,-2.3,-7.8,-5,0.2,9,48,2025-01-14 21:44:00,2025-01-14 16:44:00
"641","end",5,90359,69,9.7,659.51,"59:07.2",1.20120885,0.649770264,0.595190208,0.084712417,"44:57.3",12,"good",21.73333333,2025-01-22,"2025-01-21","2025-01-21 21:47","2025-01-22 12:27","2025-01-22 21:49",-4.177804999,"black",1,"SDB","3",-73.74,45.47,"PETI",2025,1,22,-9.6,-16.8,-13.2,0,5,0,2025-01-22 21:44:00,2025-01-22 16:44:00
"645","end",7,90363,2,9.7,0,"59:57.0",1.02061084,0.674364322,0.562034415,0.258334915,"44:58.6",12,"good",21.73333333,2024-11-16,"2024-11-15","2024-11-15 21:27","2024-11-16 11:57","2024-11-16 21:26",18.82665167,"black",1,"SDB","3",-73.74,45.47,"PETI",2024,11,16,14.3,1.3,7.8,0,0,34,2024-11-16 21:44:00,2024-11-16 16:44:00
"206","end",1,68906,122,0,7.3,"59:57.2",1.619976301,0.649954075,0.946136791,0.1249422,"45:31.9",1,"good",21.75,2023-02-10,"2023-02-09","2023-02-09 22:14","2023-02-10 12:06","2023-02-10 22:15",-30.435335,"black",1,"SDB","1",-73.74,45.47,"PETI",2023,2,10,5.4,-2.8,1.3,2.1,32,58,2023-02-10 21:45:00,2023-02-10 16:45:00
"207","end",2,68907,37,7.3,7.3,"59:58.4",1.268052072,0.615847385,0.796079151,0.094862409,"45:10.9",1,"good",21.75,2022-11-14,"2022-11-13","2022-11-13 21:29","2022-11-14 11:54","2022-11-14 21:28",16.51574167,"black",1,"SDB","1",-73.74,45.47,"PETI",2022,11,14,2.2,-2.2,0,0,0,40,2022-11-14 21:45:00,2022-11-14 16:45:00
"211","end",1,68911,65,43.79,2094.82,"48:28.5",1.080645466,0.748757589,0.441173592,0.111444387,"45:49.5",2,"good",21.75,2022-12-20,"2022-12-19","2022-12-19 21:15","2022-12-20 12:33","2022-12-20 21:15",29.85857,"black",1,"SDB","1",-73.74,45.47,"PETI",2022,12,20,-1.8,-5,-3.4,0,23,0,2022-12-20 21:45:00,2022-12-20 16:45:00
"213","end",3,68913,76,0,7.3,"59:55.2",1.390466241,0.436125677,0.8975256,0.084080069,"45:58.9",2,"good",21.75,2023-01-06,"2023-01-05","2023-01-05 21:27","2023-01-06 12:36","2023-01-06 21:28",17.29914,"black",1,"SDB","1",-73.74,45.47,"PETI",2023,1,6,1.8,-4.3,-1.3,3.2,0,0,2023-01-06 21:45:00,2023-01-06 16:45:00
"214","end",4,68914,65,7.3,7.3,"56:29.8",0.933588413,0.669484252,0.483625403,0.11097281,"45:28.7",2,"good",21.75,2022-11-11,"2022-11-10","2022-11-10 21:33","2022-11-11 11:50","2022-11-11 21:31",13.49435667,"black",1,"SDB","1",-73.74,45.47,"PETI",2022,11,11,16.8,7.1,12,38.8,0,0,2022-11-11 21:45:00,2022-11-11 16:45:00
"215","end",5,68915,21,109.49,7.3,"20:15.8",1.07914659,0.606911816,0.428975009,0.056359239,"45:00.6",2,"good",21.75,2022-11-15,"2022-11-14","2022-11-14 21:28","2022-11-15 11:55","2022-11-15 21:27",17.37648,"black",1,"SDB","1",-73.74,45.47,"PETI",2022,11,15,1.3,-3.9,-1.3,0,0,0,2022-11-15 21:45:00,2022-11-15 16:45:00
"217","end",2,68917,16,7.3,0,"59:54.0",1.179045475,0.543570173,0.819297395,0.218769801,"44:59.3",3,"good",21.75,2022-11-11,"2022-11-10","2022-11-10 21:33","2022-11-11 11:50","2022-11-11 21:31",13.00466,"black",1,"SDB","1",-73.74,45.47,"PETI",2022,11,11,16.8,7.1,12,38.8,0,0,2022-11-11 21:45:00,2022-11-11 16:45:00
"217","end",2,68917,24,7.3,0,"59:55.2",1.437107839,0.394723691,0.968833102,0.076466686,"45:07.8",3,"good",21.75,2022-11-19,"2022-11-18","2022-11-18 21:24","2022-11-19 12:01","2022-11-19 21:23",21.31336,"black",1,"SDB","1",-73.74,45.47,"PETI",2022,11,19,1.5,-3,-0.8,0.8,8,50,2022-11-19 21:45:00,2022-11-19 16:45:00
"219","end",4,68919,20,0,0,"59:53.3",1.50045902,0.493804128,0.900671677,0.124398404,"45:13.3",3,"good",21.75,2022-11-19,"2022-11-18","2022-11-18 21:24","2022-11-19 12:01","2022-11-19 21:23",21.40502333,"black",1,"SDB","1",-73.74,45.47,"PETI",2022,11,19,1.5,-3,-0.8,0.8,8,50,2022-11-19 21:45:00,2022-11-19 16:45:00
"219","end",4,68919,21,0,0,"59:58.9",1.30777364,0.826706195,0.709483994,0.219400741,"45:18.9",3,"good",21.75,2022-11-20,"2022-11-19","2022-11-19 21:23","2022-11-20 12:02","2022-11-20 21:22",22.36447666,"black",1,"SDB","1",-73.74,45.47,"PETI",2022,11,20,-1,-8.9,-4.9,0.2,5,68,2022-11-20 21:45:00,2022-11-20 16:45:00
"220","end",5,68920,19,0,7.3,"59:56.8",1.321448768,0.689513572,0.694075008,0.152322231,"45:46.0",3,"good",21.75,2022-11-20,"2022-11-19","2022-11-19 21:23","2022-11-20 12:02","2022-11-20 21:22",22.81601667,"black",1,"SDB","1",-73.74,45.47,"PETI",2022,11,20,-1,-8.9,-4.9,0.2,5,68,2022-11-20 21:45:00,2022-11-20 16:45:00
"220","end",5,68920,37,0,7.3,"59:56.5",1.308555808,0.480234596,0.762977954,0.073515023,"45:31.1",3,"good",21.75,2022-12-08,"2022-12-07","2022-12-07 21:14","2022-12-08 12:24","2022-12-08 21:14",31.40096833,"black",1,"SDB","1",-73.74,45.47,"PETI",2022,12,8,5.6,-2.3,1.6,0.2,0,0,2022-12-08 21:45:00,2022-12-08 16:45:00
"222","end",2,68922,9,0,3977.92,"59:18.6",0.883229865,0.661036595,0.309496622,0.077950014,"45:51.7",4,"good",21.75,2022-11-11,"2022-11-10","2022-11-10 21:33","2022-11-11 11:50","2022-11-11 21:31",13.87828166,"black",1,"SDB","1",-73.74,45.47,"PETI",2022,11,11,16.8,7.1,12,38.8,0,0,2022-11-11 21:45:00,2022-11-11 16:45:00
"222","end",2,68922,65,0,7.3,"59:57.4",1.227046898,0.686989411,0.664104503,0.114805442,"45:32.1",4,"good",21.75,2023-01-06,"2023-01-05","2023-01-05 21:27","2023-01-06 12:36","2023-01-06 21:28",16.85083333,"black",1,"SDB","1",-73.74,45.47,"PETI",2023,1,6,1.8,-4.3,-1.3,3.2,0,0,2023-01-06 21:45:00,2023-01-06 16:45:00
"225","end",5,68925,20,0,7.3,"59:54.1",1.238922978,0.547363197,0.711897296,0.110273327,"45:13.9",4,"good",21.75,2022-11-28,"2022-11-27","2022-11-27 21:17","2022-11-28 12:13","2022-11-28 21:17",27.848765,"black",1,"SDB","1",-73.74,45.47,"PETI",2022,11,28,5.4,-1.2,2.1,0.5,0,37,2022-11-28 21:45:00,2022-11-28 16:45:00
"225","end",5,68925,30,0,0,"59:53.0",1.560282559,0.549511637,0.968458031,0.101521012,"45:42.0",4,"good",21.75,2022-12-08,"2022-12-07","2022-12-07 21:14","2022-12-08 12:24","2022-12-08 21:14",31.58414167,"black",1,"SDB","1",-73.74,45.47,"PETI",2022,12,8,5.6,-2.3,1.6,0.2,0,0,2022-12-08 21:45:00,2022-12-08 16:45:00
"225","end",5,68925,59,0,284.67,"59:55.4",1.351731255,0.642865594,0.820153313,0.093131041,"45:08.0",4,"good",21.75,2023-01-06,"2023-01-05","2023-01-05 21:27","2023-01-06 12:36","2023-01-06 21:28",16.45006167,"black",1,"SDB","1",-73.74,45.47,"PETI",2023,1,6,1.8,-4.3,-1.3,3.2,0,0,2023-01-06 21:45:00,2023-01-06 16:45:00
"93","end",3,77870,11,9.7,0,"59:46.1",0.688787003,0.547315459,0.274165214,0.079279302,"45:26.5",5,"good",21.75,2023-11-08,"2023-11-07","2023-11-07 21:37","2023-11-08 11:45","2023-11-08 21:35",9.541100001,"black",1,"BDU","2",-73.74,45.47,"PETI",2023,11,8,4.5,-1.8,1.3,3.2,0,37,2023-11-08 21:45:00,2023-11-08 16:45:00
"97","end",6,77874,18,0,9.7,"59:52.5",0.977744737,0.536735735,0.539659747,0.103677025,"45:42.6",5,"good",21.75,2023-11-17,"2023-11-16","2023-11-16 21:26","2023-11-17 11:58","2023-11-17 21:25",19.81046,"black",1,"SDB","2",-73.74,45.47,"PETI",2023,11,17,14.3,3.2,8.8,6.4,0,49,2023-11-17 21:45:00,2023-11-17 16:45:00
"97","end",6,77874,53,0,0,"59:55.8",1.010675891,0.545193185,0.517908654,0.094638704,"45:36.2",5,"good",21.75,2023-12-22,"2023-12-21","2023-12-21 21:16","2023-12-22 12:34","2023-12-22 21:16",28.85369667,"black",1,"SDB","2",-73.74,45.47,"PETI",2023,12,22,-4.1,-10.1,-7.1,2.2,0,0,2023-12-22 21:45:00,2023-12-22 16:45:00
"99","end",8,77876,45,9.7,0,"59:52.5",1.176883135,0.57904248,0.591629258,0.115276285,"45:23.0",5,"good",21.75,2023-12-15,"2023-12-14","2023-12-14 21:14","2023-12-15 12:29","2023-12-15 21:14",31.00013833,"black",1,"SDB","2",-73.74,45.47,"PETI",2023,12,15,8.1,2.6,5.4,0,1,46,2023-12-15 21:45:00,2023-12-15 16:45:00
"99","end",8,77876,60,9.7,9.7,"59:51.6",1.230062569,0.618846238,0.577275791,0.096050745,"45:02.8",5,"good",21.75,2023-12-30,"2023-12-29","2023-12-29 21:21","2023-12-30 12:36","2023-12-30 21:21",23.09584666,"black",1,"SDB","2",-73.74,45.47,"PETI",2023,12,30,1.4,-4.2,-1.4,1.7,0,0,2023-12-30 21:45:00,2023-12-30 16:45:00
"99","end",8,77876,69,0,9.7,"59:56.9",1.280446834,0.561935146,0.712493914,0.121434544,"45:27.2",5,"good",21.75,2024-01-08,"2024-01-07","2024-01-07 21:29","2024-01-08 12:36","2024-01-08 21:30",14.903,"black",1,"SDB","2",-73.74,45.47,"PETI",2024,1,8,-2.3,-7.9,-5.1,0.4,8,0,2024-01-08 21:45:00,2024-01-08 16:45:00
"99","end",8,77876,75,0,87.29,"59:59.6",1.276411082,0.765082955,0.692662383,0.139840843,"45:39.9",5,"good",21.75,2024-01-14,"2024-01-13","2024-01-13 21:36","2024-01-14 12:33","2024-01-14 21:37",8.098341668,"black",1,"SDB","2",-73.74,45.47,"PETI",2024,1,14,-1,-6.6,-3.8,1,10,74,2024-01-14 21:45:00,2024-01-14 16:45:00
"102","end",3,77879,22,0,0,"59:52.1",1.152211909,0.466124723,0.68511705,0.091648317,"45:22.5",6,"good",21.75,2023-11-25,"2023-11-24","2023-11-24 21:20","2023-11-25 12:08","2023-11-25 21:19",26.02569167,"black",1,"SDB","2",-73.74,45.47,"PETI",2023,11,25,3.5,-8.4,-2.5,1.7,0,38,2023-11-25 21:45:00,2023-11-25 16:45:00
"102","end",3,77879,64,0,9.7,"59:57.3",1.078671959,0.649442039,0.730430758,0.163767147,"45:27.8",6,"good",21.75,2024-01-06,"2024-01-05","2024-01-05 21:27","2024-01-06 12:36","2024-01-06 21:28",17.04637,"black",1,"SDB","2",-73.74,45.47,"PETI",2024,1,6,-2.7,-9.9,-6.3,1.5,0,40,2024-01-06 21:45:00,2024-01-06 16:45:00
"104","end",5,77881,260,9.7,9.7,"59:54.1",0.628791068,0.457235163,0.102935052,0.0832783,"45:44.1",6,"good",21.75,2024-07-21,"2024-07-20","2024-07-21 0:38","2024-07-21 9:29","2024-07-22 0:37",-171.5644783,"black",1,"SDB","2",-73.74,45.47,"PETI",2024,7,21,24.4,14.7,19.5,0,0,36,2024-07-21 21:45:00,2024-07-21 17:45:00
"109","end",10,77886,37,0,9.7,"59:52.1",1.036211932,0.555787939,0.534430953,0.086996779,"45:51.8",6,"good",21.75,2023-12-17,"2023-12-16","2023-12-16 21:14","2023-12-17 12:31","2023-12-17 21:14",31.02989,"black",1,"BDU","2",-73.74,45.47,"PETI",2023,12,17,8.4,-0.6,3.9,13.8,0,47,2023-12-17 21:45:00,2023-12-17 16:45:00
"111","end",2,77888,17,0,0,"59:53.9",1.123866334,0.557851865,0.68753858,0.083314834,"45:34.4",7,"good",21.75,2023-11-30,"2023-11-29","2023-11-29 21:17","2023-11-30 12:15","2023-11-30 21:16",29.05601,"black",1,"SDB","2",-73.74,45.47,"PETI",2023,11,30,6.9,-0.1,3.4,0,0,43,2023-11-30 21:45:00,2023-11-30 16:45:00
"120","end",1,77897,29,58.19,9.7,"59:56.6",1.112147978,0.603066705,0.637904268,0.077526712,"45:56.3",8,"good",21.75,2023-11-11,"2023-11-10","2023-11-10 21:33","2023-11-11 11:49","2023-11-11 21:32",13.65474333,"black",1,"SDB","2",-73.74,45.47,"PETI",2023,11,11,2.4,-1.1,0.7,0.2,0,0,2023-11-11 21:45:00,2023-11-11 16:45:00
"123","end",3,77899,27,9.7,0,"04:38.9",1.402407986,0.76895756,0.813397073,0.173482202,"45:44.2",8,"good",21.75,2023-11-14,"2023-11-13","2023-11-13 21:30","2023-11-14 11:54","2023-11-14 21:28",16.80263667,"black",1,"SDB","2",-73.74,45.47,"PETI",2023,11,14,3.9,-0.3,1.8,0,0,0,2023-11-14 21:45:00,2023-11-14 16:45:00
"123","end",3,77899,29,0,77.59,"39:08.8",1.336062994,0.648984453,0.806104507,0.088786705,"45:49.9",8,"good",21.75,2023-11-16,"2023-11-15","2023-11-15 21:27","2023-11-16 11:56","2023-11-16 21:26",18.94825333,"black",1,"SDB","2",-73.74,45.47,"PETI",2023,11,16,11.7,2,6.8,1,0,0,2023-11-16 21:45:00,2023-11-16 16:45:00
"127","end",7,77903,19,0,0,"59:50.7",1.109046493,0.670770711,0.725054858,0.173539482,"45:50.5",8,"good",21.75,2023-11-07,"2023-11-06","2023-11-06 21:38","2023-11-07 11:44","2023-11-07 21:37",8.675281668,"black",1,"SDB","2",-73.74,45.47,"PETI",2023,11,7,11.4,-0.1,5.6,8.7,0,74,2023-11-07 21:45:00,2023-11-07 16:45:00
"608","end",3,90326,31,0,9.7,"59:58.5",1.173405624,0.613584815,0.714605994,0.126622665,"45:58.3",9,"good",21.75,2024-11-22,"2024-11-21","2024-11-21 21:21","2024-11-22 12:06","2024-11-22 21:20",25.02245167,"black",1,"BDU","3",-73.74,45.47,"PETI",2024,11,22,7.7,3.7,5.7,4.1,0,57,2024-11-22 21:45:00,2024-11-22 16:45:00
"608","end",3,90326,73,0,0,"59:57.4",1.243539731,0.454990589,0.924974396,0.091926196,"45:57.2",9,"good",21.75,2025-01-03,"2025-01-02","2025-01-02 21:25","2025-01-03 12:36","2025-01-03 21:26",19.80374,"black",1,"BDU","3",-73.74,45.47,"PETI",2025,1,3,-3.6,-9.7,-6.7,0.2,0,54,2025-01-03 21:45:00,2025-01-03 16:45:00
"608","end",3,90326,77,0,9.7,"59:57.9",1.011678174,0.522745849,0.848093293,0.117006332,"45:57.7",9,"good",21.75,2025-01-07,"2025-01-06","2025-01-06 21:29","2025-01-07 12:36","2025-01-07 21:30",15.69566667,"black",1,"BDU","3",-73.74,45.47,"PETI",2025,1,7,-6.3,-11.8,-9.1,1.5,0,48,2025-01-07 21:45:00,2025-01-07 16:45:00
"617","end",2,90335,78,0,9.7,"59:50.8",0.855866663,0.36861943,0.555161652,0.057591703,"45:41.4",10,"good",21.75,2025-01-10,"2025-01-09","2025-01-09 21:32","2025-01-10 12:35","2025-01-10 21:33",12.03962667,"black",1,"BDU","3",-73.74,45.47,"PETI",2025,1,10,-5.8,-11,-8.4,0,3,36,2025-01-10 21:45:00,2025-01-10 16:45:00
"617","end",2,90335,102,0,9.7,"59:53.8",1.106840325,0.53662301,0.900561387,0.163711636,"45:05.7",10,"good",21.75,2025-02-03,"2025-02-02","2025-02-02 22:04","2025-02-03 12:15","2025-02-03 22:06",-21.30580833,"black",1,"BDU","3",-73.74,45.47,"PETI",2025,2,3,-0.2,-12.1,-6.1,5.5,15,32,2025-02-03 21:45:00,2025-02-03 16:45:00
"625","end",9,90343,3,9.7,9.7,"59:59.4",0.568056095,0.521105616,0.132047404,0.060958944,"45:20.3",10,"good",21.75,2024-11-02,"2024-11-01","2024-11-01 21:44","2024-11-02 11:38","2024-11-02 21:42",2.471116666,"black",1,"SDB","3",-73.74,45.47,"PETI",2024,11,2,4.8,-2.1,1.3,0,0,0,2024-11-02 21:45:00,2024-11-02 17:45:00
"635","end",10,90353,2,0,0,"59:51.7",0.999708994,0.506055292,0.719418476,0.066311836,"45:12.7",11,"good",21.75,2024-11-14,"2024-11-13","2024-11-13 21:29","2024-11-14 11:55","2024-11-14 21:28",17.04487667,"black",1,"BDU","3",-73.74,45.47,"PETI",2024,11,14,4.4,-2.8,0.8,0,0,0,2024-11-14 21:45:00,2024-11-14 16:45:00
"635","end",10,90353,19,9.7,9.7,"59:55.3",0.706541557,0.603835991,0.123818091,0.079555369,"45:55.2",11,"good",21.75,2024-12-01,"2024-11-30","2024-11-30 21:16","2024-12-01 12:17","2024-12-01 21:15",30.15409833,"black",1,"BDU","3",-73.74,45.47,"PETI",2024,12,1,0.5,-3.2,-1.4,0,0,38,2024-12-01 21:45:00,2024-12-01 16:45:00
"641","end",5,90359,6,19.4,0,"57:20.3",1.2622406,0.674139068,0.805095851,0.083345112,"45:35.9",12,"good",21.75,2024-11-20,"2024-11-19","2024-11-19 21:23","2024-11-20 12:03","2024-11-20 21:22",23.06558834,"black",1,"SDB","3",-73.74,45.47,"PETI",2024,11,20,8,3.7,5.9,0,0,35,2024-11-20 21:45:00,2024-11-20 16:45:00
"645","end",7,90363,3,9.7,0,"59:52.4",1.115040949,0.501837477,0.789808255,0.093615715,"45:32.8",12,"good",21.75,2024-11-17,"2024-11-16","2024-11-16 21:26","2024-11-17 11:59","2024-11-17 21:25",20.34651833,"black",1,"SDB","3",-73.74,45.47,"PETI",2024,11,17,8.3,-2.1,3.1,0,0,0,2024-11-17 21:45:00,2024-11-17 16:45:00
"212","end",2,68912,75,0,7.3,"59:58.1",1.314131341,0.44243387,0.659541581,0.105518836,"46:01.7",2,"good",21.76666667,2023-01-06,"2023-01-05","2023-01-05 21:27","2023-01-06 12:36","2023-01-06 21:28",17.34499,"black",1,"SDB","1",-73.74,45.47,"PETI",2023,1,6,1.8,-4.3,-1.3,3.2,0,0,2023-01-06 21:46:00,2023-01-06 16:46:00
"213","end",3,68913,80,0,7.3,"59:56.4",1.386927226,0.421568698,0.961592119,0.074237051,"46:14.7",2,"good",21.76666667,2023-01-10,"2023-01-09","2023-01-09 21:31","2023-01-10 12:35","2023-01-10 21:33",13.16211167,"black",1,"SDB","1",-73.74,45.47,"PETI",2023,1,10,-2.8,-10.2,-6.5,0.2,0,36,2023-01-10 21:46:00,2023-01-10 16:46:00
"217","end",2,68917,17,0,0,"59:53.6",1.265452649,0.469967441,0.836439488,0.112835517,"46:04.6",3,"good",21.76666667,2022-11-12,"2022-11-11","2022-11-11 21:31","2022-11-12 11:51","2022-11-12 21:30",15.22670833,"black",1,"SDB","1",-73.74,45.47,"PETI",2022,11,12,14.8,6.8,10.8,26.6,0,44,2022-11-12 21:46:00,2022-11-12 16:46:00
"217","end",2,68917,77,0,7.3,"59:59.1",1.358093228,0.359084011,1.097526595,0.066503903,"46:39.3",3,"good",21.76666667,2023-01-11,"2023-01-10","2023-01-10 21:33","2023-01-11 12:35","2023-01-11 21:34",12.40436167,"black",1,"SDB","1",-73.74,45.47,"PETI",2023,1,11,-7.8,-12.4,-10.1,0.2,0,0,2023-01-11 21:46:00,2023-01-11 16:46:00
"217","end",2,68917,82,0,7.3,"59:55.7",1.063043965,0.440425588,0.749300906,0.106113225,"46:21.3",3,"good",21.76666667,2023-01-16,"2023-01-15","2023-01-15 21:39","2023-01-16 12:32","2023-01-16 21:40",5.922121668,"black",1,"SDB","1",-73.74,45.47,"PETI",2023,1,16,-4.5,-15.7,-10.1,0.5,18,0,2023-01-16 21:46:00,2023-01-16 16:46:00
"219","end",4,68919,70,7.3,0,"59:54.5",1.369410908,0.587238799,0.938577162,0.117230309,"46:56.7",3,"good",21.76666667,2023-01-08,"2023-01-07","2023-01-07 21:29","2023-01-08 12:36","2023-01-08 21:30",16.11145167,"black",1,"SDB","1",-73.74,45.47,"PETI",2023,1,8,-3.1,-9,-6,0.2,0,31,2023-01-08 21:46:00,2023-01-08 16:46:00
"220","end",5,68920,14,7.3,0,"59:55.6",1.312958783,0.537577538,0.897777736,0.134485138,"45:59.3",3,"good",21.76666667,2022-11-15,"2022-11-14","2022-11-14 21:28","2022-11-15 11:55","2022-11-15 21:27",18.35535,"black",1,"SDB","1",-73.74,45.47,"PETI",2022,11,15,1.3,-3.9,-1.3,0,0,0,2022-11-15 21:46:00,2022-11-15 16:46:00
"220","end",5,68920,18,0,0,"59:58.0",1.339138255,0.570298593,0.893509151,0.092059565,"46:23.7",3,"good",21.76666667,2022-11-19,"2022-11-18","2022-11-18 21:24","2022-11-19 12:01","2022-11-19 21:23",22.577815,"black",1,"SDB","1",-73.74,45.47,"PETI",2022,11,19,1.5,-3,-0.8,0.8,8,50,2022-11-19 21:46:00,2022-11-19 16:46:00
"221","end",1,68921,12,0,7.3,"59:56.1",0.814485361,0.497116767,0.266348044,0.049627898,"46:07.1",4,"good",21.76666667,2022-11-14,"2022-11-13","2022-11-13 21:29","2022-11-14 11:54","2022-11-14 21:28",17.45221,"black",1,"SDB","1",-73.74,45.47,"PETI",2022,11,14,2.2,-2.2,0,0,0,40,2022-11-14 21:46:00,2022-11-14 16:46:00
"221","end",1,68921,21,0,7.3,"59:58.7",1.008899413,0.317996837,0.579480667,0.045511841,"46:38.9",4,"good",21.76666667,2022-11-23,"2022-11-22","2022-11-22 21:21","2022-11-23 12:06","2022-11-23 21:20",26.08220833,"black",1,"SDB","1",-73.74,45.47,"PETI",2022,11,23,2.4,-4.1,-0.9,0,3,0,2022-11-23 21:46:00,2022-11-23 16:46:00
"222","end",2,68922,18,0,7.3,"59:53.7",0.994750841,0.696003891,0.257434402,0.102561,"46:04.9",4,"good",21.76666667,2022-11-20,"2022-11-19","2022-11-19 21:23","2022-11-20 12:02","2022-11-20 21:22",23.1316,"black",1,"SDB","1",-73.74,45.47,"PETI",2022,11,20,-1,-8.9,-4.9,0.2,5,68,2022-11-20 21:46:00,2022-11-20 16:46:00
"224","end",4,68924,68,14.6,7.3,"59:53.7",1.159911544,0.471022441,0.821184307,0.087041255,"46:12.0",4,"good",21.76666667,2023-01-10,"2023-01-09","2023-01-09 21:31","2023-01-10 12:35","2023-01-10 21:33",13.11600833,"black",1,"SDB","1",-73.74,45.47,"PETI",2023,1,10,-2.8,-10.2,-6.5,0.2,0,36,2023-01-10 21:46:00,2023-01-10 16:46:00
"225","end",5,68925,17,0,7.3,"59:54.7",1.279431925,0.557868489,0.753624636,0.117787513,"46:42.1",4,"good",21.76666667,2022-11-25,"2022-11-24","2022-11-24 21:19","2022-11-25 12:09","2022-11-25 21:19",27.51897167,"black",1,"SDB","1",-73.74,45.47,"PETI",2022,11,25,5.5,-2.8,1.3,4,2,43,2022-11-25 21:46:00,2022-11-25 16:46:00
"225","end",5,68925,27,0,7.3,"59:53.6",1.37256678,0.527738134,0.89697626,0.114773315,"46:04.6",4,"good",21.76666667,2022-12-05,"2022-12-04","2022-12-04 21:14","2022-12-05 12:21","2022-12-05 21:14",31.42679333,"black",1,"SDB","1",-73.74,45.47,"PETI",2022,12,5,5.9,0.4,3.1,0,0,42,2022-12-05 21:46:00,2022-12-05 16:46:00
"225","end",5,68925,61,29.2,65.69,"59:54.9",1.360952106,0.476415222,0.833607768,0.087591772,"46:20.4",4,"good",21.76666667,2023-01-08,"2023-01-07","2023-01-07 21:29","2023-01-08 12:36","2023-01-08 21:30",15.507175,"black",1,"SDB","1",-73.74,45.47,"PETI",2023,1,8,-3.1,-9,-6,0.2,0,31,2023-01-08 21:46:00,2023-01-08 16:46:00
"93","end",3,77870,68,0,9.7,"59:53.3",1.357839054,0.654076738,0.766120865,0.137837811,"46:31.8",5,"good",21.76666667,2024-01-04,"2024-01-03","2024-01-03 21:25","2024-01-04 12:36","2024-01-04 21:26",20.129585,"black",1,"BDU","2",-73.74,45.47,"PETI",2024,1,4,1.8,-11.4,-4.8,1.1,0,40,2024-01-04 21:46:00,2024-01-04 16:46:00
"93","end",3,77870,74,38.8,9.7,"59:52.7",1.51816952,0.706714576,0.774689168,0.130591138,"46:21.6",5,"good",21.76666667,2024-01-10,"2024-01-09","2024-01-09 21:31","2024-01-10 12:35","2024-01-10 21:32",13.57607167,"black",1,"BDU","2",-73.74,45.47,"PETI",2024,1,10,6.4,-2.6,1.9,12.6,14,60,2024-01-10 21:46:00,2024-01-10 16:46:00
"93","end",3,77870,76,9.7,9.7,"59:55.8",1.4867996,0.606173161,0.780575638,0.077552345,"46:53.7",5,"good",21.76666667,2024-01-12,"2024-01-11","2024-01-11 21:33","2024-01-12 12:34","2024-01-12 21:35",11.76232,"black",1,"BDU","2",-73.74,45.47,"PETI",2024,1,12,-1.9,-8.2,-5,3.5,6,45,2024-01-12 21:46:00,2024-01-12 16:46:00
"102","end",3,77879,16,0,0,"59:53.9",1.16219323,0.63551774,0.759642937,0.162969543,"46:51.6",6,"good",21.76666667,2023-11-19,"2023-11-18","2023-11-18 21:24","2023-11-19 12:01","2023-11-19 21:24",22.827385,"black",1,"SDB","2",-73.74,45.47,"PETI",2023,11,19,5.3,-3.7,0.8,0.5,0,44,2023-11-19 21:46:00,2023-11-19 16:46:00
"102","end",3,77879,21,9.7,0,"59:54.1",1.203855375,0.509241034,0.935444592,0.091507483,"46:03.4",6,"good",21.76666667,2023-11-24,"2023-11-23","2023-11-23 21:20","2023-11-24 12:07","2023-11-24 21:20",26.02258,"black",1,"SDB","2",-73.74,45.47,"PETI",2023,11,24,1.7,-8.1,-3.2,1,0,42,2023-11-24 21:46:00,2023-11-24 16:46:00
"102","end",3,77879,63,0,9.7,"59:59.3",0.996030288,0.539819245,0.640824725,0.113829428,"46:08.5",6,"good",21.76666667,2024-01-05,"2024-01-04","2024-01-04 21:26","2024-01-05 12:36","2024-01-05 21:27",18.759005,"black",1,"SDB","2",-73.74,45.47,"PETI",2024,1,5,-1.2,-12.5,-6.9,0,0,31,2024-01-05 21:46:00,2024-01-05 16:46:00
"104","end",5,77881,63,0,9.7,"59:53.9",1.464842861,0.656512267,0.866214329,0.128507366,"46:32.5",6,"good",21.76666667,2024-01-06,"2024-01-05","2024-01-05 21:27","2024-01-06 12:36","2024-01-06 21:28",18.12477833,"black",1,"SDB","2",-73.74,45.47,"PETI",2024,1,6,-2.7,-9.9,-6.3,1.5,0,40,2024-01-06 21:46:00,2024-01-06 16:46:00
"109","end",10,77886,6,0,0,"59:51.9",0.868818799,0.594533045,0.482136057,0.154015254,"46:30.4",6,"good",21.76666667,2023-11-16,"2023-11-15","2023-11-15 21:27","2023-11-16 11:56","2023-11-16 21:26",19.62381167,"black",1,"BDU","2",-73.74,45.47,"PETI",2023,11,16,11.7,2,6.8,1,0,0,2023-11-16 21:46:00,2023-11-16 16:46:00
"109","end",10,77886,8,0,9.7,"59:56.5",0.874778989,0.518377,0.487780625,0.118220578,"46:15.6",6,"good",21.76666667,2023-11-18,"2023-11-17","2023-11-17 21:25","2023-11-18 11:59","2023-11-18 21:24",21.309235,"black",1,"BDU","2",-73.74,45.47,"PETI",2023,11,18,3.8,0.9,2.4,0.9,0,33,2023-11-18 21:46:00,2023-11-18 16:46:00
"109","end",10,77886,48,9.7,9.7,"59:50.9",1.088544669,0.459775524,0.636233267,0.070210742,"46:58.3",6,"good",21.76666667,2023-12-28,"2023-12-27","2023-12-27 21:19","2023-12-28 12:36","2023-12-28 21:20",26.55540333,"black",1,"BDU","2",-73.74,45.47,"PETI",2023,12,28,3.5,0.9,2.2,1.2,0,33,2023-12-28 21:46:00,2023-12-28 16:46:00
"111","end",2,77888,2,0,0,"59:58.7",0.97603495,0.378270886,0.553337597,0.060502547,"46:56.8",7,"good",21.76666667,2023-11-15,"2023-11-14","2023-11-14 21:28","2023-11-15 11:55","2023-11-15 21:27",19.04606167,"black",1,"SDB","2",-73.74,45.47,"PETI",2023,11,15,10,1.1,5.5,0.8,0,0,2023-11-15 21:46:00,2023-11-15 16:46:00
"116","end",7,77893,24,0,0,"59:51.4",0.810596137,0.470201789,0.505518848,0.064066829,"46:39.6",7,"good",21.76666667,2023-12-16,"2023-12-15","2023-12-15 21:14","2023-12-16 12:30","2023-12-16 21:14",32.076515,"black",1,"SDB","2",-73.74,45.47,"PETI",2023,12,16,4.9,-1.5,1.7,1,0,0,2023-12-16 21:46:00,2023-12-16 16:46:00
"116","end",7,77893,43,0,9.7,"59:59.9",0.934116522,0.621428889,0.451465856,0.103526288,"46:19.0",7,"good",21.76666667,2024-01-04,"2024-01-03","2024-01-03 21:25","2024-01-04 12:36","2024-01-04 21:26",19.91712,"black",1,"SDB","2",-73.74,45.47,"PETI",2024,1,4,1.8,-11.4,-4.8,1.1,0,40,2024-01-04 21:46:00,2024-01-04 16:46:00
"121","end",2,77898,80,9.7,9.7,"59:42.5",1.464056198,0.630096378,0.711181987,0.080603398,"46:40.3",8,"good",21.76666667,2024-01-05,"2024-01-04","2024-01-04 21:26","2024-01-05 12:36","2024-01-05 21:27",19.288525,"black",1,"BDU","2",-73.74,45.47,"PETI",2024,1,5,-1.2,-12.5,-6.9,0,0,31,2024-01-05 21:46:00,2024-01-05 16:46:00
"123","end",3,77899,73,0,9.7,"59:57.7",1.291384608,0.63704425,0.648514379,0.152931366,"46:36.1",8,"good",21.76666667,2023-12-30,"2023-12-29","2023-12-29 21:21","2023-12-30 12:36","2023-12-30 21:21",24.65090167,"black",1,"SDB","2",-73.74,45.47,"PETI",2023,12,30,1.4,-4.2,-1.4,1.7,0,0,2023-12-30 21:46:00,2023-12-30 16:46:00
"124","end",4,77900,73,0,9.7,"59:58.4",1.431020813,0.644744368,0.772991411,0.088510395,"46:07.9",8,"good",21.76666667,2023-12-30,"2023-12-29","2023-12-29 21:21","2023-12-30 12:36","2023-12-30 21:21",24.181205,"black",1,"SDB","2",-73.74,45.47,"PETI",2023,12,30,1.4,-4.2,-1.4,1.7,0,0,2023-12-30 21:46:00,2023-12-30 16:46:00
"124","end",4,77900,78,0,9.7,"59:51.0",1.339989777,0.673144876,0.824216606,0.166649208,"46:48.9",8,"good",21.76666667,2024-01-04,"2024-01-03","2024-01-03 21:25","2024-01-04 12:36","2024-01-04 21:26",20.41489,"black",1,"SDB","2",-73.74,45.47,"PETI",2024,1,4,1.8,-11.4,-4.8,1.1,0,40,2024-01-04 21:46:00,2024-01-04 16:46:00
"124","end",4,77900,99,9.7,0,"59:56.2",1.401578511,0.606448403,0.68248327,0.076466298,"46:05.6",8,"good",21.76666667,2024-01-25,"2024-01-24","2024-01-24 21:50","2024-01-25 12:25","2024-01-25 21:52",-6.206994998,"black",1,"SDB","2",-73.74,45.47,"PETI",2024,1,25,1.1,-4.5,-1.7,6.5,16,0,2024-01-25 21:46:00,2024-01-25 16:46:00
"127","end",7,77903,15,0,9.7,"59:50.7",0.949139557,0.468741692,0.637842129,0.086462757,"46:48.7",8,"good",21.76666667,2023-11-03,"2023-11-02","2023-11-02 21:43","2023-11-03 11:38","2023-11-03 21:42",4.31209,"black",1,"SDB","2",-73.74,45.47,"PETI",2023,11,3,13.5,4.6,9.1,1.1,0,49,2023-11-03 21:46:00,2023-11-03 17:46:00
"127","end",7,77903,18,0,0,"59:55.5",1.130386306,0.509144516,0.808739222,0.097417481,"46:34.2",8,"good",21.76666667,2023-11-06,"2023-11-05","2023-11-05 21:39","2023-11-06 11:42","2023-11-06 21:38",8.102606666,"black",1,"SDB","2",-73.74,45.47,"PETI",2023,11,6,8.1,-3.4,2.4,0.3,0,41,2023-11-06 21:46:00,2023-11-06 16:46:00
"608","end",3,90326,27,0,9.7,"59:57.5",0.691514103,0.332712866,0.425475878,0.048304877,"46:26.4",9,"good",21.76666667,2024-11-18,"2024-11-17","2024-11-17 21:25","2024-11-18 12:00","2024-11-18 21:24",22.17309167,"black",1,"BDU","3",-73.74,45.47,"PETI",2024,11,18,10.7,1.1,5.9,0.8,0,0,2024-11-18 21:46:00,2024-11-18 16:46:00
"608","end",3,90326,79,0,0,"59:58.2",0.829447111,0.562438579,0.632228072,0.078079347,"46:17.4",9,"good",21.76666667,2025-01-09,"2025-01-08","2025-01-08 21:31","2025-01-09 12:35","2025-01-09 21:32",13.80680166,"black",1,"BDU","3",-73.74,45.47,"PETI",2025,1,9,-6.1,-11.8,-9,0.2,3,50,2025-01-09 21:46:00,2025-01-09 16:46:00
"614","end",8,90332,27,9.7,9.7,"59:55.8",0.627457914,0.539333055,0.09334171,0.053183013,"46:44.0",9,"good",21.76666667,2024-11-16,"2024-11-15","2024-11-15 21:27","2024-11-16 11:57","2024-11-16 21:26",20.58262167,"black",1,"BDU","3",-73.74,45.47,"PETI",2024,11,16,14.3,1.3,7.8,0,0,34,2024-11-16 21:46:00,2024-11-16 16:46:00
"617","end",2,90335,16,9.7,0,"59:53.7",1.019292681,0.436298336,0.786847171,0.077073504,"46:23.1",10,"good",21.76666667,2024-11-09,"2024-11-08","2024-11-08 21:34","2024-11-09 11:48","2024-11-09 21:33",12.61913667,"black",1,"BDU","3",-73.74,45.47,"PETI",2024,11,9,8.2,1.6,4.9,0,0,36,2024-11-09 21:46:00,2024-11-09 16:46:00
"617","end",2,90335,19,9.7,0,"59:53.9",1.039296075,0.679951361,0.587470637,0.103890648,"46:23.3",10,"good",21.76666667,2024-11-12,"2024-11-11","2024-11-11 21:31","2024-11-12 11:52","2024-11-12 21:30",16.07186667,"black",1,"BDU","3",-73.74,45.47,"PETI",2024,11,12,6.7,-1.4,2.6,0,0,45,2024-11-12 21:46:00,2024-11-12 16:46:00
"617","end",2,90335,80,0,9.7,"59:51.0",0.972373281,0.38950735,0.787022882,0.07359486,"46:49.5",10,"good",21.76666667,2025-01-12,"2025-01-11","2025-01-11 21:34","2025-01-12 12:34","2025-01-12 21:36",10.79136,"black",1,"BDU","3",-73.74,45.47,"PETI",2025,1,12,-3.6,-11.9,-7.7,0.3,4,0,2025-01-12 21:46:00,2025-01-12 16:46:00
"627","end",2,90345,12,9.7,9.7,"59:59.8",0.92503291,0.611043963,0.315758396,0.087903819,"45:59.4",11,"good",21.76666667,2024-11-14,"2024-11-13","2024-11-13 21:29","2024-11-14 11:55","2024-11-14 21:28",17.82323833,"black",1,"BDU","3",-73.74,45.47,"PETI",2024,11,14,4.4,-2.8,0.8,0,0,0,2024-11-14 21:46:00,2024-11-14 16:46:00
"627","end",2,90345,81,9.7,116.43,"48:37.4",1.158150262,0.673164163,0.611883991,0.086247477,"46:54.1",11,"good",21.76666667,2025-01-22,"2025-01-21","2025-01-21 21:47","2025-01-22 12:27","2025-01-22 21:49",-2.232343332,"black",1,"BDU","3",-73.74,45.47,"PETI",2025,1,22,-9.6,-16.8,-13.2,0,5,0,2025-01-22 21:46:00,2025-01-22 16:46:00
"631","end",6,90349,8,0,9.7,"59:53.6",0.92523699,0.565595165,0.351218795,0.087286244,"46:42.3",11,"good",21.76666667,2024-11-19,"2024-11-18","2024-11-18 21:24","2024-11-19 12:02","2024-11-19 21:23",23.32103167,"black",1,"BDU","3",-73.74,45.47,"PETI",2024,11,19,10.9,0.9,5.9,0,0,0,2024-11-19 21:46:00,2024-11-19 16:46:00
"633","end",8,90351,2,9.7,9.7,"59:56.4",0.761644094,0.512011503,0.216331475,0.051387425,"46:06.4",11,"good",21.76666667,2024-11-13,"2024-11-12","2024-11-12 21:30","2024-11-13 11:53","2024-11-13 21:29",16.88960833,"black",1,"NDG","3",-73.74,45.47,"PETI",2024,11,13,3.5,-2.6,0.5,0,0,0,2024-11-13 21:46:00,2024-11-13 16:46:00
"635","end",10,90353,6,0,9.7,"59:58.2",0.869705504,0.700091743,0.478704883,0.106472891,"46:36.7",11,"good",21.76666667,2024-11-18,"2024-11-17","2024-11-17 21:25","2024-11-18 12:00","2024-11-18 21:24",22.34545,"black",1,"BDU","3",-73.74,45.47,"PETI",2024,11,18,10.7,1.1,5.9,0.8,0,0,2024-11-18 21:46:00,2024-11-18 16:46:00
"635","end",10,90353,11,0,9.7,"59:58.6",0.788000447,0.656784597,0.157614237,0.086711647,"46:18.0",11,"good",21.76666667,2024-11-23,"2024-11-22","2024-11-22 21:20","2024-11-23 12:07","2024-11-23 21:20",26.08358167,"black",1,"BDU","3",-73.74,45.47,"PETI",2024,11,23,7.3,4,5.7,0,0,36,2024-11-23 21:46:00,2024-11-23 16:46:00
"641","end",5,90359,68,0,38.79,"59:50.7",1.220816848,0.529432813,0.591867807,0.055483196,"46:19.6",12,"good",21.76666667,2025-01-21,"2025-01-20","2025-01-20 21:46","2025-01-21 12:28","2025-01-21 21:47",-1.423493334,"black",1,"SDB","3",-73.74,45.47,"PETI",2025,1,21,-10.5,-15.8,-13.1,0,5,33,2025-01-21 21:46:00,2025-01-21 16:46:00
"645","end",7,90363,9,0,9.7,"59:53.6",1.195219186,0.602349276,0.701403165,0.109976538,"46:32.3",12,"good",21.76666667,2024-11-23,"2024-11-22","2024-11-22 21:20","2024-11-23 12:07","2024-11-23 21:20",26.321105,"black",1,"SDB","3",-73.74,45.47,"PETI",2024,11,23,7.3,4,5.7,0,0,36,2024-11-23 21:46:00,2024-11-23 16:46:00
"645","end",7,90363,59,0,9.7,"59:57.7",1.183314576,0.562164008,0.710711798,0.116126653,"46:17.0",12,"good",21.76666667,2025-01-12,"2025-01-11","2025-01-11 21:34","2025-01-12 12:34","2025-01-12 21:36",10.24985667,"black",1,"SDB","3",-73.74,45.47,"PETI",2025,1,12,-3.6,-11.9,-7.7,0.3,4,0,2025-01-12 21:46:00,2025-01-12 16:46:00
"206","end",1,68906,32,7.3,0,"59:56.2",0.916907795,0.633214557,0.305521735,0.093200593,"47:13.1",1,"good",21.78333333,2022-11-12,"2022-11-11","2022-11-11 21:31","2022-11-12 11:51","2022-11-12 21:30",16.36846667,"black",1,"SDB","1",-73.74,45.47,"PETI",2022,11,12,14.8,6.8,10.8,26.6,0,44,2022-11-12 21:47:00,2022-11-12 16:47:00
"206","end",1,68906,79,0,7.3,"59:54.3",1.585589887,0.483353908,1.03039697,0.082906465,"47:18.5",1,"good",21.78333333,2022-12-29,"2022-12-28","2022-12-28 21:20","2022-12-29 12:36","2022-12-29 21:21",25.95800167,"black",1,"SDB","1",-73.74,45.47,"PETI",2022,12,29,6.1,-2.9,1.6,0.5,18,0,2022-12-29 21:47:00,2022-12-29 16:47:00
"207","end",2,68907,35,0,7.3,"59:59.7",1.159877282,0.496720551,0.71616324,0.118774256,"47:30.9",1,"good",21.78333333,2022-11-12,"2022-11-11","2022-11-11 21:31","2022-11-12 11:51","2022-11-12 21:30",16.66492,"black",1,"SDB","1",-73.74,45.47,"PETI",2022,11,12,14.8,6.8,10.8,26.6,0,44,2022-11-12 21:47:00,2022-11-12 16:47:00
"207","end",2,68907,42,0,7.3,"59:59.5",1.517460149,0.519791537,0.942510021,0.082433198,"47:52.6",1,"good",21.78333333,2022-11-19,"2022-11-18","2022-11-18 21:24","2022-11-19 12:01","2022-11-19 21:23",24.06021667,"black",1,"SDB","1",-73.74,45.47,"PETI",2022,11,19,1.5,-3,-0.8,0.8,8,50,2022-11-19 21:47:00,2022-11-19 16:47:00
"207","end",2,68907,94,0,0,"59:54.9",1.378230844,0.5162667,0.935568142,0.109730564,"47:26.1",1,"good",21.78333333,2023-01-10,"2023-01-09","2023-01-09 21:31","2023-01-10 12:35","2023-01-10 21:33",14.35246667,"black",1,"SDB","1",-73.74,45.47,"PETI",2023,1,10,-2.8,-10.2,-6.5,0.2,0,36,2023-01-10 21:47:00,2023-01-10 16:47:00
"212","end",2,68912,54,0,0,"59:58.0",1.261378516,0.649103821,0.767648038,0.124275934,"47:29.2",2,"good",21.78333333,2022-12-16,"2022-12-15","2022-12-15 21:14","2022-12-16 12:30","2022-12-16 21:14",32.83645,"black",1,"SDB","1",-73.74,45.47,"PETI",2022,12,16,2.2,-0.8,0.7,11.4,1,38,2022-12-16 21:47:00,2022-12-16 16:47:00
"213","end",3,68913,24,0,0,"59:55.7",1.250823311,0.436095249,0.84565434,0.098540214,"47:56.3",2,"good",21.78333333,2022-11-15,"2022-11-14","2022-11-14 21:28","2022-11-15 11:55","2022-11-15 21:27",20.30437167,"black",1,"SDB","1",-73.74,45.47,"PETI",2022,11,15,1.3,-3.9,-1.3,0,0,0,2022-11-15 21:47:00,2022-11-15 16:47:00
"215","end",5,68915,23,7.3,7.3,"59:54.6",0.996898138,0.597322119,0.265326795,0.074636692,"47:04.0",2,"good",21.78333333,2022-11-17,"2022-11-16","2022-11-16 21:26","2022-11-17 11:58","2022-11-17 21:25",21.41691333,"black",1,"SDB","1",-73.74,45.47,"PETI",2022,11,17,-0.6,-5.8,-3.2,0,7,51,2022-11-17 21:47:00,2022-11-17 16:47:00
"217","end",2,68917,19,0,0,"59:58.1",1.271221621,0.576348311,0.690054114,0.105477382,"47:22.1",3,"good",21.78333333,2022-11-14,"2022-11-13","2022-11-13 21:29","2022-11-14 11:54","2022-11-14 21:28",18.70106,"black",1,"SDB","1",-73.74,45.47,"PETI",2022,11,14,2.2,-2.2,0,0,0,40,2022-11-14 21:47:00,2022-11-14 16:47:00
"217","end",2,68917,22,0,0,"59:56.4",1.308150221,0.743777567,0.892369909,0.150511487,"47:34.9",3,"good",21.78333333,2022-11-17,"2022-11-16","2022-11-16 21:26","2022-11-17 11:58","2022-11-17 21:25",21.93246667,"black",1,"SDB","1",-73.74,45.47,"PETI",2022,11,17,-0.6,-5.8,-3.2,0,7,51,2022-11-17 21:47:00,2022-11-17 16:47:00
"217","end",2,68917,29,0,7.3,"55:44.1",1.372553031,0.524962511,0.767626903,0.095692204,"47:01.6",3,"good",21.78333333,2022-11-24,"2022-11-23","2022-11-23 21:20","2022-11-24 12:08","2022-11-24 21:19",27.17690833,"black",1,"SDB","1",-73.74,45.47,"PETI",2022,11,24,2.8,-4.5,-0.9,0,3,0,2022-11-24 21:47:00,2022-11-24 16:47:00
"217","end",2,68917,76,0,0,"59:59.6",1.500374304,0.349666273,1.064639341,0.087090281,"47:30.8",3,"good",21.78333333,2023-01-10,"2023-01-09","2023-01-09 21:31","2023-01-10 12:35","2023-01-10 21:33",14.43074833,"black",1,"SDB","1",-73.74,45.47,"PETI",2023,1,10,-2.8,-10.2,-6.5,0.2,0,36,2023-01-10 21:47:00,2023-01-10 16:47:00
"217","end",2,68917,85,0,7.3,"59:53.8",1.150249495,0.705456003,0.880345541,0.131125528,"47:54.3",3,"good",21.78333333,2023-01-19,"2023-01-18","2023-01-18 21:43","2023-01-19 12:30","2023-01-19 21:44",3.520849999,"black",1,"SDB","1",-73.74,45.47,"PETI",2023,1,19,0.2,-4.1,-1.9,4.9,17,41,2023-01-19 21:47:00,2023-01-19 16:47:00
"217","end",2,68917,104,0,7.3,"59:56.5",0.90870216,0.362839153,0.841169688,0.092772619,"47:13.2",3,"good",21.78333333,2023-02-07,"2023-02-06","2023-02-06 22:10","2023-02-07 12:10","2023-02-07 22:11",-24.34653,"black",1,"SDB","1",-73.74,45.47,"PETI",2023,2,7,2.4,-14.6,-6.1,0.8,37,33,2023-02-07 21:47:00,2023-02-07 16:47:00
"219","end",4,68919,15,0,7.3,"59:54.7",1.535728669,0.491702527,0.785320081,0.094861642,"47:40.7",3,"good",21.78333333,2022-11-14,"2022-11-13","2022-11-13 21:29","2022-11-14 11:54","2022-11-14 21:28",19.01141167,"black",1,"SDB","1",-73.74,45.47,"PETI",2022,11,14,2.2,-2.2,0,0,0,40,2022-11-14 21:47:00,2022-11-14 16:47:00
"219","end",4,68919,25,0,0,"59:59.3",1.324564084,0.548364482,0.815301285,0.136916024,"47:38.0",3,"good",21.78333333,2022-11-24,"2022-11-23","2022-11-23 21:20","2022-11-24 12:08","2022-11-24 21:19",27.78321,"black",1,"SDB","1",-73.74,45.47,"PETI",2022,11,24,2.8,-4.5,-0.9,0,3,0,2022-11-24 21:47:00,2022-11-24 16:47:00
"220","end",5,68920,42,7.3,0,"59:57.4",1.229500695,0.513727784,0.6925805,0.074723113,"47:43.3",3,"good",21.78333333,2022-12-13,"2022-12-12","2022-12-12 21:14","2022-12-13 12:28","2022-12-13 21:14",33.60583667,"black",1,"SDB","1",-73.74,45.47,"PETI",2022,12,13,0.4,-9,-4.3,0,0,38,2022-12-13 21:47:00,2022-12-13 16:47:00
"222","end",2,68922,17,7.3,7.3,"59:27.1",0.985138749,0.677554237,0.319818537,0.087376441,"47:49.7",4,"good",21.78333333,2022-11-19,"2022-11-18","2022-11-18 21:24","2022-11-19 12:01","2022-11-19 21:23",24.01141333,"black",1,"SDB","1",-73.74,45.47,"PETI",2022,11,19,1.5,-3,-0.8,0.8,8,50,2022-11-19 21:47:00,2022-11-19 16:47:00
"224","end",4,68924,85,0,7.3,"59:56.5",1.199558366,0.423733148,0.776797096,0.07423237,"47:13.1",4,"good",21.78333333,2023-01-27,"2023-01-26","2023-01-26 21:54","2023-01-27 12:23","2023-01-27 21:55",-8.297756668,"black",1,"SDB","1",-73.74,45.47,"PETI",2023,1,27,-1.5,-12.3,-6.9,0.7,32,0,2023-01-27 21:47:00,2023-01-27 16:47:00
"93","end",3,77870,17,9.7,9.7,"59:56.0",0.610080898,0.396794288,0.299076719,0.060599124,"47:23.0",5,"good",21.78333333,2023-11-14,"2023-11-13","2023-11-13 21:30","2023-11-14 11:54","2023-11-14 21:28",18.450025,"black",1,"BDU","2",-73.74,45.47,"PETI",2023,11,14,3.9,-0.3,1.8,0,0,0,2023-11-14 21:47:00,2023-11-14 16:47:00
"93","end",3,77870,63,9.7,0,"59:50.4",1.481872182,0.597940693,0.897037829,0.137892937,"47:56.2",5,"good",21.78333333,2023-12-30,"2023-12-29","2023-12-29 21:21","2023-12-30 12:36","2023-12-30 21:21",25.98644833,"black",1,"BDU","2",-73.74,45.47,"PETI",2023,12,30,1.4,-4.2,-1.4,1.7,0,0,2023-12-30 21:47:00,2023-12-30 16:47:00
"93","end",3,77870,79,9.7,0,"59:55.6",0.826255622,0.623094596,0.237609297,0.099429014,"47:51.7",5,"good",21.78333333,2024-01-15,"2024-01-14","2024-01-14 21:37","2024-01-15 12:33","2024-01-15 21:38",9.027938334,"black",1,"BDU","2",-73.74,45.47,"PETI",2024,1,15,-4.5,-7.3,-5.9,0.2,12,43,2024-01-15 21:47:00,2024-01-15 16:47:00
"95","end",5,77872,6,0,9.7,"59:52.7",0.885614203,0.529626884,0.377248266,0.08042249,"47:00.3",5,"good",21.78333333,2023-11-05,"2023-11-04","2023-11-04 21:41","2023-11-05 11:41","2023-11-05 21:39",7.221813333,"black",1,"BDU","2",-73.74,45.47,"PETI",2023,11,5,8.5,0,4.3,1.3,0,0,2023-11-05 21:47:00,2023-11-05 16:47:00
"95","end",5,77872,10,0,9.7,"59:57.3",0.850073239,0.440304307,0.437830292,0.071316995,"47:24.3",5,"good",21.78333333,2023-11-09,"2023-11-08","2023-11-08 21:35","2023-11-09 11:47","2023-11-09 21:34",12.73849,"black",1,"BDU","2",-73.74,45.47,"PETI",2023,11,9,3.7,-1.5,1.1,5.3,0,0,2023-11-09 21:47:00,2023-11-09 16:47:00
"97","end",6,77874,61,9.7,0,"59:57.7",1.249014165,0.542211794,0.675144315,0.101998564,"47:05.4",5,"good",21.78333333,2023-12-30,"2023-12-29","2023-12-29 21:21","2023-12-30 12:36","2023-12-30 21:21",25.13973333,"black",1,"SDB","2",-73.74,45.47,"PETI",2023,12,30,1.4,-4.2,-1.4,1.7,0,0,2023-12-30 21:47:00,2023-12-30 16:47:00
"98","end",7,77875,1,0,222.97,"59:37.8",1.223728526,0.635025609,0.792467136,0.062098433,"47:34.1",5,"good",21.78333333,2023-10-31,"2023-10-30","2023-10-30 21:48","2023-10-31 11:34","2023-10-31 21:46",0.784255,"black",1,"BDU","2",-73.74,45.47,"PETI",2023,10,31,4.5,-1.3,1.6,1.5,0,0,2023-10-31 21:47:00,2023-10-31 17:47:00
"102","end",3,77879,4,0,0,"59:57.9",0.874159486,0.682220085,0.411930897,0.108417262,"47:44.1",6,"good",21.78333333,2023-11-07,"2023-11-06","2023-11-06 21:38","2023-11-07 11:44","2023-11-07 21:37",10.569045,"black",1,"SDB","2",-73.74,45.47,"PETI",2023,11,7,11.4,-0.1,5.6,8.7,0,74,2023-11-07 21:47:00,2023-11-07 16:47:00
"102","end",3,77879,12,0,0,"59:51.8",1.131222256,0.478456086,0.747258029,0.093193997,"47:57.5",6,"good",21.78333333,2023-11-15,"2023-11-14","2023-11-14 21:28","2023-11-15 11:55","2023-11-15 21:27",20.0577,"black",1,"SDB","2",-73.74,45.47,"PETI",2023,11,15,10,1.1,5.5,0.8,0,0,2023-11-15 21:47:00,2023-11-15 16:47:00
"102","end",3,77879,15,0,9.7,"59:55.8",0.982994795,0.51319319,0.71873162,0.092691914,"47:03.3",6,"good",21.78333333,2023-11-18,"2023-11-17","2023-11-17 21:25","2023-11-18 11:59","2023-11-18 21:24",22.10420833,"black",1,"SDB","2",-73.74,45.47,"PETI",2023,11,18,3.8,0.9,2.4,0.9,0,33,2023-11-18 21:47:00,2023-11-18 16:47:00
"104","end",5,77881,1,0,9.7,"59:57.7",0.991909711,0.549486633,0.366731536,0.085967226,"47:24.8",6,"good",21.78333333,2023-11-05,"2023-11-04","2023-11-04 21:41","2023-11-05 11:41","2023-11-05 21:39",7.629653335,"black",1,"SDB","2",-73.74,45.47,"PETI",2023,11,5,8.5,0,4.3,1.3,0,0,2023-11-05 21:47:00,2023-11-05 16:47:00
"104","end",5,77881,5,0,0,"59:51.3",1.135428198,0.547558963,0.71591754,0.084473625,"47:57.1",6,"good",21.78333333,2023-11-09,"2023-11-08","2023-11-08 21:35","2023-11-09 11:47","2023-11-09 21:34",13.28547833,"black",1,"SDB","2",-73.74,45.47,"PETI",2023,11,9,3.7,-1.5,1.1,5.3,0,0,2023-11-09 21:47:00,2023-11-09 16:47:00
"104","end",5,77881,23,9.7,9.7,"59:52.1",1.149564574,0.595149894,0.597413054,0.117644632,"47:09.5",6,"good",21.78333333,2023-11-27,"2023-11-26","2023-11-26 21:18","2023-11-27 12:11","2023-11-27 21:18",29.05851667,"black",1,"SDB","2",-73.74,45.47,"PETI",2023,11,27,5.5,0.5,3,4.3,0,48,2023-11-27 21:47:00,2023-11-27 16:47:00
"109","end",10,77886,2,0,9.6,"59:54.3",0.72219958,0.438631296,0.343583626,0.069031773,"47:21.3",6,"good",21.78333333,2023-11-12,"2023-11-11","2023-11-11 21:32","2023-11-12 11:51","2023-11-12 21:31",16.22203,"black",1,"BDU","2",-73.74,45.47,"PETI",2023,11,12,0.7,-3.5,-1.4,0,0,0,2023-11-12 21:47:00,2023-11-12 16:47:00
"109","end",10,77886,3,0,9.7,"59:51.3",0.80902372,0.453958544,0.44890759,0.092433095,"47:37.7",6,"good",21.78333333,2023-11-13,"2023-11-12","2023-11-12 21:31","2023-11-13 11:52","2023-11-13 21:30",17.61133833,"black",1,"BDU","2",-73.74,45.47,"PETI",2023,11,13,1.4,-5.8,-2.2,0.7,0,0,2023-11-13 21:47:00,2023-11-13 16:47:00
"111","end",2,77888,49,9.7,0,"59:52.6",1.087461095,0.645993411,0.552318438,0.119444993,"47:29.4",7,"good",21.78333333,2024-01-01,"2023-12-31","2023-12-31 21:22","2024-01-01 12:36","2024-01-01 21:23",23.87344833,"black",1,"SDB","2",-73.74,45.47,"PETI",2024,1,1,-4.1,-7.5,-5.8,2.4,0,0,2024-01-01 21:47:00,2024-01-01 16:47:00
"120","end",1,77897,36,0,9.7,"59:54.9",1.23833142,0.513369318,0.819566543,0.086966965,"47:41.2",8,"good",21.78333333,2023-11-18,"2023-11-17","2023-11-17 21:25","2023-11-18 11:59","2023-11-18 21:24",22.73715833,"black",1,"SDB","2",-73.74,45.47,"PETI",2023,11,18,3.8,0.9,2.4,0.9,0,33,2023-11-18 21:47:00,2023-11-18 16:47:00
"121","end",2,77898,87,9.7,0,"34:18.7",1.234396514,0.668132981,0.679424838,0.087284034,"47:27.7",8,"good",21.78333333,2024-01-12,"2024-01-11","2024-01-11 21:33","2024-01-12 12:34","2024-01-12 21:35",12.32872667,"black",1,"BDU","2",-73.74,45.47,"PETI",2024,1,12,-1.9,-8.2,-5,3.5,6,45,2024-01-12 21:47:00,2024-01-12 16:47:00
"123","end",3,77899,21,0,67.89,"34:54.9",1.459664746,0.673127811,0.965695231,0.131704719,"47:33.1",8,"good",21.78333333,2023-11-08,"2023-11-07","2023-11-07 21:37","2023-11-08 11:45","2023-11-08 21:35",11.65135167,"black",1,"SDB","2",-73.74,45.47,"PETI",2023,11,8,4.5,-1.8,1.3,3.2,0,37,2023-11-08 21:47:00,2023-11-08 16:47:00
"124","end",4,77900,33,0,9.7,"59:59.2",1.060533496,0.63240976,0.640687313,0.079844459,"47:55.3",8,"good",21.78333333,2023-11-20,"2023-11-19","2023-11-19 21:24","2023-11-20 12:02","2023-11-20 21:23",24.75458833,"black",1,"SDB","2",-73.74,45.47,"PETI",2023,11,20,0.3,-5.8,-2.8,1.5,0,0,2023-11-20 21:47:00,2023-11-20 16:47:00
"124","end",4,77900,59,0,9.7,"59:57.8",1.388481391,0.497106031,0.682856441,0.089239262,"47:24.8",8,"good",21.78333333,2023-12-16,"2023-12-15","2023-12-15 21:14","2023-12-16 12:30","2023-12-16 21:14",32.82964,"black",1,"SDB","2",-73.74,45.47,"PETI",2023,12,16,4.9,-1.5,1.7,1,0,0,2023-12-16 21:47:00,2023-12-16 16:47:00
"608","end",3,90326,33,0,9.7,"59:59.0",1.284698,0.552294047,0.831809004,0.125221737,"47:16.4",9,"good",21.78333333,2024-11-24,"2024-11-23","2024-11-23 21:20","2024-11-24 12:08","2024-11-24 21:19",27.75737,"black",1,"BDU","3",-73.74,45.47,"PETI",2024,11,24,5.3,-0.1,2.6,0,0,58,2024-11-24 21:47:00,2024-11-24 16:47:00
"608","end",3,90326,75,0,0,"59:57.6",0.96674741,0.353532754,0.854945233,0.055573462,"47:24.8",9,"good",21.78333333,2025-01-05,"2025-01-04","2025-01-04 21:27","2025-01-05 12:36","2025-01-05 21:28",19.27953,"black",1,"BDU","3",-73.74,45.47,"PETI",2025,1,5,-9.8,-14.5,-12.1,0.4,0,36,2025-01-05 21:47:00,2025-01-05 16:47:00
"614","end",8,90332,19,9.7,126.19,"59:50.6",0.744018991,0.641874592,0.139466753,0.077359407,"47:36.8",9,"good",21.78333333,2024-11-08,"2024-11-07","2024-11-07 21:36","2024-11-08 11:46","2024-11-08 21:34",12.63055833,"black",1,"BDU","3",-73.74,45.47,"PETI",2024,11,8,12,3.8,7.9,0.7,0,71,2024-11-08 21:47:00,2024-11-08 16:47:00
"617","end",2,90335,84,0,9.7,"59:51.5",1.05876073,0.449311153,0.834268985,0.093579259,"47:48.2",10,"good",21.78333333,2025-01-16,"2025-01-15","2025-01-15 21:39","2025-01-16 12:32","2025-01-16 21:41",6.753033332,"black",1,"BDU","3",-73.74,45.47,"PETI",2025,1,16,-3.7,-10.4,-7.1,0.2,7,0,2025-01-16 21:47:00,2025-01-16 16:47:00
"617","end",2,90335,86,0,9.7,"59:51.8",1.178859279,0.528727082,0.985253642,0.150515486,"47:58.2",10,"good",21.78333333,2025-01-18,"2025-01-17","2025-01-17 21:42","2025-01-18 12:30","2025-01-18 21:43",4.286171667,"black",1,"BDU","3",-73.74,45.47,"PETI",2025,1,18,2.6,-1,0.8,3.2,6,38,2025-01-18 21:47:00,2025-01-18 16:47:00
"623","end",7,90341,11,9.7,9.7,"59:56.8",0.693913684,0.623964751,0.155489707,0.074009891,"47:14.3",10,"good",21.78333333,2024-11-10,"2024-11-09","2024-11-09 21:33","2024-11-10 11:49","2024-11-10 21:32",14.65548667,"black",1,"BDU","3",-73.74,45.47,"PETI",2024,11,10,9.9,0.7,5.3,0,0,0,2024-11-10 21:47:00,2024-11-10 16:47:00
"623","end",7,90341,20,9.7,9.7,"59:53.0",1.028779965,0.602708138,0.533993523,0.090533849,"47:10.3",10,"good",21.78333333,2024-11-19,"2024-11-18","2024-11-18 21:24","2024-11-19 12:02","2024-11-19 21:23",23.78879833,"black",1,"BDU","3",-73.74,45.47,"PETI",2024,11,19,10.9,0.9,5.9,0,0,0,2024-11-19 21:47:00,2024-11-19 16:47:00
"627","end",2,90345,11,9.7,19.4,"00:05.0",0.734299578,0.627368567,0.15514208,0.074927755,"47:30.2",11,"good",21.78333333,2024-11-13,"2024-11-12","2024-11-12 21:30","2024-11-13 11:53","2024-11-13 21:29",18.28701333,"black",1,"BDU","3",-73.74,45.47,"PETI",2024,11,13,3.5,-2.6,0.5,0,0,0,2024-11-13 21:47:00,2024-11-13 16:47:00
"627","end",2,90345,68,0,0,"12:32.6",1.0733809,0.658482029,0.507247657,0.093303787,"47:50.3",11,"good",21.78333333,2025-01-09,"2025-01-08","2025-01-08 21:31","2025-01-09 12:35","2025-01-09 21:32",15.35581167,"black",1,"BDU","3",-73.74,45.47,"PETI",2025,1,9,-6.1,-11.8,-9,0.2,3,50,2025-01-09 21:47:00,2025-01-09 16:47:00
"630","end",5,90348,5,0,9.7,"59:51.1",0.964628476,0.64763631,0.469416629,0.09632921,"47:47.3",11,"good",21.78333333,2024-11-11,"2024-11-10","2024-11-10 21:32","2024-11-11 11:50","2024-11-11 21:31",16.3548,"black",1,"BDU","3",-73.74,45.47,"PETI",2024,11,11,13.3,5.8,9.6,18.2,0,47,2024-11-11 21:47:00,2024-11-11 16:47:00
"630","end",5,90348,9,9.7,9.7,"59:55.2",0.867064025,0.606113,0.256313751,0.071324247,"47:03.0",11,"good",21.78333333,2024-11-15,"2024-11-14","2024-11-14 21:28","2024-11-15 11:56","2024-11-15 21:27",19.91626667,"black",1,"BDU","3",-73.74,45.47,"PETI",2024,11,15,9.6,-2.8,3.4,0,0,0,2024-11-15 21:47:00,2024-11-15 16:47:00
"631","end",6,90349,43,9.7,669.18,"59:58.6",1.34540757,0.407225071,0.935647294,0.106874336,"47:35.8",11,"good",21.78333333,2024-12-24,"2024-12-23","2024-12-23 21:17","2024-12-24 12:35","2024-12-24 21:18",29.36282167,"black",1,"BDU","3",-73.74,45.47,"PETI",2024,12,24,-6.4,-11.4,-8.9,4.9,8,0,2024-12-24 21:47:00,2024-12-24 16:47:00
"631","end",6,90349,44,0,9.7,"59:50.5",0.963953972,0.441618885,0.663940186,0.089167939,"47:37.4",11,"good",21.78333333,2024-12-25,"2024-12-24","2024-12-24 21:18","2024-12-25 12:35","2024-12-25 21:18",28.75626667,"black",1,"BDU","3",-73.74,45.47,"PETI",2024,12,25,-5.4,-15.8,-10.6,0,8,0,2024-12-25 21:47:00,2024-12-25 16:47:00
"631","end",6,90349,57,9.7,0,"59:52.0",1.390416488,0.681812786,1.096148551,0.097744409,"47:00.0",11,"good",21.78333333,2025-01-07,"2025-01-06","2025-01-06 21:29","2025-01-07 12:36","2025-01-07 21:30",16.73402,"black",1,"BDU","3",-73.74,45.47,"PETI",2025,1,7,-6.3,-11.8,-9.1,1.5,0,48,2025-01-07 21:47:00,2025-01-07 16:47:00
"635","end",10,90353,3,0,9.7,"59:48.0",0.920681591,0.679543063,0.544032545,0.094161399,"47:44.1",11,"good",21.78333333,2024-11-15,"2024-11-14","2024-11-14 21:28","2024-11-15 11:56","2024-11-15 21:27",20.60230167,"black",1,"BDU","3",-73.74,45.47,"PETI",2024,11,15,9.6,-2.8,3.4,0,0,0,2024-11-15 21:47:00,2024-11-15 16:47:00
"635","end",10,90353,22,9.7,0,"59:53.8",0.750662834,0.642159985,0.173910562,0.09107859,"47:50.0",11,"good",21.78333333,2024-12-04,"2024-12-03","2024-12-03 21:15","2024-12-04 12:20","2024-12-04 21:14",33.04994,"black",1,"BDU","3",-73.74,45.47,"PETI",2024,12,4,-0.2,-6.2,-3.2,1.8,0,46,2024-12-04 21:47:00,2024-12-04 16:47:00
"645","end",7,90363,65,0,9.7,"31:13.4",1.667490882,0.554701784,1.107409003,0.087885783,"47:15.4",12,"good",21.78333333,2025-01-18,"2025-01-17","2025-01-17 21:42","2025-01-18 12:30","2025-01-18 21:43",3.572660001,"black",1,"SDB","3",-73.74,45.47,"PETI",2025,1,18,2.6,-1,0.8,3.2,6,38,2025-01-18 21:47:00,2025-01-18 16:47:00
"645","end",7,90363,102,9.7,0,"59:53.9",0.894763558,0.472507506,0.549033533,0.082693159,"47:21.1",12,"good",21.78333333,2025-02-24,"2025-02-23","2025-02-23 22:35","2025-02-24 11:44","2025-02-24 22:36",-49.481745,"black",1,"SDB","3",-73.74,45.47,"PETI",2025,2,24,6.8,-4.4,1.2,0,26,44,2025-02-24 21:47:00,2025-02-24 16:47:00
"206","end",1,68906,89,0,7.3,"59:55.5",1.117848971,0.476778815,0.527960528,0.063095947,"48:40.0",1,"good",21.8,2023-01-08,"2023-01-07","2023-01-07 21:29","2023-01-08 12:36","2023-01-08 21:30",17.83319,"black",1,"SDB","1",-73.74,45.47,"PETI",2023,1,8,-3.1,-9,-6,0.2,0,31,2023-01-08 21:48:00,2023-01-08 16:48:00
"207","end",2,68907,110,7.3,0,"59:58.2",1.454532822,0.635451588,0.899625176,0.204895119,"48:20.5",1,"good",21.8,2023-01-26,"2023-01-25","2023-01-25 21:52","2023-01-26 12:24","2023-01-26 21:54",-5.741954998,"black",1,"SDB","1",-73.74,45.47,"PETI",2023,1,26,-3.7,-6.7,-5.2,4.2,34,42,2023-01-26 21:48:00,2023-01-26 16:48:00
"210","end",5,68910,32,0,0,"59:52.9",1.333292373,0.569049063,0.866017942,0.134691408,"48:37.2",1,"good",21.8,2022-11-14,"2022-11-13","2022-11-13 21:29","2022-11-14 11:54","2022-11-14 21:28",19.95364,"black",1,"SDB","1",-73.74,45.47,"PETI",2022,11,14,2.2,-2.2,0,0,0,40,2022-11-14 21:48:00,2022-11-14 16:48:00
"210","end",5,68910,33,7.3,0,"59:58.8",1.321894439,0.381946293,0.993020769,0.068560352,"48:14.0",1,"good",21.8,2022-11-15,"2022-11-14","2022-11-14 21:28","2022-11-15 11:55","2022-11-15 21:27",20.599585,"black",1,"SDB","1",-73.74,45.47,"PETI",2022,11,15,1.3,-3.9,-1.3,0,0,0,2022-11-15 21:48:00,2022-11-15 16:48:00
"213","end",3,68913,81,0,7.3,"59:55.0",1.244771716,0.433122687,0.963391285,0.09395695,"48:39.4",2,"good",21.8,2023-01-11,"2023-01-10","2023-01-10 21:33","2023-01-11 12:35","2023-01-11 21:34",14.40640167,"black",1,"SDB","1",-73.74,45.47,"PETI",2023,1,11,-7.8,-12.4,-10.1,0.2,0,0,2023-01-11 21:48:00,2023-01-11 16:48:00
"219","end",4,68919,1,7.3,0,"59:56.1",0.963031913,0.620752593,0.678575625,0.157648594,"48:40.5",3,"good",21.8,2022-10-31,"2022-10-30","2022-10-30 21:47","2022-10-31 11:34","2022-10-31 21:46",2.257825001,"black",1,"SDB","1",-73.74,45.47,"PETI",2022,10,31,15.5,3.7,9.6,0,0,0,2022-10-31 21:48:00,2022-10-31 17:48:00
"221","end",1,68921,11,0,7.3,"59:56.6",0.852236769,0.593396758,0.376877415,0.082258481,"48:40.9",4,"good",21.8,2022-11-13,"2022-11-12","2022-11-12 21:30","2022-11-13 11:53","2022-11-13 21:29",18.94812833,"black",1,"SDB","1",-73.74,45.47,"PETI",2022,11,13,7.1,-1.9,2.6,0.2,0,37,2022-11-13 21:48:00,2022-11-13 16:48:00
"224","end",4,68924,78,0,7.3,"59:58.4",1.189054097,0.589091009,0.736939876,0.1569461,"48:06.1",4,"good",21.8,2023-01-20,"2023-01-19","2023-01-19 21:44","2023-01-20 12:29","2023-01-20 21:45",2.368649999,"black",1,"SDB","1",-73.74,45.47,"PETI",2023,1,20,-1.4,-7,-4.2,3.3,22,40,2023-01-20 21:48:00,2023-01-20 16:48:00
"225","end",5,68925,2,0,7.3,"59:57.0",0.937909026,0.47712846,0.480976081,0.070338601,"48:48.5",4,"good",21.8,2022-11-10,"2022-11-09","2022-11-09 21:34","2022-11-10 11:48","2022-11-10 21:33",15.657875,"black",1,"SDB","1",-73.74,45.47,"PETI",2022,11,10,17.2,7.6,12.4,0,0,0,2022-11-10 21:48:00,2022-11-10 16:48:00
"225","end",5,68925,60,7.3,0,"59:55.1",1.23321193,0.596536425,0.841937268,0.086037137,"48:39.4",4,"good",21.8,2023-01-07,"2023-01-06","2023-01-06 21:28","2023-01-07 12:36","2023-01-07 21:29",18.92321,"black",1,"SDB","1",-73.74,45.47,"PETI",2023,1,7,0.3,-8,-3.9,0.2,0,33,2023-01-07 21:48:00,2023-01-07 16:48:00
"93","end",3,77870,69,0,48.49,"59:59.7",1.104820606,0.623565075,0.644712353,0.068654797,"48:24.9",5,"good",21.8,2024-01-05,"2024-01-04","2024-01-04 21:26","2024-01-05 12:36","2024-01-05 21:27",21.032015,"black",1,"BDU","2",-73.74,45.47,"PETI",2024,1,5,-1.2,-12.5,-6.9,0,0,31,2024-01-05 21:48:00,2024-01-05 16:48:00
"93","end",3,77870,72,0,9.7,"55:28.3",1.420613079,0.659898564,0.808111124,0.096636667,"48:05.3",5,"good",21.8,2024-01-08,"2024-01-07","2024-01-07 21:29","2024-01-08 12:36","2024-01-08 21:30",17.53899167,"black",1,"BDU","2",-73.74,45.47,"PETI",2024,1,8,-2.3,-7.9,-5.1,0.4,8,0,2024-01-08 21:48:00,2024-01-08 16:48:00
"97","end",6,77874,68,9.7,9.7,"59:54.3",1.211650524,0.700727906,0.77945064,0.205114652,"48:39.0",5,"good",21.8,2024-01-06,"2024-01-05","2024-01-05 21:27","2024-01-06 12:36","2024-01-06 21:28",20.23350667,"black",1,"SDB","2",-73.74,45.47,"PETI",2024,1,6,-2.7,-9.9,-6.3,1.5,0,40,2024-01-06 21:48:00,2024-01-06 16:48:00
"99","end",8,77876,9,9.7,0,"59:59.2",1.047842147,0.617066411,0.718517526,0.095638906,"48:04.9",5,"good",21.8,2023-11-09,"2023-11-08","2023-11-08 21:35","2023-11-09 11:47","2023-11-09 21:34",13.41583333,"black",1,"SDB","2",-73.74,45.47,"PETI",2023,11,9,3.7,-1.5,1.1,5.3,0,0,2023-11-09 21:48:00,2023-11-09 16:48:00
"102","end",3,77879,10,9.7,0,"59:55.7",0.788320423,0.578927073,0.237460423,0.083780028,"48:20.8",6,"good",21.8,2023-11-13,"2023-11-12","2023-11-12 21:31","2023-11-13 11:52","2023-11-13 21:30",18.32994666,"black",1,"SDB","2",-73.74,45.47,"PETI",2023,11,13,1.4,-5.8,-2.2,0.7,0,0,2023-11-13 21:48:00,2023-11-13 16:48:00
"109","end",10,77886,4,9.7,0,"59:58.0",0.847444164,0.386299278,0.455195522,0.048182065,"48:42.5",6,"good",21.8,2023-11-14,"2023-11-13","2023-11-13 21:30","2023-11-14 11:54","2023-11-14 21:28",19.775485,"black",1,"BDU","2",-73.74,45.47,"PETI",2023,11,14,3.9,-0.3,1.8,0,0,0,2023-11-14 21:48:00,2023-11-14 16:48:00
"109","end",10,77886,28,0,9.7,"59:56.1",0.95651173,0.470866891,0.517486398,0.05812621,"48:21.3",6,"good",21.8,2023-12-08,"2023-12-07","2023-12-07 21:14","2023-12-08 12:23","2023-12-08 21:14",34.20517333,"black",1,"BDU","2",-73.74,45.47,"PETI",2023,12,8,-3.5,-7.4,-5.5,0,15,0,2023-12-08 21:48:00,2023-12-08 16:48:00
"116","end",7,77893,2,9.7,9.7,"59:51.4",1.014015518,0.564489708,0.651599483,0.099579397,"48:26.2",7,"good",21.8,2023-11-24,"2023-11-23","2023-11-23 21:20","2023-11-24 12:07","2023-11-24 21:20",28.40402167,"black",1,"SDB","2",-73.74,45.47,"PETI",2023,11,24,1.7,-8.1,-3.2,1,0,42,2023-11-24 21:48:00,2023-11-24 16:48:00
"116","end",7,77893,45,0,0,"59:53.9",0.961990557,0.74562661,0.494665822,0.159378829,"48:57.8",7,"good",21.8,2024-01-06,"2024-01-05","2024-01-05 21:27","2024-01-06 12:36","2024-01-06 21:28",20.54715166,"black",1,"SDB","2",-73.74,45.47,"PETI",2024,1,6,-2.7,-9.9,-6.3,1.5,0,40,2024-01-06 21:48:00,2024-01-06 16:48:00
"116","end",7,77893,49,0,9.7,"59:51.0",0.951958154,0.671318559,0.396520205,0.119923398,"48:06.5",7,"good",21.8,2024-01-10,"2024-01-09","2024-01-09 21:31","2024-01-10 12:35","2024-01-10 21:32",15.32528167,"black",1,"SDB","2",-73.74,45.47,"PETI",2024,1,10,6.4,-2.6,1.9,12.6,14,60,2024-01-10 21:48:00,2024-01-10 16:48:00
"120","end",1,77897,34,0,0,"59:51.2",1.222003611,0.522683924,0.74331889,0.104339887,"48:35.8",8,"good",21.8,2023-11-16,"2023-11-15","2023-11-15 21:27","2023-11-16 11:56","2023-11-16 21:26",21.71286333,"black",1,"SDB","2",-73.74,45.47,"PETI",2023,11,16,11.7,2,6.8,1,0,0,2023-11-16 21:48:00,2023-11-16 16:48:00
"123","end",3,77899,75,9.7,0,"59:53.7",1.194183268,0.656707641,0.613237729,0.160148686,"48:57.5",8,"good",21.8,2024-01-01,"2023-12-31","2023-12-31 21:22","2024-01-01 12:36","2024-01-01 21:23",25.34210667,"black",1,"SDB","2",-73.74,45.47,"PETI",2024,1,1,-4.1,-7.5,-5.8,2.4,0,0,2024-01-01 21:48:00,2024-01-01 16:48:00
"124","end",4,77900,31,0,9.7,"59:56.2",1.079962977,0.545506238,0.613668989,0.10043097,"48:11.7",8,"good",21.8,2023-11-18,"2023-11-17","2023-11-17 21:25","2023-11-18 11:59","2023-11-18 21:24",23.24462667,"black",1,"SDB","2",-73.74,45.47,"PETI",2023,11,18,3.8,0.9,2.4,0.9,0,33,2023-11-18 21:48:00,2023-11-18 16:48:00
"127","end",7,77903,83,0,9.7,"59:56.6",1.390715375,0.590181783,0.742794444,0.113222484,"48:02.5",8,"good",21.8,2024-01-10,"2024-01-09","2024-01-09 21:31","2024-01-10 12:35","2024-01-10 21:32",15.25898833,"black",1,"SDB","2",-73.74,45.47,"PETI",2024,1,10,6.4,-2.6,1.9,12.6,14,60,2024-01-10 21:48:00,2024-01-10 16:48:00
"608","end",3,90326,25,0,0,"59:56.9",0.738825849,0.542491761,0.336420173,0.064581173,"48:51.3",9,"good",21.8,2024-11-16,"2024-11-15","2024-11-15 21:27","2024-11-16 11:57","2024-11-16 21:26",22.70528833,"black",1,"BDU","3",-73.74,45.47,"PETI",2024,11,16,14.3,1.3,7.8,0,0,34,2024-11-16 21:48:00,2024-11-16 16:48:00
"608","end",3,90326,83,0,9.7,"59:58.7",0.970366503,0.33318787,0.773356103,0.063137807,"48:53.1",9,"good",21.8,2025-01-13,"2025-01-12","2025-01-12 21:36","2025-01-13 12:33","2025-01-13 21:37",11.63580667,"black",1,"BDU","3",-73.74,45.47,"PETI",2025,1,13,-1.1,-5.2,-3.2,4.2,5,42,2025-01-13 21:48:00,2025-01-13 16:48:00
"617","end",2,90335,92,9.7,0,"59:52.5",1.163077647,0.468385973,0.904635535,0.090527722,"48:47.4",10,"good",21.8,2025-01-24,"2025-01-23","2025-01-23 21:50","2025-01-24 12:26","2025-01-24 21:51",-3.143730001,"black",1,"BDU","3",-73.74,45.47,"PETI",2025,1,24,-8.3,-17,-12.7,0.2,7,0,2025-01-24 21:48:00,2025-01-24 16:48:00
"620","end",4,90338,69,9.7,9.7,"59:54.2",1.026443876,0.626501761,0.210788969,0.078066918,"48:38.9",10,"good",21.8,2025-01-05,"2025-01-04","2025-01-04 21:27","2025-01-05 12:36","2025-01-05 21:28",20.51457667,"black",1,"BDU","3",-73.74,45.47,"PETI",2025,1,5,-9.8,-14.5,-12.1,0.4,0,36,2025-01-05 21:48:00,2025-01-05 16:48:00
"625","end",9,90343,65,0,9.7,"57:11.9",1.136771537,0.647445165,0.578207357,0.13919031,"48:49.2",10,"good",21.8,2025-01-03,"2025-01-02","2025-01-02 21:25","2025-01-03 12:36","2025-01-03 21:26",22.670635,"black",1,"SDB","3",-73.74,45.47,"PETI",2025,1,3,-3.6,-9.7,-6.7,0.2,0,54,2025-01-03 21:48:00,2025-01-03 16:48:00
"627","end",2,90345,72,0,0,"59:55.8",1.121526074,0.511020193,0.565379496,0.103711738,"48:01.6",11,"good",21.8,2025-01-13,"2025-01-12","2025-01-12 21:36","2025-01-13 12:33","2025-01-13 21:37",10.77614,"black",1,"BDU","3",-73.74,45.47,"PETI",2025,1,13,-1.1,-5.2,-3.2,4.2,5,42,2025-01-13 21:48:00,2025-01-13 16:48:00
"627","end",2,90345,87,0,9.7,"50:20.3",1.110422806,0.662041649,0.5112977,0.079344991,"48:27.4",11,"good",21.8,2025-01-28,"2025-01-27","2025-01-27 21:56","2025-01-28 12:22","2025-01-28 21:57",-9.193941665,"black",1,"BDU","3",-73.74,45.47,"PETI",2025,1,28,-1.3,-15.6,-8.4,0.8,7,47,2025-01-28 21:48:00,2025-01-28 16:48:00
"630","end",5,90348,7,0,9.7,"59:53.3",1.010237007,0.477763108,0.430818238,0.089944685,"48:57.3",11,"good",21.8,2024-11-13,"2024-11-12","2024-11-12 21:30","2024-11-13 11:53","2024-11-13 21:29",19.73817833,"black",1,"BDU","3",-73.74,45.47,"PETI",2024,11,13,3.5,-2.6,0.5,0,0,0,2024-11-13 21:48:00,2024-11-13 16:48:00
"631","end",6,90349,55,0,9.7,"59:58.4",0.94877454,0.341898372,0.814227294,0.048010293,"48:33.8",11,"good",21.8,2025-01-05,"2025-01-04","2025-01-04 21:27","2025-01-05 12:36","2025-01-05 21:28",20.42938167,"black",1,"BDU","3",-73.74,45.47,"PETI",2025,1,5,-9.8,-14.5,-12.1,0.4,0,36,2025-01-05 21:48:00,2025-01-05 16:48:00
"634","end",9,90352,49,9.7,38.79,"59:50.3",0.861380034,0.522488638,0.302231549,0.054110129,"48:15.7",11,"good",21.8,2024-12-31,"2024-12-30","2024-12-30 21:22","2024-12-31 12:36","2024-12-31 21:23",24.86119334,"black",1,"NDG","3",-73.74,45.47,"PETI",2024,12,31,6.3,1.8,4.1,0,0,39,2024-12-31 21:48:00,2024-12-31 16:48:00
"635","end",10,90353,13,9.7,0,"59:51.4",0.831916176,0.648266041,0.198769255,0.0908531,"48:16.6",11,"good",21.8,2024-11-25,"2024-11-24","2024-11-24 21:19","2024-11-25 12:09","2024-11-25 21:18",29.40985833,"black",1,"BDU","3",-73.74,45.47,"PETI",2024,11,25,4.3,-1.5,1.4,0,0,32,2024-11-25 21:48:00,2024-11-25 16:48:00
"641","end",5,90359,8,19.4,9.7,"59:56.1",1.190823883,0.753540791,0.631313013,0.117252878,"48:21.4",12,"good",21.8,2024-11-22,"2024-11-21","2024-11-21 21:21","2024-11-22 12:06","2024-11-22 21:20",27.40708833,"black",1,"SDB","3",-73.74,45.47,"PETI",2024,11,22,7.7,3.7,5.7,4.1,0,57,2024-11-22 21:48:00,2024-11-22 16:48:00
"641","end",5,90359,72,9.7,2405.26,"59:22.3",1.240402453,0.678500953,0.651001248,0.068066759,"48:36.1",12,"good",21.8,2025-01-25,"2025-01-24","2025-01-24 21:51","2025-01-25 12:25","2025-01-25 21:53",-4.748769999,"black",1,"SDB","3",-73.74,45.47,"PETI",2025,1,25,-3.4,-19.9,-11.6,0.4,6,41,2025-01-25 21:48:00,2025-01-25 16:48:00
"207","end",2,68907,40,7.3,7.3,"59:59.1",1.294951197,0.67263401,0.806852205,0.157043715,"49:56.3",1,"good",21.81666667,2022-11-17,"2022-11-16","2022-11-16 21:26","2022-11-17 11:58","2022-11-17 21:25",24.288115,"black",1,"SDB","1",-73.74,45.47,"PETI",2022,11,17,-0.6,-5.8,-3.2,0,7,51,2022-11-17 21:49:00,2022-11-17 16:49:00
"207","end",2,68907,113,0,7.3,"59:58.8",1.329288019,0.437079435,0.896302193,0.065247861,"49:34.0",1,"good",21.81666667,2023-01-29,"2023-01-28","2023-01-28 21:56","2023-01-29 12:21","2023-01-29 21:58",-8.832528333,"black",1,"SDB","1",-73.74,45.47,"PETI",2023,1,29,-2.6,-10.6,-6.6,7.6,33,38,2023-01-29 21:49:00,2023-01-29 16:49:00
"207","end",2,68907,169,0,7.3,"55:17.3",0.679769904,0.51931279,0.099958614,0.059229008,"49:08.0",1,"good",21.81666667,2023-03-26,"2023-03-25","2023-03-25 23:14","2023-03-26 10:49","2023-03-26 23:16",-87.03323667,"black",1,"SDB","1",-73.74,45.47,"PETI",2023,3,26,5,1.7,3.3,0.2,2,50,2023-03-26 21:49:00,2023-03-26 17:49:00
"213","end",3,68913,18,7.3,0,"59:59.0",1.3628532,0.391234258,0.992260442,0.085059076,"49:56.3",2,"good",21.81666667,2022-11-09,"2022-11-08","2022-11-08 21:35","2022-11-09 11:47","2022-11-09 21:34",15.588255,"black",1,"SDB","1",-73.74,45.47,"PETI",2022,11,9,8.9,-3.6,2.7,0,0,0,2022-11-09 21:49:00,2022-11-09 16:49:00
"213","end",3,68913,82,0,7.3,"59:53.7",1.0319323,0.349235938,0.758499074,0.053901461,"49:21.8",2,"good",21.81666667,2023-01-12,"2023-01-11","2023-01-11 21:34","2023-01-12 12:34","2023-01-12 21:35",13.91374333,"black",1,"SDB","1",-73.74,45.47,"PETI",2023,1,12,-0.8,-7.9,-4.4,11.8,0,0,2023-01-12 21:49:00,2023-01-12 16:49:00
"217","end",2,68917,72,7.3,0,"59:54.8",1.105517824,0.379651806,0.830598693,0.076911971,"49:15.6",3,"good",21.81666667,2023-01-06,"2023-01-05","2023-01-05 21:27","2023-01-06 12:36","2023-01-06 21:28",20.57621833,"black",1,"SDB","1",-73.74,45.47,"PETI",2023,1,6,1.8,-4.3,-1.3,3.2,0,0,2023-01-06 21:49:00,2023-01-06 16:49:00
"217","end",2,68917,95,0,7.3,"59:54.6",1.024047173,0.404421491,0.840440856,0.10981221,"49:37.2",3,"good",21.81666667,2023-01-29,"2023-01-28","2023-01-28 21:56","2023-01-29 12:21","2023-01-29 21:58",-8.779519999,"black",1,"SDB","1",-73.74,45.47,"PETI",2023,1,29,-2.6,-10.6,-6.6,7.6,33,38,2023-01-29 21:49:00,2023-01-29 16:49:00
"219","end",4,68919,12,0,7.3,"59:54.1",1.259689198,0.441125851,0.864932228,0.083656456,"49:00.4",3,"good",21.81666667,2022-11-11,"2022-11-10","2022-11-10 21:33","2022-11-11 11:50","2022-11-11 21:31",17.02338667,"black",1,"SDB","1",-73.74,45.47,"PETI",2022,11,11,16.8,7.1,12,38.8,0,0,2022-11-11 21:49:00,2022-11-11 16:49:00
"219","end",4,68919,16,0,0,"59:53.0",1.356014198,0.429477442,0.921358932,0.097733608,"49:06.5",3,"good",21.81666667,2022-11-15,"2022-11-14","2022-11-14 21:28","2022-11-15 11:55","2022-11-15 21:27",21.47573333,"black",1,"SDB","1",-73.74,45.47,"PETI",2022,11,15,1.3,-3.9,-1.3,0,0,0,2022-11-15 21:49:00,2022-11-15 16:49:00
"219","end",4,68919,68,0,7.3,"59:57.9",1.654898129,0.51589667,1.131971695,0.123300626,"49:18.8",3,"good",21.81666667,2023-01-06,"2023-01-05","2023-01-05 21:27","2023-01-06 12:36","2023-01-06 21:28",20.62995167,"black",1,"SDB","1",-73.74,45.47,"PETI",2023,1,6,1.8,-4.3,-1.3,3.2,0,0,2023-01-06 21:49:00,2023-01-06 16:49:00
"222","end",2,68922,1,7.3,0,"59:53.8",1.070591547,0.416455181,0.602830125,0.059644124,"49:22.0",4,"good",21.81666667,2022-11-03,"2022-11-02","2022-11-02 21:43","2022-11-03 11:39","2022-11-03 21:42",7.217150001,"black",1,"SDB","1",-73.74,45.47,"PETI",2022,11,3,17.2,2.9,10,0,0,0,2022-11-03 21:49:00,2022-11-03 17:49:00
"224","end",4,68924,5,7.3,226.27,"59:53.1",0.975579365,0.742289423,0.321187666,0.133438997,"49:28.4",4,"good",21.81666667,2022-11-08,"2022-11-07","2022-11-07 21:36","2022-11-08 11:46","2022-11-08 21:35",13.89002333,"black",1,"SDB","1",-73.74,45.47,"PETI",2022,11,8,7.4,-3,2.2,0,0,39,2022-11-08 21:49:00,2022-11-08 16:49:00
"224","end",4,68924,17,7.3,7.3,"59:57.6",1.167200406,0.73372749,0.528172982,0.106575715,"49:33.0",4,"good",21.81666667,2022-11-20,"2022-11-19","2022-11-19 21:23","2022-11-20 12:02","2022-11-20 21:22",26.59945,"black",1,"SDB","1",-73.74,45.47,"PETI",2022,11,20,-1,-8.9,-4.9,0.2,5,68,2022-11-20 21:49:00,2022-11-20 16:49:00
"224","end",4,68924,71,7.3,0,"59:53.2",0.968639328,0.68754191,0.567228798,0.114712988,"49:21.3",4,"good",21.81666667,2023-01-13,"2023-01-12","2023-01-12 21:35","2023-01-13 12:34","2023-01-13 21:36",12.68754,"black",1,"SDB","1",-73.74,45.47,"PETI",2023,1,13,-0.9,-5.2,-3,8.8,10,34,2023-01-13 21:49:00,2023-01-13 16:49:00
"224","end",4,68924,74,7.3,7.3,"59:59.4",1.192695604,0.616271428,0.803522296,0.124998938,"49:12.9",4,"good",21.81666667,2023-01-16,"2023-01-15","2023-01-15 21:39","2023-01-16 12:32","2023-01-16 21:40",8.781330001,"black",1,"SDB","1",-73.74,45.47,"PETI",2023,1,16,-4.5,-15.7,-10.1,0.5,18,0,2023-01-16 21:49:00,2023-01-16 16:49:00
"225","end",5,68925,6,0,0,"27:11.4",1.403877217,0.630963548,0.838065839,0.101322851,"49:22.9",4,"good",21.81666667,2022-11-14,"2022-11-13","2022-11-13 21:29","2022-11-14 11:54","2022-11-14 21:28",20.71489667,"black",1,"SDB","1",-73.74,45.47,"PETI",2022,11,14,2.2,-2.2,0,0,0,40,2022-11-14 21:49:00,2022-11-14 16:49:00
"225","end",5,68925,11,0,7.3,"59:54.5",1.376457188,0.584486471,0.784932238,0.111954253,"49:59.0",4,"good",21.81666667,2022-11-19,"2022-11-18","2022-11-18 21:24","2022-11-19 12:01","2022-11-19 21:23",26.16689667,"black",1,"SDB","1",-73.74,45.47,"PETI",2022,11,19,1.5,-3,-0.8,0.8,8,50,2022-11-19 21:49:00,2022-11-19 16:49:00
"225","end",5,68925,31,7.3,0,"59:53.6",1.224749659,0.65745926,0.834976142,0.108145651,"49:21.6",4,"good",21.81666667,2022-12-09,"2022-12-08","2022-12-08 21:14","2022-12-09 12:25","2022-12-09 21:14",35.327355,"black",1,"SDB","1",-73.74,45.47,"PETI",2022,12,9,-1.1,-9.1,-5.1,0.2,0,36,2022-12-09 21:49:00,2022-12-09 16:49:00
"225","end",5,68925,64,7.3,7.3,"59:54.2",1.402670859,0.421753446,1.062622799,0.062503377,"49:29.5",4,"good",21.81666667,2023-01-11,"2023-01-10","2023-01-10 21:33","2023-01-11 12:35","2023-01-11 21:34",15.242175,"black",1,"SDB","1",-73.74,45.47,"PETI",2023,1,11,-7.8,-12.4,-10.1,0.2,0,0,2023-01-11 21:49:00,2023-01-11 16:49:00
"225","end",5,68925,82,0,7.3,"59:57.8",1.344275068,0.528306494,1.030745441,0.122316099,"49:03.9",4,"good",21.81666667,2023-01-29,"2023-01-28","2023-01-28 21:56","2023-01-29 12:21","2023-01-29 21:58",-9.334848332,"black",1,"SDB","1",-73.74,45.47,"PETI",2023,1,29,-2.6,-10.6,-6.6,7.6,33,38,2023-01-29 21:49:00,2023-01-29 16:49:00
"93","end",3,77870,19,0,9.7,"59:59.3",1.444354641,0.417956705,0.466070105,0.055354753,"49:12.9",5,"good",21.81666667,2023-11-16,"2023-11-15","2023-11-15 21:27","2023-11-16 11:56","2023-11-16 21:26",22.33241,"black",1,"BDU","2",-73.74,45.47,"PETI",2023,11,16,11.7,2,6.8,1,0,0,2023-11-16 21:49:00,2023-11-16 16:49:00
"95","end",5,77872,11,9.7,0,"59:53.6",0.859117664,0.521361338,0.471830792,0.085107156,"49:07.3",5,"good",21.81666667,2023-11-10,"2023-11-09","2023-11-09 21:34","2023-11-10 11:48","2023-11-10 21:33",15.671225,"black",1,"BDU","2",-73.74,45.47,"PETI",2023,11,10,7.1,0.6,3.8,0.7,0,37,2023-11-10 21:49:00,2023-11-10 16:49:00
"95","end",5,77872,13,0,9.7,"59:50.9",0.985466335,0.560969538,0.475074344,0.092461967,"49:33.7",5,"good",21.81666667,2023-11-12,"2023-11-11","2023-11-11 21:32","2023-11-12 11:51","2023-11-12 21:31",18.42822833,"black",1,"BDU","2",-73.74,45.47,"PETI",2023,11,12,0.7,-3.5,-1.4,0,0,0,2023-11-12 21:49:00,2023-11-12 16:49:00
"97","end",6,77874,19,0,9.7,"59:57.7",0.987308329,0.533827282,0.586317623,0.095144059,"49:50.3",5,"good",21.81666667,2023-11-18,"2023-11-17","2023-11-17 21:25","2023-11-18 11:59","2023-11-18 21:24",24.88764167,"black",1,"SDB","2",-73.74,45.47,"PETI",2023,11,18,3.8,0.9,2.4,0.9,0,33,2023-11-18 21:49:00,2023-11-18 16:49:00
"97","end",6,77874,91,0,9.7,"59:53.9",1.022513291,0.638424217,0.453797371,0.126074237,"49:27.2",5,"good",21.81666667,2024-01-29,"2024-01-28","2024-01-28 21:56","2024-01-29 12:21","2024-01-29 21:58",-8.564133334,"black",1,"SDB","2",-73.74,45.47,"PETI",2024,1,29,0.2,-4.2,-2,0,12,0,2024-01-29 21:49:00,2024-01-29 16:49:00
"104","end",5,77881,38,9.7,9.7,"59:54.7",1.079101783,0.574494677,0.414477395,0.08175483,"49:08.4",6,"good",21.81666667,2023-12-12,"2023-12-11","2023-12-11 21:13","2023-12-12 12:27","2023-12-12 21:14",35.12411,"black",1,"SDB","2",-73.74,45.47,"PETI",2023,12,12,4.3,-5.4,-0.5,0.4,2,42,2023-12-12 21:49:00,2023-12-12 16:49:00
"111","end",2,77888,52,0,9.7,"59:57.2",1.101234818,0.679144037,0.571385832,0.13629895,"49:01.4",7,"good",21.81666667,2024-01-04,"2024-01-03","2024-01-03 21:25","2024-01-04 12:36","2024-01-04 21:26",22.62298333,"black",1,"SDB","2",-73.74,45.47,"PETI",2024,1,4,1.8,-11.4,-4.8,1.1,0,40,2024-01-04 21:49:00,2024-01-04 16:49:00
"115","end",6,77892,3,9.6,0.09,"59:54.8",0.336722471,0.303947554,0.085237856,0.050386434,"49:56.8",7,"good",21.81666667,2023-11-22,"2023-11-21","2023-11-21 21:22","2023-11-22 12:05","2023-11-22 21:21",28.429225,"black",1,"BDU","2",-73.74,45.47,"PETI",2023,11,22,6.3,1.2,3.8,11,0,38,2023-11-22 21:49:00,2023-11-22 16:49:00
"120","end",1,77897,37,0,0,"59:51.8",1.109973299,0.531631002,0.737187574,0.101690013,"49:24.9",8,"good",21.81666667,2023-11-19,"2023-11-18","2023-11-18 21:24","2023-11-19 12:01","2023-11-19 21:24",25.38106833,"black",1,"SDB","2",-73.74,45.47,"PETI",2023,11,19,5.3,-3.7,0.8,0.5,0,44,2023-11-19 21:49:00,2023-11-19 16:49:00
"124","end",4,77900,84,9.7,0,"59:59.3",1.527187349,0.805480911,0.719842984,0.22431377,"49:32.4",8,"good",21.81666667,2024-01-10,"2024-01-09","2024-01-09 21:31","2024-01-10 12:35","2024-01-10 21:32",16.75671833,"black",1,"SDB","2",-73.74,45.47,"PETI",2024,1,10,6.4,-2.6,1.9,12.6,14,60,2024-01-10 21:49:00,2024-01-10 16:49:00
"608","end",3,90326,5,0,0,"59:51.0",1.092429278,0.651645693,0.796784504,0.094005884,"49:14.5",9,"good",21.81666667,2024-10-27,"2024-10-26","2024-10-26 21:53","2024-10-27 11:29","2024-10-27 21:51",-2.441845,"black",1,"BDU","3",-73.74,45.47,"PETI",2024,10,27,8.1,-2.7,2.7,0,0,49,2024-10-27 21:49:00,2024-10-27 17:49:00
"608","end",3,90326,22,0,0,"59:51.3",1.303579754,0.399385522,0.894643181,0.09501338,"49:05.2",9,"good",21.81666667,2024-11-13,"2024-11-12","2024-11-12 21:30","2024-11-13 11:53","2024-11-13 21:29",19.86919,"black",1,"BDU","3",-73.74,45.47,"PETI",2024,11,13,3.5,-2.6,0.5,0,0,0,2024-11-13 21:49:00,2024-11-13 16:49:00
"608","end",3,90326,24,0,0,"59:51.8",0.712116031,0.531525428,0.289526538,0.067766375,"49:34.7",9,"good",21.81666667,2024-11-15,"2024-11-14","2024-11-14 21:28","2024-11-15 11:56","2024-11-15 21:27",22.44499833,"black",1,"BDU","3",-73.74,45.47,"PETI",2024,11,15,9.6,-2.8,3.4,0,0,0,2024-11-15 21:49:00,2024-11-15 16:49:00
"608","end",3,90326,32,0,9.7,"59:53.7",1.263280733,0.378831596,0.783241764,0.052972951,"49:36.8",9,"good",21.81666667,2024-11-23,"2024-11-22","2024-11-22 21:20","2024-11-23 12:07","2024-11-23 21:20",29.397115,"black",1,"BDU","3",-73.74,45.47,"PETI",2024,11,23,7.3,4,5.7,0,0,36,2024-11-23 21:49:00,2024-11-23 16:49:00
"608","end",3,90326,90,0,9.7,"59:54.9",0.94104805,0.423980732,0.675975116,0.064633757,"49:18.4",9,"good",21.81666667,2025-01-20,"2025-01-19","2025-01-19 21:45","2025-01-20 12:29","2025-01-20 21:46",2.922859999,"black",1,"BDU","3",-73.74,45.47,"PETI",2025,1,20,-10.8,-16.9,-13.9,0.2,5,31,2025-01-20 21:49:00,2025-01-20 16:49:00
"617","end",2,90335,85,0,9.7,"59:51.7",1.058339089,0.405990895,0.80913311,0.09294028,"49:44.7",10,"good",21.81666667,2025-01-17,"2025-01-16","2025-01-16 21:41","2025-01-17 12:31","2025-01-17 21:42",7.378495002,"black",1,"BDU","3",-73.74,45.47,"PETI",2025,1,17,-0.4,-8.7,-4.6,0.2,8,33,2025-01-17 21:49:00,2025-01-17 16:49:00
"620","end",4,90338,23,9.7,9.7,"59:55.0",0.80865034,0.598965914,0.131634201,0.074676031,"49:08.8",10,"good",21.81666667,2024-11-20,"2024-11-19","2024-11-19 21:23","2024-11-20 12:03","2024-11-20 21:22",26.61369667,"black",1,"BDU","3",-73.74,45.47,"PETI",2024,11,20,8,3.7,5.9,0,0,35,2024-11-20 21:49:00,2024-11-20 16:49:00
"625","end",9,90343,71,0,0,"12:26.4",1.140924582,0.687031736,0.643128331,0.106852543,"49:40.7",10,"good",21.81666667,2025-01-09,"2025-01-08","2025-01-08 21:31","2025-01-09 12:35","2025-01-09 21:32",17.19514833,"black",1,"SDB","3",-73.74,45.47,"PETI",2025,1,9,-6.1,-11.8,-9,0.2,3,50,2025-01-09 21:49:00,2025-01-09 16:49:00
"631","end",6,90349,70,0,9.7,"59:53.6",1.196811309,0.39367532,0.971985277,0.08044496,"49:46.5",11,"good",21.81666667,2025-01-20,"2025-01-19","2025-01-19 21:45","2025-01-20 12:29","2025-01-20 21:46",3.391306667,"black",1,"BDU","3",-73.74,45.47,"PETI",2025,1,20,-10.8,-16.9,-13.9,0.2,5,31,2025-01-20 21:49:00,2025-01-20 16:49:00
"633","end",8,90351,8,38.79,9.7,"59:52.4",1.000494056,0.558623671,0.402014082,0.091994385,"49:35.7",11,"good",21.81666667,2024-11-19,"2024-11-18","2024-11-18 21:24","2024-11-19 12:02","2024-11-19 21:23",26.21101833,"black",1,"NDG","3",-73.74,45.47,"PETI",2024,11,19,10.9,0.9,5.9,0,0,0,2024-11-19 21:49:00,2024-11-19 16:49:00
"634","end",9,90352,3,9.7,9.7,"59:50.4",0.884120494,0.485623201,0.304602651,0.087122613,"49:52.7",11,"good",21.81666667,2024-11-15,"2024-11-14","2024-11-14 21:28","2024-11-15 11:56","2024-11-15 21:27",22.74535167,"black",1,"NDG","3",-73.74,45.47,"PETI",2024,11,15,9.6,-2.8,3.4,0,0,0,2024-11-15 21:49:00,2024-11-15 16:49:00
"634","end",9,90352,63,9.93,58.02,"59:52.8",0.709148898,0.525676725,0.185256476,0.049282518,"49:16.4",11,"good",21.81666667,2025-01-14,"2025-01-13","2025-01-13 21:37","2025-01-14 12:33","2025-01-14 21:38",10.77361667,"black",1,"NDG","3",-73.74,45.47,"PETI",2025,1,14,-2.3,-7.8,-5,0.2,9,48,2025-01-14 21:49:00,2025-01-14 16:49:00
"635","end",10,90353,62,9.7,0,"59:55.1",0.661196726,0.587364741,0.255675322,0.074367964,"49:08.9",11,"good",21.81666667,2025-01-13,"2025-01-12","2025-01-12 21:36","2025-01-13 12:33","2025-01-13 21:37",11.89773,"black",1,"BDU","3",-73.74,45.47,"PETI",2025,1,13,-1.1,-5.2,-3.2,4.2,5,42,2025-01-13 21:49:00,2025-01-13 16:49:00
"641","end",5,90359,10,9.7,9.7,"21:09.0",1.331424794,0.653662683,0.695958581,0.13091541,"49:00.8",12,"good",21.81666667,2024-11-24,"2024-11-23","2024-11-23 21:20","2024-11-24 12:08","2024-11-24 21:19",29.49689333,"black",1,"SDB","3",-73.74,45.47,"PETI",2024,11,24,5.3,-0.1,2.6,0,0,58,2024-11-24 21:49:00,2024-11-24 16:49:00
"645","end",7,90363,56,0,9.7,"12:31.1",1.042457835,0.682855522,0.533877866,0.129115369,"49:26.0",12,"good",21.81666667,2025-01-09,"2025-01-08","2025-01-08 21:31","2025-01-09 12:35","2025-01-09 21:32",16.94989833,"black",1,"SDB","3",-73.74,45.47,"PETI",2025,1,9,-6.1,-11.8,-9,0.2,3,50,2025-01-09 21:49:00,2025-01-09 16:49:00
"206","end",1,68906,25,0,7.3,"59:58.9",1.062667921,0.525907655,0.654141601,0.091757026,"50:10.9",1,"good",21.83333333,2022-11-05,"2022-11-04","2022-11-04 21:40","2022-11-05 11:41","2022-11-05 21:39",10.74888833,"black",1,"SDB","1",-73.74,45.47,"PETI",2022,11,5,24.2,10.5,17.4,0,0,37,2022-11-05 21:50:00,2022-11-05 17:50:00
"206","end",1,68906,100,0,7.3,"59:53.3",1.119599316,0.693611555,0.5146935,0.118948895,"50:41.9",1,"good",21.83333333,2023-01-19,"2023-01-18","2023-01-18 21:43","2023-01-19 12:30","2023-01-19 21:44",6.314211667,"black",1,"SDB","1",-73.74,45.47,"PETI",2023,1,19,0.2,-4.1,-1.9,4.9,17,41,2023-01-19 21:50:00,2023-01-19 16:50:00
"213","end",3,68913,28,0,0,"59:56.7",1.446719866,0.560229941,0.945290454,0.0978508,"50:08.6",2,"good",21.83333333,2022-11-19,"2022-11-18","2022-11-18 21:24","2022-11-19 12:01","2022-11-19 21:23",26.32731833,"black",1,"SDB","1",-73.74,45.47,"PETI",2022,11,19,1.5,-3,-0.8,0.8,8,50,2022-11-19 21:50:00,2022-11-19 16:50:00
"214","end",4,68914,60,7.3,7.3,"59:55.9",1.079258872,0.758205741,0.517969625,0.137826167,"50:07.8",2,"good",21.83333333,2022-11-06,"2022-11-05","2022-11-05 21:39","2022-11-06 11:43","2022-11-06 21:38",12.01306,"black",1,"SDB","1",-73.74,45.47,"PETI",2022,11,6,21.4,15.2,18.3,6.6,0,41,2022-11-06 21:50:00,2022-11-06 16:50:00
"219","end",4,68919,47,0,7.3,"59:57.6",1.394211455,0.641810165,0.779994375,0.179394036,"50:46.1",3,"good",21.83333333,2022-12-16,"2022-12-15","2022-12-15 21:14","2022-12-16 12:30","2022-12-16 21:14",36.118525,"black",1,"SDB","1",-73.74,45.47,"PETI",2022,12,16,2.2,-0.8,0.7,11.4,1,38,2022-12-16 21:50:00,2022-12-16 16:50:00
"222","end",2,68922,57,7.3,0,"59:53.1",1.40333738,0.552291497,0.761797707,0.100967404,"50:34.3",4,"good",21.83333333,2022-12-29,"2022-12-28","2022-12-28 21:20","2022-12-29 12:36","2022-12-29 21:21",29.22157167,"black",1,"SDB","1",-73.74,45.47,"PETI",2022,12,29,6.1,-2.9,1.6,0.5,18,0,2022-12-29 21:50:00,2022-12-29 16:50:00
"225","end",5,68925,69,14.6,7.3,"59:52.7",1.392381479,0.611014061,0.854001365,0.092867253,"50:33.8",4,"good",21.83333333,2023-01-16,"2023-01-15","2023-01-15 21:39","2023-01-16 12:32","2023-01-16 21:40",10.12968833,"black",1,"SDB","1",-73.74,45.47,"PETI",2023,1,16,-4.5,-15.7,-10.1,0.5,18,0,2023-01-16 21:50:00,2023-01-16 16:50:00
"97","end",6,77874,16,0,9.7,"59:51.8",1.242285609,0.389519681,0.773527928,0.074962301,"50:42.6",5,"good",21.83333333,2023-11-15,"2023-11-14","2023-11-14 21:28","2023-11-15 11:55","2023-11-15 21:27",22.81055,"black",1,"SDB","2",-73.74,45.47,"PETI",2023,11,15,10,1.1,5.5,0.8,0,0,2023-11-15 21:50:00,2023-11-15 16:50:00
"97","end",6,77874,67,9.7,9.7,"59:58.9",0.981815912,0.581770358,0.480133858,0.086269865,"50:30.3",5,"good",21.83333333,2024-01-05,"2024-01-04","2024-01-04 21:26","2024-01-05 12:36","2024-01-05 21:27",23.12200333,"black",1,"SDB","2",-73.74,45.47,"PETI",2024,1,5,-1.2,-12.5,-6.9,0,0,31,2024-01-05 21:50:00,2024-01-05 16:50:00
"102","end",3,77879,3,9.7,0,"59:59.7",1.00994609,0.507906751,0.687298674,0.093326859,"50:30.9",6,"good",21.83333333,2023-11-06,"2023-11-05","2023-11-05 21:39","2023-11-06 11:42","2023-11-06 21:38",12.04832833,"black",1,"SDB","2",-73.74,45.47,"PETI",2023,11,6,8.1,-3.4,2.4,0.3,0,41,2023-11-06 21:50:00,2023-11-06 16:50:00
"109","end",10,77886,55,9.7,0,"59:59.7",0.989294217,0.3965253,0.506051055,0.056414296,"50:40.7",6,"good",21.83333333,2024-01-04,"2024-01-03","2024-01-03 21:25","2024-01-04 12:36","2024-01-04 21:26",24.27767,"black",1,"BDU","2",-73.74,45.47,"PETI",2024,1,4,1.8,-11.4,-4.8,1.1,0,40,2024-01-04 21:50:00,2024-01-04 16:50:00
"109","end",10,77886,60,9.7,9.7,"59:42.6",0.93261827,0.697655584,0.427704876,0.08699613,"50:13.8",6,"good",21.83333333,2024-01-09,"2024-01-08","2024-01-08 21:30","2024-01-09 12:35","2024-01-09 21:31",18.58067167,"black",1,"BDU","2",-73.74,45.47,"PETI",2024,1,9,2.2,-7.2,-2.5,18.7,7,39,2024-01-09 21:50:00,2024-01-09 16:50:00
"111","end",2,77888,7,0,9.7,"59:54.2",1.02100749,0.59272425,0.643037445,0.091760441,"50:16.0",7,"good",21.83333333,2023-11-20,"2023-11-19","2023-11-19 21:24","2023-11-20 12:02","2023-11-20 21:23",27.09947667,"black",1,"SDB","2",-73.74,45.47,"PETI",2023,11,20,0.3,-5.8,-2.8,1.5,0,0,2023-11-20 21:50:00,2023-11-20 16:50:00
"116","end",7,77893,51,0,9.7,"59:54.5",0.859061722,0.631507951,0.473801118,0.098679,"50:16.1",7,"good",21.83333333,2024-01-12,"2024-01-11","2024-01-11 21:33","2024-01-12 12:34","2024-01-12 21:35",15.13438833,"black",1,"SDB","2",-73.74,45.47,"PETI",2024,1,12,-1.9,-8.2,-5,3.5,6,45,2024-01-12 21:50:00,2024-01-12 16:50:00
"118","end",9,77895,94,9.7,48.49,"47:22.1",1.651932123,0.734244977,1.000867969,0.117317251,"50:49.4",7,"good",21.83333333,2024-01-13,"2024-01-12","2024-01-12 21:35","2024-01-13 12:34","2024-01-13 21:36",14.47381167,"black",1,"SDB","2",-73.74,45.47,"PETI",2024,1,13,2.3,-6.7,-2.2,13.2,6,65,2024-01-13 21:50:00,2024-01-13 16:50:00
"121","end",2,77898,83,0,9.71,"59:06.4",1.326908953,0.647093494,0.643088587,0.088683953,"50:06.4",8,"good",21.83333333,2024-01-08,"2024-01-07","2024-01-07 21:29","2024-01-08 12:36","2024-01-08 21:30",19.55652666,"black",1,"BDU","2",-73.74,45.47,"PETI",2024,1,8,-2.3,-7.9,-5.1,0.4,8,0,2024-01-08 21:50:00,2024-01-08 16:50:00
"123","end",3,77899,18,9.7,48.49,"10:24.7",1.404570763,0.666815618,0.856466457,0.083194959,"50:33.4",8,"good",21.83333333,2023-11-05,"2023-11-04","2023-11-04 21:41","2023-11-05 11:41","2023-11-05 21:39",10.77374667,"black",1,"SDB","2",-73.74,45.47,"PETI",2023,11,5,8.5,0,4.3,1.3,0,0,2023-11-05 21:50:00,2023-11-05 16:50:00
"123","end",3,77899,19,9.7,0,"49:39.6",1.368840058,0.652097842,0.896261233,0.085156045,"50:41.2",8,"good",21.83333333,2023-11-06,"2023-11-05","2023-11-05 21:39","2023-11-06 11:42","2023-11-06 21:38",12.22002333,"black",1,"SDB","2",-73.74,45.47,"PETI",2023,11,6,8.1,-3.4,2.4,0.3,0,41,2023-11-06 21:50:00,2023-11-06 16:50:00
"124","end",4,77900,22,0,9.7,"59:57.1",1.146450462,0.461964674,0.721706775,0.086544137,"49:59.3",8,"good",21.83333333,2023-11-09,"2023-11-08","2023-11-08 21:35","2023-11-09 11:47","2023-11-09 21:34",15.32114333,"black",1,"SDB","2",-73.74,45.47,"PETI",2023,11,9,3.7,-1.5,1.1,5.3,0,0,2023-11-09 21:50:00,2023-11-09 16:50:00
"124","end",4,77900,23,0,9.7,"59:53.7",0.899699619,0.638563577,0.462184134,0.108179382,"50:25.0",8,"good",21.83333333,2023-11-10,"2023-11-09","2023-11-09 21:34","2023-11-10 11:48","2023-11-10 21:33",16.96723833,"black",1,"SDB","2",-73.74,45.47,"PETI",2023,11,10,7.1,0.6,3.8,0.7,0,37,2023-11-10 21:50:00,2023-11-10 16:50:00
"127","end",7,77903,17,0,9.7,"59:50.7",0.924944568,0.526157188,0.569771906,0.099572686,"50:51.2",8,"good",21.83333333,2023-11-05,"2023-11-04","2023-11-04 21:41","2023-11-05 11:41","2023-11-05 21:39",11.07034,"black",1,"SDB","2",-73.74,45.47,"PETI",2023,11,5,8.5,0,4.3,1.3,0,0,2023-11-05 21:50:00,2023-11-05 16:50:00
"127","end",7,77903,21,0.06,0,"59:50.5",0.977333932,0.540113006,0.574317074,0.098335536,"50:02.5",8,"good",21.83333333,2023-11-09,"2023-11-08","2023-11-08 21:35","2023-11-09 11:47","2023-11-09 21:34",15.37582333,"black",1,"SDB","2",-73.74,45.47,"PETI",2023,11,9,3.7,-1.5,1.1,5.3,0,0,2023-11-09 21:50:00,2023-11-09 16:50:00
"127","end",7,77903,86,0,0,"59:51.3",1.063169225,0.585242802,0.64785002,0.101125309,"50:22.7",8,"good",21.83333333,2024-01-13,"2024-01-12","2024-01-12 21:35","2024-01-13 12:34","2024-01-13 21:36",14.02858333,"black",1,"SDB","2",-73.74,45.47,"PETI",2024,1,13,2.3,-6.7,-2.2,13.2,6,65,2024-01-13 21:50:00,2024-01-13 16:50:00
"617","end",2,90335,14,0,9.7,"59:53.6",1.016289111,0.490534458,0.628481335,0.094488074,"50:54.6",10,"good",21.83333333,2024-11-07,"2024-11-06","2024-11-06 21:37","2024-11-07 11:45","2024-11-07 21:36",14.67638333,"black",1,"BDU","3",-73.74,45.47,"PETI",2024,11,7,11.2,6.6,8.9,0,0,36,2024-11-07 21:50:00,2024-11-07 16:50:00
"623","end",7,90341,12,9.7,9.7,"59:53.3",0.746431908,0.580825648,0.19401174,0.095610668,"50:05.2",10,"good",21.83333333,2024-11-11,"2024-11-10","2024-11-10 21:32","2024-11-11 11:50","2024-11-11 21:31",18.65391,"black",1,"BDU","3",-73.74,45.47,"PETI",2024,11,11,13.3,5.8,9.6,18.2,0,47,2024-11-11 21:50:00,2024-11-11 16:50:00
"627","end",2,90345,84,9.7,9.7,"59:50.7",1.290204783,0.585412772,0.750057752,0.067024029,"50:41.3",11,"good",21.83333333,2025-01-25,"2025-01-24","2025-01-24 21:51","2025-01-25 12:25","2025-01-25 21:53",-2.661658335,"black",1,"BDU","3",-73.74,45.47,"PETI",2025,1,25,-3.4,-19.9,-11.6,0.4,6,41,2025-01-25 21:50:00,2025-01-25 16:50:00
"631","end",6,90349,63,0,9.7,"59:52.0",1.03769719,0.468417221,0.82264178,0.077167686,"50:04.3",11,"good",21.83333333,2025-01-13,"2025-01-12","2025-01-12 21:36","2025-01-13 12:33","2025-01-13 21:37",12.82234833,"black",1,"BDU","3",-73.74,45.47,"PETI",2025,1,13,-1.1,-5.2,-3.2,4.2,5,42,2025-01-13 21:50:00,2025-01-13 16:50:00
"207","end",2,68907,92,7.3,7.3,"59:54.5",1.410543341,0.462893275,0.805336384,0.098981533,"51:04.7",1,"good",21.85,2023-01-08,"2023-01-07","2023-01-07 21:29","2023-01-08 12:36","2023-01-08 21:30",20.24533,"black",1,"SDB","1",-73.74,45.47,"PETI",2023,1,8,-3.1,-9,-6,0.2,0,31,2023-01-08 21:51:00,2023-01-08 16:51:00
"212","end",2,68912,79,0,7.3,"59:58.2",1.251480247,0.490851873,0.623082143,0.107674745,"51:08.4",2,"good",21.85,2023-01-10,"2023-01-09","2023-01-09 21:31","2023-01-10 12:35","2023-01-10 21:33",18.05678167,"black",1,"SDB","1",-73.74,45.47,"PETI",2023,1,10,-2.8,-10.2,-6.5,0.2,0,36,2023-01-10 21:51:00,2023-01-10 16:51:00
"212","end",2,68912,86,7.3,0,"59:54.2",1.118018232,0.479547305,0.758917111,0.101215251,"51:55.5",2,"good",21.85,2023-01-17,"2023-01-16","2023-01-16 21:40","2023-01-17 12:31","2023-01-17 21:41",10.19137167,"black",1,"SDB","1",-73.74,45.47,"PETI",2023,1,17,-1.7,-11.2,-6.4,0.6,18,0,2023-01-17 21:51:00,2023-01-17 16:51:00
"214","end",4,68914,68,7.3,7.3,"59:14.6",1.04176916,0.788639579,0.296146706,0.123361099,"51:23.3",2,"good",21.85,2022-11-14,"2022-11-13","2022-11-13 21:29","2022-11-14 11:54","2022-11-14 21:28",22.72115333,"black",1,"SDB","1",-73.74,45.47,"PETI",2022,11,14,2.2,-2.2,0,0,0,40,2022-11-14 21:51:00,2022-11-14 16:51:00
"214","end",4,68914,73,21.9,14.6,"59:56.9",1.198457884,0.651386433,0.68891376,0.101132489,"51:07.1",2,"good",21.85,2022-11-19,"2022-11-18","2022-11-18 21:24","2022-11-19 12:01","2022-11-19 21:23",27.30241667,"black",1,"SDB","1",-73.74,45.47,"PETI",2022,11,19,1.5,-3,-0.8,0.8,8,50,2022-11-19 21:51:00,2022-11-19 16:51:00
"222","end",2,68922,11,7.3,0,"59:57.4",0.821028817,0.730785098,0.223922122,0.096162965,"51:51.6",4,"good",21.85,2022-11-13,"2022-11-12","2022-11-12 21:30","2022-11-13 11:53","2022-11-13 21:29",22.12657167,"black",1,"SDB","1",-73.74,45.47,"PETI",2022,11,13,7.1,-1.9,2.6,0.2,0,37,2022-11-13 21:51:00,2022-11-13 16:51:00
"222","end",2,68922,67,0,7.3,"24:42.7",1.108696612,0.618625476,0.573492648,0.133435038,"51:09.8",4,"good",21.85,2023-01-08,"2023-01-07","2023-01-07 21:29","2023-01-08 12:36","2023-01-08 21:30",20.32969333,"black",1,"SDB","1",-73.74,45.47,"PETI",2023,1,8,-3.1,-9,-6,0.2,0,31,2023-01-08 21:51:00,2023-01-08 16:51:00
"95","end",5,77872,8,0,9.7,"59:55.0",0.898722219,0.661757347,0.424201669,0.092208492,"51:24.2",5,"good",21.85,2023-11-07,"2023-11-06","2023-11-06 21:38","2023-11-07 11:44","2023-11-07 21:37",14.23730333,"black",1,"BDU","2",-73.74,45.47,"PETI",2023,11,7,11.4,-0.1,5.6,8.7,0,74,2023-11-07 21:51:00,2023-11-07 16:51:00
"97","end",6,77874,45,9.7,9.7,"59:54.1",1.131512432,0.571318386,0.484585812,0.094513132,"51:43.1",5,"good",21.85,2023-12-14,"2023-12-13","2023-12-13 21:14","2023-12-14 12:29","2023-12-14 21:14",37.50147167,"black",1,"SDB","2",-73.74,45.47,"PETI",2023,12,14,2.8,-7.5,-2.3,0.8,1,37,2023-12-14 21:51:00,2023-12-14 16:51:00
"97","end",6,77874,74,0,9.7,"59:55.3",1.125436207,0.68657329,0.646918138,0.14023779,"51:05.5",5,"good",21.85,2024-01-12,"2024-01-11","2024-01-11 21:33","2024-01-12 12:34","2024-01-12 21:35",15.958105,"black",1,"SDB","2",-73.74,45.47,"PETI",2024,1,12,-1.9,-8.2,-5,3.5,6,45,2024-01-12 21:51:00,2024-01-12 16:51:00
"102","end",3,77879,13,0,9.7,"59:59.6",1.144936253,0.560221288,0.810638629,0.109036937,"51:48.3",6,"good",21.85,2023-11-16,"2023-11-15","2023-11-15 21:27","2023-11-16 11:56","2023-11-16 21:26",24.92227667,"black",1,"SDB","2",-73.74,45.47,"PETI",2023,11,16,11.7,2,6.8,1,0,0,2023-11-16 21:51:00,2023-11-16 16:51:00
"102","end",3,77879,68,0,0,"59:59.1",1.263716675,0.621284951,0.711595628,0.178549797,"51:28.5",6,"good",21.85,2024-01-10,"2024-01-09","2024-01-09 21:31","2024-01-10 12:35","2024-01-10 21:32",18.69117666,"black",1,"SDB","2",-73.74,45.47,"PETI",2024,1,10,6.4,-2.6,1.9,12.6,14,60,2024-01-10 21:51:00,2024-01-10 16:51:00
"102","end",3,77879,71,0,0,"59:54.9",1.032443687,0.62481566,0.644545291,0.200560901,"51:43.6",6,"good",21.85,2024-01-13,"2024-01-12","2024-01-12 21:35","2024-01-13 12:34","2024-01-13 21:36",15.37700333,"black",1,"SDB","2",-73.74,45.47,"PETI",2024,1,13,2.3,-6.7,-2.2,13.2,6,65,2024-01-13 21:51:00,2024-01-13 16:51:00
"123","end",3,77899,16,9.7,0,"59:56.3",1.386469046,0.619310459,0.808878909,0.084122485,"51:54.8",8,"good",21.85,2023-11-03,"2023-11-02","2023-11-02 21:43","2023-11-03 11:38","2023-11-03 21:42",9.412685001,"black",1,"SDB","2",-73.74,45.47,"PETI",2023,11,3,13.5,4.6,9.1,1.1,0,49,2023-11-03 21:51:00,2023-11-03 17:51:00
"124","end",4,77900,82,9.7,0,"59:57.0",1.456150517,0.519582195,0.889610511,0.091278945,"51:26.2",8,"good",21.85,2024-01-08,"2024-01-07","2024-01-07 21:29","2024-01-08 12:36","2024-01-08 21:30",20.88615,"black",1,"SDB","2",-73.74,45.47,"PETI",2024,1,8,-2.3,-7.9,-5.1,0.4,8,0,2024-01-08 21:51:00,2024-01-08 16:51:00
"126","end",6,77902,1,0,9.7,"59:53.9",0.937281692,0.524487119,0.391881899,0.072057335,"51:42.7",8,"good",21.85,2023-10-19,"2023-10-18","2023-10-18 22:07","2023-10-19 11:17","2023-10-19 22:05",-14.205385,"black",1,"BDU","2",-73.74,45.47,"PETI",2023,10,19,16.6,11,13.8,0.4,0,0,2023-10-19 21:51:00,2023-10-19 17:51:00
"617","end",2,90335,10,0,9.7,"59:52.1",1.14078046,0.541617822,0.942989328,0.089461549,"51:02.7",10,"good",21.85,2024-11-03,"2024-11-02","2024-11-02 21:42","2024-11-03 11:39","2024-11-03 21:41",9.561980001,"black",1,"BDU","3",-73.74,45.47,"PETI",2024,11,3,5.6,-5.2,0.2,0,0,0,2024-11-03 21:51:00,2024-11-03 16:51:00
"617","end",2,90335,94,0,9.7,"59:52.7",0.92854648,0.334065132,0.649399086,0.052601907,"51:03.4",10,"good",21.85,2025-01-26,"2025-01-25","2025-01-25 21:53","2025-01-26 12:24","2025-01-26 21:54",-3.710309998,"black",1,"BDU","3",-73.74,45.47,"PETI",2025,1,26,0.2,-6.3,-3.1,0,10,58,2025-01-26 21:51:00,2025-01-26 16:51:00
"630","end",5,90348,13,9.7,9.7,"59:59.6",0.903020449,0.597801824,0.366302548,0.082724075,"51:48.5",11,"good",21.85,2024-11-19,"2024-11-18","2024-11-18 21:24","2024-11-19 12:02","2024-11-19 21:23",28.42442833,"black",1,"BDU","3",-73.74,45.47,"PETI",2024,11,19,10.9,0.9,5.9,0,0,0,2024-11-19 21:51:00,2024-11-19 16:51:00
"631","end",6,90349,56,9.7,9.7,"59:50.4",1.288487816,0.392253997,1.117428428,0.064954212,"51:29.8",11,"good",21.85,2025-01-06,"2025-01-05","2025-01-05 21:28","2025-01-06 12:36","2025-01-06 21:29",22.31378833,"black",1,"BDU","3",-73.74,45.47,"PETI",2025,1,6,-9.4,-15.9,-12.7,0,0,33,2025-01-06 21:51:00,2025-01-06 16:51:00
"634","end",9,90352,62,9.7,9.7,"59:58.2",0.712144727,0.512676848,0.179445792,0.046753177,"51:27.8",11,"good",21.85,2025-01-13,"2025-01-12","2025-01-12 21:36","2025-01-13 12:33","2025-01-13 21:37",14.21346833,"black",1,"NDG","3",-73.74,45.47,"PETI",2025,1,13,-1.1,-5.2,-3.2,4.2,5,42,2025-01-13 21:51:00,2025-01-13 16:51:00
"641","end",5,90359,59,9.7,0,"59:53.9",1.041254915,0.608615291,0.575847692,0.082462976,"51:42.8",12,"good",21.85,2025-01-12,"2025-01-11","2025-01-11 21:34","2025-01-12 12:34","2025-01-12 21:36",15.68077166,"black",1,"SDB","3",-73.74,45.47,"PETI",2025,1,12,-3.6,-11.9,-7.7,0.3,4,0,2025-01-12 21:51:00,2025-01-12 16:51:00
"645","end",7,90363,57,0,0,"59:57.7",1.157279649,0.627225104,0.748423881,0.108816638,"51:17.6",12,"good",21.85,2025-01-10,"2025-01-09","2025-01-09 21:32","2025-01-10 12:35","2025-01-10 21:33",17.64272667,"black",1,"SDB","3",-73.74,45.47,"PETI",2025,1,10,-5.8,-11,-8.4,0,3,36,2025-01-10 21:51:00,2025-01-10 16:51:00
"645","end",7,90363,96,0,0,"59:53.9",0.892140014,0.664554811,0.392014315,0.158079226,"51:23.5",12,"good",21.85,2025-02-18,"2025-02-17","2025-02-17 22:26","2025-02-18 11:53","2025-02-18 22:28",-36.90890167,"black",1,"SDB","3",-73.74,45.47,"PETI",2025,2,18,-12.7,-15.3,-14,0,27,48,2025-02-18 21:51:00,2025-02-18 16:51:00
"207","end",2,68907,28,0,0,"59:56.3",0.980419032,0.421324373,0.685919293,0.083396994,"52:04.9",1,"good",21.86666667,2022-11-05,"2022-11-04","2022-11-04 21:40","2022-11-05 11:41","2022-11-05 21:39",12.64788667,"black",1,"SDB","1",-73.74,45.47,"PETI",2022,11,5,24.2,10.5,17.4,0,0,37,2022-11-05 21:52:00,2022-11-05 17:52:00
"209","end",4,68909,89,29.2,0,"12:15.7",1.36096843,0.72900007,0.73272824,0.092898064,"52:34.8",1,"good",21.86666667,2023-01-10,"2023-01-09","2023-01-09 21:31","2023-01-10 12:35","2023-01-10 21:33",19.49690667,"black",1,"SDB","1",-73.74,45.47,"PETI",2023,1,10,-2.8,-10.2,-6.5,0.2,0,36,2023-01-10 21:52:00,2023-01-10 16:52:00
"212","end",2,68912,151,0,7.3,"17:57.0",1.195595537,0.953775091,0.577663253,0.434060185,"52:53.9",2,"good",21.86666667,2023-03-23,"2023-03-22","2023-03-22 23:11","2023-03-23 10:55","2023-03-23 23:12",-79.40230333,"black",1,"SDB","1",-73.74,45.47,"PETI",2023,3,23,3,-0.1,1.4,9,0,0,2023-03-23 21:52:00,2023-03-23 17:52:00
"213","end",3,68913,26,0,0,"59:59.8",1.571788276,0.663446789,0.950710385,0.120419618,"52:52.4",2,"good",21.86666667,2022-11-17,"2022-11-16","2022-11-16 21:26","2022-11-17 11:58","2022-11-17 21:25",27.22297,"black",1,"SDB","1",-73.74,45.47,"PETI",2022,11,17,-0.6,-5.8,-3.2,0,7,51,2022-11-17 21:52:00,2022-11-17 16:52:00
"214","end",4,68914,77,7.3,7.3,"59:55.7",0.986822835,0.785115702,0.264221996,0.115551582,"52:11.6",2,"good",21.86666667,2022-11-23,"2022-11-22","2022-11-22 21:21","2022-11-23 12:06","2022-11-23 21:20",31.62705333,"black",1,"SDB","1",-73.74,45.47,"PETI",2022,11,23,2.4,-4.1,-0.9,0,3,0,2022-11-23 21:52:00,2022-11-23 16:52:00
"217","end",2,68917,83,0,0,"59:55.1",1.187538998,0.38850687,0.938204112,0.078462954,"52:40.2",3,"good",21.86666667,2023-01-17,"2023-01-16","2023-01-16 21:40","2023-01-17 12:31","2023-01-17 21:41",10.93727833,"black",1,"SDB","1",-73.74,45.47,"PETI",2023,1,17,-1.7,-11.2,-6.4,0.6,18,0,2023-01-17 21:52:00,2023-01-17 16:52:00
"221","end",1,68921,10,0,7.3,"59:57.0",1.069669401,0.613239317,0.566847679,0.0900324,"52:56.7",4,"good",21.86666667,2022-11-12,"2022-11-11","2022-11-11 21:31","2022-11-12 11:51","2022-11-12 21:30",22.09575833,"black",1,"SDB","1",-73.74,45.47,"PETI",2022,11,12,14.8,6.8,10.8,26.6,0,44,2022-11-12 21:52:00,2022-11-12 16:52:00
"222","end",2,68922,6,0,7.3,"59:55.4",0.932233946,0.688325447,0.233518991,0.092330767,"52:04.2",4,"good",21.86666667,2022-11-08,"2022-11-07","2022-11-07 21:36","2022-11-08 11:46","2022-11-08 21:35",16.48642333,"black",1,"SDB","1",-73.74,45.47,"PETI",2022,11,8,7.4,-3,2.2,0,0,39,2022-11-08 21:52:00,2022-11-08 16:52:00
"222","end",2,68922,66,0,7.3,"59:54.7",1.090882509,0.651676768,0.563051125,0.111953264,"52:03.5",4,"good",21.86666667,2023-01-07,"2023-01-06","2023-01-06 21:28","2023-01-07 12:36","2023-01-07 21:29",22.32570167,"black",1,"SDB","1",-73.74,45.47,"PETI",2023,1,7,0.3,-8,-3.9,0.2,0,33,2023-01-07 21:52:00,2023-01-07 16:52:00
"224","end",4,68924,77,7.3,0,"59:58.6",1.254280906,0.781523145,0.779018348,0.308235717,"52:21.8",4,"good",21.86666667,2023-01-19,"2023-01-18","2023-01-18 21:43","2023-01-19 12:30","2023-01-19 21:44",7.980800001,"black",1,"SDB","1",-73.74,45.47,"PETI",2023,1,19,0.2,-4.1,-1.9,4.9,17,41,2023-01-19 21:52:00,2023-01-19 16:52:00
"225","end",5,68925,72,0,7.3,"59:59.2",1.431112481,0.616994787,0.9619815,0.090940334,"52:07.8",4,"good",21.86666667,2023-01-19,"2023-01-18","2023-01-18 21:43","2023-01-19 12:30","2023-01-19 21:44",7.746353332,"black",1,"SDB","1",-73.74,45.47,"PETI",2023,1,19,0.2,-4.1,-1.9,4.9,17,41,2023-01-19 21:52:00,2023-01-19 16:52:00
"92","end",2,77869,7,0,9.7,"59:55.9",0.407936952,0.361938913,0.062786769,0.043124666,"52:52.6",5,"good",21.86666667,2023-11-04,"2023-11-03","2023-11-03 21:42","2023-11-04 11:40","2023-11-04 21:41",11.74263167,"black",1,"BDU","2",-73.74,45.47,"PETI",2023,11,4,10.3,4.7,7.5,1,0,45,2023-11-04 21:52:00,2023-11-04 17:52:00
"95","end",5,77872,1,0,9.7,"59:56.7",0.782240319,0.354080389,0.294616164,0.055034337,"52:53.5",5,"good",21.86666667,2023-10-31,"2023-10-30","2023-10-30 21:48","2023-10-31 11:34","2023-10-31 21:46",6.107714999,"black",1,"BDU","2",-73.74,45.47,"PETI",2023,10,31,4.5,-1.3,1.6,1.5,0,0,2023-10-31 21:52:00,2023-10-31 17:52:00
"95","end",5,77872,9,0,9.7,"59:51.3",1.002997855,0.605793815,0.526865768,0.077943216,"52:48.1",5,"good",21.86666667,2023-11-08,"2023-11-07","2023-11-07 21:37","2023-11-08 11:45","2023-11-08 21:35",16.90167333,"black",1,"BDU","2",-73.74,45.47,"PETI",2023,11,8,4.5,-1.8,1.3,3.2,0,37,2023-11-08 21:52:00,2023-11-08 16:52:00
"97","end",6,77874,70,9.7,0,"59:55.0",0.986735459,0.523045187,0.479820152,0.083688947,"52:12.8",5,"good",21.86666667,2024-01-08,"2024-01-07","2024-01-07 21:29","2024-01-08 12:36","2024-01-08 21:30",21.66304667,"black",1,"SDB","2",-73.74,45.47,"PETI",2024,1,8,-2.3,-7.9,-5.1,0.4,8,0,2024-01-08 21:52:00,2024-01-08 16:52:00
"111","end",2,77888,3,0,9.7,"59:54.0",0.944025865,0.637034623,0.577854041,0.137868262,"52:21.8",7,"good",21.86666667,2023-11-16,"2023-11-15","2023-11-15 21:27","2023-11-16 11:56","2023-11-16 21:26",25.48039333,"black",1,"SDB","2",-73.74,45.47,"PETI",2023,11,16,11.7,2,6.8,1,0,0,2023-11-16 21:52:00,2023-11-16 16:52:00
"111","end",2,77888,5,0,9.7,"59:54.2",1.116729125,0.648994194,0.620576666,0.126513152,"52:31.7",7,"good",21.86666667,2023-11-18,"2023-11-17","2023-11-17 21:25","2023-11-18 11:59","2023-11-18 21:24",27.57849833,"black",1,"SDB","2",-73.74,45.47,"PETI",2023,11,18,3.8,0.9,2.4,0.9,0,33,2023-11-18 21:52:00,2023-11-18 16:52:00
"124","end",4,77900,18,0,9.6,"59:50.9",1.124313833,0.544612247,0.582698099,0.092714072,"52:47.8",8,"good",21.86666667,2023-11-05,"2023-11-04","2023-11-04 21:41","2023-11-05 11:41","2023-11-05 21:39",13.01262667,"black",1,"SDB","2",-73.74,45.47,"PETI",2023,11,5,8.5,0,4.3,1.3,0,0,2023-11-05 21:52:00,2023-11-05 16:52:00
"124","end",4,77900,28,0,0,"39:44.1",1.366694262,0.628086024,0.88099429,0.077206424,"52:14.4",8,"good",21.86666667,2023-11-15,"2023-11-14","2023-11-14 21:28","2023-11-15 11:55","2023-11-15 21:27",24.33962,"black",1,"SDB","2",-73.74,45.47,"PETI",2023,11,15,10,1.1,5.5,0.8,0,0,2023-11-15 21:52:00,2023-11-15 16:52:00
"124","end",4,77900,75,184.28,9.7,"52:15.7",1.33319975,0.629735072,0.791061627,0.083875418,"51:59.9",8,"good",21.86666667,2024-01-01,"2023-12-31","2023-12-31 21:22","2024-01-01 12:36","2024-01-01 21:23",28.380895,"black",1,"SDB","2",-73.74,45.47,"PETI",2024,1,1,-4.1,-7.5,-5.8,2.4,0,0,2024-01-01 21:52:00,2024-01-01 16:52:00
"127","end",7,77903,1,9.7,19.4,"50:40.8",1.077223616,0.73108822,0.539034601,0.0985482,"52:21.4",8,"good",21.86666667,2023-10-20,"2023-10-19","2023-10-19 22:05","2023-10-20 11:19","2023-10-20 22:04",-11.86037167,"black",1,"SDB","2",-73.74,45.47,"PETI",2023,10,20,19,11.9,15.5,0,0,46,2023-10-20 21:52:00,2023-10-20 17:52:00
"127","end",7,77903,88,0,9.7,"56:56.4",0.797418748,0.640956705,0.305168865,0.125314891,"52:18.8",8,"good",21.86666667,2024-01-15,"2024-01-14","2024-01-14 21:37","2024-01-15 12:33","2024-01-15 21:38",13.47982,"black",1,"SDB","2",-73.74,45.47,"PETI",2024,1,15,-4.5,-7.3,-5.9,0.2,12,43,2024-01-15 21:52:00,2024-01-15 16:52:00
"623","end",7,90341,16,9.7,19.4,"59:58.1",0.58680131,0.4258698,0.186739309,0.06276482,"52:54.9",10,"good",21.86666667,2024-11-15,"2024-11-14","2024-11-14 21:28","2024-11-15 11:56","2024-11-15 21:27",25.78095333,"black",1,"BDU","3",-73.74,45.47,"PETI",2024,11,15,9.6,-2.8,3.4,0,0,0,2024-11-15 21:52:00,2024-11-15 16:52:00
"635","end",10,90353,7,0,9.7,"59:54.4",0.983973924,0.665148942,0.628418111,0.113105437,"52:22.1",11,"good",21.86666667,2024-11-19,"2024-11-18","2024-11-18 21:24","2024-11-19 12:02","2024-11-19 21:23",28.98562333,"black",1,"BDU","3",-73.74,45.47,"PETI",2024,11,19,10.9,0.9,5.9,0,0,0,2024-11-19 21:52:00,2024-11-19 16:52:00
"635","end",10,90353,65,48.49,9.7,"59:56.4",0.617639266,0.55483801,0.115325559,0.059171859,"52:14.5",11,"good",21.86666667,2025-01-16,"2025-01-15","2025-01-15 21:39","2025-01-16 12:32","2025-01-16 21:41",11.190985,"black",1,"BDU","3",-73.74,45.47,"PETI",2025,1,16,-3.7,-10.4,-7.1,0.2,7,0,2025-01-16 21:52:00,2025-01-16 16:52:00
"641","end",5,90359,80,9.7,0,"59:52.8",0.951095299,0.620644459,0.378380805,0.074177662,"52:20.5",12,"good",21.86666667,2025-02-02,"2025-02-01","2025-02-01 22:03","2025-02-02 12:16","2025-02-02 22:04",-12.59093333,"black",1,"SDB","3",-73.74,45.47,"PETI",2025,2,2,-11.5,-22.6,-17,1.1,13,31,2025-02-02 21:52:00,2025-02-02 16:52:00
"206","end",1,68906,94,7.3,0,"59:56.1",1.139058244,0.662673916,0.565422245,0.094569448,"53:18.0",1,"good",21.88333333,2023-01-13,"2023-01-12","2023-01-12 21:35","2023-01-13 12:34","2023-01-13 21:36",16.63254,"black",1,"SDB","1",-73.74,45.47,"PETI",2023,1,13,-0.9,-5.2,-3,8.8,10,34,2023-01-13 21:53:00,2023-01-13 16:53:00
"209","end",4,68909,31,0,7.3,"59:56.0",1.134405483,0.73018119,0.359233009,0.105239132,"53:24.9",1,"good",21.88333333,2022-11-13,"2022-11-12","2022-11-12 21:30","2022-11-13 11:53","2022-11-13 21:29",23.68176666,"black",1,"SDB","1",-73.74,45.47,"PETI",2022,11,13,7.1,-1.9,2.6,0.2,0,37,2022-11-13 21:53:00,2022-11-13 16:53:00
"212","end",2,68912,85,0,7.3,"59:53.6",1.443231206,0.48804956,0.966262371,0.09297858,"53:44.4",2,"good",21.88333333,2023-01-16,"2023-01-15","2023-01-15 21:39","2023-01-16 12:32","2023-01-16 21:40",13.306485,"black",1,"SDB","1",-73.74,45.47,"PETI",2023,1,16,-4.5,-15.7,-10.1,0.5,18,0,2023-01-16 21:53:00,2023-01-16 16:53:00
"212","end",2,68912,88,7.3,0,"59:54.2",1.631138828,0.77843737,0.949576193,0.27856606,"53:30.4",2,"good",21.88333333,2023-01-19,"2023-01-18","2023-01-18 21:43","2023-01-19 12:30","2023-01-19 21:44",9.123416666,"black",1,"SDB","1",-73.74,45.47,"PETI",2023,1,19,0.2,-4.1,-1.9,4.9,17,41,2023-01-19 21:53:00,2023-01-19 16:53:00
"213","end",3,68913,19,0,0,"59:57.6",1.229914364,0.545517187,0.852638837,0.098496203,"53:48.5",2,"good",21.88333333,2022-11-10,"2022-11-09","2022-11-09 21:34","2022-11-10 11:48","2022-11-10 21:33",20.65875667,"black",1,"SDB","1",-73.74,45.47,"PETI",2022,11,10,17.2,7.6,12.4,0,0,0,2022-11-10 21:53:00,2022-11-10 16:53:00
"213","end",3,68913,33,0,7.3,"59:56.1",0.98740078,0.38719616,0.525158666,0.077813489,"53:47.0",2,"good",21.88333333,2022-11-24,"2022-11-23","2022-11-23 21:20","2022-11-24 12:08","2022-11-24 21:19",33.93336333,"black",1,"SDB","1",-73.74,45.47,"PETI",2022,11,24,2.8,-4.5,-0.9,0,3,0,2022-11-24 21:53:00,2022-11-24 16:53:00
"217","end",2,68917,86,7.3,0,"59:53.1",1.286839292,0.72217113,0.917627437,0.186081025,"53:43.9",3,"good",21.88333333,2023-01-20,"2023-01-19","2023-01-19 21:44","2023-01-20 12:29","2023-01-20 21:45",7.998943333,"black",1,"SDB","1",-73.74,45.47,"PETI",2023,1,20,-1.4,-7,-4.2,3.3,22,40,2023-01-20 21:53:00,2023-01-20 16:53:00
"220","end",5,68920,3,7.3,7.3,"59:54.0",1.344555772,0.555975819,0.96599123,0.103660486,"53:23.0",3,"good",21.88333333,2022-11-04,"2022-11-03","2022-11-03 21:42","2022-11-04 11:40","2022-11-04 21:40",12.599175,"black",1,"SDB","1",-73.74,45.47,"PETI",2022,11,4,20.5,6.9,13.7,0,0,0,2022-11-04 21:53:00,2022-11-04 17:53:00
"220","end",5,68920,5,7.3,0,"59:59.4",1.293377941,0.546640866,0.886549873,0.109992208,"52:59.2",3,"good",21.88333333,2022-11-06,"2022-11-05","2022-11-05 21:39","2022-11-06 11:43","2022-11-06 21:38",14.86993333,"black",1,"SDB","1",-73.74,45.47,"PETI",2022,11,6,21.4,15.2,18.3,6.6,0,41,2022-11-06 21:53:00,2022-11-06 16:53:00
"225","end",5,68925,4,7.3,0,"59:57.0",1.332442754,0.592346091,0.877046336,0.106729788,"53:11.3",4,"good",21.88333333,2022-11-12,"2022-11-11","2022-11-11 21:31","2022-11-12 11:51","2022-11-12 21:30",22.33778333,"black",1,"SDB","1",-73.74,45.47,"PETI",2022,11,12,14.8,6.8,10.8,26.6,0,44,2022-11-12 21:53:00,2022-11-12 16:53:00
"92","end",2,77869,1,9.7,0,"59:59.4",0.364337485,0.352889998,0.073229311,0.053065766,"53:54.3",5,"good",21.88333333,2023-10-29,"2023-10-28","2023-10-28 21:51","2023-10-29 11:31","2023-10-29 21:49",4.137846669,"black",1,"BDU","2",-73.74,45.47,"PETI",2023,10,29,5.9,3.5,4.7,1,0,0,2023-10-29 21:53:00,2023-10-29 17:53:00
"95","end",5,77872,4,9.7,9.7,"59:59.9",0.651032755,0.433536167,0.23105913,0.048034737,"53:35.5",5,"good",21.88333333,2023-11-03,"2023-11-02","2023-11-02 21:43","2023-11-03 11:38","2023-11-03 21:42",11.09087167,"black",1,"BDU","2",-73.74,45.47,"PETI",2023,11,3,13.5,4.6,9.1,1.1,0,49,2023-11-03 21:53:00,2023-11-03 17:53:00
"95","end",5,77872,12,9.7,0,"59:38.2",0.682932027,0.544599765,0.176263739,0.067977255,"53:23.5",5,"good",21.88333333,2023-11-11,"2023-11-10","2023-11-10 21:33","2023-11-11 11:49","2023-11-11 21:32",21.10797833,"black",1,"BDU","2",-73.74,45.47,"PETI",2023,11,11,2.4,-1.1,0.7,0.2,0,0,2023-11-11 21:53:00,2023-11-11 16:53:00
"97","end",6,77874,10,9.7,0,"59:59.9",1.05273321,0.465935652,0.708128256,0.078036509,"53:16.1",5,"good",21.88333333,2023-11-09,"2023-11-08","2023-11-08 21:35","2023-11-09 11:47","2023-11-09 21:34",18.602115,"black",1,"SDB","2",-73.74,45.47,"PETI",2023,11,9,3.7,-1.5,1.1,5.3,0,0,2023-11-09 21:53:00,2023-11-09 16:53:00
"99","end",8,77876,7,9.7,9.7,"59:54.7",1.117702351,0.767525889,0.720750682,0.146035032,"53:10.8",5,"good",21.88333333,2023-11-07,"2023-11-06","2023-11-06 21:38","2023-11-07 11:44","2023-11-07 21:37",16.01263,"black",1,"SDB","2",-73.74,45.47,"PETI",2023,11,7,11.4,-0.1,5.6,8.7,0,74,2023-11-07 21:53:00,2023-11-07 16:53:00
"99","end",8,77876,8,9.7,0,"59:52.1",1.199676953,0.607436808,0.853878261,0.111818459,"53:56.7",5,"good",21.88333333,2023-11-08,"2023-11-07","2023-11-07 21:37","2023-11-08 11:45","2023-11-08 21:35",18.04501834,"black",1,"SDB","2",-73.74,45.47,"PETI",2023,11,8,4.5,-1.8,1.3,3.2,0,37,2023-11-08 21:53:00,2023-11-08 16:53:00
"99","end",8,77876,76,9.7,0,"59:56.9",1.223204998,0.634148322,0.686243573,0.109282791,"53:51.8",5,"good",21.88333333,2024-01-15,"2024-01-14","2024-01-14 21:37","2024-01-15 12:33","2024-01-15 21:38",15.03032667,"black",1,"SDB","2",-73.74,45.47,"PETI",2024,1,15,-4.5,-7.3,-5.9,0.2,12,43,2024-01-15 21:53:00,2024-01-15 16:53:00
"102","end",3,77879,66,9.7,0,"59:53.7",1.146731308,0.513973453,0.780792301,0.112804989,"53:09.5",6,"good",21.88333333,2024-01-08,"2024-01-07","2024-01-07 21:29","2024-01-08 12:36","2024-01-08 21:30",22.60801167,"black",1,"SDB","2",-73.74,45.47,"PETI",2024,1,8,-2.3,-7.9,-5.1,0.4,8,0,2024-01-08 21:53:00,2024-01-08 16:53:00
"104","end",5,77881,68,0,9.7,"44:10.6",1.337960546,0.748255729,0.7323468,0.207751188,"53:46.4",6,"good",21.88333333,2024-01-11,"2024-01-10","2024-01-10 21:32","2024-01-11 12:35","2024-01-11 21:33",19.82416833,"black",1,"SDB","2",-73.74,45.47,"PETI",2024,1,11,-2.6,-6.1,-4.3,0,6,49,2024-01-11 21:53:00,2024-01-11 16:53:00
"104","end",5,77881,70,9.7,9.7,"59:52.4",1.353141161,0.757448351,0.799095432,0.131119833,"53:47.5",6,"good",21.88333333,2024-01-13,"2024-01-12","2024-01-12 21:35","2024-01-13 12:34","2024-01-13 21:36",17.44102166,"black",1,"SDB","2",-73.74,45.47,"PETI",2024,1,13,2.3,-6.7,-2.2,13.2,6,65,2024-01-13 21:53:00,2024-01-13 16:53:00
"127","end",7,77903,28,0,9.7,"59:55.4",1.080918095,0.490454042,0.758667218,0.099724237,"53:50.5",8,"good",21.88333333,2023-11-16,"2023-11-15","2023-11-15 21:27","2023-11-16 11:56","2023-11-16 21:26",26.95880167,"black",1,"SDB","2",-73.74,45.47,"PETI",2023,11,16,11.7,2,6.8,1,0,0,2023-11-16 21:53:00,2023-11-16 16:53:00
"608","end",3,90326,7,0,0,"59:51.5",1.095232195,0.511031437,0.788708785,0.148187412,"53:56.2",9,"good",21.88333333,2024-10-29,"2024-10-28","2024-10-28 21:50","2024-10-29 11:32","2024-10-29 21:48",5.286945001,"black",1,"BDU","3",-73.74,45.47,"PETI",2024,10,29,12.2,2.3,7.3,6,0,34,2024-10-29 21:53:00,2024-10-29 17:53:00
"608","end",3,90326,80,0,9.7,"59:53.5",0.932199638,0.479998268,0.580655855,0.078184838,"53:19.4",9,"good",21.88333333,2025-01-10,"2025-01-09","2025-01-09 21:32","2025-01-10 12:35","2025-01-10 21:33",19.67401667,"black",1,"BDU","3",-73.74,45.47,"PETI",2025,1,10,-5.8,-11,-8.4,0,3,36,2025-01-10 21:53:00,2025-01-10 16:53:00
"608","end",3,90326,82,9.7,9.7,"59:53.7",0.947328693,0.500138663,0.767544114,0.091558776,"53:39.1",9,"good",21.88333333,2025-01-12,"2025-01-11","2025-01-11 21:34","2025-01-12 12:34","2025-01-12 21:36",17.61854833,"black",1,"BDU","3",-73.74,45.47,"PETI",2025,1,12,-3.6,-11.9,-7.7,0.3,4,0,2025-01-12 21:53:00,2025-01-12 16:53:00
"608","end",3,90326,84,9.7,0,"59:54.0",1.010751385,0.489768261,0.761666711,0.086468382,"53:20.0",9,"good",21.88333333,2025-01-14,"2025-01-13","2025-01-13 21:37","2025-01-14 12:33","2025-01-14 21:38",14.833305,"black",1,"BDU","3",-73.74,45.47,"PETI",2025,1,14,-2.3,-7.8,-5,0.2,9,48,2025-01-14 21:53:00,2025-01-14 16:53:00
"608","end",3,90326,89,0,9.7,"59:59.6",1.125432328,0.536783502,0.901222171,0.096321188,"53:15.8",9,"good",21.88333333,2025-01-19,"2025-01-18","2025-01-18 21:43","2025-01-19 12:30","2025-01-19 21:45",8.230634999,"black",1,"BDU","3",-73.74,45.47,"PETI",2025,1,19,-1,-11,-6,0.2,5,35,2025-01-19 21:53:00,2025-01-19 16:53:00
"611","end",6,90329,1,9.7,9.7,"59:58.5",0.570077608,0.479398912,0.102119969,0.041511995,"53:24.5",9,"good",21.88333333,2024-10-14,"2024-10-13","2024-10-13 22:15","2024-10-14 11:12","2024-10-14 22:13",-19.92558667,"black",1,"BDU","3",-73.74,45.47,"PETI",2024,10,14,7.7,4.1,5.9,3.2,0,38,2024-10-14 21:53:00,2024-10-14 17:53:00
"617","end",2,90335,15,0,9.7,"59:53.7",1.171720816,0.740835701,0.803753949,0.115905121,"53:00.7",10,"good",21.88333333,2024-11-08,"2024-11-07","2024-11-07 21:36","2024-11-08 11:46","2024-11-08 21:34",18.02891334,"black",1,"BDU","3",-73.74,45.47,"PETI",2024,11,8,12,3.8,7.9,0.7,0,71,2024-11-08 21:53:00,2024-11-08 16:53:00
"620","end",4,90338,75,0,9.7,"59:55.3",0.603460475,0.550015784,0.119386284,0.056053864,"53:40.7",10,"good",21.88333333,2025-01-11,"2025-01-10","2025-01-10 21:33","2025-01-11 12:34","2025-01-11 21:34",18.86185167,"black",1,"BDU","3",-73.74,45.47,"PETI",2025,1,11,-5,-7.9,-6.4,2,4,0,2025-01-11 21:53:00,2025-01-11 16:53:00
"623","end",7,90341,10,0,9.7,"59:50.9",0.650836664,0.639194895,0.210574248,0.088236429,"53:26.5",10,"good",21.88333333,2024-11-09,"2024-11-08","2024-11-08 21:34","2024-11-09 11:48","2024-11-09 21:33",19.67545667,"black",1,"BDU","3",-73.74,45.47,"PETI",2024,11,9,8.2,1.6,4.9,0,0,36,2024-11-09 21:53:00,2024-11-09 16:53:00
"627","end",2,90345,3,9.7,9.7,"59:52.1",1.006854494,0.368932088,0.518210149,0.055942645,"53:27.6",11,"good",21.88333333,2024-11-05,"2024-11-04","2024-11-04 21:40","2024-11-05 11:42","2024-11-05 21:38",14.65925333,"black",1,"BDU","3",-73.74,45.47,"PETI",2024,11,5,18.3,7.6,12.9,0.2,0,0,2024-11-05 21:53:00,2024-11-05 16:53:00
"631","end",6,90349,61,0,9.7,"59:58.5",1.436521131,0.413188644,1.042124958,0.072359339,"53:53.9",11,"good",21.88333333,2025-01-11,"2025-01-10","2025-01-10 21:33","2025-01-11 12:34","2025-01-11 21:34",19.08171833,"black",1,"BDU","3",-73.74,45.47,"PETI",2025,1,11,-5,-7.9,-6.4,2,4,0,2025-01-11 21:53:00,2025-01-11 16:53:00
"633","end",8,90351,5,9.7,9.7,"59:59.2",0.814945224,0.495551249,0.184670665,0.044748319,"53:54.6",11,"good",21.88333333,2024-11-16,"2024-11-15","2024-11-15 21:27","2024-11-16 11:57","2024-11-16 21:26",27.76078667,"black",1,"NDG","3",-73.74,45.47,"PETI",2024,11,16,14.3,1.3,7.8,0,0,34,2024-11-16 21:53:00,2024-11-16 16:53:00
"635","end",10,90353,1,0,9.7,"59:55.5",0.922485489,0.560744717,0.808207019,0.133560914,"53:31.1",11,"good",21.88333333,2024-11-13,"2024-11-12","2024-11-12 21:30","2024-11-13 11:53","2024-11-13 21:29",24.30111833,"black",1,"BDU","3",-73.74,45.47,"PETI",2024,11,13,3.5,-2.6,0.5,0,0,0,2024-11-13 21:53:00,2024-11-13 16:53:00
"635","end",10,90353,60,0,9.7,"59:53.2",0.730182909,0.565025865,0.265870112,0.09327073,"53:38.5",11,"good",21.88333333,2025-01-11,"2025-01-10","2025-01-10 21:33","2025-01-11 12:34","2025-01-11 21:34",18.82436666,"black",1,"BDU","3",-73.74,45.47,"PETI",2025,1,11,-5,-7.9,-6.4,2,4,0,2025-01-11 21:53:00,2025-01-11 16:53:00
"641","end",5,90359,57,9.7,9.7,"59:53.5",0.915117973,0.659589533,0.563504799,0.079491001,"53:19.5",12,"good",21.88333333,2025-01-10,"2025-01-09","2025-01-09 21:32","2025-01-10 12:35","2025-01-10 21:33",19.674235,"black",1,"SDB","3",-73.74,45.47,"PETI",2025,1,10,-5.8,-11,-8.4,0,3,36,2025-01-10 21:53:00,2025-01-10 16:53:00
"645","end",7,90363,89,9.7,0,"59:58.5",1.090664869,0.598818764,0.570843238,0.10622427,"53:14.8",12,"good",21.88333333,2025-02-11,"2025-02-10","2025-02-10 22:16","2025-02-11 12:04","2025-02-11 22:18",-24.886325,"black",1,"SDB","3",-73.74,45.47,"PETI",2025,2,11,-3.6,-12.5,-8,0,20,48,2025-02-11 21:53:00,2025-02-11 16:53:00
"210","end",5,68910,26,0,0,"59:54.4",1.291771899,0.487083692,0.841508959,0.093626035,"54:51.0",1,"good",21.9,2022-11-08,"2022-11-07","2022-11-07 21:36","2022-11-08 11:46","2022-11-08 21:35",19.26699333,"black",1,"SDB","1",-73.74,45.47,"PETI",2022,11,8,7.4,-3,2.2,0,0,39,2022-11-08 21:54:00,2022-11-08 16:54:00
"210","end",5,68910,29,0,7.3,"59:58.5",1.249294365,0.457271009,0.854841829,0.097776585,"54:11.3",1,"good",21.9,2022-11-11,"2022-11-10","2022-11-10 21:33","2022-11-11 11:50","2022-11-11 21:31",22.204445,"black",1,"SDB","1",-73.74,45.47,"PETI",2022,11,11,16.8,7.1,12,38.8,0,0,2022-11-11 21:54:00,2022-11-11 16:54:00
"212","end",2,68912,89,7.3,0,"59:54.3",1.144375295,0.395169369,0.578256957,0.080112363,"54:43.4",2,"good",21.9,2023-01-20,"2023-01-19","2023-01-19 21:44","2023-01-20 12:29","2023-01-20 21:45",8.990834999,"black",1,"SDB","1",-73.74,45.47,"PETI",2023,1,20,-1.4,-7,-4.2,3.3,22,40,2023-01-20 21:54:00,2023-01-20 16:54:00
"213","end",3,68913,83,0,7.3,"59:59.5",1.12850922,0.368648362,0.903522884,0.061376163,"54:48.8",2,"good",21.9,2023-01-13,"2023-01-12","2023-01-12 21:35","2023-01-13 12:34","2023-01-13 21:36",18.14709,"black",1,"SDB","1",-73.74,45.47,"PETI",2023,1,13,-0.9,-5.2,-3,8.8,10,34,2023-01-13 21:54:00,2023-01-13 16:54:00
"213","end",3,68913,90,7.3,0,"59:56.1",1.288298813,0.517428584,0.912996751,0.17970206,"54:16.2",2,"good",21.9,2023-01-20,"2023-01-19","2023-01-19 21:44","2023-01-20 12:29","2023-01-20 21:45",8.536275001,"black",1,"SDB","1",-73.74,45.47,"PETI",2023,1,20,-1.4,-7,-4.2,3.3,22,40,2023-01-20 21:54:00,2023-01-20 16:54:00
"217","end",2,68917,84,0,7.3,"59:54.4",1.292447197,0.450787495,1.086148645,0.090500751,"53:59.9",3,"good",21.9,2023-01-18,"2023-01-17","2023-01-17 21:41","2023-01-18 12:31","2023-01-18 21:43",10.94773833,"black",1,"SDB","1",-73.74,45.47,"PETI",2023,1,18,1.8,-4.3,-1.3,1.6,18,0,2023-01-18 21:54:00,2023-01-18 16:54:00
"219","end",4,68919,7,0,7.3,"59:53.6",0.900457509,0.434988304,0.393696301,0.062725417,"54:50.2",3,"good",21.9,2022-11-06,"2022-11-05","2022-11-05 21:39","2022-11-06 11:43","2022-11-06 21:38",16.72081333,"black",1,"SDB","1",-73.74,45.47,"PETI",2022,11,6,21.4,15.2,18.3,6.6,0,41,2022-11-06 21:54:00,2022-11-06 16:54:00
"219","end",4,68919,73,0,7.3,"59:57.0",1.475588313,0.53942836,1.095468338,0.091318845,"54:09.8",3,"good",21.9,2023-01-11,"2023-01-10","2023-01-10 21:33","2023-01-11 12:35","2023-01-11 21:34",19.91364667,"black",1,"SDB","1",-73.74,45.47,"PETI",2023,1,11,-7.8,-12.4,-10.1,0.2,0,0,2023-01-11 21:54:00,2023-01-11 16:54:00
"219","end",4,68919,74,0,7.3,"59:55.4",1.201933618,0.472516303,0.862099524,0.114605767,"54:00.9",3,"good",21.9,2023-01-12,"2023-01-11","2023-01-11 21:34","2023-01-12 12:34","2023-01-12 21:35",18.56516667,"black",1,"SDB","1",-73.74,45.47,"PETI",2023,1,12,-0.8,-7.9,-4.4,11.8,0,0,2023-01-12 21:54:00,2023-01-12 16:54:00
"220","end",5,68920,8,0,0,"59:56.5",1.113557672,0.512220806,0.752053562,0.105239435,"54:31.2",3,"good",21.9,2022-11-09,"2022-11-08","2022-11-08 21:35","2022-11-09 11:47","2022-11-09 21:34",20.17006,"black",1,"SDB","1",-73.74,45.47,"PETI",2022,11,9,8.9,-3.6,2.7,0,0,0,2022-11-09 21:54:00,2022-11-09 16:54:00
"221","end",1,68921,7,0,7.3,"59:58.1",1.038877042,0.497555141,0.532372481,0.089267632,"54:10.8",4,"good",21.9,2022-11-09,"2022-11-08","2022-11-08 21:35","2022-11-09 11:47","2022-11-09 21:34",19.829535,"black",1,"SDB","1",-73.74,45.47,"PETI",2022,11,9,8.9,-3.6,2.7,0,0,0,2022-11-09 21:54:00,2022-11-09 16:54:00
"222","end",2,68922,4,0,0,"59:53.8",0.906689946,0.582638425,0.36529859,0.10847426,"54:21.3",4,"good",21.9,2022-11-06,"2022-11-05","2022-11-05 21:39","2022-11-06 11:43","2022-11-06 21:38",16.23822,"black",1,"SDB","1",-73.74,45.47,"PETI",2022,11,6,21.4,15.2,18.3,6.6,0,41,2022-11-06 21:54:00,2022-11-06 16:54:00
"222","end",2,68922,8,87.59,14.6,"59:59.0",1.027361485,0.564570137,0.433638873,0.068748015,"54:33.8",4,"good",21.9,2022-11-10,"2022-11-09","2022-11-09 21:34","2022-11-10 11:48","2022-11-10 21:33",21.41318667,"black",1,"SDB","1",-73.74,45.47,"PETI",2022,11,10,17.2,7.6,12.4,0,0,0,2022-11-10 21:54:00,2022-11-10 16:54:00
"222","end",2,68922,10,0,1.65,"59:54.3",1.062469795,0.559821971,0.348468418,0.059923757,"54:20.1",4,"good",21.9,2022-11-12,"2022-11-11","2022-11-11 21:31","2022-11-12 11:51","2022-11-12 21:30",23.48532,"black",1,"SDB","1",-73.74,45.47,"PETI",2022,11,12,14.8,6.8,10.8,26.6,0,44,2022-11-12 21:54:00,2022-11-12 16:54:00
"224","end",4,68924,1,0,7.3,"00:00.0",0.893217654,0.564187582,0.468411589,0.102476938,"54:12.7",4,"good",21.9,2022-11-04,"2022-11-03","2022-11-03 21:42","2022-11-04 11:40","2022-11-04 21:40",13.42788167,"black",1,"SDB","1",-73.74,45.47,"PETI",2022,11,4,20.5,6.9,13.7,0,0,0,2022-11-04 21:54:00,2022-11-04 17:54:00
"225","end",5,68925,15,7.3,0,"59:55.0",0.541383159,0.453812049,0.114152423,0.071287763,"54:58.8",4,"good",21.9,2022-11-23,"2022-11-22","2022-11-22 21:21","2022-11-23 12:06","2022-11-23 21:20",34.41316833,"black",1,"SDB","1",-73.74,45.47,"PETI",2022,11,23,2.4,-4.1,-0.9,0,3,0,2022-11-23 21:54:00,2022-11-23 16:54:00
"97","end",6,77874,12,0,9.7,"59:50.7",0.940130259,0.429914608,0.418524343,0.089121457,"54:24.6",5,"good",21.9,2023-11-11,"2023-11-10","2023-11-10 21:33","2023-11-11 11:49","2023-11-11 21:32",22.12623,"black",1,"SDB","2",-73.74,45.47,"PETI",2023,11,11,2.4,-1.1,0.7,0.2,0,0,2023-11-11 21:54:00,2023-11-11 16:54:00
"99","end",8,77876,6,9.7,0,"59:57.2",1.106864325,0.563827983,0.74432829,0.100625278,"54:01.8",5,"good",21.9,2023-11-06,"2023-11-05","2023-11-05 21:39","2023-11-06 11:42","2023-11-06 21:38",15.56299,"black",1,"SDB","2",-73.74,45.47,"PETI",2023,11,6,8.1,-3.4,2.4,0.3,0,41,2023-11-06 21:54:00,2023-11-06 16:54:00
"99","end",8,77876,71,9.7,9.7,"59:51.1",1.228662994,0.81383999,0.478521877,0.193804165,"54:24.8",5,"good",21.9,2024-01-10,"2024-01-09","2024-01-09 21:31","2024-01-10 12:35","2024-01-10 21:32",21.62961833,"black",1,"SDB","2",-73.74,45.47,"PETI",2024,1,10,6.4,-2.6,1.9,12.6,14,60,2024-01-10 21:54:00,2024-01-10 16:54:00
"102","end",3,77879,70,0,9.7,"59:56.8",1.00720011,0.576758043,0.741813526,0.115252368,"54:01.4",6,"good",21.9,2024-01-12,"2024-01-11","2024-01-11 21:33","2024-01-12 12:34","2024-01-12 21:35",18.889415,"black",1,"SDB","2",-73.74,45.47,"PETI",2024,1,12,-1.9,-8.2,-5,3.5,6,45,2024-01-12 21:54:00,2024-01-12 16:54:00
"109","end",10,77886,58,0,9.7,"59:50.3",0.860322552,0.437971704,0.433661943,0.092470806,"54:24.1",6,"good",21.9,2024-01-07,"2024-01-06","2024-01-06 21:28","2024-01-07 12:36","2024-01-07 21:29",24.93468167,"black",1,"BDU","2",-73.74,45.47,"PETI",2024,1,7,-5.9,-8.7,-7.3,7.5,6,36,2024-01-07 21:54:00,2024-01-07 16:54:00
"109","end",10,77886,61,9.7,9.6,"59:58.9",1.006025268,0.606069674,0.439360453,0.098278024,"54:52.0",6,"good",21.9,2024-01-10,"2024-01-09","2024-01-09 21:31","2024-01-10 12:35","2024-01-10 21:32",22.08370167,"black",1,"BDU","2",-73.74,45.47,"PETI",2024,1,10,6.4,-2.6,1.9,12.6,14,60,2024-01-10 21:54:00,2024-01-10 16:54:00
"124","end",4,77900,29,9.7,0,"39:21.4",1.332344926,0.633480489,0.822661887,0.07621378,"54:17.2",8,"good",21.9,2023-11-16,"2023-11-15","2023-11-15 21:27","2023-11-16 11:56","2023-11-16 21:26",27.40295,"black",1,"SDB","2",-73.74,45.47,"PETI",2023,11,16,11.7,2,6.8,1,0,0,2023-11-16 21:54:00,2023-11-16 16:54:00
"124","end",4,77900,65,0,9.7,"59:56.6",1.326258114,0.631335184,0.80497893,0.069286021,"54:10.9",8,"good",21.9,2023-12-22,"2023-12-21","2023-12-21 21:16","2023-12-22 12:34","2023-12-22 21:16",37.43212833,"black",1,"SDB","2",-73.74,45.47,"PETI",2023,12,22,-4.1,-10.1,-7.1,2.2,0,0,2023-12-22 21:54:00,2023-12-22 16:54:00
"126","end",6,77902,3,9.7,9.7,"59:59.4",0.855378979,0.67742175,0.319504676,0.081160648,"54:13.7",8,"good",21.9,2023-10-21,"2023-10-20","2023-10-20 22:04","2023-10-21 11:20","2023-10-21 22:02",-8.305619999,"black",1,"BDU","2",-73.74,45.47,"PETI",2023,10,21,14.5,8.6,11.6,14.6,0,37,2023-10-21 21:54:00,2023-10-21 17:54:00
"127","end",7,77903,23,0.1,9.6,"59:50.5",0.99653069,0.48886036,0.578595166,0.091081751,"54:24.5",8,"good",21.9,2023-11-11,"2023-11-10","2023-11-10 21:33","2023-11-11 11:49","2023-11-11 21:32",22.12435667,"black",1,"SDB","2",-73.74,45.47,"PETI",2023,11,11,2.4,-1.1,0.7,0.2,0,0,2023-11-11 21:54:00,2023-11-11 16:54:00
"608","end",3,90326,2,9.7,0,"59:55.0",0.907573997,0.524100331,0.680311565,0.061972817,"54:58.0",9,"good",21.9,2024-10-24,"2024-10-23","2024-10-23 21:58","2024-10-24 11:25","2024-10-24 21:56",-1.433709999,"black",1,"BDU","3",-73.74,45.47,"PETI",2024,10,24,12.4,2.6,7.5,0,0,0,2024-10-24 21:54:00,2024-10-24 17:54:00
"608","end",3,90326,81,9.7,0,"59:58.4",1.161653218,0.388042408,0.920763328,0.074263397,"54:42.0",9,"good",21.9,2025-01-11,"2025-01-10","2025-01-10 21:33","2025-01-11 12:34","2025-01-11 21:34",19.88345333,"black",1,"BDU","3",-73.74,45.47,"PETI",2025,1,11,-5,-7.9,-6.4,2,4,0,2025-01-11 21:54:00,2025-01-11 16:54:00
"609","end",4,90327,1,0,9.7,"59:57.8",0.906704211,0.50354696,0.302665251,0.06813543,"54:11.4",9,"good",21.9,2024-10-24,"2024-10-23","2024-10-23 21:58","2024-10-24 11:25","2024-10-24 21:56",-2.210769999,"black",1,"BDU","3",-73.74,45.47,"PETI",2024,10,24,12.4,2.6,7.5,0,0,0,2024-10-24 21:54:00,2024-10-24 17:54:00
"609","end",4,90327,30,0,9.7,"59:50.8",1.399770161,0.609862938,0.652571414,0.106184379,"54:04.4",9,"good",21.9,2024-11-22,"2024-11-21","2024-11-21 21:21","2024-11-22 12:06","2024-11-22 21:20",33.12288333,"black",1,"BDU","3",-73.74,45.47,"PETI",2024,11,22,7.7,3.7,5.7,4.1,0,57,2024-11-22 21:54:00,2024-11-22 16:54:00
"617","end",2,90335,88,0,9.7,"59:52.1",0.91130678,0.500024353,0.73929554,0.080331808,"54:26.3",10,"good",21.9,2025-01-20,"2025-01-19","2025-01-19 21:45","2025-01-20 12:29","2025-01-20 21:46",8.055793333,"black",1,"BDU","3",-73.74,45.47,"PETI",2025,1,20,-10.8,-16.9,-13.9,0.2,5,31,2025-01-20 21:54:00,2025-01-20 16:54:00
"623","end",7,90341,13,9.7,9.7,"59:59.4",0.64099633,0.506555226,0.174897208,0.073093008,"54:52.6",10,"good",21.9,2024-11-12,"2024-11-11","2024-11-11 21:31","2024-11-12 11:52","2024-11-12 21:30",24.55933333,"black",1,"BDU","3",-73.74,45.47,"PETI",2024,11,12,6.7,-1.4,2.6,0,0,45,2024-11-12 21:54:00,2024-11-12 16:54:00
"641","end",5,90359,3,0,9.7,"59:59.4",1.109378506,0.556800758,0.666156362,0.089412273,"54:04.2",12,"good",21.9,2024-11-17,"2024-11-16","2024-11-16 21:26","2024-11-17 11:59","2024-11-17 21:25",28.86943667,"black",1,"SDB","3",-73.74,45.47,"PETI",2024,11,17,8.3,-2.1,3.1,0,0,0,2024-11-17 21:54:00,2024-11-17 16:54:00
"207","end",2,68907,27,0,7.3,"59:55.8",1.095080195,0.371466913,0.734914621,0.062380621,"54:59.6",1,"good",21.91666667,2022-11-04,"2022-11-03","2022-11-03 21:42","2022-11-04 11:40","2022-11-04 21:40",14.20927,"black",1,"SDB","1",-73.74,45.47,"PETI",2022,11,4,20.5,6.9,13.7,0,0,0,2022-11-04 21:55:00,2022-11-04 17:55:00
"210","end",5,68910,159,7.3,0,"59:56.3",0.44606387,0.434250066,0.167140702,0.116930468,"55:29.3",1,"good",21.91666667,2023-03-21,"2023-03-20","2023-03-20 23:08","2023-03-21 10:58","2023-03-21 23:09",-74.22851,"black",1,"SDB","1",-73.74,45.47,"PETI",2023,3,21,5.5,-2.2,1.6,0,0,0,2023-03-21 21:55:00,2023-03-21 17:55:00
"214","end",4,68914,62,7.3,7.3,"59:55.2",1.092429268,0.810517464,0.363094552,0.134511932,"55:06.3",2,"good",21.91666667,2022-11-08,"2022-11-07","2022-11-07 21:36","2022-11-08 11:46","2022-11-08 21:35",19.52126667,"black",1,"SDB","1",-73.74,45.47,"PETI",2022,11,8,7.4,-3,2.2,0,0,39,2022-11-08 21:55:00,2022-11-08 16:55:00
"215","end",5,68915,12,7.3,7.3,"51:20.0",0.917585618,0.557874888,0.338435858,0.060666005,"55:38.5",2,"good",21.91666667,2022-11-06,"2022-11-05","2022-11-05 21:39","2022-11-06 11:43","2022-11-06 21:38",17.52565167,"black",1,"SDB","1",-73.74,45.47,"PETI",2022,11,6,21.4,15.2,18.3,6.6,0,41,2022-11-06 21:55:00,2022-11-06 16:55:00
"215","end",5,68915,16,5.92,1.38,"59:58.2",0.938792693,0.489807942,0.336810539,0.047740857,"55:44.4",2,"good",21.91666667,2022-11-10,"2022-11-09","2022-11-09 21:34","2022-11-10 11:48","2022-11-10 21:33",22.58983334,"black",1,"SDB","1",-73.74,45.47,"PETI",2022,11,10,17.2,7.6,12.4,0,0,0,2022-11-10 21:55:00,2022-11-10 16:55:00
"217","end",2,68917,92,7.3,0,"59:56.5",1.326578539,0.462366938,0.767135693,0.112030011,"55:29.5",3,"good",21.91666667,2023-01-26,"2023-01-25","2023-01-25 21:52","2023-01-26 12:24","2023-01-26 21:54",1.408433334,"black",1,"SDB","1",-73.74,45.47,"PETI",2023,1,26,-3.7,-6.7,-5.2,4.2,34,42,2023-01-26 21:55:00,2023-01-26 16:55:00
"219","end",4,68919,10,0,0,"59:57.2",1.213066253,0.405137518,0.820085706,0.071658774,"55:01.1",3,"good",21.91666667,2022-11-09,"2022-11-08","2022-11-08 21:35","2022-11-09 11:47","2022-11-09 21:34",20.66767833,"black",1,"SDB","1",-73.74,45.47,"PETI",2022,11,9,8.9,-3.6,2.7,0,0,0,2022-11-09 21:55:00,2022-11-09 16:55:00
"219","end",4,68919,79,0,7.3,"59:53.8",1.435038483,0.403577395,1.124672218,0.091645825,"55:48.8",3,"good",21.91666667,2023-01-17,"2023-01-16","2023-01-16 21:40","2023-01-17 12:31","2023-01-17 21:41",14.08000167,"black",1,"SDB","1",-73.74,45.47,"PETI",2023,1,17,-1.7,-11.2,-6.4,0.6,18,0,2023-01-17 21:55:00,2023-01-17 16:55:00
"220","end",5,68920,4,0,7.3,"59:53.1",1.199613556,0.567409187,0.837826432,0.096368838,"55:18.8",3,"good",21.91666667,2022-11-05,"2022-11-04","2022-11-04 21:40","2022-11-05 11:41","2022-11-05 21:39",15.88066,"black",1,"SDB","1",-73.74,45.47,"PETI",2022,11,5,24.2,10.5,17.4,0,0,37,2022-11-05 21:55:00,2022-11-05 17:55:00
"222","end",2,68922,2,7.3,0,"59:58.6",0.757151511,0.543805361,0.346002619,0.102855831,"55:53.7",4,"good",21.91666667,2022-11-04,"2022-11-03","2022-11-03 21:42","2022-11-04 11:40","2022-11-04 21:40",15.11215833,"black",1,"SDB","1",-73.74,45.47,"PETI",2022,11,4,20.5,6.9,13.7,0,0,0,2022-11-04 21:55:00,2022-11-04 17:55:00
"97","end",6,77874,7,0,9.7,"59:54.2",1.045603794,0.521259344,0.678000718,0.114510881,"55:45.6",5,"good",21.91666667,2023-11-06,"2023-11-05","2023-11-05 21:39","2023-11-06 11:42","2023-11-06 21:38",17.29374333,"black",1,"SDB","2",-73.74,45.47,"PETI",2023,11,6,8.1,-3.4,2.4,0.3,0,41,2023-11-06 21:55:00,2023-11-06 16:55:00
"97","end",6,77874,17,0,0.1,"59:57.1",1.168086434,0.514379247,0.680692543,0.091576831,"55:19.4",5,"good",21.91666667,2023-11-16,"2023-11-15","2023-11-15 21:27","2023-11-16 11:56","2023-11-16 21:26",28.439685,"black",1,"SDB","2",-73.74,45.47,"PETI",2023,11,16,11.7,2,6.8,1,0,0,2023-11-16 21:55:00,2023-11-16 16:55:00
"97","end",6,77874,72,9.7,0,"59:54.9",1.182024742,0.716854653,0.500595905,0.140067755,"55:36.7",5,"good",21.91666667,2024-01-10,"2024-01-09","2024-01-09 21:31","2024-01-10 12:35","2024-01-10 21:32",22.82789667,"black",1,"SDB","2",-73.74,45.47,"PETI",2024,1,10,6.4,-2.6,1.9,12.6,14,60,2024-01-10 21:55:00,2024-01-10 16:55:00
"109","end",10,77886,62,0,9.7,"59:52.2",0.897358828,0.415834769,0.471618061,0.076860586,"55:24.1",6,"good",21.91666667,2024-01-11,"2024-01-10","2024-01-10 21:32","2024-01-11 12:35","2024-01-11 21:33",21.451735,"black",1,"BDU","2",-73.74,45.47,"PETI",2024,1,11,-2.6,-6.1,-4.3,0,6,49,2024-01-11 21:55:00,2024-01-11 16:55:00
"111","end",2,77888,56,9.7,9.7,"59:57.4",1.00739751,0.485150591,0.437187446,0.104718645,"55:00.1",7,"good",21.91666667,2024-01-08,"2024-01-07","2024-01-07 21:29","2024-01-08 12:36","2024-01-08 21:30",24.451835,"black",1,"SDB","2",-73.74,45.47,"PETI",2024,1,8,-2.3,-7.9,-5.1,0.4,8,0,2024-01-08 21:55:00,2024-01-08 16:55:00
"120","end",1,77897,38,0,0,"59:58.4",0.924907189,0.51470949,0.521574373,0.06429679,"55:30.3",8,"good",21.91666667,2023-11-20,"2023-11-19","2023-11-19 21:24","2023-11-20 12:02","2023-11-20 21:23",32.33862167,"black",1,"SDB","2",-73.74,45.47,"PETI",2023,11,20,0.3,-5.8,-2.8,1.5,0,0,2023-11-20 21:55:00,2023-11-20 16:55:00
"121","end",2,77898,100,19.4,1241.69,"59:55.0",1.37576391,0.60224723,0.612839162,0.074501937,"55:26.7",8,"good",21.91666667,2024-01-25,"2024-01-24","2024-01-24 21:50","2024-01-25 12:25","2024-01-25 21:52",3.144523335,"black",1,"BDU","2",-73.74,45.47,"PETI",2024,1,25,1.1,-4.5,-1.7,6.5,16,0,2024-01-25 21:55:00,2024-01-25 16:55:00
"124","end",4,77900,89,0,9.7,"59:51.7",1.215763928,0.592159939,0.74355688,0.090772763,"55:33.3",8,"good",21.91666667,2024-01-15,"2024-01-14","2024-01-14 21:37","2024-01-15 12:33","2024-01-15 21:38",16.72189167,"black",1,"SDB","2",-73.74,45.47,"PETI",2024,1,15,-4.5,-7.3,-5.9,0.2,12,43,2024-01-15 21:55:00,2024-01-15 16:55:00
"126","end",6,77902,12,9.7,9.7,"59:56.3",1.4395624,0.514135297,0.583458688,0.067869785,"55:57.2",8,"good",21.91666667,2023-10-30,"2023-10-29","2023-10-29 21:49","2023-10-30 11:33","2023-10-30 21:48",7.687131667,"black",1,"BDU","2",-73.74,45.47,"PETI",2023,10,30,4.6,0.4,2.5,8,0,31,2023-10-30 21:55:00,2023-10-30 17:55:00
"127","end",7,77903,27,0,9.7,"59:50.5",1.110720757,0.518736833,0.676563959,0.087558124,"55:12.9",8,"good",21.91666667,2023-11-15,"2023-11-14","2023-11-14 21:28","2023-11-15 11:55","2023-11-15 21:27",27.31481333,"black",1,"SDB","2",-73.74,45.47,"PETI",2023,11,15,10,1.1,5.5,0.8,0,0,2023-11-15 21:55:00,2023-11-15 16:55:00
"129","end",8,77904,13,9.7,0,"59:59.7",0.368912035,0.257969399,0.050125449,0.021261905,"55:02.6",8,"good",21.91666667,2023-11-04,"2023-11-03","2023-11-03 21:42","2023-11-04 11:40","2023-11-04 21:41",13.90986833,"black",1,"BDU","2",-73.74,45.47,"PETI",2023,11,4,10.3,4.7,7.5,1,0,45,2023-11-04 21:55:00,2023-11-04 17:55:00
"608","end",3,90326,16,0,0,"59:59.2",1.311082661,0.370314686,0.695031488,0.04908666,"55:31.3",9,"good",21.91666667,2024-11-07,"2024-11-06","2024-11-06 21:37","2024-11-07 11:45","2024-11-07 21:36",19.288015,"black",1,"BDU","3",-73.74,45.47,"PETI",2024,11,7,11.2,6.6,8.9,0,0,36,2024-11-07 21:55:00,2024-11-07 16:55:00
"608","end",3,90326,92,0,9.7,"59:55.1",0.98887197,0.556469767,0.780997016,0.085836392,"55:56.2",9,"good",21.91666667,2025-01-22,"2025-01-21","2025-01-21 21:47","2025-01-22 12:27","2025-01-22 21:49",6.804088334,"black",1,"BDU","3",-73.74,45.47,"PETI",2025,1,22,-9.6,-16.8,-13.2,0,5,0,2025-01-22 21:55:00,2025-01-22 16:55:00
"645","end",7,90363,60,0,9.7,"59:52.9",0.821838465,0.598922512,0.476179851,0.107026629,"55:34.7",12,"good",21.91666667,2025-01-13,"2025-01-12","2025-01-12 21:36","2025-01-13 12:33","2025-01-13 21:37",18.32827833,"black",1,"SDB","3",-73.74,45.47,"PETI",2025,1,13,-1.1,-5.2,-3.2,4.2,5,42,2025-01-13 21:55:00,2025-01-13 16:55:00
"645","end",7,90363,73,0,0,"59:58.2",0.928992732,0.57166505,0.54199728,0.109805732,"55:49.6",12,"good",21.91666667,2025-01-26,"2025-01-25","2025-01-25 21:53","2025-01-26 12:24","2025-01-26 21:54",1.060776667,"black",1,"SDB","3",-73.74,45.47,"PETI",2025,1,26,0.2,-6.3,-3.1,0,10,58,2025-01-26 21:55:00,2025-01-26 16:55:00
"206","end",1,68906,97,0,7.3,"59:54.6",1.315538586,0.492856142,0.679198856,0.082263904,"56:18.9",1,"good",21.93333333,2023-01-16,"2023-01-15","2023-01-15 21:39","2023-01-16 12:32","2023-01-16 21:40",15.88192833,"black",1,"SDB","1",-73.74,45.47,"PETI",2023,1,16,-4.5,-15.7,-10.1,0.5,18,0,2023-01-16 21:56:00,2023-01-16 16:56:00
"207","end",2,68907,115,0,7.3,"59:52.7",1.289089506,0.43126748,0.919973757,0.078299293,"56:53.0",1,"good",21.93333333,2023-01-31,"2023-01-30","2023-01-30 21:59","2023-01-31 12:19","2023-01-31 22:01",-4.41734,"black",1,"SDB","1",-73.74,45.47,"PETI",2023,1,31,-7.6,-19.1,-13.4,1.2,41,32,2023-01-31 21:56:00,2023-01-31 16:56:00
"208","end",3,68908,30,0,7.3,"59:55.2",1.028738977,0.47832417,0.689195792,0.090702666,"56:48.5",1,"good",21.93333333,2022-11-05,"2022-11-04","2022-11-04 21:40","2022-11-05 11:41","2022-11-05 21:39",17.374675,"black",1,"SDB","1",-73.74,45.47,"PETI",2022,11,5,24.2,10.5,17.4,0,0,37,2022-11-05 21:56:00,2022-11-05 17:56:00
"212","end",2,68912,18,7.3,7.3,"59:58.5",1.119179029,0.639744608,0.535674924,0.110617052,"56:29.9",2,"good",21.93333333,2022-11-10,"2022-11-09","2022-11-09 21:34","2022-11-10 11:48","2022-11-10 21:33",23.34752667,"black",1,"SDB","1",-73.74,45.47,"PETI",2022,11,10,17.2,7.6,12.4,0,0,0,2022-11-10 21:56:00,2022-11-10 16:56:00
"213","end",3,68913,15,0,7.3,"59:55.6",1.313458463,0.449386164,0.806366353,0.077559353,"56:12.5",2,"good",21.93333333,2022-11-06,"2022-11-05","2022-11-05 21:39","2022-11-06 11:43","2022-11-06 21:38",18.09204834,"black",1,"SDB","1",-73.74,45.47,"PETI",2022,11,6,21.4,15.2,18.3,6.6,0,41,2022-11-06 21:56:00,2022-11-06 16:56:00
"213","end",3,68913,87,0,7.3,"59:53.4",1.271000365,0.463521812,1.035376744,0.082092831,"56:46.8",2,"good",21.93333333,2023-01-17,"2023-01-16","2023-01-16 21:40","2023-01-17 12:31","2023-01-17 21:41",15.046545,"black",1,"SDB","1",-73.74,45.47,"PETI",2023,1,17,-1.7,-11.2,-6.4,0.6,18,0,2023-01-17 21:56:00,2023-01-17 16:56:00
"213","end",3,68913,89,0,0,"59:57.6",1.094374044,0.714181559,0.698227441,0.276951827,"56:07.2",2,"good",21.93333333,2023-01-19,"2023-01-18","2023-01-18 21:43","2023-01-19 12:30","2023-01-19 21:44",11.73673667,"black",1,"SDB","1",-73.74,45.47,"PETI",2023,1,19,0.2,-4.1,-1.9,4.9,17,41,2023-01-19 21:56:00,2023-01-19 16:56:00
"214","end",4,68914,64,7.3,7.3,"59:54.6",1.034793495,0.649080031,0.381789291,0.097581162,"56:11.4",2,"good",21.93333333,2022-11-10,"2022-11-09","2022-11-09 21:34","2022-11-10 11:48","2022-11-10 21:33",23.04015167,"black",1,"SDB","1",-73.74,45.47,"PETI",2022,11,10,17.2,7.6,12.4,0,0,0,2022-11-10 21:56:00,2022-11-10 16:56:00
"219","end",4,68919,5,0,6.87,"59:57.2",0.923526531,0.537151181,0.305475531,0.085043372,"56:43.3",3,"good",21.93333333,2022-11-04,"2022-11-03","2022-11-03 21:42","2022-11-04 11:40","2022-11-04 21:40",15.93886333,"black",1,"SDB","1",-73.74,45.47,"PETI",2022,11,4,20.5,6.9,13.7,0,0,0,2022-11-04 21:56:00,2022-11-04 17:56:00
"224","end",4,68924,3,0,7.3,"59:52.9",1.210656905,0.502922459,0.77439371,0.071363419,"56:09.7",4,"good",21.93333333,2022-11-06,"2022-11-05","2022-11-05 21:39","2022-11-06 11:43","2022-11-06 21:38",18.04447333,"black",1,"SDB","1",-73.74,45.47,"PETI",2022,11,6,21.4,15.2,18.3,6.6,0,41,2022-11-06 21:56:00,2022-11-06 16:56:00
"93","end",3,77870,78,0,9.7,"59:58.9",1.459846279,0.735239304,0.812198587,0.142145532,"55:59.9",5,"good",21.93333333,2024-01-14,"2024-01-13","2024-01-13 21:36","2024-01-14 12:33","2024-01-14 21:37",18.43214,"black",1,"BDU","2",-73.74,45.47,"PETI",2024,1,14,-1,-6.6,-3.8,1,10,74,2024-01-14 21:56:00,2024-01-14 16:56:00
"97","end",6,77874,75,0,9.7,"59:50.6",1.225131678,0.719708696,0.680004626,0.151748872,"56:20.9",5,"good",21.93333333,2024-01-13,"2024-01-12","2024-01-12 21:35","2024-01-13 12:34","2024-01-13 21:36",19.997995,"black",1,"SDB","2",-73.74,45.47,"PETI",2024,1,13,2.3,-6.7,-2.2,13.2,6,65,2024-01-13 21:56:00,2024-01-13 16:56:00
"97","end",6,77874,76,0,9.7,"59:55.7",1.111725386,0.749022374,0.580142838,0.13638895,"56:55.0",5,"good",21.93333333,2024-01-14,"2024-01-13","2024-01-13 21:36","2024-01-14 12:33","2024-01-14 21:37",19.35028833,"black",1,"SDB","2",-73.74,45.47,"PETI",2024,1,14,-1,-6.6,-3.8,1,10,74,2024-01-14 21:56:00,2024-01-14 16:56:00
"99","end",8,77876,16,0,9.7,"59:51.0",0.946551517,0.651027499,0.528458977,0.121569592,"56:01.7",5,"good",21.93333333,2023-11-16,"2023-11-15","2023-11-15 21:27","2023-11-16 11:56","2023-11-16 21:26",29.14453,"black",1,"SDB","2",-73.74,45.47,"PETI",2023,11,16,11.7,2,6.8,1,0,0,2023-11-16 21:56:00,2023-11-16 16:56:00
"99","end",8,77876,72,0,9.7,"59:58.1",1.313433979,0.563262216,0.705181923,0.066681542,"56:37.8",5,"good",21.93333333,2024-01-11,"2024-01-10","2024-01-10 21:32","2024-01-11 12:35","2024-01-11 21:33",22.68070833,"black",1,"SDB","2",-73.74,45.47,"PETI",2024,1,11,-2.6,-6.1,-4.3,0,6,49,2024-01-11 21:56:00,2024-01-11 16:56:00
"99","end",8,77876,74,9.7,9.7,"59:52.7",1.217497574,0.65916246,0.591463211,0.13933029,"56:32.4",5,"good",21.93333333,2024-01-13,"2024-01-12","2024-01-12 21:35","2024-01-13 12:34","2024-01-13 21:36",20.19071833,"black",1,"SDB","2",-73.74,45.47,"PETI",2024,1,13,2.3,-6.7,-2.2,13.2,6,65,2024-01-13 21:56:00,2024-01-13 16:56:00
"100","end",1,77877,3,9.7,9.7,"59:59.8",0.688293271,0.532197815,0.182633192,0.047007129,"56:20.1",6,"good",21.93333333,2023-11-04,"2023-11-03","2023-11-03 21:42","2023-11-04 11:40","2023-11-04 21:41",15.20122667,"black",1,"BDU","2",-73.74,45.47,"PETI",2023,11,4,10.3,4.7,7.5,1,0,45,2023-11-04 21:56:00,2023-11-04 17:56:00
"103","end",4,77880,5,0,9.7,"59:51.8",1.063616783,0.54999362,0.626285784,0.080189575,"56:22.0",6,"good",21.93333333,2023-11-09,"2023-11-08","2023-11-08 21:35","2023-11-09 11:47","2023-11-09 21:34",21.70011834,"black",1,"SDB","2",-73.74,45.47,"PETI",2023,11,9,3.7,-1.5,1.1,5.3,0,0,2023-11-09 21:56:00,2023-11-09 16:56:00
"109","end",10,77886,66,0,9.7,"59:59.2",0.906050565,0.451681085,0.387029652,0.081434817,"56:00.2",6,"good",21.93333333,2024-01-15,"2024-01-14","2024-01-14 21:37","2024-01-15 12:33","2024-01-15 21:38",17.16970167,"black",1,"BDU","2",-73.74,45.47,"PETI",2024,1,15,-4.5,-7.3,-5.9,0.2,12,43,2024-01-15 21:56:00,2024-01-15 16:56:00
"124","end",4,77900,87,9.7,0,"59:58.6",1.297703086,0.625052147,0.821459999,0.135425828,"56:48.2",8,"good",21.93333333,2024-01-13,"2024-01-12","2024-01-12 21:35","2024-01-13 12:34","2024-01-13 21:36",20.45259667,"black",1,"SDB","2",-73.74,45.47,"PETI",2024,1,13,2.3,-6.7,-2.2,13.2,6,65,2024-01-13 21:56:00,2024-01-13 16:56:00
"124","end",4,77900,88,9.7,0,"59:55.1",1.175317303,0.693364482,0.678282613,0.125969304,"56:44.7",8,"good",21.93333333,2024-01-14,"2024-01-13","2024-01-13 21:36","2024-01-14 12:33","2024-01-14 21:37",19.17808834,"black",1,"SDB","2",-73.74,45.47,"PETI",2024,1,14,-1,-6.6,-3.8,1,10,74,2024-01-14 21:56:00,2024-01-14 16:56:00
"127","end",7,77903,87,0,9.7,"59:56.0",1.099585132,0.608107921,0.655451174,0.115622867,"56:06.8",8,"good",21.93333333,2024-01-14,"2024-01-13","2024-01-13 21:36","2024-01-14 12:33","2024-01-14 21:37",18.54738834,"black",1,"SDB","2",-73.74,45.47,"PETI",2024,1,14,-1,-6.6,-3.8,1,10,74,2024-01-14 21:56:00,2024-01-14 16:56:00
"127","end",7,77903,115,0,9.7,"59:52.0",1.021117548,0.561419444,0.456395211,0.091485722,"56:02.9",8,"good",21.93333333,2024-02-11,"2024-02-10","2024-02-10 22:15","2024-02-11 12:05","2024-02-11 22:17",-21.00178334,"black",1,"SDB","2",-73.74,45.47,"PETI",2024,2,11,3.8,1.5,2.7,0,2,37,2024-02-11 21:56:00,2024-02-11 16:56:00
"608","end",3,90326,21,9.7,0,"59:56.0",1.355825409,0.50710956,0.890111586,0.087032202,"56:45.6",9,"good",21.93333333,2024-11-12,"2024-11-11","2024-11-11 21:31","2024-11-12 11:52","2024-11-12 21:30",26.44361333,"black",1,"BDU","3",-73.74,45.47,"PETI",2024,11,12,6.7,-1.4,2.6,0,0,45,2024-11-12 21:56:00,2024-11-12 16:56:00
"617","end",2,90335,12,9.7,0,"59:53.4",1.314554145,0.620406753,1.007940332,0.081823186,"56:43.5",10,"good",21.93333333,2024-11-05,"2024-11-04","2024-11-04 21:40","2024-11-05 11:42","2024-11-05 21:38",17.92519333,"black",1,"BDU","3",-73.74,45.47,"PETI",2024,11,5,18.3,7.6,12.9,0.2,0,0,2024-11-05 21:56:00,2024-11-05 16:56:00
"631","end",6,90349,62,0,9.7,"59:50.4",1.165007134,0.498510554,0.923333415,0.094952054,"56:30.7",11,"good",21.93333333,2025-01-12,"2025-01-11","2025-01-11 21:34","2025-01-12 12:34","2025-01-12 21:36",20.47828,"black",1,"BDU","3",-73.74,45.47,"PETI",2025,1,12,-3.6,-11.9,-7.7,0.3,4,0,2025-01-12 21:56:00,2025-01-12 16:56:00
"631","end",6,90349,65,9.7,9.7,"59:55.2",1.176343729,0.450035883,0.850423926,0.070043962,"56:25.7",11,"good",21.93333333,2025-01-15,"2025-01-14","2025-01-14 21:38","2025-01-15 12:32","2025-01-15 21:39",16.66186167,"black",1,"BDU","3",-73.74,45.47,"PETI",2025,1,15,-5.5,-12.2,-8.9,0.2,7,31,2025-01-15 21:56:00,2025-01-15 16:56:00
"635","end",10,90353,79,0,9.7,"59:50.5",0.717341869,0.569568469,0.217125303,0.075401634,"56:01.6",11,"good",21.93333333,2025-01-30,"2025-01-29","2025-01-29 21:59","2025-01-30 12:20","2025-01-30 22:00",-4.523169998,"black",1,"BDU","3",-73.74,45.47,"PETI",2025,1,30,-9.4,-19.1,-14.2,0.9,16,33,2025-01-30 21:56:00,2025-01-30 16:56:00
"645","end",7,90363,72,0,0,"59:53.3",1.256732328,0.578672593,0.917549831,0.121989269,"56:52.7",12,"good",21.93333333,2025-01-25,"2025-01-24","2025-01-24 21:51","2025-01-25 12:25","2025-01-25 21:53",3.527783334,"black",1,"SDB","3",-73.74,45.47,"PETI",2025,1,25,-3.4,-19.9,-11.6,0.4,6,41,2025-01-25 21:56:00,2025-01-25 16:56:00
"206","end",1,68906,98,0,7.3,"59:59.0",1.070783703,0.562386132,0.670198015,0.086756134,"57:36.3",1,"good",21.95,2023-01-17,"2023-01-16","2023-01-16 21:40","2023-01-17 12:31","2023-01-17 21:41",15.87248333,"black",1,"SDB","1",-73.74,45.47,"PETI",2023,1,17,-1.7,-11.2,-6.4,0.6,18,0,2023-01-17 21:57:00,2023-01-17 16:57:00
"206","end",1,68906,116,0,7.3,"59:59.8",1.42104599,0.50067217,0.873057327,0.071000017,"57:15.2",1,"good",21.95,2023-02-04,"2023-02-03","2023-02-03 22:05","2023-02-04 12:14","2023-02-04 22:07",-9.897355,"black",1,"SDB","1",-73.74,45.47,"PETI",2023,2,4,-14.1,-29.1,-21.6,0.2,37,36,2023-02-04 21:57:00,2023-02-04 16:57:00
"210","end",5,68910,30,0,7.3,"59:57.3",1.253697728,0.534846211,0.864041346,0.131588435,"57:41.8",1,"good",21.95,2022-11-12,"2022-11-11","2022-11-11 21:31","2022-11-12 11:51","2022-11-12 21:30",26.84636333,"black",1,"SDB","1",-73.74,45.47,"PETI",2022,11,12,14.8,6.8,10.8,26.6,0,44,2022-11-12 21:57:00,2022-11-12 16:57:00
"212","end",2,68912,17,7.3,14.6,"59:58.2",1.366475298,0.660530996,0.88071039,0.117736045,"57:06.0",2,"good",21.95,2022-11-09,"2022-11-08","2022-11-08 21:35","2022-11-09 11:47","2022-11-09 21:34",22.750495,"black",1,"SDB","1",-73.74,45.47,"PETI",2022,11,9,8.9,-3.6,2.7,0,0,0,2022-11-09 21:57:00,2022-11-09 16:57:00
"213","end",3,68913,17,0,7.3,"59:52.9",1.42159073,0.544429743,1.007930567,0.098312496,"57:44.7",2,"good",21.95,2022-11-08,"2022-11-07","2022-11-07 21:36","2022-11-08 11:46","2022-11-08 21:35",22.16150167,"black",1,"SDB","1",-73.74,45.47,"PETI",2022,11,8,7.4,-3,2.2,0,0,39,2022-11-08 21:57:00,2022-11-08 16:57:00
"219","end",4,68919,9,0,7.3,"59:58.6",1.482953134,0.466244415,0.89961346,0.096376275,"57:13.8",3,"good",21.95,2022-11-08,"2022-11-07","2022-11-07 21:36","2022-11-08 11:46","2022-11-08 21:35",21.64723833,"black",1,"SDB","1",-73.74,45.47,"PETI",2022,11,8,7.4,-3,2.2,0,0,39,2022-11-08 21:57:00,2022-11-08 16:57:00
"222","end",2,68922,69,7.3,7.3,"59:54.1",1.072250769,0.647208517,0.507821826,0.189011317,"57:16.8",4,"good",21.95,2023-01-10,"2023-01-09","2023-01-09 21:31","2023-01-10 12:35","2023-01-10 21:33",24.19592333,"black",1,"SDB","1",-73.74,45.47,"PETI",2023,1,10,-2.8,-10.2,-6.5,0.2,0,36,2023-01-10 21:57:00,2023-01-10 16:57:00
"97","end",6,77874,14,9.7,9.7,"59:51.2",1.080436647,0.498260985,0.609197747,0.065244915,"57:10.0",5,"good",21.95,2023-11-13,"2023-11-12","2023-11-12 21:31","2023-11-13 11:52","2023-11-13 21:30",27.14955667,"black",1,"SDB","2",-73.74,45.47,"PETI",2023,11,13,1.4,-5.8,-2.2,0.7,0,0,2023-11-13 21:57:00,2023-11-13 16:57:00
"97","end",6,77874,21,0,0,"59:58.2",0.973814394,0.492209885,0.549932257,0.104872956,"57:46.0",5,"good",21.95,2023-11-20,"2023-11-19","2023-11-19 21:24","2023-11-20 12:02","2023-11-20 21:23",34.60077833,"black",1,"SDB","2",-73.74,45.47,"PETI",2023,11,20,0.3,-5.8,-2.8,1.5,0,0,2023-11-20 21:57:00,2023-11-20 16:57:00
"97","end",6,77874,28,0,0,"59:55.1",1.245712473,0.43217703,0.778516048,0.10900774,"57:33.3",5,"good",21.95,2023-11-27,"2023-11-26","2023-11-26 21:18","2023-11-27 12:11","2023-11-27 21:18",39.45428667,"black",1,"SDB","2",-73.74,45.47,"PETI",2023,11,27,5.5,0.5,3,4.3,0,48,2023-11-27 21:57:00,2023-11-27 16:57:00
"99","end",8,77876,17,0,0,"59:58.1",0.957249106,0.520855965,0.428495164,0.099691995,"57:07.0",5,"good",21.95,2023-11-17,"2023-11-16","2023-11-16 21:26","2023-11-17 11:58","2023-11-17 21:25",31.21637167,"black",1,"SDB","2",-73.74,45.47,"PETI",2023,11,17,14.3,3.2,8.8,6.4,0,49,2023-11-17 21:57:00,2023-11-17 16:57:00
"102","end",3,77879,69,0,9.7,"59:57.2",1.155383983,0.326456313,0.809737842,0.081632232,"57:44.9",6,"good",21.95,2024-01-11,"2024-01-10","2024-01-10 21:32","2024-01-11 12:35","2024-01-11 21:33",23.79755667,"black",1,"SDB","2",-73.74,45.47,"PETI",2024,1,11,-2.6,-6.1,-4.3,0,6,49,2024-01-11 21:57:00,2024-01-11 16:57:00
"104","end",5,77881,87,0,9.7,"59:55.9",1.214418893,0.576588961,0.658404524,0.092742178,"57:24.3",6,"good",21.95,2024-01-30,"2024-01-29","2024-01-29 21:58","2024-01-30 12:20","2024-01-30 21:59",-2.061551666,"black",1,"SDB","2",-73.74,45.47,"PETI",2024,1,30,-4.2,-9.9,-7,0.7,12,33,2024-01-30 21:57:00,2024-01-30 16:57:00
"109","end",10,77886,65,9.7,9.7,"59:52.6",0.933958799,0.463377801,0.331933936,0.07130943,"57:20.9",6,"good",21.95,2024-01-14,"2024-01-13","2024-01-13 21:36","2024-01-14 12:33","2024-01-14 21:37",19.78106333,"black",1,"BDU","2",-73.74,45.47,"PETI",2024,1,14,-1,-6.6,-3.8,1,10,74,2024-01-14 21:57:00,2024-01-14 16:57:00
"109","end",10,77886,68,0,9.7,"59:52.9",0.786003278,0.505322255,0.236996391,0.075637596,"57:50.3",6,"good",21.95,2024-01-17,"2024-01-16","2024-01-16 21:40","2024-01-17 12:32","2024-01-17 21:41",16.43916334,"black",1,"BDU","2",-73.74,45.47,"PETI",2024,1,17,-8,-13.3,-10.7,1.4,14,47,2024-01-17 21:57:00,2024-01-17 16:57:00
"116","end",7,77893,53,0,9.7,"59:58.0",0.907681886,0.640186297,0.344916918,0.123100434,"57:26.3",7,"good",21.95,2024-01-14,"2024-01-13","2024-01-13 21:36","2024-01-14 12:33","2024-01-14 21:37",19.87118667,"black",1,"SDB","2",-73.74,45.47,"PETI",2024,1,14,-1,-6.6,-3.8,1,10,74,2024-01-14 21:57:00,2024-01-14 16:57:00
"121","end",2,77898,88,9.7,261.87,"59:57.5",1.596112757,0.715961805,0.827896255,0.098193374,"57:16.1",8,"good",21.95,2024-01-13,"2024-01-12","2024-01-12 21:35","2024-01-13 12:34","2024-01-13 21:36",20.91809,"black",1,"BDU","2",-73.74,45.47,"PETI",2024,1,13,2.3,-6.7,-2.2,13.2,6,65,2024-01-13 21:57:00,2024-01-13 16:57:00
"124","end",4,77900,21,0,9.7,"59:50.7",1.210460109,0.609276958,0.800647817,0.075419473,"57:57.9",8,"good",21.95,2023-11-08,"2023-11-07","2023-11-07 21:37","2023-11-08 11:45","2023-11-08 21:35",22.064325,"black",1,"SDB","2",-73.74,45.47,"PETI",2023,11,8,4.5,-1.8,1.3,3.2,0,37,2023-11-08 21:57:00,2023-11-08 16:57:00
"608","end",3,90326,86,0,9.7,"59:54.3",1.084236296,0.50680312,0.926766926,0.09889902,"57:42.1",9,"good",21.95,2025-01-16,"2025-01-15","2025-01-15 21:39","2025-01-16 12:32","2025-01-16 21:41",16.65192833,"black",1,"BDU","3",-73.74,45.47,"PETI",2025,1,16,-3.7,-10.4,-7.1,0.2,7,0,2025-01-16 21:57:00,2025-01-16 16:57:00
"608","end",3,90326,120,0,9.7,"59:58.7",0.843628384,0.345340719,0.612705366,0.050517738,"57:46.7",9,"good",21.95,2025-02-19,"2025-02-18","2025-02-18 22:28","2025-02-19 11:52","2025-02-19 22:29",-31.95500167,"black",1,"BDU","3",-73.74,45.47,"PETI",2025,2,19,-10.1,-17.1,-13.6,0,27,35,2025-02-19 21:57:00,2025-02-19 16:57:00
"617","end",2,90335,4,0,9.7,"59:55.2",0.885977203,0.499548823,0.604464243,0.091461639,"57:53.2",10,"good",21.95,2024-10-28,"2024-10-27","2024-10-27 21:51","2024-10-28 11:31","2024-10-28 21:50",7.736488334,"black",1,"BDU","3",-73.74,45.47,"PETI",2024,10,28,6.9,-4.4,1.2,0,0,0,2024-10-28 21:57:00,2024-10-28 17:57:00
"617","end",2,90335,8,0,9.7,"59:52.1",1.087182696,0.604824436,0.685581707,0.07345085,"57:01.6",10,"good",21.95,2024-11-01,"2024-10-31","2024-10-31 21:45","2024-11-01 11:36","2024-11-01 21:44",12.74283167,"black",1,"BDU","3",-73.74,45.47,"PETI",2024,11,1,19.2,4.2,11.7,0,0,60,2024-11-01 21:57:00,2024-11-01 17:57:00
"623","end",7,90341,9,0,9.7,"59:54.6",0.70106176,0.594226362,0.151227025,0.093204548,"57:52.1",10,"good",21.95,2024-11-08,"2024-11-07","2024-11-07 21:36","2024-11-08 11:46","2024-11-08 21:34",22.884195,"black",1,"BDU","3",-73.74,45.47,"PETI",2024,11,8,12,3.8,7.9,0.7,0,71,2024-11-08 21:57:00,2024-11-08 16:57:00
"631","end",6,90349,68,0,0,"59:59.9",1.527291794,0.509088231,1.05394103,0.106155028,"57:28.7",11,"good",21.95,2025-01-18,"2025-01-17","2025-01-17 21:42","2025-01-18 12:30","2025-01-18 21:43",13.79420667,"black",1,"BDU","3",-73.74,45.47,"PETI",2025,1,18,2.6,-1,0.8,3.2,6,38,2025-01-18 21:57:00,2025-01-18 16:57:00
"634","end",9,90352,58,9.7,9.7,"59:50.5",0.998924323,0.539788559,0.477575196,0.058283137,"57:38.4",11,"good",21.95,2025-01-09,"2025-01-08","2025-01-08 21:31","2025-01-09 12:35","2025-01-09 21:32",25.15731167,"black",1,"NDG","3",-73.74,45.47,"PETI",2025,1,9,-6.1,-11.8,-9,0.2,3,50,2025-01-09 21:57:00,2025-01-09 16:57:00
"634","end",9,90352,66,9.7,9.7,"59:56.1",0.894591677,0.457072057,0.246176039,0.040160245,"57:34.3",11,"good",21.95,2025-01-17,"2025-01-16","2025-01-16 21:41","2025-01-17 12:31","2025-01-17 21:42",15.204625,"black",1,"NDG","3",-73.74,45.47,"PETI",2025,1,17,-0.4,-8.7,-4.6,0.2,8,33,2025-01-17 21:57:00,2025-01-17 16:57:00
"635","end",10,90353,58,0,9.7,"59:51.2",0.768090248,0.56895185,0.301797151,0.080991826,"57:48.7",11,"good",21.95,2025-01-09,"2025-01-08","2025-01-08 21:31","2025-01-09 12:35","2025-01-09 21:32",25.32754833,"black",1,"BDU","3",-73.74,45.47,"PETI",2025,1,9,-6.1,-11.8,-9,0.2,3,50,2025-01-09 21:57:00,2025-01-09 16:57:00
"635","end",10,90353,61,9.7,0,"59:59.0",0.658635284,0.544942092,0.194895772,0.073230404,"57:17.7",11,"good",21.95,2025-01-12,"2025-01-11","2025-01-11 21:34","2025-01-12 12:34","2025-01-12 21:36",21.26117167,"black",1,"BDU","3",-73.74,45.47,"PETI",2025,1,12,-3.6,-11.9,-7.7,0.3,4,0,2025-01-12 21:57:00,2025-01-12 16:57:00
"645","end",7,90363,67,0,9.7,"59:58.0",1.255896027,0.59845275,0.882769466,0.096787032,"57:16.7",12,"good",21.95,2025-01-20,"2025-01-19","2025-01-19 21:45","2025-01-20 12:29","2025-01-20 21:46",10.89544333,"black",1,"SDB","3",-73.74,45.47,"PETI",2025,1,20,-10.8,-16.9,-13.9,0.2,5,31,2025-01-20 21:57:00,2025-01-20 16:57:00
"206","end",1,68906,30,7.3,0,"59:54.0",1.140272711,0.566060082,0.685724059,0.094065674,"58:37.0",1,"good",21.96666667,2022-11-10,"2022-11-09","2022-11-09 21:34","2022-11-10 11:48","2022-11-10 21:33",25.46628,"black",1,"SDB","1",-73.74,45.47,"PETI",2022,11,10,17.2,7.6,12.4,0,0,0,2022-11-10 21:58:00,2022-11-10 16:58:00
"206","end",1,68906,107,0,7.3,"59:55.0",1.614794435,0.657513094,0.92731736,0.113265202,"58:23.4",1,"good",21.96666667,2023-01-26,"2023-01-25","2023-01-25 21:52","2023-01-26 12:24","2023-01-26 21:54",4.306511668,"black",1,"SDB","1",-73.74,45.47,"PETI",2023,1,26,-3.7,-6.7,-5.2,4.2,34,42,2023-01-26 21:58:00,2023-01-26 16:58:00
"207","end",2,68907,26,0,7.3,"59:55.3",1.341084707,0.446118529,0.934574102,0.086444899,"58:52.6",1,"good",21.96666667,2022-11-03,"2022-11-02","2022-11-02 21:43","2022-11-03 11:39","2022-11-03 21:42",16.72682667,"black",1,"SDB","1",-73.74,45.47,"PETI",2022,11,3,17.2,2.9,10,0,0,0,2022-11-03 21:58:00,2022-11-03 17:58:00
"207","end",2,68907,33,0,0,"59:58.8",1.434583321,0.603309342,0.852174618,0.135031157,"58:56.1",1,"good",21.96666667,2022-11-10,"2022-11-09","2022-11-09 21:34","2022-11-10 11:48","2022-11-10 21:33",25.785775,"black",1,"SDB","1",-73.74,45.47,"PETI",2022,11,10,17.2,7.6,12.4,0,0,0,2022-11-10 21:58:00,2022-11-10 16:58:00
"210","end",5,68910,27,0,0,"59:53.4",1.222851669,0.470306584,0.930067482,0.114786606,"58:43.6",1,"good",21.96666667,2022-11-09,"2022-11-08","2022-11-08 21:35","2022-11-09 11:47","2022-11-09 21:34",24.37594833,"black",1,"SDB","1",-73.74,45.47,"PETI",2022,11,9,8.9,-3.6,2.7,0,0,0,2022-11-09 21:58:00,2022-11-09 16:58:00
"210","end",5,68910,28,0,7.3,"59:59.6",1.202509803,0.436210866,0.823596844,0.079383851,"58:06.0",1,"good",21.96666667,2022-11-10,"2022-11-09","2022-11-09 21:34","2022-11-10 11:48","2022-11-10 21:33",24.94927,"black",1,"SDB","1",-73.74,45.47,"PETI",2022,11,10,17.2,7.6,12.4,0,0,0,2022-11-10 21:58:00,2022-11-10 16:58:00
"212","end",2,68912,11,7.3,7.3,"59:54.8",1.134809026,0.602956409,0.535521992,0.089239975,"58:44.9",2,"good",21.96666667,2022-11-03,"2022-11-02","2022-11-02 21:43","2022-11-03 11:39","2022-11-03 21:42",16.59763,"black",1,"SDB","1",-73.74,45.47,"PETI",2022,11,3,17.2,2.9,10,0,0,0,2022-11-03 21:58:00,2022-11-03 17:58:00
"212","end",2,68912,82,7.3,0,"59:59.1",1.02901061,0.526643813,0.610744944,0.085759407,"58:12.7",2,"good",21.96666667,2023-01-13,"2023-01-12","2023-01-12 21:35","2023-01-13 12:34","2023-01-13 21:36",21.54484667,"black",1,"SDB","1",-73.74,45.47,"PETI",2023,1,13,-0.9,-5.2,-3,8.8,10,34,2023-01-13 21:58:00,2023-01-13 16:58:00
"212","end",2,68912,107,7.3,0,"59:57.6",1.180919183,0.385676378,1.115848318,0.089181015,"58:11.2",2,"good",21.96666667,2023-02-07,"2023-02-06","2023-02-06 22:10","2023-02-07 12:10","2023-02-07 22:11",-13.37983833,"black",1,"SDB","1",-73.74,45.47,"PETI",2023,2,7,2.4,-14.6,-6.1,0.8,37,33,2023-02-07 21:58:00,2023-02-07 16:58:00
"216","end",1,68916,1,7.3,0,"59:54.3",1.002560623,0.523719358,0.519921075,0.08266192,"58:08.2",3,"good",21.96666667,2022-10-27,"2022-10-26","2022-10-26 21:53","2022-10-27 11:29","2022-10-27 21:52",5.703013333,"black",1,"SDB","1",-73.74,45.47,"PETI",2022,10,27,15.6,0.5,8.1,0,0,55,2022-10-27 21:58:00,2022-10-27 17:58:00
"217","end",2,68917,10,7.3,0,"59:55.8",1.085747309,0.470018726,0.873272163,0.093898374,"58:31.2",3,"good",21.96666667,2022-11-05,"2022-11-04","2022-11-04 21:40","2022-11-05 11:41","2022-11-05 21:39",19.08744833,"black",1,"SDB","1",-73.74,45.47,"PETI",2022,11,5,24.2,10.5,17.4,0,0,37,2022-11-05 21:58:00,2022-11-05 17:58:00
"217","end",2,68917,12,7.3,0,"59:55.1",1.340458293,0.584872911,0.898182571,0.113160507,"58:08.7",3,"good",21.96666667,2022-11-07,"2022-11-06","2022-11-06 21:38","2022-11-07 11:44","2022-11-07 21:36",21.31183167,"black",1,"SDB","1",-73.74,45.47,"PETI",2022,11,7,15.4,6.8,11.1,0,0,61,2022-11-07 21:58:00,2022-11-07 16:58:00
"217","end",2,68917,14,7.3,0,"59:54.6",1.251816727,0.522682816,0.883693539,0.099977712,"58:15.5",3,"good",21.96666667,2022-11-09,"2022-11-08","2022-11-08 21:35","2022-11-09 11:47","2022-11-09 21:34",23.90860833,"black",1,"SDB","1",-73.74,45.47,"PETI",2022,11,9,8.9,-3.6,2.7,0,0,0,2022-11-09 21:58:00,2022-11-09 16:58:00
"217","end",2,68917,79,0,0,"59:57.9",1.135605127,0.550506522,0.86574607,0.113984967,"58:40.7",3,"good",21.96666667,2023-01-13,"2023-01-12","2023-01-12 21:35","2023-01-13 12:34","2023-01-13 21:36",22.01216,"black",1,"SDB","1",-73.74,45.47,"PETI",2023,1,13,-0.9,-5.2,-3,8.8,10,34,2023-01-13 21:58:00,2023-01-13 16:58:00
"217","end",2,68917,103,7.3,0,"59:57.2",1.346928423,0.353808339,0.965019643,0.086383065,"58:32.7",3,"good",21.96666667,2023-02-06,"2023-02-05","2023-02-05 22:08","2023-02-06 12:12","2023-02-06 22:10",-11.555295,"black",1,"SDB","1",-73.74,45.47,"PETI",2023,2,6,-2.3,-12.9,-7.6,0.2,37,0,2023-02-06 21:58:00,2023-02-06 16:58:00
"219","end",4,68919,11,0,0,"59:55.7",1.2005255,0.40633228,0.795402959,0.081667873,"58:09.3",3,"good",21.96666667,2022-11-10,"2022-11-09","2022-11-09 21:34","2022-11-10 11:48","2022-11-10 21:33",25.00571,"black",1,"SDB","1",-73.74,45.47,"PETI",2022,11,10,17.2,7.6,12.4,0,0,0,2022-11-10 21:58:00,2022-11-10 16:58:00
"221","end",1,68921,6,7.3,0,"59:58.4",1.111270343,0.632543041,0.558684215,0.090517166,"58:33.9",4,"good",21.96666667,2022-11-08,"2022-11-07","2022-11-07 21:36","2022-11-08 11:46","2022-11-08 21:35",22.981745,"black",1,"SDB","1",-73.74,45.47,"PETI",2022,11,8,7.4,-3,2.2,0,0,39,2022-11-08 21:58:00,2022-11-08 16:58:00
"221","end",1,68921,69,0,503.64,"32:53.7",1.018438202,0.589252074,0.422423093,0.062091518,"58:38.9",4,"good",21.96666667,2023-01-10,"2023-01-09","2023-01-09 21:31","2023-01-10 12:35","2023-01-10 21:33",25.56463833,"black",1,"SDB","1",-73.74,45.47,"PETI",2023,1,10,-2.8,-10.2,-6.5,0.2,0,36,2023-01-10 21:58:00,2023-01-10 16:58:00
"97","end",6,77874,85,0,9.7,"59:52.5",1.014943097,0.719396824,0.450953842,0.141307396,"58:38.6",5,"good",21.96666667,2024-01-23,"2024-01-22","2024-01-22 21:48","2024-01-23 12:27","2024-01-23 21:49",9.142943335,"black",1,"SDB","2",-73.74,45.47,"PETI",2024,1,23,-0.2,-9.4,-4.8,0.2,14,32,2024-01-23 21:58:00,2024-01-23 16:58:00
"97","end",6,77874,92,0,9.7,"59:59.0",0.96958281,0.648554709,0.463217542,0.095820059,"58:45.0",5,"good",21.96666667,2024-01-30,"2024-01-29","2024-01-29 21:58","2024-01-30 12:20","2024-01-30 21:59",-0.716018335,"black",1,"SDB","2",-73.74,45.47,"PETI",2024,1,30,-4.2,-9.9,-7,0.7,12,33,2024-01-30 21:58:00,2024-01-30 16:58:00
"99","end",8,77876,73,0,9.7,"56:02.6",1.207489694,0.685615992,0.707763835,0.14276461,"58:41.2",5,"good",21.96666667,2024-01-12,"2024-01-11","2024-01-11 21:33","2024-01-12 12:34","2024-01-12 21:35",23.553945,"black",1,"SDB","2",-73.74,45.47,"PETI",2024,1,12,-1.9,-8.2,-5,3.5,6,45,2024-01-12 21:58:00,2024-01-12 16:58:00
"109","end",10,77886,71,9.7,19.4,"59:53.2",0.788646872,0.54979854,0.229743174,0.06946116,"58:29.4",6,"good",21.96666667,2024-01-20,"2024-01-19","2024-01-19 21:44","2024-01-20 12:30","2024-01-20 21:45",13.10747667,"black",1,"BDU","2",-73.74,45.47,"PETI",2024,1,20,-10.5,-17,-13.7,1,14,0,2024-01-20 21:58:00,2024-01-20 16:58:00
"111","end",2,77888,63,0,9.7,"59:51.9",0.970118717,0.547796126,0.47352186,0.109051432,"58:08.8",7,"good",21.96666667,2024-01-15,"2024-01-14","2024-01-14 21:37","2024-01-15 12:33","2024-01-15 21:38",19.31355333,"black",1,"SDB","2",-73.74,45.47,"PETI",2024,1,15,-4.5,-7.3,-5.9,0.2,12,43,2024-01-15 21:58:00,2024-01-15 16:58:00
"116","end",7,77893,50,0,9.7,"59:57.6",1.004444972,0.525271433,0.532577291,0.082034753,"58:14.4",7,"good",21.96666667,2024-01-11,"2024-01-10","2024-01-10 21:32","2024-01-11 12:35","2024-01-11 21:33",24.29037833,"black",1,"SDB","2",-73.74,45.47,"PETI",2024,1,11,-2.6,-6.1,-4.3,0,6,49,2024-01-11 21:58:00,2024-01-11 16:58:00
"124","end",4,77900,86,0,0,"59:52.4",1.30662895,0.61314324,0.879468297,0.107772435,"58:18.9",8,"good",21.96666667,2024-01-12,"2024-01-11","2024-01-11 21:33","2024-01-12 12:34","2024-01-12 21:35",23.18190667,"black",1,"SDB","2",-73.74,45.47,"PETI",2024,1,12,-1.9,-8.2,-5,3.5,6,45,2024-01-12 21:58:00,2024-01-12 16:58:00
"125","end",5,77901,16,19.4,514.03,"57:47.4",1.008848937,0.667248629,0.528807269,0.089505995,"58:00.7",8,"good",21.96666667,2023-11-03,"2023-11-02","2023-11-02 21:43","2023-11-03 11:38","2023-11-03 21:42",15.51123166,"black",1,"SDB","2",-73.74,45.47,"PETI",2023,11,3,13.5,4.6,9.1,1.1,0,49,2023-11-03 21:58:00,2023-11-03 17:58:00
"126","end",6,77902,9,0.1,9.6,"59:52.9",0.818852637,0.665164692,0.411791795,0.100599546,"58:09.6",8,"good",21.96666667,2023-10-27,"2023-10-26","2023-10-26 21:54","2023-10-27 11:28","2023-10-27 21:52",5.326498334,"black",1,"BDU","2",-73.74,45.47,"PETI",2023,10,27,20.1,14.3,17.2,0.3,0,34,2023-10-27 21:58:00,2023-10-27 17:58:00
"608","end",3,90326,12,9.7,0,"59:57.9",0.805163276,0.497808601,0.81285352,0.078989094,"58:43.9",9,"good",21.96666667,2024-11-03,"2024-11-02","2024-11-02 21:42","2024-11-03 11:39","2024-11-03 21:41",17.24894833,"black",1,"BDU","3",-73.74,45.47,"PETI",2024,11,3,5.6,-5.2,0.2,0,0,0,2024-11-03 21:58:00,2024-11-03 16:58:00
"623","end",7,90341,6,9.7,9.7,"59:55.7",0.775790109,0.630842171,0.234524428,0.089548169,"58:41.7",10,"good",21.96666667,2024-11-05,"2024-11-04","2024-11-04 21:40","2024-11-05 11:42","2024-11-05 21:38",19.89431667,"black",1,"BDU","3",-73.74,45.47,"PETI",2024,11,5,18.3,7.6,12.9,0.2,0,0,2024-11-05 21:58:00,2024-11-05 16:58:00
"627","end",2,90345,23,9.7,38.8,"59:53.7",1.254716103,0.713827549,0.621231496,0.126400027,"58:49.3",11,"good",21.96666667,2024-11-25,"2024-11-24","2024-11-24 21:19","2024-11-25 12:09","2024-11-25 21:18",39.95477167,"black",1,"BDU","3",-73.74,45.47,"PETI",2024,11,25,4.3,-1.5,1.4,0,0,32,2024-11-25 21:58:00,2024-11-25 16:58:00
"627","end",2,90345,89,0,19.4,"59:59.8",1.110915983,0.66510646,0.689383392,0.086072806,"58:33.7",11,"good",21.96666667,2025-01-30,"2025-01-29","2025-01-29 21:59","2025-01-30 12:20","2025-01-30 22:00",-1.988065,"black",1,"BDU","3",-73.74,45.47,"PETI",2025,1,30,-9.4,-19.1,-14.2,0.9,16,33,2025-01-30 21:58:00,2025-01-30 16:58:00
"627","end",2,90345,92,0,9.7,"59:55.3",1.034070894,0.622226839,0.53394214,0.100323278,"58:31.4",11,"good",21.96666667,2025-02-02,"2025-02-01","2025-02-01 22:03","2025-02-02 12:16","2025-02-02 22:04",-6.409986667,"black",1,"BDU","3",-73.74,45.47,"PETI",2025,2,2,-11.5,-22.6,-17,1.1,13,31,2025-02-02 21:58:00,2025-02-02 16:58:00
"630","end",5,90348,24,9.7,9.7,"59:55.9",0.910558883,0.650925767,0.357009237,0.092475398,"58:41.8",11,"good",21.96666667,2024-11-30,"2024-11-29","2024-11-29 21:16","2024-11-30 12:16","2024-11-30 21:16",42.513625,"black",1,"BDU","3",-73.74,45.47,"PETI",2024,11,30,2.3,-0.9,0.7,0.2,0,41,2024-11-30 21:58:00,2024-11-30 16:58:00
"631","end",6,90349,27,0,9.7,"59:52.2",0.824489075,0.70364038,0.321952364,0.17263798,"58:19.1",11,"good",21.96666667,2024-12-08,"2024-12-07","2024-12-07 21:14","2024-12-08 12:24","2024-12-08 21:14",44.25202833,"black",1,"BDU","3",-73.74,45.47,"PETI",2024,12,8,3,-3.5,-0.3,5.4,11,42,2024-12-08 21:58:00,2024-12-08 16:58:00
"635","end",10,90353,59,0,9.7,"59:57.0",0.621597027,0.588186714,0.15524578,0.081599611,"58:13.9",11,"good",21.96666667,2025-01-10,"2025-01-09","2025-01-09 21:32","2025-01-10 12:35","2025-01-10 21:33",24.58125166,"black",1,"BDU","3",-73.74,45.47,"PETI",2025,1,10,-5.8,-11,-8.4,0,3,36,2025-01-10 21:58:00,2025-01-10 16:58:00
"635","end",10,90353,78,0,9.7,"59:54.7",0.646586293,0.610503188,0.145153032,0.077224587,"58:40.7",11,"good",21.96666667,2025-01-29,"2025-01-28","2025-01-28 21:57","2025-01-29 12:21","2025-01-29 21:59",-0.422428334,"black",1,"BDU","3",-73.74,45.47,"PETI",2025,1,29,-8.2,-14.5,-11.4,3.3,10,38,2025-01-29 21:58:00,2025-01-29 16:58:00
"641","end",5,90359,77,0,9.7,"59:57.1",0.933713319,0.625549536,0.406885361,0.100578089,"58:52.8",12,"good",21.96666667,2025-01-30,"2025-01-29","2025-01-29 21:59","2025-01-30 12:20","2025-01-30 22:00",-1.669385,"black",1,"SDB","3",-73.74,45.47,"PETI",2025,1,30,-9.4,-19.1,-14.2,0.9,16,33,2025-01-30 21:58:00,2025-01-30 16:58:00
"645","end",7,90363,71,9.7,0,"59:58.1",1.161051244,0.570149161,0.741448189,0.108603262,"58:44.1",12,"good",21.96666667,2025-01-24,"2025-01-23","2025-01-23 21:50","2025-01-24 12:26","2025-01-24 21:51",6.802498333,"black",1,"SDB","3",-73.74,45.47,"PETI",2025,1,24,-8.3,-17,-12.7,0.2,7,0,2025-01-24 21:58:00,2025-01-24 16:58:00
"645","end",7,90363,100,0,9.7,"59:53.9",1.037575382,0.483872985,0.710522092,0.097644749,"58:01.2",12,"good",21.96666667,2025-02-22,"2025-02-21","2025-02-21 22:32","2025-02-22 11:47","2025-02-22 22:34",-35.97999167,"black",1,"SDB","3",-73.74,45.47,"PETI",2025,2,22,-1.7,-14.5,-8.1,0,27,0,2025-02-22 21:58:00,2025-02-22 16:58:00
"206","end",1,68906,27,218.97,29.2,"59:54.0",1.196550861,0.707797306,0.618943405,0.10924051,"59:50.0",1,"good",21.98333333,2022-11-07,"2022-11-06","2022-11-06 21:38","2022-11-07 11:44","2022-11-07 21:36",22.99918167,"black",1,"SDB","1",-73.74,45.47,"PETI",2022,11,7,15.4,6.8,11.1,0,0,61,2022-11-07 21:59:00,2022-11-07 16:59:00
"207","end",2,68907,25,0,7.3,"59:54.8",1.174694512,0.458176214,0.798754652,0.090261664,"59:06.7",1,"good",21.98333333,2022-11-02,"2022-11-01","2022-11-01 21:44","2022-11-02 11:37","2022-11-02 21:43",15.56116,"black",1,"SDB","1",-73.74,45.47,"PETI",2022,11,2,14.5,3.4,8.9,0,0,0,2022-11-02 21:59:00,2022-11-02 17:59:00
"207","end",2,68907,29,0,7.3,"59:56.8",1.22175497,0.530882904,0.934240912,0.112498302,"59:08.7",1,"good",21.98333333,2022-11-06,"2022-11-05","2022-11-05 21:39","2022-11-06 11:43","2022-11-06 21:38",21.02848833,"black",1,"SDB","1",-73.74,45.47,"PETI",2022,11,6,21.4,15.2,18.3,6.6,0,41,2022-11-06 21:59:00,2022-11-06 16:59:00
"207","end",2,68907,128,0,0,"59:54.1",1.058336446,0.487542074,0.898870117,0.112310025,"59:57.1",1,"good",21.98333333,2023-02-13,"2023-02-12","2023-02-12 22:18","2023-02-13 12:02","2023-02-13 22:20",-20.41512833,"black",1,"SDB","1",-73.74,45.47,"PETI",2023,2,13,4.8,-4.8,0,0,26,0,2023-02-13 21:59:00,2023-02-13 16:59:00
"207","end",2,68907,151,0,7.3,"59:58.5",0.630953099,0.526593577,0.101639978,0.057910453,"59:24.8",1,"good",21.98333333,2023-03-08,"2023-03-07","2023-03-07 22:51","2023-03-08 11:23","2023-03-08 22:52",-53.21918,"black",1,"SDB","1",-73.74,45.47,"PETI",2023,3,8,0.5,-5.5,-2.5,0,27,33,2023-03-08 21:59:00,2023-03-08 16:59:00
"210","end",5,68910,23,0,7.3,"59:57.8",1.096959196,0.5134672,0.80531896,0.121658462,"59:46.4",1,"good",21.98333333,2022-11-05,"2022-11-04","2022-11-04 21:40","2022-11-05 11:41","2022-11-05 21:39",20.339615,"black",1,"SDB","1",-73.74,45.47,"PETI",2022,11,5,24.2,10.5,17.4,0,0,37,2022-11-05 21:59:00,2022-11-05 17:59:00
"211","end",1,68911,12,0,14.6,"02:30.3",1.186855898,0.784358773,0.532231421,0.220368815,"59:29.4",2,"good",21.98333333,2022-10-28,"2022-10-27","2022-10-27 21:52","2022-10-28 11:30","2022-10-28 21:50",8.607106666,"black",1,"SDB","1",-73.74,45.47,"PETI",2022,10,28,9.3,-1.2,4,0,0,0,2022-10-28 21:59:00,2022-10-28 17:59:00
"213","end",3,68913,53,7.3,36.49,"59:53.9",1.420221228,0.431203258,0.983518268,0.096313901,"59:35.2",2,"good",21.98333333,2022-12-14,"2022-12-13","2022-12-13 21:14","2022-12-14 12:29","2022-12-14 21:14",45.33665167,"black",1,"SDB","1",-73.74,45.47,"PETI",2022,12,14,2.9,-9.3,-3.2,0,0,0,2022-12-14 21:59:00,2022-12-14 16:59:00
"213","end",3,68913,86,0,7.3,"59:54.9",1.428822468,0.415563644,1.040574152,0.070384888,"59:36.1",2,"good",21.98333333,2023-01-16,"2023-01-15","2023-01-15 21:39","2023-01-16 12:32","2023-01-16 21:40",19.168925,"black",1,"SDB","1",-73.74,45.47,"PETI",2023,1,16,-4.5,-15.7,-10.1,0.5,18,0,2023-01-16 21:59:00,2023-01-16 16:59:00
"217","end",2,68917,8,0,7.3,"59:56.3",1.093227912,0.450267178,0.786873784,0.10189923,"59:52.1",3,"good",21.98333333,2022-11-03,"2022-11-02","2022-11-02 21:43","2022-11-03 11:39","2022-11-03 21:42",17.71797333,"black",1,"SDB","1",-73.74,45.47,"PETI",2022,11,3,17.2,2.9,10,0,0,0,2022-11-03 21:59:00,2022-11-03 17:59:00
"219","end",4,68919,72,0,7.3,"59:58.5",1.392619436,0.41063902,0.968770871,0.090766876,"59:54.4",3,"good",21.98333333,2023-01-10,"2023-01-09","2023-01-09 21:31","2023-01-10 12:35","2023-01-10 21:33",26.82319833,"black",1,"SDB","1",-73.74,45.47,"PETI",2023,1,10,-2.8,-10.2,-6.5,0.2,0,36,2023-01-10 21:59:00,2023-01-10 16:59:00
"224","end",4,68924,86,7.3,0,"59:56.2",1.280928421,0.567375437,0.797887257,0.117648315,"59:52.0",4,"good",21.98333333,2023-01-28,"2023-01-27","2023-01-27 21:55","2023-01-28 12:22","2023-01-28 21:56",2.916181668,"black",1,"SDB","1",-73.74,45.47,"PETI",2023,1,28,3,-4,-0.5,1,34,57,2023-01-28 21:59:00,2023-01-28 16:59:00
"225","end",5,68925,91,0,0,"59:58.7",1.302028089,0.39250352,1.090593074,0.065033039,"59:32.6",4,"good",21.98333333,2023-02-07,"2023-02-06","2023-02-06 22:10","2023-02-07 12:10","2023-02-07 22:11",-12.02343,"black",1,"SDB","1",-73.74,45.47,"PETI",2023,2,7,2.4,-14.6,-6.1,0.8,37,33,2023-02-07 21:59:00,2023-02-07 16:59:00
"95","end",5,77872,3,0,9.7,"59:53.8",0.743070831,0.548718077,0.365168161,0.08372056,"59:57.3",5,"good",21.98333333,2023-11-02,"2023-11-01","2023-11-01 21:45","2023-11-02 11:37","2023-11-02 21:43",16.03827,"black",1,"BDU","2",-73.74,45.47,"PETI",2023,11,2,8.2,-0.9,3.6,0.8,0,39,2023-11-02 21:59:00,2023-11-02 17:59:00
"97","end",6,77874,6,0,9.7,"59:58.7",0.9430612,0.498734885,0.622374051,0.100477687,"59:52.7",5,"good",21.98333333,2023-11-05,"2023-11-04","2023-11-04 21:41","2023-11-05 11:41","2023-11-05 21:39",20.09437333,"black",1,"SDB","2",-73.74,45.47,"PETI",2023,11,5,8.5,0,4.3,1.3,0,0,2023-11-05 21:59:00,2023-11-05 16:59:00
"97","end",6,77874,66,0,0,"59:53.8",1.185660936,0.631481263,0.629860599,0.104598884,"59:57.5",5,"good",21.98333333,2024-01-04,"2024-01-03","2024-01-03 21:25","2024-01-04 12:36","2024-01-04 21:26",33.55763667,"black",1,"SDB","2",-73.74,45.47,"PETI",2024,1,4,1.8,-11.4,-4.8,1.1,0,40,2024-01-04 21:59:00,2024-01-04 16:59:00
"97","end",6,77874,73,0,0,"59:59.9",1.069093803,0.580914806,0.557781973,0.070715954,"59:15.1",5,"good",21.98333333,2024-01-11,"2024-01-10","2024-01-10 21:32","2024-01-11 12:35","2024-01-11 21:33",25.30122166,"black",1,"SDB","2",-73.74,45.47,"PETI",2024,1,11,-2.6,-6.1,-4.3,0,6,49,2024-01-11 21:59:00,2024-01-11 16:59:00
"99","end",8,77876,4,0,9.7,"59:52.5",1.110542531,0.526697585,0.828573917,0.103151961,"59:07.5",5,"good",21.98333333,2023-11-04,"2023-11-03","2023-11-03 21:42","2023-11-04 11:40","2023-11-04 21:41",17.99141,"black",1,"SDB","2",-73.74,45.47,"PETI",2023,11,4,10.3,4.7,7.5,1,0,45,2023-11-04 21:59:00,2023-11-04 17:59:00
"104","end",5,77881,80,0,9.7,"59:57.1",1.362476702,0.629316359,0.685055502,0.11135259,"59:12.2",6,"good",21.98333333,2024-01-23,"2024-01-22","2024-01-22 21:48","2024-01-23 12:27","2024-01-23 21:49",9.702881666,"black",1,"SDB","2",-73.74,45.47,"PETI",2024,1,23,-0.2,-9.4,-4.8,0.2,14,32,2024-01-23 21:59:00,2024-01-23 16:59:00
"111","end",2,77888,59,9.7,0,"59:51.9",1.180003409,0.602105907,0.687104917,0.105295118,"59:36.2",7,"good",21.98333333,2024-01-11,"2024-01-10","2024-01-10 21:32","2024-01-11 12:35","2024-01-11 21:33",25.65312167,"black",1,"SDB","2",-73.74,45.47,"PETI",2024,1,11,-2.6,-6.1,-4.3,0,6,49,2024-01-11 21:59:00,2024-01-11 16:59:00
"124","end",4,77900,104,0,9.7,"59:58.2",1.082039177,0.554917538,0.652324105,0.095169689,"59:42.4",8,"good",21.98333333,2024-01-30,"2024-01-29","2024-01-29 21:58","2024-01-30 12:20","2024-01-30 21:59",0.239463333,"black",1,"SDB","2",-73.74,45.47,"PETI",2024,1,30,-4.2,-9.9,-7,0.7,12,33,2024-01-30 21:59:00,2024-01-30 16:59:00
"126","end",6,77902,4,0,9.7,"59:57.2",0.927939835,0.551415109,0.328036054,0.077660558,"59:21.8",8,"good",21.98333333,2023-10-22,"2023-10-21","2023-10-21 22:02","2023-10-22 11:21","2023-10-22 22:00",-1.503015002,"black",1,"BDU","2",-73.74,45.47,"PETI",2023,10,22,8.9,6,7.4,8.4,0,41,2023-10-22 21:59:00,2023-10-22 17:59:00
"608","end",3,90326,4,0,9.7,"59:55.6",0.955307548,0.504090062,0.663740925,0.103060326,"59:49.5",9,"good",21.98333333,2024-10-26,"2024-10-25","2024-10-25 21:54","2024-10-26 11:28","2024-10-26 21:53",6.591943332,"black",1,"BDU","3",-73.74,45.47,"PETI",2024,10,26,11.9,2.6,7.2,0,0,55,2024-10-26 21:59:00,2024-10-26 17:59:00
"608","end",3,90326,8,0,0,"59:56.6",0.785247029,0.474975417,0.527233963,0.077553696,"59:31.1",9,"good",21.98333333,2024-10-30,"2024-10-29","2024-10-29 21:48","2024-10-30 11:34","2024-10-30 21:47",12.35236833,"black",1,"BDU","3",-73.74,45.47,"PETI",2024,10,30,22.6,10.1,16.4,0,0,33,2024-10-30 21:59:00,2024-10-30 17:59:00
"608","end",3,90326,11,0,9.7,"59:52.8",1.325183755,0.346680358,0.94672723,0.064551492,"59:46.8",9,"good",21.98333333,2024-11-02,"2024-11-01","2024-11-01 21:44","2024-11-02 11:38","2024-11-02 21:42",16.91256667,"black",1,"BDU","3",-73.74,45.47,"PETI",2024,11,2,4.8,-2.1,1.3,0,0,0,2024-11-02 21:59:00,2024-11-02 17:59:00
"608","end",3,90326,14,0,0,"59:58.5",1.040422696,0.47370114,0.758918599,0.096808571,"59:52.4",9,"good",21.98333333,2024-11-05,"2024-11-04","2024-11-04 21:40","2024-11-05 11:42","2024-11-05 21:38",21.07336833,"black",1,"BDU","3",-73.74,45.47,"PETI",2024,11,5,18.3,7.6,12.9,0.2,0,0,2024-11-05 21:59:00,2024-11-05 16:59:00
"608","end",3,90326,85,0,9.7,"59:59.0",0.955972699,0.441118995,0.756485125,0.07168104,"59:23.8",9,"good",21.98333333,2025-01-15,"2025-01-14","2025-01-14 21:38","2025-01-15 12:32","2025-01-15 21:39",19.63045667,"black",1,"BDU","3",-73.74,45.47,"PETI",2025,1,15,-5.5,-12.2,-8.9,0.2,7,31,2025-01-15 21:59:00,2025-01-15 16:59:00
"617","end",2,90335,90,0,9.7,"59:52.3",0.925202181,0.367836529,0.68716841,0.074573731,"59:36.9",10,"good",21.98333333,2025-01-22,"2025-01-21","2025-01-21 21:47","2025-01-22 12:27","2025-01-22 21:49",10.48243833,"black",1,"BDU","3",-73.74,45.47,"PETI",2025,1,22,-9.6,-16.8,-13.2,0,5,0,2025-01-22 21:59:00,2025-01-22 16:59:00
"617","end",2,90335,96,0,9.7,"59:52.7",1.00556515,0.508559118,0.723942871,0.106799681,"59:08.5",10,"good",21.98333333,2025-01-28,"2025-01-27","2025-01-27 21:56","2025-01-28 12:22","2025-01-28 21:57",1.492054999,"black",1,"BDU","3",-73.74,45.47,"PETI",2025,1,28,-1.3,-15.6,-8.4,0.8,7,47,2025-01-28 21:59:00,2025-01-28 16:59:00
"617","end",2,90335,103,0,9.7,"59:53.8",1.016138501,0.41039718,0.840179461,0.061724797,"58:59.8",10,"good",21.98333333,2025-02-04,"2025-02-03","2025-02-03 22:06","2025-02-04 12:14","2025-02-04 22:07",-8.869306668,"black",1,"BDU","3",-73.74,45.47,"PETI",2025,2,4,-3.9,-14.5,-9.2,0,19,44,2025-02-04 21:59:00,2025-02-04 16:59:00
"627","end",2,90345,110,0,9.7,"52:56.6",1.068655486,0.631935328,0.611749304,0.080097682,"59:28.0",11,"good",21.98333333,2025-02-20,"2025-02-19","2025-02-19 22:29","2025-02-20 11:50","2025-02-20 22:31",-31.70054167,"black",1,"BDU","3",-73.74,45.47,"PETI",2025,2,20,-6.6,-17.5,-12.1,0,27,0,2025-02-20 21:59:00,2025-02-20 16:59:00
"631","end",6,90349,73,9.7,0,"59:58.7",1.341537264,0.573656391,0.971321923,0.135034113,"59:43.2",11,"good",21.98333333,2025-01-23,"2025-01-22","2025-01-22 21:49","2025-01-23 12:27","2025-01-23 21:50",9.186618332,"black",1,"BDU","3",-73.74,45.47,"PETI",2025,1,23,-5.5,-10.4,-8,1.7,5,0,2025-01-23 21:59:00,2025-01-23 16:59:00
"645","end",7,90363,77,0,9.7,"59:58.3",1.165091309,0.610561192,0.794216968,0.111378952,"59:32.8",12,"good",21.98333333,2025-01-30,"2025-01-29","2025-01-29 21:59","2025-01-30 12:20","2025-01-30 22:00",-1.002531668,"black",1,"SDB","3",-73.74,45.47,"PETI",2025,1,30,-9.4,-19.1,-14.2,0.9,16,33,2025-01-30 21:59:00,2025-01-30 16:59:00
"645","end",7,90363,95,0,0,"59:58.7",1.528442777,0.718205208,0.749795684,0.137954481,"59:33.2",12,"good",21.98333333,2025-02-17,"2025-02-16","2025-02-16 22:25","2025-02-17 11:55","2025-02-17 22:26",-27.31284167,"black",1,"SDB","3",-73.74,45.47,"PETI",2025,2,17,-9.6,-14.2,-11.9,1,44,69,2025-02-17 21:59:00,2025-02-17 16:59:00
"206","end",1,68906,28,0,0,"59:58.9",1.23411052,0.585587671,0.607723295,0.09911096,"00:45.9",1,"good",22,2022-11-08,"2022-11-07","2022-11-07 21:36","2022-11-08 11:46","2022-11-08 21:35",25.181585,"black",1,"SDB","1",-73.74,45.47,"PETI",2022,11,8,7.4,-3,2.2,0,0,39,2022-11-08 22:00:00,2022-11-08 17:00:00
"208","end",3,68908,31,0,7.3,"59:55.3",1.253494955,0.477622883,0.951343706,0.104149417,"00:42.1",1,"good",22,2022-11-06,"2022-11-05","2022-11-05 21:39","2022-11-06 11:43","2022-11-06 21:38",22.58564334,"black",1,"SDB","1",-73.74,45.47,"PETI",2022,11,6,21.4,15.2,18.3,6.6,0,41,2022-11-06 22:00:00,2022-11-06 17:00:00
"210","end",5,68910,24,0,7.3,"59:56.7",1.204761933,0.419946258,0.782655895,0.082565789,"00:43.6",1,"good",22,2022-11-06,"2022-11-05","2022-11-05 21:39","2022-11-06 11:43","2022-11-06 21:38",22.61067333,"black",1,"SDB","1",-73.74,45.47,"PETI",2022,11,6,21.4,15.2,18.3,6.6,0,41,2022-11-06 22:00:00,2022-11-06 17:00:00
"211","end",1,68911,4,7.2,0.1,"59:50.3",0.96859881,0.721033975,0.352386937,0.115526205,"00:15.3",2,"good",22,2022-10-20,"2022-10-19","2022-10-19 22:05","2022-10-20 11:19","2022-10-20 22:03",-3.511668332,"black",1,"SDB","1",-73.74,45.47,"PETI",2022,10,20,7.6,4.7,6.2,1.1,0,56,2022-10-20 22:00:00,2022-10-20 18:00:00
"212","end",2,68912,112,0,7.3,"59:55.6",0.78138415,0.372002403,0.648809337,0.10577958,"00:06.0",2,"good",22,2023-02-12,"2023-02-11","2023-02-11 22:17","2023-02-12 12:03","2023-02-12 22:18",-18.80030167,"black",1,"SDB","1",-73.74,45.47,"PETI",2023,2,12,1.8,-5.2,-1.7,0,27,0,2023-02-12 22:00:00,2023-02-12 17:00:00
"213","end",3,68913,16,0,7.3,"59:54.3",1.40312783,0.659440044,1.019315961,0.139511962,"00:55.8",2,"good",22,2022-11-07,"2022-11-06","2022-11-06 21:38","2022-11-07 11:44","2022-11-07 21:36",24.09675,"black",1,"SDB","1",-73.74,45.47,"PETI",2022,11,7,15.4,6.8,11.1,0,0,61,2022-11-07 22:00:00,2022-11-07 17:00:00
"213","end",3,68913,108,0,0,"59:52.9",1.16146027,0.327435556,1.128129111,0.046915885,"00:18.0",2,"good",22,2023-02-07,"2023-02-06","2023-02-06 22:10","2023-02-07 12:10","2023-02-07 22:11",-11.26677,"black",1,"SDB","1",-73.74,45.47,"PETI",2023,2,7,2.4,-14.6,-6.1,0.8,37,33,2023-02-07 22:00:00,2023-02-07 17:00:00
"220","end",5,68920,9,0,7.3,"59:55.6",1.209061315,0.528224176,0.743881497,0.089969384,"00:20.6",3,"good",22,2022-11-10,"2022-11-09","2022-11-09 21:34","2022-11-10 11:48","2022-11-10 21:33",27.19316167,"black",1,"SDB","1",-73.74,45.47,"PETI",2022,11,10,17.2,7.6,12.4,0,0,0,2022-11-10 22:00:00,2022-11-10 17:00:00
"221","end",1,68921,2,0,0,"59:59.7",0.857260819,0.480343448,0.377016337,0.074205248,"00:38.9",4,"good",22,2022-11-04,"2022-11-03","2022-11-03 21:42","2022-11-04 11:40","2022-11-04 21:40",19.86418667,"black",1,"SDB","1",-73.74,45.47,"PETI",2022,11,4,20.5,6.9,13.7,0,0,0,2022-11-04 22:00:00,2022-11-04 18:00:00
"222","end",2,68922,78,0,7.3,"59:59.3",1.376739446,0.656519947,1.013650242,0.159085616,"00:24.5",4,"good",22,2023-01-19,"2023-01-18","2023-01-18 21:43","2023-01-19 12:30","2023-01-19 21:44",16.024395,"black",1,"SDB","1",-73.74,45.47,"PETI",2023,1,19,0.2,-4.1,-1.9,4.9,17,41,2023-01-19 22:00:00,2023-01-19 17:00:00
"224","end",4,68924,87,7.3,7.3,"59:56.0",0.9103014,0.394894076,0.471068367,0.075788472,"00:20.9",4,"good",22,2023-01-29,"2023-01-28","2023-01-28 21:56","2023-01-29 12:21","2023-01-29 21:58",1.948775001,"black",1,"SDB","1",-73.74,45.47,"PETI",2023,1,29,-2.6,-10.6,-6.6,7.6,33,38,2023-01-29 22:00:00,2023-01-29 17:00:00
"97","end",6,77874,8,0,9.7,"59:59.3",1.068666951,0.673713565,0.618008687,0.154319934,"00:32.0",5,"good",22,2023-11-07,"2023-11-06","2023-11-06 21:38","2023-11-07 11:44","2023-11-07 21:37",23.36747,"black",1,"SDB","2",-73.74,45.47,"PETI",2023,11,7,11.4,-0.1,5.6,8.7,0,74,2023-11-07 22:00:00,2023-11-07 17:00:00
"97","end",6,77874,77,0,48.49,"50:38.2",1.178276977,0.674824005,0.59137643,0.124926523,"00:04.3",5,"good",22,2024-01-15,"2024-01-14","2024-01-14 21:37","2024-01-15 12:33","2024-01-15 21:38",21.23889333,"black",1,"SDB","2",-73.74,45.47,"PETI",2024,1,15,-4.5,-7.3,-5.9,0.2,12,43,2024-01-15 22:00:00,2024-01-15 17:00:00
"99","end",8,77876,5,0,9.7,"59:59.7",1.006598659,0.607859795,0.707706432,0.104044992,"00:12.9",5,"good",22,2023-11-05,"2023-11-04","2023-11-04 21:41","2023-11-05 11:41","2023-11-05 21:39",20.43122167,"black",1,"SDB","2",-73.74,45.47,"PETI",2023,11,5,8.5,0,4.3,1.3,0,0,2023-11-05 22:00:00,2023-11-05 17:00:00
"102","end",3,77879,73,9.7,0,"59:50.9",1.082076287,0.500297443,0.519898689,0.100989374,"00:33.1",6,"good",22,2024-01-15,"2024-01-14","2024-01-14 21:37","2024-01-15 12:33","2024-01-15 21:38",21.71875333,"black",1,"SDB","2",-73.74,45.47,"PETI",2024,1,15,-4.5,-7.3,-5.9,0.2,12,43,2024-01-15 22:00:00,2024-01-15 17:00:00
"109","end",10,77886,59,9.7,9.7,"59:56.9",0.995493612,0.37173301,0.643036301,0.049983968,"00:39.2",6,"good",22,2024-01-08,"2024-01-07","2024-01-07 21:29","2024-01-08 12:36","2024-01-08 21:30",30.10385333,"black",1,"BDU","2",-73.74,45.47,"PETI",2024,1,8,-2.3,-7.9,-5.1,0.4,8,0,2024-01-08 22:00:00,2024-01-08 17:00:00
"109","end",10,77886,73,0,9.7,"59:56.6",0.909616829,0.567869262,0.253327371,0.07994589,"00:38.9",6,"good",22,2024-01-22,"2024-01-21","2024-01-21 21:46","2024-01-22 12:28","2024-01-22 21:48",12.53210833,"black",1,"BDU","2",-73.74,45.47,"PETI",2024,1,22,-0.4,-11.6,-6,0,15,47,2024-01-22 22:00:00,2024-01-22 17:00:00
"109","end",10,77886,75,9.7,9.7,"59:50.4",0.653784214,0.498755457,0.158209813,0.067871103,"00:03.6",6,"good",22,2024-01-24,"2024-01-23","2024-01-23 21:49","2024-01-24 12:26","2024-01-24 21:50",9.176316667,"black",1,"BDU","2",-73.74,45.47,"PETI",2024,1,24,-4.2,-10.3,-7.2,2.3,14,0,2024-01-24 22:00:00,2024-01-24 17:00:00
"111","end",2,77888,62,0,9.7,"59:56.7",1.150293921,0.68408509,0.63255189,0.114576698,"00:10.0",7,"good",22,2024-01-14,"2024-01-13","2024-01-13 21:36","2024-01-14 12:33","2024-01-14 21:37",22.60081167,"black",1,"SDB","2",-73.74,45.47,"PETI",2024,1,14,-1,-6.6,-3.8,1,10,74,2024-01-14 22:00:00,2024-01-14 17:00:00
"111","end",2,77888,70,0,9.7,"59:56.9",1.333418524,0.643490163,0.689694831,0.190567236,"00:29.6",7,"good",22,2024-01-22,"2024-01-21","2024-01-21 21:46","2024-01-22 12:28","2024-01-22 21:48",12.37661666,"black",1,"SDB","2",-73.74,45.47,"PETI",2024,1,22,-0.4,-11.6,-6,0,15,47,2024-01-22 22:00:00,2024-01-22 17:00:00
"121","end",2,77898,104,9.7,9.7,"59:59.6",1.318378489,0.621897019,0.712248333,0.101826785,"00:03.0",8,"good",22,2024-01-29,"2024-01-28","2024-01-28 21:56","2024-01-29 12:21","2024-01-29 21:58",2.033476667,"black",1,"BDU","2",-73.74,45.47,"PETI",2024,1,29,0.2,-4.2,-2,0,12,0,2024-01-29 22:00:00,2024-01-29 17:00:00
"123","end",3,77899,13,0,562.54,"20:25.8",1.347912778,0.51226697,0.793587792,0.065346919,"00:34.5",8,"good",22,2023-10-31,"2023-10-30","2023-10-30 21:48","2023-10-31 11:34","2023-10-31 21:46",13.79202333,"black",1,"SDB","2",-73.74,45.47,"PETI",2023,10,31,4.5,-1.3,1.6,1.5,0,0,2023-10-31 22:00:00,2023-10-31 18:00:00
"124","end",4,77900,17,0,9.7,"59:54.1",1.079244641,0.624252536,0.721141668,0.081030087,"00:36.4",8,"good",22,2023-11-04,"2023-11-03","2023-11-03 21:42","2023-11-04 11:40","2023-11-04 21:41",19.47408,"black",1,"SDB","2",-73.74,45.47,"PETI",2023,11,4,10.3,4.7,7.5,1,0,45,2023-11-04 22:00:00,2023-11-04 18:00:00
"124","end",4,77900,85,0,0,"59:55.8",1.338120741,0.558031537,0.8400046,0.092488193,"00:09.1",8,"good",22,2024-01-11,"2024-01-10","2024-01-10 21:32","2024-01-11 12:35","2024-01-11 21:33",26.20090834,"black",1,"SDB","2",-73.74,45.47,"PETI",2024,1,11,-2.6,-6.1,-4.3,0,6,49,2024-01-11 22:00:00,2024-01-11 17:00:00
"608","end",3,90326,9,9.7,0,"59:52.2",1.097230498,0.537315185,0.765764975,0.105253884,"00:15.2",9,"good",22,2024-10-31,"2024-10-30","2024-10-30 21:47","2024-10-31 11:35","2024-10-31 21:45",14.53743667,"black",1,"BDU","3",-73.74,45.47,"PETI",2024,10,31,24.3,18.5,21.4,0,0,53,2024-10-31 22:00:00,2024-10-31 18:00:00
"608","end",3,90326,98,0,0,"59:55.6",1.035206371,0.541887218,0.633376658,0.076872558,"00:09.2",9,"good",22,2025-01-28,"2025-01-27","2025-01-27 21:56","2025-01-28 12:22","2025-01-28 21:57",2.503284999,"black",1,"BDU","3",-73.74,45.47,"PETI",2025,1,28,-1.3,-15.6,-8.4,0.8,7,47,2025-01-28 22:00:00,2025-01-28 17:00:00
"617","end",2,90335,6,0,9.7,"59:51.9",0.864936778,0.579581398,0.646582799,0.08296546,"00:25.1",10,"good",22,2024-10-30,"2024-10-29","2024-10-29 21:48","2024-10-30 11:34","2024-10-30 21:47",13.25099167,"black",1,"BDU","3",-73.74,45.47,"PETI",2024,10,30,22.6,10.1,16.4,0,0,33,2024-10-30 22:00:00,2024-10-30 18:00:00
"623","end",7,90341,4,9.7,9.7,"59:53.3",0.818595906,0.579340804,0.218462457,0.083729586,"00:16.2",10,"good",22,2024-11-03,"2024-11-02","2024-11-02 21:42","2024-11-03 11:39","2024-11-03 21:41",18.78697,"black",1,"BDU","3",-73.74,45.47,"PETI",2024,11,3,5.6,-5.2,0.2,0,0,0,2024-11-03 22:00:00,2024-11-03 17:00:00
"627","end",2,90345,69,9.7,0,"59:52.1",1.137548081,0.594591674,0.524375221,0.081784626,"00:14.9",11,"good",22,2025-01-10,"2025-01-09","2025-01-09 21:32","2025-01-10 12:35","2025-01-10 21:33",26.59901333,"black",1,"BDU","3",-73.74,45.47,"PETI",2025,1,10,-5.8,-11,-8.4,0,3,36,2025-01-10 22:00:00,2025-01-10 17:00:00
"627","end",2,90345,95,0,38.8,"59:53.1",1.110143243,0.648239007,0.611335328,0.069741504,"00:15.9",11,"good",22,2025-02-05,"2025-02-04","2025-02-04 22:07","2025-02-05 12:12","2025-02-05 22:09",-9.068605002,"black",1,"BDU","3",-73.74,45.47,"PETI",2025,2,5,-12.7,-18.7,-15.7,0.3,14,32,2025-02-05 22:00:00,2025-02-05 17:00:00
"631","end",6,90349,74,0,9.7,"59:50.6",1.154013911,0.34402134,0.93137519,0.049928922,"00:33.3",11,"good",22,2025-01-24,"2025-01-23","2025-01-23 21:50","2025-01-24 12:26","2025-01-24 21:51",8.621956666,"black",1,"BDU","3",-73.74,45.47,"PETI",2025,1,24,-8.3,-17,-12.7,0.2,7,0,2025-01-24 22:00:00,2025-01-24 17:00:00
"635","end",10,90353,64,9.7,9.7,"59:57.1",0.66762439,0.574371869,0.153444585,0.068140893,"00:10.3",11,"good",22,2025-01-15,"2025-01-14","2025-01-14 21:38","2025-01-15 12:32","2025-01-15 21:39",20.40567833,"black",1,"BDU","3",-73.74,45.47,"PETI",2025,1,15,-5.5,-12.2,-8.9,0.2,7,31,2025-01-15 22:00:00,2025-01-15 17:00:00
"641","end",5,90359,75,9.7,4509.86,"59:56.7",1.208075427,0.578732253,0.649015024,0.079208829,"00:10.0",12,"good",22,2025-01-28,"2025-01-27","2025-01-27 21:56","2025-01-28 12:22","2025-01-28 21:57",2.517311668,"black",1,"SDB","3",-73.74,45.47,"PETI",2025,1,28,-1.3,-15.6,-8.4,0.8,7,47,2025-01-28 22:00:00,2025-01-28 17:00:00
"645","end",7,90363,82,0,9.7,"59:53.6",1.09130021,0.598333251,0.641574309,0.121434221,"00:16.6",12,"good",22,2025-02-04,"2025-02-03","2025-02-03 22:06","2025-02-04 12:14","2025-02-04 22:07",-7.589848332,"black",1,"SDB","3",-73.74,45.47,"PETI",2025,2,4,-3.9,-14.5,-9.2,0,19,44,2025-02-04 22:00:00,2025-02-04 17:00:00
"206","end",1,68906,108,0,0,"59:59.5",1.583795978,0.558662988,1.090398585,0.075285352,"01:08.5",1,"good",22.01666667,2023-01-27,"2023-01-26","2023-01-26 21:54","2023-01-27 12:23","2023-01-27 21:55",5.624273332,"black",1,"SDB","1",-73.74,45.47,"PETI",2023,1,27,-1.5,-12.3,-6.9,0.7,32,0,2023-01-27 22:01:00,2023-01-27 17:01:00
"207","end",2,68907,31,0,7.3,"59:57.8",1.390340839,0.565624544,0.840609928,0.115075797,"01:06.5",1,"good",22.01666667,2022-11-08,"2022-11-07","2022-11-07 21:36","2022-11-08 11:46","2022-11-08 21:35",25.52458,"black",1,"SDB","1",-73.74,45.47,"PETI",2022,11,8,7.4,-3,2.2,0,0,39,2022-11-08 22:01:00,2022-11-08 17:01:00
"207","end",2,68907,119,0,7.3,"59:59.6",1.188730399,0.575966571,0.943467139,0.105878006,"01:52.1",1,"good",22.01666667,2023-02-04,"2023-02-03","2023-02-03 22:05","2023-02-04 12:14","2023-02-04 22:07",-5.281769999,"black",1,"SDB","1",-73.74,45.47,"PETI",2023,2,4,-14.1,-29.1,-21.6,0.2,37,36,2023-02-04 22:01:00,2023-02-04 17:01:00
"210","end",5,68910,22,0,0,"59:59.0",1.104633689,0.442211063,0.752669842,0.078595585,"01:29.7",1,"good",22.01666667,2022-11-04,"2022-11-03","2022-11-03 21:42","2022-11-04 11:40","2022-11-04 21:40",20.711285,"black",1,"SDB","1",-73.74,45.47,"PETI",2022,11,4,20.5,6.9,13.7,0,0,0,2022-11-04 22:01:00,2022-11-04 18:01:00
"210","end",5,68910,25,0,7.3,"59:55.6",1.211861702,0.731195571,0.753516713,0.179024667,"01:55.5",1,"good",22.01666667,2022-11-07,"2022-11-06","2022-11-06 21:38","2022-11-07 11:44","2022-11-07 21:36",25.09131167,"black",1,"SDB","1",-73.74,45.47,"PETI",2022,11,7,15.4,6.8,11.1,0,0,61,2022-11-07 22:01:00,2022-11-07 17:01:00
"213","end",3,68913,12,43.79,7.3,"59:59.4",0.879783818,0.720323862,0.296275555,0.094879129,"01:01.0",2,"good",22.01666667,2022-11-03,"2022-11-02","2022-11-02 21:43","2022-11-03 11:39","2022-11-03 21:42",18.86678167,"black",1,"SDB","1",-73.74,45.47,"PETI",2022,11,3,17.2,2.9,10,0,0,0,2022-11-03 22:01:00,2022-11-03 18:01:00
"213","end",3,68913,13,0,0,"59:58.4",1.489063228,0.419247064,1.026833334,0.069179012,"01:43.7",2,"good",22.01666667,2022-11-04,"2022-11-03","2022-11-03 21:42","2022-11-04 11:40","2022-11-04 21:40",20.94552333,"black",1,"SDB","1",-73.74,45.47,"PETI",2022,11,4,20.5,6.9,13.7,0,0,0,2022-11-04 22:01:00,2022-11-04 18:01:00
"215","end",5,68915,87,7.3,7.3,"59:55.0",0.709041814,0.589108177,0.145010921,0.061717548,"01:11.0",2,"good",22.01666667,2023-01-20,"2023-01-19","2023-01-19 21:44","2023-01-20 12:29","2023-01-20 21:45",15.45066667,"black",1,"SDB","1",-73.74,45.47,"PETI",2023,1,20,-1.4,-7,-4.2,3.3,22,40,2023-01-20 22:01:00,2023-01-20 17:01:00
"216","end",1,68916,14,0,7.3,"59:58.2",0.784888852,0.669543693,0.355361924,0.095090223,"01:07.2",3,"good",22.01666667,2022-11-09,"2022-11-08","2022-11-08 21:35","2022-11-09 11:47","2022-11-09 21:34",26.770205,"black",1,"SDB","1",-73.74,45.47,"PETI",2022,11,9,8.9,-3.6,2.7,0,0,0,2022-11-09 22:01:00,2022-11-09 17:01:00
"217","end",2,68917,9,0,0,"59:56.0",1.227769868,0.374211378,0.867994917,0.076003375,"01:12.1",3,"good",22.01666667,2022-11-04,"2022-11-03","2022-11-03 21:42","2022-11-04 11:40","2022-11-04 21:40",20.418425,"black",1,"SDB","1",-73.74,45.47,"PETI",2022,11,4,20.5,6.9,13.7,0,0,0,2022-11-04 22:01:00,2022-11-04 18:01:00
"217","end",2,68917,15,0,7.3,"59:54.3",1.257808436,0.386305727,0.856663085,0.074315187,"01:03.1",3,"good",22.01666667,2022-11-10,"2022-11-09","2022-11-09 21:34","2022-11-10 11:48","2022-11-10 21:33",27.90161167,"black",1,"SDB","1",-73.74,45.47,"PETI",2022,11,10,17.2,7.6,12.4,0,0,0,2022-11-10 22:01:00,2022-11-10 17:01:00
"221","end",1,68921,4,0,7.3,"59:59.0",1.057052556,0.516717411,0.57856913,0.079043087,"01:29.6",4,"good",22.01666667,2022-11-06,"2022-11-05","2022-11-05 21:39","2022-11-06 11:43","2022-11-06 21:38",23.37685666,"black",1,"SDB","1",-73.74,45.47,"PETI",2022,11,6,21.4,15.2,18.3,6.6,0,41,2022-11-06 22:01:00,2022-11-06 17:01:00
"221","end",1,68921,5,6.59,0.71,"59:59.5",0.936299711,0.609410074,0.358018711,0.089509936,"01:07.5",4,"good",22.01666667,2022-11-07,"2022-11-06","2022-11-06 21:38","2022-11-07 11:44","2022-11-07 21:36",24.29179667,"black",1,"SDB","1",-73.74,45.47,"PETI",2022,11,7,15.4,6.8,11.1,0,0,61,2022-11-07 22:01:00,2022-11-07 17:01:00
"222","end",2,68922,79,0,291.96,"59:56.6",1.085755835,0.621789885,0.637839508,0.116252572,"01:49.4",4,"good",22.01666667,2023-01-20,"2023-01-19","2023-01-19 21:44","2023-01-20 12:29","2023-01-20 21:45",16.08962833,"black",1,"SDB","1",-73.74,45.47,"PETI",2023,1,20,-1.4,-7,-4.2,3.3,22,40,2023-01-20 22:01:00,2023-01-20 17:01:00
"225","end",5,68925,34,7.3,7.3,"59:58.1",1.284321586,0.464228974,0.907504396,0.083295453,"01:43.4",4,"good",22.01666667,2022-12-12,"2022-12-11","2022-12-11 21:13","2022-12-12 12:27","2022-12-12 21:14",47.68956833,"black",1,"SDB","1",-73.74,45.47,"PETI",2022,12,12,-2.8,-9.9,-6.3,0,0,31,2022-12-12 22:01:00,2022-12-12 17:01:00
"97","end",6,77874,1,0,9.7,"59:52.3",0.987419559,0.473740433,0.648303867,0.085855348,"01:13.5",5,"good",22.01666667,2023-10-31,"2023-10-30","2023-10-30 21:48","2023-10-31 11:34","2023-10-31 21:46",14.44211167,"black",1,"SDB","2",-73.74,45.47,"PETI",2023,10,31,4.5,-1.3,1.6,1.5,0,0,2023-10-31 22:01:00,2023-10-31 18:01:00
"97","end",6,77874,3,9.7,0,"59:52.8",1.035392207,0.464628581,0.64495385,0.100318879,"01:52.8",5,"good",22.01666667,2023-11-02,"2023-11-01","2023-11-01 21:45","2023-11-02 11:37","2023-11-02 21:43",17.96337167,"black",1,"SDB","2",-73.74,45.47,"PETI",2023,11,2,8.2,-0.9,3.6,0.8,0,39,2023-11-02 22:01:00,2023-11-02 18:01:00
"97","end",6,77874,9,9.7,0,"59:54.8",1.15612474,0.4545394,0.748172897,0.073733462,"01:06.3",5,"good",22.01666667,2023-11-08,"2023-11-07","2023-11-07 21:37","2023-11-08 11:45","2023-11-08 21:35",25.20476333,"black",1,"SDB","2",-73.74,45.47,"PETI",2023,11,8,4.5,-1.8,1.3,3.2,0,37,2023-11-08 22:01:00,2023-11-08 17:01:00
"102","end",3,77879,5,9.7,9.7,"59:55.9",1.124710164,0.537589573,0.726310973,0.093167548,"01:26.6",6,"good",22.01666667,2023-11-08,"2023-11-07","2023-11-07 21:37","2023-11-08 11:45","2023-11-08 21:35",25.54387,"black",1,"SDB","2",-73.74,45.47,"PETI",2023,11,8,4.5,-1.8,1.3,3.2,0,37,2023-11-08 22:01:00,2023-11-08 17:01:00
"109","end",10,77886,69,9.7,0,"59:59.5",0.726042527,0.558174979,0.19388877,0.074971773,"01:20.6",6,"good",22.01666667,2024-01-18,"2024-01-17","2024-01-17 21:41","2024-01-18 12:31","2024-01-18 21:42",18.64330333,"black",1,"BDU","2",-73.74,45.47,"PETI",2024,1,18,-6.1,-10.3,-8.2,0.6,14,0,2024-01-18 22:01:00,2024-01-18 17:01:00
"111","end",2,77888,71,0,9.7,"59:52.0",1.296805616,0.577990196,0.748133941,0.110255896,"01:22.9",7,"good",22.01666667,2024-01-23,"2024-01-22","2024-01-22 21:48","2024-01-23 12:27","2024-01-23 21:49",11.88154,"black",1,"SDB","2",-73.74,45.47,"PETI",2024,1,23,-0.2,-9.4,-4.8,0.2,14,32,2024-01-23 22:01:00,2024-01-23 17:01:00
"116","end",7,77893,47,9.7,0,"59:57.7",0.968188435,0.496950478,0.340345278,0.078052763,"01:57.3",7,"good",22.01666667,2024-01-08,"2024-01-07","2024-01-07 21:29","2024-01-08 12:36","2024-01-08 21:30",31.40536667,"black",1,"SDB","2",-73.74,45.47,"PETI",2024,1,8,-2.3,-7.9,-5.1,0.4,8,0,2024-01-08 22:01:00,2024-01-08 17:01:00
"116","end",7,77893,54,9.7,0,"59:54.8",0.919695,0.535215344,0.473568793,0.083356354,"01:54.7",7,"good",22.01666667,2024-01-15,"2024-01-14","2024-01-14 21:37","2024-01-15 12:33","2024-01-15 21:38",23.07850667,"black",1,"SDB","2",-73.74,45.47,"PETI",2024,1,15,-4.5,-7.3,-5.9,0.2,12,43,2024-01-15 22:01:00,2024-01-15 17:01:00
"121","end",2,77898,98,0,9.7,"59:51.4",1.671787426,0.630427917,0.867980072,0.083788593,"01:22.1",8,"good",22.01666667,2024-01-23,"2024-01-22","2024-01-22 21:48","2024-01-23 12:27","2024-01-23 21:49",11.86844167,"black",1,"BDU","2",-73.74,45.47,"PETI",2024,1,23,-0.2,-9.4,-4.8,0.2,14,32,2024-01-23 22:01:00,2024-01-23 17:01:00
"124","end",4,77900,13,0,9.6,"59:57.4",1.208585337,0.59831622,0.734439537,0.112995103,"00:59.2",8,"good",22.01666667,2023-10-31,"2023-10-30","2023-10-30 21:48","2023-10-31 11:34","2023-10-31 21:46",14.20398,"black",1,"SDB","2",-73.74,45.47,"PETI",2023,10,31,4.5,-1.3,1.6,1.5,0,0,2023-10-31 22:01:00,2023-10-31 18:01:00
"608","end",3,90326,100,0,9.7,"59:55.8",1.013351683,0.567411131,0.795592062,0.079374442,"01:36.7",9,"good",22.01666667,2025-01-30,"2025-01-29","2025-01-29 21:59","2025-01-30 12:20","2025-01-30 22:00",1.062256666,"black",1,"BDU","3",-73.74,45.47,"PETI",2025,1,30,-9.4,-19.1,-14.2,0.9,16,33,2025-01-30 22:01:00,2025-01-30 17:01:00
"617","end",2,90335,91,0,9.7,"59:52.4",0.940596948,0.473034397,0.803950757,0.093788958,"01:43.1",10,"good",22.01666667,2025-01-23,"2025-01-22","2025-01-22 21:49","2025-01-23 12:27","2025-01-23 21:50",11.18545667,"black",1,"BDU","3",-73.74,45.47,"PETI",2025,1,23,-5.5,-10.4,-8,1.7,5,0,2025-01-23 22:01:00,2025-01-23 17:01:00
"617","end",2,90335,93,0,9.7,"59:52.5",1.000708391,0.468273879,0.83606295,0.099551923,"01:43.2",10,"good",22.01666667,2025-01-25,"2025-01-24","2025-01-24 21:51","2025-01-25 12:25","2025-01-25 21:53",8.369903334,"black",1,"BDU","3",-73.74,45.47,"PETI",2025,1,25,-3.4,-19.9,-11.6,0.4,6,41,2025-01-25 22:01:00,2025-01-25 17:01:00
"617","end",2,90335,99,0,9.7,"59:53.3",0.994863904,0.411234733,0.924695394,0.088936119,"01:24.7",10,"good",22.01666667,2025-01-31,"2025-01-30","2025-01-30 22:00","2025-01-31 12:18","2025-01-31 22:02",-0.58913,"black",1,"BDU","3",-73.74,45.47,"PETI",2025,1,31,-2.5,-11.6,-7,0.2,15,43,2025-01-31 22:01:00,2025-01-31 17:01:00
"623","end",7,90341,14,9.7,9.7,"59:46.0",0.623828113,0.598259585,0.203474605,0.083078609,"01:36.2",10,"good",22.01666667,2024-11-13,"2024-11-12","2024-11-12 21:30","2024-11-13 11:53","2024-11-13 21:29",32.38742333,"black",1,"BDU","3",-73.74,45.47,"PETI",2024,11,13,3.5,-2.6,0.5,0,0,0,2024-11-13 22:01:00,2024-11-13 17:01:00
"627","end",2,90345,107,0,9.7,"59:52.0",1.326930568,0.762173206,0.531369678,0.144701516,"01:03.3",11,"good",22.01666667,2025-02-17,"2025-02-16","2025-02-16 22:25","2025-02-17 11:55","2025-02-17 22:26",-25.811925,"black",1,"BDU","3",-73.74,45.47,"PETI",2025,2,17,-9.6,-14.2,-11.9,1,44,69,2025-02-17 22:01:00,2025-02-17 17:01:00
"635","end",10,90353,70,0,9.7,"59:56.5",0.706339783,0.582913804,0.274354516,0.092138216,"01:56.5",11,"good",22.01666667,2025-01-21,"2025-01-20","2025-01-20 21:46","2025-01-21 12:28","2025-01-21 21:47",14.19118667,"black",1,"BDU","3",-73.74,45.47,"PETI",2025,1,21,-10.5,-15.8,-13.1,0,5,33,2025-01-21 22:01:00,2025-01-21 17:01:00
"645","end",7,90363,78,0,9.7,"59:53.5",1.298265358,0.550375348,0.868038645,0.113774978,"01:34.1",12,"good",22.01666667,2025-01-31,"2025-01-30","2025-01-30 22:00","2025-01-31 12:18","2025-01-31 22:02",-0.431625001,"black",1,"SDB","3",-73.74,45.47,"PETI",2025,1,31,-2.5,-11.6,-7,0.2,15,43,2025-01-31 22:01:00,2025-01-31 17:01:00
"209","end",4,68909,23,7.3,7.3,"59:54.4",1.081111799,0.530560632,0.443343757,0.053551328,"02:38.1",1,"good",22.03333333,2022-11-05,"2022-11-04","2022-11-04 21:40","2022-11-05 11:41","2022-11-05 21:39",23.20175667,"black",1,"SDB","1",-73.74,45.47,"PETI",2022,11,5,24.2,10.5,17.4,0,0,37,2022-11-05 22:02:00,2022-11-05 18:02:00
"210","end",5,68910,20,0,0,"59:53.9",1.146731277,0.476251205,0.848032939,0.086990752,"02:52.2",1,"good",22.03333333,2022-11-02,"2022-11-01","2022-11-01 21:44","2022-11-02 11:37","2022-11-02 21:43",19.31962,"black",1,"SDB","1",-73.74,45.47,"PETI",2022,11,2,14.5,3.4,8.9,0,0,0,2022-11-02 22:02:00,2022-11-02 18:02:00
"212","end",2,68912,15,7.3,7.3,"59:56.2",0.897318871,0.700169031,0.354990325,0.111290686,"02:17.9",2,"good",22.03333333,2022-11-07,"2022-11-06","2022-11-06 21:38","2022-11-07 11:44","2022-11-07 21:36",25.464875,"black",1,"SDB","1",-73.74,45.47,"PETI",2022,11,7,15.4,6.8,11.1,0,0,61,2022-11-07 22:02:00,2022-11-07 17:02:00
"214","end",4,68914,63,7.3,7.3,"57:50.9",1.046222503,0.717223546,0.474990979,0.118248611,"02:46.0",2,"good",22.03333333,2022-11-09,"2022-11-08","2022-11-08 21:35","2022-11-09 11:47","2022-11-09 21:34",28.415875,"black",1,"SDB","1",-73.74,45.47,"PETI",2022,11,9,8.9,-3.6,2.7,0,0,0,2022-11-09 22:02:00,2022-11-09 17:02:00
"215","end",5,68915,93,43.79,36.5,"48:55.5",1.025515617,0.606935778,0.406404253,0.07304419,"02:06.9",2,"good",22.03333333,2023-01-26,"2023-01-25","2023-01-25 21:52","2023-01-26 12:24","2023-01-26 21:54",8.031666668,"black",1,"SDB","1",-73.74,45.47,"PETI",2023,1,26,-3.7,-6.7,-5.2,4.2,34,42,2023-01-26 22:02:00,2023-01-26 17:02:00
"217","end",2,68917,7,7.3,0,"59:56.5",1.168737797,0.435935302,0.811859287,0.079385271,"02:25.6",3,"good",22.03333333,2022-11-02,"2022-11-01","2022-11-01 21:44","2022-11-02 11:37","2022-11-02 21:43",18.87632167,"black",1,"SDB","1",-73.74,45.47,"PETI",2022,11,2,14.5,3.4,8.9,0,0,0,2022-11-02 22:02:00,2022-11-02 18:02:00
"219","end",4,68919,4,0,7.3,"42:34.6",1.056712369,0.711771979,0.386887442,0.10361684,"02:42.2",3,"good",22.03333333,2022-11-03,"2022-11-02","2022-11-02 21:43","2022-11-03 11:39","2022-11-03 21:42",20.55267667,"black",1,"SDB","1",-73.74,45.47,"PETI",2022,11,3,17.2,2.9,10,0,0,0,2022-11-03 22:02:00,2022-11-03 18:02:00
"219","end",4,68919,82,7.3,0,"59:55.8",1.570411579,0.428013555,0.991108143,0.058035649,"02:46.9",3,"good",22.03333333,2023-01-20,"2023-01-19","2023-01-19 21:44","2023-01-20 12:29","2023-01-20 21:45",17.04751167,"black",1,"SDB","1",-73.74,45.47,"PETI",2023,1,20,-1.4,-7,-4.2,3.3,22,40,2023-01-20 22:02:00,2023-01-20 17:02:00
"220","end",5,68920,1,7.3,7.3,"59:55.9",0.887280023,0.674500657,0.542191225,0.104922265,"02:39.6",3,"good",22.03333333,2022-11-02,"2022-11-01","2022-11-01 21:44","2022-11-02 11:37","2022-11-02 21:43",19.10952667,"black",1,"SDB","1",-73.74,45.47,"PETI",2022,11,2,14.5,3.4,8.9,0,0,0,2022-11-02 22:02:00,2022-11-02 18:02:00
"222","end",2,68922,76,0,7.3,"59:57.3",1.278881411,0.483817852,0.783335456,0.101346205,"02:04.7",4,"good",22.03333333,2023-01-17,"2023-01-16","2023-01-16 21:40","2023-01-17 12:31","2023-01-17 21:41",20.34463833,"black",1,"SDB","1",-73.74,45.47,"PETI",2023,1,17,-1.7,-11.2,-6.4,0.6,18,0,2023-01-17 22:02:00,2023-01-17 17:02:00
"225","end",5,68925,116,0,7.3,"59:53.8",0.919719013,0.499248606,0.648354667,0.098076811,"02:08.2",4,"good",22.03333333,2023-03-04,"2023-03-03","2023-03-03 22:45","2023-03-04 11:30","2023-03-04 22:47",-45.09624333,"black",1,"SDB","1",-73.74,45.47,"PETI",2023,3,4,-1.1,-6.7,-3.9,7.7,28,38,2023-03-04 22:02:00,2023-03-04 17:02:00
"97","end",6,77874,5,0,9.7,"59:53.6",0.908906268,0.515637234,0.550337476,0.09104141,"02:22.7",5,"good",22.03333333,2023-11-04,"2023-11-03","2023-11-03 21:42","2023-11-04 11:40","2023-11-04 21:41",21.24429333,"black",1,"SDB","2",-73.74,45.47,"PETI",2023,11,4,10.3,4.7,7.5,1,0,45,2023-11-04 22:02:00,2023-11-04 18:02:00
"100","end",1,77877,4,0.1,9.6,"59:58.7",0.711154505,0.570670351,0.16786821,0.059460607,"02:37.4",6,"good",22.03333333,2023-11-05,"2023-11-04","2023-11-04 21:41","2023-11-05 11:41","2023-11-05 21:39",22.83924,"black",1,"BDU","2",-73.74,45.47,"PETI",2023,11,5,8.5,0,4.3,1.3,0,0,2023-11-05 22:02:00,2023-11-05 17:02:00
"121","end",2,77898,4,9.7,9.7,"59:59.1",0.849160429,0.683412209,0.295178868,0.087914938,"02:18.4",8,"good",22.03333333,2023-10-21,"2023-10-20","2023-10-20 22:04","2023-10-21 11:20","2023-10-21 22:02",-0.227225002,"black",1,"BDU","2",-73.74,45.47,"PETI",2023,10,21,14.5,8.6,11.6,14.6,0,37,2023-10-21 22:02:00,2023-10-21 18:02:00
"124","end",4,77900,14,0.1,9.6,"59:54.2",1.007491544,0.60994223,0.563159284,0.098755481,"02:03.8",8,"good",22.03333333,2023-11-01,"2023-10-31","2023-10-31 21:46","2023-11-01 11:35","2023-11-01 21:45",16.730285,"black",1,"SDB","2",-73.74,45.47,"PETI",2023,11,1,2.4,-1.9,0.2,0.8,0,31,2023-11-01 22:02:00,2023-11-01 18:02:00
"124","end",4,77900,16,0,9.7,"59:57.3",1.237905393,0.625572079,0.712738642,0.091665407,"02:16.6",8,"good",22.03333333,2023-11-03,"2023-11-02","2023-11-02 21:43","2023-11-03 11:38","2023-11-03 21:42",19.77712167,"black",1,"SDB","2",-73.74,45.47,"PETI",2023,11,3,13.5,4.6,9.1,1.1,0,49,2023-11-03 22:02:00,2023-11-03 18:02:00
"124","end",4,77900,20,19.4,19.4,"58:17.1",0.981285264,0.73879354,0.405115181,0.103621804,"02:52.1",8,"good",22.03333333,2023-11-07,"2023-11-06","2023-11-06 21:38","2023-11-07 11:44","2023-11-07 21:37",25.70232,"black",1,"SDB","2",-73.74,45.47,"PETI",2023,11,7,11.4,-0.1,5.6,8.7,0,74,2023-11-07 22:02:00,2023-11-07 17:02:00
"124","end",4,77900,96,9.7,9.7,"58:29.5",1.095958704,0.60820725,0.586104104,0.080664347,"02:06.4",8,"good",22.03333333,2024-01-22,"2024-01-21","2024-01-21 21:46","2024-01-22 12:28","2024-01-22 21:48",13.99029667,"black",1,"SDB","2",-73.74,45.47,"PETI",2024,1,22,-0.4,-11.6,-6,0,15,47,2024-01-22 22:02:00,2024-01-22 17:02:00
"608","end",3,90326,88,0,0,"59:54.6",1.18826283,0.39460616,0.955954288,0.062671589,"02:43.1",9,"good",22.03333333,2025-01-18,"2025-01-17","2025-01-17 21:42","2025-01-18 12:30","2025-01-18 21:43",19.03435833,"black",1,"BDU","3",-73.74,45.47,"PETI",2025,1,18,2.6,-1,0.8,3.2,6,38,2025-01-18 22:02:00,2025-01-18 17:02:00
"625","end",9,90343,72,0,9.7,"57:18.4",1.056224511,0.659042679,0.514548116,0.079903439,"02:51.7",10,"good",22.03333333,2025-01-10,"2025-01-09","2025-01-09 21:32","2025-01-10 12:35","2025-01-10 21:33",29.21186833,"black",1,"SDB","3",-73.74,45.47,"PETI",2025,1,10,-5.8,-11,-8.4,0,3,36,2025-01-10 22:02:00,2025-01-10 17:02:00
"631","end",6,90349,60,0,9.7,"59:56.9",0.939884884,0.531816797,0.658018085,0.087135454,"02:55.4",11,"good",22.03333333,2025-01-10,"2025-01-09","2025-01-09 21:32","2025-01-10 12:35","2025-01-10 21:33",29.27310667,"black",1,"BDU","3",-73.74,45.47,"PETI",2025,1,10,-5.8,-11,-8.4,0,3,36,2025-01-10 22:02:00,2025-01-10 17:02:00
"631","end",6,90349,66,9.7,0,"59:56.7",1.262344809,0.384238834,0.88724903,0.067364199,"02:06.7",11,"good",22.03333333,2025-01-16,"2025-01-15","2025-01-15 21:39","2025-01-16 12:32","2025-01-16 21:41",21.06197333,"black",1,"BDU","3",-73.74,45.47,"PETI",2025,1,16,-3.7,-10.4,-7.1,0.2,7,0,2025-01-16 22:02:00,2025-01-16 17:02:00
"631","end",6,90349,67,9.7,9.7,"59:58.3",1.282821085,0.537042506,0.914352843,0.09045554,"02:08.3",11,"good",22.03333333,2025-01-17,"2025-01-16","2025-01-16 21:41","2025-01-17 12:31","2025-01-17 21:42",19.77152,"black",1,"BDU","3",-73.74,45.47,"PETI",2025,1,17,-0.4,-8.7,-4.6,0.2,8,33,2025-01-17 22:02:00,2025-01-17 17:02:00
"645","end",7,90363,68,38.79,9.7,"59:53.2",1.10195055,0.629372277,0.792440988,0.101048804,"02:22.3",12,"good",22.03333333,2025-01-21,"2025-01-20","2025-01-20 21:46","2025-01-21 12:28","2025-01-21 21:47",14.62138,"black",1,"SDB","3",-73.74,45.47,"PETI",2025,1,21,-10.5,-15.8,-13.1,0,5,33,2025-01-21 22:02:00,2025-01-21 17:02:00
"645","end",7,90363,85,0,0,"59:58.5",1.213131837,0.558127574,0.679213886,0.121675779,"02:08.2",12,"good",22.03333333,2025-02-07,"2025-02-06","2025-02-06 22:10","2025-02-07 12:10","2025-02-07 22:12",-10.13008333,"black",1,"SDB","3",-73.74,45.47,"PETI",2025,2,7,0.4,-8.5,-4,1.4,22,60,2025-02-07 22:02:00,2025-02-07 17:02:00
"206","end",1,68906,23,7,0,"59:56.5",1.007610161,0.510031064,0.585126388,0.10893567,"03:53.0",1,"good",22.05,2022-11-03,"2022-11-02","2022-11-02 21:43","2022-11-03 11:39","2022-11-03 21:42",21.732815,"black",1,"SDB","1",-73.74,45.47,"PETI",2022,11,3,17.2,2.9,10,0,0,0,2022-11-03 22:03:00,2022-11-03 18:03:00
"206","end",1,68906,99,0,7.3,"59:56.2",1.26845297,0.705468959,0.839208719,0.126569642,"03:45.7",1,"good",22.05,2023-01-18,"2023-01-17","2023-01-17 21:41","2023-01-18 12:31","2023-01-18 21:43",20.711935,"black",1,"SDB","1",-73.74,45.47,"PETI",2023,1,18,1.8,-4.3,-1.3,1.6,18,0,2023-01-18 22:03:00,2023-01-18 17:03:00
"206","end",1,68906,127,7.3,0,"59:57.5",1.555170076,0.539727449,1.073786191,0.077718622,"03:32.4",1,"good",22.05,2023-02-15,"2023-02-14","2023-02-14 22:21","2023-02-15 11:59","2023-02-15 22:23",-19.726205,"black",1,"SDB","1",-73.74,45.47,"PETI",2023,2,15,9.5,-1.1,4.2,2.6,25,52,2023-02-15 22:03:00,2023-02-15 17:03:00
"207","end",2,68907,130,7.3,0,"59:54.5",1.278758646,0.41916978,1.069998973,0.081456654,"03:36.5",1,"good",22.05,2023-02-15,"2023-02-14","2023-02-14 22:21","2023-02-15 11:59","2023-02-15 22:23",-19.65876167,"black",1,"SDB","1",-73.74,45.47,"PETI",2023,2,15,9.5,-1.1,4.2,2.6,25,52,2023-02-15 22:03:00,2023-02-15 17:03:00
"210","end",5,68910,21,0,0,"59:52.8",1.176707183,0.46187497,0.816678824,0.091202301,"03:34.9",1,"good",22.05,2022-11-03,"2022-11-02","2022-11-02 21:43","2022-11-03 11:39","2022-11-03 21:42",21.43155167,"black",1,"SDB","1",-73.74,45.47,"PETI",2022,11,3,17.2,2.9,10,0,0,0,2022-11-03 22:03:00,2022-11-03 18:03:00
"212","end",2,68912,96,7.3,0,"59:56.3",1.298426299,0.417549836,0.712889294,0.105933834,"03:01.8",2,"good",22.05,2023-01-27,"2023-01-26","2023-01-26 21:54","2023-01-27 12:23","2023-01-27 21:55",7.513089999,"black",1,"SDB","1",-73.74,45.47,"PETI",2023,1,27,-1.5,-12.3,-6.9,0.7,32,0,2023-01-27 22:03:00,2023-01-27 17:03:00
"213","end",3,68913,99,0,7.3,"59:57.2",1.167687437,0.385601341,0.89294073,0.056915775,"03:02.8",2,"good",22.05,2023-01-29,"2023-01-28","2023-01-28 21:56","2023-01-29 12:21","2023-01-29 21:58",4.647481668,"black",1,"SDB","1",-73.74,45.47,"PETI",2023,1,29,-2.6,-10.6,-6.6,7.6,33,38,2023-01-29 22:03:00,2023-01-29 17:03:00
"213","end",3,68913,101,0,7.3,"59:55.3",1.212940334,0.351531454,0.87488352,0.049586993,"03:51.7",2,"good",22.05,2023-01-31,"2023-01-30","2023-01-30 21:59","2023-01-31 12:19","2023-01-31 22:01",2.561538335,"black",1,"SDB","1",-73.74,45.47,"PETI",2023,1,31,-7.6,-19.1,-13.4,1.2,41,32,2023-01-31 22:03:00,2023-01-31 17:03:00
"214","end",4,68914,59,0,7.3,"59:56.4",0.948893371,0.469267937,0.46381164,0.097022542,"03:23.9",2,"good",22.05,2022-11-05,"2022-11-04","2022-11-04 21:40","2022-11-05 11:41","2022-11-05 21:39",23.964345,"black",1,"SDB","1",-73.74,45.47,"PETI",2022,11,5,24.2,10.5,17.4,0,0,37,2022-11-05 22:03:00,2022-11-05 18:03:00
"219","end",4,68919,3,43.79,21.99,"59:52.9",0.951994798,0.722798874,0.352040672,0.126423484,"03:56.8",3,"good",22.05,2022-11-02,"2022-11-01","2022-11-01 21:44","2022-11-02 11:37","2022-11-02 21:43",20.39724333,"black",1,"SDB","1",-73.74,45.47,"PETI",2022,11,2,14.5,3.4,8.9,0,0,0,2022-11-02 22:03:00,2022-11-02 18:03:00
"219","end",4,68919,6,0,0,"59:55.2",1.061124685,0.521418885,0.646397332,0.103734133,"03:30.1",3,"good",22.05,2022-11-05,"2022-11-04","2022-11-04 21:40","2022-11-05 11:41","2022-11-05 21:39",24.06786167,"black",1,"SDB","1",-73.74,45.47,"PETI",2022,11,5,24.2,10.5,17.4,0,0,37,2022-11-05 22:03:00,2022-11-05 18:03:00
"219","end",4,68919,75,0,7.3,"59:53.7",1.469896696,0.460059209,1.082831178,0.094260566,"03:14.0",3,"good",22.05,2023-01-13,"2023-01-12","2023-01-12 21:35","2023-01-13 12:34","2023-01-13 21:36",26.56615833,"black",1,"SDB","1",-73.74,45.47,"PETI",2023,1,13,-0.9,-5.2,-3,8.8,10,34,2023-01-13 22:03:00,2023-01-13 17:03:00
"222","end",2,68922,75,7.3,7.3,"00:00.0",1.110946279,0.442157193,0.559208309,0.101047354,"03:49.5",4,"good",22.05,2023-01-16,"2023-01-15","2023-01-15 21:39","2023-01-16 12:32","2023-01-16 21:40",23.391845,"black",1,"SDB","1",-73.74,45.47,"PETI",2023,1,16,-4.5,-15.7,-10.1,0.5,18,0,2023-01-16 22:03:00,2023-01-16 17:03:00
"224","end",4,68924,2,7.3,0,"59:52.8",0.905640671,0.63573682,0.400394042,0.113192818,"03:12.9",4,"good",22.05,2022-11-05,"2022-11-04","2022-11-04 21:40","2022-11-05 11:41","2022-11-05 21:39",23.78233333,"black",1,"SDB","1",-73.74,45.47,"PETI",2022,11,5,24.2,10.5,17.4,0,0,37,2022-11-05 22:03:00,2022-11-05 18:03:00
"99","end",8,77876,1,9.7,0,"00:00.0",1.008314487,0.656999754,0.659711482,0.087106031,"03:07.7",5,"good",22.05,2023-11-01,"2023-10-31","2023-10-31 21:46","2023-11-01 11:35","2023-11-01 21:45",17.79503,"black",1,"SDB","2",-73.74,45.47,"PETI",2023,11,1,2.4,-1.9,0.2,0.8,0,31,2023-11-01 22:03:00,2023-11-01 18:03:00
"102","end",3,77879,1,9.7,9.7,"59:53.1",1.016578836,0.609135739,0.402789627,0.083445538,"03:39.6",6,"good",22.05,2023-11-04,"2023-11-03","2023-11-03 21:42","2023-11-04 11:40","2023-11-04 21:41",22.52639667,"black",1,"SDB","2",-73.74,45.47,"PETI",2023,11,4,10.3,4.7,7.5,1,0,45,2023-11-04 22:03:00,2023-11-04 18:03:00
"104","end",5,77881,72,19.4,19.4,"59:53.4",1.268736071,0.676646651,0.638568604,0.083558998,"03:30.3",6,"good",22.05,2024-01-15,"2024-01-14","2024-01-14 21:37","2024-01-15 12:33","2024-01-15 21:38",24.67226167,"black",1,"SDB","2",-73.74,45.47,"PETI",2024,1,15,-4.5,-7.3,-5.9,0.2,12,43,2024-01-15 22:03:00,2024-01-15 17:03:00
"111","end",2,77888,77,0,9.7,"59:51.8",1.14246333,0.667038705,0.468504394,0.164757607,"03:09.4",7,"good",22.05,2024-01-29,"2024-01-28","2024-01-28 21:56","2024-01-29 12:21","2024-01-29 21:58",5.140335,"black",1,"SDB","2",-73.74,45.47,"PETI",2024,1,29,0.2,-4.2,-2,0,12,0,2024-01-29 22:03:00,2024-01-29 17:03:00
"608","end",3,90326,87,0,9.7,"59:59.3",0.835440314,0.531757042,0.577051988,0.091119085,"03:16.9",9,"good",22.05,2025-01-17,"2025-01-16","2025-01-16 21:41","2025-01-17 12:31","2025-01-17 21:42",20.91419834,"black",1,"BDU","3",-73.74,45.47,"PETI",2025,1,17,-0.4,-8.7,-4.6,0.2,8,33,2025-01-17 22:03:00,2025-01-17 17:03:00
"610","end",5,90328,1,0,9.7,"59:56.5",1.041724877,0.582962635,0.393439335,0.123410998,"03:52.8",9,"good",22.05,2024-10-15,"2024-10-14","2024-10-14 22:13","2024-10-15 11:13","2024-10-15 22:11",-7.687158334,"black",1,"NDG","3",-73.74,45.47,"PETI",2024,10,15,10.2,3.9,7,1.8,0,50,2024-10-15 22:03:00,2024-10-15 18:03:00
"617","end",2,90335,3,9.7,0,"59:56.3",0.813030909,0.540215197,0.430309875,0.100521117,"03:33.7",10,"good",22.05,2024-10-27,"2024-10-26","2024-10-26 21:53","2024-10-27 11:29","2024-10-27 21:51",11.8778,"black",1,"BDU","3",-73.74,45.47,"PETI",2024,10,27,8.1,-2.7,2.7,0,0,49,2024-10-27 22:03:00,2024-10-27 18:03:00
"617","end",2,90335,105,0,0,"59:54.4",0.919027752,0.34174392,0.838177443,0.050285497,"03:02.6",10,"good",22.05,2025-02-06,"2025-02-05","2025-02-05 22:09","2025-02-06 12:11","2025-02-06 22:10",-7.757258332,"black",1,"BDU","3",-73.74,45.47,"PETI",2025,2,6,0.9,-17.8,-8.4,5.5,14,48,2025-02-06 22:03:00,2025-02-06 17:03:00
"630","end",5,90348,18,9.7,9.7,"59:50.0",1.025816444,0.656216811,0.279573957,0.083184208,"03:56.0",11,"good",22.05,2024-11-24,"2024-11-23","2024-11-23 21:20","2024-11-24 12:08","2024-11-24 21:19",44.41655333,"black",1,"BDU","3",-73.74,45.47,"PETI",2024,11,24,5.3,-0.1,2.6,0,0,58,2024-11-24 22:03:00,2024-11-24 17:03:00
"631","end",6,90349,71,9.7,0,"59:55.2",1.084149567,0.551250172,0.980579411,0.075659423,"03:03.4",11,"good",22.05,2025-01-21,"2025-01-20","2025-01-20 21:46","2025-01-21 12:28","2025-01-21 21:47",15.306425,"black",1,"BDU","3",-73.74,45.47,"PETI",2025,1,21,-10.5,-15.8,-13.1,0,5,33,2025-01-21 22:03:00,2025-01-21 17:03:00
"635","end",10,90353,66,9.7,58.19,"59:52.6",0.668949749,0.580130969,0.146776973,0.062543289,"03:48.9",11,"good",22.05,2025-01-17,"2025-01-16","2025-01-16 21:41","2025-01-17 12:31","2025-01-17 21:42",21.44847167,"black",1,"BDU","3",-73.74,45.47,"PETI",2025,1,17,-0.4,-8.7,-4.6,0.2,8,33,2025-01-17 22:03:00,2025-01-17 17:03:00
"635","end",10,90353,73,0,9.7,"59:54.7",0.785753657,0.599321325,0.345693936,0.102276422,"03:41.3",11,"good",22.05,2025-01-24,"2025-01-23","2025-01-23 21:50","2025-01-24 12:26","2025-01-24 21:51",11.75469667,"black",1,"BDU","3",-73.74,45.47,"PETI",2025,1,24,-8.3,-17,-12.7,0.2,7,0,2025-01-24 22:03:00,2025-01-24 17:03:00
"635","end",10,90353,77,9.7,9.7,"59:58.3",1.053105566,0.609434167,0.295747141,0.073903,"03:54.9",11,"good",22.05,2025-01-28,"2025-01-27","2025-01-27 21:56","2025-01-28 12:22","2025-01-28 21:57",6.264745001,"black",1,"BDU","3",-73.74,45.47,"PETI",2025,1,28,-1.3,-15.6,-8.4,0.8,7,47,2025-01-28 22:03:00,2025-01-28 17:03:00
"645","end",7,90363,69,0,9.7,"59:58.1",1.127657717,0.491295339,0.708952972,0.11180724,"03:35.1",12,"good",22.05,2025-01-22,"2025-01-21","2025-01-21 21:47","2025-01-22 12:27","2025-01-22 21:49",14.45116,"black",1,"SDB","3",-73.74,45.47,"PETI",2025,1,22,-9.6,-16.8,-13.2,0,5,0,2025-01-22 22:03:00,2025-01-22 17:03:00
"206","end",1,68906,21,0,116.78,"59:53.9",0.762653814,0.535782772,0.331357467,0.116700642,"04:56.4",1,"good",22.06666667,2022-11-01,"2022-10-31","2022-10-31 21:46","2022-11-01 11:36","2022-11-01 21:44",19.97414167,"black",1,"SDB","1",-73.74,45.47,"PETI",2022,11,1,14.6,9.3,11.9,2.1,0,0,2022-11-01 22:04:00,2022-11-01 18:04:00
"206","end",1,68906,110,0,7.3,"59:53.8",1.253633972,0.597052606,0.615018113,0.079073495,"04:27.1",1,"good",22.06666667,2023-01-29,"2023-01-28","2023-01-28 21:56","2023-01-29 12:21","2023-01-29 21:58",6.051491666,"black",1,"SDB","1",-73.74,45.47,"PETI",2023,1,29,-2.6,-10.6,-6.6,7.6,33,38,2023-01-29 22:04:00,2023-01-29 17:04:00
"212","end",2,68912,7,0,0,"59:53.6",0.946663873,0.528915819,0.427388451,0.081213891,"04:19.4",2,"good",22.06666667,2022-10-30,"2022-10-29","2022-10-29 21:49","2022-10-30 11:33","2022-10-30 21:47",16.44052667,"black",1,"SDB","1",-73.74,45.47,"PETI",2022,10,30,16.5,4.2,10.4,0,0,0,2022-10-30 22:04:00,2022-10-30 18:04:00
"212","end",2,68912,95,0,7.3,"59:54.5",1.514736461,0.70726765,0.834870645,0.101450488,"04:56.8",2,"good",22.06666667,2023-01-26,"2023-01-25","2023-01-25 21:52","2023-01-26 12:24","2023-01-26 21:54",10.86279167,"black",1,"SDB","1",-73.74,45.47,"PETI",2023,1,26,-3.7,-6.7,-5.2,4.2,34,42,2023-01-26 22:04:00,2023-01-26 17:04:00
"212","end",2,68912,100,0,7.3,"59:53.6",1.43197744,0.389897624,0.893691211,0.066247916,"04:11.8",2,"good",22.06666667,2023-01-31,"2023-01-30","2023-01-30 21:59","2023-01-31 12:19","2023-01-31 22:01",2.897446668,"black",1,"SDB","1",-73.74,45.47,"PETI",2023,1,31,-7.6,-19.1,-13.4,1.2,41,32,2023-01-31 22:04:00,2023-01-31 17:04:00
"214","end",4,68914,58,7.3,7.3,"59:49.5",0.851363191,0.583317223,0.363153025,0.106385158,"04:37.3",2,"good",22.06666667,2022-11-04,"2022-11-03","2022-11-03 21:42","2022-11-04 11:40","2022-11-04 21:40",23.83796333,"black",1,"SDB","1",-73.74,45.47,"PETI",2022,11,4,20.5,6.9,13.7,0,0,0,2022-11-04 22:04:00,2022-11-04 18:04:00
"215","end",5,68915,5,7.2,0.1,"59:58.6",0.717404162,0.528806567,0.225537258,0.062996521,"04:53.6",2,"good",22.06666667,2022-10-30,"2022-10-29","2022-10-29 21:49","2022-10-30 11:33","2022-10-30 21:47",17.009845,"black",1,"SDB","1",-73.74,45.47,"PETI",2022,10,30,16.5,4.2,10.4,0,0,0,2022-10-30 22:04:00,2022-10-30 18:04:00
"217","end",2,68917,1,0,0,"59:58.6",0.848301016,0.521408634,0.421975354,0.086458685,"04:39.1",3,"good",22.06666667,2022-10-27,"2022-10-26","2022-10-26 21:53","2022-10-27 11:29","2022-10-27 21:52",12.21822167,"black",1,"SDB","1",-73.74,45.47,"PETI",2022,10,27,15.6,0.5,8.1,0,0,55,2022-10-27 22:04:00,2022-10-27 18:04:00
"217","end",2,68917,101,0,7.3,"59:58.4",1.022486137,0.381395998,0.714445388,0.090456573,"04:31.6",3,"good",22.06666667,2023-02-04,"2023-02-03","2023-02-03 22:05","2023-02-04 12:14","2023-02-04 22:07",-2.624070001,"black",1,"SDB","1",-73.74,45.47,"PETI",2023,2,4,-14.1,-29.1,-21.6,0.2,37,36,2023-02-04 22:04:00,2023-02-04 17:04:00
"217","end",2,68917,105,0,7.3,"59:55.8",0.96675466,0.313154547,0.838425751,0.074268488,"04:29.0",3,"good",22.06666667,2023-02-08,"2023-02-07","2023-02-07 22:11","2023-02-08 12:09","2023-02-08 22:13",-8.549864999,"black",1,"SDB","1",-73.74,45.47,"PETI",2023,2,8,4.3,-3,0.7,0,37,37,2023-02-08 22:04:00,2023-02-08 17:04:00
"219","end",4,68919,13,0,7.3,"59:59.9",1.310938733,0.442678167,0.847741051,0.084763478,"04:04.0",3,"good",22.06666667,2022-11-12,"2022-11-11","2022-11-11 21:31","2022-11-12 11:51","2022-11-12 21:30",33.21587667,"black",1,"SDB","1",-73.74,45.47,"PETI",2022,11,12,14.8,6.8,10.8,26.6,0,44,2022-11-12 22:04:00,2022-11-12 17:04:00
"219","end",4,68919,80,7.3,36.49,"59:59.3",1.167451272,0.565313981,0.873292964,0.106439488,"04:03.4",3,"good",22.06666667,2023-01-18,"2023-01-17","2023-01-17 21:41","2023-01-18 12:31","2023-01-18 21:43",21.006005,"black",1,"SDB","1",-73.74,45.47,"PETI",2023,1,18,1.8,-4.3,-1.3,1.6,18,0,2023-01-18 22:04:00,2023-01-18 17:04:00
"219","end",4,68919,97,0,7.3,"59:55.2",1.459771698,0.43359682,0.988554625,0.076045947,"04:43.0",3,"good",22.06666667,2023-02-04,"2023-02-03","2023-02-03 22:05","2023-02-04 12:14","2023-02-04 22:07",-2.432791666,"black",1,"SDB","1",-73.74,45.47,"PETI",2023,2,4,-14.1,-29.1,-21.6,0.2,37,36,2023-02-04 22:04:00,2023-02-04 17:04:00
"222","end",2,68922,77,0,7.3,"59:54.7",1.195260157,0.463919196,0.826701524,0.092985532,"04:06.1",4,"good",22.06666667,2023-01-18,"2023-01-17","2023-01-17 21:41","2023-01-18 12:31","2023-01-18 21:43",21.05164167,"black",1,"SDB","1",-73.74,45.47,"PETI",2023,1,18,1.8,-4.3,-1.3,1.6,18,0,2023-01-18 22:04:00,2023-01-18 17:04:00
"109","end",10,77886,74,0,9.7,"59:53.5",0.6742524,0.553711559,0.160367272,0.078766678,"04:48.0",6,"good",22.06666667,2024-01-23,"2024-01-22","2024-01-22 21:48","2024-01-23 12:27","2024-01-23 21:49",15.29958167,"black",1,"BDU","2",-73.74,45.47,"PETI",2024,1,23,-0.2,-9.4,-4.8,0.2,14,32,2024-01-23 22:04:00,2024-01-23 17:04:00
"126","end",6,77902,8,0,9.7,"59:58.5",0.825389459,0.507803637,0.335072144,0.078161798,"04:14.0",8,"good",22.06666667,2023-10-26,"2023-10-25","2023-10-25 21:55","2023-10-26 11:27","2023-10-26 21:54",9.833945,"black",1,"BDU","2",-73.74,45.47,"PETI",2023,10,26,17.6,14.5,16.1,5.8,0,0,2023-10-26 22:04:00,2023-10-26 18:04:00
"608","end",3,90326,91,0,0,"59:59.8",1.076262257,0.410095112,0.869010681,0.065926854,"04:15.6",9,"good",22.06666667,2025-01-21,"2025-01-20","2025-01-20 21:46","2025-01-21 12:28","2025-01-21 21:47",16.51022333,"black",1,"BDU","3",-73.74,45.47,"PETI",2025,1,21,-10.5,-15.8,-13.1,0,5,33,2025-01-21 22:04:00,2025-01-21 17:04:00
"608","end",3,90326,94,9.7,0,"59:55.3",0.909880235,0.519246823,0.672938453,0.090589504,"04:20.8",9,"good",22.06666667,2025-01-24,"2025-01-23","2025-01-23 21:50","2025-01-24 12:26","2025-01-24 21:51",12.41329667,"black",1,"BDU","3",-73.74,45.47,"PETI",2025,1,24,-8.3,-17,-12.7,0.2,7,0,2025-01-24 22:04:00,2025-01-24 17:04:00
"617","end",2,90335,98,0,9.7,"59:53.0",0.943734095,0.313612692,0.752810192,0.04589326,"04:38.5",10,"good",22.06666667,2025-01-30,"2025-01-29","2025-01-29 21:59","2025-01-30 12:20","2025-01-30 22:00",4.091803332,"black",1,"BDU","3",-73.74,45.47,"PETI",2025,1,30,-9.4,-19.1,-14.2,0.9,16,33,2025-01-30 22:04:00,2025-01-30 17:04:00
"627","end",2,90345,90,0,9.7,"59:57.5",1.174336249,0.565157179,0.61127934,0.130623256,"04:42.2",11,"good",22.06666667,2025-01-31,"2025-01-30","2025-01-30 22:00","2025-01-31 12:18","2025-01-31 22:02",2.703958333,"black",1,"BDU","3",-73.74,45.47,"PETI",2025,1,31,-2.5,-11.6,-7,0.2,15,43,2025-01-31 22:04:00,2025-01-31 17:04:00
"635","end",10,90353,75,0,0,"59:56.6",0.772533989,0.552660835,0.234185187,0.090234708,"04:22.0",11,"good",22.06666667,2025-01-26,"2025-01-25","2025-01-25 21:53","2025-01-26 12:24","2025-01-26 21:54",9.600750001,"black",1,"BDU","3",-73.74,45.47,"PETI",2025,1,26,0.2,-6.3,-3.1,0,10,58,2025-01-26 22:04:00,2025-01-26 17:04:00
"206","end",1,68906,20,0,7.3,"59:56.4",0.979726353,0.484256669,0.571446365,0.091411818,"05:06.2",1,"good",22.08333333,2022-10-31,"2022-10-30","2022-10-30 21:47","2022-10-31 11:34","2022-10-31 21:46",18.68728333,"black",1,"SDB","1",-73.74,45.47,"PETI",2022,10,31,15.5,3.7,9.6,0,0,0,2022-10-31 22:05:00,2022-10-31 18:05:00
"206","end",1,68906,24,7.3,0,"59:54.0",0.926959895,0.433522138,0.456821314,0.064489857,"05:47.6",1,"good",22.08333333,2022-11-04,"2022-11-03","2022-11-03 21:42","2022-11-04 11:40","2022-11-04 21:40",25.01047666,"black",1,"SDB","1",-73.74,45.47,"PETI",2022,11,4,20.5,6.9,13.7,0,0,0,2022-11-04 22:05:00,2022-11-04 18:05:00
"207","end",2,68907,18,0,0,"59:59.4",1.036974287,0.539595506,0.660416275,0.114215139,"05:38.2",1,"good",22.08333333,2022-10-26,"2022-10-25","2022-10-25 21:55","2022-10-26 11:27","2022-10-26 21:53",11.652665,"black",1,"SDB","1",-73.74,45.47,"PETI",2022,10,26,24.2,14.9,19.5,3,0,44,2022-10-26 22:05:00,2022-10-26 18:05:00
"207","end",2,68907,30,0,0,"59:57.3",1.34717318,0.719844821,0.761708063,0.165479051,"05:06.9",1,"good",22.08333333,2022-11-07,"2022-11-06","2022-11-06 21:38","2022-11-07 11:44","2022-11-07 21:36",28.28098,"black",1,"SDB","1",-73.74,45.47,"PETI",2022,11,7,15.4,6.8,11.1,0,0,61,2022-11-07 22:05:00,2022-11-07 17:05:00
"210","end",5,68910,17,0,7.3,"59:57.4",1.104300868,0.546370261,0.673986412,0.111363688,"05:14.4",1,"good",22.08333333,2022-10-30,"2022-10-29","2022-10-29 21:49","2022-10-30 11:33","2022-10-30 21:47",17.35749,"black",1,"SDB","1",-73.74,45.47,"PETI",2022,10,30,16.5,4.2,10.4,0,0,0,2022-10-30 22:05:00,2022-10-30 18:05:00
"212","end",2,68912,8,7.3,0,"59:53.9",1.333965833,0.538599052,0.860237759,0.120818346,"05:32.6",2,"good",22.08333333,2022-10-31,"2022-10-30","2022-10-30 21:47","2022-10-31 11:34","2022-10-31 21:46",19.12728,"black",1,"SDB","1",-73.74,45.47,"PETI",2022,10,31,15.5,3.7,9.6,0,0,0,2022-10-31 22:05:00,2022-10-31 18:05:00
"217","end",2,68917,5,0,7.3,"59:57.1",1.095938451,0.450949784,0.770751216,0.074960908,"05:36.0",3,"good",22.08333333,2022-10-31,"2022-10-30","2022-10-30 21:47","2022-10-31 11:34","2022-10-31 21:46",19.182605,"black",1,"SDB","1",-73.74,45.47,"PETI",2022,10,31,15.5,3.7,9.6,0,0,0,2022-10-31 22:05:00,2022-10-31 18:05:00
"217","end",2,68917,93,0,7.3,"59:55.9",1.129769085,0.337479516,0.961956499,0.095336572,"05:05.5",3,"good",22.08333333,2023-01-27,"2023-01-26","2023-01-26 21:54","2023-01-27 12:23","2023-01-27 21:55",9.575206665,"black",1,"SDB","1",-73.74,45.47,"PETI",2023,1,27,-1.5,-12.3,-6.9,0.7,32,0,2023-01-27 22:05:00,2023-01-27 17:05:00
"219","end",4,68919,2,94.89,226.27,"59:54.4",0.730239871,0.563860596,0.326001211,0.093675819,"05:26.1",3,"good",22.08333333,2022-11-01,"2022-10-31","2022-10-31 21:46","2022-11-01 11:36","2022-11-01 21:44",20.46770167,"black",1,"SDB","1",-73.74,45.47,"PETI",2022,11,1,14.6,9.3,11.9,2.1,0,0,2022-11-01 22:05:00,2022-11-01 18:05:00
"224","end",4,68924,93,0,7.3,"59:54.4",1.066923862,0.629925929,0.729131953,0.093879073,"05:04.0",4,"good",22.08333333,2023-02-04,"2023-02-03","2023-02-03 22:05","2023-02-04 12:14","2023-02-04 22:07",-2.083508333,"black",1,"SDB","1",-73.74,45.47,"PETI",2023,2,4,-14.1,-29.1,-21.6,0.2,37,36,2023-02-04 22:05:00,2023-02-04 17:05:00
"225","end",5,68925,81,7.3,7.3,"59:57.9",1.368258013,0.599809342,0.942383903,0.109093797,"05:22.2",4,"good",22.08333333,2023-01-28,"2023-01-27","2023-01-27 21:55","2023-01-28 12:22","2023-01-28 21:56",8.419613334,"black",1,"SDB","1",-73.74,45.47,"PETI",2023,1,28,3,-4,-0.5,1,34,57,2023-01-28 22:05:00,2023-01-28 17:05:00
"225","end",5,68925,84,0,7.3,"59:57.1",1.428626301,0.422291205,0.9200931,0.059083322,"05:43.0",4,"good",22.08333333,2023-01-31,"2023-01-30","2023-01-30 21:59","2023-01-31 12:19","2023-01-31 22:01",4.416353333,"black",1,"SDB","1",-73.74,45.47,"PETI",2023,1,31,-7.6,-19.1,-13.4,1.2,41,32,2023-01-31 22:05:00,2023-01-31 17:05:00
"95","end",5,77872,2,0,0,"59:57.5",0.645571306,0.435659855,0.351319504,0.075672449,"05:21.1",5,"good",22.08333333,2023-11-01,"2023-10-31","2023-10-31 21:46","2023-11-01 11:35","2023-11-01 21:45",20.01787666,"black",1,"BDU","2",-73.74,45.47,"PETI",2023,11,1,2.4,-1.9,0.2,0.8,0,31,2023-11-01 22:05:00,2023-11-01 18:05:00
"97","end",6,77874,4,9.7,0,"59:58.0",1.076175819,0.499208114,0.682060993,0.095867247,"05:31.4",5,"good",22.08333333,2023-11-03,"2023-11-02","2023-11-02 21:43","2023-11-03 11:38","2023-11-03 21:42",23.02329167,"black",1,"SDB","2",-73.74,45.47,"PETI",2023,11,3,13.5,4.6,9.1,1.1,0,49,2023-11-03 22:05:00,2023-11-03 18:05:00
"99","end",8,77876,86,9.7,0,"59:58.7",1.276548988,0.574226546,0.536165918,0.10930916,"05:41.6",5,"good",22.08333333,2024-01-25,"2024-01-24","2024-01-24 21:50","2024-01-25 12:25","2024-01-25 21:52",13.39328833,"black",1,"SDB","2",-73.74,45.47,"PETI",2024,1,25,1.1,-4.5,-1.7,6.5,16,0,2024-01-25 22:05:00,2024-01-25 17:05:00
"109","end",10,77886,81,0,9.7,"59:51.1",0.981992084,0.474020087,0.70254525,0.073592648,"05:24.4",6,"good",22.08333333,2024-01-30,"2024-01-29","2024-01-29 21:58","2024-01-30 12:20","2024-01-30 21:59",5.939713335,"black",1,"BDU","2",-73.74,45.47,"PETI",2024,1,30,-4.2,-9.9,-7,0.7,12,33,2024-01-30 22:05:00,2024-01-30 17:05:00
"111","end",2,77888,75,0,9.7,"59:51.9",1.354174647,0.588847943,0.73156876,0.117813884,"05:05.9",7,"good",22.08333333,2024-01-27,"2024-01-26","2024-01-26 21:53","2024-01-27 12:24","2024-01-27 21:55",9.947751665,"black",1,"SDB","2",-73.74,45.47,"PETI",2024,1,27,4.1,-0.9,1.6,2.4,14,0,2024-01-27 22:05:00,2024-01-27 17:05:00
"124","end",4,77900,2,0,9.7,"59:53.3",0.792575951,0.685149494,0.2191453,0.108887071,"05:16.9",8,"good",22.08333333,2023-10-20,"2023-10-19","2023-10-19 22:05","2023-10-20 11:19","2023-10-20 22:04",1.064476665,"black",1,"SDB","2",-73.74,45.47,"PETI",2023,10,20,19,11.9,15.5,0,0,46,2023-10-20 22:05:00,2023-10-20 18:05:00
"124","end",4,77900,103,0,9.7,"59:52.0",1.32236463,0.577789758,0.709327026,0.11094039,"05:15.6",8,"good",22.08333333,2024-01-29,"2024-01-28","2024-01-28 21:56","2024-01-29 12:21","2024-01-29 21:58",7.243223333,"black",1,"SDB","2",-73.74,45.47,"PETI",2024,1,29,0.2,-4.2,-2,0,12,0,2024-01-29 22:05:00,2024-01-29 17:05:00
"124","end",4,77900,109,19.4,9.7,"59:50.6",1.044510003,0.637278347,0.67712237,0.077548499,"05:53.0",8,"good",22.08333333,2024-02-04,"2024-02-03","2024-02-03 22:05","2024-02-04 12:15","2024-02-04 22:06",-0.883744999,"black",1,"SDB","2",-73.74,45.47,"PETI",2024,2,4,0,-10.4,-5.2,4.7,11,0,2024-02-04 22:05:00,2024-02-04 17:05:00
"127","end",7,77903,16,0.1,9.6,"59:55.5",0.979004901,0.536312244,0.637824619,0.113943636,"04:59.9",8,"good",22.08333333,2023-11-04,"2023-11-03","2023-11-03 21:42","2023-11-04 11:40","2023-11-04 21:41",23.86576167,"black",1,"SDB","2",-73.74,45.47,"PETI",2023,11,4,10.3,4.7,7.5,1,0,45,2023-11-04 22:05:00,2023-11-04 18:05:00
"129","end",8,77904,6,9.7,0,"59:53.5",0.608086366,0.45128334,0.130461059,0.0734158,"05:36.5",8,"good",22.08333333,2023-10-28,"2023-10-27","2023-10-27 21:52","2023-10-28 11:30","2023-10-28 21:51",14.32451667,"black",1,"BDU","2",-73.74,45.47,"PETI",2023,10,28,20.3,4,12.1,0.3,0,57,2023-10-28 22:05:00,2023-10-28 18:05:00
"608","end",3,90326,93,0,0,"59:50.3",1.11216832,0.491163777,0.717871356,0.09393006,"05:33.4",9,"good",22.08333333,2025-01-23,"2025-01-22","2025-01-22 21:49","2025-01-23 12:27","2025-01-23 21:50",15.02361,"black",1,"BDU","3",-73.74,45.47,"PETI",2025,1,23,-5.5,-10.4,-8,1.7,5,0,2025-01-23 22:05:00,2025-01-23 17:05:00
"623","end",7,90341,2,9.7,19.4,"59:50.8",0.992431048,0.623922382,0.192560615,0.074401182,"05:04.7",10,"good",22.08333333,2024-11-01,"2024-10-31","2024-10-31 21:45","2024-11-01 11:36","2024-11-01 21:44",20.795235,"black",1,"BDU","3",-73.74,45.47,"PETI",2024,11,1,19.2,4.2,11.7,0,0,60,2024-11-01 22:05:00,2024-11-01 18:05:00
"631","end",6,90349,72,0,9.7,"59:57.1",1.251201856,0.534722313,0.919726275,0.071984511,"05:21.0",11,"good",22.08333333,2025-01-22,"2025-01-21","2025-01-21 21:47","2025-01-22 12:27","2025-01-22 21:49",16.216915,"black",1,"BDU","3",-73.74,45.47,"PETI",2025,1,22,-9.6,-16.8,-13.2,0,5,0,2025-01-22 22:05:00,2025-01-22 17:05:00
"631","end",6,90349,75,9.7,0,"59:52.1",1.227341503,0.365605441,1.061599716,0.068989552,"05:54.9",11,"good",22.08333333,2025-01-25,"2025-01-24","2025-01-24 21:51","2025-01-25 12:25","2025-01-25 21:53",12.56442167,"black",1,"BDU","3",-73.74,45.47,"PETI",2025,1,25,-3.4,-19.9,-11.6,0.4,6,41,2025-01-25 22:05:00,2025-01-25 17:05:00
"631","end",6,90349,78,0,9.7,"59:57.1",1.23364096,0.387088467,0.888439053,0.070977747,"05:31.1",11,"good",22.08333333,2025-01-28,"2025-01-27","2025-01-27 21:56","2025-01-28 12:22","2025-01-28 21:57",7.867803335,"black",1,"BDU","3",-73.74,45.47,"PETI",2025,1,28,-1.3,-15.6,-8.4,0.8,7,47,2025-01-28 22:05:00,2025-01-28 17:05:00
"634","end",9,90352,69,9.7,9.7,"59:59.4",0.719720493,0.54328603,0.18002494,0.055145861,"05:13.4",11,"good",22.08333333,2025-01-20,"2025-01-19","2025-01-19 21:45","2025-01-20 12:29","2025-01-20 21:46",18.84000667,"black",1,"NDG","3",-73.74,45.47,"PETI",2025,1,20,-10.8,-16.9,-13.9,0.2,5,31,2025-01-20 22:05:00,2025-01-20 17:05:00
"634","end",9,90352,71,19.4,38.79,"59:58.3",0.758431477,0.553714391,0.207874079,0.060754251,"05:31.7",11,"good",22.08333333,2025-01-22,"2025-01-21","2025-01-21 21:47","2025-01-22 12:27","2025-01-22 21:49",16.39530833,"black",1,"NDG","3",-73.74,45.47,"PETI",2025,1,22,-9.6,-16.8,-13.2,0,5,0,2025-01-22 22:05:00,2025-01-22 17:05:00
"635","end",10,90353,55,9.7,0,"59:53.1",0.827828475,0.514965956,0.297495254,0.085739729,"05:16.7",11,"good",22.08333333,2025-01-06,"2025-01-05","2025-01-05 21:28","2025-01-06 12:36","2025-01-06 21:29",36.09449167,"black",1,"BDU","3",-73.74,45.47,"PETI",2025,1,6,-9.4,-15.9,-12.7,0,0,33,2025-01-06 22:05:00,2025-01-06 17:05:00
"645","end",7,90363,79,0,9.7,"59:58.4",0.950370764,0.516041414,0.591504286,0.110191615,"05:51.1",12,"good",22.08333333,2025-02-01,"2025-01-31","2025-01-31 22:02","2025-02-01 12:17","2025-02-01 22:03",2.385753334,"black",1,"SDB","3",-73.74,45.47,"PETI",2025,2,1,-8.6,-19.4,-14,0,13,43,2025-02-01 22:05:00,2025-02-01 17:05:00
"206","end",1,68906,22,0,0,"59:58.8",1.022640538,0.570162505,0.618644574,0.107526745,"06:50.8",1,"good",22.1,2022-11-02,"2022-11-01","2022-11-01 21:44","2022-11-02 11:37","2022-11-02 21:43",23.29697833,"black",1,"SDB","1",-73.74,45.47,"PETI",2022,11,2,14.5,3.4,8.9,0,0,0,2022-11-02 22:06:00,2022-11-02 18:06:00
"207","end",2,68907,20,0,7.3,"59:52.8",1.214140025,0.433374331,0.796276928,0.092517977,"06:15.4",1,"good",22.1,2022-10-28,"2022-10-27","2022-10-27 21:52","2022-10-28 11:30","2022-10-28 21:50",15.37283167,"black",1,"SDB","1",-73.74,45.47,"PETI",2022,10,28,9.3,-1.2,4,0,0,0,2022-10-28 22:06:00,2022-10-28 18:06:00
"207","end",2,68907,22,0,7.3,"59:53.5",1.182850499,0.461094524,0.888330005,0.091859351,"06:08.8",1,"good",22.1,2022-10-30,"2022-10-29","2022-10-29 21:49","2022-10-30 11:33","2022-10-30 21:47",18.26269333,"black",1,"SDB","1",-73.74,45.47,"PETI",2022,10,30,16.5,4.2,10.4,0,0,0,2022-10-30 22:06:00,2022-10-30 18:06:00
"210","end",5,68910,18,7.3,0,"59:56.2",0.917016462,0.471131658,0.54311975,0.080670429,"06:55.4",1,"good",22.1,2022-10-31,"2022-10-30","2022-10-30 21:47","2022-10-31 11:34","2022-10-31 21:46",20.50603833,"black",1,"SDB","1",-73.74,45.47,"PETI",2022,10,31,15.5,3.7,9.6,0,0,0,2022-10-31 22:06:00,2022-10-31 18:06:00
"210","end",5,68910,45,7.3,7.3,"59:55.4",0.648609879,0.477206531,0.106126606,0.052363376,"06:54.5",1,"good",22.1,2022-11-27,"2022-11-26","2022-11-26 21:18","2022-11-27 12:11","2022-11-27 21:17",48.97503666,"black",1,"SDB","1",-73.74,45.47,"PETI",2022,11,27,10.7,2.9,6.8,3.2,0,32,2022-11-27 22:06:00,2022-11-27 17:06:00
"213","end",3,68913,3,0,7.3,"59:58.4",1.221154251,0.572389262,0.845735406,0.099588374,"06:57.6",2,"good",22.1,2022-10-25,"2022-10-24","2022-10-24 21:57","2022-10-25 11:26","2022-10-25 21:55",11.39353167,"black",1,"SDB","1",-73.74,45.47,"PETI",2022,10,25,25,11.5,18.2,0,0,35,2022-10-25 22:06:00,2022-10-25 18:06:00
"213","end",3,68913,9,0,7.3,"59:56.6",1.06852035,0.508166911,0.730706945,0.082535947,"06:04.8",2,"good",22.1,2022-10-31,"2022-10-30","2022-10-30 21:47","2022-10-31 11:34","2022-10-31 21:46",19.66274667,"black",1,"SDB","1",-73.74,45.47,"PETI",2022,10,31,15.5,3.7,9.6,0,0,0,2022-10-31 22:06:00,2022-10-31 18:06:00
"213","end",3,68913,88,0,7.3,"59:59.1",1.285480725,0.463339525,0.873818086,0.10527255,"06:43.8",2,"good",22.1,2023-01-18,"2023-01-17","2023-01-17 21:41","2023-01-18 12:31","2023-01-18 21:43",23.67918333,"black",1,"SDB","1",-73.74,45.47,"PETI",2023,1,18,1.8,-4.3,-1.3,1.6,18,0,2023-01-18 22:06:00,2023-01-18 17:06:00
"213","end",3,68913,97,0,7.3,"59:52.8",1.14850889,0.526871684,0.99285259,0.098641182,"06:01.0",2,"good",22.1,2023-01-27,"2023-01-26","2023-01-26 21:54","2023-01-27 12:23","2023-01-27 21:55",10.49942333,"black",1,"SDB","1",-73.74,45.47,"PETI",2023,1,27,-1.5,-12.3,-6.9,0.7,32,0,2023-01-27 22:06:00,2023-01-27 17:06:00
"215","end",5,68915,86,7.3,7.3,"59:55.4",0.973510824,0.622154626,0.302365651,0.07322865,"06:32.6",2,"good",22.1,2023-01-19,"2023-01-18","2023-01-18 21:43","2023-01-19 12:30","2023-01-19 21:44",22.160485,"black",1,"SDB","1",-73.74,45.47,"PETI",2023,1,19,0.2,-4.1,-1.9,4.9,17,41,2023-01-19 22:06:00,2023-01-19 17:06:00
"217","end",2,68917,13,0,7.3,"59:54.9",1.330119729,0.537860776,0.84176525,0.119493199,"06:32.1",3,"good",22.1,2022-11-08,"2022-11-07","2022-11-07 21:36","2022-11-08 11:46","2022-11-08 21:35",30.95115667,"black",1,"SDB","1",-73.74,45.47,"PETI",2022,11,8,7.4,-3,2.2,0,0,39,2022-11-08 22:06:00,2022-11-08 17:06:00
"224","end",4,68924,75,0,7.3,"59:59.2",1.051840786,0.529786842,0.682029136,0.108005608,"06:14.5",4,"good",22.1,2023-01-17,"2023-01-16","2023-01-16 21:40","2023-01-17 12:31","2023-01-17 21:41",24.508,"black",1,"SDB","1",-73.74,45.47,"PETI",2023,1,17,-1.7,-11.2,-6.4,0.6,18,0,2023-01-17 22:06:00,2023-01-17 17:06:00
"123","end",3,77899,3,9.7,0,"59:50.9",1.218732922,0.671424977,0.752343276,0.171980113,"06:41.6",8,"good",22.1,2023-10-21,"2023-10-20","2023-10-20 22:04","2023-10-21 11:20","2023-10-21 22:02",4.160326668,"black",1,"SDB","2",-73.74,45.47,"PETI",2023,10,21,14.5,8.6,11.6,14.6,0,37,2023-10-21 22:06:00,2023-10-21 18:06:00
"124","end",4,77900,10,0,9.7,"59:57.5",1.001142772,0.691747742,0.349332886,0.104674098,"06:09.5",8,"good",22.1,2023-10-28,"2023-10-27","2023-10-27 21:52","2023-10-28 11:30","2023-10-28 21:51",14.875815,"black",1,"SDB","2",-73.74,45.47,"PETI",2023,10,28,20.3,4,12.1,0.3,0,57,2023-10-28 22:06:00,2023-10-28 18:06:00
"608","end",3,90326,99,0,0,"59:51.1",0.995342384,0.524215879,0.740508934,0.086535882,"06:13.0",9,"good",22.1,2025-01-29,"2025-01-28","2025-01-28 21:57","2025-01-29 12:21","2025-01-29 21:59",7.116899999,"black",1,"BDU","3",-73.74,45.47,"PETI",2025,1,29,-8.2,-14.5,-11.4,3.3,10,38,2025-01-29 22:06:00,2025-01-29 17:06:00
"617","end",2,90335,97,0,0,"59:53.1",0.998959887,0.479714434,0.805371244,0.075532018,"06:44.5",10,"good",22.1,2025-01-29,"2025-01-28","2025-01-28 21:57","2025-01-29 12:21","2025-01-29 21:59",7.641168332,"black",1,"BDU","3",-73.74,45.47,"PETI",2025,1,29,-8.2,-14.5,-11.4,3.3,10,38,2025-01-29 22:06:00,2025-01-29 17:06:00
"641","end",5,90359,9,0,9.7,"58:14.6",1.141379231,0.748838656,0.567888912,0.115814645,"06:23.1",12,"good",22.1,2024-11-23,"2024-11-22","2024-11-22 21:20","2024-11-23 12:07","2024-11-23 21:20",46.16873833,"black",1,"SDB","3",-73.74,45.47,"PETI",2024,11,23,7.3,4,5.7,0,0,36,2024-11-23 22:06:00,2024-11-23 17:06:00
"645","end",7,90363,75,0,9.7,"59:58.2",1.135002328,0.591648287,0.574576569,0.105854222,"06:10.4",12,"good",22.1,2025-01-28,"2025-01-27","2025-01-27 21:56","2025-01-28 12:22","2025-01-28 21:57",8.523456665,"black",1,"SDB","3",-73.74,45.47,"PETI",2025,1,28,-1.3,-15.6,-8.4,0.8,7,47,2025-01-28 22:06:00,2025-01-28 17:06:00
"645","end",7,90363,83,0,0,"59:58.4",0.966662982,0.623414335,0.653453594,0.099069166,"06:10.6",12,"good",22.1,2025-02-05,"2025-02-04","2025-02-04 22:07","2025-02-05 12:12","2025-02-05 22:09",-3.156133334,"black",1,"SDB","3",-73.74,45.47,"PETI",2025,2,5,-12.7,-18.7,-15.7,0.3,14,32,2025-02-05 22:06:00,2025-02-05 17:06:00
"207","end",2,68907,10,0,7.3,"59:55.9",1.02521108,0.450002407,0.754396182,0.097792208,"07:38.8",1,"good",22.11666667,2022-10-18,"2022-10-17","2022-10-17 22:08","2022-10-18 11:16","2022-10-18 22:07",0.463370001,"black",1,"SDB","1",-73.74,45.47,"PETI",2022,10,18,12.6,3.4,8,2.3,0,0,2022-10-18 22:07:00,2022-10-18 18:07:00
"209","end",4,68909,18,14.6,7.3,"59:56.9",1.050623527,0.536696689,0.347508004,0.117895233,"07:54.4",1,"good",22.11666667,2022-10-31,"2022-10-30","2022-10-30 21:47","2022-10-31 11:34","2022-10-31 21:46",21.49016167,"black",1,"SDB","1",-73.74,45.47,"PETI",2022,10,31,15.5,3.7,9.6,0,0,0,2022-10-31 22:07:00,2022-10-31 18:07:00
"210","end",5,68910,19,0,0,"59:55.0",1.134988295,0.448434648,0.813748742,0.088261659,"07:45.2",1,"good",22.11666667,2022-11-01,"2022-10-31","2022-10-31 21:46","2022-11-01 11:36","2022-11-01 21:44",22.787395,"black",1,"SDB","1",-73.74,45.47,"PETI",2022,11,1,14.6,9.3,11.9,2.1,0,0,2022-11-01 22:07:00,2022-11-01 18:07:00
"212","end",2,68912,113,0,0,"59:55.7",1.081082824,0.384208804,0.956236707,0.088045417,"07:38.6",2,"good",22.11666667,2023-02-13,"2023-02-12","2023-02-12 22:18","2023-02-13 12:02","2023-02-13 22:20",-12.72413,"black",1,"SDB","1",-73.74,45.47,"PETI",2023,2,13,4.8,-4.8,0,0,26,0,2023-02-13 22:07:00,2023-02-13 17:07:00
"213","end",3,68913,10,7.3,0,"59:55.2",0.975093827,0.452189075,0.563277483,0.084259392,"07:45.5",2,"good",22.11666667,2022-11-01,"2022-10-31","2022-10-31 21:46","2022-11-01 11:36","2022-11-01 21:44",22.791115,"black",1,"SDB","1",-73.74,45.47,"PETI",2022,11,1,14.6,9.3,11.9,2.1,0,0,2022-11-01 22:07:00,2022-11-01 18:07:00
"214","end",4,68914,56,7.3,29.2,"59:57.5",1.007047878,0.688187055,0.383922099,0.109152628,"07:04.0",2,"good",22.11666667,2022-11-02,"2022-11-01","2022-11-01 21:44","2022-11-02 11:37","2022-11-02 21:43",23.51615,"black",1,"SDB","1",-73.74,45.47,"PETI",2022,11,2,14.5,3.4,8.9,0,0,0,2022-11-02 22:07:00,2022-11-02 18:07:00
"216","end",1,68916,3,0,7.3,"59:52.8",0.890986978,0.477303803,0.310199757,0.0829944,"07:06.9",3,"good",22.11666667,2022-10-29,"2022-10-28","2022-10-28 21:50","2022-10-29 11:31","2022-10-29 21:49",17.74798333,"black",1,"SDB","1",-73.74,45.47,"PETI",2022,10,29,14.4,-0.9,6.7,0,0,0,2022-10-29 22:07:00,2022-10-29 18:07:00
"217","end",2,68917,4,7.3,0,"59:57.5",0.85520943,0.462887666,0.519308082,0.087844613,"07:55.0",3,"good",22.11666667,2022-10-30,"2022-10-29","2022-10-29 21:49","2022-10-30 11:33","2022-10-30 21:47",20.03373833,"black",1,"SDB","1",-73.74,45.47,"PETI",2022,10,30,16.5,4.2,10.4,0,0,0,2022-10-30 22:07:00,2022-10-30 18:07:00
"217","end",2,68917,94,0,0,"59:55.2",1.104685882,0.452774166,0.896104269,0.093388572,"07:38.1",3,"good",22.11666667,2023-01-28,"2023-01-27","2023-01-27 21:55","2023-01-28 12:22","2023-01-28 21:56",10.685315,"black",1,"SDB","1",-73.74,45.47,"PETI",2023,1,28,3,-4,-0.5,1,34,57,2023-01-28 22:07:00,2023-01-28 17:07:00
"217","end",2,68917,97,0,7.3,"59:54.2",1.190767457,0.338353353,1.029359262,0.075291143,"07:22.2",3,"good",22.11666667,2023-01-31,"2023-01-30","2023-01-30 21:59","2023-01-31 12:19","2023-01-31 22:01",6.070293335,"black",1,"SDB","1",-73.74,45.47,"PETI",2023,1,31,-7.6,-19.1,-13.4,1.2,41,32,2023-01-31 22:07:00,2023-01-31 17:07:00
"219","end",4,68919,78,7.3,7.3,"59:55.5",1.529860154,0.378197085,0.864915107,0.078673628,"07:31.3",3,"good",22.11666667,2023-01-16,"2023-01-15","2023-01-15 21:39","2023-01-16 12:32","2023-01-16 21:40",27.08786667,"black",1,"SDB","1",-73.74,45.47,"PETI",2023,1,16,-4.5,-15.7,-10.1,0.5,18,0,2023-01-16 22:07:00,2023-01-16 17:07:00
"220","end",5,68920,6,14.6,445.24,"59:58.4",1.450907072,0.779888783,0.871439256,0.115173807,"07:26.8",3,"good",22.11666667,2022-11-07,"2022-11-06","2022-11-06 21:38","2022-11-07 11:44","2022-11-07 21:36",30.61357667,"black",1,"SDB","1",-73.74,45.47,"PETI",2022,11,7,15.4,6.8,11.1,0,0,61,2022-11-07 22:07:00,2022-11-07 17:07:00
"220","end",5,68920,7,7.3,0,"59:57.5",1.262572815,0.492758898,0.734611353,0.102154452,"07:25.8",3,"good",22.11666667,2022-11-08,"2022-11-07","2022-11-07 21:36","2022-11-08 11:46","2022-11-08 21:35",31.847155,"black",1,"SDB","1",-73.74,45.47,"PETI",2022,11,8,7.4,-3,2.2,0,0,39,2022-11-08 22:07:00,2022-11-08 17:07:00
"225","end",5,68925,112,0,0,"59:54.4",1.617082179,0.713158186,1.006936448,0.137612299,"07:37.3",4,"good",22.11666667,2023-02-28,"2023-02-27","2023-02-27 22:40","2023-02-28 11:37","2023-02-28 22:41",-34.11218834,"black",1,"SDB","1",-73.74,45.47,"PETI",2023,2,28,1.1,-6.3,-2.6,10.8,16,48,2023-02-28 22:07:00,2023-02-28 17:07:00
"93","end",3,77870,32,9.7,9.7,"59:55.4",0.86355314,0.655097363,0.369795809,0.107426687,"07:34.8",5,"good",22.11666667,2023-11-29,"2023-11-28","2023-11-28 21:17","2023-11-29 12:13","2023-11-29 21:17",50.57988167,"black",1,"BDU","2",-73.74,45.47,"PETI",2023,11,29,0.8,-7.9,-3.6,1,0,47,2023-11-29 22:07:00,2023-11-29 17:07:00
"97","end",6,77874,44,9.7,0,"59:58.8",1.268997523,0.664487463,0.733401759,0.137509167,"07:38.2",5,"good",22.11666667,2023-12-13,"2023-12-12","2023-12-12 21:14","2023-12-13 12:28","2023-12-13 21:14",53.55375834,"black",1,"SDB","2",-73.74,45.47,"PETI",2023,12,13,1.1,-6.9,-2.9,1,1,47,2023-12-13 22:07:00,2023-12-13 17:07:00
"97","end",6,77874,84,9.7,0,"59:57.2",1.231931747,0.665758422,0.640236751,0.104872994,"07:46.3",5,"good",22.11666667,2024-01-22,"2024-01-21","2024-01-21 21:46","2024-01-22 12:28","2024-01-22 21:48",19.655765,"black",1,"SDB","2",-73.74,45.47,"PETI",2024,1,22,-0.4,-11.6,-6,0,15,47,2024-01-22 22:07:00,2024-01-22 17:07:00
"124","end",4,77900,97,0,9.7,"59:53.4",1.207230363,0.588493037,0.698697466,0.11164676,"07:03.6",8,"good",22.11666667,2024-01-23,"2024-01-22","2024-01-22 21:48","2024-01-23 12:27","2024-01-23 21:49",17.56070667,"black",1,"SDB","2",-73.74,45.47,"PETI",2024,1,23,-0.2,-9.4,-4.8,0.2,14,32,2024-01-23 22:07:00,2024-01-23 17:07:00
"124","end",4,77900,101,0,9.7,"59:58.9",1.235876831,0.524966887,0.650264138,0.08447903,"07:57.7",8,"good",22.11666667,2024-01-27,"2024-01-26","2024-01-26 21:53","2024-01-27 12:24","2024-01-27 21:55",12.81143,"black",1,"SDB","2",-73.74,45.47,"PETI",2024,1,27,4.1,-0.9,1.6,2.4,14,0,2024-01-27 22:07:00,2024-01-27 17:07:00
"126","end",6,77902,6,0,9.7,"59:52.9",0.913818054,0.463304949,0.487952666,0.066777783,"07:51.6",8,"good",22.11666667,2023-10-24,"2023-10-23","2023-10-23 21:59","2023-10-24 11:24","2023-10-24 21:57",10.27606833,"black",1,"BDU","2",-73.74,45.47,"PETI",2023,10,24,11.5,4.4,8,4.6,0,0,2023-10-24 22:07:00,2023-10-24 18:07:00
"127","end",7,77903,138,0,9.7,"59:53.0",0.993355329,0.58164027,0.496780201,0.104201903,"07:51.6",8,"good",22.11666667,2024-03-05,"2024-03-04","2024-03-04 22:48","2024-03-05 11:27","2024-03-05 22:49",-41.723275,"black",1,"SDB","2",-73.74,45.47,"PETI",2024,3,5,14.1,0.4,7.3,1,0,31,2024-03-05 22:07:00,2024-03-05 17:07:00
"608","end",3,90326,103,0,9.7,"59:51.7",1.057052728,0.567945561,0.880434116,0.081357993,"07:02.1",9,"good",22.11666667,2025-02-02,"2025-02-01","2025-02-01 22:03","2025-02-02 12:16","2025-02-02 22:04",2.100885002,"black",1,"BDU","3",-73.74,45.47,"PETI",2025,2,2,-11.5,-22.6,-17,1.1,13,31,2025-02-02 22:07:00,2025-02-02 17:07:00
"631","end",6,90349,83,9.7,0,"59:56.4",1.317998106,0.560819132,1.04722214,0.068209298,"07:07.1",11,"good",22.11666667,2025-02-02,"2025-02-01","2025-02-01 22:03","2025-02-02 12:16","2025-02-02 22:04",2.184405001,"black",1,"BDU","3",-73.74,45.47,"PETI",2025,2,2,-11.5,-22.6,-17,1.1,13,31,2025-02-02 22:07:00,2025-02-02 17:07:00
"641","end",5,90359,83,9.7,9.7,"58:21.2",0.960863087,0.589559332,0.392428122,0.052789224,"07:18.3",12,"good",22.11666667,2025-02-05,"2025-02-04","2025-02-04 22:07","2025-02-05 12:12","2025-02-05 22:09",-2.028696668,"black",1,"SDB","3",-73.74,45.47,"PETI",2025,2,5,-12.7,-18.7,-15.7,0.3,14,32,2025-02-05 22:07:00,2025-02-05 17:07:00
"645","end",7,90363,99,0,0,"59:58.8",0.954905858,0.547937914,0.549239047,0.088303605,"07:57.6",12,"good",22.11666667,2025-02-21,"2025-02-20","2025-02-20 22:31","2025-02-21 11:49","2025-02-21 22:32",-24.62262667,"black",1,"SDB","3",-73.74,45.47,"PETI",2025,2,21,-7.7,-12.1,-9.9,0,27,41,2025-02-21 22:07:00,2025-02-21 17:07:00
"208","end",3,68908,14,0,7.3,"59:54.8",1.114347127,0.546348732,0.833525374,0.126417547,"08:43.4",1,"good",22.13333333,2022-10-20,"2022-10-19","2022-10-19 22:05","2022-10-20 11:19","2022-10-20 22:03",4.957120001,"black",1,"SDB","1",-73.74,45.47,"PETI",2022,10,20,7.6,4.7,6.2,1.1,0,56,2022-10-20 22:08:00,2022-10-20 18:08:00
"211","end",1,68911,9,7.3,7.3,"59:59.1",0.958235587,0.582221255,0.310338052,0.081494191,"08:18.6",2,"good",22.13333333,2022-10-25,"2022-10-24","2022-10-24 21:57","2022-10-25 11:26","2022-10-25 21:55",12.74274833,"black",1,"SDB","1",-73.74,45.47,"PETI",2022,10,25,25,11.5,18.2,0,0,35,2022-10-25 22:08:00,2022-10-25 18:08:00
"214","end",4,68914,54,14.6,7.3,"59:51.1",0.886119246,0.785472603,0.401466628,0.165909568,"08:03.2",2,"good",22.13333333,2022-10-31,"2022-10-30","2022-10-30 21:47","2022-10-31 11:34","2022-10-31 21:46",21.63743333,"black",1,"SDB","1",-73.74,45.47,"PETI",2022,10,31,15.5,3.7,9.6,0,0,0,2022-10-31 22:08:00,2022-10-31 18:08:00
"217","end",2,68917,2,0,0,"59:58.3",1.013426253,0.446212627,0.653487927,0.109908848,"08:25.0",3,"good",22.13333333,2022-10-28,"2022-10-27","2022-10-27 21:52","2022-10-28 11:30","2022-10-28 21:50",17.53312333,"black",1,"SDB","1",-73.74,45.47,"PETI",2022,10,28,9.3,-1.2,4,0,0,0,2022-10-28 22:08:00,2022-10-28 18:08:00
"224","end",4,68924,84,0,0,"59:56.8",1.484745208,0.519552195,0.889291679,0.119722341,"08:52.7",4,"good",22.13333333,2023-01-26,"2023-01-25","2023-01-25 21:52","2023-01-26 12:24","2023-01-26 21:54",14.79435333,"black",1,"SDB","1",-73.74,45.47,"PETI",2023,1,26,-3.7,-6.7,-5.2,4.2,34,42,2023-01-26 22:08:00,2023-01-26 17:08:00
"225","end",5,68925,90,0,7.3,"59:58.3",1.644352903,0.518629363,1.08345692,0.113881872,"08:39.6",4,"good",22.13333333,2023-02-06,"2023-02-05","2023-02-05 22:08","2023-02-06 12:12","2023-02-06 22:10",-1.440281665,"black",1,"SDB","1",-73.74,45.47,"PETI",2023,2,6,-2.3,-12.9,-7.6,0.2,37,0,2023-02-06 22:08:00,2023-02-06 17:08:00
"97","end",6,77874,87,0,9.7,"59:52.9",1.16481122,0.565799664,0.554222884,0.074588344,"08:50.0",5,"good",22.13333333,2024-01-25,"2024-01-24","2024-01-24 21:50","2024-01-25 12:25","2024-01-25 21:52",16.53319,"black",1,"SDB","2",-73.74,45.47,"PETI",2024,1,25,1.1,-4.5,-1.7,6.5,16,0,2024-01-25 22:08:00,2024-01-25 17:08:00
"109","end",10,77886,91,9.7,0,"59:58.9",0.856793251,0.468462873,0.397964966,0.06767473,"08:17.0",6,"good",22.13333333,2024-02-09,"2024-02-08","2024-02-08 22:12","2024-02-09 12:08","2024-02-09 22:14",-5.833094998,"black",1,"BDU","2",-73.74,45.47,"PETI",2024,2,9,6.8,-0.8,3,9.2,11,0,2024-02-09 22:08:00,2024-02-09 17:08:00
"121","end",2,77898,5,9.7,9.7,"59:56.6",1.024941622,0.571759566,0.398838218,0.05803312,"08:34.1",8,"good",22.13333333,2023-10-22,"2023-10-21","2023-10-21 22:02","2023-10-22 11:21","2023-10-22 22:00",7.701619999,"black",1,"BDU","2",-73.74,45.47,"PETI",2023,10,22,8.9,6,7.4,8.4,0,41,2023-10-22 22:08:00,2023-10-22 18:08:00
"121","end",2,77898,9,0,9.7,"59:56.7",0.826351577,0.517233962,0.394395559,0.071317425,"08:53.6",8,"good",22.13333333,2023-10-26,"2023-10-25","2023-10-25 21:55","2023-10-26 11:27","2023-10-26 21:54",14.49292167,"black",1,"BDU","2",-73.74,45.47,"PETI",2023,10,26,17.6,14.5,16.1,5.8,0,0,2023-10-26 22:08:00,2023-10-26 18:08:00
"121","end",2,77898,123,9.7,0,"59:36.9",1.272190632,0.632356105,0.658831873,0.080505984,"08:36.1",8,"good",22.13333333,2024-02-17,"2024-02-16","2024-02-16 22:24","2024-02-17 11:56","2024-02-17 22:25",-17.19788667,"black",1,"BDU","2",-73.74,45.47,"PETI",2024,2,17,-7.6,-14.1,-10.8,0.9,8,44,2024-02-17 22:08:00,2024-02-17 17:08:00
"124","end",4,77900,105,0,9.7,"59:54.8",1.006317267,0.563165266,0.552143138,0.09976627,"08:12.9",8,"good",22.13333333,2024-01-31,"2024-01-30","2024-01-30 21:59","2024-01-31 12:19","2024-01-31 22:00",7.298828332,"black",1,"SDB","2",-73.74,45.47,"PETI",2024,1,31,2.5,-7.2,-2.4,0,12,0,2024-01-31 22:08:00,2024-01-31 17:08:00
"127","end",7,77903,136,9.7,0,"54:18.1",1.130437811,0.740272093,0.557894394,0.245116318,"08:04.2",8,"good",22.13333333,2024-03-03,"2024-03-02","2024-03-02 22:45","2024-03-03 11:31","2024-03-03 22:46",-38.79743,"black",1,"SDB","2",-73.74,45.47,"PETI",2024,3,3,9.5,0.4,4.9,2.7,0,0,2024-03-03 22:08:00,2024-03-03 17:08:00
"608","end",3,90326,95,0,9.7,"59:50.4",1.026094953,0.485642732,0.683538317,0.117572664,"08:28.1",9,"good",22.13333333,2025-01-25,"2025-01-24","2025-01-24 21:51","2025-01-25 12:25","2025-01-25 21:53",15.11774833,"black",1,"BDU","3",-73.74,45.47,"PETI",2025,1,25,-3.4,-19.9,-11.6,0.4,6,41,2025-01-25 22:08:00,2025-01-25 17:08:00
"608","end",3,90326,101,0,0,"59:51.4",1.053834437,0.473585762,0.868642556,0.104933384,"08:09.7",9,"good",22.13333333,2025-01-31,"2025-01-30","2025-01-30 22:00","2025-01-31 12:18","2025-01-31 22:02",6.161213334,"black",1,"BDU","3",-73.74,45.47,"PETI",2025,1,31,-2.5,-11.6,-7,0.2,15,43,2025-01-31 22:08:00,2025-01-31 17:08:00
"633","end",8,90351,3,824.34,9.7,"59:57.3",0.761529345,0.515801035,0.271541678,0.057792233,"08:35.3",11,"good",22.13333333,2024-11-14,"2024-11-13","2024-11-13 21:29","2024-11-14 11:55","2024-11-14 21:28",40.42164667,"black",1,"NDG","3",-73.74,45.47,"PETI",2024,11,14,4.4,-2.8,0.8,0,0,0,2024-11-14 22:08:00,2024-11-14 17:08:00
"645","end",7,90363,101,0,9.7,"59:58.8",1.209969786,0.504160323,0.867789821,0.087356636,"08:17.1",12,"good",22.13333333,2025-02-23,"2025-02-22","2025-02-22 22:34","2025-02-23 11:45","2025-02-23 22:35",-27.13222333,"black",1,"SDB","3",-73.74,45.47,"PETI",2025,2,23,-0.8,-5.9,-3.4,0,27,32,2025-02-23 22:08:00,2025-02-23 17:08:00
"207","end",2,68907,136,7.3,0,"59:55.4",1.259761954,0.486054229,0.972151273,0.148328995,"09:49.6",1,"good",22.15,2023-02-21,"2023-02-20","2023-02-20 22:30","2023-02-21 11:49","2023-02-21 22:31",-22.072915,"black",1,"SDB","1",-73.74,45.47,"PETI",2023,2,21,-5.1,-14,-9.6,0.7,13,33,2023-02-21 22:09:00,2023-02-21 17:09:00
"208","end",3,68908,25,0,0,"59:54.7",1.306597637,0.438655793,0.872180092,0.085450299,"09:56.3",1,"good",22.15,2022-10-31,"2022-10-30","2022-10-30 21:47","2022-10-31 11:34","2022-10-31 21:46",23.521635,"black",1,"SDB","1",-73.74,45.47,"PETI",2022,10,31,15.5,3.7,9.6,0,0,0,2022-10-31 22:09:00,2022-10-31 18:09:00
"212","end",2,68912,97,0,7.3,"59:56.2",1.312119736,0.429434217,0.92893966,0.090947749,"09:57.8",2,"good",22.15,2023-01-28,"2023-01-27","2023-01-27 21:55","2023-01-28 12:22","2023-01-28 21:56",13.01269667,"black",1,"SDB","1",-73.74,45.47,"PETI",2023,1,28,3,-4,-0.5,1,34,57,2023-01-28 22:09:00,2023-01-28 17:09:00
"212","end",2,68912,98,0,7.3,"59:56.3",1.180956697,0.29842402,0.857573299,0.040255632,"09:57.8",2,"good",22.15,2023-01-29,"2023-01-28","2023-01-28 21:56","2023-01-29 12:21","2023-01-29 21:58",11.56371667,"black",1,"SDB","1",-73.74,45.47,"PETI",2023,1,29,-2.6,-10.6,-6.6,7.6,33,38,2023-01-29 22:09:00,2023-01-29 17:09:00
"215","end",5,68915,7,0.05,0,"59:58.4",0.735290932,0.531127938,0.334391213,0.060379666,"09:38.1",2,"good",22.15,2022-11-01,"2022-10-31","2022-10-31 21:46","2022-11-01 11:36","2022-11-01 21:44",24.66778333,"black",1,"SDB","1",-73.74,45.47,"PETI",2022,11,1,14.6,9.3,11.9,2.1,0,0,2022-11-01 22:09:00,2022-11-01 18:09:00
"225","end",5,68925,95,7.3,0,"59:57.7",1.537687931,0.650795107,1.058624925,0.088968127,"09:00.9",4,"good",22.15,2023-02-11,"2023-02-10","2023-02-10 22:15","2023-02-11 12:05","2023-02-11 22:17",-8.417923335,"black",1,"SDB","1",-73.74,45.47,"PETI",2023,2,11,-0.5,-7.6,-4.1,0.5,28,38,2023-02-11 22:09:00,2023-02-11 17:09:00
"97","end",6,77874,96,9.7,0,"59:59.9",1.266358634,0.532962231,0.721681415,0.102568109,"09:55.1",5,"good",22.15,2024-02-03,"2024-02-02","2024-02-02 22:03","2024-02-03 12:16","2024-02-03 22:05",4.618573332,"black",1,"SDB","2",-73.74,45.47,"PETI",2024,2,3,-2.7,-7.6,-5.2,0.8,11,0,2024-02-03 22:09:00,2024-02-03 17:09:00
"104","end",5,77881,86,0,9.7,"59:50.5",1.318118726,0.620015899,0.679771034,0.101922884,"09:16.7",6,"good",22.15,2024-01-29,"2024-01-28","2024-01-28 21:56","2024-01-29 12:21","2024-01-29 21:58",11.26116,"black",1,"SDB","2",-73.74,45.47,"PETI",2024,1,29,0.2,-4.2,-2,0,12,0,2024-01-29 22:09:00,2024-01-29 17:09:00
"118","end",9,77895,20,0,9.7,"58:54.7",1.158457019,0.650366909,0.73287663,0.085018845,"09:19.1",7,"good",22.15,2023-10-31,"2023-10-30","2023-10-30 21:48","2023-10-31 11:34","2023-10-31 21:46",22.53454667,"black",1,"SDB","2",-73.74,45.47,"PETI",2023,10,31,4.5,-1.3,1.6,1.5,0,0,2023-10-31 22:09:00,2023-10-31 18:09:00
"125","end",5,77901,13,9.7,0,"50:13.8",1.115760511,0.669241001,0.569322602,0.07272894,"09:41.2",8,"good",22.15,2023-10-31,"2023-10-30","2023-10-30 21:48","2023-10-31 11:34","2023-10-31 21:46",22.90357167,"black",1,"SDB","2",-73.74,45.47,"PETI",2023,10,31,4.5,-1.3,1.6,1.5,0,0,2023-10-31 22:09:00,2023-10-31 18:09:00
"608","end",3,90326,6,0,9.7,"59:56.1",1.039236195,0.477852464,0.642461867,0.091255218,"09:02.8",9,"good",22.15,2024-10-28,"2024-10-27","2024-10-27 21:51","2024-10-28 11:31","2024-10-28 21:50",18.89664333,"black",1,"BDU","3",-73.74,45.47,"PETI",2024,10,28,6.9,-4.4,1.2,0,0,0,2024-10-28 22:09:00,2024-10-28 18:09:00
"608","end",3,90326,96,9.7,0,"59:55.6",1.132694902,0.386990654,0.8359498,0.080028762,"09:02.3",9,"good",22.15,2025-01-26,"2025-01-25","2025-01-25 21:53","2025-01-26 12:24","2025-01-26 21:54",14.27207333,"black",1,"BDU","3",-73.74,45.47,"PETI",2025,1,26,0.2,-6.3,-3.1,0,10,58,2025-01-26 22:09:00,2025-01-26 17:09:00
"207","end",2,68907,24,0,7.3,"59:54.3",1.245764227,0.476073805,0.833584176,0.120588247,"10:17.7",1,"good",22.16666667,2022-11-01,"2022-10-31","2022-10-31 21:46","2022-11-01 11:36","2022-11-01 21:44",25.32841333,"black",1,"SDB","1",-73.74,45.47,"PETI",2022,11,1,14.6,9.3,11.9,2.1,0,0,2022-11-01 22:10:00,2022-11-01 18:10:00
"211","end",1,68911,10,7.3,14.6,"48:17.3",0.968929567,0.656254749,0.375895779,0.095608459,"10:28.8",2,"good",22.16666667,2022-10-26,"2022-10-25","2022-10-25 21:55","2022-10-26 11:27","2022-10-26 21:53",16.49720667,"black",1,"SDB","1",-73.74,45.47,"PETI",2022,10,26,24.2,14.9,19.5,3,0,44,2022-10-26 22:10:00,2022-10-26 18:10:00
"212","end",2,68912,104,0,7.3,"59:53.8",1.274625001,0.339388726,0.816226363,0.091100773,"10:46.5",2,"good",22.16666667,2023-02-04,"2023-02-03","2023-02-03 22:05","2023-02-04 12:14","2023-02-04 22:07",3.624266668,"black",1,"SDB","1",-73.74,45.47,"PETI",2023,2,4,-14.1,-29.1,-21.6,0.2,37,36,2023-02-04 22:10:00,2023-02-04 17:10:00
"212","end",2,68912,125,7.3,0,"59:52.8",1.330105909,0.370900005,0.976743715,0.087036831,"10:52.8",2,"good",22.16666667,2023-02-25,"2023-02-24","2023-02-24 22:36","2023-02-25 11:43","2023-02-25 22:37",-26.66969,"black",1,"SDB","1",-73.74,45.47,"PETI",2023,2,25,-12.3,-20,-16.2,0.9,15,0,2023-02-25 22:10:00,2023-02-25 17:10:00
"213","end",3,68913,6,0,0,"59:53.9",1.220406614,0.469385874,0.876351517,0.07988318,"10:02.9",2,"good",22.16666667,2022-10-28,"2022-10-27","2022-10-27 21:52","2022-10-28 11:30","2022-10-28 21:50",19.16540333,"black",1,"SDB","1",-73.74,45.47,"PETI",2022,10,28,9.3,-1.2,4,0,0,0,2022-10-28 22:10:00,2022-10-28 18:10:00
"213","end",3,68913,98,0,7.3,"59:58.6",1.275373786,0.540416074,0.944543921,0.158424236,"10:07.6",2,"good",22.16666667,2023-01-28,"2023-01-27","2023-01-27 21:55","2023-01-28 12:22","2023-01-28 21:56",13.176885,"black",1,"SDB","1",-73.74,45.47,"PETI",2023,1,28,3,-4,-0.5,1,34,57,2023-01-28 22:10:00,2023-01-28 17:10:00
"214","end",4,68914,57,0,7.3,"59:57.2",1.032144085,0.594662949,0.444031303,0.106378503,"10:35.3",2,"good",22.16666667,2022-11-03,"2022-11-02","2022-11-02 21:43","2022-11-03 11:39","2022-11-03 21:42",28.43887333,"black",1,"SDB","1",-73.74,45.47,"PETI",2022,11,3,17.2,2.9,10,0,0,0,2022-11-03 22:10:00,2022-11-03 18:10:00
"215","end",5,68915,6,0.1,0,"59:58.5",0.981314473,0.463753034,0.436774982,0.061136064,"10:29.3",2,"good",22.16666667,2022-10-31,"2022-10-30","2022-10-30 21:47","2022-10-31 11:34","2022-10-31 21:46",24.07170667,"black",1,"SDB","1",-73.74,45.47,"PETI",2022,10,31,15.5,3.7,9.6,0,0,0,2022-10-31 22:10:00,2022-10-31 18:10:00
"216","end",1,68916,4,7.3,7.3,"59:55.9",0.825058609,0.497151827,0.304434165,0.064544297,"10:41.6",3,"good",22.16666667,2022-10-30,"2022-10-29","2022-10-29 21:49","2022-10-30 11:33","2022-10-30 21:47",22.80933667,"black",1,"SDB","1",-73.74,45.47,"PETI",2022,10,30,16.5,4.2,10.4,0,0,0,2022-10-30 22:10:00,2022-10-30 18:10:00
"217","end",2,68917,109,0,0,"59:53.1",1.005626554,0.316928885,0.78263766,0.070960484,"10:16.7",3,"good",22.16666667,2023-02-12,"2023-02-11","2023-02-11 22:17","2023-02-12 12:03","2023-02-12 22:18",-8.622241668,"black",1,"SDB","1",-73.74,45.47,"PETI",2023,2,12,1.8,-5.2,-1.7,0,27,0,2023-02-12 22:10:00,2023-02-12 17:10:00
"225","end",5,68925,108,7.3,7.3,"59:58.1",0.927149705,0.666396988,0.579504502,0.097145034,"10:34.9",4,"good",22.16666667,2023-02-24,"2023-02-23","2023-02-23 22:34","2023-02-24 11:44","2023-02-24 22:36",-25.56837333,"black",1,"SDB","1",-73.74,45.47,"PETI",2023,2,24,-10.3,-16.4,-13.4,0,16,38,2023-02-24 22:10:00,2023-02-24 17:10:00
"93","end",3,77870,89,9.7,0,"59:51.7",1.606632249,0.516219324,0.704635714,0.087873219,"10:35.3",5,"good",22.16666667,2024-01-25,"2024-01-24","2024-01-24 21:50","2024-01-25 12:25","2024-01-25 21:52",18.28812333,"black",1,"BDU","2",-73.74,45.47,"PETI",2024,1,25,1.1,-4.5,-1.7,6.5,16,0,2024-01-25 22:10:00,2024-01-25 17:10:00
"93","end",3,77870,91,0,9.7,"59:54.7",1.318863729,0.549141057,0.906944677,0.095767593,"10:09.3",5,"good",22.16666667,2024-01-27,"2024-01-26","2024-01-26 21:53","2024-01-27 12:24","2024-01-27 21:55",15.00429,"black",1,"BDU","2",-73.74,45.47,"PETI",2024,1,27,4.1,-0.9,1.6,2.4,14,0,2024-01-27 22:10:00,2024-01-27 17:10:00
"93","end",3,77870,93,0,9.7,"59:57.8",1.622082443,0.635463043,0.721673864,0.118437045,"10:31.7",5,"good",22.16666667,2024-01-29,"2024-01-28","2024-01-28 21:56","2024-01-29 12:21","2024-01-29 21:58",12.511995,"black",1,"BDU","2",-73.74,45.47,"PETI",2024,1,29,0.2,-4.2,-2,0,12,0,2024-01-29 22:10:00,2024-01-29 17:10:00
"104","end",5,77881,227,9.7,9.7,"59:59.7",0.48115957,0.318827929,0.111115586,0.03013174,"10:43.3",6,"good",22.16666667,2024-06-18,"2024-06-17","2024-06-18 0:48","2024-06-18 9:08","2024-06-19 0:48",-157.6776467,"black",1,"SDB","2",-73.74,45.47,"PETI",2024,6,18,32.5,20.9,26.7,0,0,0,2024-06-18 22:10:00,2024-06-18 18:10:00
"109","end",10,77886,78,0,9.7,"59:50.7",0.882812259,0.448616405,0.352070309,0.054757006,"10:53.8",6,"good",22.16666667,2024-01-27,"2024-01-26","2024-01-26 21:53","2024-01-27 12:24","2024-01-27 21:55",15.74600333,"black",1,"BDU","2",-73.74,45.47,"PETI",2024,1,27,4.1,-0.9,1.6,2.4,14,0,2024-01-27 22:10:00,2024-01-27 17:10:00
"124","end",4,77900,108,0,0,"59:54.1",1.247545778,0.532710102,0.734760402,0.10820483,"10:18.3",8,"good",22.16666667,2024-02-03,"2024-02-02","2024-02-02 22:03","2024-02-03 12:16","2024-02-03 22:05",5.005418332,"black",1,"SDB","2",-73.74,45.47,"PETI",2024,2,3,-2.7,-7.6,-5.2,0.8,11,0,2024-02-03 22:10:00,2024-02-03 17:10:00
"124","end",4,77900,119,0,9.7,"59:59.5",1.069940414,0.681792268,0.476098109,0.162957925,"10:23.4",8,"good",22.16666667,2024-02-14,"2024-02-13","2024-02-13 22:19","2024-02-14 12:01","2024-02-14 22:21",-11.04267667,"black",1,"SDB","2",-73.74,45.47,"PETI",2024,2,14,-4.3,-10.7,-7.5,0.7,0,53,2024-02-14 22:10:00,2024-02-14 17:10:00
"608","end",3,90326,104,0,9.7,"59:56.7",0.943927737,0.497666223,0.696156509,0.08542848,"10:21.0",9,"good",22.16666667,2025-02-03,"2025-02-02","2025-02-02 22:04","2025-02-03 12:15","2025-02-03 22:06",3.949888333,"black",1,"BDU","3",-73.74,45.47,"PETI",2025,2,3,-0.2,-12.1,-6.1,5.5,15,32,2025-02-03 22:10:00,2025-02-03 17:10:00
"635","end",10,90353,80,0,9.7,"59:56.6",0.652208915,0.578886024,0.15819697,0.071538026,"10:20.9",11,"good",22.16666667,2025-01-31,"2025-01-30","2025-01-30 22:00","2025-01-31 12:18","2025-01-31 22:02",8.348663334,"black",1,"BDU","3",-73.74,45.47,"PETI",2025,1,31,-2.5,-11.6,-7,0.2,15,43,2025-01-31 22:10:00,2025-01-31 17:10:00
"206","end",1,68906,112,7.3,7.3,"59:56.4",1.778891574,0.704549507,1.051894554,0.164905596,"11:18.2",1,"good",22.18333333,2023-01-31,"2023-01-30","2023-01-30 21:59","2023-01-31 12:19","2023-01-31 22:01",10.003045,"black",1,"SDB","1",-73.74,45.47,"PETI",2023,1,31,-7.6,-19.1,-13.4,1.2,41,32,2023-01-31 22:11:00,2023-01-31 17:11:00
"206","end",1,68906,124,0,7.3,"59:58.7",1.354524996,0.681315584,0.963787509,0.109499694,"11:06.2",1,"good",22.18333333,2023-02-12,"2023-02-11","2023-02-11 22:17","2023-02-12 12:03","2023-02-12 22:18",-7.796395,"black",1,"SDB","1",-73.74,45.47,"PETI",2023,2,12,1.8,-5.2,-1.7,0,27,0,2023-02-12 22:11:00,2023-02-12 17:11:00
"207","end",2,68907,5,0,0,"59:53.5",1.115692787,0.527572294,0.535911004,0.095774439,"11:44.5",1,"good",22.18333333,2022-10-13,"2022-10-12","2022-10-12 22:17","2022-10-13 11:10","2022-10-13 22:15",-4.241443332,"black",1,"SDB","1",-73.74,45.47,"PETI",2022,10,13,18.7,11.2,14.9,17.9,0,59,2022-10-13 22:11:00,2022-10-13 18:11:00
"207","end",2,68907,139,0,7.3,"59:55.6",0.978997943,0.410966879,0.661863062,0.0753757,"11:39.4",1,"good",22.18333333,2023-02-24,"2023-02-23","2023-02-23 22:34","2023-02-24 11:44","2023-02-24 22:36",-24.49385667,"black",1,"SDB","1",-73.74,45.47,"PETI",2023,2,24,-10.3,-16.4,-13.4,0,16,38,2023-02-24 22:11:00,2023-02-24 17:11:00
"208","end",3,68908,28,0,7.3,"59:55.0",1.184104293,0.480074819,0.794425244,0.080910004,"11:09.5",1,"good",22.18333333,2022-11-03,"2022-11-02","2022-11-02 21:43","2022-11-03 11:39","2022-11-03 21:42",29.00887833,"black",1,"SDB","1",-73.74,45.47,"PETI",2022,11,3,17.2,2.9,10,0,0,0,2022-11-03 22:11:00,2022-11-03 18:11:00
"209","end",4,68909,13,0,0.1,"59:52.7",0.919904217,0.641674452,0.317133688,0.099131337,"10:59.9",1,"good",22.18333333,2022-10-26,"2022-10-25","2022-10-25 21:55","2022-10-26 11:27","2022-10-26 21:53",17.01518333,"black",1,"SDB","1",-73.74,45.47,"PETI",2022,10,26,24.2,14.9,19.5,3,0,44,2022-10-26 22:11:00,2022-10-26 18:11:00
"212","end",2,68912,10,7.3,14.6,"59:47.2",1.086555206,0.620842987,0.431607612,0.089404637,"11:30.9",2,"good",22.18333333,2022-11-02,"2022-11-01","2022-11-01 21:44","2022-11-02 11:37","2022-11-02 21:43",27.96512,"black",1,"SDB","1",-73.74,45.47,"PETI",2022,11,2,14.5,3.4,8.9,0,0,0,2022-11-02 22:11:00,2022-11-02 18:11:00
"212","end",2,68912,13,7.3,7.3,"59:55.5",1.169161976,0.569451641,0.574457881,0.089504948,"11:32.0",2,"good",22.18333333,2022-11-05,"2022-11-04","2022-11-04 21:40","2022-11-05 11:41","2022-11-05 21:39",32.099285,"black",1,"SDB","1",-73.74,45.47,"PETI",2022,11,5,24.2,10.5,17.4,0,0,37,2022-11-05 22:11:00,2022-11-05 18:11:00
"213","end",3,68913,7,0,7.3,"59:59.7",1.16646767,0.446441548,0.97959754,0.073446668,"11:29.0",2,"good",22.18333333,2022-10-29,"2022-10-28","2022-10-28 21:50","2022-10-29 11:31","2022-10-29 21:49",22.11642,"black",1,"SDB","1",-73.74,45.47,"PETI",2022,10,29,14.4,-0.9,6.7,0,0,0,2022-10-29 22:11:00,2022-10-29 18:11:00
"214","end",4,68914,47,14.6,7.3,"59:54.6",0.947775107,0.486426824,0.399926714,0.052551756,"11:53.0",2,"good",22.18333333,2022-10-24,"2022-10-23","2022-10-23 21:58","2022-10-24 11:25","2022-10-24 21:57",14.71584333,"black",1,"SDB","1",-73.74,45.47,"PETI",2022,10,24,20,9.2,14.6,0,0,0,2022-10-24 22:11:00,2022-10-24 18:11:00
"215","end",5,68915,3,0,7.2,"59:59.0",0.823966479,0.561643408,0.317320272,0.079866877,"11:50.0",2,"good",22.18333333,2022-10-28,"2022-10-27","2022-10-27 21:52","2022-10-28 11:30","2022-10-28 21:50",20.95044167,"black",1,"SDB","1",-73.74,45.47,"PETI",2022,10,28,9.3,-1.2,4,0,0,0,2022-10-28 22:11:00,2022-10-28 18:11:00
"215","end",5,68915,4,0,7.2,"59:58.8",0.689398957,0.484235573,0.210510879,0.046756205,"11:06.1",2,"good",22.18333333,2022-10-29,"2022-10-28","2022-10-28 21:50","2022-10-29 11:31","2022-10-29 21:49",21.73468666,"black",1,"SDB","1",-73.74,45.47,"PETI",2022,10,29,14.4,-0.9,6.7,0,0,0,2022-10-29 22:11:00,2022-10-29 18:11:00
"215","end",5,68915,94,7.3,7.3,"45:01.5",0.843587559,0.569864347,0.292253571,0.059525373,"10:59.3",2,"good",22.18333333,2023-01-27,"2023-01-26","2023-01-26 21:54","2023-01-27 12:23","2023-01-27 21:55",15.47159333,"black",1,"SDB","1",-73.74,45.47,"PETI",2023,1,27,-1.5,-12.3,-6.9,0.7,32,0,2023-01-27 22:11:00,2023-01-27 17:11:00
"224","end",4,68924,96,0,7.3,"59:53.5",0.932350461,0.485781059,0.643537123,0.09157493,"11:37.3",4,"good",22.18333333,2023-02-07,"2023-02-06","2023-02-06 22:10","2023-02-07 12:10","2023-02-07 22:11",0.054921667,"black",1,"SDB","1",-73.74,45.47,"PETI",2023,2,7,2.4,-14.6,-6.1,0.8,37,33,2023-02-07 22:11:00,2023-02-07 17:11:00
"97","end",6,77874,2,0,9.7,"59:57.4",0.926762404,0.571883622,0.553706919,0.087997626,"11:29.6",5,"good",22.18333333,2023-11-01,"2023-10-31","2023-10-31 21:46","2023-11-01 11:35","2023-11-01 21:45",26.159895,"black",1,"SDB","2",-73.74,45.47,"PETI",2023,11,1,2.4,-1.9,0.2,0.8,0,31,2023-11-01 22:11:00,2023-11-01 18:11:00
"104","end",5,77881,82,0,77.59,"59:58.0",1.167483246,0.564229234,0.512865267,0.066348332,"11:39.9",6,"good",22.18333333,2024-01-25,"2024-01-24","2024-01-24 21:50","2024-01-25 12:25","2024-01-25 21:52",19.36528833,"black",1,"SDB","2",-73.74,45.47,"PETI",2024,1,25,1.1,-4.5,-1.7,6.5,16,0,2024-01-25 22:11:00,2024-01-25 17:11:00
"123","end",3,77899,4,0,0.1,"59:58.9",1.191228285,0.503702574,0.692276123,0.081101301,"11:11.4",8,"good",22.18333333,2023-10-22,"2023-10-21","2023-10-21 22:02","2023-10-22 11:21","2023-10-22 22:00",10.32286167,"black",1,"SDB","2",-73.74,45.47,"PETI",2023,10,22,8.9,6,7.4,8.4,0,41,2023-10-22 22:11:00,2023-10-22 18:11:00
"124","end",4,77900,4,0,0.1,"59:56.6",1.330137719,0.618497664,0.755628346,0.101054989,"11:19.0",8,"good",22.18333333,2023-10-22,"2023-10-21","2023-10-21 22:02","2023-10-22 11:21","2023-10-22 22:00",10.45052833,"black",1,"SDB","2",-73.74,45.47,"PETI",2023,10,22,8.9,6,7.4,8.4,0,41,2023-10-22 22:11:00,2023-10-22 18:11:00
"124","end",4,77900,6,0,0,"00:00.0",1.234310206,0.575917665,0.773772579,0.107010248,"11:51.5",8,"good",22.18333333,2023-10-24,"2023-10-23","2023-10-23 21:59","2023-10-24 11:24","2023-10-24 21:57",14.27490833,"black",1,"SDB","2",-73.74,45.47,"PETI",2023,10,24,11.5,4.4,8,4.6,0,0,2023-10-24 22:11:00,2023-10-24 18:11:00
"129","end",8,77904,1,0,0,"59:54.9",1.180246604,0.372391146,0.754271064,0.043811366,"11:27.1",8,"good",22.18333333,2023-10-23,"2023-10-22","2023-10-22 22:00","2023-10-23 11:23","2023-10-23 21:59",12.23476333,"black",1,"BDU","2",-73.74,45.47,"PETI",2023,10,23,10.2,4.7,7.5,1.4,0,0,2023-10-23 22:11:00,2023-10-23 18:11:00
"617","end",2,90335,110,0,9.7,"59:55.0",1.027493615,0.400645833,0.936055436,0.064862183,"11:47.1",10,"good",22.18333333,2025-02-11,"2025-02-10","2025-02-10 22:16","2025-02-11 12:04","2025-02-11 22:18",-6.348483332,"black",1,"BDU","3",-73.74,45.47,"PETI",2025,2,11,-3.6,-12.5,-8,0,20,48,2025-02-11 22:11:00,2025-02-11 17:11:00
"631","end",6,90349,79,0,9.7,"59:59.1",1.077367922,0.345888387,0.883550701,0.048962149,"11:12.2",11,"good",22.18333333,2025-01-29,"2025-01-28","2025-01-28 21:57","2025-01-29 12:21","2025-01-29 21:59",12.102665,"black",1,"BDU","3",-73.74,45.47,"PETI",2025,1,29,-8.2,-14.5,-11.4,3.3,10,38,2025-01-29 22:11:00,2025-01-29 17:11:00
"634","end",9,90352,94,9.7,9.69,"59:53.0",0.631919701,0.50255393,0.101535244,0.052069751,"11:25.0",11,"good",22.18333333,2025-02-14,"2025-02-13","2025-02-13 22:21","2025-02-14 12:00","2025-02-14 22:22",-11.10009,"black",1,"NDG","3",-73.74,45.47,"PETI",2025,2,14,-6.9,-14.7,-10.8,0,31,48,2025-02-14 22:11:00,2025-02-14 17:11:00
"635","end",10,90353,71,9.7,9.7,"59:52.7",0.625076724,0.604393651,0.134870444,0.078676909,"11:44.2",11,"good",22.18333333,2025-01-22,"2025-01-21","2025-01-21 21:47","2025-01-22 12:27","2025-01-22 21:49",22.60391167,"black",1,"BDU","3",-73.74,45.47,"PETI",2025,1,22,-9.6,-16.8,-13.2,0,5,0,2025-01-22 22:11:00,2025-01-22 17:11:00
"635","end",10,90353,82,0,9.7,"59:58.6",0.719441252,0.490712718,0.256224035,0.070381424,"11:11.4",11,"good",22.18333333,2025-02-02,"2025-02-01","2025-02-01 22:03","2025-02-02 12:16","2025-02-02 22:04",6.255936666,"black",1,"BDU","3",-73.74,45.47,"PETI",2025,2,2,-11.5,-22.6,-17,1.1,13,31,2025-02-02 22:11:00,2025-02-02 17:11:00
"206","end",1,68906,19,0,0,"59:59.0",1.042638784,0.540778303,0.611777696,0.114041972,"12:04.8",1,"good",22.2,2022-10-30,"2022-10-29","2022-10-29 21:49","2022-10-30 11:33","2022-10-30 21:47",24.19739,"black",1,"SDB","1",-73.74,45.47,"PETI",2022,10,30,16.5,4.2,10.4,0,0,0,2022-10-30 22:12:00,2022-10-30 18:12:00
"212","end",2,68912,2,0,14.6,"59:45.1",0.838587049,0.646446027,0.26570278,0.123519128,"12:19.9",2,"good",22.2,2022-10-25,"2022-10-24","2022-10-24 21:57","2022-10-25 11:26","2022-10-25 21:55",16.76495167,"black",1,"SDB","1",-73.74,45.47,"PETI",2022,10,25,25,11.5,18.2,0,0,35,2022-10-25 22:12:00,2022-10-25 18:12:00
"214","end",4,68914,52,14.6,7.3,"59:59.5",1.003494849,0.756002739,0.434571235,0.11209855,"12:41.6",2,"good",22.2,2022-10-29,"2022-10-28","2022-10-28 21:50","2022-10-29 11:31","2022-10-29 21:49",23.327395,"black",1,"SDB","1",-73.74,45.47,"PETI",2022,10,29,14.4,-0.9,6.7,0,0,0,2022-10-29 22:12:00,2022-10-29 18:12:00
"217","end",2,68917,3,7.3,0,"59:57.9",0.858909776,0.352922672,0.556817937,0.059765211,"12:03.6",3,"good",22.2,2022-10-29,"2022-10-28","2022-10-28 21:50","2022-10-29 11:31","2022-10-29 21:49",22.69305333,"black",1,"SDB","1",-73.74,45.47,"PETI",2022,10,29,14.4,-0.9,6.7,0,0,0,2022-10-29 22:12:00,2022-10-29 18:12:00
"225","end",5,68925,79,0,7.3,"59:57.3",1.538941323,0.484570006,0.935044861,0.08425643,"12:10.2",4,"good",22.2,2023-01-26,"2023-01-25","2023-01-25 21:52","2023-01-26 12:24","2023-01-26 21:54",18.087455,"black",1,"SDB","1",-73.74,45.47,"PETI",2023,1,26,-3.7,-6.7,-5.2,4.2,34,42,2023-01-26 22:12:00,2023-01-26 17:12:00
"225","end",5,68925,109,7.3,0,"59:58.6",1.14899007,0.522295702,0.810328613,0.085089608,"12:18.8",4,"good",22.2,2023-02-25,"2023-02-24","2023-02-24 22:36","2023-02-25 11:43","2023-02-25 22:37",-25.236105,"black",1,"SDB","1",-73.74,45.47,"PETI",2023,2,25,-12.3,-20,-16.2,0.9,15,0,2023-02-25 22:12:00,2023-02-25 17:12:00
"93","end",3,77870,87,0,0,"59:58.3",0.948629707,0.604745248,0.480625372,0.089167078,"12:09.2",5,"good",22.2,2024-01-23,"2024-01-22","2024-01-22 21:48","2024-01-23 12:27","2024-01-23 21:49",22.65322333,"black",1,"BDU","2",-73.74,45.47,"PETI",2024,1,23,-0.2,-9.4,-4.8,0.2,14,32,2024-01-23 22:12:00,2024-01-23 17:12:00
"125","end",5,77901,3,0,9.6,"59:56.2",1.109182982,0.699376091,0.630878363,0.14183824,"12:46.0",8,"good",22.2,2023-10-21,"2023-10-20","2023-10-20 22:04","2023-10-21 11:20","2023-10-21 22:02",10.23255167,"black",1,"SDB","2",-73.74,45.47,"PETI",2023,10,21,14.5,8.6,11.6,14.6,0,37,2023-10-21 22:12:00,2023-10-21 18:12:00
"125","end",5,77901,6,0,9.7,"59:54.0",0.99092401,0.46945118,0.524101489,0.081183775,"12:43.7",8,"good",22.2,2023-10-24,"2023-10-23","2023-10-23 21:59","2023-10-24 11:24","2023-10-24 21:57",15.14570833,"black",1,"SDB","2",-73.74,45.47,"PETI",2023,10,24,11.5,4.4,8,4.6,0,0,2023-10-24 22:12:00,2023-10-24 18:12:00
"608","end",3,90326,102,0,9.7,"59:56.2",0.935181781,0.524681298,0.684305402,0.076911227,"12:17.1",9,"good",22.2,2025-02-01,"2025-01-31","2025-01-31 22:02","2025-02-01 12:17","2025-02-01 22:03",8.818913333,"black",1,"BDU","3",-73.74,45.47,"PETI",2025,2,1,-8.6,-19.4,-14,0,13,43,2025-02-01 22:12:00,2025-02-01 17:12:00
"608","end",3,90326,117,0,9.69,"59:53.5",0.98020098,0.384888395,0.582908854,0.04194085,"12:43.2",9,"good",22.2,2025-02-16,"2025-02-15","2025-02-15 22:23","2025-02-16 11:57","2025-02-16 22:25",-12.69704333,"black",1,"BDU","3",-73.74,45.47,"PETI",2025,2,16,-9.2,-10.5,-9.8,16.2,30,62,2025-02-16 22:12:00,2025-02-16 17:12:00
"617","end",2,90335,108,0,0,"59:54.6",0.978477228,0.409961774,0.826455588,0.074098589,"12:45.0",10,"good",22.2,2025-02-09,"2025-02-08","2025-02-08 22:13","2025-02-09 12:07","2025-02-09 22:15",-2.467021668,"black",1,"BDU","3",-73.74,45.47,"PETI",2025,2,9,-3.3,-9.5,-6.4,1.7,20,0,2025-02-09 22:12:00,2025-02-09 17:12:00
"627","end",2,90345,101,9.7,19.4,"33:12.0",1.039731958,0.642641281,0.519516396,0.069714211,"12:12.9",11,"good",22.2,2025-02-11,"2025-02-10","2025-02-10 22:16","2025-02-11 12:04","2025-02-11 22:18",-5.918911668,"black",1,"BDU","3",-73.74,45.47,"PETI",2025,2,11,-3.6,-12.5,-8,0,20,48,2025-02-11 22:12:00,2025-02-11 17:12:00
"627","end",2,90345,108,0,126.09,"59:23.3",1.001916,0.699526003,0.487743229,0.108217721,"12:51.7",11,"good",22.2,2025-02-18,"2025-02-17","2025-02-17 22:26","2025-02-18 11:53","2025-02-18 22:28",-15.437505,"black",1,"BDU","3",-73.74,45.47,"PETI",2025,2,18,-12.7,-15.3,-14,0,27,48,2025-02-18 22:12:00,2025-02-18 17:12:00
"641","end",5,90359,67,9.7,9.7,"59:55.3",1.161926935,0.576326678,0.697093797,0.05637391,"12:45.1",12,"good",22.2,2025-01-20,"2025-01-19","2025-01-19 21:45","2025-01-20 12:29","2025-01-20 21:46",26.36887333,"black",1,"SDB","3",-73.74,45.47,"PETI",2025,1,20,-10.8,-16.9,-13.9,0.2,5,31,2025-01-20 22:12:00,2025-01-20 17:12:00
"645","end",7,90363,103,0,9.7,"59:58.8",1.055382766,0.489080975,0.724686949,0.084484233,"12:29.2",12,"good",22.2,2025-02-25,"2025-02-24","2025-02-24 22:36","2025-02-25 11:42","2025-02-25 22:38",-25.746025,"black",1,"SDB","3",-73.74,45.47,"PETI",2025,2,25,6,1.9,3.9,3.1,24,39,2025-02-25 22:12:00,2025-02-25 17:12:00
"206","end",1,68906,14,0,7.3,"59:57.1",0.960470395,0.5473253,0.4926587,0.124166849,"13:08.7",1,"good",22.21666667,2022-10-25,"2022-10-24","2022-10-24 21:57","2022-10-25 11:26","2022-10-25 21:55",17.57768833,"black",1,"SDB","1",-73.74,45.47,"PETI",2022,10,25,25,11.5,18.2,0,0,35,2022-10-25 22:13:00,2022-10-25 18:13:00
"206","end",1,68906,29,0,0,"59:56.5",0.630100902,0.544369127,0.216649215,0.111071563,"13:00.7",1,"good",22.21666667,2022-11-09,"2022-11-08","2022-11-08 21:35","2022-11-09 11:47","2022-11-09 21:34",38.66180333,"black",1,"SDB","1",-73.74,45.47,"PETI",2022,11,9,8.9,-3.6,2.7,0,0,0,2022-11-09 22:13:00,2022-11-09 17:13:00
"207","end",2,68907,21,0,7.3,"59:53.1",1.03334035,0.385778819,0.70651838,0.075091133,"13:26.4",1,"good",22.21666667,2022-10-29,"2022-10-28","2022-10-28 21:50","2022-10-29 11:31","2022-10-29 21:49",24.07255,"black",1,"SDB","1",-73.74,45.47,"PETI",2022,10,29,14.4,-0.9,6.7,0,0,0,2022-10-29 22:13:00,2022-10-29 18:13:00
"208","end",3,68908,26,0,0,"59:54.7",1.151714462,0.410273177,0.853491881,0.071625118,"13:20.7",1,"good",22.21666667,2022-11-01,"2022-10-31","2022-10-31 21:46","2022-11-01 11:36","2022-11-01 21:44",28.37792667,"black",1,"SDB","1",-73.74,45.47,"PETI",2022,11,1,14.6,9.3,11.9,2.1,0,0,2022-11-01 22:13:00,2022-11-01 18:13:00
"213","end",3,68913,8,0,0,"59:58.2",1.242012848,0.48959478,0.945407968,0.089391769,"13:24.2",2,"good",22.21666667,2022-10-30,"2022-10-29","2022-10-29 21:49","2022-10-30 11:33","2022-10-30 21:47",25.52060167,"black",1,"SDB","1",-73.74,45.47,"PETI",2022,10,30,16.5,4.2,10.4,0,0,0,2022-10-30 22:13:00,2022-10-30 18:13:00
"213","end",3,68913,107,0,7.3,"59:54.4",1.499956914,0.333716857,1.04936343,0.058162317,"13:20.4",2,"good",22.21666667,2023-02-06,"2023-02-05","2023-02-05 22:08","2023-02-06 12:12","2023-02-06 22:10",3.240164999,"black",1,"SDB","1",-73.74,45.47,"PETI",2023,2,6,-2.3,-12.9,-7.6,0.2,37,0,2023-02-06 22:13:00,2023-02-06 17:13:00
"213","end",3,68913,109,0,7.3,"59:58.7",1.332232287,0.342997845,1.171621407,0.064900072,"13:32.0",2,"good",22.21666667,2023-02-08,"2023-02-07","2023-02-07 22:11","2023-02-08 12:09","2023-02-08 22:13",0.500396665,"black",1,"SDB","1",-73.74,45.47,"PETI",2023,2,8,4.3,-3,0.7,0,37,37,2023-02-08 22:13:00,2023-02-08 17:13:00
"217","end",2,68917,119,0,7.3,"59:53.8",1.007149301,0.390348164,0.984227894,0.088617987,"13:12.5",3,"good",22.21666667,2023-02-22,"2023-02-21","2023-02-21 22:31","2023-02-22 11:48","2023-02-22 22:33",-20.107995,"black",1,"SDB","1",-73.74,45.47,"PETI",2023,2,22,-6,-11.5,-8.7,0,13,38,2023-02-22 22:13:00,2023-02-22 17:13:00
"219","end",4,68919,88,7.3,0,"00:00.0",1.617536677,0.455396027,0.877216415,0.108634892,"13:11.5",3,"good",22.21666667,2023-01-26,"2023-01-25","2023-01-25 21:52","2023-01-26 12:24","2023-01-26 21:54",19.107785,"black",1,"SDB","1",-73.74,45.47,"PETI",2023,1,26,-3.7,-6.7,-5.2,4.2,34,42,2023-01-26 22:13:00,2023-01-26 17:13:00
"219","end",4,68919,91,0,7.3,"59:55.0",1.334674565,0.344673442,1.004195048,0.084365777,"13:50.2",3,"good",22.21666667,2023-01-29,"2023-01-28","2023-01-28 21:56","2023-01-29 12:21","2023-01-29 21:58",15.43747167,"black",1,"SDB","1",-73.74,45.47,"PETI",2023,1,29,-2.6,-10.6,-6.6,7.6,33,38,2023-01-29 22:13:00,2023-01-29 17:13:00
"225","end",5,68925,128,0,7.3,"00:00.0",1.36267799,0.743091033,0.719309919,0.33388268,"13:55.2",4,"good",22.21666667,2023-03-16,"2023-03-15","2023-03-15 23:01","2023-03-16 11:08","2023-03-16 23:03",-49.29742,"black",1,"SDB","1",-73.74,45.47,"PETI",2023,3,16,2.6,-0.7,0.9,0,15,34,2023-03-16 22:13:00,2023-03-16 18:13:00
"97","end",6,77874,98,0,9.7,"59:50.5",1.184022721,0.483276501,0.833348966,0.07527268,"13:38.5",5,"good",22.21666667,2024-02-05,"2024-02-04","2024-02-04 22:06","2024-02-05 12:13","2024-02-05 22:08",5.392393335,"black",1,"SDB","2",-73.74,45.47,"PETI",2024,2,5,1.5,-10.5,-4.5,6,11,0,2024-02-05 22:13:00,2024-02-05 17:13:00
"111","end",2,77888,73,9.7,9.7,"59:51.9",1.366469702,0.549875761,0.725015067,0.070304281,"13:39.9",7,"good",22.21666667,2024-01-25,"2024-01-24","2024-01-24 21:50","2024-01-25 12:25","2024-01-25 21:52",21.36565333,"black",1,"SDB","2",-73.74,45.47,"PETI",2024,1,25,1.1,-4.5,-1.7,6.5,16,0,2024-01-25 22:13:00,2024-01-25 17:13:00
"130","end",9,77905,8,9.7,9.7,"59:51.1",0.769529754,0.602426502,0.178544799,0.124716098,"13:48.6",8,"good",22.21666667,2023-10-31,"2023-10-30","2023-10-30 21:48","2023-10-31 11:34","2023-10-31 21:46",27.02726167,"black",1,"BDU","2",-73.74,45.47,"PETI",2023,10,31,4.5,-1.3,1.6,1.5,0,0,2023-10-31 22:13:00,2023-10-31 18:13:00
"627","end",2,90345,98,9.7,19.4,"59:46.8",1.289876414,0.658600522,0.804783464,0.089216716,"13:24.9",11,"good",22.21666667,2025-02-08,"2025-02-07","2025-02-07 22:12","2025-02-08 12:08","2025-02-08 22:13",-0.334913333,"black",1,"BDU","3",-73.74,45.47,"PETI",2025,2,8,-5.2,-9.8,-7.5,0.2,18,0,2025-02-08 22:13:00,2025-02-08 17:13:00
"207","end",2,68907,13,0,7.3,"59:57.1",1.170990733,0.536394866,0.600786962,0.102422528,"14:06.8",1,"good",22.23333333,2022-10-21,"2022-10-20","2022-10-20 22:03","2022-10-21 11:20","2022-10-21 22:02",12.01405333,"black",1,"SDB","1",-73.74,45.47,"PETI",2022,10,21,14.8,5.2,10,0,0,38,2022-10-21 22:14:00,2022-10-21 18:14:00
"207","end",2,68907,17,0,0,"59:58.9",0.840938293,0.485539508,0.483536848,0.100359908,"14:30.5",1,"good",22.23333333,2022-10-25,"2022-10-24","2022-10-24 21:57","2022-10-25 11:26","2022-10-25 21:55",18.94202667,"black",1,"SDB","1",-73.74,45.47,"PETI",2022,10,25,25,11.5,18.2,0,0,35,2022-10-25 22:14:00,2022-10-25 18:14:00
"208","end",3,68908,27,7.3,0,"59:54.8",0.907720984,0.491807622,0.565227855,0.096190317,"14:11.9",1,"good",22.23333333,2022-11-02,"2022-11-01","2022-11-01 21:44","2022-11-02 11:37","2022-11-02 21:43",30.64782667,"black",1,"SDB","1",-73.74,45.47,"PETI",2022,11,2,14.5,3.4,8.9,0,0,0,2022-11-02 22:14:00,2022-11-02 18:14:00
"210","end",5,68910,1,7.3,0,"59:55.4",0.917686393,0.436480798,0.469696337,0.088544454,"14:27.2",1,"good",22.23333333,2022-10-14,"2022-10-13","2022-10-13 22:15","2022-10-14 11:11","2022-10-14 22:14",0.252911667,"black",1,"SDB","1",-73.74,45.47,"PETI",2022,10,14,16.1,6,11,8.6,0,0,2022-10-14 22:14:00,2022-10-14 18:14:00
"213","end",3,68913,96,0,7.3,"59:54.3",1.553353676,0.454538062,0.800385686,0.125591205,"14:04.1",2,"good",22.23333333,2023-01-26,"2023-01-25","2023-01-25 21:52","2023-01-26 12:24","2023-01-26 21:54",19.98491833,"black",1,"SDB","1",-73.74,45.47,"PETI",2023,1,26,-3.7,-6.7,-5.2,4.2,34,42,2023-01-26 22:14:00,2023-01-26 17:14:00
"214","end",4,68914,55,7.3,7.3,"59:57.9",0.930066115,0.616011496,0.339675765,0.112179206,"14:22.3",2,"good",22.23333333,2022-11-01,"2022-10-31","2022-10-31 21:46","2022-11-01 11:36","2022-11-01 21:44",29.40520167,"black",1,"SDB","1",-73.74,45.47,"PETI",2022,11,1,14.6,9.3,11.9,2.1,0,0,2022-11-01 22:14:00,2022-11-01 18:14:00
"215","end",5,68915,2,14.6,7.3,"59:59.1",1.012701268,0.571449429,0.354116756,0.064985327,"14:30.6",2,"good",22.23333333,2022-10-27,"2022-10-26","2022-10-26 21:53","2022-10-27 11:29","2022-10-27 21:52",22.07731,"black",1,"SDB","1",-73.74,45.47,"PETI",2022,10,27,15.6,0.5,8.1,0,0,55,2022-10-27 22:14:00,2022-10-27 18:14:00
"216","end",1,68916,5,0,7.2,"59:59.0",1.004470423,0.60915521,0.407211961,0.083054662,"14:01.7",3,"good",22.23333333,2022-10-31,"2022-10-30","2022-10-30 21:47","2022-10-31 11:34","2022-10-31 21:46",27.61226833,"black",1,"SDB","1",-73.74,45.47,"PETI",2022,10,31,15.5,3.7,9.6,0,0,0,2022-10-31 22:14:00,2022-10-31 18:14:00
"220","end",5,68920,22,0,0,"59:53.1",0.505469461,0.358383369,0.10175326,0.07554185,"14:10.2",3,"good",22.23333333,2022-11-23,"2022-11-22","2022-11-22 21:21","2022-11-23 12:06","2022-11-23 21:20",53.60414167,"black",1,"SDB","1",-73.74,45.47,"PETI",2022,11,23,2.4,-4.1,-0.9,0,3,0,2022-11-23 22:14:00,2022-11-23 17:14:00
"221","end",1,68921,86,14.6,7.3,"59:54.2",0.779947422,0.543742391,0.288670331,0.052162458,"14:40.5",4,"good",22.23333333,2023-01-27,"2023-01-26","2023-01-26 21:54","2023-01-27 12:23","2023-01-27 21:55",19.15799167,"black",1,"SDB","1",-73.74,45.47,"PETI",2023,1,27,-1.5,-12.3,-6.9,0.7,32,0,2023-01-27 22:14:00,2023-01-27 17:14:00
"225","end",5,68925,88,7.3,14.6,"58:38.0",1.279842034,0.394585603,0.906931487,0.043265202,"14:15.4",4,"good",22.23333333,2023-02-04,"2023-02-03","2023-02-03 22:05","2023-02-04 12:14","2023-02-04 22:07",7.106034998,"black",1,"SDB","1",-73.74,45.47,"PETI",2023,2,4,-14.1,-29.1,-21.6,0.2,37,36,2023-02-04 22:14:00,2023-02-04 17:14:00
"109","end",10,77886,83,9.7,0,"59:54.6",0.999776954,0.496791933,0.526365927,0.077667505,"14:40.7",6,"good",22.23333333,2024-02-01,"2024-01-31","2024-01-31 22:00","2024-02-01 12:18","2024-02-01 22:02",12.29460167,"black",1,"BDU","2",-73.74,45.47,"PETI",2024,2,1,2.9,0.5,1.7,1.3,12,32,2024-02-01 22:14:00,2024-02-01 17:14:00
"121","end",2,77898,7,0,9.7,"59:51.7",0.84933445,0.470379313,0.496633131,0.057531158,"14:37.7",8,"good",22.23333333,2023-10-24,"2023-10-23","2023-10-23 21:59","2023-10-24 11:24","2023-10-24 21:57",17.04582167,"black",1,"BDU","2",-73.74,45.47,"PETI",2023,10,24,11.5,4.4,8,4.6,0,0,2023-10-24 22:14:00,2023-10-24 18:14:00
"121","end",2,77898,102,9.7,9.7,"41:49.1",1.404569558,0.612236692,0.907835996,0.066376388,"14:12.3",8,"good",22.23333333,2024-01-27,"2024-01-26","2024-01-26 21:53","2024-01-27 12:24","2024-01-27 21:55",19.05534,"black",1,"BDU","2",-73.74,45.47,"PETI",2024,1,27,4.1,-0.9,1.6,2.4,14,0,2024-01-27 22:14:00,2024-01-27 17:14:00
"121","end",2,77898,111,19.41,0,"59:57.5",1.285161683,0.672948957,0.661783071,0.096363242,"14:43.1",8,"good",22.23333333,2024-02-05,"2024-02-04","2024-02-04 22:06","2024-02-05 12:13","2024-02-05 22:08",6.468481668,"black",1,"BDU","2",-73.74,45.47,"PETI",2024,2,5,1.5,-10.5,-4.5,6,11,0,2024-02-05 22:14:00,2024-02-05 17:14:00
"608","end",3,90326,106,0,9.7,"59:56.7",0.949621267,0.480955325,0.740960169,0.068408752,"14:33.3",9,"good",22.23333333,2025-02-05,"2025-02-04","2025-02-04 22:07","2025-02-05 12:12","2025-02-05 22:09",5.222090002,"black",1,"BDU","3",-73.74,45.47,"PETI",2025,2,5,-12.7,-18.7,-15.7,0.3,14,32,2025-02-05 22:14:00,2025-02-05 17:14:00
"617","end",2,90335,109,0,9.7,"59:55.0",0.981658944,0.418078002,0.859761872,0.070471234,"14:51.2",10,"good",22.23333333,2025-02-10,"2025-02-09","2025-02-09 22:15","2025-02-10 12:06","2025-02-10 22:16",-1.829896669,"black",1,"BDU","3",-73.74,45.47,"PETI",2025,2,10,-6,-11.1,-8.6,0,21,0,2025-02-10 22:14:00,2025-02-10 17:14:00
"627","end",2,90345,112,0,0,"59:57.6",1.079454901,0.648215294,0.588204169,0.098915801,"14:14.6",11,"good",22.23333333,2025-02-22,"2025-02-21","2025-02-21 22:32","2025-02-22 11:47","2025-02-22 22:34",-19.75738,"black",1,"BDU","3",-73.74,45.47,"PETI",2025,2,22,-1.7,-14.5,-8.1,0,27,0,2025-02-22 22:14:00,2025-02-22 17:14:00
"627","end",2,90345,114,9.7,0,"59:54.6",0.798524987,0.469702701,0.4604863,0.083292058,"14:01.9",11,"good",22.23333333,2025-02-24,"2025-02-23","2025-02-23 22:35","2025-02-24 11:44","2025-02-24 22:36",-22.80201333,"black",1,"BDU","3",-73.74,45.47,"PETI",2025,2,24,6.8,-4.4,1.2,0,26,44,2025-02-24 22:14:00,2025-02-24 17:14:00
"635","end",10,90353,86,0,9.7,"59:52.8",0.649916879,0.546816117,0.214951426,0.084449397,"14:58.2",11,"good",22.23333333,2025-02-06,"2025-02-05","2025-02-05 22:09","2025-02-06 12:11","2025-02-06 22:10",4.169538335,"black",1,"BDU","3",-73.74,45.47,"PETI",2025,2,6,0.9,-17.8,-8.4,5.5,14,48,2025-02-06 22:14:00,2025-02-06 17:14:00
"206","end",1,68906,17,0,0,"59:56.9",0.905045009,0.541623988,0.489166452,0.104924818,"15:12.5",1,"good",22.25,2022-10-28,"2022-10-27","2022-10-27 21:52","2022-10-28 11:30","2022-10-28 21:50",24.32481167,"black",1,"SDB","1",-73.74,45.47,"PETI",2022,10,28,9.3,-1.2,4,0,0,0,2022-10-28 22:15:00,2022-10-28 18:15:00
"207","end",2,68907,16,0,0,"59:58.5",1.239857039,0.448483303,0.895661738,0.093332195,"15:43.1",1,"good",22.25,2022-10-24,"2022-10-23","2022-10-23 21:58","2022-10-24 11:25","2022-10-24 21:57",18.550975,"black",1,"SDB","1",-73.74,45.47,"PETI",2022,10,24,20,9.2,14.6,0,0,0,2022-10-24 22:15:00,2022-10-24 18:15:00
"207","end",2,68907,126,0,7.3,"59:53.6",1.052660804,0.505469362,0.768384561,0.19529888,"15:16.4",1,"good",22.25,2023-02-11,"2023-02-10","2023-02-10 22:15","2023-02-11 12:05","2023-02-11 22:17",-2.160613334,"black",1,"SDB","1",-73.74,45.47,"PETI",2023,2,11,-0.5,-7.6,-4.1,0.5,28,38,2023-02-11 22:15:00,2023-02-11 17:15:00
"208","end",3,68908,23,0,7.3,"59:54.8",1.044861937,0.423467041,0.84034882,0.094001333,"15:32.2",1,"good",22.25,2022-10-29,"2022-10-28","2022-10-28 21:50","2022-10-29 11:31","2022-10-29 21:49",26.16928,"black",1,"SDB","1",-73.74,45.47,"PETI",2022,10,29,14.4,-0.9,6.7,0,0,0,2022-10-29 22:15:00,2022-10-29 18:15:00
"211","end",1,68911,6,7.2,0.1,"59:55.3",0.897332085,0.681374592,0.307032628,0.10097573,"15:39.9",2,"good",22.25,2022-10-22,"2022-10-21","2022-10-21 22:02","2022-10-22 11:22","2022-10-22 22:00",15.232355,"black",1,"SDB","1",-73.74,45.47,"PETI",2022,10,22,22,5,13.5,0,0,0,2022-10-22 22:15:00,2022-10-22 18:15:00
"212","end",2,68912,5,7.3,0,"59:53.2",1.237483733,0.580187426,0.734620827,0.071037253,"15:45.1",2,"good",22.25,2022-10-28,"2022-10-27","2022-10-27 21:52","2022-10-28 11:30","2022-10-28 21:50",24.86865,"black",1,"SDB","1",-73.74,45.47,"PETI",2022,10,28,9.3,-1.2,4,0,0,0,2022-10-28 22:15:00,2022-10-28 18:15:00
"213","end",3,68913,1,0,7.3,"59:54.1",0.944961378,0.472593735,0.580819707,0.090944582,"15:53.4",2,"good",22.25,2022-10-23,"2022-10-22","2022-10-22 22:00","2022-10-23 11:23","2022-10-23 21:58",17.09044667,"black",1,"SDB","1",-73.74,45.47,"PETI",2022,10,23,20.9,5.8,13.3,0.2,0,0,2022-10-23 22:15:00,2022-10-23 18:15:00
"104","end",5,77881,224,9.7,9.7,"59:56.3",0.521862983,0.426516132,0.095167956,0.060515674,"15:21.0",6,"good",22.25,2024-06-15,"2024-06-14","2024-06-15 0:46","2024-06-15 9:08","2024-06-16 0:47",-151.9830333,"black",1,"SDB","2",-73.74,45.47,"PETI",2024,6,15,20.2,9.5,14.8,0.3,0,39,2024-06-15 22:15:00,2024-06-15 18:15:00
"109","end",10,77886,84,0,9.7,"59:51.5",0.818421614,0.459143549,0.399096261,0.0692275,"15:55.2",6,"good",22.25,2024-02-02,"2024-02-01","2024-02-01 22:02","2024-02-02 12:17","2024-02-02 22:03",12.06964333,"black",1,"BDU","2",-73.74,45.47,"PETI",2024,2,2,0.8,-4.7,-1.9,0.7,12,0,2024-02-02 22:15:00,2024-02-02 17:15:00
"608","end",3,90326,105,0,9.7,"59:51.7",1.014661827,0.420272897,0.774757038,0.07829253,"15:07.3",9,"good",22.25,2025-02-04,"2025-02-03","2025-02-03 22:06","2025-02-04 12:14","2025-02-04 22:07",7.254179998,"black",1,"BDU","3",-73.74,45.47,"PETI",2025,2,4,-3.9,-14.5,-9.2,0,19,44,2025-02-04 22:15:00,2025-02-04 17:15:00
"617","end",2,90335,100,0,9.69,"59:53.3",0.945868436,0.268588269,0.81527022,0.029366353,"15:09.0",10,"good",22.25,2025-02-01,"2025-01-31","2025-01-31 22:02","2025-02-01 12:17","2025-02-01 22:03",11.68329833,"black",1,"BDU","3",-73.74,45.47,"PETI",2025,2,1,-8.6,-19.4,-14,0,13,43,2025-02-01 22:15:00,2025-02-01 17:15:00
"617","end",2,90335,112,0,9.7,"59:55.5",0.930883382,0.494824786,0.801111911,0.092081838,"15:20.8",10,"good",22.25,2025-02-13,"2025-02-12","2025-02-12 22:19","2025-02-13 12:01","2025-02-13 22:21",-5.719201668,"black",1,"BDU","3",-73.74,45.47,"PETI",2025,2,13,-2.9,-11.8,-7.4,22.1,23,60,2025-02-13 22:15:00,2025-02-13 17:15:00
"631","end",6,90349,81,0,9.7,"59:52.9",1.219589236,0.401199126,0.849910151,0.075275561,"15:08.4",11,"good",22.25,2025-01-31,"2025-01-30","2025-01-30 22:00","2025-01-31 12:18","2025-01-31 22:02",13.14078333,"black",1,"BDU","3",-73.74,45.47,"PETI",2025,1,31,-2.5,-11.6,-7,0.2,15,43,2025-01-31 22:15:00,2025-01-31 17:15:00
"634","end",9,90352,74,9.7,9.7,"59:51.6",0.631986414,0.473610821,0.140960368,0.042979565,"15:36.2",11,"good",22.25,2025-01-25,"2025-01-24","2025-01-24 21:51","2025-01-25 12:25","2025-01-25 21:53",22.25405167,"black",1,"NDG","3",-73.74,45.47,"PETI",2025,1,25,-3.4,-19.9,-11.6,0.4,6,41,2025-01-25 22:15:00,2025-01-25 17:15:00
"206","end",1,68906,13,0,7.2,"59:59.6",1.161190045,0.504908196,0.687985468,0.108044517,"16:57.5",1,"good",22.26666667,2022-10-24,"2022-10-23","2022-10-23 21:58","2022-10-24 11:25","2022-10-24 21:57",19.79118667,"black",1,"SDB","1",-73.74,45.47,"PETI",2022,10,24,20,9.2,14.6,0,0,0,2022-10-24 22:16:00,2022-10-24 18:16:00
"206","end",1,68906,18,0,0,"59:54.3",0.770882384,0.503211816,0.326763376,0.098474145,"16:44.8",1,"good",22.26666667,2022-10-29,"2022-10-28","2022-10-28 21:50","2022-10-29 11:31","2022-10-29 21:49",27.37982666,"black",1,"SDB","1",-73.74,45.47,"PETI",2022,10,29,14.4,-0.9,6.7,0,0,0,2022-10-29 22:16:00,2022-10-29 18:16:00
"207","end",2,68907,121,7.3,0,"59:59.9",1.637079475,0.490832734,1.101249401,0.113203346,"16:13.7",1,"good",22.26666667,2023-02-06,"2023-02-05","2023-02-05 22:08","2023-02-06 12:12","2023-02-06 22:10",6.128969999,"black",1,"SDB","1",-73.74,45.47,"PETI",2023,2,6,-2.3,-12.9,-7.6,0.2,37,0,2023-02-06 22:16:00,2023-02-06 17:16:00
"207","end",2,68907,129,0,0,"59:54.3",0.980077492,0.427695048,0.699084926,0.077863036,"16:37.3",1,"good",22.26666667,2023-02-14,"2023-02-13","2023-02-13 22:20","2023-02-14 12:00","2023-02-14 22:21",-5.194959998,"black",1,"SDB","1",-73.74,45.47,"PETI",2023,2,14,5.2,-2,1.6,0,25,33,2023-02-14 22:16:00,2023-02-14 17:16:00
"208","end",3,68908,20,0,7.3,"59:54.9",1.10702292,0.540700445,0.592634635,0.127886759,"16:52.6",1,"good",22.26666667,2022-10-26,"2022-10-25","2022-10-25 21:55","2022-10-26 11:27","2022-10-26 21:53",22.89286333,"black",1,"SDB","1",-73.74,45.47,"PETI",2022,10,26,24.2,14.9,19.5,3,0,44,2022-10-26 22:16:00,2022-10-26 18:16:00
"209","end",4,68909,19,7.25,0.05,"59:56.3",1.061667865,0.58930232,0.41850418,0.091108924,"16:02.9",1,"good",22.26666667,2022-11-01,"2022-10-31","2022-10-31 21:46","2022-11-01 11:36","2022-11-01 21:44",31.081125,"black",1,"SDB","1",-73.74,45.47,"PETI",2022,11,1,14.6,9.3,11.9,2.1,0,0,2022-11-01 22:16:00,2022-11-01 18:16:00
"212","end",2,68912,4,7.3,7.3,"59:23.8",1.153229329,0.587429712,0.478678161,0.084539954,"16:50.6",2,"good",22.26666667,2022-10-27,"2022-10-26","2022-10-26 21:53","2022-10-27 11:29","2022-10-27 21:52",24.41002667,"black",1,"SDB","1",-73.74,45.47,"PETI",2022,10,27,15.6,0.5,8.1,0,0,55,2022-10-27 22:16:00,2022-10-27 18:16:00
"212","end",2,68912,114,0,0,"59:55.9",0.856955366,0.390594794,0.551582241,0.093738719,"16:02.4",2,"good",22.26666667,2023-02-14,"2023-02-13","2023-02-13 22:20","2023-02-14 12:00","2023-02-14 22:21",-5.776843333,"black",1,"SDB","1",-73.74,45.47,"PETI",2023,2,14,5.2,-2,1.6,0,25,33,2023-02-14 22:16:00,2023-02-14 17:16:00
"213","end",3,68913,5,0,7.3,"59:55.5",1.463660267,0.538099718,0.947175609,0.08745484,"16:45.9",2,"good",22.26666667,2022-10-27,"2022-10-26","2022-10-26 21:53","2022-10-27 11:29","2022-10-27 21:52",24.33161167,"black",1,"SDB","1",-73.74,45.47,"PETI",2022,10,27,15.6,0.5,8.1,0,0,55,2022-10-27 22:16:00,2022-10-27 18:16:00
"214","end",4,68914,48,7.3,0,"59:54.1",0.882217099,0.601287945,0.338966753,0.139679962,"16:15.2",2,"good",22.26666667,2022-10-25,"2022-10-24","2022-10-24 21:57","2022-10-25 11:26","2022-10-25 21:55",20.68743833,"black",1,"SDB","1",-73.74,45.47,"PETI",2022,10,25,25,11.5,18.2,0,0,35,2022-10-25 22:16:00,2022-10-25 18:16:00
"217","end",2,68917,122,0,7.3,"59:59.3",0.997020623,0.403402788,0.709938419,0.062187713,"16:49.7",3,"good",22.26666667,2023-02-25,"2023-02-24","2023-02-24 22:36","2023-02-25 11:43","2023-02-25 22:37",-20.72224,"black",1,"SDB","1",-73.74,45.47,"PETI",2023,2,25,-12.3,-20,-16.2,0.9,15,0,2023-02-25 22:16:00,2023-02-25 17:16:00
"219","end",4,68919,90,0,0,"59:56.6",1.424962991,0.489697153,0.985483787,0.117607485,"16:10.6",3,"good",22.26666667,2023-01-28,"2023-01-27","2023-01-27 21:55","2023-01-28 12:22","2023-01-28 21:56",19.22602333,"black",1,"SDB","1",-73.74,45.47,"PETI",2023,1,28,3,-4,-0.5,1,34,57,2023-01-28 22:16:00,2023-01-28 17:16:00
"97","end",6,77874,89,0,9.7,"59:53.4",1.432350254,0.591476582,0.769480402,0.081261247,"16:06.9",5,"good",22.26666667,2024-01-27,"2024-01-26","2024-01-26 21:53","2024-01-27 12:24","2024-01-27 21:55",20.965375,"black",1,"SDB","2",-73.74,45.47,"PETI",2024,1,27,4.1,-0.9,1.6,2.4,14,0,2024-01-27 22:16:00,2024-01-27 17:16:00
"104","end",5,77881,265,9.7,9.7,"59:53.7",0.486547204,0.361246231,0.080324073,0.045729537,"16:26.5",6,"good",22.26666667,2024-07-26,"2024-07-25","2024-07-26 0:33","2024-07-26 9:34","2024-07-27 0:32",-135.724355,"black",1,"SDB","2",-73.74,45.47,"PETI",2024,7,26,27.4,16,21.7,0,0,40,2024-07-26 22:16:00,2024-07-26 18:16:00
"109","end",10,77886,76,9.6,0.1,"59:57.0",0.62939183,0.548777365,0.117323916,0.062031904,"16:29.6",6,"good",22.26666667,2024-01-25,"2024-01-24","2024-01-24 21:50","2024-01-25 12:25","2024-01-25 21:52",24.19389667,"black",1,"BDU","2",-73.74,45.47,"PETI",2024,1,25,1.1,-4.5,-1.7,6.5,16,0,2024-01-25 22:16:00,2024-01-25 17:16:00
"121","end",2,77898,6,9.7,0,"59:54.2",0.9688974,0.492525889,0.556463142,0.078376756,"16:46.3",8,"good",22.26666667,2023-10-23,"2023-10-22","2023-10-22 22:00","2023-10-23 11:23","2023-10-23 21:59",17.554855,"black",1,"BDU","2",-73.74,45.47,"PETI",2023,10,23,10.2,4.7,7.5,1.4,0,0,2023-10-23 22:16:00,2023-10-23 18:16:00
"121","end",2,77898,8,0,9.7,"59:59.0",0.655926214,0.556740375,0.267421123,0.08297589,"16:12.3",8,"good",22.26666667,2023-10-25,"2023-10-24","2023-10-24 21:57","2023-10-25 11:26","2023-10-25 21:55",20.221885,"black",1,"BDU","2",-73.74,45.47,"PETI",2023,10,25,19.5,10.3,14.9,3.3,0,40,2023-10-25 22:16:00,2023-10-25 18:16:00
"125","end",5,77901,2,0.1,9.6,"00:00.0",0.897596017,0.571381603,0.389649796,0.107838023,"16:42.6",8,"good",22.26666667,2023-10-20,"2023-10-19","2023-10-19 22:05","2023-10-20 11:19","2023-10-20 22:04",12.49320333,"black",1,"SDB","2",-73.74,45.47,"PETI",2023,10,20,19,11.9,15.5,0,0,46,2023-10-20 22:16:00,2023-10-20 18:16:00
"125","end",5,77901,4,0,9.6,"59:52.2",0.997788168,0.623832654,0.457504542,0.118550357,"16:05.6",8,"good",22.26666667,2023-10-22,"2023-10-21","2023-10-21 22:02","2023-10-22 11:21","2023-10-22 22:00",15.226895,"black",1,"SDB","2",-73.74,45.47,"PETI",2023,10,22,8.9,6,7.4,8.4,0,41,2023-10-22 22:16:00,2023-10-22 18:16:00
"608","end",3,90326,112,0,0,"59:57.6",0.997502845,0.493372918,0.838882673,0.073172878,"16:11.2",9,"good",22.26666667,2025-02-11,"2025-02-10","2025-02-10 22:16","2025-02-11 12:04","2025-02-11 22:18",-1.946063332,"black",1,"BDU","3",-73.74,45.47,"PETI",2025,2,11,-3.6,-12.5,-8,0,20,48,2025-02-11 22:16:00,2025-02-11 17:16:00
"610","end",5,90328,5,9.7,9.7,"59:55.6",0.946260205,0.569916981,0.493301137,0.080027291,"16:38.0",9,"good",22.26666667,2024-10-19,"2024-10-18","2024-10-18 22:06","2024-10-19 11:18","2024-10-19 22:04",11.98337667,"black",1,"NDG","3",-73.74,45.47,"PETI",2024,10,19,18.4,6.7,12.5,3.1,0,0,2024-10-19 22:16:00,2024-10-19 18:16:00
"617","end",2,90335,107,0,0,"59:54.6",1.143308187,0.410987983,0.858727089,0.067677505,"16:56.8",10,"good",22.26666667,2025-02-08,"2025-02-07","2025-02-07 22:12","2025-02-08 12:08","2025-02-08 22:13",3.197224998,"black",1,"BDU","3",-73.74,45.47,"PETI",2025,2,8,-5.2,-9.8,-7.5,0.2,18,0,2025-02-08 22:16:00,2025-02-08 17:16:00
"623","end",7,90341,7,9.7,9.7,"59:52.2",0.743886153,0.611479698,0.182419413,0.0758225,"16:25.0",10,"good",22.26666667,2024-11-06,"2024-11-05","2024-11-05 21:38","2024-11-06 11:43","2024-11-06 21:37",38.91609,"black",1,"BDU","3",-73.74,45.47,"PETI",2024,11,6,21.7,11,16.4,0,0,57,2024-11-06 22:16:00,2024-11-06 17:16:00
"635","end",10,90353,81,9.71,0,"59:52.6",0.699259956,0.599073092,0.271353687,0.094636589,"16:35.1",11,"good",22.26666667,2025-02-01,"2025-01-31","2025-01-31 22:02","2025-02-01 12:17","2025-02-01 22:03",13.11895667,"black",1,"BDU","3",-73.74,45.47,"PETI",2025,2,1,-8.6,-19.4,-14,0,13,43,2025-02-01 22:16:00,2025-02-01 17:16:00
"208","end",3,68908,21,7.3,0,"59:54.9",1.216541063,0.538648985,0.885376489,0.127310276,"17:58.2",1,"good",22.28333333,2022-10-27,"2022-10-26","2022-10-26 21:53","2022-10-27 11:29","2022-10-27 21:52",25.53745333,"black",1,"SDB","1",-73.74,45.47,"PETI",2022,10,27,15.6,0.5,8.1,0,0,55,2022-10-27 22:17:00,2022-10-27 18:17:00
"209","end",4,68909,15,7.3,36.5,"54:59.4",1.219157626,0.751007799,0.503403206,0.134482511,"17:54.8",1,"good",22.28333333,2022-10-28,"2022-10-27","2022-10-27 21:52","2022-10-28 11:30","2022-10-28 21:50",27.02951334,"black",1,"SDB","1",-73.74,45.47,"PETI",2022,10,28,9.3,-1.2,4,0,0,0,2022-10-28 22:17:00,2022-10-28 18:17:00
"212","end",2,68912,106,7.3,0,"59:53.5",1.715151139,0.320627019,1.056964282,0.0932415,"17:34.9",2,"good",22.28333333,2023-02-06,"2023-02-05","2023-02-05 22:08","2023-02-06 12:12","2023-02-06 22:10",7.481508334,"black",1,"SDB","1",-73.74,45.47,"PETI",2023,2,6,-2.3,-12.9,-7.6,0.2,37,0,2023-02-06 22:17:00,2023-02-06 17:17:00
"217","end",2,68917,6,0,7.3,"59:56.8",1.105529851,0.421787171,0.783291611,0.092456048,"17:01.7",3,"good",22.28333333,2022-11-01,"2022-10-31","2022-10-31 21:46","2022-11-01 11:36","2022-11-01 21:44",32.06214667,"black",1,"SDB","1",-73.74,45.47,"PETI",2022,11,1,14.6,9.3,11.9,2.1,0,0,2022-11-01 22:17:00,2022-11-01 18:17:00
"217","end",2,68917,118,7.3,0,"59:54.5",0.992975926,0.376802999,0.882402992,0.084116306,"17:06.7",3,"good",22.28333333,2023-02-21,"2023-02-20","2023-02-20 22:30","2023-02-21 11:49","2023-02-21 22:31",-14.787695,"black",1,"SDB","1",-73.74,45.47,"PETI",2023,2,21,-5.1,-14,-9.6,0.7,13,33,2023-02-21 22:17:00,2023-02-21 17:17:00
"217","end",2,68917,124,0,7.3,"59:58.0",1.020149238,0.637590979,0.796876581,0.114310687,"17:32.1",3,"good",22.28333333,2023-02-27,"2023-02-26","2023-02-26 22:38","2023-02-27 11:39","2023-02-27 22:40",-22.81422,"black",1,"SDB","1",-73.74,45.47,"PETI",2023,2,27,-5,-16.2,-10.6,0,16,0,2023-02-27 22:17:00,2023-02-27 17:17:00
"224","end",4,68924,95,0,7.3,"59:53.8",1.335882935,0.484258562,0.949873426,0.084015886,"17:35.2",4,"good",22.28333333,2023-02-06,"2023-02-05","2023-02-05 22:08","2023-02-06 12:12","2023-02-06 22:10",7.487290001,"black",1,"SDB","1",-73.74,45.47,"PETI",2023,2,6,-2.3,-12.9,-7.6,0.2,37,0,2023-02-06 22:17:00,2023-02-06 17:17:00
"124","end",4,77900,116,9.7,9.7,"55:23.2",1.16146933,0.688360172,0.536138218,0.114732649,"17:54.9",8,"good",22.28333333,2024-02-11,"2024-02-10","2024-02-10 22:15","2024-02-11 12:05","2024-02-11 22:17",0.864831666,"black",1,"SDB","2",-73.74,45.47,"PETI",2024,2,11,3.8,1.5,2.7,0,2,37,2024-02-11 22:17:00,2024-02-11 17:17:00
"608","end",3,90326,107,0,9.7,"59:52.2",1.037186918,0.372820935,0.84780899,0.051905374,"17:03.8",9,"good",22.28333333,2025-02-06,"2025-02-05","2025-02-05 22:09","2025-02-06 12:11","2025-02-06 22:10",6.263025002,"black",1,"BDU","3",-73.74,45.47,"PETI",2025,2,6,0.9,-17.8,-8.4,5.5,14,48,2025-02-06 22:17:00,2025-02-06 17:17:00
"610","end",5,90328,2,9.7,0,"59:53.8",0.663349972,0.461907674,0.208488768,0.107951371,"17:05.4",9,"good",22.28333333,2024-10-16,"2024-10-15","2024-10-15 22:11","2024-10-16 11:14","2024-10-16 22:09",7.272766666,"black",1,"NDG","3",-73.74,45.47,"PETI",2024,10,16,10.4,3,6.7,3,0,35,2024-10-16 22:17:00,2024-10-16 18:17:00
"635","end",10,90353,83,0,9.69,"59:54.7",0.573487558,0.467786004,0.180110074,0.075724401,"17:45.0",11,"good",22.28333333,2025-02-03,"2025-02-02","2025-02-02 22:04","2025-02-03 12:15","2025-02-03 22:06",11.34943667,"black",1,"BDU","3",-73.74,45.47,"PETI",2025,2,3,-0.2,-12.1,-6.1,5.5,15,32,2025-02-03 22:17:00,2025-02-03 17:17:00
"207","end",2,68907,127,7.3,0,"59:53.8",0.943208637,0.528433532,0.757360426,0.096789065,"18:04.4",1,"good",22.3,2023-02-12,"2023-02-11","2023-02-11 22:17","2023-02-12 12:03","2023-02-12 22:18",-0.82603,"black",1,"SDB","1",-73.74,45.47,"PETI",2023,2,12,1.8,-5.2,-1.7,0,27,0,2023-02-12 22:18:00,2023-02-12 17:18:00
"208","end",3,68908,22,0,0,"59:54.9",0.993845768,0.453001994,0.652494627,0.100245343,"18:42.0",1,"good",22.3,2022-10-28,"2022-10-27","2022-10-27 21:52","2022-10-28 11:30","2022-10-28 21:50",27.81651667,"black",1,"SDB","1",-73.74,45.47,"PETI",2022,10,28,9.3,-1.2,4,0,0,0,2022-10-28 22:18:00,2022-10-28 18:18:00
"210","end",5,68910,10,0,7.3,"59:58.8",1.078984482,0.602792844,0.732005974,0.116300643,"18:31.4",1,"good",22.3,2022-10-23,"2022-10-22","2022-10-22 22:00","2022-10-23 11:23","2022-10-23 21:58",19.72267167,"black",1,"SDB","1",-73.74,45.47,"PETI",2022,10,23,20.9,5.8,13.3,0.2,0,0,2022-10-23 22:18:00,2022-10-23 18:18:00
"210","end",5,68910,13,0,7.3,"59:55.2",1.001683049,0.519780013,0.564006528,0.10039789,"18:42.4",1,"good",22.3,2022-10-26,"2022-10-25","2022-10-25 21:55","2022-10-26 11:27","2022-10-26 21:53",24.723345,"black",1,"SDB","1",-73.74,45.47,"PETI",2022,10,26,24.2,14.9,19.5,3,0,44,2022-10-26 22:18:00,2022-10-26 18:18:00
"213","end",3,68913,105,0,7.3,"59:57.2",1.108718107,0.376320011,0.810178789,0.06184425,"18:15.2",2,"good",22.3,2023-02-04,"2023-02-03","2023-02-03 22:05","2023-02-04 12:14","2023-02-04 22:07",11.102915,"black",1,"SDB","1",-73.74,45.47,"PETI",2023,2,4,-14.1,-29.1,-21.6,0.2,37,36,2023-02-04 22:18:00,2023-02-04 17:18:00
"217","end",2,68917,112,0,0,"59:58.5",0.929903943,0.366090721,0.803108199,0.084487807,"18:01.8",3,"good",22.3,2023-02-15,"2023-02-14","2023-02-14 22:21","2023-02-15 11:59","2023-02-15 22:23",-5.236398335,"black",1,"SDB","1",-73.74,45.47,"PETI",2023,2,15,9.5,-1.1,4.2,2.6,25,52,2023-02-15 22:18:00,2023-02-15 17:18:00
"220","end",5,68920,11,7.3,14.6,"59:53.6",1.110238076,0.485036165,0.609414622,0.100498436,"18:18.8",3,"good",22.3,2022-11-12,"2022-11-11","2022-11-11 21:31","2022-11-12 11:51","2022-11-12 21:30",47.464095,"black",1,"SDB","1",-73.74,45.47,"PETI",2022,11,12,14.8,6.8,10.8,26.6,0,44,2022-11-12 22:18:00,2022-11-12 17:18:00
"221","end",1,68921,94,7.3,14.6,"59:56.1",1.152911995,0.585667527,0.526808933,0.099970913,"17:59.5",4,"good",22.3,2023-02-04,"2023-02-03","2023-02-03 22:05","2023-02-04 12:14","2023-02-04 22:07",10.84103167,"black",1,"SDB","1",-73.74,45.47,"PETI",2023,2,4,-14.1,-29.1,-21.6,0.2,37,36,2023-02-04 22:18:00,2023-02-04 17:18:00
"222","end",2,68922,88,14.6,7.3,"59:55.1",0.919006427,0.727843409,0.243280409,0.108617373,"18:42.4",4,"good",22.3,2023-01-29,"2023-01-28","2023-01-28 21:56","2023-01-29 12:21","2023-01-29 21:58",20.30591667,"black",1,"SDB","1",-73.74,45.47,"PETI",2023,1,29,-2.6,-10.6,-6.6,7.6,33,38,2023-01-29 22:18:00,2023-01-29 17:18:00
"109","end",10,77886,80,0,9.7,"59:54.2",0.993279571,0.467864118,0.415714897,0.101001788,"18:13.7",6,"good",22.3,2024-01-29,"2024-01-28","2024-01-28 21:56","2024-01-29 12:21","2024-01-29 21:58",20.21167334,"black",1,"BDU","2",-73.74,45.47,"PETI",2024,1,29,0.2,-4.2,-2,0,12,0,2024-01-29 22:18:00,2024-01-29 17:18:00
"124","end",4,77900,110,9.7,9.7,"59:56.8",1.163554009,0.589820714,0.702263845,0.080064014,"18:16.3",8,"good",22.3,2024-02-05,"2024-02-04","2024-02-04 22:06","2024-02-05 12:13","2024-02-05 22:08",10.02131833,"black",1,"SDB","2",-73.74,45.47,"PETI",2024,2,5,1.5,-10.5,-4.5,6,11,0,2024-02-05 22:18:00,2024-02-05 17:18:00
"129","end",8,77904,12,0,0,"59:53.7",0.422230803,0.334023299,0.054119421,0.039221959,"18:22.9",8,"good",22.3,2023-11-03,"2023-11-02","2023-11-02 21:43","2023-11-03 11:38","2023-11-03 21:42",35.88245333,"black",1,"BDU","2",-73.74,45.47,"PETI",2023,11,3,13.5,4.6,9.1,1.1,0,49,2023-11-03 22:18:00,2023-11-03 18:18:00
"608","end",3,90326,119,0,9.69,"59:53.8",0.883067685,0.500952314,0.535344286,0.117775698,"18:22.8",9,"good",22.3,2025-02-18,"2025-02-17","2025-02-17 22:26","2025-02-18 11:53","2025-02-18 22:28",-9.920036666,"black",1,"BDU","3",-73.74,45.47,"PETI",2025,2,18,-12.7,-15.3,-14,0,27,48,2025-02-18 22:18:00,2025-02-18 17:18:00
"627","end",2,90345,102,9.7,9.7,"59:51.6",0.968878883,0.557047025,0.548615706,0.088995627,"18:49.8",11,"good",22.3,2025-02-12,"2025-02-11","2025-02-11 22:18","2025-02-12 12:03","2025-02-12 22:19",-0.770413335,"black",1,"BDU","3",-73.74,45.47,"PETI",2025,2,12,-10.6,-16.8,-13.7,0,17,37,2025-02-12 22:18:00,2025-02-12 17:18:00
"627","end",2,90345,121,0,9.7,"59:50.4",1.005435033,0.63208845,0.603112412,0.109070659,"18:29.3",11,"good",22.3,2025-03-03,"2025-03-02","2025-03-02 22:45","2025-03-03 11:31","2025-03-03 22:46",-28.029155,"black",1,"BDU","3",-73.74,45.47,"PETI",2025,3,3,-5.1,-21.7,-13.4,0,20,0,2025-03-03 22:18:00,2025-03-03 17:18:00
"631","end",6,90349,88,0,0,"59:55.1",1.153450889,0.611084812,0.786458621,0.084026435,"18:05.2",11,"good",22.3,2025-02-07,"2025-02-06","2025-02-06 22:10","2025-02-07 12:10","2025-02-07 22:12",5.820618331,"black",1,"BDU","3",-73.74,45.47,"PETI",2025,2,7,0.4,-8.5,-4,1.4,22,60,2025-02-07 22:18:00,2025-02-07 17:18:00
"207","end",2,68907,9,7.3,0,"59:55.5",1.368149215,0.619107649,0.89090888,0.165627572,"19:04.5",1,"good",22.31666667,2022-10-17,"2022-10-16","2022-10-16 22:10","2022-10-17 11:15","2022-10-17 22:08",10.15791334,"black",1,"SDB","1",-73.74,45.47,"PETI",2022,10,17,15.4,8.2,11.8,2.2,0,44,2022-10-17 22:19:00,2022-10-17 18:19:00
"208","end",3,68908,18,0,7.3,"59:54.8",1.193622709,0.457943248,0.771063223,0.080890823,"19:54.9",1,"good",22.31666667,2022-10-24,"2022-10-23","2022-10-23 21:58","2022-10-24 11:25","2022-10-24 21:57",22.74874167,"black",1,"SDB","1",-73.74,45.47,"PETI",2022,10,24,20,9.2,14.6,0,0,0,2022-10-24 22:19:00,2022-10-24 18:19:00
"208","end",3,68908,29,0,7.3,"59:55.1",1.016418819,0.379734521,0.62779999,0.0798042,"19:33.3",1,"good",22.31666667,2022-11-04,"2022-11-03","2022-11-03 21:42","2022-11-04 11:40","2022-11-04 21:40",38.77150667,"black",1,"SDB","1",-73.74,45.47,"PETI",2022,11,4,20.5,6.9,13.7,0,0,0,2022-11-04 22:19:00,2022-11-04 18:19:00
"210","end",5,68910,6,0,0,"59:56.4",0.976015298,0.470946997,0.57811441,0.102761468,"19:56.6",1,"good",22.31666667,2022-10-19,"2022-10-18","2022-10-18 22:07","2022-10-19 11:18","2022-10-19 22:05",14.47674667,"black",1,"SDB","1",-73.74,45.47,"PETI",2022,10,19,10.5,1.1,5.8,0,0,40,2022-10-19 22:19:00,2022-10-19 18:19:00
"210","end",5,68910,11,0,7.3,"59:57.6",1.223009374,0.473652238,0.823382929,0.082364069,"19:35.9",1,"good",22.31666667,2022-10-24,"2022-10-23","2022-10-23 21:58","2022-10-24 11:25","2022-10-24 21:57",22.430955,"black",1,"SDB","1",-73.74,45.47,"PETI",2022,10,24,20,9.2,14.6,0,0,0,2022-10-24 22:19:00,2022-10-24 18:19:00
"210","end",5,68910,12,0,0,"59:56.4",0.985559621,0.558365135,0.650259213,0.121882173,"19:56.5",1,"good",22.31666667,2022-10-25,"2022-10-24","2022-10-24 21:57","2022-10-25 11:26","2022-10-25 21:55",24.37580167,"black",1,"SDB","1",-73.74,45.47,"PETI",2022,10,25,25,11.5,18.2,0,0,35,2022-10-25 22:19:00,2022-10-25 18:19:00
"211","end",1,68911,46,7.3,7.3,"59:56.2",0.848093631,0.623599512,0.154208926,0.071504899,"19:12.6",2,"good",22.31666667,2022-12-01,"2022-11-30","2022-11-30 21:16","2022-12-01 12:16","2022-12-01 21:15",63.24339166,"black",1,"SDB","1",-73.74,45.47,"PETI",2022,12,1,1.8,-3.6,-0.9,0.3,0,58,2022-12-01 22:19:00,2022-12-01 17:19:00
"213","end",3,68913,2,0,0,"59:52.6",1.329099579,0.486070576,0.94174202,0.105528562,"19:23.6",2,"good",22.31666667,2022-10-24,"2022-10-23","2022-10-23 21:58","2022-10-24 11:25","2022-10-24 21:57",22.22642334,"black",1,"SDB","1",-73.74,45.47,"PETI",2022,10,24,20,9.2,14.6,0,0,0,2022-10-24 22:19:00,2022-10-24 18:19:00
"217","end",2,68917,113,0,7.3,"59:57.8",0.85211439,0.340091166,0.670395867,0.081088562,"19:14.1",3,"good",22.31666667,2023-02-16,"2023-02-15","2023-02-15 22:23","2023-02-16 11:57","2023-02-16 22:24",-5.481081669,"black",1,"SDB","1",-73.74,45.47,"PETI",2023,2,16,6.8,-2.5,2.2,0,15,53,2023-02-16 22:19:00,2023-02-16 17:19:00
"97","end",6,77874,102,0,9.7,"59:51.0",0.79982304,0.615941602,0.251928049,0.085425727,"18:59.1",5,"good",22.31666667,2024-02-09,"2024-02-08","2024-02-08 22:12","2024-02-09 12:08","2024-02-09 22:14",4.868416667,"black",1,"SDB","2",-73.74,45.47,"PETI",2024,2,9,6.8,-0.8,3,9.2,11,0,2024-02-09 22:19:00,2024-02-09 17:19:00
"111","end",2,77888,13,0,9.7,"59:54.1",0.998658311,0.614010735,0.476506412,0.108402106,"19:31.2",7,"good",22.31666667,2023-11-26,"2023-11-25","2023-11-25 21:19","2023-11-26 12:10","2023-11-26 21:18",60.82051333,"black",1,"SDB","2",-73.74,45.47,"PETI",2023,11,26,4.9,-1.5,1.7,8.6,0,43,2023-11-26 22:19:00,2023-11-26 17:19:00
"118","end",9,77895,13,9.7,19.4,"59:54.9",1.373546522,0.562860426,0.869438067,0.08024993,"19:22.4",7,"good",22.31666667,2023-10-24,"2023-10-23","2023-10-23 21:59","2023-10-24 11:24","2023-10-24 21:57",21.78927833,"black",1,"SDB","2",-73.74,45.47,"PETI",2023,10,24,11.5,4.4,8,4.6,0,0,2023-10-24 22:19:00,2023-10-24 18:19:00
"118","end",9,77895,119,0,9.7,"59:57.6",1.046635688,0.667912914,0.582506672,0.081787076,"19:05.6",7,"good",22.31666667,2024-02-07,"2024-02-06","2024-02-06 22:09","2024-02-07 12:11","2024-02-07 22:11",7.910786668,"black",1,"SDB","2",-73.74,45.47,"PETI",2024,2,7,-0.2,-9.9,-5,1.7,11,0,2024-02-07 22:19:00,2024-02-07 17:19:00
"123","end",3,77899,6,378.26,1959.19,"59:45.5",1.305711037,0.667330998,0.803223238,0.106305053,"19:03.0",8,"good",22.31666667,2023-10-24,"2023-10-23","2023-10-23 21:59","2023-10-24 11:24","2023-10-24 21:57",21.46705333,"black",1,"SDB","2",-73.74,45.47,"PETI",2023,10,24,11.5,4.4,8,4.6,0,0,2023-10-24 22:19:00,2023-10-24 18:19:00
"617","end",2,90335,120,0,0,"59:57.0",0.999347685,0.431447272,0.853886958,0.059265129,"19:05.1",10,"good",22.31666667,2025-02-21,"2025-02-20","2025-02-20 22:31","2025-02-21 11:49","2025-02-21 22:32",-13.49833167,"black",1,"BDU","3",-73.74,45.47,"PETI",2025,2,21,-7.7,-12.1,-9.9,0,27,41,2025-02-21 22:19:00,2025-02-21 17:19:00
"627","end",2,90345,117,0,9.7,"59:57.2",1.216890319,0.439998257,0.751863103,0.07071513,"19:05.1",11,"good",22.31666667,2025-02-27,"2025-02-26","2025-02-26 22:39","2025-02-27 11:38","2025-02-27 22:41",-21.931755,"black",1,"BDU","3",-73.74,45.47,"PETI",2025,2,27,1.9,-4.7,-1.4,4.9,18,32,2025-02-27 22:19:00,2025-02-27 17:19:00
"631","end",6,90349,84,0,9.7,"59:58.1",1.151416315,0.39788105,0.927443239,0.067471656,"19:54.7",11,"good",22.31666667,2025-02-03,"2025-02-02","2025-02-02 22:04","2025-02-03 12:15","2025-02-03 22:06",13.51168667,"black",1,"BDU","3",-73.74,45.47,"PETI",2025,2,3,-0.2,-12.1,-6.1,5.5,15,32,2025-02-03 22:19:00,2025-02-03 17:19:00
"631","end",6,90349,85,0,0,"59:59.5",1.326274806,0.369732847,1.043305421,0.06027502,"19:56.5",11,"good",22.31666667,2025-02-04,"2025-02-03","2025-02-03 22:06","2025-02-04 12:14","2025-02-04 22:07",12.07549833,"black",1,"BDU","3",-73.74,45.47,"PETI",2025,2,4,-3.9,-14.5,-9.2,0,19,44,2025-02-04 22:19:00,2025-02-04 17:19:00
"645","end",7,90363,80,0,9.7,"59:53.6",0.741962162,0.558069763,0.354174126,0.108506208,"19:30.7",12,"good",22.31666667,2025-02-02,"2025-02-01","2025-02-01 22:03","2025-02-02 12:16","2025-02-02 22:04",14.57897833,"black",1,"SDB","3",-73.74,45.47,"PETI",2025,2,2,-11.5,-22.6,-17,1.1,13,31,2025-02-02 22:19:00,2025-02-02 17:19:00
"206","end",1,68906,8,0,7.3,"59:57.4",0.882797283,0.53137045,0.477724737,0.118868085,"20:26.8",1,"good",22.33333333,2022-10-19,"2022-10-18","2022-10-18 22:07","2022-10-19 11:18","2022-10-19 22:05",14.98038667,"black",1,"SDB","1",-73.74,45.47,"PETI",2022,10,19,10.5,1.1,5.8,0,0,40,2022-10-19 22:20:00,2022-10-19 18:20:00
"206","end",1,68906,12,7.3,0,"59:54.8",1.003631528,0.466641535,0.650281543,0.102305574,"20:53.4",1,"good",22.33333333,2022-10-23,"2022-10-22","2022-10-22 22:00","2022-10-23 11:23","2022-10-23 21:58",22.09037333,"black",1,"SDB","1",-73.74,45.47,"PETI",2022,10,23,20.9,5.8,13.3,0.2,0,0,2022-10-23 22:20:00,2022-10-23 18:20:00
"206","end",1,68906,16,7.2,0,"59:59.5",1.277330301,0.562853386,0.698208805,0.11927738,"20:28.9",1,"good",22.33333333,2022-10-27,"2022-10-26","2022-10-26 21:53","2022-10-27 11:29","2022-10-27 21:52",28.04885333,"black",1,"SDB","1",-73.74,45.47,"PETI",2022,10,27,15.6,0.5,8.1,0,0,55,2022-10-27 22:20:00,2022-10-27 18:20:00
"207","end",2,68907,15,0,7.3,"59:58.0",0.931414987,0.413432533,0.537102671,0.084404525,"20:34.6",1,"good",22.33333333,2022-10-23,"2022-10-22","2022-10-22 22:00","2022-10-23 11:23","2022-10-23 21:58",21.77643667,"black",1,"SDB","1",-73.74,45.47,"PETI",2022,10,23,20.9,5.8,13.3,0.2,0,0,2022-10-23 22:20:00,2022-10-23 18:20:00
"207","end",2,68907,144,7.3,7.3,"59:56.1",0.91487302,0.475261035,0.663594667,0.102458566,"20:25.4",1,"good",22.33333333,2023-03-01,"2023-02-28","2023-02-28 22:41","2023-03-01 11:36","2023-03-01 22:43",-22.69305,"black",1,"SDB","1",-73.74,45.47,"PETI",2023,3,1,2.3,-2.7,-0.2,0,27,32,2023-03-01 22:20:00,2023-03-01 17:20:00
"208","end",3,68908,37,0,0,"59:58.2",0.607023155,0.529836288,0.15505258,0.100517459,"20:34.7",1,"good",22.33333333,2022-11-12,"2022-11-11","2022-11-11 21:31","2022-11-12 11:51","2022-11-12 21:30",49.728285,"black",1,"SDB","1",-73.74,45.47,"PETI",2022,11,12,14.8,6.8,10.8,26.6,0,44,2022-11-12 22:20:00,2022-11-12 17:20:00
"209","end",4,68909,10,7.3,7.3,"59:54.1",1.188929076,0.499231416,0.732551606,0.092235681,"20:08.8",1,"good",22.33333333,2022-10-23,"2022-10-22","2022-10-22 22:00","2022-10-23 11:23","2022-10-23 21:58",21.34750167,"black",1,"SDB","1",-73.74,45.47,"PETI",2022,10,23,20.9,5.8,13.3,0.2,0,0,2022-10-23 22:20:00,2022-10-23 18:20:00
"210","end",5,68910,14,7.3,0,"59:54.0",1.054669455,0.522067928,0.668512228,0.093266405,"20:37.9",1,"good",22.33333333,2022-10-27,"2022-10-26","2022-10-26 21:53","2022-10-27 11:29","2022-10-27 21:52",28.199085,"black",1,"SDB","1",-73.74,45.47,"PETI",2022,10,27,15.6,0.5,8.1,0,0,55,2022-10-27 22:20:00,2022-10-27 18:20:00
"210","end",5,68910,16,0,0,"59:58.7",1.090103833,0.568588922,0.835176323,0.094582955,"20:20.8",1,"good",22.33333333,2022-10-29,"2022-10-28","2022-10-28 21:50","2022-10-29 11:31","2022-10-29 21:49",30.98021167,"black",1,"SDB","1",-73.74,45.47,"PETI",2022,10,29,14.4,-0.9,6.7,0,0,0,2022-10-29 22:20:00,2022-10-29 18:20:00
"211","end",1,68911,3,7.3,7.3,"59:58.8",1.090560954,0.73203169,0.455826892,0.11263903,"20:57.5",2,"good",22.33333333,2022-10-19,"2022-10-18","2022-10-18 22:07","2022-10-19 11:18","2022-10-19 22:05",15.49104333,"black",1,"SDB","1",-73.74,45.47,"PETI",2022,10,19,10.5,1.1,5.8,0,0,40,2022-10-19 22:20:00,2022-10-19 18:20:00
"212","end",2,68912,109,7.3,0,"59:58.1",1.28951213,0.694189225,0.750299903,0.163025656,"20:20.1",2,"good",22.33333333,2023-02-09,"2023-02-08","2023-02-08 22:13","2023-02-09 12:08","2023-02-09 22:14",5.834698331,"black",1,"SDB","1",-73.74,45.47,"PETI",2023,2,9,2.5,-6.2,-1.9,16.6,33,32,2023-02-09 22:20:00,2023-02-09 17:20:00
"212","end",2,68912,117,0,7.3,"59:56.5",1.033138389,0.308577843,0.697554194,0.052919251,"20:03.9",2,"good",22.33333333,2023-02-17,"2023-02-16","2023-02-16 22:24","2023-02-17 11:56","2023-02-17 22:26",-6.102348332,"black",1,"SDB","1",-73.74,45.47,"PETI",2023,2,17,-2.5,-11.3,-6.9,9.1,13,60,2023-02-17 22:20:00,2023-02-17 17:20:00
"214","end",4,68914,49,0,0,"59:53.7",0.811789116,0.569505894,0.302497919,0.108011458,"20:23.0",2,"good",22.33333333,2022-10-26,"2022-10-25","2022-10-25 21:55","2022-10-26 11:27","2022-10-26 21:53",26.39989167,"black",1,"SDB","1",-73.74,45.47,"PETI",2022,10,26,24.2,14.9,19.5,3,0,44,2022-10-26 22:20:00,2022-10-26 18:20:00
"222","end",2,68922,94,102.18,7.3,"59:54.0",1.062473132,0.820254878,0.307064778,0.129262178,"20:08.9",4,"good",22.33333333,2023-02-04,"2023-02-03","2023-02-03 22:05","2023-02-04 12:14","2023-02-04 22:07",12.99755,"black",1,"SDB","1",-73.74,45.47,"PETI",2023,2,4,-14.1,-29.1,-21.6,0.2,37,36,2023-02-04 22:20:00,2023-02-04 17:20:00
"225","end",5,68925,120,7.3,7.3,"59:56.4",1.309823186,0.686753707,0.81540803,0.096059525,"20:40.3",4,"good",22.33333333,2023-03-08,"2023-03-07","2023-03-07 22:51","2023-03-08 11:23","2023-03-08 22:52",-31.961495,"black",1,"SDB","1",-73.74,45.47,"PETI",2023,3,8,0.5,-5.5,-2.5,0,27,33,2023-03-08 22:20:00,2023-03-08 17:20:00
"97","end",6,77874,97,0,9.7,"59:55.2",1.14810666,0.485464501,0.751417364,0.078344803,"20:01.5",5,"good",22.33333333,2024-02-04,"2024-02-03","2024-02-03 22:05","2024-02-04 12:15","2024-02-04 22:06",13.25786167,"black",1,"SDB","2",-73.74,45.47,"PETI",2024,2,4,0,-10.4,-5.2,4.7,11,0,2024-02-04 22:20:00,2024-02-04 17:20:00
"104","end",5,77881,91,0,9.7,"59:58.1",1.505438855,0.570129549,0.763441815,0.094987374,"20:52.8",6,"good",22.33333333,2024-02-03,"2024-02-02","2024-02-02 22:03","2024-02-03 12:16","2024-02-03 22:05",15.58012833,"black",1,"SDB","2",-73.74,45.47,"PETI",2024,2,3,-2.7,-7.6,-5.2,0.8,11,0,2024-02-03 22:20:00,2024-02-03 17:20:00
"608","end",3,90326,110,0,9.7,"59:57.3",1.114281066,0.40465429,0.949448533,0.073015753,"20:52.3",9,"good",22.33333333,2025-02-09,"2025-02-08","2025-02-08 22:13","2025-02-09 12:07","2025-02-09 22:15",5.654241665,"black",1,"BDU","3",-73.74,45.47,"PETI",2025,2,9,-3.3,-9.5,-6.4,1.7,20,0,2025-02-09 22:20:00,2025-02-09 17:20:00
"610","end",5,90328,4,9.7,48.49,"59:58.2",0.808088039,0.573013113,0.340601997,0.05932746,"20:33.4",9,"good",22.33333333,2024-10-18,"2024-10-17","2024-10-17 22:08","2024-10-18 11:17","2024-10-18 22:06",14.19037333,"black",1,"NDG","3",-73.74,45.47,"PETI",2024,10,18,16.6,4,10.3,3.9,0,0,2024-10-18 22:20:00,2024-10-18 18:20:00
"617","end",2,90335,111,0,9.7,"59:55.3",0.964252959,0.444604818,0.839604651,0.084995996,"20:31.0",10,"good",22.33333333,2025-02-12,"2025-02-11","2025-02-11 22:18","2025-02-12 12:03","2025-02-12 22:19",0.916895,"black",1,"BDU","3",-73.74,45.47,"PETI",2025,2,12,-10.6,-16.8,-13.7,0,17,37,2025-02-12 22:20:00,2025-02-12 17:20:00
"206","end",1,68906,118,7.3,7.3,"59:54.0",1.254904552,0.49285964,0.5637828,0.068554861,"21:29.2",1,"good",22.35,2023-02-06,"2023-02-05","2023-02-05 22:08","2023-02-06 12:12","2023-02-06 22:10",11.38692333,"black",1,"SDB","1",-73.74,45.47,"PETI",2023,2,6,-2.3,-12.9,-7.6,0.2,37,0,2023-02-06 22:21:00,2023-02-06 17:21:00
"209","end",4,68909,12,7.3,51.09,"59:53.1",1.21024739,0.658638978,0.703089695,0.120207779,"21:35.4",1,"good",22.35,2022-10-25,"2022-10-24","2022-10-24 21:57","2022-10-25 11:26","2022-10-25 21:55",26.02364,"black",1,"SDB","1",-73.74,45.47,"PETI",2022,10,25,25,11.5,18.2,0,0,35,2022-10-25 22:21:00,2022-10-25 18:21:00
"210","end",5,68910,4,7.3,0.1,"59:59.0",0.913312185,0.503851229,0.560456587,0.088468589,"21:34.0",1,"good",22.35,2022-10-17,"2022-10-16","2022-10-16 22:10","2022-10-17 11:15","2022-10-17 22:08",12.65051666,"black",1,"SDB","1",-73.74,45.47,"PETI",2022,10,17,15.4,8.2,11.8,2.2,0,44,2022-10-17 22:21:00,2022-10-17 18:21:00
"217","end",2,68917,108,0,7.3,"59:53.8",0.865076812,0.405323901,0.660226521,0.078957926,"21:43.5",3,"good",22.35,2023-02-11,"2023-02-10","2023-02-10 22:15","2023-02-11 12:05","2023-02-11 22:17",4.290926667,"black",1,"SDB","1",-73.74,45.47,"PETI",2023,2,11,-0.5,-7.6,-4.1,0.5,28,38,2023-02-11 22:21:00,2023-02-11 17:21:00
"221","end",1,68921,85,7.3,7.3,"59:54.9",0.846870446,0.524179588,0.270012245,0.049574935,"21:22.6",4,"good",22.35,2023-01-26,"2023-01-25","2023-01-25 21:52","2023-01-26 12:24","2023-01-26 21:54",27.293205,"black",1,"SDB","1",-73.74,45.47,"PETI",2023,1,26,-3.7,-6.7,-5.2,4.2,34,42,2023-01-26 22:21:00,2023-01-26 17:21:00
"608","end",3,90326,109,0,9.7,"59:52.5",1.038304764,0.412899102,0.875520526,0.071976012,"21:26.1",9,"good",22.35,2025-02-08,"2025-02-07","2025-02-07 22:12","2025-02-08 12:08","2025-02-08 22:13",7.684483333,"black",1,"BDU","3",-73.74,45.47,"PETI",2025,2,8,-5.2,-9.8,-7.5,0.2,18,0,2025-02-08 22:21:00,2025-02-08 17:21:00
"631","end",6,90349,82,9.7,0,"59:54.5",1.153144541,0.484306932,0.940613335,0.084427398,"21:08.9",11,"good",22.35,2025-02-01,"2025-01-31","2025-01-31 22:02","2025-02-01 12:17","2025-02-01 22:03",17.68212167,"black",1,"BDU","3",-73.74,45.47,"PETI",2025,2,1,-8.6,-19.4,-14,0,13,43,2025-02-01 22:21:00,2025-02-01 17:21:00
"206","end",1,68906,7,0,14.6,"59:59.8",1.012203045,0.586559324,0.622843717,0.130868948,"22:11.5",1,"good",22.36666667,2022-10-18,"2022-10-17","2022-10-17 22:08","2022-10-18 11:16","2022-10-18 22:07",15.007785,"black",1,"SDB","1",-73.74,45.47,"PETI",2022,10,18,12.6,3.4,8,2.3,0,0,2022-10-18 22:22:00,2022-10-18 18:22:00
"206","end",1,68906,10,0,7.3,"59:59.7",1.086257761,0.559003812,0.603586886,0.116773101,"22:25.9",1,"good",22.36666667,2022-10-21,"2022-10-20","2022-10-20 22:03","2022-10-21 11:20","2022-10-21 22:02",20.33243,"black",1,"SDB","1",-73.74,45.47,"PETI",2022,10,21,14.8,5.2,10,0,0,38,2022-10-21 22:22:00,2022-10-21 18:22:00
"206","end",1,68906,11,7.3,0,"59:57.2",1.022670356,0.556849473,0.635049712,0.143859457,"22:45.4",1,"good",22.36666667,2022-10-22,"2022-10-21","2022-10-21 22:02","2022-10-22 11:22","2022-10-22 22:00",22.32305167,"black",1,"SDB","1",-73.74,45.47,"PETI",2022,10,22,22,5,13.5,0,0,0,2022-10-22 22:22:00,2022-10-22 18:22:00
"208","end",3,68908,15,0,7.3,"59:54.8",1.036941827,0.565659324,0.70596064,0.151207968,"22:57.4",1,"good",22.36666667,2022-10-21,"2022-10-20","2022-10-20 22:03","2022-10-21 11:20","2022-10-21 22:02",20.85661333,"black",1,"SDB","1",-73.74,45.47,"PETI",2022,10,21,14.8,5.2,10,0,0,38,2022-10-21 22:22:00,2022-10-21 18:22:00
"209","end",4,68909,8,7.2,0.1,"59:55.2",1.015902218,0.638163606,0.343225408,0.113641426,"22:14.0",1,"good",22.36666667,2022-10-21,"2022-10-20","2022-10-20 22:03","2022-10-21 11:20","2022-10-21 22:02",20.132985,"black",1,"SDB","1",-73.74,45.47,"PETI",2022,10,21,14.8,5.2,10,0,0,38,2022-10-21 22:22:00,2022-10-21 18:22:00
"210","end",5,68910,8,7.3,0,"59:53.9",1.248225641,0.573530006,0.849843504,0.153500373,"22:56.5",1,"good",22.36666667,2022-10-21,"2022-10-20","2022-10-20 22:03","2022-10-21 11:20","2022-10-21 22:02",20.84224667,"black",1,"SDB","1",-73.74,45.47,"PETI",2022,10,21,14.8,5.2,10,0,0,38,2022-10-21 22:22:00,2022-10-21 18:22:00
"221","end",1,68921,87,7.3,7.3,"59:53.6",0.816337384,0.585847941,0.244972345,0.064946005,"22:05.1",4,"good",22.36666667,2023-01-28,"2023-01-27","2023-01-27 21:55","2023-01-28 12:22","2023-01-28 21:56",25.13491167,"black",1,"SDB","1",-73.74,45.47,"PETI",2023,1,28,3,-4,-0.5,1,34,57,2023-01-28 22:22:00,2023-01-28 17:22:00
"121","end",2,77898,109,0,9.7,"12:07.4",1.469586863,0.602331557,0.729315945,0.099832516,"22:29.9",8,"good",22.36666667,2024-02-03,"2024-02-02","2024-02-02 22:03","2024-02-03 12:16","2024-02-03 22:05",17.19787167,"black",1,"BDU","2",-73.74,45.47,"PETI",2024,2,3,-2.7,-7.6,-5.2,0.8,11,0,2024-02-03 22:22:00,2024-02-03 17:22:00
"121","end",2,77898,113,9.7,9.7,"59:51.9",1.051548846,0.643701356,0.567305689,0.086693875,"22:41.3",8,"good",22.36666667,2024-02-07,"2024-02-06","2024-02-06 22:09","2024-02-07 12:11","2024-02-07 22:11",11.50472167,"black",1,"BDU","2",-73.74,45.47,"PETI",2024,2,7,-0.2,-9.9,-5,1.7,11,0,2024-02-07 22:22:00,2024-02-07 17:22:00
"125","end",5,77901,1,0,9.7,"59:54.0",1.00306063,0.536886369,0.429117055,0.095948805,"22:25.7",8,"good",22.36666667,2023-10-19,"2023-10-18","2023-10-18 22:07","2023-10-19 11:17","2023-10-19 22:05",16.51188167,"black",1,"SDB","2",-73.74,45.47,"PETI",2023,10,19,16.6,11,13.8,0.4,0,0,2023-10-19 22:22:00,2023-10-19 18:22:00
"631","end",6,90349,76,0,0,"59:53.9",1.141964293,0.435402197,0.943124586,0.078729694,"22:25.9",11,"good",22.36666667,2025-01-26,"2025-01-25","2025-01-25 21:53","2025-01-26 12:24","2025-01-26 21:54",27.66487166,"black",1,"BDU","3",-73.74,45.47,"PETI",2025,1,26,0.2,-6.3,-3.1,0,10,58,2025-01-26 22:22:00,2025-01-26 17:22:00
"207","end",2,68907,137,0,0,"59:55.4",1.058431698,0.523562634,0.8447277,0.086637955,"23:34.5",1,"good",22.38333333,2023-02-22,"2023-02-21","2023-02-21 22:31","2023-02-22 11:48","2023-02-22 22:33",-9.741371667,"black",1,"SDB","1",-73.74,45.47,"PETI",2023,2,22,-6,-11.5,-8.7,0,13,38,2023-02-22 22:23:00,2023-02-22 17:23:00
"209","end",4,68909,6,0,7.3,"59:56.4",1.141834494,0.755134749,0.58249566,0.114483509,"23:42.8",1,"good",22.38333333,2022-10-19,"2022-10-18","2022-10-18 22:07","2022-10-19 11:18","2022-10-19 22:05",18.246645,"black",1,"SDB","1",-73.74,45.47,"PETI",2022,10,19,10.5,1.1,5.8,0,0,40,2022-10-19 22:23:00,2022-10-19 18:23:00
"210","end",5,68910,9,0,7.3,"00:00.0",1.049225215,0.536505237,0.644246619,0.157365053,"23:24.5",1,"good",22.38333333,2022-10-22,"2022-10-21","2022-10-21 22:02","2022-10-22 11:22","2022-10-22 22:00",22.97537667,"black",1,"SDB","1",-73.74,45.47,"PETI",2022,10,22,22,5,13.5,0,0,0,2022-10-22 22:23:00,2022-10-22 18:23:00
"93","end",3,77870,98,0,9.7,"59:50.9",1.198311027,0.538312721,0.52804397,0.084703014,"23:20.7",5,"good",22.38333333,2024-02-03,"2024-02-02","2024-02-02 22:03","2024-02-03 12:16","2024-02-03 22:05",18.04541334,"black",1,"BDU","2",-73.74,45.47,"PETI",2024,2,3,-2.7,-7.6,-5.2,0.8,11,0,2024-02-03 22:23:00,2024-02-03 17:23:00
"627","end",2,90345,113,9.7,0,"59:55.2",0.989696726,0.5211018,0.58989632,0.087904538,"23:05.6",11,"good",22.38333333,2025-02-23,"2025-02-22","2025-02-22 22:34","2025-02-23 11:45","2025-02-23 22:35",-12.32355833,"black",1,"BDU","3",-73.74,45.47,"PETI",2025,2,23,-0.8,-5.9,-3.4,0,27,32,2025-02-23 22:23:00,2025-02-23 17:23:00
"631","end",6,90349,98,0,9.7,"59:52.4",1.078367299,0.535019188,0.727230283,0.08179244,"23:03.1",11,"good",22.38333333,2025-02-17,"2025-02-16","2025-02-16 22:25","2025-02-17 11:55","2025-02-17 22:26",-3.814774998,"black",1,"BDU","3",-73.74,45.47,"PETI",2025,2,17,-9.6,-14.2,-11.9,1,44,69,2025-02-17 22:23:00,2025-02-17 17:23:00
"206","end",1,68906,125,0,7.3,"59:55.9",1.480337432,0.676486376,0.981637891,0.100222084,"24:33.6",1,"good",22.4,2023-02-13,"2023-02-12","2023-02-12 22:18","2023-02-13 12:02","2023-02-13 22:20",4.192546666,"black",1,"SDB","1",-73.74,45.47,"PETI",2023,2,13,4.8,-4.8,0,0,26,0,2023-02-13 22:24:00,2023-02-13 17:24:00
"206","end",1,68906,177,0,0,"49:52.7",1.422398262,0.936162912,0.687882031,0.374055887,"24:36.2",1,"good",22.4,2023-04-06,"2023-04-05","2023-04-05 23:28","2023-04-06 10:28","2023-04-06 23:30",-65.647185,"black",1,"SDB","1",-73.74,45.47,"PETI",2023,4,6,10,-0.2,4.9,17,0,0,2023-04-06 22:24:00,2023-04-06 18:24:00
"210","end",5,68910,7,0,7.3,"59:55.1",1.155607127,0.512700736,0.822941988,0.120108701,"24:10.8",1,"good",22.4,2022-10-20,"2022-10-19","2022-10-19 22:05","2022-10-20 11:19","2022-10-20 22:03",20.412895,"black",1,"SDB","1",-73.74,45.47,"PETI",2022,10,20,7.6,4.7,6.2,1.1,0,56,2022-10-20 22:24:00,2022-10-20 18:24:00
"217","end",2,68917,116,0,7.3,"59:55.8",0.883212801,0.353183614,0.620320799,0.084150728,"24:18.7",3,"good",22.4,2023-02-19,"2023-02-18","2023-02-18 22:27","2023-02-19 11:53","2023-02-19 22:29",-4.738115001,"black",1,"SDB","1",-73.74,45.47,"PETI",2023,2,19,4.8,-4.5,0.1,0,13,44,2023-02-19 22:24:00,2023-02-19 17:24:00
"225","end",5,68925,107,0,0,"59:58.5",1.22449308,0.546934668,0.899226967,0.093465079,"24:14.0",4,"good",22.4,2023-02-23,"2023-02-22","2023-02-22 22:33","2023-02-23 11:46","2023-02-23 22:34",-10.49966,"black",1,"SDB","1",-73.74,45.47,"PETI",2023,2,23,-9.2,-12.3,-10.8,2.7,12,48,2023-02-23 22:24:00,2023-02-23 17:24:00
"130","end",9,77905,7,19.4,9.7,"59:53.0",0.915831539,0.701922245,0.268169153,0.131820151,"24:30.6",8,"good",22.4,2023-10-30,"2023-10-29","2023-10-29 21:49","2023-10-30 11:33","2023-10-30 21:48",36.24377833,"black",1,"BDU","2",-73.74,45.47,"PETI",2023,10,30,4.6,0.4,2.5,8,0,31,2023-10-30 22:24:00,2023-10-30 18:24:00
"631","end",6,90349,86,9.7,0,"59:51.6",1.092473707,0.370935097,0.987776979,0.055705226,"24:10.5",11,"good",22.4,2025-02-05,"2025-02-04","2025-02-04 22:07","2025-02-05 12:12","2025-02-05 22:09",14.84195167,"black",1,"BDU","3",-73.74,45.47,"PETI",2025,2,5,-12.7,-18.7,-15.7,0.3,14,32,2025-02-05 22:24:00,2025-02-05 17:24:00
"645","end",7,90363,86,0,9.7,"59:53.6",0.842982815,0.449248143,0.60245199,0.078236013,"24:21.8",12,"good",22.4,2025-02-08,"2025-02-07","2025-02-07 22:12","2025-02-08 12:08","2025-02-08 22:13",10.61264833,"black",1,"SDB","3",-73.74,45.47,"PETI",2025,2,8,-5.2,-9.8,-7.5,0.2,18,0,2025-02-08 22:24:00,2025-02-08 17:24:00
"206","end",1,68906,4,0,0,"59:59.6",0.884023307,0.503285851,0.514497228,0.095858575,"25:28.3",1,"good",22.41666667,2022-10-15,"2022-10-14","2022-10-14 22:14","2022-10-15 11:12","2022-10-15 22:12",13.05488,"black",1,"SDB","1",-73.74,45.47,"PETI",2022,10,15,18,4,11,0,0,51,2022-10-15 22:25:00,2022-10-15 18:25:00
"207","end",2,68907,131,7.3,0,"59:54.7",0.822297062,0.530265426,0.549863951,0.091564944,"25:01.3",1,"good",22.41666667,2023-02-16,"2023-02-15","2023-02-15 22:23","2023-02-16 11:57","2023-02-16 22:24",0.305185,"black",1,"SDB","1",-73.74,45.47,"PETI",2023,2,16,6.8,-2.5,2.2,0,15,53,2023-02-16 22:25:00,2023-02-16 17:25:00
"217","end",2,68917,107,7.3,0,"59:54.5",1.101506313,0.462031717,0.651543673,0.136220968,"25:01.2",3,"good",22.41666667,2023-02-10,"2023-02-09","2023-02-09 22:14","2023-02-10 12:06","2023-02-10 22:15",9.053428332,"black",1,"SDB","1",-73.74,45.47,"PETI",2023,2,10,5.4,-2.8,1.3,2.1,32,58,2023-02-10 22:25:00,2023-02-10 17:25:00
"219","end",4,68919,93,7.3,7.3,"59:53.4",1.764480194,0.544605989,1.077161019,0.083554777,"25:21.8",3,"good",22.41666667,2023-01-31,"2023-01-30","2023-01-30 21:59","2023-01-31 12:19","2023-01-31 22:01",24.06393333,"black",1,"SDB","1",-73.74,45.47,"PETI",2023,1,31,-7.6,-19.1,-13.4,1.2,41,32,2023-01-31 22:25:00,2023-01-31 17:25:00
"219","end",4,68919,100,0,0,"59:57.4",1.360990329,0.316271868,1.129424946,0.064410337,"25:48.0",3,"good",22.41666667,2023-02-07,"2023-02-06","2023-02-06 22:10","2023-02-07 12:10","2023-02-07 22:11",14.23278667,"black",1,"SDB","1",-73.74,45.47,"PETI",2023,2,7,2.4,-14.6,-6.1,0.8,37,33,2023-02-07 22:25:00,2023-02-07 17:25:00
"104","end",5,77881,105,0,9.7,"59:51.4",1.26747914,0.646752502,0.604690967,0.074278172,"25:36.9",6,"good",22.41666667,2024-02-17,"2024-02-16","2024-02-16 22:24","2024-02-17 11:56","2024-02-17 22:25",-0.185466667,"black",1,"SDB","2",-73.74,45.47,"PETI",2024,2,17,-7.6,-14.1,-10.8,0.9,8,44,2024-02-17 22:25:00,2024-02-17 17:25:00
"104","end",5,77881,244,9.7,9.7,"59:59.4",0.483332541,0.389122124,0.110606988,0.047826241,"25:54.7",6,"good",22.41666667,2024-07-05,"2024-07-04","2024-07-05 0:48","2024-07-05 9:15","2024-07-06 0:47",-142.004205,"black",1,"SDB","2",-73.74,45.47,"PETI",2024,7,5,29.7,21,25.3,0,0,0,2024-07-05 22:25:00,2024-07-05 18:25:00
"617","end",2,90335,115,0,9.75,"59:56.1",0.908912103,0.358493968,0.646667932,0.047430974,"25:22.4",10,"good",22.41666667,2025-02-16,"2025-02-15","2025-02-15 22:23","2025-02-16 11:57","2025-02-16 22:25",-0.043885001,"black",1,"BDU","3",-73.74,45.47,"PETI",2025,2,16,-9.2,-10.5,-9.8,16.2,30,62,2025-02-16 22:25:00,2025-02-16 17:25:00
"617","end",2,90335,117,0,0,"59:56.5",1.034119776,0.496507575,0.79336957,0.087553067,"25:32.5",10,"good",22.41666667,2025-02-18,"2025-02-17","2025-02-17 22:26","2025-02-18 11:53","2025-02-18 22:28",-2.758166667,"black",1,"BDU","3",-73.74,45.47,"PETI",2025,2,18,-12.7,-15.3,-14,0,27,48,2025-02-18 22:25:00,2025-02-18 17:25:00
"617","end",2,90335,123,0,9.7,"59:57.5",1.010866106,0.449143143,0.847775817,0.09769909,"25:43.6",10,"good",22.41666667,2025-02-24,"2025-02-23","2025-02-23 22:35","2025-02-24 11:44","2025-02-24 22:36",-11.10717167,"black",1,"BDU","3",-73.74,45.47,"PETI",2025,2,24,6.8,-4.4,1.2,0,26,44,2025-02-24 22:25:00,2025-02-24 17:25:00
"635","end",10,90353,85,9.7,0,"59:56.4",0.596403643,0.491392413,0.233330735,0.084534302,"25:32.6",11,"good",22.41666667,2025-02-05,"2025-02-04","2025-02-04 22:07","2025-02-05 12:12","2025-02-05 22:09",16.210125,"black",1,"BDU","3",-73.74,45.47,"PETI",2025,2,5,-12.7,-18.7,-15.7,0.3,14,32,2025-02-05 22:25:00,2025-02-05 17:25:00
"208","end",3,68908,11,0,0,"59:55.0",1.194630653,0.672460944,0.801997088,0.146621703,"26:58.4",1,"good",22.43333333,2022-10-17,"2022-10-16","2022-10-16 22:10","2022-10-17 11:15","2022-10-17 22:08",18.05696333,"black",1,"SDB","1",-73.74,45.47,"PETI",2022,10,17,15.4,8.2,11.8,2.2,0,44,2022-10-17 22:26:00,2022-10-17 18:26:00
"208","end",3,68908,13,0,0,"59:54.9",1.006733294,0.528740929,0.815385357,0.145613675,"26:21.9",1,"good",22.43333333,2022-10-19,"2022-10-18","2022-10-18 22:07","2022-10-19 11:18","2022-10-19 22:05",20.89793667,"black",1,"SDB","1",-73.74,45.47,"PETI",2022,10,19,10.5,1.1,5.8,0,0,40,2022-10-19 22:26:00,2022-10-19 18:26:00
"219","end",4,68919,99,0,7.3,"59:59.1",1.837273361,0.506947445,0.999603857,0.084609634,"26:40.8",3,"good",22.43333333,2023-02-06,"2023-02-05","2023-02-05 22:08","2023-02-06 12:12","2023-02-06 22:10",16.57957667,"black",1,"SDB","1",-73.74,45.47,"PETI",2023,2,6,-2.3,-12.9,-7.6,0.2,37,0,2023-02-06 22:26:00,2023-02-06 17:26:00
"104","end",5,77881,94,0,9.7,"59:54.7",1.252066748,0.577464725,0.770752408,0.086791811,"26:28.9",6,"good",22.43333333,2024-02-06,"2024-02-05","2024-02-05 22:08","2024-02-06 12:12","2024-02-06 22:09",16.76467167,"black",1,"SDB","2",-73.74,45.47,"PETI",2024,2,6,0.1,-7.3,-3.6,2.2,11,0,2024-02-06 22:26:00,2024-02-06 17:26:00
"109","end",10,77886,86,9.7,0,"59:55.0",0.679310088,0.410752881,0.299956378,0.083277885,"26:19.4",6,"good",22.43333333,2024-02-04,"2024-02-03","2024-02-03 22:05","2024-02-04 12:15","2024-02-04 22:06",19.55678,"black",1,"BDU","2",-73.74,45.47,"PETI",2024,2,4,0,-10.4,-5.2,4.7,11,0,2024-02-04 22:26:00,2024-02-04 17:26:00
"118","end",9,77895,1,9.7,0,"59:59.6",0.82734094,0.465411109,0.426025788,0.07067338,"26:14.4",7,"good",22.43333333,2023-10-12,"2023-10-11","2023-10-11 22:20","2023-10-12 11:08","2023-10-12 22:18",7.989913332,"black",1,"SDB","2",-73.74,45.47,"PETI",2023,10,12,13.9,7.4,10.7,0,0,36,2023-10-12 22:26:00,2023-10-12 18:26:00
"631","end",6,90349,96,0,9.69,"59:58.8",1.07847905,0.3794985,0.886415574,0.060140528,"26:03.8",11,"good",22.43333333,2025-02-15,"2025-02-14","2025-02-14 22:22","2025-02-15 11:58","2025-02-15 22:23",2.097418332,"black",1,"BDU","3",-73.74,45.47,"PETI",2025,2,15,-7.7,-14,-10.9,0.4,30,36,2025-02-15 22:26:00,2025-02-15 17:26:00
"631","end",6,90349,101,9.7,0,"59:57.4",1.334144165,0.638928009,1.099891977,0.085859544,"26:02.7",11,"good",22.43333333,2025-02-20,"2025-02-19","2025-02-19 22:29","2025-02-20 11:50","2025-02-20 22:31",-5.121798333,"black",1,"BDU","3",-73.74,45.47,"PETI",2025,2,20,-6.6,-17.5,-12.1,0,27,0,2025-02-20 22:26:00,2025-02-20 17:26:00
"206","end",1,68906,136,0,0,"59:54.8",0.849868974,0.537190876,0.269145269,0.075793694,"27:13.0",1,"good",22.45,2023-02-24,"2023-02-23","2023-02-23 22:34","2023-02-24 11:44","2023-02-24 22:36",-8.932521665,"black",1,"SDB","1",-73.74,45.47,"PETI",2023,2,24,-10.3,-16.4,-13.4,0,16,38,2023-02-24 22:27:00,2023-02-24 17:27:00
"219","end",4,68919,130,7.3,7.3,"50:22.2",1.319896787,0.845737894,0.836527219,0.208522685,"27:15.4",3,"good",22.45,2023-03-09,"2023-03-08","2023-03-08 22:52","2023-03-09 11:21","2023-03-09 22:53",-26.70975,"black",1,"SDB","1",-73.74,45.47,"PETI",2023,3,9,1.1,-5.2,-2,0,26,0,2023-03-09 22:27:00,2023-03-09 17:27:00
"225","end",5,68925,99,7.3,0,"59:56.6",1.429583375,0.677667179,1.042143817,0.129172228,"27:43.9",4,"good",22.45,2023-02-15,"2023-02-14","2023-02-14 22:21","2023-02-15 11:59","2023-02-15 22:23",4.464743332,"black",1,"SDB","1",-73.74,45.47,"PETI",2023,2,15,9.5,-1.1,4.2,2.6,25,52,2023-02-15 22:27:00,2023-02-15 17:27:00
"109","end",10,77886,87,0,9.7,"59:51.9",0.704215468,0.498703487,0.393691827,0.067071052,"27:33.9",6,"good",22.45,2024-02-05,"2024-02-04","2024-02-04 22:06","2024-02-05 12:13","2024-02-05 22:08",19.314885,"black",1,"BDU","2",-73.74,45.47,"PETI",2024,2,5,1.5,-10.5,-4.5,6,11,0,2024-02-05 22:27:00,2024-02-05 17:27:00
"124","end",4,77900,136,0,0,"59:51.0",1.078910759,0.591421356,0.617207082,0.096321634,"27:42.5",8,"good",22.45,2024-03-02,"2024-03-01","2024-03-01 22:44","2024-03-02 11:33","2024-03-02 22:45",-17.79153833,"black",1,"SDB","2",-73.74,45.47,"PETI",2024,3,2,4.5,-5.8,-0.6,2.8,0,0,2024-03-02 22:27:00,2024-03-02 17:27:00
"608","end",3,90326,113,0,0,"59:53.0",0.977715619,0.440950096,0.761222436,0.069331057,"27:06.0",9,"good",22.45,2025-02-12,"2025-02-11","2025-02-11 22:18","2025-02-12 12:03","2025-02-12 22:19",7.500534999,"black",1,"BDU","3",-73.74,45.47,"PETI",2025,2,12,-10.6,-16.8,-13.7,0,17,37,2025-02-12 22:27:00,2025-02-12 17:27:00
"206","end",1,68906,5,0,0.1,"59:57.3",0.96500245,0.519735465,0.625123028,0.114563743,"28:06.6",1,"good",22.46666667,2022-10-16,"2022-10-15","2022-10-15 22:12","2022-10-16 11:14","2022-10-16 22:10",17.45942167,"black",1,"SDB","1",-73.74,45.47,"PETI",2022,10,16,14.3,5.2,9.8,0,0,0,2022-10-16 22:28:00,2022-10-16 18:28:00
"208","end",3,68908,9,0,0,"59:54.9",1.095584899,0.53435793,0.741440954,0.106124883,"28:40.6",1,"good",22.46666667,2022-10-15,"2022-10-14","2022-10-14 22:14","2022-10-15 11:12","2022-10-15 22:12",16.259535,"black",1,"SDB","1",-73.74,45.47,"PETI",2022,10,15,18,4,11,0,0,51,2022-10-15 22:28:00,2022-10-15 18:28:00
"212","end",2,68912,116,7.3,7.3,"59:56.1",1.526125442,0.690403233,1.059157623,0.086443111,"28:12.6",2,"good",22.46666667,2023-02-16,"2023-02-15","2023-02-15 22:23","2023-02-16 11:57","2023-02-16 22:24",3.492941666,"black",1,"SDB","1",-73.74,45.47,"PETI",2023,2,16,6.8,-2.5,2.2,0,15,53,2023-02-16 22:28:00,2023-02-16 17:28:00
"219","end",4,68919,142,0,7.3,"09:48.9",1.518374116,0.934270002,0.807954337,0.349986329,"28:20.0",3,"good",22.46666667,2023-03-21,"2023-03-20","2023-03-20 23:08","2023-03-21 10:58","2023-03-21 23:09",-41.38395,"black",1,"SDB","1",-73.74,45.47,"PETI",2023,3,21,5.5,-2.2,1.6,0,0,0,2023-03-21 22:28:00,2023-03-21 18:28:00
"225","end",5,68925,105,7.3,0,"59:59.7",1.413739687,0.709993864,0.989389605,0.097336096,"28:16.1",4,"good",22.46666667,2023-02-21,"2023-02-20","2023-02-20 22:30","2023-02-21 11:49","2023-02-21 22:31",-3.630833332,"black",1,"SDB","1",-73.74,45.47,"PETI",2023,2,21,-5.1,-14,-9.6,0.7,13,33,2023-02-21 22:28:00,2023-02-21 17:28:00
"225","end",5,68925,138,0,7.3,"59:54.7",0.995158817,0.599560887,0.628604527,0.107493003,"28:18.5",4,"good",22.46666667,2023-03-26,"2023-03-25","2023-03-25 23:14","2023-03-26 10:49","2023-03-26 23:16",-47.859115,"black",1,"SDB","1",-73.74,45.47,"PETI",2023,3,26,5,1.7,3.3,0.2,2,50,2023-03-26 22:28:00,2023-03-26 18:28:00
"608","end",3,90326,115,0,48.51,"59:53.3",0.911276517,0.482960718,0.573922242,0.078162687,"28:33.3",9,"good",22.46666667,2025-02-14,"2025-02-13","2025-02-13 22:21","2025-02-14 12:00","2025-02-14 22:22",6.038321666,"black",1,"BDU","3",-73.74,45.47,"PETI",2025,2,14,-6.9,-14.7,-10.8,0,31,48,2025-02-14 22:28:00,2025-02-14 17:28:00
"631","end",6,90349,100,0,9.7,"59:55.6",1.216820176,0.479916074,0.913913481,0.068783054,"28:26.5",11,"good",22.46666667,2025-02-19,"2025-02-18","2025-02-18 22:28","2025-02-19 11:52","2025-02-19 22:29",-1.291563332,"black",1,"BDU","3",-73.74,45.47,"PETI",2025,2,19,-10.1,-17.1,-13.6,0,27,35,2025-02-19 22:28:00,2025-02-19 17:28:00
"631","end",6,90349,105,0,9.7,"59:54.2",1.155064348,0.410197051,0.858855237,0.0665219,"28:34.7",11,"good",22.46666667,2025-02-24,"2025-02-23","2025-02-23 22:35","2025-02-24 11:44","2025-02-24 22:36",-8.255171669,"black",1,"BDU","3",-73.74,45.47,"PETI",2025,2,24,6.8,-4.4,1.2,0,26,44,2025-02-24 22:28:00,2025-02-24 17:28:00
"207","end",2,68907,6,0,7.3,"59:54.0",1.333049337,0.422802928,0.913403476,0.086921894,"29:30.7",1,"good",22.48333333,2022-10-14,"2022-10-13","2022-10-13 22:15","2022-10-14 11:11","2022-10-14 22:14",15.31218667,"black",1,"SDB","1",-73.74,45.47,"PETI",2022,10,14,16.1,6,11,8.6,0,0,2022-10-14 22:29:00,2022-10-14 18:29:00
"208","end",3,68908,16,0,7.3,"59:54.8",1.218726068,0.451462158,0.807634893,0.092566237,"29:24.3",1,"good",22.48333333,2022-10-22,"2022-10-21","2022-10-21 22:02","2022-10-22 11:22","2022-10-22 22:00",28.971,"black",1,"SDB","1",-73.74,45.47,"PETI",2022,10,22,22,5,13.5,0,0,0,2022-10-22 22:29:00,2022-10-22 18:29:00
"217","end",2,68917,110,7.3,0,"59:59.8",0.929374519,0.360445569,0.805954686,0.084435841,"29:29.3",3,"good",22.48333333,2023-02-13,"2023-02-12","2023-02-12 22:18","2023-02-13 12:02","2023-02-13 22:20",9.121141668,"black",1,"SDB","1",-73.74,45.47,"PETI",2023,2,13,4.8,-4.8,0,0,26,0,2023-02-13 22:29:00,2023-02-13 17:29:00
"104","end",5,77881,100,0,58.19,"41:43.1",1.597994596,0.666400517,0.781388417,0.075947017,"29:26.0",6,"good",22.48333333,2024-02-12,"2024-02-11","2024-02-11 22:17","2024-02-12 12:04","2024-02-12 22:18",10.91646,"black",1,"SDB","2",-73.74,45.47,"PETI",2024,2,12,2.1,-3.5,-0.7,0.2,0,0,2024-02-12 22:29:00,2024-02-12 17:29:00
"104","end",5,77881,102,58.19,9.7,"50:50.8",1.436979077,0.677618708,0.719647819,0.084376037,"29:51.6",6,"good",22.48333333,2024-02-14,"2024-02-13","2024-02-13 22:19","2024-02-14 12:01","2024-02-14 22:21",8.426400002,"black",1,"SDB","2",-73.74,45.47,"PETI",2024,2,14,-4.3,-10.7,-7.5,0.7,0,53,2024-02-14 22:29:00,2024-02-14 17:29:00
"109","end",10,77886,90,0,9.7,"59:52.3",1.246962381,0.543239575,0.869751823,0.07652333,"29:30.7",6,"good",22.48333333,2024-02-08,"2024-02-07","2024-02-07 22:11","2024-02-08 12:09","2024-02-08 22:12",16.86088334,"black",1,"BDU","2",-73.74,45.47,"PETI",2024,2,8,5.5,-1,2.3,1.9,12,0,2024-02-08 22:29:00,2024-02-08 17:29:00
"625","end",9,90343,147,0,0,"18:15.1",1.472466406,0.914206153,0.774352568,0.313012167,"29:45.5",10,"good",22.48333333,2025-03-26,"2025-03-25","2025-03-25 23:15","2025-03-26 10:48","2025-03-26 23:16",-47.025065,"black",1,"SDB","3",-73.74,45.47,"PETI",2025,3,26,4.7,-0.2,2.3,0.2,0,38,2025-03-26 22:29:00,2025-03-26 18:29:00
"631","end",6,90349,90,0,0,"59:58.2",1.33845899,0.608572571,1.011219797,0.092909547,"29:08.0",11,"good",22.48333333,2025-02-09,"2025-02-08","2025-02-08 22:13","2025-02-09 12:07","2025-02-09 22:15",13.91625834,"black",1,"BDU","3",-73.74,45.47,"PETI",2025,2,9,-3.3,-9.5,-6.4,1.7,20,0,2025-02-09 22:29:00,2025-02-09 17:29:00
"645","end",7,90363,109,0,0,"59:59.0",1.179038295,0.423355965,0.757422131,0.102533816,"29:27.8",12,"good",22.48333333,2025-03-03,"2025-03-02","2025-03-02 22:45","2025-03-03 11:31","2025-03-03 22:46",-17.05328333,"black",1,"SDB","3",-73.74,45.47,"PETI",2025,3,3,-5.1,-21.7,-13.4,0,20,0,2025-03-03 22:29:00,2025-03-03 17:29:00
"206","end",1,68906,129,7.3,0,"59:59.1",1.443013162,0.557901781,1.065844274,0.081116751,"30:34.4",1,"good",22.5,2023-02-17,"2023-02-16","2023-02-16 22:24","2023-02-17 11:56","2023-02-17 22:26",4.406494999,"black",1,"SDB","1",-73.74,45.47,"PETI",2023,2,17,-2.5,-11.3,-6.9,9.1,13,60,2023-02-17 22:30:00,2023-02-17 17:30:00
"206","end",1,68906,137,7.3,0,"59:59.5",0.728409392,0.473131324,0.179715369,0.065540692,"30:34.9",1,"good",22.5,2023-02-25,"2023-02-24","2023-02-24 22:36","2023-02-25 11:43","2023-02-25 22:37",-6.969134998,"black",1,"SDB","1",-73.74,45.47,"PETI",2023,2,25,-12.3,-20,-16.2,0.9,15,0,2023-02-25 22:30:00,2023-02-25 17:30:00
"207","end",2,68907,125,7.3,0,"59:53.4",1.094541061,0.529128557,0.670155217,0.102252368,"30:57.7",1,"good",22.5,2023-02-10,"2023-02-09","2023-02-09 22:14","2023-02-10 12:06","2023-02-10 22:15",14.99573333,"black",1,"SDB","1",-73.74,45.47,"PETI",2023,2,10,5.4,-2.8,1.3,2.1,32,58,2023-02-10 22:30:00,2023-02-10 17:30:00
"208","end",3,68908,7,0,7.3,"59:54.9",1.152259611,0.468870217,0.778754291,0.104903179,"30:22.7",1,"good",22.5,2022-10-13,"2022-10-12","2022-10-12 22:17","2022-10-13 11:10","2022-10-13 22:15",14.395005,"black",1,"SDB","1",-73.74,45.47,"PETI",2022,10,13,18.7,11.2,14.9,17.9,0,59,2022-10-13 22:30:00,2022-10-13 18:30:00
"208","end",3,68908,12,7.3,0,"59:55.0",1.180921672,0.478489409,0.825680679,0.128642298,"30:37.4",1,"good",22.5,2022-10-18,"2022-10-17","2022-10-17 22:08","2022-10-18 11:16","2022-10-18 22:07",23.439705,"black",1,"SDB","1",-73.74,45.47,"PETI",2022,10,18,12.6,3.4,8,2.3,0,0,2022-10-18 22:30:00,2022-10-18 18:30:00
"209","end",4,68909,3,0,0,"59:57.9",0.993022441,0.487399732,0.407919421,0.089393731,"30:54.9",1,"good",22.5,2022-10-16,"2022-10-15","2022-10-15 22:12","2022-10-16 11:14","2022-10-16 22:10",20.26567667,"black",1,"SDB","1",-73.74,45.47,"PETI",2022,10,16,14.3,5.2,9.8,0,0,0,2022-10-16 22:30:00,2022-10-16 18:30:00
"97","end",6,77874,100,0,9.7,"59:50.8",0.985730015,0.532228973,0.494235024,0.070986273,"30:08.1",5,"good",22.5,2024-02-07,"2024-02-06","2024-02-06 22:09","2024-02-07 12:11","2024-02-07 22:11",18.95195833,"black",1,"SDB","2",-73.74,45.47,"PETI",2024,2,7,-0.2,-9.9,-5,1.7,11,0,2024-02-07 22:30:00,2024-02-07 17:30:00
"104","end",5,77881,95,0,9.7,"59:50.3",1.066771348,0.568971037,0.592543808,0.078238332,"30:56.1",6,"good",22.5,2024-02-07,"2024-02-06","2024-02-06 22:09","2024-02-07 12:11","2024-02-07 22:11",19.75094833,"black",1,"SDB","2",-73.74,45.47,"PETI",2024,2,7,-0.2,-9.9,-5,1.7,11,0,2024-02-07 22:30:00,2024-02-07 17:30:00
"104","end",5,77881,101,9.7,9.7,"20:57.4",1.314479911,0.607400252,0.665827496,0.075551321,"30:02.2",6,"good",22.5,2024-02-13,"2024-02-12","2024-02-12 22:18","2024-02-13 12:02","2024-02-13 22:19",10.05271333,"black",1,"SDB","2",-73.74,45.47,"PETI",2024,2,13,3.4,-6.8,-1.7,4.6,0,39,2024-02-13 22:30:00,2024-02-13 17:30:00
"109","end",10,77886,88,19.4,0,"59:58.5",0.72615098,0.48632271,0.34601639,0.069008638,"30:15.7",6,"good",22.5,2024-02-06,"2024-02-05","2024-02-05 22:08","2024-02-06 12:12","2024-02-06 22:09",20.54441667,"black",1,"BDU","2",-73.74,45.47,"PETI",2024,2,6,0.1,-7.3,-3.6,2.2,11,0,2024-02-06 22:30:00,2024-02-06 17:30:00
"121","end",2,77898,121,0,9.7,"59:50.8",1.093902697,0.690765927,0.576136125,0.102406616,"30:46.5",8,"good",22.5,2024-02-15,"2024-02-14","2024-02-14 22:21","2024-02-15 11:59","2024-02-15 22:22",7.875798333,"black",1,"BDU","2",-73.74,45.47,"PETI",2024,2,15,-3.1,-10.2,-6.6,3,0,0,2024-02-15 22:30:00,2024-02-15 17:30:00
"631","end",6,90349,95,0,9.7,"59:57.1",1.067227326,0.541061108,0.83126087,0.07810663,"30:43.4",11,"good",22.5,2025-02-14,"2025-02-13","2025-02-13 22:21","2025-02-14 12:00","2025-02-14 22:22",8.207281665,"black",1,"BDU","3",-73.74,45.47,"PETI",2025,2,14,-6.9,-14.7,-10.8,0,31,48,2025-02-14 22:30:00,2025-02-14 17:30:00
"206","end",1,68906,3,0,7.3,"59:54.6",0.695328399,0.482082247,0.252289767,0.101011631,"31:35.5",1,"good",22.51666667,2022-10-14,"2022-10-13","2022-10-13 22:15","2022-10-14 11:11","2022-10-14 22:14",17.39207833,"black",1,"SDB","1",-73.74,45.47,"PETI",2022,10,14,16.1,6,11,8.6,0,0,2022-10-14 22:31:00,2022-10-14 18:31:00
"207","end",2,68907,1,0,0,"59:58.7",1.073926051,0.487164529,0.63104033,0.10378893,"31:54.1",1,"good",22.51666667,2022-10-09,"2022-10-08","2022-10-08 22:25","2022-10-09 11:05","2022-10-09 22:23",8.634481668,"black",1,"SDB","1",-73.74,45.47,"PETI",2022,10,9,13.1,1.7,7.4,1.2,0,39,2022-10-09 22:31:00,2022-10-09 18:31:00
"210","end",5,68910,2,0,7.3,"59:54.2",0.8287315,0.396176982,0.540869079,0.076100989,"31:20.5",1,"good",22.51666667,2022-10-15,"2022-10-14","2022-10-14 22:14","2022-10-15 11:12","2022-10-15 22:12",18.92454167,"black",1,"SDB","1",-73.74,45.47,"PETI",2022,10,15,18,4,11,0,0,51,2022-10-15 22:31:00,2022-10-15 18:31:00
"220","end",5,68920,58,7.3,7.3,"59:56.6",0.593331366,0.515313683,0.065639506,0.050610039,"31:15.5",3,"good",22.51666667,2022-12-29,"2022-12-28","2022-12-28 21:20","2022-12-29 12:36","2022-12-29 21:21",69.9084,"black",1,"SDB","1",-73.74,45.47,"PETI",2022,12,29,6.1,-2.9,1.6,0.5,18,0,2022-12-29 22:31:00,2022-12-29 17:31:00
"225","end",5,68925,106,0,0,"59:57.2",1.417407586,0.654501567,0.956795962,0.088663332,"31:30.7",4,"good",22.51666667,2023-02-22,"2023-02-21","2023-02-21 22:31","2023-02-22 11:48","2023-02-22 22:33",-1.805765001,"black",1,"SDB","1",-73.74,45.47,"PETI",2023,2,22,-6,-11.5,-8.7,0,13,38,2023-02-22 22:31:00,2023-02-22 17:31:00
"93","end",3,77870,100,0,9.7,"59:53.9",0.938818266,0.604746089,0.350837549,0.059879652,"31:28.7",5,"good",22.51666667,2024-02-05,"2024-02-04","2024-02-04 22:06","2024-02-05 12:13","2024-02-05 22:08",23.227715,"black",1,"BDU","2",-73.74,45.47,"PETI",2024,2,5,1.5,-10.5,-4.5,6,11,0,2024-02-05 22:31:00,2024-02-05 17:31:00
"109","end",10,77886,101,0,9.7,"59:56.7",0.761791665,0.506361182,0.202978201,0.080172378,"31:02.4",6,"good",22.51666667,2024-02-19,"2024-02-18","2024-02-18 22:27","2024-02-19 11:53","2024-02-19 22:28",2.372830002,"black",1,"BDU","2",-73.74,45.47,"PETI",2024,2,19,-6.2,-14.5,-10.3,1.9,10,38,2024-02-19 22:31:00,2024-02-19 17:31:00
"617","end",2,90335,113,0,9.69,"59:55.7",0.977012514,0.358726733,0.770042369,0.054458065,"31:50.0",10,"good",22.51666667,2025-02-14,"2025-02-13","2025-02-13 22:21","2025-02-14 12:00","2025-02-14 22:22",9.316136666,"black",1,"BDU","3",-73.74,45.47,"PETI",2025,2,14,-6.9,-14.7,-10.8,0,31,48,2025-02-14 22:31:00,2025-02-14 17:31:00
"208","end",3,68908,1,0,0,"59:54.6",0.999677765,0.637708274,0.4965535,0.150884605,"32:26.5",1,"good",22.53333333,2022-10-07,"2022-10-06","2022-10-06 22:28","2022-10-07 11:02","2022-10-07 22:26",5.475838331,"black",1,"SDB","1",-73.74,45.47,"PETI",2022,10,7,16.5,3.7,10.1,0,0,45,2022-10-07 22:32:00,2022-10-07 18:32:00
"208","end",3,68908,6,0,7.3,"59:54.8",1.059298522,0.574387276,0.739155439,0.205908297,"32:48.6",1,"good",22.53333333,2022-10-12,"2022-10-11","2022-10-11 22:19","2022-10-12 11:08","2022-10-12 22:17",15.02725667,"black",1,"SDB","1",-73.74,45.47,"PETI",2022,10,12,20.3,7.3,13.8,0.2,0,36,2022-10-12 22:32:00,2022-10-12 18:32:00
"109","end",10,77886,107,0,9.7,"59:57.8",0.813646773,0.546112815,0.26800797,0.081947524,"32:30.7",6,"good",22.53333333,2024-02-25,"2024-02-24","2024-02-24 22:35","2024-02-25 11:43","2024-02-25 22:37",-4.672056667,"black",1,"BDU","2",-73.74,45.47,"PETI",2024,2,25,1.3,-12.1,-5.4,1.6,0,0,2024-02-25 22:32:00,2024-02-25 17:32:00
"206","end",1,68906,126,7.3,0,"59:53.1",1.453574903,0.689283945,1.03880493,0.103045938,"33:01.6",1,"good",22.55,2023-02-14,"2023-02-13","2023-02-13 22:20","2023-02-14 12:00","2023-02-14 22:21",11.21071167,"black",1,"SDB","1",-73.74,45.47,"PETI",2023,2,14,5.2,-2,1.6,0,25,33,2023-02-14 22:33:00,2023-02-14 17:33:00
"207","end",2,68907,134,0,7.3,"59:55.1",1.020878854,0.535012954,0.774104967,0.0826115,"33:54.6",1,"good",22.55,2023-02-19,"2023-02-18","2023-02-18 22:27","2023-02-19 11:53","2023-02-19 22:29",4.859885001,"black",1,"SDB","1",-73.74,45.47,"PETI",2023,2,19,4.8,-4.5,0.1,0,13,44,2023-02-19 22:33:00,2023-02-19 17:33:00
"212","end",2,68912,111,7.3,0,"59:54.9",1.238759472,0.33695064,0.645921426,0.079396074,"33:03.3",2,"good",22.55,2023-02-11,"2023-02-10","2023-02-10 22:15","2023-02-11 12:05","2023-02-11 22:17",15.62208167,"black",1,"SDB","1",-73.74,45.47,"PETI",2023,2,11,-0.5,-7.6,-4.1,0.5,28,38,2023-02-11 22:33:00,2023-02-11 17:33:00
"221","end",1,68921,101,36.5,7.3,"59:59.0",0.928383093,0.523601051,0.375221129,0.04910512,"33:58.5",4,"good",22.55,2023-02-11,"2023-02-10","2023-02-10 22:15","2023-02-11 12:05","2023-02-11 22:17",16.54168667,"black",1,"SDB","1",-73.74,45.47,"PETI",2023,2,11,-0.5,-7.6,-4.1,0.5,28,38,2023-02-11 22:33:00,2023-02-11 17:33:00
"97","end",6,77874,99,0,9.7,"59:55.5",0.983419223,0.559195518,0.634770349,0.074263377,"33:07.4",5,"good",22.55,2024-02-06,"2024-02-05","2024-02-05 22:08","2024-02-06 12:12","2024-02-06 22:09",23.40633,"black",1,"SDB","2",-73.74,45.47,"PETI",2024,2,6,0.1,-7.3,-3.6,2.2,11,0,2024-02-06 22:33:00,2024-02-06 17:33:00
"121","end",2,77898,119,9.7,9.7,"46:42.8",1.456183307,0.660636802,0.675668101,0.066963934,"33:27.5",8,"good",22.55,2024-02-13,"2024-02-12","2024-02-12 22:18","2024-02-13 12:02","2024-02-13 22:19",13.47517667,"black",1,"BDU","2",-73.74,45.47,"PETI",2024,2,13,3.4,-6.8,-1.7,4.6,0,39,2024-02-13 22:33:00,2024-02-13 17:33:00
"631","end",6,90349,91,0,9.7,"59:50.5",1.11705386,0.509512524,0.918524886,0.082625578,"33:41.3",11,"good",22.55,2025-02-10,"2025-02-09","2025-02-09 22:15","2025-02-10 12:06","2025-02-10 22:16",17.00548667,"black",1,"BDU","3",-73.74,45.47,"PETI",2025,2,10,-6,-11.1,-8.6,0,21,0,2025-02-10 22:33:00,2025-02-10 17:33:00
"635","end",10,90353,95,0,9.7,"59:56.6",0.579832122,0.388937807,0.138493909,0.063601291,"33:46.9",11,"good",22.55,2025-02-15,"2025-02-14","2025-02-14 22:22","2025-02-15 11:58","2025-02-15 22:23",9.815561668,"black",1,"BDU","3",-73.74,45.47,"PETI",2025,2,15,-7.7,-14,-10.9,0.4,30,36,2025-02-15 22:33:00,2025-02-15 17:33:00
"212","end",2,68912,121,7.3,0,"59:57.7",1.420989804,0.286594855,1.009434459,0.039495056,"34:48.3",2,"good",22.56666667,2023-02-21,"2023-02-20","2023-02-20 22:30","2023-02-21 11:49","2023-02-21 22:31",2.905828333,"black",1,"SDB","1",-73.74,45.47,"PETI",2023,2,21,-5.1,-14,-9.6,0.7,13,33,2023-02-21 22:34:00,2023-02-21 17:34:00
"225","end",5,68925,94,7.3,14.6,"59:57.8",1.400027438,0.747841744,0.816904043,0.118519573,"34:48.4",4,"good",22.56666667,2023-02-10,"2023-02-09","2023-02-09 22:14","2023-02-10 12:06","2023-02-10 22:15",18.840695,"black",1,"SDB","1",-73.74,45.47,"PETI",2023,2,10,5.4,-2.8,1.3,2.1,32,58,2023-02-10 22:34:00,2023-02-10 17:34:00
"225","end",5,68925,113,0,0,"59:54.1",1.032817075,0.457457025,0.663816685,0.083221482,"34:52.0",4,"good",22.56666667,2023-03-01,"2023-02-28","2023-02-28 22:41","2023-03-01 11:36","2023-03-01 22:43",-8.249871667,"black",1,"SDB","1",-73.74,45.47,"PETI",2023,3,1,2.3,-2.7,-0.2,0,27,32,2023-03-01 22:34:00,2023-03-01 17:34:00
"121","end",2,77898,117,9.7,9.7,"59:54.6",1.295905168,0.578955874,0.655255031,0.083201712,"34:43.3",8,"good",22.56666667,2024-02-11,"2024-02-10","2024-02-10 22:15","2024-02-11 12:05","2024-02-11 22:17",17.67238333,"black",1,"BDU","2",-73.74,45.47,"PETI",2024,2,11,3.8,1.5,2.7,0,2,37,2024-02-11 22:34:00,2024-02-11 17:34:00
"124","end",4,77900,118,9.7,9.7,"59:59.4",1.204701606,0.650352489,0.592456314,0.143329411,"34:57.6",8,"good",22.56666667,2024-02-13,"2024-02-12","2024-02-12 22:18","2024-02-13 12:02","2024-02-13 22:19",14.97703667,"black",1,"SDB","2",-73.74,45.47,"PETI",2024,2,13,3.4,-6.8,-1.7,4.6,0,39,2024-02-13 22:34:00,2024-02-13 17:34:00
"124","end",4,77900,120,0,0,"59:59.6",0.643308749,0.577139703,0.172944866,0.095087466,"34:38.4",8,"good",22.56666667,2024-02-15,"2024-02-14","2024-02-14 22:21","2024-02-15 11:59","2024-02-15 22:22",11.740275,"black",1,"SDB","2",-73.74,45.47,"PETI",2024,2,15,-3.1,-10.2,-6.6,3,0,0,2024-02-15 22:34:00,2024-02-15 17:34:00
"617","end",2,90335,54,9.7,0,"59:57.8",0.889751047,0.502173915,0.425370771,0.102308152,"34:27.5",10,"good",22.56666667,2024-12-17,"2024-12-16","2024-12-16 21:14","2024-12-17 12:31","2024-12-17 21:15",79.40822833,"black",1,"BDU","3",-73.74,45.47,"PETI",2024,12,17,8.3,2.9,5.6,6,0,49,2024-12-17 22:34:00,2024-12-17 17:34:00
"635","end",10,90353,74,9.7,0,"59:50.6",0.681663612,0.589055026,0.223268881,0.080743394,"34:39.6",11,"good",22.56666667,2025-01-25,"2025-01-24","2025-01-24 21:51","2025-01-25 12:25","2025-01-25 21:53",41.30968333,"black",1,"BDU","3",-73.74,45.47,"PETI",2025,1,25,-3.4,-19.9,-11.6,0.4,6,41,2025-01-25 22:34:00,2025-01-25 17:34:00
"207","end",2,68907,148,0,7.3,"59:59.9",0.546697781,0.492446058,0.059195476,0.045921325,"35:05.0",1,"good",22.58333333,2023-03-05,"2023-03-04","2023-03-04 22:47","2023-03-05 11:28","2023-03-05 22:48",-13.500155,"black",1,"SDB","1",-73.74,45.47,"PETI",2023,3,5,4.6,-3.9,0.3,0,33,0,2023-03-05 22:35:00,2023-03-05 17:35:00
"209","end",4,68909,5,7.3,7.3,"59:49.5",1.434997229,0.538234787,0.93075536,0.108421659,"35:31.3",1,"good",22.58333333,2022-10-18,"2022-10-17","2022-10-17 22:08","2022-10-18 11:16","2022-10-18 22:07",28.33771167,"black",1,"SDB","1",-73.74,45.47,"PETI",2022,10,18,12.6,3.4,8,2.3,0,0,2022-10-18 22:35:00,2022-10-18 18:35:00
"116","end",7,77893,23,0,9.7,"59:54.5",0.59857353,0.402362719,0.10233017,0.044313452,"35:51.1",7,"good",22.58333333,2023-12-15,"2023-12-14","2023-12-14 21:14","2023-12-15 12:29","2023-12-15 21:14",81.46901333,"black",1,"SDB","2",-73.74,45.47,"PETI",2023,12,15,8.1,2.6,5.4,0,1,46,2023-12-15 22:35:00,2023-12-15 17:35:00
"124","end",4,77900,139,0,0,"59:50.8",0.940206671,0.541357995,0.369286354,0.091134953,"35:08.5",8,"good",22.58333333,2024-03-05,"2024-03-04","2024-03-04 22:48","2024-03-05 11:27","2024-03-05 22:49",-14.44236333,"black",1,"SDB","2",-73.74,45.47,"PETI",2024,3,5,14.1,0.4,7.3,1,0,31,2024-03-05 22:35:00,2024-03-05 17:35:00
"617","end",2,90335,124,0,9.7,"59:57.7",0.855017381,0.404897301,0.770731571,0.077008685,"35:54.7",10,"good",22.58333333,2025-02-25,"2025-02-24","2025-02-24 22:36","2025-02-25 11:42","2025-02-25 22:38",-2.321130002,"black",1,"BDU","3",-73.74,45.47,"PETI",2025,2,25,6,1.9,3.9,3.1,24,39,2025-02-25 22:35:00,2025-02-25 17:35:00
"208","end",3,68908,10,7.3,0,"59:55.0",0.953009731,0.602811605,0.582682148,0.128499771,"36:13.2",1,"good",22.6,2022-10-16,"2022-10-15","2022-10-15 22:12","2022-10-16 11:14","2022-10-16 22:10",25.569175,"black",1,"SDB","1",-73.74,45.47,"PETI",2022,10,16,14.3,5.2,9.8,0,0,0,2022-10-16 22:36:00,2022-10-16 18:36:00
"212","end",2,68912,131,0,7.3,"00:00.0",1.5358875,0.491547034,1.046912268,0.10873423,"36:40.1",2,"good",22.6,2023-03-03,"2023-03-02","2023-03-02 22:44","2023-03-03 11:32","2023-03-03 22:45",-9.198766669,"black",1,"SDB","1",-73.74,45.47,"PETI",2023,3,3,-2.5,-10,-6.2,0.2,27,34,2023-03-03 22:36:00,2023-03-03 17:36:00
"225","end",5,68925,115,0,7.3,"59:54.1",1.332300255,0.58963772,0.923423541,0.133275893,"36:41.5",4,"good",22.6,2023-03-03,"2023-03-02","2023-03-02 22:44","2023-03-03 11:32","2023-03-03 22:45",-9.175533334,"black",1,"SDB","1",-73.74,45.47,"PETI",2023,3,3,-2.5,-10,-6.2,0.2,27,34,2023-03-03 22:36:00,2023-03-03 17:36:00
"225","end",5,68925,129,0,0,"59:59.7",1.154112044,0.45576825,0.803036154,0.074634881,"36:47.1",4,"good",22.6,2023-03-17,"2023-03-16","2023-03-16 23:03","2023-03-17 11:06","2023-03-17 23:04",-27.74824333,"black",1,"SDB","1",-73.74,45.47,"PETI",2023,3,17,6.6,1.3,4,12.4,14,49,2023-03-17 22:36:00,2023-03-17 18:36:00
"631","end",6,90349,103,0,9.7,"59:50.9",1.19923543,0.473262457,0.928854198,0.080252628,"36:16.9",11,"good",22.6,2025-02-22,"2025-02-21","2025-02-21 22:32","2025-02-22 11:47","2025-02-22 22:34",2.282491668,"black",1,"BDU","3",-73.74,45.47,"PETI",2025,2,22,-1.7,-14.5,-8.1,0,27,0,2025-02-22 22:36:00,2025-02-22 17:36:00
"206","end",1,68906,131,7.3,0,"59:53.5",1.222683813,0.642680557,0.864948292,0.091407913,"37:02.9",1,"good",22.61666667,2023-02-19,"2023-02-18","2023-02-18 22:27","2023-02-19 11:53","2023-02-19 22:29",7.998311667,"black",1,"SDB","1",-73.74,45.47,"PETI",2023,2,19,4.8,-4.5,0.1,0,13,44,2023-02-19 22:37:00,2023-02-19 17:37:00
"627","end",2,90345,109,19.4,9.7,"53:56.4",1.118116016,0.635095736,0.599378291,0.081021807,"37:28.9",11,"good",22.61666667,2025-02-19,"2025-02-18","2025-02-18 22:28","2025-02-19 11:52","2025-02-19 22:29",7.747584999,"black",1,"BDU","3",-73.74,45.47,"PETI",2025,2,19,-10.1,-17.1,-13.6,0,27,35,2025-02-19 22:37:00,2025-02-19 17:37:00
"631","end",6,90349,92,0,9.7,"59:52.0",1.027143281,0.500606406,0.798471528,0.08623059,"37:55.1",11,"good",22.61666667,2025-02-11,"2025-02-10","2025-02-10 22:16","2025-02-11 12:04","2025-02-11 22:18",19.78569,"black",1,"BDU","3",-73.74,45.47,"PETI",2025,2,11,-3.6,-12.5,-8,0,20,48,2025-02-11 22:37:00,2025-02-11 17:37:00
"225","end",5,68925,97,7.3,7.3,"59:57.1",1.215778199,0.692961441,0.879243904,0.103494829,"38:48.6",4,"good",22.63333333,2023-02-13,"2023-02-12","2023-02-12 22:18","2023-02-13 12:02","2023-02-13 22:20",18.44381667,"black",1,"SDB","1",-73.74,45.47,"PETI",2023,2,13,4.8,-4.8,0,0,26,0,2023-02-13 22:38:00,2023-02-13 17:38:00
"225","end",5,68925,103,7.3,7.3,"59:57.3",1.199144654,0.655658385,0.797536118,0.08687118,"38:56.1",4,"good",22.63333333,2023-02-19,"2023-02-18","2023-02-18 22:27","2023-02-19 11:53","2023-02-19 22:29",9.884545,"black",1,"SDB","1",-73.74,45.47,"PETI",2023,2,19,4.8,-4.5,0.1,0,13,44,2023-02-19 22:38:00,2023-02-19 17:38:00
"124","end",4,77900,125,9.7,9.7,"59:50.5",1.030647943,0.670506012,0.505080181,0.08284545,"38:41.5",8,"good",22.63333333,2024-02-20,"2024-02-19","2024-02-19 22:28","2024-02-20 11:51","2024-02-20 22:30",8.592434998,"black",1,"SDB","2",-73.74,45.47,"PETI",2024,2,20,-4.9,-13,-8.9,3.6,8,0,2024-02-20 22:38:00,2024-02-20 17:38:00
"635","end",10,90353,91,0,9.7,"59:52.6",0.642803462,0.535349512,0.127645846,0.081640517,"38:14.9",11,"good",22.63333333,2025-02-11,"2025-02-10","2025-02-10 22:16","2025-02-11 12:04","2025-02-11 22:18",20.114795,"black",1,"BDU","3",-73.74,45.47,"PETI",2025,2,11,-3.6,-12.5,-8,0,20,48,2025-02-11 22:38:00,2025-02-11 17:38:00
"221","end",1,68921,108,7.3,7.3,"59:57.7",0.942362452,0.561073547,0.347378177,0.060131625,"39:03.8",4,"good",22.65,2023-02-18,"2023-02-17","2023-02-17 22:26","2023-02-18 11:54","2023-02-18 22:27",11.447195,"black",1,"SDB","1",-73.74,45.47,"PETI",2023,2,18,0.5,-12.7,-6.1,0,14,36,2023-02-18 22:39:00,2023-02-18 17:39:00
"104","end",5,77881,103,0,9.7,"59:53.1",1.055124418,0.673005986,0.598173103,0.108299595,"39:03.6",6,"good",22.65,2024-02-15,"2024-02-14","2024-02-14 22:21","2024-02-15 11:59","2024-02-15 22:22",16.159835,"black",1,"SDB","2",-73.74,45.47,"PETI",2024,2,15,-3.1,-10.2,-6.6,3,0,0,2024-02-15 22:39:00,2024-02-15 17:39:00
"104","end",5,77881,107,19.4,0,"59:01.2",1.042586725,0.64159615,0.358598587,0.080044562,"39:00.2",6,"good",22.65,2024-02-19,"2024-02-18","2024-02-18 22:27","2024-02-19 11:53","2024-02-19 22:28",10.33633333,"black",1,"SDB","2",-73.74,45.47,"PETI",2024,2,19,-6.2,-14.5,-10.3,1.9,10,38,2024-02-19 22:39:00,2024-02-19 17:39:00
"118","end",9,77895,6,9.7,9.7,"59:57.0",1.060898689,0.522808141,0.483704711,0.070621881,"39:27.1",7,"good",22.65,2023-10-17,"2023-10-16","2023-10-16 22:11","2023-10-17 11:15","2023-10-17 22:09",30.08484833,"black",1,"SDB","2",-73.74,45.47,"PETI",2023,10,17,14.2,7.5,10.8,0.8,0,0,2023-10-17 22:39:00,2023-10-17 18:39:00
"118","end",9,77895,132,0,0,"59:51.6",1.067006831,0.643113604,0.598852008,0.082792907,"39:11.8",7,"good",22.65,2024-02-20,"2024-02-19","2024-02-19 22:28","2024-02-20 11:51","2024-02-20 22:30",9.096841665,"black",1,"SDB","2",-73.74,45.47,"PETI",2024,2,20,-4.9,-13,-8.9,3.6,8,0,2024-02-20 22:39:00,2024-02-20 17:39:00
"207","end",2,68907,2,0,7.3,"59:59.2",0.920128214,0.431175614,0.674339321,0.083991514,"40:47.4",1,"good",22.66666667,2022-10-10,"2022-10-09","2022-10-09 22:23","2022-10-10 11:06","2022-10-10 22:21",19.35672834,"black",1,"SDB","1",-73.74,45.47,"PETI",2022,10,10,11.4,1.2,6.3,0,0,0,2022-10-10 22:40:00,2022-10-10 18:40:00
"224","end",4,68924,45,7.3,7.3,"59:59.3",1.220065262,0.503732144,0.677458891,0.095501562,"40:11.1",4,"good",22.66666667,2022-12-18,"2022-12-17","2022-12-17 21:14","2022-12-18 12:32","2022-12-18 21:15",84.96758,"black",1,"SDB","1",-73.74,45.47,"PETI",2022,12,18,-0.5,-2.4,-1.4,0,28,0,2022-12-18 22:40:00,2022-12-18 17:40:00
"635","end",10,90353,89,0,9.7,"59:50.7",0.81936752,0.619171132,0.359897443,0.086129993,"40:09.4",11,"good",22.66666667,2025-02-09,"2025-02-08","2025-02-08 22:13","2025-02-09 12:07","2025-02-09 22:15",24.93919167,"black",1,"BDU","3",-73.74,45.47,"PETI",2025,2,9,-3.3,-9.5,-6.4,1.7,20,0,2025-02-09 22:40:00,2025-02-09 17:40:00
"635","end",10,90353,98,0,0,"59:54.7",0.739332507,0.483630154,0.25278701,0.081470207,"40:51.8",11,"good",22.66666667,2025-02-18,"2025-02-17","2025-02-17 22:26","2025-02-18 11:53","2025-02-18 22:28",12.56281833,"black",1,"BDU","3",-73.74,45.47,"PETI",2025,2,18,-12.7,-15.3,-14,0,27,48,2025-02-18 22:40:00,2025-02-18 17:40:00
"635","end",10,90353,105,9.7,0,"59:56.5",0.678480293,0.371647984,0.221916216,0.054683093,"40:34.4",11,"good",22.66666667,2025-02-25,"2025-02-24","2025-02-24 22:36","2025-02-25 11:42","2025-02-25 22:38",2.340558334,"black",1,"BDU","3",-73.74,45.47,"PETI",2025,2,25,6,1.9,3.9,3.1,24,39,2025-02-25 22:40:00,2025-02-25 17:40:00
"212","end",2,68912,137,0,7.3,"59:53.7",1.187286574,0.821176962,0.818871099,0.130619369,"41:40.3",2,"good",22.68333333,2023-03-09,"2023-03-08","2023-03-08 22:52","2023-03-09 11:21","2023-03-09 22:53",-12.29491667,"black",1,"SDB","1",-73.74,45.47,"PETI",2023,3,9,1.1,-5.2,-2,0,26,0,2023-03-09 22:41:00,2023-03-09 17:41:00
"216","end",1,68916,17,7.3,0,"59:55.2",0.546607043,0.481486072,0.070725594,0.058955798,"41:05.5",3,"good",22.68333333,2022-11-12,"2022-11-11","2022-11-11 21:31","2022-11-12 11:51","2022-11-12 21:30",70.241585,"black",1,"SDB","1",-73.74,45.47,"PETI",2022,11,12,14.8,6.8,10.8,26.6,0,44,2022-11-12 22:41:00,2022-11-12 17:41:00
"124","end",4,77900,121,0,9.7,"59:59.6",0.898125382,0.480839367,0.499984275,0.068695569,"41:16.1",8,"good",22.68333333,2024-02-16,"2024-02-15","2024-02-15 22:22","2024-02-16 11:58","2024-02-16 22:24",16.91882167,"black",1,"SDB","2",-73.74,45.47,"PETI",2024,2,16,-2.1,-8.4,-5.2,2,7,40,2024-02-16 22:41:00,2024-02-16 17:41:00
"124","end",4,77900,135,0,9.7,"59:51.0",1.141517865,0.633212822,0.557822957,0.101544698,"41:56.0",8,"good",22.68333333,2024-03-01,"2024-02-29","2024-02-29 22:42","2024-03-01 11:34","2024-03-01 22:44",-2.199670001,"black",1,"SDB","2",-73.74,45.47,"PETI",2024,3,1,0.1,-12.3,-6.1,0.6,0,0,2024-03-01 22:41:00,2024-03-01 17:41:00
"127","end",7,77903,130,0,9.7,"59:54.6",1.058222293,0.496172321,0.555548264,0.10146932,"41:40.3",8,"good",22.68333333,2024-02-26,"2024-02-25","2024-02-25 22:37","2024-02-26 11:41","2024-02-26 22:38",3.087573334,"black",1,"SDB","2",-73.74,45.47,"PETI",2024,2,26,5.5,-1.2,2.1,3.3,0,40,2024-02-26 22:41:00,2024-02-26 17:41:00
"617","end",2,90335,118,0,9.7,"59:56.5",0.863634307,0.363330177,0.667004989,0.063384156,"41:04.0",10,"good",22.68333333,2025-02-19,"2025-02-18","2025-02-18 22:28","2025-02-19 11:52","2025-02-19 22:29",11.33288333,"black",1,"BDU","3",-73.74,45.47,"PETI",2025,2,19,-10.1,-17.1,-13.6,0,27,35,2025-02-19 22:41:00,2025-02-19 17:41:00
"635","end",10,90353,104,9.7,9.66,"59:50.7",0.630419202,0.549661915,0.095909374,0.057077613,"41:07.3",11,"good",22.68333333,2025-02-24,"2025-02-23","2025-02-23 22:35","2025-02-24 11:44","2025-02-24 22:36",4.288036668,"black",1,"BDU","3",-73.74,45.47,"PETI",2025,2,24,6.8,-4.4,1.2,0,26,44,2025-02-24 22:41:00,2025-02-24 17:41:00
"208","end",3,68908,2,0,0,"59:54.6",1.114476581,0.629797005,0.716271636,0.159493973,"42:32.4",1,"good",22.7,2022-10-08,"2022-10-07","2022-10-07 22:26","2022-10-08 11:03","2022-10-08 22:25",17.42295167,"black",1,"SDB","1",-73.74,45.47,"PETI",2022,10,8,9.8,1.6,5.7,0,0,54,2022-10-08 22:42:00,2022-10-08 18:42:00
"222","end",2,68922,98,7.3,7.3,"59:50.8",0.843324957,0.715528753,0.182073167,0.083632444,"42:43.3",4,"good",22.7,2023-02-08,"2023-02-07","2023-02-07 22:11","2023-02-08 12:09","2023-02-08 22:13",29.68841166,"black",1,"SDB","1",-73.74,45.47,"PETI",2023,2,8,4.3,-3,0.7,0,37,37,2023-02-08 22:42:00,2023-02-08 17:42:00
"617","end",2,90335,131,0,9.7,"59:50.6",0.938208072,0.359745188,0.832344998,0.059625345,"42:15.6",10,"good",22.7,2025-03-04,"2025-03-03","2025-03-03 22:46","2025-03-04 11:29","2025-03-04 22:47",-5.624141665,"black",1,"BDU","3",-73.74,45.47,"PETI",2025,3,4,3.4,-5.5,-1,4.6,20,35,2025-03-04 22:42:00,2025-03-04 17:42:00
"631","end",6,90349,116,9.7,0,"59:57.4",1.208606114,0.550402378,0.664268228,0.109678925,"42:51.3",11,"good",22.7,2025-03-07,"2025-03-06","2025-03-06 22:50","2025-03-07 11:24","2025-03-07 22:51",-9.077586667,"black",1,"BDU","3",-73.74,45.47,"PETI",2025,3,7,0.6,-7.9,-3.6,0,5,64,2025-03-07 22:42:00,2025-03-07 17:42:00
"641","end",5,90359,11,0,9.7,"59:52.1",1.192425846,0.603864244,0.641224804,0.090491531,"42:45.9",12,"good",22.7,2024-11-25,"2024-11-24","2024-11-24 21:19","2024-11-25 12:09","2024-11-25 21:18",83.89806333,"black",1,"SDB","3",-73.74,45.47,"PETI",2024,11,25,4.3,-1.5,1.4,0,0,32,2024-11-25 22:42:00,2024-11-25 17:42:00
"645","end",7,90363,105,0,9.7,"59:58.8",1.01923233,0.47364459,0.747728598,0.066811692,"42:04.1",12,"good",22.7,2025-02-27,"2025-02-26","2025-02-26 22:39","2025-02-27 11:38","2025-02-27 22:41",1.051506666,"black",1,"SDB","3",-73.74,45.47,"PETI",2025,2,27,1.9,-4.7,-1.4,4.9,18,32,2025-02-27 22:42:00,2025-02-27 17:42:00
"104","end",5,77881,9,9.7,9.7,"35:29.4",1.034162741,0.661118744,0.429134527,0.085937016,"43:16.7",6,"good",22.71666667,2023-11-13,"2023-11-12","2023-11-12 21:31","2023-11-13 11:52","2023-11-13 21:30",73.26175,"black",1,"SDB","2",-73.74,45.47,"PETI",2023,11,13,1.4,-5.8,-2.2,0.7,0,0,2023-11-13 22:43:00,2023-11-13 17:43:00
"104","end",5,77881,271,9.7,9.7,"59:59.1",0.583066538,0.479340902,0.108151077,0.1075823,"43:41.3",6,"good",22.71666667,2024-08-01,"2024-07-31","2024-08-01 0:26","2024-08-01 9:41","2024-08-02 0:25",-101.328125,"black",1,"SDB","2",-73.74,45.47,"PETI",2024,8,1,31.2,22.4,26.8,0,0,0,2024-08-01 22:43:00,2024-08-01 18:43:00
"109","end",10,77886,95,0,9.7,"59:56.1",1.210558678,0.472371906,0.696938616,0.071458859,"43:38.3",6,"good",22.71666667,2024-02-13,"2024-02-12","2024-02-12 22:18","2024-02-13 12:02","2024-02-13 22:19",23.65459833,"black",1,"BDU","2",-73.74,45.47,"PETI",2024,2,13,3.4,-6.8,-1.7,4.6,0,39,2024-02-13 22:43:00,2024-02-13 17:43:00
"109","end",10,77886,98,9.7,19.4,"59:56.4",0.698010742,0.531061557,0.127753366,0.072769721,"43:58.0",6,"good",22.71666667,2024-02-16,"2024-02-15","2024-02-15 22:22","2024-02-16 11:58","2024-02-16 22:24",19.61671333,"black",1,"BDU","2",-73.74,45.47,"PETI",2024,2,16,-2.1,-8.4,-5.2,2,7,40,2024-02-16 22:43:00,2024-02-16 17:43:00
"109","end",10,77886,104,9.6,0.1,"59:57.0",0.811689298,0.589353555,0.251677095,0.060605511,"43:48.8",6,"good",22.71666667,2024-02-22,"2024-02-21","2024-02-21 22:31","2024-02-22 11:48","2024-02-22 22:32",10.86364667,"black",1,"BDU","2",-73.74,45.47,"PETI",2024,2,22,3.3,0.2,1.8,0.5,4,32,2024-02-22 22:43:00,2024-02-22 17:43:00
"121","end",2,77898,127,9.7,184.48,"49:27.8",1.149141969,0.624934025,0.488925069,0.077905394,"43:20.5",8,"good",22.71666667,2024-02-21,"2024-02-20","2024-02-20 22:30","2024-02-21 11:50","2024-02-21 22:31",11.80854333,"black",1,"BDU","2",-73.74,45.47,"PETI",2024,2,21,4.4,-12.4,-4,0.8,7,35,2024-02-21 22:43:00,2024-02-21 17:43:00
"217","end",2,68917,126,0,7.3,"59:56.6",1.128732883,0.409879518,0.813675618,0.100195724,"44:16.6",3,"good",22.73333333,2023-03-01,"2023-02-28","2023-02-28 22:41","2023-03-01 11:36","2023-03-01 22:43",1.159688334,"black",1,"SDB","1",-73.74,45.47,"PETI",2023,3,1,2.3,-2.7,-0.2,0,27,32,2023-03-01 22:44:00,2023-03-01 17:44:00
"118","end",9,77895,150,9.7,0,"59:58.5",1.229521877,0.680209599,0.614116029,0.140471937,"44:19.4",7,"good",22.73333333,2024-03-09,"2024-03-08","2024-03-08 22:53","2024-03-09 11:20","2024-03-09 22:54",-10.64358333,"black",1,"SDB","2",-73.74,45.47,"PETI",2024,3,9,7.9,0.8,4.4,11.3,0,58,2024-03-09 22:44:00,2024-03-09 17:44:00
"627","end",2,90345,124,0,0,"59:52.8",1.169885549,0.704823329,0.650520867,0.117703504,"44:23.5",11,"good",22.73333333,2025-03-06,"2025-03-05","2025-03-05 22:49","2025-03-06 11:26","2025-03-06 22:50",-6.192288335,"black",1,"BDU","3",-73.74,45.47,"PETI",2025,3,6,7,-7.1,-0.1,0.9,10,57,2025-03-06 22:44:00,2025-03-06 17:44:00
"221","end",1,68921,110,7.3,58.39,"59:56.5",0.843029023,0.596050756,0.251532434,0.063663005,"45:29.5",4,"good",22.75,2023-02-20,"2023-02-19","2023-02-19 22:29","2023-02-20 11:51","2023-02-20 22:30",15.00789833,"black",1,"SDB","1",-73.74,45.47,"PETI",2023,2,20,4.9,-9.1,-2.1,0,13,44,2023-02-20 22:45:00,2023-02-20 17:45:00
"104","end",5,77881,110,9.7,0,"59:56.9",1.096750993,0.59451952,0.510380399,0.080211968,"45:54.7",6,"good",22.75,2024-02-22,"2024-02-21","2024-02-21 22:31","2024-02-22 11:48","2024-02-22 22:32",12.961675,"black",1,"SDB","2",-73.74,45.47,"PETI",2024,2,22,3.3,0.2,1.8,0.5,4,32,2024-02-22 22:45:00,2024-02-22 17:45:00
"104","end",5,77881,113,9.7,0,"59:54.4",0.893937752,0.55555967,0.405709756,0.068678548,"45:13.4",6,"good",22.75,2024-02-25,"2024-02-24","2024-02-24 22:35","2024-02-25 11:43","2024-02-25 22:37",8.0403,"black",1,"SDB","2",-73.74,45.47,"PETI",2024,2,25,1.3,-12.1,-5.4,1.6,0,0,2024-02-25 22:45:00,2024-02-25 17:45:00
"118","end",9,77895,127,0,9.7,"59:57.4",1.197751079,0.750495683,0.663975,0.165201866,"45:55.3",7,"good",22.75,2024-02-15,"2024-02-14","2024-02-14 22:21","2024-02-15 11:59","2024-02-15 22:22",23.02140167,"black",1,"SDB","2",-73.74,45.47,"PETI",2024,2,15,-3.1,-10.2,-6.6,3,0,0,2024-02-15 22:45:00,2024-02-15 17:45:00
"124","end",4,77900,127,9.7,0,"59:50.6",0.826988352,0.557551476,0.338537225,0.099276839,"45:09.6",8,"good",22.75,2024-02-22,"2024-02-21","2024-02-21 22:31","2024-02-22 11:48","2024-02-22 22:32",12.20998667,"black",1,"SDB","2",-73.74,45.47,"PETI",2024,2,22,3.3,0.2,1.8,0.5,4,32,2024-02-22 22:45:00,2024-02-22 17:45:00
"121","end",2,77898,132,58.27,9.7,"59:52.2",1.145684978,0.644377868,0.541832223,0.088568882,"46:28.7",8,"good",22.76666667,2024-02-26,"2024-02-25","2024-02-25 22:37","2024-02-26 11:41","2024-02-26 22:38",7.895706666,"black",1,"BDU","2",-73.74,45.47,"PETI",2024,2,26,5.5,-1.2,2.1,3.3,0,40,2024-02-26 22:46:00,2024-02-26 17:46:00
"123","end",3,77899,30,9.7,19.4,"43:09.3",1.172235529,0.567098659,0.588811365,0.090567507,"46:54.1",8,"good",22.76666667,2023-11-17,"2023-11-16","2023-11-16 21:26","2023-11-17 11:58","2023-11-17 21:25",81.00159167,"black",1,"SDB","2",-73.74,45.47,"PETI",2023,11,17,14.3,3.2,8.8,6.4,0,49,2023-11-17 22:46:00,2023-11-17 17:46:00
"209","end",4,68909,9,14.6,14.6,"58:27.0",0.931093448,0.541671808,0.370633618,0.08078341,"47:39.0",1,"good",22.78333333,2022-10-22,"2022-10-21","2022-10-21 22:02","2022-10-22 11:22","2022-10-22 22:00",47.21603333,"black",1,"SDB","1",-73.74,45.47,"PETI",2022,10,22,22,5,13.5,0,0,0,2022-10-22 22:47:00,2022-10-22 18:47:00
"104","end",5,77881,108,0,9.7,"59:58.6",0.863407145,0.628046829,0.346793093,0.082396135,"48:51.0",6,"good",22.8,2024-02-20,"2024-02-19","2024-02-19 22:28","2024-02-20 11:51","2024-02-20 22:30",18.75015167,"black",1,"SDB","2",-73.74,45.47,"PETI",2024,2,20,-4.9,-13,-8.9,3.6,8,0,2024-02-20 22:48:00,2024-02-20 17:48:00
"118","end",9,77895,143,0,9.7,"59:57.7",1.219306794,0.632017579,0.723513033,0.094056615,"48:21.0",7,"good",22.8,2024-03-02,"2024-03-01","2024-03-01 22:44","2024-03-02 11:33","2024-03-02 22:45",2.849980001,"black",1,"SDB","2",-73.74,45.47,"PETI",2024,3,2,4.5,-5.8,-0.6,2.8,0,0,2024-03-02 22:48:00,2024-03-02 17:48:00
"625","end",9,90343,52,0,0,"59:53.1",1.312840353,0.5522852,0.689888973,0.114902945,"48:45.7",10,"good",22.8,2024-12-21,"2024-12-20","2024-12-20 21:16","2024-12-21 12:34","2024-12-21 21:16",92.14477667,"black",1,"SDB","3",-73.74,45.47,"PETI",2024,12,21,-8,-16.2,-12.1,0.2,0,37,2024-12-21 22:48:00,2024-12-21 17:48:00
"104","end",5,77881,115,0,9.7,"59:52.6",1.23278635,0.628075043,0.572878378,0.117183747,"49:04.4",6,"good",22.81666667,2024-02-27,"2024-02-26","2024-02-26 22:38","2024-02-27 11:40","2024-02-27 22:39",9.090781665,"black",1,"SDB","2",-73.74,45.47,"PETI",2024,2,27,15.1,-0.9,7.1,0.8,0,42,2024-02-27 22:49:00,2024-02-27 17:49:00
"627","end",2,90345,130,0,9.7,"59:55.0",1.073177611,0.422386158,0.764665936,0.092361874,"49:45.7",11,"good",22.81666667,2025-03-12,"2025-03-11","2025-03-11 22:57","2025-03-12 11:15","2025-03-12 22:58",-8.838648335,"black",1,"BDU","3",-73.74,45.47,"PETI",2025,3,12,-1.8,-7.7,-4.7,0,1,0,2025-03-12 22:49:00,2025-03-12 18:49:00
"209","end",4,68909,110,0,7.3,"59:56.8",1.203842816,0.717398395,0.690865273,0.097781697,"50:50.8",1,"good",22.83333333,2023-01-31,"2023-01-30","2023-01-30 21:59","2023-01-31 12:19","2023-01-31 22:01",49.54627,"black",1,"SDB","1",-73.74,45.47,"PETI",2023,1,31,-7.6,-19.1,-13.4,1.2,41,32,2023-01-31 22:50:00,2023-01-31 17:50:00
"215","end",5,68915,28,7.3,2080.25,"59:52.8",0.985256809,0.662791965,0.327176348,0.077506812,"50:03.1",2,"good",22.83333333,2022-11-22,"2022-11-21","2022-11-21 21:22","2022-11-22 12:05","2022-11-22 21:21",88.73532667,"black",1,"SDB","1",-73.74,45.47,"PETI",2022,11,22,0.8,-6.4,-2.8,0,3,48,2022-11-22 22:50:00,2022-11-22 17:50:00
"608","end",3,90326,56,0,0,"59:59.5",0.957688538,0.290466527,0.58450754,0.033091833,"51:07.8",9,"good",22.85,2024-12-17,"2024-12-16","2024-12-16 21:14","2024-12-17 12:31","2024-12-17 21:15",96.08074167,"black",1,"BDU","3",-73.74,45.47,"PETI",2024,12,17,8.3,2.9,5.6,6,0,49,2024-12-17 22:51:00,2024-12-17 17:51:00
"207","end",2,68907,173,0,7.3,"59:53.6",0.702188172,0.585223714,0.118225411,0.061513822,"52:58.9",1,"good",22.86666667,2023-03-30,"2023-03-29","2023-03-29 23:20","2023-03-30 10:41","2023-03-30 23:21",-28.30108167,"black",1,"SDB","1",-73.74,45.47,"PETI",2023,3,30,0.6,-7.8,-3.6,0,0,55,2023-03-30 22:52:00,2023-03-30 18:52:00
"97","end",6,77874,52,9.7,0,"59:50.7",0.927206448,0.48823478,0.460490428,0.051954072,"53:44.0",5,"good",22.88333333,2023-12-21,"2023-12-20","2023-12-20 21:15","2023-12-21 12:33","2023-12-21 21:16",97.45005333,"black",1,"SDB","2",-73.74,45.47,"PETI",2023,12,21,-3.9,-9.2,-6.5,1,0,39,2023-12-21 22:53:00,2023-12-21 17:53:00
"617","end",2,90335,147,0,9.7,"59:53.0",0.622567554,0.516410367,0.406273948,0.076809066,"53:46.5",10,"good",22.88333333,2025-03-20,"2025-03-19","2025-03-19 23:07","2025-03-20 10:59","2025-03-20 23:09",-15.27484334,"black",1,"BDU","3",-73.74,45.47,"PETI",2025,3,20,19.6,6.2,12.9,0.2,1,48,2025-03-20 22:53:00,2025-03-20 18:53:00
"225","end",5,68925,122,0,7.3,"59:56.7",1.350294965,0.48535089,0.919722659,0.087896874,"54:15.2",4,"good",22.9,2023-03-10,"2023-03-09","2023-03-09 22:53","2023-03-10 11:19","2023-03-10 22:55",-1.063226668,"black",1,"SDB","1",-73.74,45.47,"PETI",2023,3,10,-0.3,-8.9,-4.6,0,25,0,2023-03-10 22:54:00,2023-03-10 17:54:00
"102","end",3,77879,2,0,9.7,"59:51.9",0.778558542,0.494321854,0.252879769,0.072032083,"54:43.3",6,"good",22.9,2023-11-05,"2023-11-04","2023-11-04 21:41","2023-11-05 11:41","2023-11-05 21:39",74.93771833,"black",1,"SDB","2",-73.74,45.47,"PETI",2023,11,5,8.5,0,4.3,1.3,0,0,2023-11-05 22:54:00,2023-11-05 17:54:00
"104","end",5,77881,117,9.7,0,"58:33.2",1.253429756,0.708622624,0.547236675,0.120524815,"54:22.7",6,"good",22.9,2024-02-29,"2024-02-28","2024-02-28 22:41","2024-02-29 11:36","2024-02-29 22:42",11.62851,"black",1,"SDB","2",-73.74,45.47,"PETI",2024,2,29,-8,-12.5,-10.2,0.5,0,64,2024-02-29 22:54:00,2024-02-29 17:54:00
"109","end",10,77886,113,0,9.7,"59:57.6",0.668251651,0.497332305,0.133123869,0.091988984,"54:29.6",6,"good",22.9,2024-03-02,"2024-03-01","2024-03-01 22:44","2024-03-02 11:33","2024-03-02 22:45",8.992750001,"black",1,"BDU","2",-73.74,45.47,"PETI",2024,3,2,4.5,-5.8,-0.6,2.8,0,0,2024-03-02 22:54:00,2024-03-02 17:54:00
"217","end",2,68917,151,0,0,"59:54.9",1.13562355,0.677635973,0.646608326,0.115564057,"55:48.3",3,"good",22.91666667,2023-03-26,"2023-03-25","2023-03-25 23:14","2023-03-26 10:49","2023-03-26 23:16",-20.36163667,"black",1,"SDB","1",-73.74,45.47,"PETI",2023,3,26,5,1.7,3.3,0.2,2,50,2023-03-26 22:55:00,2023-03-26 18:55:00
"104","end",5,77881,118,9.7,0,"40:06.7",1.014157,0.63020596,0.415017613,0.089144615,"55:20.1",6,"good",22.91666667,2024-03-01,"2024-02-29","2024-02-29 22:42","2024-03-01 11:34","2024-03-01 22:44",11.20132,"black",1,"SDB","2",-73.74,45.47,"PETI",2024,3,1,0.1,-12.3,-6.1,0.6,0,0,2024-03-01 22:55:00,2024-03-01 17:55:00
"124","end",4,77900,131,9.7,9.7,"59:50.8",1.04011088,0.585102698,0.50464824,0.080478562,"55:11.2",8,"good",22.91666667,2024-02-26,"2024-02-25","2024-02-25 22:37","2024-02-26 11:41","2024-02-26 22:38",16.60323833,"black",1,"SDB","2",-73.74,45.47,"PETI",2024,2,26,5.5,-1.2,2.1,3.3,0,40,2024-02-26 22:55:00,2024-02-26 17:55:00
"627","end",2,90345,133,0,9.7,"59:55.6",0.95493201,0.630739268,0.534482123,0.100098492,"56:14.2",11,"good",22.93333333,2025-03-15,"2025-03-14","2025-03-14 23:01","2025-03-15 11:09","2025-03-15 23:02",-6.313230002,"black",1,"BDU","3",-73.74,45.47,"PETI",2025,3,15,16.4,0.2,8.3,0,1,0,2025-03-15 22:56:00,2025-03-15 18:56:00
"206","end",1,68906,143,0,7.3,"59:57.4",1.33245316,0.729236647,0.974083668,0.169865722,"57:03.9",1,"good",22.95,2023-03-03,"2023-03-02","2023-03-02 22:44","2023-03-03 11:32","2023-03-03 22:45",11.19851167,"black",1,"SDB","1",-73.74,45.47,"PETI",2023,3,3,-2.5,-10,-6.2,0.2,27,34,2023-03-03 22:57:00,2023-03-03 17:57:00
"121","end",2,77898,131,9.7,9.7,"16:56.7",1.026563705,0.619145141,0.480097335,0.066560315,"57:03.7",8,"good",22.95,2024-02-25,"2024-02-24","2024-02-24 22:35","2024-02-25 11:43","2024-02-25 22:37",19.87840166,"black",1,"BDU","2",-73.74,45.47,"PETI",2024,2,25,1.3,-12.1,-5.4,1.6,0,0,2024-02-25 22:57:00,2024-02-25 17:57:00
"635","end",10,90353,92,0,0,"59:58.6",0.570947645,0.481280188,0.121748652,0.077214718,"57:15.5",11,"good",22.95,2025-02-12,"2025-02-11","2025-02-11 22:18","2025-02-12 12:03","2025-02-12 22:19",37.65768167,"black",1,"BDU","3",-73.74,45.47,"PETI",2025,2,12,-10.6,-16.8,-13.7,0,17,37,2025-02-12 22:57:00,2025-02-12 17:57:00
"608","end",3,90326,28,0,9.7,"59:52.9",0.473978825,0.415261068,0.254292819,0.046976172,"58:08.0",9,"good",22.96666667,2024-11-19,"2024-11-18","2024-11-18 21:24","2024-11-19 12:02","2024-11-19 21:23",94.75028667,"black",1,"BDU","3",-73.74,45.47,"PETI",2024,11,19,10.9,0.9,5.9,0,0,0,2024-11-19 22:58:00,2024-11-19 17:58:00
"208","end",3,68908,3,0,0,"59:54.7",0.963086039,0.529614274,0.503329753,0.138734038,"59:27.0",1,"good",22.98333333,2022-10-09,"2022-10-08","2022-10-08 22:25","2022-10-09 11:05","2022-10-09 22:23",36.18325,"black",1,"SDB","1",-73.74,45.47,"PETI",2022,10,9,13.1,1.7,7.4,1.2,0,39,2022-10-09 22:59:00,2022-10-09 18:59:00
"118","end",9,77895,152,0,9.7,"59:26.9",1.134617379,0.694760289,0.557219331,0.132531344,"59:18.8",7,"good",22.98333333,2024-03-11,"2024-03-10","2024-03-10 22:56","2024-03-11 11:16","2024-03-11 22:57",1.697163332,"black",1,"SDB","2",-73.74,45.47,"PETI",2024,3,11,3.2,-3.1,0,0.7,4,69,2024-03-11 22:59:00,2024-03-11 18:59:00
"121","end",2,77898,144,0,9.7,"59:54.9",1.510693483,0.686247728,0.669952655,0.115544894,"59:27.4",8,"good",22.98333333,2024-03-09,"2024-03-08","2024-03-08 22:53","2024-03-09 11:20","2024-03-09 22:54",4.489208333,"black",1,"BDU","2",-73.74,45.47,"PETI",2024,3,9,7.9,0.8,4.4,11.3,0,58,2024-03-09 22:59:00,2024-03-09 17:59:00
"210","end",5,68910,161,0,7.3,"59:57.4",0.438901732,0.316298134,0.119665961,0.0408544,"00:28.1",1,"good",23,2023-03-23,"2023-03-22","2023-03-22 23:11","2023-03-23 10:55","2023-03-23 23:12",-11.83096833,"black",1,"SDB","1",-73.74,45.47,"PETI",2023,3,23,3,-0.1,1.4,9,0,0,2023-03-23 23:00:00,2023-03-23 19:00:00
"92","end",2,77869,6,0,0,"59:58.6",0.426636781,0.383389896,0.055775847,0.048554075,"00:29.4",5,"good",23,2023-11-03,"2023-11-02","2023-11-02 21:43","2023-11-03 11:38","2023-11-03 21:42",77.98978667,"black",1,"BDU","2",-73.74,45.47,"PETI",2023,11,3,13.5,4.6,9.1,1.1,0,49,2023-11-03 23:00:00,2023-11-03 19:00:00
"216","end",1,68916,16,7.3,0,"59:58.7",0.636145084,0.570852427,0.102196659,0.076162421,"01:20.7",3,"good",23.01666667,2022-11-11,"2022-11-10","2022-11-10 21:33","2022-11-11 11:50","2022-11-11 21:31",89.36127167,"black",1,"SDB","1",-73.74,45.47,"PETI",2022,11,11,16.8,7.1,12,38.8,0,0,2022-11-11 23:01:00,2022-11-11 18:01:00
"109","end",10,77886,105,0,19.3,"59:54.0",0.658856076,0.521221335,0.139872973,0.063431865,"01:42.3",6,"good",23.01666667,2024-02-23,"2024-02-22","2024-02-22 22:32","2024-02-23 11:46","2024-02-23 22:34",27.33757167,"black",1,"BDU","2",-73.74,45.47,"PETI",2024,2,23,7,-9.9,-1.5,0.8,1,37,2024-02-23 23:01:00,2024-02-23 18:01:00
"617","end",2,90335,150,0,9.7,"59:53.4",0.951504852,0.414869435,0.64729299,0.068369625,"02:30.6",10,"good",23.03333333,2025-03-23,"2025-03-22","2025-03-22 23:11","2025-03-23 10:54","2025-03-23 23:12",-10.40649833,"black",1,"BDU","3",-73.74,45.47,"PETI",2025,3,23,-1.2,-10,-5.6,0.2,0,36,2025-03-23 23:02:00,2025-03-23 19:02:00
"631","end",6,90349,107,9.7,0,"59:59.3",1.052104435,0.413605551,0.810358736,0.069670251,"02:07.4",11,"good",23.03333333,2025-02-26,"2025-02-25","2025-02-25 22:38","2025-02-26 11:40","2025-02-26 22:39",22.50628,"black",1,"BDU","3",-73.74,45.47,"PETI",2025,2,26,2.3,-4,-0.9,0,19,0,2025-02-26 23:02:00,2025-02-26 18:02:00
"635","end",10,90353,94,9.7,0,"59:50.8",0.582621501,0.55514736,0.130398879,0.068736468,"02:27.7",11,"good",23.03333333,2025-02-14,"2025-02-13","2025-02-13 22:21","2025-02-14 12:00","2025-02-14 22:22",39.94582333,"black",1,"BDU","3",-73.74,45.47,"PETI",2025,2,14,-6.9,-14.7,-10.8,0,31,48,2025-02-14 23:02:00,2025-02-14 18:02:00
"635","end",10,90353,113,0,9.7,"59:54.5",0.636949868,0.422511913,0.18831285,0.062405746,"03:19.9",11,"good",23.05,2025-03-05,"2025-03-04","2025-03-04 22:47","2025-03-05 11:28","2025-03-05 22:49",14.09835667,"black",1,"BDU","3",-73.74,45.47,"PETI",2025,3,5,8.6,0.9,4.8,6.4,22,47,2025-03-05 23:03:00,2025-03-05 18:03:00
"109","end",10,77886,108,0,9.7,"59:54.7",0.588214718,0.516703834,0.102916004,0.076215056,"05:26.2",6,"good",23.08333333,2024-02-26,"2024-02-25","2024-02-25 22:37","2024-02-26 11:41","2024-02-26 22:38",26.852655,"black",1,"BDU","2",-73.74,45.47,"PETI",2024,2,26,5.5,-1.2,2.1,3.3,0,40,2024-02-26 23:05:00,2024-02-26 18:05:00
"121","end",2,77898,138,48.5,0,"59:32.4",1.079516412,0.650338487,0.417507219,0.081826675,"05:03.8",8,"good",23.08333333,2024-03-03,"2024-03-02","2024-03-02 22:45","2024-03-03 11:31","2024-03-03 22:46",18.195925,"black",1,"BDU","2",-73.74,45.47,"PETI",2024,3,3,9.5,0.4,4.9,2.7,0,0,2024-03-03 23:05:00,2024-03-03 18:05:00
"225","end",5,68925,131,0,0,"59:59.0",1.354289205,0.501258471,0.803273821,0.098232234,"06:49.3",4,"good",23.1,2023-03-19,"2023-03-18","2023-03-18 23:05","2023-03-19 11:02","2023-03-19 23:07",-0.311848334,"black",1,"SDB","1",-73.74,45.47,"PETI",2023,3,19,-2.7,-6,-4.4,0,3,58,2023-03-19 23:06:00,2023-03-19 19:06:00
"118","end",9,77895,146,9.7,9.7,"59:53.8",1.148270125,0.638026565,0.525315415,0.090583942,"06:42.9",7,"good",23.1,2024-03-05,"2024-03-04","2024-03-04 22:48","2024-03-05 11:27","2024-03-05 22:49",17.131355,"black",1,"SDB","2",-73.74,45.47,"PETI",2024,3,5,14.1,0.4,7.3,1,0,31,2024-03-05 23:06:00,2024-03-05 18:06:00
"127","end",7,77903,145,9.7,0,"59:52.3",1.086425755,0.584046057,0.59090902,0.101371303,"06:12.2",8,"good",23.1,2024-03-12,"2024-03-11","2024-03-11 22:57","2024-03-12 11:14","2024-03-12 22:58",7.270543333,"black",1,"SDB","2",-73.74,45.47,"PETI",2024,3,12,8.7,-1.9,3.4,0,0,41,2024-03-12 23:06:00,2024-03-12 19:06:00
"104","end",5,77881,121,38.8,0,"59:57.1",1.418378446,0.619954821,0.598623183,0.08473152,"08:03.7",6,"good",23.13333333,2024-03-04,"2024-03-03","2024-03-03 22:46","2024-03-04 11:29","2024-03-04 22:48",19.82884667,"black",1,"SDB","2",-73.74,45.47,"PETI",2024,3,4,9.3,0,4.6,0.5,0,0,2024-03-04 23:08:00,2024-03-04 18:08:00
"617","end",2,90335,140,0,0,"59:52.2",1.032570811,0.391758733,0.780703617,0.057870231,"07:59.1",10,"good",23.13333333,2025-03-13,"2025-03-12","2025-03-12 22:58","2025-03-13 11:13","2025-03-13 22:59",8.068853335,"black",1,"BDU","3",-73.74,45.47,"PETI",2025,3,13,6.5,-8.1,-0.8,0,1,0,2025-03-13 23:08:00,2025-03-13 19:08:00
"206","end",1,68906,156,7.3,94.89,"59:51.8",1.26480188,0.835456953,0.964390031,0.115295857,"10:50.4",1,"good",23.16666667,2023-03-16,"2023-03-15","2023-03-15 23:01","2023-03-16 11:08","2023-03-16 23:03",7.622891668,"black",1,"SDB","1",-73.74,45.47,"PETI",2023,3,16,2.6,-0.7,0.9,0,15,34,2023-03-16 23:10:00,2023-03-16 19:10:00
"109","end",10,77886,115,0,9.7,"59:51.4",0.862558559,0.522978439,0.408937752,0.069492338,"10:33.3",6,"good",23.16666667,2024-03-04,"2024-03-03","2024-03-03 22:46","2024-03-04 11:29","2024-03-04 22:48",22.321425,"black",1,"BDU","2",-73.74,45.47,"PETI",2024,3,4,9.3,0,4.6,0.5,0,0,2024-03-04 23:10:00,2024-03-04 18:10:00
"118","end",9,77895,160,0,9.7,"59:55.5",1.243631999,0.768840784,0.557975072,0.160037154,"10:27.6",7,"good",23.16666667,2024-03-19,"2024-03-18","2024-03-18 23:06","2024-03-19 11:01","2024-03-19 23:08",2.377448332,"black",1,"SDB","2",-73.74,45.47,"PETI",2024,3,19,1.3,-4.1,-1.4,0.8,0,39,2024-03-19 23:10:00,2024-03-19 19:10:00
"127","end",7,77903,144,0,9.7,"59:53.8",0.978999723,0.590638937,0.448923914,0.07550896,"10:45.3",8,"good",23.16666667,2024-03-11,"2024-03-10","2024-03-10 22:56","2024-03-11 11:16","2024-03-11 22:57",13.13854167,"black",1,"SDB","2",-73.74,45.47,"PETI",2024,3,11,3.2,-3.1,0,0.7,4,69,2024-03-11 23:10:00,2024-03-11 19:10:00
"206","end",1,68906,151,7.3,7.3,"59:58.5",1.609832204,0.721595245,1.045754249,0.124245251,"11:48.2",1,"good",23.18333333,2023-03-11,"2023-03-10","2023-03-10 22:55","2023-03-11 11:17","2023-03-11 22:56",15.16957833,"black",1,"SDB","1",-73.74,45.47,"PETI",2023,3,11,3.3,-6.8,-1.7,0,25,33,2023-03-11 23:11:00,2023-03-11 18:11:00
"206","end",1,68906,155,14.6,36.49,"54:40.8",1.572696855,0.790680642,0.937471855,0.120863746,"11:00.5",1,"good",23.18333333,2023-03-15,"2023-03-14","2023-03-14 23:00","2023-03-15 11:10","2023-03-15 23:01",9.091488334,"black",1,"SDB","1",-73.74,45.47,"PETI",2023,3,15,6.8,-0.9,3,0,18,43,2023-03-15 23:11:00,2023-03-15 19:11:00
"217","end",2,68917,161,0,7.3,"59:56.3",1.466657147,0.656635137,0.944190682,0.099617955,"11:23.9",3,"good",23.18333333,2023-04-05,"2023-04-04","2023-04-04 23:27","2023-04-05 10:30","2023-04-05 23:28",-17.56798,"black",1,"SDB","1",-73.74,45.47,"PETI",2023,4,5,0.5,-2.5,-1,21.4,0,114,2023-04-05 23:11:00,2023-04-05 19:11:00
"104","end",5,77881,135,0,9.7,"59:55.0",1.278282363,0.621413714,0.591833078,0.088833119,"11:15.6",6,"good",23.18333333,2024-03-18,"2024-03-17","2024-03-17 23:05","2024-03-18 11:03","2024-03-18 23:06",4.459706668,"black",1,"SDB","2",-73.74,45.47,"PETI",2024,3,18,3.5,-1,1.2,1.7,0,40,2024-03-18 23:11:00,2024-03-18 19:11:00
"124","end",4,77900,142,0,0,"59:50.6",0.822945134,0.52082618,0.276685052,0.073963413,"11:01.4",8,"good",23.18333333,2024-03-08,"2024-03-07","2024-03-07 22:52","2024-03-08 11:22","2024-03-08 22:53",17.39068,"black",1,"SDB","2",-73.74,45.47,"PETI",2024,3,8,7,-1.8,2.6,0.9,0,0,2024-03-08 23:11:00,2024-03-08 18:11:00
"207","end",2,68907,170,7.3,0,"59:56.0",0.513346254,0.440735666,0.087875109,0.040886981,"14:18.8",1,"good",23.23333333,2023-03-27,"2023-03-26","2023-03-26 23:16","2023-03-27 10:47","2023-03-27 23:17",-3.136201668,"black",1,"SDB","1",-73.74,45.47,"PETI",2023,3,27,7.2,-1.6,2.8,0,0,0,2023-03-27 23:14:00,2023-03-27 19:14:00
"635","end",10,90353,115,0,9.7,"59:56.4",0.776734259,0.587362356,0.163456824,0.09713511,"14:01.9",11,"good",23.23333333,2025-03-07,"2025-03-06","2025-03-06 22:50","2025-03-07 11:24","2025-03-07 22:51",22.09894333,"black",1,"BDU","3",-73.74,45.47,"PETI",2025,3,7,0.6,-7.9,-3.6,0,5,64,2025-03-07 23:14:00,2025-03-07 18:14:00
"206","end",1,68906,159,0,7.3,"59:58.6",1.324102676,0.607160335,0.763952628,0.087435393,"15:27.2",1,"good",23.25,2023-03-19,"2023-03-18","2023-03-18 23:05","2023-03-19 11:02","2023-03-19 23:07",8.319231665,"black",1,"SDB","1",-73.74,45.47,"PETI",2023,3,19,-2.7,-6,-4.4,0,3,58,2023-03-19 23:15:00,2023-03-19 19:15:00
"208","end",3,68908,34,0,7.3,"59:56.1",0.52513576,0.440024825,0.095499681,0.067571285,"15:17.2",1,"good",23.25,2022-11-09,"2022-11-08","2022-11-08 21:35","2022-11-09 11:47","2022-11-09 21:34",100.9372517,"black",1,"SDB","1",-73.74,45.47,"PETI",2022,11,9,8.9,-3.6,2.7,0,0,0,2022-11-09 23:15:00,2022-11-09 18:15:00
"625","end",9,90343,144,0,9.7,"59:51.4",1.534271714,0.500447755,0.880312614,0.089834938,"15:34.0",10,"good",23.25,2025-03-23,"2025-03-22","2025-03-22 23:11","2025-03-23 10:54","2025-03-23 23:12",2.649751667,"black",1,"SDB","3",-73.74,45.47,"PETI",2025,3,23,-1.2,-10,-5.6,0.2,0,36,2025-03-23 23:15:00,2025-03-23 19:15:00
"212","end",2,68912,157,0,7.3,"59:59.4",1.189815343,0.619872128,0.556044144,0.103208149,"16:55.5",2,"good",23.26666667,2023-03-29,"2023-03-28","2023-03-28 23:18","2023-03-29 10:43","2023-03-29 23:20",-3.091679998,"black",1,"SDB","1",-73.74,45.47,"PETI",2023,3,29,9.7,-4.5,2.6,0.5,0,61,2023-03-29 23:16:00,2023-03-29 19:16:00
"109","end",10,77886,134,9.7,9.7,"59:50.5",0.92221366,0.542760494,0.558634972,0.07236423,"16:40.9",6,"good",23.26666667,2024-03-23,"2024-03-22","2024-03-22 23:11","2024-03-23 10:53","2024-03-23 23:13",3.431233335,"black",1,"BDU","2",-73.74,45.47,"PETI",2024,3,23,-3.9,-11.1,-7.5,3.3,0,41,2024-03-23 23:16:00,2024-03-23 19:16:00
"130","end",9,77905,9,9.7,9.7,"59:58.9",0.686788041,0.549478752,0.144974532,0.079501777,"16:00.8",8,"good",23.26666667,2023-11-01,"2023-10-31","2023-10-31 21:46","2023-11-01 11:35","2023-11-01 21:45",90.680645,"black",1,"BDU","2",-73.74,45.47,"PETI",2023,11,1,2.4,-1.9,0.2,0.8,0,31,2023-11-01 23:16:00,2023-11-01 19:16:00
"225","end",5,68925,142,7.3,0,"59:55.7",0.824551554,0.468974983,0.332650978,0.064564662,"16:59.1",4,"good",23.28333333,2023-03-30,"2023-03-29","2023-03-29 23:20","2023-03-30 10:41","2023-03-30 23:21",-4.298006666,"black",1,"SDB","1",-73.74,45.47,"PETI",2023,3,30,0.6,-7.8,-3.6,0,0,55,2023-03-30 23:17:00,2023-03-30 19:17:00
"124","end",4,77900,141,0,67.89,"47:23.8",1.225753281,0.691617729,0.708870214,0.070887695,"19:16.1",8,"good",23.31666667,2024-03-07,"2024-03-06","2024-03-06 22:50","2024-03-07 11:23","2024-03-07 22:52",26.98555167,"black",1,"SDB","2",-73.74,45.47,"PETI",2024,3,7,8.6,0.5,4.5,2.4,0,46,2024-03-07 23:19:00,2024-03-07 18:19:00
"631","end",6,90349,123,9.7,0,"00:00.0",1.110572811,0.559710194,0.724609346,0.078027619,"20:23.9",11,"good",23.33333333,2025-03-14,"2025-03-13","2025-03-13 22:59","2025-03-14 11:11","2025-03-14 23:01",19.16488167,"black",1,"BDU","3",-73.74,45.47,"PETI",2025,3,14,11.1,-6,2.5,0,1,0,2025-03-14 23:20:00,2025-03-14 19:20:00
"104","end",5,77881,218,0,9.7,"59:51.4",0.549588989,0.452358895,0.099331912,0.072907634,"21:03.7",6,"good",23.35,2024-06-09,"2024-06-08","2024-06-09 0:43","2024-06-09 9:08","2024-06-10 0:44",-83.17218333,"black",1,"SDB","2",-73.74,45.47,"PETI",2024,6,9,19.2,13.5,16.3,6,0,43,2024-06-09 23:21:00,2024-06-09 19:21:00
"109","end",10,77886,130,0,9.7,"59:53.5",0.777862542,0.44928429,0.391533797,0.063431593,"21:05.5",6,"good",23.35,2024-03-19,"2024-03-18","2024-03-18 23:06","2024-03-19 11:01","2024-03-19 23:08",13.00811333,"black",1,"BDU","2",-73.74,45.47,"PETI",2024,3,19,1.3,-4.1,-1.4,0.8,0,39,2024-03-19 23:21:00,2024-03-19 19:21:00
"206","end",1,68906,161,7.3,14.6,"59:53.1",1.256990431,0.729408961,0.88950603,0.105890908,"25:34.8",1,"good",23.41666667,2023-03-21,"2023-03-20","2023-03-20 23:08","2023-03-21 10:58","2023-03-21 23:09",15.86367667,"black",1,"SDB","1",-73.74,45.47,"PETI",2023,3,21,5.5,-2.2,1.6,0,0,0,2023-03-21 23:25:00,2023-03-21 19:25:00
"104","end",5,77881,139,9.7,0,"59:51.7",0.862288946,0.578981797,0.254233018,0.087117704,"25:45.2",6,"good",23.41666667,2024-03-22,"2024-03-21","2024-03-21 23:10","2024-03-22 10:55","2024-03-22 23:11",13.78684667,"black",1,"SDB","2",-73.74,45.47,"PETI",2024,3,22,-3.6,-11.3,-7.4,0.2,0,43,2024-03-22 23:25:00,2024-03-22 19:25:00
"641","end",5,90359,78,5033.58,19.4,"59:52.4",1.046222137,0.635165283,0.529755699,0.07542744,"25:07.2",12,"good",23.41666667,2025-01-31,"2025-01-30","2025-01-30 22:00","2025-01-31 12:18","2025-01-31 22:02",83.12020333,"black",1,"SDB","3",-73.74,45.47,"PETI",2025,1,31,-2.5,-11.6,-7,0.2,15,43,2025-01-31 23:25:00,2025-01-31 18:25:00
"645","end",7,90363,139,19.4,9.7,"59:50.4",1.405139606,0.687274498,0.910625961,0.075202574,"25:05.2",12,"good",23.41666667,2025-04-02,"2025-04-01","2025-04-01 23:24","2025-04-02 10:35","2025-04-02 23:25",-0.663704999,"black",1,"SDB","3",-73.74,45.47,"PETI",2025,4,2,1.8,-7.2,-2.7,1.2,0,38,2025-04-02 23:25:00,2025-04-02 19:25:00
"104","end",5,77881,136,0,0,"59:54.2",0.806882653,0.632856229,0.201404913,0.084554028,"31:46.5",6,"good",23.51666667,2024-03-19,"2024-03-18","2024-03-18 23:06","2024-03-19 11:01","2024-03-19 23:08",23.69250167,"black",1,"SDB","2",-73.74,45.47,"PETI",2024,3,19,1.3,-4.1,-1.4,0.8,0,39,2024-03-19 23:31:00,2024-03-19 19:31:00
"121","end",2,77898,153,19.4,9.7,"59:47.4",1.391691686,0.666306758,0.739651551,0.112402517,"34:34.4",8,"good",23.56666667,2024-03-18,"2024-03-17","2024-03-17 23:05","2024-03-18 11:03","2024-03-18 23:06",27.772795,"black",1,"BDU","2",-73.74,45.47,"PETI",2024,3,18,3.5,-1,1.2,1.7,0,40,2024-03-18 23:34:00,2024-03-18 19:34:00
"219","end",4,68919,24,0,0,"59:53.7",0.449408759,0.40806664,0.088513166,0.053550578,"35:12.0",3,"good",23.58333333,2022-11-23,"2022-11-22","2022-11-22 21:21","2022-11-23 12:06","2022-11-23 21:20",134.6340733,"black",1,"SDB","1",-73.74,45.47,"PETI",2022,11,23,2.4,-4.1,-0.9,0,3,0,2022-11-23 23:35:00,2022-11-23 18:35:00
"625","end",9,90343,156,9.7,9.7,"59:55.7",1.276532322,0.616983072,0.73621307,0.094833381,"36:29.4",10,"good",23.6,2025-04-04,"2025-04-03","2025-04-03 23:27","2025-04-04 10:31","2025-04-04 23:28",8.189798335,"black",1,"SDB","3",-73.74,45.47,"PETI",2025,4,4,10.8,3.4,7.1,0,0,44,2025-04-04 23:36:00,2025-04-04 19:36:00
"206","end",1,68906,170,7.3,0,"59:53.1",1.44255473,0.568275196,0.587339235,0.070108936,"38:13.9",1,"good",23.63333333,2023-03-30,"2023-03-29","2023-03-29 23:20","2023-03-30 10:41","2023-03-30 23:21",16.948955,"black",1,"SDB","1",-73.74,45.47,"PETI",2023,3,30,0.6,-7.8,-3.6,0,0,55,2023-03-30 23:38:00,2023-03-30 19:38:00
"212","end",2,68912,160,0,7.3,"59:58.4",1.149425516,0.572239985,0.472912223,0.114061027,"40:01.3",2,"good",23.66666667,2023-04-01,"2023-03-31","2023-03-31 23:22","2023-04-01 10:37","2023-04-01 23:23",16.17154833,"black",1,"SDB","1",-73.74,45.47,"PETI",2023,4,1,11.8,1.4,6.6,10.4,0,41,2023-04-01 23:40:00,2023-04-01 19:40:00
"625","end",9,90343,161,9.7,0,"59:52.7",1.277266026,0.520211278,0.651273472,0.067093321,"40:48.2",10,"good",23.66666667,2025-04-09,"2025-04-08","2025-04-08 23:33","2025-04-09 10:21","2025-04-09 23:34",6.086904999,"black",1,"SDB","3",-73.74,45.47,"PETI",2025,4,9,1.9,-7,-2.5,0,3,42,2025-04-09 23:40:00,2025-04-09 19:40:00
"212","end",2,68912,165,7.3,7.3,"59:45.7",1.263906857,0.736586734,0.548561615,0.08512052,"41:38.2",2,"good",23.68333333,2023-04-06,"2023-04-05","2023-04-05 23:28","2023-04-06 10:28","2023-04-06 23:30",11.38598,"black",1,"SDB","1",-73.74,45.47,"PETI",2023,4,6,10,-0.2,4.9,17,0,0,2023-04-06 23:41:00,2023-04-06 19:41:00
"627","end",2,90345,155,0,9.7,"59:54.3",1.419797284,0.588951449,0.884973749,0.07869515,"41:28.7",11,"good",23.68333333,2025-04-06,"2025-04-05","2025-04-05 23:29","2025-04-06 10:27","2025-04-06 23:30",10.61120667,"black",1,"BDU","3",-73.74,45.47,"PETI",2025,4,6,8.3,0.4,4.3,0.7,0,49,2025-04-06 23:41:00,2025-04-06 19:41:00
"225","end",5,68925,152,0,7.3,"00:00.0",1.406286774,0.598162075,0.787628828,0.133664366,"43:41.9",4,"good",23.71666667,2023-04-09,"2023-04-08","2023-04-08 23:32","2023-04-09 10:22","2023-04-09 23:34",9.598628334,"black",1,"SDB","1",-73.74,45.47,"PETI",2023,4,9,10.4,-2.8,3.8,0,0,36,2023-04-09 23:43:00,2023-04-09 19:43:00
"109","end",10,77886,136,9.7,9.7,"59:54.3",0.551345121,0.426427265,0.081258065,0.036278057,"43:05.6",6,"good",23.71666667,2024-03-25,"2024-03-24","2024-03-24 23:14","2024-03-25 10:49","2024-03-25 23:15",27.26067167,"black",1,"BDU","2",-73.74,45.47,"PETI",2024,3,25,7.6,-4.8,1.4,1,0,35,2024-03-25 23:43:00,2024-03-25 19:43:00
"617","end",2,90335,164,0,9.7,"59:52.7",1.27574122,0.46035038,0.891629919,0.083414477,"43:52.6",10,"good",23.71666667,2025-04-06,"2025-04-05","2025-04-05 23:29","2025-04-06 10:27","2025-04-06 23:30",13.01018,"black",1,"BDU","3",-73.74,45.47,"PETI",2025,4,6,8.3,0.4,4.3,0.7,0,49,2025-04-06 23:43:00,2025-04-06 19:43:00
"104","end",5,77881,157,0,9.7,"59:55.6",1.302134336,0.55845735,0.638185739,0.086198787,"51:40.9",6,"good",23.85,2024-04-09,"2024-04-08","2024-04-08 23:33","2024-04-09 10:21","2024-04-09 23:35",16.63179833,"black",1,"SDB","2",-73.74,45.47,"PETI",2024,4,9,18.1,4.2,11.1,0.9,0,31,2024-04-09 23:51:00,2024-04-09 19:51:00
"104","end",5,77881,217,9.7,9.7,"59:52.3",0.534425838,0.287708736,0.091863808,0.024030066,"52:45.5",6,"good",23.86666667,2024-06-08,"2024-06-07","2024-06-08 0:42","2024-06-08 9:09","2024-06-09 0:43",-50.84170333,"black",1,"SDB","2",-73.74,45.47,"PETI",2024,6,8,21.8,15.2,18.5,4.8,0,53,2024-06-08 23:52:00,2024-06-08 19:52:00
