"","ID","Site","randLat","randLon","Winter","Mean_Veg_Height_25_m","Mean_Veg_Height_50_m","Mean_Veg_Height_100_m","Mean_Veg_Height_200_m","Sd_Veg_Height_25_m","Sd_Veg_Height_50_m","Sd_Veg_Height_100_m","Sd_Veg_Height_200_m","mean_Pop_Dens_25_m","mean_Pop_Dens_50_m","mean_Pop_Dens_100_m","mean_Pop_Dens_200_m","mean_Single_House_25_m","mean_Single_House_50_m","mean_Single_House_100_m","mean_Single_House_200_m","mean_Semi_Detached_House_25_m","mean_Semi_Detached_House_50_m","mean_Semi_Detached_House_100_m","mean_Semi_Detached_House_200_m","mean_Row_House_25_m","mean_Row_House_50_m","mean_Row_House_100_m","mean_Row_House_200_m","mean_App_Duplex_25_m","mean_App_Duplex_50_m","mean_App_Duplex_100_m","mean_App_Duplex_200_m","mean_App_Less_5_Storeys_25_m","mean_App_Less_5_Storeys_50_m","mean_App_Less_5_Storeys_100_m","mean_App_Less_5_Storeys_200_m","mean_App_Over_5_Storeys_25_m","mean_App_Over_5_Storeys_50_m","mean_App_Over_5_Storeys_100_m","mean_App_Over_5_Storeys_200_m","sd_Pop_Dens_25_m","sd_Pop_Dens_50_m","sd_Pop_Dens_100_m","sd_Pop_Dens_200_m","sd_Single_House_25_m","sd_Single_House_50_m","sd_Single_House_100_m","sd_Single_House_200_m","sd_Semi_Detached_House_25_m","sd_Semi_Detached_House_50_m","sd_Semi_Detached_House_100_m","sd_Semi_Detached_House_200_m","sd_Row_House_25_m","sd_Row_House_50_m","sd_Row_House_100_m","sd_Row_House_200_m","sd_App_Duplex_25_m","sd_App_Duplex_50_m","sd_App_Duplex_100_m","sd_App_Duplex_200_m","sd_App_Less_5_Storeys_25_m","sd_App_Less_5_Storeys_50_m","sd_App_Less_5_Storeys_100_m","sd_App_Less_5_Storeys_200_m","sd_App_Over_5_Storeys_25_m","sd_App_Over_5_Storeys_50_m","sd_App_Over_5_Storeys_100_m","sd_App_Over_5_Storeys_200_m","Road_Length_25_m","Road_Length_50_m","Road_Length_100_m","Road_Length_200_m","Dist_to_Nearest_Feeder_m"
"1",206,1,45.4314021041348,-73.939800517669,1,3.00654095432553,10.4456198235519,11.1192127472,9.97376244144581,5.51708077798324,10.1811015360808,8.78578829086835,10.0751265201582,118.3,118.3,118.3,118.3,355,355,355,355,20,20,20,20,15,15,15,15,0,0,0,0,5,5,5,5,0,0,0,0,0,0,0,0,0,0,0,0,0,0,0,0,0,0,0,0,0,0,0,0,0,0,0,0,0,0,0,0,0,0,0,0,186.497040894407
"2",206,1,45.4339488542838,-73.9418050763638,1,22.0932633114444,23.2134634742727,23.1483873456796,19.3547994756744,3.71696418855389,3.52206841494692,4.18632562149241,8.89997543927276,118.3,118.3,118.3,118.3,355,355,355,355,20,20,20,20,15,15,15,15,0,0,0,0,5,5,5,5,0,0,0,0,0,0,0,0,0,0,0,0,0,0,0,0,0,0,0,0,0,0,0,0,0,0,0,0,0,0,0,0,0,0,0,0,353.499421364362
"3",206,1,45.4316986374717,-73.9398293290524,1,16.3873747301636,11.5269069266224,12.4538480588918,10.5650879715516,11.0920142086954,9.69759398856447,9.01488594701894,10.3992312786093,118.3,118.3,118.3,118.3,355,355,355,355,20,20,20,20,15,15,15,15,0,0,0,0,5,5,5,5,0,0,0,0,0,0,0,0,0,0,0,0,0,0,0,0,0,0,0,0,0,0,0,0,0,0,0,0,0,0,0,0,0,0,0,0,214.79175942294
"4",206,1,45.4332561131304,-73.9389054510556,1,0.0318186153153406,0.0347127485633607,1.88818967231565,6.09299964575134,0.0126991428313418,0.0150067430499329,4.9774951842269,8.91771316291069,118.3,118.3,118.3,118.3,355,355,355,355,20,20,20,20,15,15,15,15,0,0,0,0,5,5,5,5,0,0,0,0,0,0,0,0,0,0,0,0,0,0,0,0,0,0,0,0,0,0,0,0,0,0,0,0,0,0,0,0,0,0,0,0,356.650481739856
"5",206,1,45.432751173144,-73.9394832370593,1,7.88252010850455,8.91225791074577,7.17760669721063,9.42689248692281,7.06629163790522,9.95994281553205,7.99883635357008,10.4684675306315,118.3,118.3,118.3,118.3,355,355,355,355,20,20,20,20,15,15,15,15,0,0,0,0,5,5,5,5,0,0,0,0,0,0,0,0,0,0,0,0,0,0,0,0,0,0,0,0,0,0,0,0,0,0,0,0,0,0,0,0,0,0,0,0,310.80343883405
"6",206,1,45.4304537200365,-73.9411979502538,1,7.44877146410772,11.4710040728575,11.575903435817,9.31017946517403,4.84728522700256,6.22797501915628,8.49302652090367,9.71554474625633,118.3,118.3,118.3,118.3,355,355,355,355,20,20,20,20,15,15,15,15,0,0,0,0,5,5,5,5,0,0,0,0,0,0,0,0,0,0,0,0,0,0,0,0,0,0,0,0,0,0,0,0,0,0,0,0,0,0,0,0,0,0,0,0,155.689612495444
"7",206,1,45.4344896353887,-73.940507064735,1,11.226264433339,11.2236873705375,11.4724526226827,12.5562164420374,8.47824632318153,10.0254730668925,10.9054792853944,11.2838584031489,118.3,118.3,118.3,118.3,355,355,355,355,20,20,20,20,15,15,15,15,0,0,0,0,5,5,5,5,0,0,0,0,0,0,0,0,0,0,0,0,0,0,0,0,0,0,0,0,0,0,0,0,0,0,0,0,0,0,0,0,0,0,0,0,452.032238791451
"8",206,1,45.4324806936497,-73.9421315019216,1,24.8016864784389,24.8567734590236,24.4965199274783,20.3515136002521,3.56331420456463,3.58814861507663,3.75505693457722,7.75299493189814,118.3,118.3,118.3,118.3,355,355,355,355,20,20,20,20,15,15,15,15,0,0,0,0,5,5,5,5,0,0,0,0,0,0,0,0,0,0,0,0,0,0,0,0,0,0,0,0,0,0,0,0,0,0,0,0,0,0,0,0,0,0,0,0,195.24004214119
"9",206,1,45.4320377032572,-73.9409511024658,1,24.8244573482989,23.8157856919383,21.6022506176662,15.5923932418453,2.79359400105371,3.78727417928192,6.68534945211692,9.92002485886161,118.3,118.3,118.3,118.3,355,355,355,355,20,20,20,20,15,15,15,15,0,0,0,0,5,5,5,5,0,0,0,0,0,0,0,0,0,0,0,0,0,0,0,0,0,0,0,0,0,0,0,0,0,0,0,0,0,0,0,0,0,0,0,0,222.426128667896
"10",206,1,45.4312972657398,-73.9370858757763,1,0.073970545136179,0.059904592577131,0.869452325243955,1.91738760652257,0.0243058477979059,0.0278423063524053,2.74894552385617,4.45582780282143,118.3,118.3,118.3,118.3,355,355,355,355,20,20,20,20,15,15,15,15,0,0,0,0,5,5,5,5,0,0,0,0,0,0,0,0,0,0,0,0,0,0,0,0,0,0,0,0,0,0,0,0,0,0,0,0,0,0,0,0,0,0,0,0,168.440995622055
"11",206,1,45.4311455007317,-73.9402563566561,1,12.9042781458285,11.5607736499149,12.3265209957651,10.9742847949154,6.39006284143322,8.1671755466281,9.54153556994069,10.0124687209479,118.3,118.3,118.3,118.3,355,355,355,355,20,20,20,20,15,15,15,15,0,0,0,0,5,5,5,5,0,0,0,0,0,0,0,0,0,0,0,0,0,0,0,0,0,0,0,0,0,0,0,0,0,0,0,0,0,0,0,0,0,0,0,0,191.100474943525
"12",206,1,45.4310467058215,-73.9379536887175,1,0.34765186280605,1.38818329508179,1.98050179277277,3.15557542051549,1.14303141964985,2.99547515400395,4.42874339172852,5.62652826884592,118.3,118.3,118.3,118.3,355,355,355,355,20,20,20,20,15,15,15,15,0,0,0,0,5,5,5,5,0,0,0,0,0,0,0,0,0,0,0,0,0,0,0,0,0,0,0,0,0,0,0,0,0,0,0,0,0,0,0,0,0,0,0,0,112.858985669856
"13",206,1,45.4347197057327,-73.9400721553106,1,0.0697808552468834,1.63856300013847,5.7353808967734,10.1490979671338,0.0234157071390081,4.53536834723281,9.24428535020881,11.0757148235601,118.3,118.3,118.3,118.3,355,355,355,355,20,20,20,20,15,15,15,15,0,0,0,0,5,5,5,5,0,0,0,0,0,0,0,0,0,0,0,0,0,0,0,0,0,0,0,0,0,0,0,0,0,0,0,0,0,0,0,0,0,0,0,0,489.086490256065
"14",206,1,45.4327707602247,-73.9394046393933,1,5.40196306227662,7.51815117767803,6.49742589946062,9.01753246048947,5.97956049030477,9.68022633068142,7.76944795937644,10.3049493573325,118.3,118.3,118.3,118.3,355,355,355,355,20,20,20,20,15,15,15,15,0,0,0,0,5,5,5,5,0,0,0,0,0,0,0,0,0,0,0,0,0,0,0,0,0,0,0,0,0,0,0,0,0,0,0,0,0,0,0,0,0,0,0,0,311.203672635123
"15",206,1,45.4316568876139,-73.940165747409,1,15.9445668645886,14.1387119567459,14.9431236330236,11.9161148458929,9.38442289626046,8.99647116726542,9.21897240285729,10.3489995786958,118.3,118.3,118.3,118.3,355,355,355,355,20,20,20,20,15,15,15,15,0,0,0,0,5,5,5,5,0,0,0,0,0,0,0,0,0,0,0,0,0,0,0,0,0,0,0,0,0,0,0,0,0,0,0,0,0,0,0,0,0,0,0,0,226.411623142038
"16",206,1,45.4317541095941,-73.9422926553472,1,23.2945887447612,22.8871871038502,19.4931322339919,16.8946966145668,3.75298678162997,5.05639858356162,9.17741735100009,9.78599368678047,118.3,118.3,118.3,118.3,355,355,355,355,20,20,20,20,15,15,15,15,0,0,0,0,5,5,5,5,0,0,0,0,0,0,0,0,0,0,0,0,0,0,0,0,0,0,0,0,0,0,0,0,0,0,0,0,0,0,0,0,0,0,0,0,123.747300607684
"17",206,1,45.4328102945901,-73.9385258652712,1,0.0269989894583655,0.0304658303995753,1.46788840594015,4.97117178036562,0.0123209005537663,0.0137880167435734,3.96306112635734,8.0550811127027,118.3,118.3,118.3,118.3,355,355,355,355,20,20,20,20,15,15,15,15,0,0,0,0,5,5,5,5,0,0,0,0,0,0,0,0,0,0,0,0,0,0,0,0,0,0,0,0,0,0,0,0,0,0,0,0,0,0,0,0,0,0,0,0,304.771582335398
"18",206,1,45.430566308197,-73.9408003985239,1,7.95728315611983,10.3889327834877,11.6637069885782,9.61013474570619,5.2906885435954,5.93179489753927,8.27091191880303,9.63845224391858,118.3,118.3,118.3,118.3,355,355,355,355,20,20,20,20,15,15,15,15,0,0,0,0,5,5,5,5,0,0,0,0,0,0,0,0,0,0,0,0,0,0,0,0,0,0,0,0,0,0,0,0,0,0,0,0,0,0,0,0,0,0,0,0,177.449989174718
"19",206,1,45.4321524634621,-73.9395206235306,1,9.16845738349499,10.6067970286557,10.0425837652991,9.56740412061877,4.05764091334478,6.43979833982185,9.28263566122013,10.4785506414149,118.3,118.3,118.3,118.3,355,355,355,355,20,20,20,20,15,15,15,15,0,0,0,0,5,5,5,5,0,0,0,0,0,0,0,0,0,0,0,0,0,0,0,0,0,0,0,0,0,0,0,0,0,0,0,0,0,0,0,0,0,0,0,0,248.836132912947
"20",206,1,45.4338440134155,-73.9407954168471,1,22.7091541737015,21.3470819831623,16.5284522830539,14.3947441453809,2.52427451417025,4.08336532665211,9.00119527911522,11.0683076761605,118.3,118.3,118.3,118.3,355,355,355,355,20,20,20,20,15,15,15,15,0,0,0,0,5,5,5,5,0,0,0,0,0,0,0,0,0,0,0,0,0,0,0,0,0,0,0,0,0,0,0,0,0,0,0,0,0,0,0,0,0,0,0,0,379.118170572551
"21",206,1,45.432604911994,-73.9404800858388,1,16.8399792222016,18.8919975298249,17.5591198780876,14.9177828001034,4.55076611046332,6.26638585737383,8.07831486913171,10.7500115068193,118.3,118.3,118.3,118.3,355,355,355,355,20,20,20,20,15,15,15,15,0,0,0,0,5,5,5,5,0,0,0,0,0,0,0,0,0,0,0,0,0,0,0,0,0,0,0,0,0,0,0,0,0,0,0,0,0,0,0,0,0,0,0,0,292.08465870656
"22",206,1,45.4336779395019,-73.9385061534406,1,0.0420427929668844,0.0411755321590046,1.02151707156388,3.7285342175331,0.0169443079884415,0.0174443882012337,3.33075072042634,7.16705344899943,118.3,118.3,118.3,118.3,355,355,355,355,20,20,20,20,15,15,15,15,0,0,0,0,5,5,5,5,0,0,0,0,0,0,0,0,0,0,0,0,0,0,0,0,0,0,0,0,0,0,0,0,0,0,0,0,0,0,0,0,0,0,0,0,401.046858946192
"23",206,1,45.4330485372128,-73.937919196924,1,0.0362925686891943,0.349960521815487,1.01549273179087,2.58464289493716,0.0165115888009928,1.90504591825916,3.39720497902289,5.63444199468801,118.3,118.3,118.3,118.3,355,355,355,355,20,20,20,20,15,15,15,15,0,0,0,0,5,5,5,5,0,0,0,0,0,0,0,0,0,0,0,0,0,0,0,0,0,0,0,0,0,0,0,0,0,0,0,0,0,0,0,0,0,0,0,0,332.642485507876
"24",206,1,45.4311355805816,-73.9397129900926,1,3.95092157530932,4.40240224461354,9.3337361335723,9.39976510525912,4.40181116392729,5.80852334478322,8.65725707583458,9.75700356806323,118.3,118.3,118.3,118.3,355,355,355,355,20,20,20,20,15,15,15,15,0,0,0,0,5,5,5,5,0,0,0,0,0,0,0,0,0,0,0,0,0,0,0,0,0,0,0,0,0,0,0,0,0,0,0,0,0,0,0,0,0,0,0,0,159.328624856753
"25",206,1,45.4300324302385,-73.9383467628935,1,2.43206221038678,3.31060070801564,2.96683840709241,3.4320047288512,3.38449796170034,4.87272485020591,4.33882240414829,5.25080948462391,118.3,118.3,118.3,118.3,355,355,355,355,20,20,20,20,15,15,15,15,0,0,0,0,5,5,5,5,0,0,0,0,0,0,0,0,0,0,0,0,0,0,0,0,0,0,0,0,0,0,0,0,0,0,0,0,0,0,0,0,0,0,0,0,2.28295580140344
"26",206,1,45.4313087527474,-73.9379220060386,1,0.0434742644315341,0.915116545227291,2.01666652213586,3.10803106461278,0.021704893978897,2.82102058281048,4.76825760865937,5.77884017546764,118.3,118.3,118.3,118.3,355,355,355,355,20,20,20,20,15,15,15,15,0,0,0,0,5,5,5,5,0,0,0,0,0,0,0,0,0,0,0,0,0,0,0,0,0,0,0,0,0,0,0,0,0,0,0,0,0,0,0,0,0,0,0,0,141.645828403404
"27",206,1,45.4305068786327,-73.9400731999198,1,4.67818691732935,5.76922898579325,6.18457415379644,8.6631549756411,4.63044204650162,4.67355738958436,6.60672867911692,9.01938993287722,118.3,118.3,118.3,118.3,355,355,355,355,20,20,20,20,15,15,15,15,0,0,0,0,5,5,5,5,0,0,0,0,0,0,0,0,0,0,0,0,0,0,0,0,0,0,0,0,0,0,0,0,0,0,0,0,0,0,0,0,0,0,0,0,143.278102968202
"28",206,1,45.432970903098,-73.9399111929779,1,12.5640139625926,11.1798813210092,10.9272819925483,11.3957824639953,8.12762178082141,8.38293068708485,9.43705829354296,11.0332667132237,118.3,118.3,118.3,118.3,355,355,355,355,20,20,20,20,15,15,15,15,0,0,0,0,5,5,5,5,0,0,0,0,0,0,0,0,0,0,0,0,0,0,0,0,0,0,0,0,0,0,0,0,0,0,0,0,0,0,0,0,0,0,0,0,344.66830219362
"29",206,1,45.4291839250843,-73.9378370320061,1,1.64924925510925,5.42290340858662,4.4159879194791,4.37524584579881,3.18156691154347,5.71276207952625,5.14971354233626,5.81844516136104,118.3,118.3,118.3,118.3,355,355,355,355,20,20,20,20,15,15,15,15,0,0,0,0,5,5,5,5,0,0,0,0,0,0,0,0,0,0,0,0,0,0,0,0,0,0,0,0,0,0,0,0,0,0,0,0,0,0,0,0,0,0,0,0,101.820406550271
"30",206,1,45.4318938664399,-73.9391438536,1,9.08505071884745,9.46148089704812,7.25257510219665,7.57326883504314,3.24454777137607,8.0973248645077,8.56920845326673,9.58114379109365,118.3,118.3,118.3,118.3,355,355,355,355,20,20,20,20,15,15,15,15,0,0,0,0,5,5,5,5,0,0,0,0,0,0,0,0,0,0,0,0,0,0,0,0,0,0,0,0,0,0,0,0,0,0,0,0,0,0,0,0,0,0,0,0,211.943510530217
"31",206,1,45.4291060969474,-73.9398988133636,1,3.93891081482404,5.61430542264153,7.17024750994032,8.03359502444281,3.40531896912322,6.04603063493777,6.7743472988338,7.75715715241949,118.3,118.3,118.3,118.3,355,355,355,355,20,20,20,20,15,15,15,15,0,0,0,0,5,5,5,5,0,0,0,0,0,0,0,0,0,0,0,0,0,0,0,0,0,0,0,0,0,0,0,0,0,0,0,0,0,0,0,0,0,0,0,0,110.91427702314
"32",206,1,45.4304773671427,-73.9362192117394,1,0.0476668829585118,0.212931179848454,1.03602918903939,1.46370361674497,0.0206952864511744,1.04384646534088,2.8207629886844,3.57867270385862,118.3,118.3,118.3,118.3,355,355,355,355,20,20,20,20,15,15,15,15,0,0,0,0,5,5,5,5,0,0,0,0,0,0,0,0,0,0,0,0,0,0,0,0,0,0,0,0,0,0,0,0,0,0,0,0,0,0,0,0,0,0,0,0,172.726585946261
"33",206,1,45.4311008046877,-73.9404365179347,1,16.5157073384147,14.3793772944697,13.1740131839623,11.262638297138,5.46908733722955,7.66112345752893,9.64577517462764,10.0273909115433,118.3,118.3,118.3,118.3,355,355,355,355,20,20,20,20,15,15,15,15,0,0,0,0,5,5,5,5,0,0,0,0,0,0,0,0,0,0,0,0,0,0,0,0,0,0,0,0,0,0,0,0,0,0,0,0,0,0,0,0,0,0,0,0,199.398192437522
"34",206,1,45.4306227090879,-73.9360155041428,1,0.121788040448742,1.59796836958946,1.19358033162113,1.2927547848575,0.621948913280447,3.41644419358815,3.02289841762769,3.41480496518433,118.3,118.3,118.3,118.3,355,355,355,355,20,20,20,20,15,15,15,15,0,0,0,0,5,5,5,5,0,0,0,0,0,0,0,0,0,0,0,0,0,0,0,0,0,0,0,0,0,0,0,0,0,0,0,0,0,0,0,0,0,0,0,0,192.674995698746
"35",206,1,45.4327318638559,-73.9390704424792,1,0.412317871622318,2.70024837513818,4.67883436860004,7.39925765822882,1.42352321941932,5.01046379474665,7.26113464200318,9.55349432726078,118.3,118.3,118.3,118.3,355,355,355,355,20,20,20,20,15,15,15,15,0,0,0,0,5,5,5,5,0,0,0,0,0,0,0,0,0,0,0,0,0,0,0,0,0,0,0,0,0,0,0,0,0,0,0,0,0,0,0,0,0,0,0,0,301.068964260889
"36",206,1,45.4322896760749,-73.9400751499421,1,14.5519334069949,15.1320520716224,14.8623028574361,12.6786930745054,6.10824151177503,7.08889860279678,8.98146527652829,10.8419852390244,118.3,118.3,118.3,118.3,355,355,355,355,20,20,20,20,15,15,15,15,0,0,0,0,5,5,5,5,0,0,0,0,0,0,0,0,0,0,0,0,0,0,0,0,0,0,0,0,0,0,0,0,0,0,0,0,0,0,0,0,0,0,0,0,281.128590184123
"37",206,1,45.4308371697964,-73.9402310732446,1,8.72521874958047,9.28224141194707,9.10192658080287,10.0042173853551,5.73194504410351,7.03543569706813,8.47812471706688,9.6444935953264,118.3,118.3,118.3,118.3,355,355,355,355,20,20,20,20,15,15,15,15,0,0,0,0,5,5,5,5,0,0,0,0,0,0,0,0,0,0,0,0,0,0,0,0,0,0,0,0,0,0,0,0,0,0,0,0,0,0,0,0,0,0,0,0,170.058833201799
"38",206,1,45.4333148839788,-73.9412095201451,1,19.3838177243321,21.688720334133,21.5080223147866,17.7936889136074,5.30142387709337,4.17381295994758,5.85958989812347,9.79704969134988,118.3,118.3,118.3,118.3,355,355,355,355,20,20,20,20,15,15,15,15,0,0,0,0,5,5,5,5,0,0,0,0,0,0,0,0,0,0,0,0,0,0,0,0,0,0,0,0,0,0,0,0,0,0,0,0,0,0,0,0,0,0,0,0,312.201548873575
"39",206,1,45.4305792793969,-73.9395430216606,1,2.84282656205627,2.53959526194053,4.38661181536257,7.77190301295591,3.09521378425572,3.14812033356289,5.51001337821923,8.62308674421587,118.3,118.3,118.3,118.3,355,355,355,355,20,20,20,20,15,15,15,15,0,0,0,0,5,5,5,5,0,0,0,0,0,0,0,0,0,0,0,0,0,0,0,0,0,0,0,0,0,0,0,0,0,0,0,0,0,0,0,0,0,0,0,0,109.142769678983
"40",206,1,45.4326830730361,-73.9360397841593,1,0.052006158226619,0.079392359545275,1.14717425216312,0.642640121245962,0.0234134576744456,0.372253828244326,3.45247355206777,2.56725148176059,118.3,118.3,118.3,118.3,355,355,355,355,20,20,20,20,15,15,15,15,0,0,0,0,5,5,5,5,0,0,0,0,0,0,0,0,0,0,0,0,0,0,0,0,0,0,0,0,0,0,0,0,0,0,0,0,0,0,0,0,0,0,0,0,341.980171891055
"41",207,1,45.4282532561367,-73.9388262584831,1,3.74863052758013,5.77442272604334,7.91443748993981,7.40657215416443,4.33533761863297,6.77258322698918,6.68847902368051,7.11838012555339,118.3,118.3,118.3,118.3,355,355,355,355,20,20,20,20,15,15,15,15,0,0,0,0,5,5,5,5,0,0,0,0,0,0,0,0,0,0,0,0,0,0,0,0,0,0,0,0,0,0,0,0,0,0,0,0,0,0,0,0,0,0,0,0,199.513146130769
"42",207,1,45.4280984858796,-73.9424319484846,1,23.3527453048947,22.8499740402395,19.2076029395525,15.8439596908753,2.93682631527204,3.02630484121683,7.12045558615403,8.66150570981664,118.3,118.3,118.3,118.3,355,355,355,355,20,20,20,20,15,15,15,15,0,0,0,0,5,5,5,5,0,0,0,0,0,0,0,0,0,0,0,0,0,0,0,0,0,0,0,0,0,0,0,0,0,0,0,0,0,0,0,0,0,0,0,0,113.88503885491
"43",207,1,45.4314504949656,-73.9359406862526,1,4.32546834304714,2.67018975567668,1.25402734074339,0.814730448709449,4.92569334944996,4.67572997605136,3.25861825967974,2.70341400315602,118.3,118.3,118.3,118.3,355,355,355,355,20,20,20,20,15,15,15,15,0,0,0,0,5,5,5,5,0,0,0,0,0,0,0,0,0,0,0,0,0,0,0,0,0,0,0,0,0,0,0,0,0,0,0,0,0,0,0,0,0,0,0,0,243.001319978452
"44",207,1,45.4298767693633,-73.9346852526414,1,1.68035064674004,2.48326453939179,1.36114813293319,1.00365506939693,3.24023651033122,4.3291030137634,3.36639086772413,3.09377070774398,118.3,118.3,118.3,118.3,355,355,355,355,20,20,20,20,15,15,15,15,0,0,0,0,5,5,5,5,0,0,0,0,0,0,0,0,0,0,0,0,0,0,0,0,0,0,0,0,0,0,0,0,0,0,0,0,0,0,0,0,0,0,0,0,287.496811030252
"45",207,1,45.4296308816509,-73.937199463402,1,2.96440381340907,4.27911809437554,2.81546237063567,2.93667168739424,5.4726160650733,6.08906439731866,4.92477972656066,4.67330828217159,118.3,118.3,118.3,118.3,355,355,355,355,20,20,20,20,15,15,15,15,0,0,0,0,5,5,5,5,0,0,0,0,0,0,0,0,0,0,0,0,0,0,0,0,0,0,0,0,0,0,0,0,0,0,0,0,0,0,0,0,0,0,0,0,101.264271570975
"46",207,1,45.4274704979339,-73.9405590411796,1,10.5261752134923,12.1761016156097,14.5450213229118,13.6535251624284,8.41694282630138,8.37237060514175,8.51354787667815,9.28351449253763,118.3,118.3,118.3,118.3,355,355,355,355,20,20,20,20,15,15,15,15,0,0,0,0,5,5,5,5,0,0,0,0,0,0,0,0,0,0,0,0,0,0,0,0,0,0,0,0,0,0,0,0,0,0,0,0,0,0,0,0,0,0,0,0,172.710323877927
"47",207,1,45.4300210463379,-73.9381888069086,1,5.47316154857364,3.90933540339374,2.93848258961761,3.03161827220554,5.44789604220216,5.23902916128687,4.46134050808644,4.8643055416972,118.3,118.3,118.3,118.3,355,355,355,355,20,20,20,20,15,15,15,15,0,0,0,0,5,5,5,5,0,0,0,0,0,0,0,0,0,0,0,0,0,0,0,0,0,0,0,0,0,0,0,0,0,0,0,0,0,0,0,0,0,0,0,0,13.7331275544639
"48",207,1,45.4303166823087,-73.9394331285501,1,2.0312982683512,2.0147612073329,3.24576940118892,6.9206576847135,2.43616386547191,2.70382577711917,3.86998246058575,7.93859116670178,118.3,118.3,118.3,118.3,355,355,355,355,20,20,20,20,15,15,15,15,0,0,0,0,5,5,5,5,0,0,0,0,0,0,0,0,0,0,0,0,0,0,0,0,0,0,0,0,0,0,0,0,0,0,0,0,0,0,0,0,0,0,0,0,89.055436337454
"49",207,1,45.4325184555724,-73.9384189743847,1,0.0301426956534507,0.0310305591753337,1.69580392258003,4.61248602551706,0.0129321673606395,0.0149256464978782,3.98594945044357,7.61574743015885,118.3,118.3,118.3,118.3,355,355,355,355,20,20,20,20,15,15,15,15,0,0,0,0,5,5,5,5,0,0,0,0,0,0,0,0,0,0,0,0,0,0,0,0,0,0,0,0,0,0,0,0,0,0,0,0,0,0,0,0,0,0,0,0,272.089585933812
"50",207,1,45.4291246366023,-73.9407617426354,1,15.7006906396975,13.1759493006223,9.80129752382539,8.9105479354904,4.7086299863669,7.25874609307804,8.12255199379076,8.76459116259302,118.3,118.3,118.3,118.3,355,355,355,355,20,20,20,20,15,15,15,15,0,0,0,0,5,5,5,5,0,0,0,0,0,0,0,0,0,0,0,0,0,0,0,0,0,0,0,0,0,0,0,0,0,0,0,0,0,0,0,0,0,0,0,0,44.7421343729233
"51",207,1,45.4330455005164,-73.9389084139039,1,0.032769019843242,0.182596731574379,2.90031580737406,6.35573366053387,0.0130357508641227,1.08620695680857,6.46942020086488,9.04307459644209,118.3,118.3,118.3,118.3,355,355,355,355,20,20,20,20,15,15,15,15,0,0,0,0,5,5,5,5,0,0,0,0,0,0,0,0,0,0,0,0,0,0,0,0,0,0,0,0,0,0,0,0,0,0,0,0,0,0,0,0,0,0,0,0,333.46712251945
"52",207,1,45.4307622128496,-73.9394376783,1,2.45314819133834,2.73259227242437,5.51796032757432,7.75042098131346,2.81930207013024,3.42232114112117,6.78994427557596,8.86867570703192,118.3,118.3,118.3,118.3,355,355,355,355,20,20,20,20,15,15,15,15,0,0,0,0,5,5,5,5,0,0,0,0,0,0,0,0,0,0,0,0,0,0,0,0,0,0,0,0,0,0,0,0,0,0,0,0,0,0,0,0,0,0,0,0,114.695165429942
"53",207,1,45.4281625017696,-73.9375014517161,1,8.45003546832837,8.94211718833923,7.41367263519534,6.01625725930077,4.50164858191777,5.6153709455578,6.1893223771335,6.61497244204669,118.3,118.3,118.3,118.3,355,355,355,355,20,20,20,20,15,15,15,15,0,0,0,0,5,5,5,5,0,0,0,0,0,0,0,0,0,0,0,0,0,0,0,0,0,0,0,0,0,0,0,0,0,0,0,0,0,0,0,0,0,0,0,0,217.275436209165
"54",207,1,45.4314266139911,-73.9396891629293,1,4.08780937369716,10.117838884847,10.3956048690781,9.53325975658305,7.52643571485339,10.4328956466576,8.62611841174049,10.0570023171855,118.3,118.3,118.3,118.3,355,355,355,355,20,20,20,20,15,15,15,15,0,0,0,0,5,5,5,5,0,0,0,0,0,0,0,0,0,0,0,0,0,0,0,0,0,0,0,0,0,0,0,0,0,0,0,0,0,0,0,0,0,0,0,0,183.558044508823
"55",207,1,45.4275966232277,-73.9402101306091,1,8.42981632627557,11.36418164291,12.7671083026008,12.4592797438463,6.4911331597709,7.62177517540796,7.86921428609105,9.51159518143497,118.3,118.3,118.3,118.3,355,355,355,355,20,20,20,20,15,15,15,15,0,0,0,0,5,5,5,5,0,0,0,0,0,0,0,0,0,0,0,0,0,0,0,0,0,0,0,0,0,0,0,0,0,0,0,0,0,0,0,0,0,0,0,0,174.233546627163
"56",207,1,45.4316544936789,-73.9353727302068,1,0.0625483007421327,0.18509929065399,1.00418792134074,0.710456477905713,0.0298829845469234,0.974489704522727,2.97379664323657,2.57272715885279,118.3,118.3,118.3,118.3,355,355,355,355,20,20,20,20,15,15,15,15,0,0,0,0,5,5,5,5,0,0,0,0,0,0,0,0,0,0,0,0,0,0,0,0,0,0,0,0,0,0,0,0,0,0,0,0,0,0,0,0,0,0,0,0,291.956428277657
"57",207,1,45.4306975243898,-73.939423699697,1,2.48418526542646,2.5949107841101,4.87987127405539,7.5975909717208,2.86256031139061,3.2439488109449,6.19645385203637,8.71888126682856,118.3,118.3,118.3,118.3,355,355,355,355,20,20,20,20,15,15,15,15,0,0,0,0,5,5,5,5,0,0,0,0,0,0,0,0,0,0,0,0,0,0,0,0,0,0,0,0,0,0,0,0,0,0,0,0,0,0,0,0,0,0,0,0,109.161484728564
"58",207,1,45.4283419410804,-73.9385650419681,1,1.55211809550672,3.34116714178092,7.0072350332444,6.90822947018764,1.96070144226879,3.94507876091719,6.29183364852797,6.806097114556,118.3,118.3,118.3,118.3,355,355,355,355,20,20,20,20,15,15,15,15,0,0,0,0,5,5,5,5,0,0,0,0,0,0,0,0,0,0,0,0,0,0,0,0,0,0,0,0,0,0,0,0,0,0,0,0,0,0,0,0,0,0,0,0,187.064289612898
"59",207,1,45.4290888825662,-73.9426424021666,1,0.0384425216976729,1.0885888529363,8.49352214942421,12.9022685847789,0.020406040364392,3.53423906048456,10.2515193822822,9.59916627849216,118.3,118.3,118.3,118.3,355,355,355,355,20,20,20,20,15,15,15,15,0,0,0,0,5,5,5,5,0,0,0,0,0,0,0,0,0,0,0,0,0,0,0,0,0,0,0,0,0,0,0,0,0,0,0,0,0,0,0,0,0,0,0,0,93.0934317654864
"60",207,1,45.4297213114278,-73.9388324623463,1,3.82847246375931,3.09453299516701,2.87349816936389,5.16074862403385,3.15756269563762,3.2433981769911,4.05732800163155,6.21234253628716,118.3,118.3,118.3,118.3,355,355,355,355,20,20,20,20,15,15,15,15,0,0,0,0,5,5,5,5,0,0,0,0,0,0,0,0,0,0,0,0,0,0,0,0,0,0,0,0,0,0,0,0,0,0,0,0,0,0,0,0,0,0,0,0,49.0936921483681
"61",207,1,45.4317353629652,-73.938640097564,1,4.19724896703515,5.18449089496463,4.54780876255098,5.54687266462188,5.22599252268666,7.00721852239919,7.19742644413358,8.1864230570544,118.3,118.3,118.3,118.3,355,355,355,355,20,20,20,20,15,15,15,15,0,0,0,0,5,5,5,5,0,0,0,0,0,0,0,0,0,0,0,0,0,0,0,0,0,0,0,0,0,0,0,0,0,0,0,0,0,0,0,0,0,0,0,0,186.416943074863
"62",207,1,45.4298969839906,-73.9428440889748,1,0.038780623066182,0.0381652651350401,2.58742233820552,11.7321692222643,0.0198923245242373,0.0193148402810875,5.61744046436543,9.93955381697965,118.3,118.3,118.3,118.3,355,355,355,355,20,20,20,20,15,15,15,15,0,0,0,0,5,5,5,5,0,0,0,0,0,0,0,0,0,0,0,0,0,0,0,0,0,0,0,0,0,0,0,0,0,0,0,0,0,0,0,0,0,0,0,0,98.6402455702145
"63",207,1,45.4314726491519,-73.9391741538534,1,13.1100608856776,9.55476539514598,6.71998265280613,7.27348233946126,11.6116708667957,9.01586477336021,7.87953945873345,9.34648613808646,118.3,118.3,118.3,118.3,355,355,355,355,20,20,20,20,15,15,15,15,0,0,0,0,5,5,5,5,0,0,0,0,0,0,0,0,0,0,0,0,0,0,0,0,0,0,0,0,0,0,0,0,0,0,0,0,0,0,0,0,0,0,0,0,168.651519834278
"64",207,1,45.4309370234423,-73.9409842193364,1,19.3518191288006,17.8278906468866,15.3066496597076,11.3638461730604,4.40952720327089,7.24299574847632,8.75163768404514,10.0399762389178,118.3,118.3,118.3,118.3,355,355,355,355,20,20,20,20,15,15,15,15,0,0,0,0,5,5,5,5,0,0,0,0,0,0,0,0,0,0,0,0,0,0,0,0,0,0,0,0,0,0,0,0,0,0,0,0,0,0,0,0,0,0,0,0,169.787528838481
"65",207,1,45.4316971467797,-73.9388105988567,1,7.24486998034813,7.6311095138944,5.25934795213901,6.17492712097863,5.32482027413805,8.22576772379569,7.47476446519099,8.60690448454313,118.3,118.3,118.3,118.3,355,355,355,355,20,20,20,20,15,15,15,15,0,0,0,0,5,5,5,5,0,0,0,0,0,0,0,0,0,0,0,0,0,0,0,0,0,0,0,0,0,0,0,0,0,0,0,0,0,0,0,0,0,0,0,0,184.340225423622
"66",207,1,45.4297055971697,-73.9387495712819,1,3.1578262642957,2.92123943395856,3.02318635655834,4.99373291071965,3.03218561118934,3.26426963723492,4.22533454910442,6.12514818407189,118.3,118.3,118.3,118.3,355,355,355,355,20,20,20,20,15,15,15,15,0,0,0,0,5,5,5,5,0,0,0,0,0,0,0,0,0,0,0,0,0,0,0,0,0,0,0,0,0,0,0,0,0,0,0,0,0,0,0,0,0,0,0,0,45.8471643155409
"67",207,1,45.4313363396375,-73.9392277070957,1,7.66736097136635,8.58418454066936,6.8211125322532,7.40323303740506,10.2480231863032,9.2964004994163,7.83349190411185,9.31072631226848,118.3,118.3,118.3,118.3,355,355,355,355,20,20,20,20,15,15,15,15,0,0,0,0,5,5,5,5,0,0,0,0,0,0,0,0,0,0,0,0,0,0,0,0,0,0,0,0,0,0,0,0,0,0,0,0,0,0,0,0,0,0,0,0,156.557090556183
"68",207,1,45.4319924458554,-73.9386892001309,1,2.26656354313508,3.40484023515872,4.75029709179445,5.72447192414171,4.20994010669037,4.72671438762861,7.4757460606357,8.43390604225147,118.3,118.3,118.3,118.3,355,355,355,355,20,20,20,20,15,15,15,15,0,0,0,0,5,5,5,5,0,0,0,0,0,0,0,0,0,0,0,0,0,0,0,0,0,0,0,0,0,0,0,0,0,0,0,0,0,0,0,0,0,0,0,0,215.235616843379
"69",207,1,45.4311657351529,-73.9381409168902,1,1.79059593834199,2.87046460710761,2.46469813750359,3.63312459508127,3.62670923746238,5.28091739646045,5.35349056167177,6.1551377739944,118.3,118.3,118.3,118.3,355,355,355,355,20,20,20,20,15,15,15,15,0,0,0,0,5,5,5,5,0,0,0,0,0,0,0,0,0,0,0,0,0,0,0,0,0,0,0,0,0,0,0,0,0,0,0,0,0,0,0,0,0,0,0,0,122.835689252098
"70",207,1,45.430061922,-73.936483850766,1,0.0663692021114616,0.0550866782498036,0.95995315253979,2.09697349451602,0.0236335364263876,0.0252970504028632,3.03571255819596,4.09417620853298,118.3,118.3,118.3,118.3,355,355,355,355,20,20,20,20,15,15,15,15,0,0,0,0,5,5,5,5,0,0,0,0,0,0,0,0,0,0,0,0,0,0,0,0,0,0,0,0,0,0,0,0,0,0,0,0,0,0,0,0,0,0,0,0,145.991814419331
"71",207,1,45.4292397784895,-73.9390654111372,1,2.50077465768984,2.99337653297794,2.94273517609624,6.27854315505936,2.67089153764397,3.59805353002735,3.69758289900807,6.60888019122736,118.3,118.3,118.3,118.3,355,355,355,355,20,20,20,20,15,15,15,15,0,0,0,0,5,5,5,5,0,0,0,0,0,0,0,0,0,0,0,0,0,0,0,0,0,0,0,0,0,0,0,0,0,0,0,0,0,0,0,0,0,0,0,0,102.343543957234
"72",207,1,45.428963786592,-73.9370929634184,1,6.65196827396612,5.50885796307154,4.18027932561691,4.34748328618537,4.96352989923893,5.42848036303035,5.12328465626397,5.86602517534776,118.3,118.3,118.3,118.3,355,355,355,355,20,20,20,20,15,15,15,15,0,0,0,0,5,5,5,5,0,0,0,0,0,0,0,0,0,0,0,0,0,0,0,0,0,0,0,0,0,0,0,0,0,0,0,0,0,0,0,0,0,0,0,0,154.116679815117
"73",207,1,45.4284908847684,-73.9391690773357,1,3.55625192271636,5.12770330233599,7.13802646642148,7.91819758913103,3.56239171568879,6.13283524252108,6.77361975891785,7.3800111749862,118.3,118.3,118.3,118.3,355,355,355,355,20,20,20,20,15,15,15,15,0,0,0,0,5,5,5,5,0,0,0,0,0,0,0,0,0,0,0,0,0,0,0,0,0,0,0,0,0,0,0,0,0,0,0,0,0,0,0,0,0,0,0,0,177.140999748835
"74",207,1,45.4297793947304,-73.9372150591012,1,1.40064315834844,3.50180382440211,2.4931896813311,2.65267961204336,3.46577461533887,5.77729745026041,4.75548906669494,4.39927447518713,118.3,118.3,118.3,118.3,355,355,355,355,20,20,20,20,15,15,15,15,0,0,0,0,5,5,5,5,0,0,0,0,0,0,0,0,0,0,0,0,0,0,0,0,0,0,0,0,0,0,0,0,0,0,0,0,0,0,0,0,0,0,0,0,94.2231566713266
"75",207,1,45.4300033953261,-73.9392088900386,1,2.54944115983102,2.22138084575724,2.61040879861635,6.00477270920092,2.60297906580515,2.88109595448129,3.39886940497371,7.02928507948404,118.3,118.3,118.3,118.3,355,355,355,355,20,20,20,20,15,15,15,15,0,0,0,0,5,5,5,5,0,0,0,0,0,0,0,0,0,0,0,0,0,0,0,0,0,0,0,0,0,0,0,0,0,0,0,0,0,0,0,0,0,0,0,0,65.6524324949718
"76",207,1,45.4300591987946,-73.9395563978878,1,1.69848302582067,2.33026088085292,3.18151466454192,6.84743178624903,2.55239178197613,2.74258329950354,3.69671569700533,7.69336634924377,118.3,118.3,118.3,118.3,355,355,355,355,20,20,20,20,15,15,15,15,0,0,0,0,5,5,5,5,0,0,0,0,0,0,0,0,0,0,0,0,0,0,0,0,0,0,0,0,0,0,0,0,0,0,0,0,0,0,0,0,0,0,0,0,92.9141818171039
"77",207,1,45.4301802598824,-73.9368164606662,1,0.058705334755745,0.0538390576232472,1.38754442682995,2.22119792449302,0.0231253924319148,0.0259142217436986,3.88786444135812,4.19910823666108,118.3,118.3,118.3,118.3,355,355,355,355,20,20,20,20,15,15,15,15,0,0,0,0,5,5,5,5,0,0,0,0,0,0,0,0,0,0,0,0,0,0,0,0,0,0,0,0,0,0,0,0,0,0,0,0,0,0,0,0,0,0,0,0,120.592664804835
"78",207,1,45.4322493297801,-73.9387178307747,1,0.524961812606714,2.36152868989539,4.48860494004669,5.85284361856356,2.16154826804408,4.29179346708439,7.39370641122017,8.53609862930973,118.3,118.3,118.3,118.3,355,355,355,355,20,20,20,20,15,15,15,15,0,0,0,0,5,5,5,5,0,0,0,0,0,0,0,0,0,0,0,0,0,0,0,0,0,0,0,0,0,0,0,0,0,0,0,0,0,0,0,0,0,0,0,0,243.838584600175
"79",207,1,45.4325784228701,-73.938474271963,1,0.0297361035032321,0.0301107099323848,1.801042719421,4.84460598048422,0.0131881332997496,0.0290497025169671,4.21241132596681,7.83788638201858,118.3,118.3,118.3,118.3,355,355,355,355,20,20,20,20,15,15,15,15,0,0,0,0,5,5,5,5,0,0,0,0,0,0,0,0,0,0,0,0,0,0,0,0,0,0,0,0,0,0,0,0,0,0,0,0,0,0,0,0,0,0,0,0,278.868259878291
"80",207,1,45.428309773309,-73.9386328386857,1,1.79847522562466,3.53679563545418,7.2437510759202,7.02813867468492,2.37158045120906,4.1839983100196,6.36336209480448,6.87350146455901,118.3,118.3,118.3,118.3,355,355,355,355,20,20,20,20,15,15,15,15,0,0,0,0,5,5,5,5,0,0,0,0,0,0,0,0,0,0,0,0,0,0,0,0,0,0,0,0,0,0,0,0,0,0,0,0,0,0,0,0,0,0,0,0,191.124277618122
"81",207,1,45.4317154659201,-73.9387484096533,1,5.92013226021576,6.83878516568014,5.04180150800656,5.94773525083231,5.10306448452887,7.97247982171574,7.45229635203594,8.45632800132137,118.3,118.3,118.3,118.3,355,355,355,355,20,20,20,20,15,15,15,15,0,0,0,0,5,5,5,5,0,0,0,0,0,0,0,0,0,0,0,0,0,0,0,0,0,0,0,0,0,0,0,0,0,0,0,0,0,0,0,0,0,0,0,0,185.457424626217
"82",207,1,45.4290205784617,-73.9373385325604,1,9.11938432710944,6.63174100120644,4.41612457914914,4.41221598114676,4.80579226178576,5.4110012757587,5.18331386231069,6.00395607018326,118.3,118.3,118.3,118.3,355,355,355,355,20,20,20,20,15,15,15,15,0,0,0,0,5,5,5,5,0,0,0,0,0,0,0,0,0,0,0,0,0,0,0,0,0,0,0,0,0,0,0,0,0,0,0,0,0,0,0,0,0,0,0,0,137.263867181144
"83",208,1,45.4308432441033,-73.9383381399903,1,3.1179928189325,3.24407175596884,2.70037614891703,3.76478972187444,2.90488948880145,5.07657102545641,5.01061477377524,6.13956133737714,118.3,118.3,118.3,118.3,355,355,355,355,20,20,20,20,15,15,15,15,0,0,0,0,5,5,5,5,0,0,0,0,0,0,0,0,0,0,0,0,0,0,0,0,0,0,0,0,0,0,0,0,0,0,0,0,0,0,0,0,0,0,0,0,85.916417646916
"84",208,1,45.4308017966782,-73.9387760224942,1,3.00063663080401,3.71428634340254,3.45038009538599,4.86217320432703,2.88713370485223,5.32662179378229,5.61922480157962,7.10853779379938,118.3,118.3,118.3,118.3,355,355,355,355,20,20,20,20,15,15,15,15,0,0,0,0,5,5,5,5,0,0,0,0,0,0,0,0,0,0,0,0,0,0,0,0,0,0,0,0,0,0,0,0,0,0,0,0,0,0,0,0,0,0,0,0,87.8718051085366
"85",208,1,45.4308319644115,-73.9362304356106,1,0.0581123099035146,1.16010952384504,1.19213274797879,1.36156409152891,0.0315324104768486,3.16215744393344,3.13262700457838,3.54383674987135,118.3,118.3,118.3,118.3,355,355,355,355,20,20,20,20,15,15,15,15,0,0,0,0,5,5,5,5,0,0,0,0,0,0,0,0,0,0,0,0,0,0,0,0,0,0,0,0,0,0,0,0,0,0,0,0,0,0,0,0,0,0,0,0,186.174209273133
"86",208,1,45.4301444973415,-73.9390582437709,1,1.86767529228575,1.66382266955055,2.86790891862222,5.69580651619718,2.57973414495366,2.34644791734935,3.58073414429644,7.07064979660256,118.3,118.3,118.3,118.3,355,355,355,355,20,20,20,20,15,15,15,15,0,0,0,0,5,5,5,5,0,0,0,0,0,0,0,0,0,0,0,0,0,0,0,0,0,0,0,0,0,0,0,0,0,0,0,0,0,0,0,0,0,0,0,0,55.5897848808179
"87",208,1,45.428346712962,-73.9378692271612,1,7.92403148715449,7.38790688469181,6.13418007638133,6.32145637362791,4.47125261841735,4.78284732347038,5.58906309601639,6.56712923777268,118.3,118.3,118.3,118.3,355,355,355,355,20,20,20,20,15,15,15,15,0,0,0,0,5,5,5,5,0,0,0,0,0,0,0,0,0,0,0,0,0,0,0,0,0,0,0,0,0,0,0,0,0,0,0,0,0,0,0,0,0,0,0,0,189.993653959444
"88",208,1,45.4299106350365,-73.94044918003,1,2.94010704472823,5.96422392215636,7.69516013146653,7.79579701735739,2.23391382709242,5.78617864789378,6.90616575521547,8.48657066453073,118.3,118.3,118.3,118.3,355,355,355,355,20,20,20,20,15,15,15,15,0,0,0,0,5,5,5,5,0,0,0,0,0,0,0,0,0,0,0,0,0,0,0,0,0,0,0,0,0,0,0,0,0,0,0,0,0,0,0,0,0,0,0,0,120.61539880636
"89",208,1,45.4299894453728,-73.9362235537942,1,0.047077427570786,0.0540048003454778,0.933468156551086,2.0695635802049,0.0217804701318045,0.0248857154682507,2.72226518100088,4.18030420211676,118.3,118.3,118.3,118.3,355,355,355,355,20,20,20,20,15,15,15,15,0,0,0,0,5,5,5,5,0,0,0,0,0,0,0,0,0,0,0,0,0,0,0,0,0,0,0,0,0,0,0,0,0,0,0,0,0,0,0,0,0,0,0,0,166.592815343836
"90",208,1,45.4295267593407,-73.9412471002875,1,13.3543851619955,11.1027162865724,8.16773360629578,8.93783507520313,7.78691571243043,8.25511925434644,7.93235701560128,9.035829537542,118.3,118.3,118.3,118.3,355,355,355,355,20,20,20,20,15,15,15,15,0,0,0,0,5,5,5,5,0,0,0,0,0,0,0,0,0,0,0,0,0,0,0,0,0,0,0,0,0,0,0,0,0,0,0,0,0,0,0,0,0,0,0,0,57.6250685097444
"91",208,1,45.4285993244106,-73.9379240513262,1,6.53788977223431,6.0000647455074,5.3481423607894,6.11342919607407,4.00169859241767,4.52136271513625,5.17576267231947,6.53771517705131,118.3,118.3,118.3,118.3,355,355,355,355,20,20,20,20,15,15,15,15,0,0,0,0,5,5,5,5,0,0,0,0,0,0,0,0,0,0,0,0,0,0,0,0,0,0,0,0,0,0,0,0,0,0,0,0,0,0,0,0,0,0,0,0,161.653795437057
"92",208,1,45.4280913995188,-73.939540932119,1,16.7879245454197,13.372898675613,9.45602382124426,9.53222449098324,6.02822194795925,6.86521672253513,6.97676249355179,8.4869696765753,118.3,118.3,118.3,118.3,355,355,355,355,20,20,20,20,15,15,15,15,0,0,0,0,5,5,5,5,0,0,0,0,0,0,0,0,0,0,0,0,0,0,0,0,0,0,0,0,0,0,0,0,0,0,0,0,0,0,0,0,0,0,0,0,171.960733413866
"93",208,1,45.4320160749037,-73.9405957715427,1,20.846771479504,20.144500968017,19.3448693528092,14.4699781006282,4.79570086154582,6.54419163738977,8.03905088849816,10.2219873712137,118.3,118.3,118.3,118.3,355,355,355,355,20,20,20,20,15,15,15,15,0,0,0,0,5,5,5,5,0,0,0,0,0,0,0,0,0,0,0,0,0,0,0,0,0,0,0,0,0,0,0,0,0,0,0,0,0,0,0,0,0,0,0,0,243.08250465222
"94",208,1,45.4307003444582,-73.9391692723566,1,1.89556343004692,2.48704794073185,4.02752728542424,6.50338281479075,2.07772696146135,3.19098682430005,5.71137409760326,8.15764958967411,118.3,118.3,118.3,118.3,355,355,355,355,20,20,20,20,15,15,15,15,0,0,0,0,5,5,5,5,0,0,0,0,0,0,0,0,0,0,0,0,0,0,0,0,0,0,0,0,0,0,0,0,0,0,0,0,0,0,0,0,0,0,0,0,94.934395685979
"95",208,1,45.4302709563578,-73.9400112327875,1,4.686702269419,3.99802717974772,5.25881910973781,7.99009014755165,3.97773372546331,4.17412905856733,5.52827807949691,8.57685542729127,118.3,118.3,118.3,118.3,355,355,355,355,20,20,20,20,15,15,15,15,0,0,0,0,5,5,5,5,0,0,0,0,0,0,0,0,0,0,0,0,0,0,0,0,0,0,0,0,0,0,0,0,0,0,0,0,0,0,0,0,0,0,0,0,131.386273451276
"96",208,1,45.4274066523958,-73.940731615458,1,12.2700710568555,14.7882740572229,15.743183185403,14.1801161282016,9.13563917110982,8.4421001076294,8.79400632008355,9.0673198676355,118.3,118.3,118.3,118.3,355,355,355,355,20,20,20,20,15,15,15,15,0,0,0,0,5,5,5,5,0,0,0,0,0,0,0,0,0,0,0,0,0,0,0,0,0,0,0,0,0,0,0,0,0,0,0,0,0,0,0,0,0,0,0,0,174.116659494681
"97",208,1,45.4299480717356,-73.9397155148428,1,0.937398090867562,2.46747193802643,4.05945055499704,7.04011181740895,2.24185907494615,2.84843014215691,4.78569791433312,7.70234172544383,118.3,118.3,118.3,118.3,355,355,355,355,20,20,20,20,15,15,15,15,0,0,0,0,5,5,5,5,0,0,0,0,0,0,0,0,0,0,0,0,0,0,0,0,0,0,0,0,0,0,0,0,0,0,0,0,0,0,0,0,0,0,0,0,105.562831439749
"98",208,1,45.4287961083859,-73.938934431839,1,1.16492128154239,1.92795286658159,4.81655868674584,7.04571796727531,2.67394825065886,2.88874858171588,5.43405222241051,6.93643063990143,118.3,118.3,118.3,118.3,355,355,355,355,20,20,20,20,15,15,15,15,0,0,0,0,5,5,5,5,0,0,0,0,0,0,0,0,0,0,0,0,0,0,0,0,0,0,0,0,0,0,0,0,0,0,0,0,0,0,0,0,0,0,0,0,142.970250642803
"99",208,1,45.4302670923116,-73.9390906391579,1,0.892916947816767,1.6767648321464,3.10466679894363,5.86923752220779,1.89701470917439,2.33757600724773,3.91762016495864,7.3100254965916,118.3,118.3,118.3,118.3,355,355,355,355,20,20,20,20,15,15,15,15,0,0,0,0,5,5,5,5,0,0,0,0,0,0,0,0,0,0,0,0,0,0,0,0,0,0,0,0,0,0,0,0,0,0,0,0,0,0,0,0,0,0,0,0,61.9401622350376
"100",208,1,45.4295246774135,-73.9403744400248,1,8.84764897075604,8.71673236861968,7.62687789093533,7.72870956406867,7.40383443852913,8.38323485370211,7.00493683735754,8.26535131275084,118.3,118.3,118.3,118.3,355,355,355,355,20,20,20,20,15,15,15,15,0,0,0,0,5,5,5,5,0,0,0,0,0,0,0,0,0,0,0,0,0,0,0,0,0,0,0,0,0,0,0,0,0,0,0,0,0,0,0,0,0,0,0,0,92.8800104640646
"101",208,1,45.4291660905002,-73.9376730976216,1,5.09170739682318,5.94007252626097,4.2670331893264,4.28384588781429,5.67837319716475,5.77946750277764,5.18399874918435,5.84753922315623,118.3,118.3,118.3,118.3,355,355,355,355,20,20,20,20,15,15,15,15,0,0,0,0,5,5,5,5,0,0,0,0,0,0,0,0,0,0,0,0,0,0,0,0,0,0,0,0,0,0,0,0,0,0,0,0,0,0,0,0,0,0,0,0,109.422893181848
"102",208,1,45.4314967822228,-73.9363445792523,1,4.1646441405381,2.39241980778359,1.29154541675434,1.12656268172061,5.86256413496166,4.40255921366563,3.40420097357865,3.32748676159702,118.3,118.3,118.3,118.3,355,355,355,355,20,20,20,20,15,15,15,15,0,0,0,0,5,5,5,5,0,0,0,0,0,0,0,0,0,0,0,0,0,0,0,0,0,0,0,0,0,0,0,0,0,0,0,0,0,0,0,0,0,0,0,0,223.028167706238
"103",208,1,45.4291610447255,-73.9381730680758,1,3.33915938009609,3.01990187879881,4.55304861399668,5.00537707786179,5.01771723109414,3.99948903260384,5.01448489191169,6.16149134974589,118.3,118.3,118.3,118.3,355,355,355,355,20,20,20,20,15,15,15,15,0,0,0,0,5,5,5,5,0,0,0,0,0,0,0,0,0,0,0,0,0,0,0,0,0,0,0,0,0,0,0,0,0,0,0,0,0,0,0,0,0,0,0,0,96.6698695766875
"104",208,1,45.4312094081145,-73.9428669729082,1,1.96466869778105,6.52032687819045,11.3174915660402,14.8525399522879,3.82188362929529,7.53493915371855,9.76542283813514,10.3742621869737,118.3,118.3,118.3,118.3,355,355,355,355,20,20,20,20,15,15,15,15,0,0,0,0,5,5,5,5,0,0,0,0,0,0,0,0,0,0,0,0,0,0,0,0,0,0,0,0,0,0,0,0,0,0,0,0,0,0,0,0,0,0,0,0,50.8881709854535
"105",208,1,45.4304197703099,-73.9419032060933,1,9.6484656124912,8.71642375567051,8.63914435264179,9.77600576584254,7.2840994798027,7.62681898355165,8.97371636512868,9.76535947089681,118.3,118.3,118.3,118.3,355,355,355,355,20,20,20,20,15,15,15,15,0,0,0,0,5,5,5,5,0,0,0,0,0,0,0,0,0,0,0,0,0,0,0,0,0,0,0,0,0,0,0,0,0,0,0,0,0,0,0,0,0,0,0,0,103.875806494786
"106",208,1,45.429444640081,-73.9411470880279,1,14.3339113944801,11.8188114583643,8.70587050106531,8.88682644734009,7.9016449936307,8.21168962874542,8.07726367906778,8.97150051666278,118.3,118.3,118.3,118.3,355,355,355,355,20,20,20,20,15,15,15,15,0,0,0,0,5,5,5,5,0,0,0,0,0,0,0,0,0,0,0,0,0,0,0,0,0,0,0,0,0,0,0,0,0,0,0,0,0,0,0,0,0,0,0,0,49.9442071570939
"107",208,1,45.4301608937784,-73.9399486405601,1,3.25503559073705,3.19219525889888,4.94102801170765,7.69418909220595,3.02315110380349,3.7431120452957,5.32131523425485,8.34370447104094,118.3,118.3,118.3,118.3,355,355,355,355,20,20,20,20,15,15,15,15,0,0,0,0,5,5,5,5,0,0,0,0,0,0,0,0,0,0,0,0,0,0,0,0,0,0,0,0,0,0,0,0,0,0,0,0,0,0,0,0,0,0,0,0,124.485301729475
"108",208,1,45.430018882841,-73.9387149633633,1,1.16436575580117,1.84398110646915,3.03481209974837,4.5788262514644,1.76970395820388,2.58088345187528,3.95031109834244,6.18445756185472,118.3,118.3,118.3,118.3,355,355,355,355,20,20,20,20,15,15,15,15,0,0,0,0,5,5,5,5,0,0,0,0,0,0,0,0,0,0,0,0,0,0,0,0,0,0,0,0,0,0,0,0,0,0,0,0,0,0,0,0,0,0,0,0,26.9868238310215
"109",208,1,45.429787414334,-73.93807569293,1,4.21949074273196,4.95008135874051,3.2682814250361,3.04783515541338,5.47990343492169,5.58256345072015,4.784149272709,4.61471751256599,118.3,118.3,118.3,118.3,355,355,355,355,20,20,20,20,15,15,15,15,0,0,0,0,5,5,5,5,0,0,0,0,0,0,0,0,0,0,0,0,0,0,0,0,0,0,0,0,0,0,0,0,0,0,0,0,0,0,0,0,0,0,0,0,34.610313115615
"110",208,1,45.4302411986749,-73.93813265623,1,4.81857795793098,3.19607302564724,2.4733293419226,2.88228375849804,5.37399261663295,4.83961130255547,4.05503883614525,4.89500152438915,118.3,118.3,118.3,118.3,355,355,355,355,20,20,20,20,15,15,15,15,0,0,0,0,5,5,5,5,0,0,0,0,0,0,0,0,0,0,0,0,0,0,0,0,0,0,0,0,0,0,0,0,0,0,0,0,0,0,0,0,0,0,0,0,25.5126567474494
"111",209,1,45.4291213407675,-73.9374805831133,1,8.33637927540221,6.36731022584222,4.24942312809194,4.28691779475065,5.47784870141733,5.70840758327493,5.18233447994554,5.92083706416994,118.3,118.3,118.3,118.3,355,355,355,355,20,20,20,20,15,15,15,15,0,0,0,0,5,5,5,5,0,0,0,0,0,0,0,0,0,0,0,0,0,0,0,0,0,0,0,0,0,0,0,0,0,0,0,0,0,0,0,0,0,0,0,0,121.698411046054
"112",209,1,45.4285692537003,-73.941826627176,1,23.575851584454,20.3072193862832,14.1870826072869,13.1269985725139,1.82615339880813,6.77009061412384,10.2460596405473,9.42900789001897,118.3,118.3,118.3,118.3,355,355,355,355,20,20,20,20,15,15,15,15,0,0,0,0,5,5,5,5,0,0,0,0,0,0,0,0,0,0,0,0,0,0,0,0,0,0,0,0,0,0,0,0,0,0,0,0,0,0,0,0,0,0,0,0,43.4228145314883
"113",209,1,45.4311047106176,-73.9412893150436,1,22.4774100329951,22.7059470321501,17.5362172893877,12.3110562544469,5.42983743872844,5.45629550283238,8.36054912447374,10.1537093321905,118.3,118.3,118.3,118.3,355,355,355,355,20,20,20,20,15,15,15,15,0,0,0,0,5,5,5,5,0,0,0,0,0,0,0,0,0,0,0,0,0,0,0,0,0,0,0,0,0,0,0,0,0,0,0,0,0,0,0,0,0,0,0,0,149.75709980609
"114",209,1,45.4318841047342,-73.9365742652492,1,3.2167958609912,2.63373736030933,1.50289468565789,1.15748445302511,4.35718967433202,4.73213070679985,3.82346966986049,3.44188083855182,118.3,118.3,118.3,118.3,355,355,355,355,20,20,20,20,15,15,15,15,0,0,0,0,5,5,5,5,0,0,0,0,0,0,0,0,0,0,0,0,0,0,0,0,0,0,0,0,0,0,0,0,0,0,0,0,0,0,0,0,0,0,0,0,244.789725520031
"115",209,1,45.4314802233383,-73.9410071825171,1,23.1884355452737,22.9566813897765,20.1965830328734,13.7092140322309,3.57253893450987,5.03242033894242,7.75335769634023,10.0032851494262,118.3,118.3,118.3,118.3,355,355,355,355,20,20,20,20,15,15,15,15,0,0,0,0,5,5,5,5,0,0,0,0,0,0,0,0,0,0,0,0,0,0,0,0,0,0,0,0,0,0,0,0,0,0,0,0,0,0,0,0,0,0,0,0,185.044059201719
"116",209,1,45.4340407526665,-73.9408930155374,1,22.5089653139508,21.2881829396631,16.955148447347,14.5999820975497,2.89228884544042,4.26617456596365,9.02513497551704,11.0897923443102,118.3,118.3,118.3,118.3,355,355,355,355,20,20,20,20,15,15,15,15,0,0,0,0,5,5,5,5,0,0,0,0,0,0,0,0,0,0,0,0,0,0,0,0,0,0,0,0,0,0,0,0,0,0,0,0,0,0,0,0,0,0,0,0,393.739423935504
"117",209,1,45.4374469458654,-73.9375364744915,1,23.7881859814823,20.4398300716412,18.0145515325793,12.7313605533963,3.23244177195191,6.79209516503973,8.58338068672017,11.190761437207,74.1,74.1,96.2,97.0185185185185,155,155,255,258.703703703704,15,15,17.5,17.5925925925926,0,0,7.5,7.77777777777778,0,0,0,0,5,5,5,5,0,0,0,0,0,0,22.824781853649,22.292210959479,0,0,103.279555898864,100.869732848321,0,0,2.58198889747161,2.52174332120803,0,0,7.74596669241483,7.56522996362409,0,0,0,0,0,0,0,0,0,0,0,0,45.1884870858431,156.0485435551,405.897616575882,1076.95402148767,563.793476371604
"118",209,1,45.4372125842767,-73.9361209278202,1,21.6040005384062,19.4188697771257,16.3473808586741,13.5168830075561,3.9350738658889,8.43950802331018,11.3510491535325,12.08074744983,118.3,118.3,103.566666666667,100.804166666667,355,355,288.333333333333,275.833333333333,20,20,18.3333333333333,18.0208333333333,15,15,10,9.0625,0,0,0,0,5,5,5,5,0,0,0,0,0,0,21.762575605146,21.8438165780396,0,0,98.4731927834662,98.8407989956541,0,0,2.46182981958665,2.47101997489135,0,0,7.38548945875996,7.41305992467406,0,0,0,0,0,0,0,0,0,0,0,0,68.6865372194067,186.319524888288,477.474216084765,897.762330325086,453.224707172749
"119",209,1,45.4375009409415,-73.9361326511704,1,24.5109831025477,23.8812615445116,20.8462341543401,15.8838632605586,3.2784972166212,3.8062315635784,9.08562495224618,11.7920404013026,118.3,96.2,91.1,96.2,355,255,231.923076923077,255,20,17.5,16.9230769230769,17.5,15,7.5,5.76923076923077,7.5,0,0,0,0,5,5,5,5,0,0,0,0,0,25.5188818981815,22.381540012549,22.3156148619451,0,115.470053837925,101.273936708367,100.97563285948,0,2.88675134594813,2.53184841770917,2.52439082148701,0,8.66025403784439,7.5955452531275,7.57317246446102,0,0,0,0,0,0,0,0,0,0,0,0,0,59.5648968199853,468.495632030377,898.835169151593,454.193037478829
"120",209,1,45.4351254062936,-73.9333817265621,1,8.62093937390947,8.57643831138745,7.56909109597291,5.22317536133158,4.8691708434833,5.35031847808931,6.28213826825563,6.98094983517587,118.3,118.3,118.3,118.3,355,355,355,355,20,20,20,20,15,15,15,15,0,0,0,0,5,5,5,5,0,0,0,0,0,0,0,0,0,0,0,0,0,0,0,0,0,0,0,0,0,0,0,0,0,0,0,0,0,0,0,0,0,0,0,101.66670719837,273.652122287102
"121",209,1,45.433857731931,-73.9323353329023,1,3.55504581711954,2.95560382883315,3.86049395758426,3.49454269583587,5.24751478349628,5.20569308650371,6.13850617139936,5.62135846055781,118.3,118.3,118.3,118.3,355,355,355,355,20,20,20,20,15,15,15,15,0,0,0,0,5,5,5,5,0,0,0,0,0,0,0,0,0,0,0,0,0,0,0,0,0,0,0,0,0,0,0,0,0,0,0,0,0,0,0,0,0,0,0,0,214.408250985051
"122",209,1,45.4358878692923,-73.932615465637,1,15.6125759874487,14.6968273665568,12.2327573677932,7.84009939851887,5.07644171250394,6.19222817901598,7.22447669203104,8.05246789286387,118.3,118.3,118.3,446.828301886792,355,355,355,331.792452830189,20,20,20,17.7358490566038,15,15,15,13.3018867924528,0,0,0,0,5,5,5,4.43396226415094,0,0,0,0,0,0,0,928.287186244181,0,0,0,65.5750769056021,0,0,0,6.39756847859532,0,0,0,4.79817635894649,0,0,0,0,0,0,0,1.59939211964883,0,0,0,0,0,0,0,3356.35946402886,235.905559632185
"123",209,1,45.4359380785581,-73.9353408945681,1,0.475732518070028,0.61990324000475,0.272003189429331,4.67931190996799,2.23562017208944,2.64389539389734,1.65684123633256,8.42094188409275,118.3,118.3,118.3,117.45,355,355,355,351.153846153846,20,20,20,19.9038461538462,15,15,15,14.7115384615385,0,0,0,0,5,5,5,5,0,0,0,0,0,0,0,6.12943716828879,0,0,0,27.7350098112614,0,0,0,0.693375245281537,0,0,0,2.08012573584461,0,0,0,0,0,0,0,0,0,0,0,0,0,0,0,537.770037488718,422.184290731007
"124",209,1,45.4327013278969,-73.9394353429226,1,7.44221690510318,8.74861173508453,6.91567824655121,9.2127194106305,6.55897076789171,9.98746907517764,7.82951220210454,10.3800768370227,118.3,118.3,118.3,118.3,355,355,355,355,20,20,20,20,15,15,15,15,0,0,0,0,5,5,5,5,0,0,0,0,0,0,0,0,0,0,0,0,0,0,0,0,0,0,0,0,0,0,0,0,0,0,0,0,0,0,0,0,0,0,0,0,304.433417493032
"125",209,1,45.4350068883689,-73.9395764837415,1,0.153481105295038,0.0900012628791241,1.91806266114282,7.69666947205572,0.532091166149603,0.270050888179753,5.15670914596186,10.5671978479815,118.3,118.3,118.3,118.3,355,355,355,355,20,20,20,20,15,15,15,15,0,0,0,0,5,5,5,5,0,0,0,0,0,0,0,0,0,0,0,0,0,0,0,0,0,0,0,0,0,0,0,0,0,0,0,0,0,0,0,0,0,0,0,74.2339835022101,531.287944872733
"126",209,1,45.4315676522823,-73.9363008642192,1,5.56705236556519,2.49647952285268,1.30765421194574,1.03772417392092,6.06768496847654,4.45820052618707,3.42745992173114,3.19850248213051,118.3,118.3,118.3,118.3,355,355,355,355,20,20,20,20,15,15,15,15,0,0,0,0,5,5,5,5,0,0,0,0,0,0,0,0,0,0,0,0,0,0,0,0,0,0,0,0,0,0,0,0,0,0,0,0,0,0,0,0,0,0,0,0,231.051215835592
"127",209,1,45.4360389314226,-73.9397921837079,1,0.0397305578281265,2.71309231753029,7.30275996525132,10.1223893223395,0.189648673683305,6.77328372014268,10.5531998603266,11.5136823742553,118.3,118.3,118.3,118.3,355,355,355,355,20,20,20,20,15,15,15,15,0,0,0,0,5,5,5,5,0,0,0,0,0,0,0,0,0,0,0,0,0,0,0,0,0,0,0,0,0,0,0,0,0,0,0,0,0,0,0,0,0,0,101.839118847841,537.894909340401,543.317421031596
"128",210,1,45.428960378773,-73.9398694191503,1,4.91245533481157,5.9802534229998,7.67002499873907,8.43593362627802,2.96387911546317,5.57842096429739,6.98262988994796,7.8699237018255,118.3,118.3,118.3,118.3,355,355,355,355,20,20,20,20,15,15,15,15,0,0,0,0,5,5,5,5,0,0,0,0,0,0,0,0,0,0,0,0,0,0,0,0,0,0,0,0,0,0,0,0,0,0,0,0,0,0,0,0,0,0,0,0,112.833659263096
"129",210,1,45.4311665815831,-73.9372968924179,1,0.0596079175681054,0.0537449052209886,0.666539426375303,2.14906920253748,0.0246585948512041,0.0252724418493467,2.32015155024439,4.69961852859281,118.3,118.3,118.3,118.3,355,355,355,355,20,20,20,20,15,15,15,15,0,0,0,0,5,5,5,5,0,0,0,0,0,0,0,0,0,0,0,0,0,0,0,0,0,0,0,0,0,0,0,0,0,0,0,0,0,0,0,0,0,0,0,0,147.07512064195
"130",210,1,45.4321319796523,-73.9396434721808,1,8.9907650344226,11.8208719654537,11.1428705604283,10.2156952440363,4.01464143578529,6.88970109707461,9.37952906795234,10.6242389303285,118.3,118.3,118.3,118.3,355,355,355,355,20,20,20,20,15,15,15,15,0,0,0,0,5,5,5,5,0,0,0,0,0,0,0,0,0,0,0,0,0,0,0,0,0,0,0,0,0,0,0,0,0,0,0,0,0,0,0,0,0,0,0,0,250.447534436147
"131",210,1,45.4312876403563,-73.9386100077458,1,10.6836943357046,6.39835269582246,3.84398355585996,5.14154075939248,7.3280406986562,7.34301444537316,6.50440764594163,7.68611930494763,118.3,118.3,118.3,118.3,355,355,355,355,20,20,20,20,15,15,15,15,0,0,0,0,5,5,5,5,0,0,0,0,0,0,0,0,0,0,0,0,0,0,0,0,0,0,0,0,0,0,0,0,0,0,0,0,0,0,0,0,0,0,0,0,136.806651851472
"132",210,1,45.4294845554156,-73.9373943699452,1,9.65141965560328,5.29202382239209,3.56885599205158,3.22226856794747,6.41913577268294,6.09587705936015,5.16694227581535,4.89590747510582,118.3,118.3,118.3,118.3,355,355,355,355,20,20,20,20,15,15,15,15,0,0,0,0,5,5,5,5,0,0,0,0,0,0,0,0,0,0,0,0,0,0,0,0,0,0,0,0,0,0,0,0,0,0,0,0,0,0,0,0,0,0,0,0,96.7703468808159
"133",210,1,45.4313502182183,-73.9385891958649,1,9.12252774564258,6.45704164342134,3.91056562207764,5.15851151625914,6.87964505757965,7.5428121797345,6.59070524492862,7.73871564603922,118.3,118.3,118.3,118.3,355,355,355,355,20,20,20,20,15,15,15,15,0,0,0,0,5,5,5,5,0,0,0,0,0,0,0,0,0,0,0,0,0,0,0,0,0,0,0,0,0,0,0,0,0,0,0,0,0,0,0,0,0,0,0,0,143.464397178946
"134",210,1,45.431413799499,-73.9388265225775,1,11.5489502555548,8.38556471588866,4.89054130261796,5.90642485657982,6.79003973037568,8.80016393522195,7.28030186689033,8.38534880712767,118.3,118.3,118.3,118.3,355,355,355,355,20,20,20,20,15,15,15,15,0,0,0,0,5,5,5,5,0,0,0,0,0,0,0,0,0,0,0,0,0,0,0,0,0,0,0,0,0,0,0,0,0,0,0,0,0,0,0,0,0,0,0,0,153.886480960244
"135",210,1,45.4310250568224,-73.93885132992,1,7.55981641974417,5.59937435951973,3.96810381588382,5.40770059792952,8.1679273873318,6.41888246753868,6.38179596873064,7.76324947144753,118.3,118.3,118.3,118.3,355,355,355,355,20,20,20,20,15,15,15,15,0,0,0,0,5,5,5,5,0,0,0,0,0,0,0,0,0,0,0,0,0,0,0,0,0,0,0,0,0,0,0,0,0,0,0,0,0,0,0,0,0,0,0,0,113.127410787195
"136",210,1,45.4316280796495,-73.9380455609824,1,0.048692131527811,0.48722124051176,2.58407722220414,3.5155169499885,0.0314963695613174,1.89604320266014,5.71084318094823,6.43838594334009,118.3,118.3,118.3,118.3,355,355,355,355,20,20,20,20,15,15,15,15,0,0,0,0,5,5,5,5,0,0,0,0,0,0,0,0,0,0,0,0,0,0,0,0,0,0,0,0,0,0,0,0,0,0,0,0,0,0,0,0,0,0,0,0,174.741279740513
"137",210,1,45.43340641867,-73.9386484157677,1,0.0348755006804692,0.0368523857369072,0.992686187882996,4.62988704807971,0.014577390058688,0.0160327044538137,2.98022182521566,7.77571236434549,118.3,118.3,118.3,118.3,355,355,355,355,20,20,20,20,15,15,15,15,0,0,0,0,5,5,5,5,0,0,0,0,0,0,0,0,0,0,0,0,0,0,0,0,0,0,0,0,0,0,0,0,0,0,0,0,0,0,0,0,0,0,0,0,371.427723867603
"138",210,1,45.4314495428004,-73.940057766289,1,8.49527980159595,12.1590189459434,12.942635062529,11.0172226561905,7.6156497093594,9.62845598078537,9.18800345668562,10.2154558039307,118.3,118.3,118.3,118.3,355,355,355,355,20,20,20,20,15,15,15,15,0,0,0,0,5,5,5,5,0,0,0,0,0,0,0,0,0,0,0,0,0,0,0,0,0,0,0,0,0,0,0,0,0,0,0,0,0,0,0,0,0,0,0,0,203.325328272234
"139",210,1,45.4313132756953,-73.9392528207314,1,6.55244503711099,8.29243264436999,6.90369805981606,7.48907439246872,9.63001339440079,9.36780400375993,7.83299229558032,9.33236248393581,118.3,118.3,118.3,118.3,355,355,355,355,20,20,20,20,15,15,15,15,0,0,0,0,5,5,5,5,0,0,0,0,0,0,0,0,0,0,0,0,0,0,0,0,0,0,0,0,0,0,0,0,0,0,0,0,0,0,0,0,0,0,0,0,155.142720235892
"140",210,1,45.4297885234354,-73.9396335972126,1,2.60645258414511,2.52040513259309,3.99298535348552,6.80768069268005,2.99477488610851,3.06254091505376,5.10039553782614,7.32714210576316,118.3,118.3,118.3,118.3,355,355,355,355,20,20,20,20,15,15,15,15,0,0,0,0,5,5,5,5,0,0,0,0,0,0,0,0,0,0,0,0,0,0,0,0,0,0,0,0,0,0,0,0,0,0,0,0,0,0,0,0,0,0,0,0,102.142386370621
"141",210,1,45.42870643872,-73.9388165370469,1,0.242998493800363,2.08292401342056,5.17745630252831,6.97130807743571,0.769477114016229,3.11841587638597,5.66555530292114,6.89668373615737,118.3,118.3,118.3,118.3,355,355,355,355,20,20,20,20,15,15,15,15,0,0,0,0,5,5,5,5,0,0,0,0,0,0,0,0,0,0,0,0,0,0,0,0,0,0,0,0,0,0,0,0,0,0,0,0,0,0,0,0,0,0,0,0,150.065969207321
"142",210,1,45.4308666605142,-73.938121972891,1,2.02051426096991,1.8816965521255,2.28170496819458,3.39719315567919,2.69093478178424,3.13317580345714,4.60862022781544,5.76518016502897,118.3,118.3,118.3,118.3,355,355,355,355,20,20,20,20,15,15,15,15,0,0,0,0,5,5,5,5,0,0,0,0,0,0,0,0,0,0,0,0,0,0,0,0,0,0,0,0,0,0,0,0,0,0,0,0,0,0,0,0,0,0,0,0,90.2927364606977
"143",210,1,45.4303742345406,-73.938873283583,1,0.901074322080889,1.4196065459564,3.09019185001912,5.12773226398382,1.93933664351339,2.17821750029084,4.35824830494091,7.0021237411299,118.3,118.3,118.3,118.3,355,355,355,355,20,20,20,20,15,15,15,15,0,0,0,0,5,5,5,5,0,0,0,0,0,0,0,0,0,0,0,0,0,0,0,0,0,0,0,0,0,0,0,0,0,0,0,0,0,0,0,0,0,0,0,0,53.088289674684
"144",210,1,45.4302676109077,-73.940046515925,1,5.25106006781749,4.08152926586009,5.46305734795994,8.04518310926138,4.42097009096897,4.19941745388127,5.69139605212296,8.61217357245373,118.3,118.3,118.3,118.3,355,355,355,355,20,20,20,20,15,15,15,15,0,0,0,0,5,5,5,5,0,0,0,0,0,0,0,0,0,0,0,0,0,0,0,0,0,0,0,0,0,0,0,0,0,0,0,0,0,0,0,0,0,0,0,0,134.008084469287
"145",210,1,45.4309276943608,-73.9375831728842,1,0.0378117005636977,0.259609160250265,1.29030073919845,2.50437989438207,0.0131495504702433,1.04047482098114,3.60981755602892,4.97576778498422,118.3,118.3,118.3,118.3,355,355,355,355,20,20,20,20,15,15,15,15,0,0,0,0,5,5,5,5,0,0,0,0,0,0,0,0,0,0,0,0,0,0,0,0,0,0,0,0,0,0,0,0,0,0,0,0,0,0,0,0,0,0,0,0,112.603815048083
"146",210,1,45.4323381085381,-73.9379026779927,1,0.0429627390797806,0.0453436874809191,1.19272427749966,3.09949403724441,0.0240989361069704,0.0278736684251994,3.51482756710571,6.23259034765456,118.3,118.3,118.3,118.3,355,355,355,355,20,20,20,20,15,15,15,15,0,0,0,0,5,5,5,5,0,0,0,0,0,0,0,0,0,0,0,0,0,0,0,0,0,0,0,0,0,0,0,0,0,0,0,0,0,0,0,0,0,0,0,0,254.416640872367
"147",210,1,45.4294108638493,-73.9373824092113,1,10.2850736889132,5.34478328619289,3.71056019143036,3.39182880108601,6.09380954649032,6.05682527591747,5.19134310859182,5.0600091861845,118.3,118.3,118.3,118.3,355,355,355,355,20,20,20,20,15,15,15,15,0,0,0,0,5,5,5,5,0,0,0,0,0,0,0,0,0,0,0,0,0,0,0,0,0,0,0,0,0,0,0,0,0,0,0,0,0,0,0,0,0,0,0,0,102.710328678565
"148",210,1,45.4302787023541,-73.9393298205102,1,1.54305325379505,2.05358659799146,3.04257584431648,6.60018899334599,2.38809441627869,2.70668573851395,3.68979921105948,7.72390880669854,118.3,118.3,118.3,118.3,355,355,355,355,20,20,20,20,15,15,15,15,0,0,0,0,5,5,5,5,0,0,0,0,0,0,0,0,0,0,0,0,0,0,0,0,0,0,0,0,0,0,0,0,0,0,0,0,0,0,0,0,0,0,0,0,80.081837588425
"149",210,1,45.4298435465853,-73.9390052116563,1,3.2243599607165,2.88694884381463,2.72411170730265,5.46264104912595,2.8810005960446,3.21665846958821,3.75986468410347,6.5210075616423,118.3,118.3,118.3,118.3,355,355,355,355,20,20,20,20,15,15,15,15,0,0,0,0,5,5,5,5,0,0,0,0,0,0,0,0,0,0,0,0,0,0,0,0,0,0,0,0,0,0,0,0,0,0,0,0,0,0,0,0,0,0,0,0,53.4202598368651
"150",210,1,45.429434715094,-73.9358668913002,1,0.0394758151687739,0.0460336286996432,1.41036061128002,2.89098774063612,0.0173405148622203,0.0203494388955608,3.48380842714463,5.17060289315732,118.3,118.3,118.3,118.3,355,355,355,355,20,20,20,20,15,15,15,15,0,0,0,0,5,5,5,5,0,0,0,0,0,0,0,0,0,0,0,0,0,0,0,0,0,0,0,0,0,0,0,0,0,0,0,0,0,0,0,0,0,0,0,0,206.334671186901
"151",210,1,45.4307389325352,-73.9386100394288,1,2.61849707799243,3.22728527190573,3.0739675771885,4.22449051161772,2.69927427885906,4.79139875478078,5.1428606098541,6.57293190842839,118.3,118.3,118.3,118.3,355,355,355,355,20,20,20,20,15,15,15,15,0,0,0,0,5,5,5,5,0,0,0,0,0,0,0,0,0,0,0,0,0,0,0,0,0,0,0,0,0,0,0,0,0,0,0,0,0,0,0,0,0,0,0,0,77.0556081216545
"152",210,1,45.4318040165049,-73.9395709236905,1,14.1357255586848,11.73798903632,10.4393101768983,9.45944786225226,9.73357790040693,9.1439600362456,8.94138324645375,10.3035404566532,118.3,118.3,118.3,118.3,355,355,355,355,20,20,20,20,15,15,15,15,0,0,0,0,5,5,5,5,0,0,0,0,0,0,0,0,0,0,0,0,0,0,0,0,0,0,0,0,0,0,0,0,0,0,0,0,0,0,0,0,0,0,0,0,215.033993539076
"153",211,1,45.4313463183925,-73.9402516350375,1,13.2528182038474,13.1409176748036,13.7255843137666,11.4205460854411,6.3361373750646,8.99043076957545,9.56423110151493,10.159403912791,118.3,118.3,118.3,118.3,355,355,355,355,20,20,20,20,15,15,15,15,0,0,0,0,5,5,5,5,0,0,0,0,0,0,0,0,0,0,0,0,0,0,0,0,0,0,0,0,0,0,0,0,0,0,0,0,0,0,0,0,0,0,0,0,205.522152211121
"154",211,1,45.4364876783729,-73.9297566220106,1,4.02219557409924,4.54481400243488,4.04128791222316,4.75490914813628,4.04589654192489,4.52257282667187,4.24729459048202,5.23084407450446,3020.3,3172.075,3207.1,2616.56538461538,150,162.5,165.384615384615,210.673076923077,0,0,0,4.23076923076923,0,0,0,3.17307692307692,0,0,0,0,0,0,0,1.05769230769231,0,0,0,0,0,303.55,291.641406525205,1334.28269719471,0,25,24.0192230707631,78.6966678801901,0,0,0,8.2476743831225,0,0,0,6.18575578734187,0,0,0,0,0,0,0,2.06191859578062,0,0,0,0,407.721879363755,821.305709335001,3744.844593777,13269.3012451151,6.94361823987046
"155",211,1,45.4384814495485,-73.9413345360467,1,1.97781564164794,2.96425307208421,4.56185244597292,7.098370482129,1.82648399766822,4.19498704910632,6.34376165740277,8.74108011815559,74.1,96.2,88.8333333333333,85.7754716981132,155,255,221.666666666667,207.830188679245,15,17.5,16.6666666666667,16.3207547169811,0,7.5,5,3.9622641509434,0,0,0,0,5,5,5,5,0,0,0,0,0,31.2541197284454,21.762575605146,19.6733801567614,0,141.42135623731,98.4731927834662,89.0198197138524,0,3.53553390593274,2.46182981958665,2.22549549284631,0,10.6066017177982,7.38548945875996,6.67648647853893,0,0,0,0,0,0,0,0,0,0,0,0,0,0,338.983492276848,775.93319381004,568.554647142618
"156",211,1,45.4398200037883,-73.9384002604431,1,19.2402642325287,17.6677198509581,12.4288607519819,11.785925520137,3.98535880634281,6.41242348492765,8.6848153516878,10.2389298298002,74.1,74.1,74.1,74.1,155,155,155,155,15,15,15,15,0,0,0,0,0,0,0,0,5,5,5,5,0,0,0,0,0,0,0,0,0,0,0,0,0,0,0,0,0,0,0,0,0,0,0,0,0,0,0,0,0,0,0,0,0,0,0,0,688.316430083755
"157",211,1,45.4376307084061,-73.9403430108705,1,2.67796835734252,4.89662368553906,9.27245221864186,10.9526433290132,5.01743708381227,7.59519942375663,10.1679029014983,10.4074622159893,118.3,118.3,110.933333333333,97.5,355,355,321.666666666667,260.882352941176,20,20,19.1666666666667,17.6470588235294,15,15,12.5,7.94117647058824,0,0,0,0,5,5,5,5,0,0,0,0,0,0,17.2048266659697,22.2812566970537,0,0,77.8498944161523,100.820166050017,0,0,1.94624736040381,2.52050415125042,0,0,5.83874208121142,7.56151245375125,0,0,0,0,0,0,0,0,0,0,0,0,0,155.628871042127,534.30093225889,1087.10609699562,587.580333305246
"158",211,1,45.4367680812009,-73.939441697719,1,14.9449617189618,9.18909521782365,8.74590808705664,10.1390970134051,7.41594053204226,9.05209156240879,9.99948438087591,10.974646484883,118.3,118.3,118.3,111.228,355,355,355,323,20,20,20,19.2,15,15,15,12.6,0,0,0,0,5,5,5,5,0,0,0,0,0,0,0,16.3684993639787,0,0,0,74.0656079818041,0,0,0,1.85164019954511,0,0,0,5.55492059863531,0,0,0,0,0,0,0,0,0,0,0,0,109.035415861829,213.161285723991,415.029897221946,1040.24439772063,600.983725670138
"159",211,1,45.4358591240934,-73.9326394486817,1,15.1531733475469,14.472847006237,12.1439754126242,7.74779194901348,5.03323238266793,6.08671176741231,7.14280223843804,8.03761353835673,118.3,118.3,118.3,446.828301886792,355,355,355,331.792452830189,20,20,20,17.7358490566038,15,15,15,13.3018867924528,0,0,0,0,5,5,5,4.43396226415094,0,0,0,0,0,0,0,928.287186244181,0,0,0,65.5750769056021,0,0,0,6.39756847859532,0,0,0,4.79817635894649,0,0,0,0,0,0,0,1.59939211964883,0,0,0,0,0,0,0,3267.88749367597,238.696583154363
"160",211,1,45.4404021085246,-73.9296938607612,1,3.54090025951273,2.71640998445172,3.26972395644372,4.25824231505857,3.56768900600805,3.78967259649378,4.41504215362357,5.81801224708758,74.1,810.65,1129.47142857143,1063.53333333333,155,153.75,167.5,186.666666666667,15,11.25,10,10.8333333333333,0,0,1.07142857142857,2.5,0,0,0,0,5,3.75,3.21428571428571,3.33333333333333,0,0,0,0,0,1473.1,1462.58732569195,1398.37428973233,0,2.5,54.0210073098349,76.1111542509929,0,7.5,7.84464540552736,7.94484533366676,0,0,4.00891862868637,5.64932682866032,0,0,0,0,0,2.5,2.48622579049423,2.38196533670165,0,0,0,0,127.049306961804,837.480299242768,1958.74197569779,7521.40097073165,165.01117372755
"161",211,1,45.4378762106979,-73.93126880336,1,8.92045345850798,5.2924250942062,6.79710043130738,10.0397560668168,6.20339661279366,5.76374524944323,7.33502764653411,9.65001278267598,3020.3,2294.8,1569.3,1364.07647058824,150,201.25,252.5,239.117647058824,0,5,10,10.6862745098039,0,3.75,7.5,6.47058823529412,0,0,0,0,0,1.25,2.5,2.84313725490196,0,0,0,0,0,1451,1505.77386186536,1456.97668980505,0,102.5,106.369276940868,101.949526150703,0,10,10.3774904332554,9.54041968904603,0,7.5,7.78311782494156,7.50294059999536,0,0,0,0,0,2.5,2.59437260831385,2.50098019999845,0,0,0,0,80.2065446092291,1355.31190911989,3317.84722772522,9587.35176169176,93.8644896517878
"162",211,1,45.4370827984596,-73.9316311555337,1,5.17536406436864,5.99387742618048,9.07112924369744,9.98457783507932,6.06046297871661,6.98279156565822,9.17921097814422,9.11763437651092,118.3,1085.63333333333,1327.46666666667,1244.42884615385,355,286.666666666667,269.583333333333,269.423076923077,20,13.3333333333333,11.6666666666667,12.1153846153846,15,10,8.75,8.65384615384615,0,0,0,0,5,3.33333333333333,2.91666666666667,3.07692307692308,0,0,0,0,0,1675.47048118829,1494.32294387996,1444.28233638399,0,118.356805183873,105.56037336161,101.138876789245,0,11.5470053837925,10.2985730108887,9.71889981297578,0,8.66025403784439,7.72392975816656,7.4830124357188,0,0,0,0,0,2.88675134594813,2.57464325272219,2.45625375394537,0,0,0,0,336.811425928095,881.873588210633,2582.84609357693,8896.00682246721,106.018226398471
"163",212,1,45.4290424587893,-73.9406841636294,1,14.9493914071038,13.0422007480652,10.1357631168704,9.07853379872114,4.32492096092367,6.8233506918693,8.10953801953332,8.83126535012491,118.3,118.3,118.3,118.3,355,355,355,355,20,20,20,20,15,15,15,15,0,0,0,0,5,5,5,5,0,0,0,0,0,0,0,0,0,0,0,0,0,0,0,0,0,0,0,0,0,0,0,0,0,0,0,0,0,0,0,0,0,0,0,0,49.0927570367591
"164",212,1,45.4309745471204,-73.9417711236616,1,24.0095721445637,19.3377599334913,15.0063357561415,11.671463299955,5.44227099716718,7.79814736568951,9.99746761594378,10.3002383331287,118.3,118.3,118.3,118.3,355,355,355,355,20,20,20,20,15,15,15,15,0,0,0,0,5,5,5,5,0,0,0,0,0,0,0,0,0,0,0,0,0,0,0,0,0,0,0,0,0,0,0,0,0,0,0,0,0,0,0,0,0,0,0,0,109.706754099945
"165",212,1,45.4327087615174,-73.9367316293265,1,6.419042666915,3.01106449322968,1.38909401853852,0.824757817514957,7.23397680218146,5.41177977260616,3.88140520922436,2.88780476102601,118.3,118.3,118.3,118.3,355,355,355,355,20,20,20,20,15,15,15,15,0,0,0,0,5,5,5,5,0,0,0,0,0,0,0,0,0,0,0,0,0,0,0,0,0,0,0,0,0,0,0,0,0,0,0,0,0,0,0,0,0,0,0,0,319.347342972928
"166",212,1,45.4316272726591,-73.9360097242716,1,5.15184623857959,2.43922571113996,1.3088459241929,0.80210531565832,5.88917820672343,4.42721682953747,3.43028287873365,2.73330624081019,118.3,118.3,118.3,118.3,355,355,355,355,20,20,20,20,15,15,15,15,0,0,0,0,5,5,5,5,0,0,0,0,0,0,0,0,0,0,0,0,0,0,0,0,0,0,0,0,0,0,0,0,0,0,0,0,0,0,0,0,0,0,0,0,251.900100041866
"167",212,1,45.4295631850424,-73.9372904050377,1,6.25210193711886,4.87340791193547,3.19374932330226,3.07020149414388,7.00515764031593,6.11951669906204,5.07977907737401,4.77105336142242,118.3,118.3,118.3,118.3,355,355,355,355,20,20,20,20,15,15,15,15,0,0,0,0,5,5,5,5,0,0,0,0,0,0,0,0,0,0,0,0,0,0,0,0,0,0,0,0,0,0,0,0,0,0,0,0,0,0,0,0,0,0,0,0,98.534477384108
"168",212,1,45.4305686142627,-73.9397851526045,1,3.21109464455039,3.63308978547996,5.04972419075712,8.34274138399402,3.91449570311288,3.88908807697043,6.00666036583785,8.88498721659847,118.3,118.3,118.3,118.3,355,355,355,355,20,20,20,20,15,15,15,15,0,0,0,0,5,5,5,5,0,0,0,0,0,0,0,0,0,0,0,0,0,0,0,0,0,0,0,0,0,0,0,0,0,0,0,0,0,0,0,0,0,0,0,0,125.195528783421
"169",212,1,45.4317817428628,-73.9398769627065,1,17.0398169584774,11.9845251568703,13.111963474973,10.9416737399798,10.28909472202,9.08161662651698,9.08050654326148,10.495100668103,118.3,118.3,118.3,118.3,355,355,355,355,20,20,20,20,15,15,15,15,0,0,0,0,5,5,5,5,0,0,0,0,0,0,0,0,0,0,0,0,0,0,0,0,0,0,0,0,0,0,0,0,0,0,0,0,0,0,0,0,0,0,0,0,224.585555402406
"170",212,1,45.4328851045057,-73.9382019661182,1,0.0295255213367696,0.0308896681727445,0.859003588085802,3.67263230543557,0.0149196029837903,0.0140829911654837,3.03887944227569,6.84824608897573,118.3,118.3,118.3,118.3,355,355,355,355,20,20,20,20,15,15,15,15,0,0,0,0,5,5,5,5,0,0,0,0,0,0,0,0,0,0,0,0,0,0,0,0,0,0,0,0,0,0,0,0,0,0,0,0,0,0,0,0,0,0,0,0,312.986997195023
"171",212,1,45.4326894416043,-73.9371479062831,1,5.07502269308519,2.7297656594698,1.37829988139809,1.34745323704084,6.95460950394306,5.13292526583911,3.86706869586821,3.73794529255865,118.3,118.3,118.3,118.3,355,355,355,355,20,20,20,20,15,15,15,15,0,0,0,0,5,5,5,5,0,0,0,0,0,0,0,0,0,0,0,0,0,0,0,0,0,0,0,0,0,0,0,0,0,0,0,0,0,0,0,0,0,0,0,0,305.849015587705
"172",212,1,45.4310485451035,-73.9398925967367,1,4.67514249603518,6.11072376920973,9.84665318265858,9.84871068038821,5.58800328890764,6.29805389181493,9.03862474083574,9.7629572368055,118.3,118.3,118.3,118.3,355,355,355,355,20,20,20,20,15,15,15,15,0,0,0,0,5,5,5,5,0,0,0,0,0,0,0,0,0,0,0,0,0,0,0,0,0,0,0,0,0,0,0,0,0,0,0,0,0,0,0,0,0,0,0,0,162.428881222289
"173",212,1,45.4293136283131,-73.9388666932561,1,2.01498209233805,3.79920839722464,2.73683291713135,5.77071040760103,2.92451955634217,3.88552921842002,3.41305596483936,6.41726068724202,118.3,118.3,118.3,118.3,355,355,355,355,20,20,20,20,15,15,15,15,0,0,0,0,5,5,5,5,0,0,0,0,0,0,0,0,0,0,0,0,0,0,0,0,0,0,0,0,0,0,0,0,0,0,0,0,0,0,0,0,0,0,0,0,87.5738971830209
"174",212,1,45.4305928236013,-73.939898128238,1,3.35451988009804,4.55707132796589,5.60457187354209,8.63838069604745,4.23320509548737,4.45146385374718,6.39853488496591,9.04568241830855,118.3,118.3,118.3,118.3,355,355,355,355,20,20,20,20,15,15,15,15,0,0,0,0,5,5,5,5,0,0,0,0,0,0,0,0,0,0,0,0,0,0,0,0,0,0,0,0,0,0,0,0,0,0,0,0,0,0,0,0,0,0,0,0,134.319788095783
"175",212,1,45.4332642932457,-73.9390008079204,1,0.0323687692837514,0.0774977616552642,2.38484855972038,6.52090097007046,0.013296743740153,0.416306563911197,5.67363465013015,9.18383137697233,118.3,118.3,118.3,118.3,355,355,355,355,20,20,20,20,15,15,15,15,0,0,0,0,5,5,5,5,0,0,0,0,0,0,0,0,0,0,0,0,0,0,0,0,0,0,0,0,0,0,0,0,0,0,0,0,0,0,0,0,0,0,0,0,358.535568912343
"176",212,1,45.4294736410618,-73.9377967208128,1,5.00302631614894,5.38073445495583,4.01562118299577,3.3221744800214,5.84353934343336,6.14163018287093,5.12238631934275,4.93597049924313,118.3,118.3,118.3,118.3,355,355,355,355,20,20,20,20,15,15,15,15,0,0,0,0,5,5,5,5,0,0,0,0,0,0,0,0,0,0,0,0,0,0,0,0,0,0,0,0,0,0,0,0,0,0,0,0,0,0,0,0,0,0,0,0,75.4733549478245
"177",212,1,45.4310683472173,-73.9383464795567,1,4.80777996475003,4.16873811819418,2.91354142697156,4.10628436144288,4.37753923339517,5.98405820032704,5.70983352678483,6.54898815398862,118.3,118.3,118.3,118.3,355,355,355,355,20,20,20,20,15,15,15,15,0,0,0,0,5,5,5,5,0,0,0,0,0,0,0,0,0,0,0,0,0,0,0,0,0,0,0,0,0,0,0,0,0,0,0,0,0,0,0,0,0,0,0,0,110.921868774772
"178",212,1,45.4306835310317,-73.9366412784255,1,0.0814015916363544,0.0617772993091899,0.788303263040083,1.67330578456459,0.0278486158595816,0.0282340000587946,2.52203069356213,3.91394138538401,118.3,118.3,118.3,118.3,355,355,355,355,20,20,20,20,15,15,15,15,0,0,0,0,5,5,5,5,0,0,0,0,0,0,0,0,0,0,0,0,0,0,0,0,0,0,0,0,0,0,0,0,0,0,0,0,0,0,0,0,0,0,0,0,150.050219522746
"179",212,1,45.4314398661146,-73.9390741647915,1,12.8911311998279,9.41340408694722,6.1172575583817,6.82342602403186,10.4287727686878,8.95461420693357,7.67857518934435,9.08912320046904,118.3,118.3,118.3,118.3,355,355,355,355,20,20,20,20,15,15,15,15,0,0,0,0,5,5,5,5,0,0,0,0,0,0,0,0,0,0,0,0,0,0,0,0,0,0,0,0,0,0,0,0,0,0,0,0,0,0,0,0,0,0,0,0,162.400446628621
"180",212,1,45.4286324120607,-73.9399460958392,1,8.15260809122513,9.73697970142386,9.05343492276063,9.40584486873591,3.48773425617062,5.15355126700357,7.57731255101759,8.45819618750511,118.3,118.3,118.3,118.3,355,355,355,355,20,20,20,20,15,15,15,15,0,0,0,0,5,5,5,5,0,0,0,0,0,0,0,0,0,0,0,0,0,0,0,0,0,0,0,0,0,0,0,0,0,0,0,0,0,0,0,0,0,0,0,0,114.651629836025
"181",212,1,45.4313557586669,-73.9414059847405,1,25.3097492274489,24.5623947244593,20.281258342397,13.6858908444998,5.06187224719741,4.7808223688701,7.40224100123467,10.0550561265443,118.3,118.3,118.3,118.3,355,355,355,355,20,20,20,20,15,15,15,15,0,0,0,0,5,5,5,5,0,0,0,0,0,0,0,0,0,0,0,0,0,0,0,0,0,0,0,0,0,0,0,0,0,0,0,0,0,0,0,0,0,0,0,0,150.937748970693
"182",212,1,45.4300300428997,-73.938102323193,1,7.42746038461157,4.06531495187402,2.84346398841584,2.82606812235082,5.77891670584992,5.35023378104281,4.46973090676655,4.63695069386359,118.3,118.3,118.3,118.3,355,355,355,355,20,20,20,20,15,15,15,15,0,0,0,0,5,5,5,5,0,0,0,0,0,0,0,0,0,0,0,0,0,0,0,0,0,0,0,0,0,0,0,0,0,0,0,0,0,0,0,0,0,0,0,0,19.8778700374951
"183",212,1,45.4319598694976,-73.9389373088987,1,6.85378178896167,6.19392972625011,6.07466113514208,6.7732398125281,4.86834420976159,6.66281123853035,8.19267918612531,9.10605535358135,118.3,118.3,118.3,118.3,355,355,355,355,20,20,20,20,15,15,15,15,0,0,0,0,5,5,5,5,0,0,0,0,0,0,0,0,0,0,0,0,0,0,0,0,0,0,0,0,0,0,0,0,0,0,0,0,0,0,0,0,0,0,0,0,214.942044555548
"184",212,1,45.4297200569642,-73.9406741575627,1,9.74033054419747,10.8363095767142,7.86581302886075,7.91629004729382,7.04138964290489,8.06944458305543,7.1199748123175,8.6067424477848,118.3,118.3,118.3,118.3,355,355,355,355,20,20,20,20,15,15,15,15,0,0,0,0,5,5,5,5,0,0,0,0,0,0,0,0,0,0,0,0,0,0,0,0,0,0,0,0,0,0,0,0,0,0,0,0,0,0,0,0,0,0,0,0,93.2636480688669
"185",212,1,45.4278329144246,-73.9393931342472,1,13.8561414199502,14.4277957418902,9.78908843420972,9.29129882001696,5.54961781442578,5.98304727976757,6.86716025547409,8.44063448133189,118.3,118.3,118.3,118.3,355,355,355,355,20,20,20,20,15,15,15,15,0,0,0,0,5,5,5,5,0,0,0,0,0,0,0,0,0,0,0,0,0,0,0,0,0,0,0,0,0,0,0,0,0,0,0,0,0,0,0,0,0,0,0,0,198.976706012898
"186",212,1,45.4326105017184,-73.9340731967412,1,0.057787923394844,0.0562052554731692,0.0567481784523003,0.676145588321983,0.0226517880696534,0.0238160150833008,0.033833053892415,2.93193924928218,118.3,118.3,118.3,118.3,355,355,355,355,20,20,20,20,15,15,15,15,0,0,0,0,5,5,5,5,0,0,0,0,0,0,0,0,0,0,0,0,0,0,0,0,0,0,0,0,0,0,0,0,0,0,0,0,0,0,0,0,0,0,0,0,403.877708025684
"187",212,1,45.431055959646,-73.9331386534796,1,0.0527953285792207,0.0530156857163341,0.0559786403380343,0.251605731663007,0.0216670310437249,0.0238676665432417,0.0277320196611648,1.33101968396803,118.3,118.3,118.3,118.3,355,355,355,355,20,20,20,20,15,15,15,15,0,0,0,0,5,5,5,5,0,0,0,0,0,0,0,0,0,0,0,0,0,0,0,0,0,0,0,0,0,0,0,0,0,0,0,0,0,0,0,0,0,0,0,0,395.841945624395
"188",212,1,45.4306746539438,-73.9368011686327,1,0.0702954067360426,0.0608034180052747,0.649758436650711,1.77522539657228,0.0287048611859698,0.0284508571759079,2.22175692265771,3.99213912162032,118.3,118.3,118.3,118.3,355,355,355,355,20,20,20,20,15,15,15,15,0,0,0,0,5,5,5,5,0,0,0,0,0,0,0,0,0,0,0,0,0,0,0,0,0,0,0,0,0,0,0,0,0,0,0,0,0,0,0,0,0,0,0,0,138.542532619966
"189",213,1,45.4309151394234,-73.938817324099,1,5.3718665579934,4.86406936470724,3.65868920215795,5.13345160148459,6.25762046199508,6.19616557412112,6.03210069069652,7.43894494037949,118.3,118.3,118.3,118.3,355,355,355,355,20,20,20,20,15,15,15,15,0,0,0,0,5,5,5,5,0,0,0,0,0,0,0,0,0,0,0,0,0,0,0,0,0,0,0,0,0,0,0,0,0,0,0,0,0,0,0,0,0,0,0,0,100.76513986859
"190",213,1,45.4292980189802,-73.9360954380867,1,0.0451375258187412,0.0458832506680106,1.61949657268134,3.35635598343434,0.0194087911357823,0.0195319165010054,3.81606029704771,5.51383719629086,118.3,118.3,118.3,118.3,355,355,355,355,20,20,20,20,15,15,15,15,0,0,0,0,5,5,5,5,0,0,0,0,0,0,0,0,0,0,0,0,0,0,0,0,0,0,0,0,0,0,0,0,0,0,0,0,0,0,0,0,0,0,0,0,195.185557212937
"191",213,1,45.4309212827084,-73.9363894532855,1,0.0756387026255366,0.610398607194519,1.14051934980912,1.4897961814617,0.0333829492517851,2.37104296647058,3.11215890569738,3.75648873291832,118.3,118.3,118.3,118.3,355,355,355,355,20,20,20,20,15,15,15,15,0,0,0,0,5,5,5,5,0,0,0,0,0,0,0,0,0,0,0,0,0,0,0,0,0,0,0,0,0,0,0,0,0,0,0,0,0,0,0,0,0,0,0,0,180.191283128907
"192",213,1,45.4326705579298,-73.9403390441263,1,15.5125518386848,18.0601001242819,15.9850659847676,14.0873892779594,3.86201505910971,6.81261068602477,8.58174189656191,10.944077452133,118.3,118.3,118.3,118.3,355,355,355,355,20,20,20,20,15,15,15,15,0,0,0,0,5,5,5,5,0,0,0,0,0,0,0,0,0,0,0,0,0,0,0,0,0,0,0,0,0,0,0,0,0,0,0,0,0,0,0,0,0,0,0,0,305.073822006619
"193",213,1,45.43072100221,-73.9370977584291,1,0.0459979886678476,0.0520259561348033,0.603433143021439,2.08713493931455,0.0218472003114012,0.0265148971846585,2.24255706992894,4.42378136648353,118.3,118.3,118.3,118.3,355,355,355,355,20,20,20,20,15,15,15,15,0,0,0,0,5,5,5,5,0,0,0,0,0,0,0,0,0,0,0,0,0,0,0,0,0,0,0,0,0,0,0,0,0,0,0,0,0,0,0,0,0,0,0,0,121.771187948848
"194",213,1,45.4311512934865,-73.939136917012,1,4.02870663800208,6.74753102393642,5.81456547659511,6.80102926455786,6.88176715257921,8.10278048801373,7.53408546771388,8.83614040052301,118.3,118.3,118.3,118.3,355,355,355,355,20,20,20,20,15,15,15,15,0,0,0,0,5,5,5,5,0,0,0,0,0,0,0,0,0,0,0,0,0,0,0,0,0,0,0,0,0,0,0,0,0,0,0,0,0,0,0,0,0,0,0,0,134.991107080725
"195",213,1,45.4303265580008,-73.9379033682072,1,3.88740283677434,2.94115652596584,2.07784803444796,2.71240761602608,4.94631746173789,4.77342541902332,3.95564601161027,4.79149723215624,118.3,118.3,118.3,118.3,355,355,355,355,20,20,20,20,15,15,15,15,0,0,0,0,5,5,5,5,0,0,0,0,0,0,0,0,0,0,0,0,0,0,0,0,0,0,0,0,0,0,0,0,0,0,0,0,0,0,0,0,0,0,0,0,45.0924785396127
"196",213,1,45.4303486372015,-73.9398909764424,1,3.22724734955842,4.04810757781448,4.6905284562805,7.95516001457827,3.11521377057766,4.26495561262376,5.16605743081126,8.58811853968618,118.3,118.3,118.3,118.3,355,355,355,355,20,20,20,20,15,15,15,15,0,0,0,0,5,5,5,5,0,0,0,0,0,0,0,0,0,0,0,0,0,0,0,0,0,0,0,0,0,0,0,0,0,0,0,0,0,0,0,0,0,0,0,0,124.462049956628
"197",213,1,45.4330850676572,-73.93903360996,1,0.0335015618716054,0.452649310992323,3.36636320771196,6.87346097232701,0.0132378031843732,1.85759526551988,6.76771013578264,9.36804516400835,118.3,118.3,118.3,118.3,355,355,355,355,20,20,20,20,15,15,15,15,0,0,0,0,5,5,5,5,0,0,0,0,0,0,0,0,0,0,0,0,0,0,0,0,0,0,0,0,0,0,0,0,0,0,0,0,0,0,0,0,0,0,0,0,339.231304191408
"198",213,1,45.4373626596256,-73.9416285774341,1,22.9879791055927,22.4469644761406,18.1982227059581,13.1136176742084,2.30719064832344,3.90135373182464,9.14025879341219,10.2268094135613,118.3,118.3,109.46,101.620754716981,355,355,315,279.528301886793,20,20,19,18.1132075471698,15,15,12,9.33962264150943,0,0,0,0,5,5,5,5,0,0,0,0,0,0,18.3005386337592,21.6299059218638,0,0,82.8078671210825,97.8728774744969,0,0,2.07019667802706,2.44682193686242,0,0,6.21059003408119,7.34046581058727,0,0,0,0,0,0,0,0,0,0,0,0,0,18.0800401062524,359.785808918059,1074.60712281711,483.938191834155
"199",213,1,45.4316891145582,-73.9408114719538,1,22.1747831815375,21.9474886731356,19.8653525282599,14.0039370379852,3.02433188752886,5.54876407735368,8.10806165906465,10.0392032338249,118.3,118.3,118.3,118.3,355,355,355,355,20,20,20,20,15,15,15,15,0,0,0,0,5,5,5,5,0,0,0,0,0,0,0,0,0,0,0,0,0,0,0,0,0,0,0,0,0,0,0,0,0,0,0,0,0,0,0,0,0,0,0,0,209.374131827626
"200",213,1,45.4298031380564,-73.9403892002719,1,2.91385307661985,6.08944161789712,7.49026437791197,7.67051428408566,3.02955098574641,6.50286020894035,6.88931799730235,8.35732062973032,118.3,118.3,118.3,118.3,355,355,355,355,20,20,20,20,15,15,15,15,0,0,0,0,5,5,5,5,0,0,0,0,0,0,0,0,0,0,0,0,0,0,0,0,0,0,0,0,0,0,0,0,0,0,0,0,0,0,0,0,0,0,0,0,113.817749477598
"201",213,1,45.4317223296756,-73.9402327582931,1,16.085280567438,15.3718674380207,15.8427793625277,12.3262035270515,9.08864310154055,8.63673443196654,9.15158578506512,10.3498795523159,118.3,118.3,118.3,118.3,355,355,355,355,20,20,20,20,15,15,15,15,0,0,0,0,5,5,5,5,0,0,0,0,0,0,0,0,0,0,0,0,0,0,0,0,0,0,0,0,0,0,0,0,0,0,0,0,0,0,0,0,0,0,0,0,235.36289559703
"202",213,1,45.430158956452,-73.9407713304366,1,5.98556043023932,7.68587532732805,9.29978373725466,8.45296541384157,2.95271872512586,4.87064103874616,7.3162071727028,9.15348782997317,118.3,118.3,118.3,118.3,355,355,355,355,20,20,20,20,15,15,15,15,0,0,0,0,5,5,5,5,0,0,0,0,0,0,0,0,0,0,0,0,0,0,0,0,0,0,0,0,0,0,0,0,0,0,0,0,0,0,0,0,0,0,0,0,134.430649974349
"203",213,1,45.429986020375,-73.9353848967943,1,3.51537907141765,2.64662284321591,1.38695989017992,1.62481642893419,4.9366084178483,4.18838128589848,3.3188193476237,3.92035469377962,118.3,118.3,118.3,118.3,355,355,355,355,20,20,20,20,15,15,15,15,0,0,0,0,5,5,5,5,0,0,0,0,0,0,0,0,0,0,0,0,0,0,0,0,0,0,0,0,0,0,0,0,0,0,0,0,0,0,0,0,0,0,0,0,232.14810350373
"204",213,1,45.4311221791275,-73.9391743376227,1,3.20102397881592,6.16982506324856,5.89330453696277,6.93021825120999,5.68734261312279,7.81851368824947,7.54666471801737,8.87682410284553,118.3,118.3,118.3,118.3,355,355,355,355,20,20,20,20,15,15,15,15,0,0,0,0,5,5,5,5,0,0,0,0,0,0,0,0,0,0,0,0,0,0,0,0,0,0,0,0,0,0,0,0,0,0,0,0,0,0,0,0,0,0,0,0,133.509643840717
"205",213,1,45.4323272953543,-73.9402755207618,1,15.6236525757672,17.3623580350294,16.6385894806945,13.8231684468248,4.8926279573356,6.71128006547363,8.45445913873147,10.774866065184,118.3,118.3,118.3,118.3,355,355,355,355,20,20,20,20,15,15,15,15,0,0,0,0,5,5,5,5,0,0,0,0,0,0,0,0,0,0,0,0,0,0,0,0,0,0,0,0,0,0,0,0,0,0,0,0,0,0,0,0,0,0,0,0,283.78832148709
"206",213,1,45.4302892212467,-73.9371665846487,1,0.0382892995921487,0.212356765448037,1.59148822039867,2.29606703069629,0.0213525890425633,1.02289486911907,3.94269392134853,4.25085367279106,118.3,118.3,118.3,118.3,355,355,355,355,20,20,20,20,15,15,15,15,0,0,0,0,5,5,5,5,0,0,0,0,0,0,0,0,0,0,0,0,0,0,0,0,0,0,0,0,0,0,0,0,0,0,0,0,0,0,0,0,0,0,0,0,95.728923736667
"207",213,1,45.4308675057545,-73.9403316439809,1,10.831328650356,11.0278417352106,10.1010269176949,10.2943573051404,6.06130265286158,7.28538073281757,8.7573825671421,9.74381364643495,118.3,118.3,118.3,118.3,355,355,355,355,20,20,20,20,15,15,15,15,0,0,0,0,5,5,5,5,0,0,0,0,0,0,0,0,0,0,0,0,0,0,0,0,0,0,0,0,0,0,0,0,0,0,0,0,0,0,0,0,0,0,0,0,178.559097060222
"208",213,1,45.4281115829841,-73.9383858506598,1,3.93478344000543,5.71313277929977,7.80524304215565,6.65448584151991,2.6984814286421,4.99167651647737,6.41436708869452,6.66468027559014,118.3,118.3,118.3,118.3,355,355,355,355,20,20,20,20,15,15,15,15,0,0,0,0,5,5,5,5,0,0,0,0,0,0,0,0,0,0,0,0,0,0,0,0,0,0,0,0,0,0,0,0,0,0,0,0,0,0,0,0,0,0,0,0,212.038546890155
"209",213,1,45.4287914934424,-73.9375488723996,1,8.78231925227028,7.11976945771967,4.97642006613787,5.15562970868669,4.13041503328061,4.52069949343017,5.34611030372364,6.2518508823468,118.3,118.3,118.3,118.3,355,355,355,355,20,20,20,20,15,15,15,15,0,0,0,0,5,5,5,5,0,0,0,0,0,0,0,0,0,0,0,0,0,0,0,0,0,0,0,0,0,0,0,0,0,0,0,0,0,0,0,0,0,0,0,0,150.85397793159
"210",213,1,45.4303828872234,-73.9402217930654,1,6.70539856538245,5.62238653059569,6.86061182872522,8.51146154015061,4.89300176773664,4.26503443718366,6.69650348111025,8.93870146419536,118.3,118.3,118.3,118.3,355,355,355,355,20,20,20,20,15,15,15,15,0,0,0,0,5,5,5,5,0,0,0,0,0,0,0,0,0,0,0,0,0,0,0,0,0,0,0,0,0,0,0,0,0,0,0,0,0,0,0,0,0,0,0,0,150.371635555838
"211",213,1,45.4310640384711,-73.9383784150397,1,5.42747959664195,4.33043268790301,2.9776386452235,4.17992421903559,4.76886761806893,6.0327480234661,5.7598285479099,6.62350134501372,118.3,118.3,118.3,118.3,355,355,355,355,20,20,20,20,15,15,15,15,0,0,0,0,5,5,5,5,0,0,0,0,0,0,0,0,0,0,0,0,0,0,0,0,0,0,0,0,0,0,0,0,0,0,0,0,0,0,0,0,0,0,0,0,110.46517052419
"212",213,1,45.428444430482,-73.9377354712445,1,8.29086580048152,7.49600567078346,5.89800293879054,6.09865447275328,4.03822280135174,4.24878208257566,5.5881929634041,6.5415795511395,118.3,118.3,118.3,118.3,355,355,355,355,20,20,20,20,15,15,15,15,0,0,0,0,5,5,5,5,0,0,0,0,0,0,0,0,0,0,0,0,0,0,0,0,0,0,0,0,0,0,0,0,0,0,0,0,0,0,0,0,0,0,0,0,181.95599765652
"213",213,1,45.4346631328607,-73.9401029585236,1,0.0655902342097032,2.3918552580842,6.33957513162228,10.3059607859204,0.0260862558770961,5.56422743934383,9.5662563289211,11.0709323218571,118.3,118.3,118.3,118.3,355,355,355,355,20,20,20,20,15,15,15,15,0,0,0,0,5,5,5,5,0,0,0,0,0,0,0,0,0,0,0,0,0,0,0,0,0,0,0,0,0,0,0,0,0,0,0,0,0,0,0,0,0,0,0,0,484.967222426657
"214",213,1,45.428630086337,-73.9377333277586,1,8.72977550168284,7.16020729634035,5.29808696196495,5.7936926677301,3.48244940063639,4.37352758387513,5.36509997815006,6.44835822729633,118.3,118.3,118.3,118.3,355,355,355,355,20,20,20,20,15,15,15,15,0,0,0,0,5,5,5,5,0,0,0,0,0,0,0,0,0,0,0,0,0,0,0,0,0,0,0,0,0,0,0,0,0,0,0,0,0,0,0,0,0,0,0,0,162.260148841432
"215",213,1,45.4295253512743,-73.9394409811009,1,4.64814980144288,3.09371654392963,3.83165219995998,6.62267149284561,3.07302177521652,3.30802546945942,4.95858552854226,6.92817509653689,118.3,118.3,118.3,118.3,355,355,355,355,20,20,20,20,15,15,15,15,0,0,0,0,5,5,5,5,0,0,0,0,0,0,0,0,0,0,0,0,0,0,0,0,0,0,0,0,0,0,0,0,0,0,0,0,0,0,0,0,0,0,0,0,100.199990678834
"216",213,1,45.4309159270487,-73.942507363244,1,2.36471397859693,6.80951741805154,10.105219486471,12.8325839333483,4.4214833473419,8.17602318646992,10.1040448298688,10.2515876578539,118.3,118.3,118.3,118.3,355,355,355,355,20,20,20,20,15,15,15,15,0,0,0,0,5,5,5,5,0,0,0,0,0,0,0,0,0,0,0,0,0,0,0,0,0,0,0,0,0,0,0,0,0,0,0,0,0,0,0,0,0,0,0,0,52.4351306900058
"217",213,1,45.4296222631402,-73.941018781757,1,18.8212737356608,12.826825465139,7.97439631050959,8.36553975844932,3.68833887152869,7.33899955915858,7.46779436860122,8.85773654940258,118.3,118.3,118.3,118.3,355,355,355,355,20,20,20,20,15,15,15,15,0,0,0,0,5,5,5,5,0,0,0,0,0,0,0,0,0,0,0,0,0,0,0,0,0,0,0,0,0,0,0,0,0,0,0,0,0,0,0,0,0,0,0,0,71.739176773257
"218",214,1,45.4363557021361,-73.9368296805418,1,0.0255532763331069,1.29189209404718,3.71706124381097,7.14225051659848,0.0105521850376958,4.71917912677055,8.22751644570148,10.3298638344922,118.3,118.3,118.3,112.233333333333,355,355,355,327.549019607843,20,20,20,19.3137254901961,15,15,15,12.9411764705882,0,0,0,0,5,5,5,5,0,0,0,0,0,0,0,15.3612846684991,0,0,0,69.508075423073,0,0,0,1.73770188557683,0,0,0,5.21310565673048,0,0,0,0,0,0,0,0,0,0,0,0,0,11.5014773800498,265.240286553056,833.341485307267,520.273795521043
"219",214,1,45.4313974378853,-73.9353887553973,1,0.0815757856510049,0.874244786534415,1.13688025767552,0.73171950325041,0.0295530983603328,2.59227094296274,3.13306641544705,2.60152720456889,118.3,118.3,118.3,118.3,355,355,355,355,20,20,20,20,15,15,15,15,0,0,0,0,5,5,5,5,0,0,0,0,0,0,0,0,0,0,0,0,0,0,0,0,0,0,0,0,0,0,0,0,0,0,0,0,0,0,0,0,0,0,0,0,274.620268850024
"220",214,1,45.4336783984401,-73.9401371874209,1,11.4685079745508,10.6819440376859,10.2341914698932,11.4579284125085,7.61677994850465,8.86915351519047,9.81554277428411,11.020554076812,118.3,118.3,118.3,118.3,355,355,355,355,20,20,20,20,15,15,15,15,0,0,0,0,5,5,5,5,0,0,0,0,0,0,0,0,0,0,0,0,0,0,0,0,0,0,0,0,0,0,0,0,0,0,0,0,0,0,0,0,0,0,0,0,395.265033925906
"221",214,1,45.4332628666389,-73.9371648437984,1,3.58818084412708,1.8524952022185,1.26567986807055,0.918021641376563,6.72451853704317,4.41650844288186,3.71815656155659,3.17891444807758,118.3,118.3,118.3,118.3,355,355,355,355,20,20,20,20,15,15,15,15,0,0,0,0,5,5,5,5,0,0,0,0,0,0,0,0,0,0,0,0,0,0,0,0,0,0,0,0,0,0,0,0,0,0,0,0,0,0,0,0,0,0,0,0,366.65912245107
"222",214,1,45.4304252036431,-73.9379604091495,1,2.26709253177631,2.35468172638572,2.11983721420741,2.84070792708336,3.47110686221577,4.1987563806766,4.10563113555161,4.99604908882985,118.3,118.3,118.3,118.3,355,355,355,355,20,20,20,20,15,15,15,15,0,0,0,0,5,5,5,5,0,0,0,0,0,0,0,0,0,0,0,0,0,0,0,0,0,0,0,0,0,0,0,0,0,0,0,0,0,0,0,0,0,0,0,0,49.863502606595
"223",215,1,45.4382035307542,-73.9374851352912,1,17.400932374229,19.1050065871637,20.1872300169261,16.9592752380525,2.65234655950519,3.99460719244284,6.77396229116132,10.4921437727897,74.1,74.1,74.1,85.9392857142857,155,155,155,208.571428571429,15,15,15,16.3392857142857,0,0,0,4.01785714285715,0,0,0,0,5,5,5,5,0,0,0,0,0,0,0,19.7507898905006,0,0,0,89.3700900022652,0,0,0,2.23425225005663,0,0,0,6.70275675016989,0,0,0,0,0,0,0,0,0,0,0,0,0,0,0,772.129560694726,567.648486002946
"224",215,1,45.4367515050535,-73.9385184888084,1,3.76287241083869,7.07117487751411,7.6404734751896,8.91073552959955,7.21353568934675,9.68533963324748,9.54991009346519,10.3722079887965,118.3,118.3,114.616666666667,108.1,355,355,338.333333333333,308.846153846154,20,20,19.5833333333333,18.8461538461538,15,15,13.75,11.5384615384615,0,0,0,0,5,5,5,5,0,0,0,0,0,0,12.7594409490907,18.8042548376691,0,0,57.7350269189626,85.0871259623034,0,0,1.44337567297406,2.12717814905758,0,0,4.33012701892219,6.38153444717276,0,0,0,0,0,0,0,0,0,0,0,0,56.5904249972503,182.151995455867,451.179795046758,967.19188577957,643.950116464796
"225",215,1,45.4385545137375,-73.9401784948009,1,10.3312122172018,6.24224022206863,3.49315392472712,7.23215635674801,6.68114527068359,6.40766885518582,5.08900807002506,8.54898744194772,74.1,74.1,86.7285714285714,87.1,155,155,212.142857142857,213.823529411765,15,15,16.4285714285714,16.4705882352941,0,0,4.28571428571429,4.41176470588236,0,0,0,0,5,5,5,5,0,0,0,0,0,0,20.7212796074815,20.3399115042323,0,0,93.7614461876991,92.0357986616845,0,0,2.34403615469248,2.30089496654211,0,0,7.03210846407743,6.90268489962633,0,0,0,0,0,0,0,0,0,0,0,0,0,80.3025910901318,293.060396522957,698.793245332892,647.823434517271
"226",215,1,45.4372150146554,-73.933952417109,1,8.8068547557024,10.2414407208112,14.3402352553031,14.2921688791113,8.85064588684761,9.58984203869008,10.4375660708307,11.2832867388627,118.3,118.3,110.933333333333,222.888,355,355,321.666666666667,294.8,20,20,19.1666666666667,17.9,15,15,12.5,10.5,0,0,0,0,5,5,5,4.8,0,0,0,0,0,0,17.2048266659697,577.144144850049,0,0,77.8498944161523,92.8953767439917,0,0,1.94624736040381,4.2964152119493,0,0,5.83874208121142,6.94365074829414,0,0,0,0,0,0,0,0.989743318610787,0,0,0,0,0,0,342.249714913944,1843.27561678649,283.742835296826
"227",215,1,45.4374424025089,-73.9353077849043,1,24.1497500392923,20.4160876626897,17.3726677497086,16.2009877250841,1.85142335489049,8.5810071665453,11.1622501336981,11.7972980801673,74.1,88.8333333333333,97.6733333333333,98.2849056603773,155,221.666666666667,261.666666666667,264.433962264151,15,16.6666666666667,17.6666666666667,17.7358490566038,0,5,8,8.20754716981132,0,0,0,0,5,5,5,5,0,0,0,0,0,25.5188818981815,22.824781853649,22.2119804491112,0,115.470053837925,103.279555898864,100.506698864757,0,2.88675134594813,2.58198889747161,2.51266747161892,0,8.66025403784439,7.74596669241483,7.53800241485674,0,0,0,0,0,0,0,0,0,0,0,0,79.5695186210987,190.593263099523,395.346949792837,895.257909992383,389.497842888786
"228",215,1,45.4351245094064,-73.9335775499807,1,6.12737013971094,7.68343078739535,6.58107812468195,4.96672252627742,5.32840507869908,5.90698725690907,6.4091976124756,6.88959517057788,118.3,118.3,118.3,118.3,355,355,355,355,20,20,20,20,15,15,15,15,0,0,0,0,5,5,5,5,0,0,0,0,0,0,0,0,0,0,0,0,0,0,0,0,0,0,0,0,0,0,0,0,0,0,0,0,0,0,0,0,0,0,0,0,288.804636868964
"229",215,1,45.4347007803095,-73.9299850091922,1,4.80400806089384,3.43250051964203,3.69087232211762,4.44011568449498,3.72494198223383,3.58459142481566,4.18792243891863,5.0248835403661,118.3,1288,1872.85,1733.92941176471,355,303.333333333333,277.5,279.117647058824,20,13.3333333333333,10,10.5882352941176,15,10,7.5,7.94117647058824,0,0,0,0,5,3.33333333333333,2.5,2.64705882352941,0,0,0,0,0,2025.97982961332,1832.56770754242,1736.26652796097,0,89.489291724392,80.9461100193995,82.0896210391603,0,11.5470053837925,10.4446593573419,10.0820166050017,0,8.66025403784439,7.8334945180064,7.56151245375125,0,0,0,0,0,2.88675134594813,2.61116483933547,2.52050415125042,0,0,0,0,385.532141527392,776.485824534296,2464.34642533862,7592.73188869765,9.21989513395765
"230",215,1,45.4356355550981,-73.9336004379467,1,11.5086372028345,8.10289585780001,6.62706940471987,6.43726091602709,6.29939625293331,6.8390869240277,7.04365748435627,7.96265070871141,118.3,118.3,118.3,118.3,355,355,355,355,20,20,20,20,15,15,15,15,0,0,0,0,5,5,5,5,0,0,0,0,0,0,0,0,0,0,0,0,0,0,0,0,0,0,0,0,0,0,0,0,0,0,0,0,0,0,0,0,0,0,0,158.630435119089,303.532357938078
"231",215,1,45.435457877652,-73.9340821706274,1,7.72186205727715,5.4030887457078,4.1871535079672,4.92168893830762,7.15307613299596,6.78064779463371,6.11431520570619,7.2181598431067,118.3,118.3,118.3,118.3,355,355,355,355,20,20,20,20,15,15,15,15,0,0,0,0,5,5,5,5,0,0,0,0,0,0,0,0,0,0,0,0,0,0,0,0,0,0,0,0,0,0,0,0,0,0,0,0,0,0,0,0,0,0,0,0,334.428325481876
"232",215,1,45.435693247533,-73.9314689046428,1,10.0155287759108,9.45645595984322,8.70238278426028,7.32518441435935,4.68658481234061,5.80550703323355,6.2520385907378,7.11118088290794,118.3,118.3,360.133333333333,1063.10377358491,355,355,337.916666666667,298.77358490566,20,20,18.3333333333333,13.9622641509434,15,15,13.75,10.4716981132075,0,0,0,0,5,5,4.58333333333333,3.49056603773585,0,0,0,0,0,0,837.735240594147,1459.63684774439,0,0,59.1784025919366,87.3592585708873,0,0,5.77350269189626,9.26939186485646,0,0,4.33012701892219,6.95204389864234,0,0,0,0,0,0,1.44337567297406,2.31734796621411,0,0,0,0,0,123.309876194537,1699.71459623818,6575.10650621674,154.032956093612
"233",215,1,45.4349316222035,-73.9337365722167,1,2.25473758194194,5.02008401217463,5.36904513090195,4.15202413119159,3.27106854901315,5.28294924935495,6.14730073190488,6.35160193607314,118.3,118.3,118.3,118.3,355,355,355,355,20,20,20,20,15,15,15,15,0,0,0,0,5,5,5,5,0,0,0,0,0,0,0,0,0,0,0,0,0,0,0,0,0,0,0,0,0,0,0,0,0,0,0,0,0,0,0,0,0,0,0,0,299.085448989664
"234",215,1,45.4365368573245,-73.9295322219096,1,2.30905388573058,3.94784673014561,4.00740161076823,4.28300150070277,3.04155691914569,4.13893343118501,4.08727815684503,4.70288886095877,3020.3,3222.66666666667,3222.66666666667,2795.66346153846,150,166.666666666667,166.666666666667,199.807692307692,0,0,0,3.07692307692308,0,0,0,2.30769230769231,0,0,0,0,0,0,0,0.769230769230769,0,0,0,0,0,350.509348425022,298.915376694212,1186.12623671474,0,28.8675134594813,24.6182981958665,70.668804572231,0,0,0,7.28642614957309,0,0,0,5.46481961217982,0,0,0,0,0,0,0,1.82160653739327,0,0,0,0,392.76087450583,980.041428014341,3267.16679647086,13732.3266125859,17.0973458547712
"235",215,1,45.4366855815105,-73.9330495509311,1,19.0781375588892,16.5948183547756,13.7639169662333,10.5289980252823,4.45544314347223,7.92862861988884,9.97465761561033,9.69855752591092,118.3,118.3,118.3,442.658490566038,355,355,355,312.924528301887,20,20,20,17.2641509433962,15,15,15,11.8867924528302,0,0,0,0,5,5,5,4.43396226415094,0,0,0,0,0,0,0,929.88156182014,0,0,0,83.010854030015,0,0,0,6.39756847859532,0,0,0,6.14147431985842,0,0,0,0,0,0,0,1.59939211964883,0,0,0,0,0,0,0,3719.93555612622,225.169533628907
"236",215,1,45.4362708217634,-73.9342776568561,1,2.49228609263775,1.57516368487367,2.79389030178667,9.04997028159828,4.6149051147765,3.95912357832233,5.75786254450694,10.0947263867902,118.3,118.3,118.3,115.75,355,355,355,343.461538461538,20,20,20,19.7115384615385,15,15,15,14.1346153846154,0,0,0,0,5,5,5,5,0,0,0,0,0,0,0,10.4062481231229,0,0,0,47.0870955797419,0,0,0,1.17717738949355,0,0,0,3.53153216848064,0,0,0,0,0,0,0,0,0,0,0,0,0,0,0,583.466930148207,331.251131885986
"237",215,1,45.4357435150219,-73.9346638291681,1,0.0323868283182003,0.505791215271302,1.99545540679101,4.82088320858602,0.0167937393680165,2.32024219779572,4.71866251968976,7.7061732127264,118.3,118.3,118.3,117.466037735849,355,355,355,351.22641509434,20,20,20,19.9056603773585,15,15,15,14.7169811320755,0,0,0,0,5,5,5,5,0,0,0,0,0,0,0,6.07133692653205,0,0,0,27.4721127897378,0,0,0,0.686802819743446,0,0,0,2.06040845923034,0,0,0,0,0,0,0,0,0,0,0,0,0,0,0,367.495575368917,383.115636436064
"238",215,1,45.4371288880182,-73.9308313918105,1,5.42543590415321,5.46238825596965,5.332875107732,7.89543639174508,6.07077549536453,5.67695399316682,5.53300953258193,8.33505960271555,3020.3,3020.3,2536.63333333333,1794.24807692308,150,150,184.166666666667,241.634615384615,0,0,3.33333333333333,8.75,0,0,2.5,6.34615384615385,0,0,0,0,0,0,0.833333333333333,2.21153846153846,0,0,0,0,0,0,1129.60196797837,1518.71760886823,0,0,79.7961417765561,99.0579210333884,0,0,7.78498944161523,9.94470003688042,0,0,5.83874208121142,7.4830124357188,0,0,0,0,0,0,1.94624736040381,2.50753013753545,0,0,0,0,212.564441848218,1254.18211244996,2973.1923875297,11707.1628015142,46.2780227599143
"239",216,1,45.4348417826653,-73.9383742014145,1,6.79942842405668,4.19661812489204,1.99795251969908,1.74343722331491,7.10581507761787,7.12815903342695,5.14953001540064,4.98837580822026,118.3,118.3,118.3,118.3,355,355,355,355,20,20,20,20,15,15,15,15,0,0,0,0,5,5,5,5,0,0,0,0,0,0,0,0,0,0,0,0,0,0,0,0,0,0,0,0,0,0,0,0,0,0,0,0,0,0,0,0,0,0,0,0,530.173226383924
"240",216,1,45.4390342406748,-73.9379368901886,1,18.1510316648032,15.5332506530287,15.586545220082,15.7376879930438,3.66425829910822,6.9239552477414,9.3450197754942,10.4602822007122,74.1,74.1,74.1,74.9666666666667,155,155,155,158.921568627451,15,15,15,15.0980392156863,0,0,0,0.294117647058823,0,0,0,0,5,5,5,5,0,0,0,0,0,0,0,6.1892379714038,0,0,0,28.0056016805602,0,0,0,0.700140042014005,0,0,0,2.10042012604201,0,0,0,0,0,0,0,0,0,0,0,0,0,0,0,35.3771825555456,623.734896910087
"241",216,1,45.4355681268424,-73.9387188349355,1,6.98978081954357,3.90737552698661,2.08444249277495,4.45708288018916,7.85784865902905,7.08088654516348,5.36868746663787,8.51784473406222,118.3,118.3,118.3,118.3,355,355,355,355,20,20,20,20,15,15,15,15,0,0,0,0,5,5,5,5,0,0,0,0,0,0,0,0,0,0,0,0,0,0,0,0,0,0,0,0,0,0,0,0,0,0,0,0,0,0,0,0,0,0,0,425.686930826956,608.769681271425
"242",216,1,45.4320162932963,-73.9416510190297,1,25.3549867062168,25.8808675564962,24.1963964527656,17.2561940339857,3.82677740092249,3.104911008448,4.03889917777077,9.14761087273042,118.3,118.3,118.3,118.3,355,355,355,355,20,20,20,20,15,15,15,15,0,0,0,0,5,5,5,5,0,0,0,0,0,0,0,0,0,0,0,0,0,0,0,0,0,0,0,0,0,0,0,0,0,0,0,0,0,0,0,0,0,0,0,0,180.620817897229
"243",216,1,45.4331725974043,-73.938774425187,1,0.0321431486905681,0.0321835730863279,1.55989556530932,5.63509696607914,0.0123867832929701,0.0138696767592366,4.3916408101278,8.59565084006722,118.3,118.3,118.3,118.3,355,355,355,355,20,20,20,20,15,15,15,15,0,0,0,0,5,5,5,5,0,0,0,0,0,0,0,0,0,0,0,0,0,0,0,0,0,0,0,0,0,0,0,0,0,0,0,0,0,0,0,0,0,0,0,0,346.309894976589
"244",217,1,45.4305960099753,-73.9407887036236,1,8.60902119363368,10.8034014055334,11.7929723303545,9.72005086907476,5.53228266953728,6.14958800817644,8.34474812172222,9.65546749908851,118.3,118.3,118.3,118.3,355,355,355,355,20,20,20,20,15,15,15,15,0,0,0,0,5,5,5,5,0,0,0,0,0,0,0,0,0,0,0,0,0,0,0,0,0,0,0,0,0,0,0,0,0,0,0,0,0,0,0,0,0,0,0,0,180.871252137697
"245",217,1,45.4299281033736,-73.937718676151,1,9.51108484175874,5.12447714456465,2.62487168072276,2.59489243589865,5.55673148946458,5.90792301116007,4.63707883323778,4.27972790017002,118.3,118.3,118.3,118.3,355,355,355,355,20,20,20,20,15,15,15,15,0,0,0,0,5,5,5,5,0,0,0,0,0,0,0,0,0,0,0,0,0,0,0,0,0,0,0,0,0,0,0,0,0,0,0,0,0,0,0,0,0,0,0,0,51.8438207752798
"246",217,1,45.4285409455199,-73.9379512808824,1,6.21891582964635,6.11860021959436,5.53954018505724,6.21374970309707,4.32359548223425,4.4689103467756,5.23255880186857,6.539443585228,118.3,118.3,118.3,118.3,355,355,355,355,20,20,20,20,15,15,15,15,0,0,0,0,5,5,5,5,0,0,0,0,0,0,0,0,0,0,0,0,0,0,0,0,0,0,0,0,0,0,0,0,0,0,0,0,0,0,0,0,0,0,0,0,167.563553387273
"247",217,1,45.4310779892956,-73.937842900195,1,0.0443571207474689,0.911852058713621,1.80069520255364,2.94350802944665,0.0151391262169826,2.38811363687136,4.28799233482179,5.46074581927423,118.3,118.3,118.3,118.3,355,355,355,355,20,20,20,20,15,15,15,15,0,0,0,0,5,5,5,5,0,0,0,0,0,0,0,0,0,0,0,0,0,0,0,0,0,0,0,0,0,0,0,0,0,0,0,0,0,0,0,0,0,0,0,0,118.811231201087
"248",217,1,45.4314464180729,-73.9437744206281,1,11.6055449914496,13.2620406994584,12.7091644748923,17.0503911237075,8.88404795475066,8.61386540864753,9.68036699556163,10.2582962572289,118.3,118.3,118.3,118.3,355,355,355,355,20,20,20,20,15,15,15,15,0,0,0,0,5,5,5,5,0,0,0,0,0,0,0,0,0,0,0,0,0,0,0,0,0,0,0,0,0,0,0,0,0,0,0,0,0,0,0,0,0,0,0,0,58.4072847169371
"249",217,1,45.4291012256819,-73.9361371215866,1,0.0464694237222477,0.630244480095586,2.17536083220177,3.66218763884275,0.0182933737084435,2.34447990246486,4.34430589441965,5.69103062026747,118.3,118.3,118.3,118.3,355,355,355,355,20,20,20,20,15,15,15,15,0,0,0,0,5,5,5,5,0,0,0,0,0,0,0,0,0,0,0,0,0,0,0,0,0,0,0,0,0,0,0,0,0,0,0,0,0,0,0,0,0,0,0,0,202.320299389962
"250",217,1,45.4315782427356,-73.9367852717679,1,0.0404179385435083,1.32128324356897,1.24041542308514,1.5539325018456,0.0213139737264864,3.70632613400947,3.37163126825154,4.12083955345297,118.3,118.3,118.3,118.3,355,355,355,355,20,20,20,20,15,15,15,15,0,0,0,0,5,5,5,5,0,0,0,0,0,0,0,0,0,0,0,0,0,0,0,0,0,0,0,0,0,0,0,0,0,0,0,0,0,0,0,0,0,0,0,0,207.519711416884
"251",217,1,45.4317262234639,-73.9421580647241,1,23.9392801226402,23.9621597603922,20.2269362081822,16.6161552201642,4.01476627742349,4.17640590932212,8.83018035311815,9.80182905650343,118.3,118.3,118.3,118.3,355,355,355,355,20,20,20,20,15,15,15,15,0,0,0,0,5,5,5,5,0,0,0,0,0,0,0,0,0,0,0,0,0,0,0,0,0,0,0,0,0,0,0,0,0,0,0,0,0,0,0,0,0,0,0,0,129.516200908482
"252",217,1,45.4298699802848,-73.9393263377101,1,2.96212528823713,3.15654312285263,2.64834059398839,6.1984565300575,2.74698372118889,3.28316696948377,3.32138524263153,6.99738588674033,118.3,118.3,118.3,118.3,355,355,355,355,20,20,20,20,15,15,15,15,0,0,0,0,5,5,5,5,0,0,0,0,0,0,0,0,0,0,0,0,0,0,0,0,0,0,0,0,0,0,0,0,0,0,0,0,0,0,0,0,0,0,0,0,76.6487902613362
"253",217,1,45.4308736633557,-73.937401841013,1,0.0379198501099191,0.0449306382707007,0.874945733027188,2.30690745750769,0.0141685269904682,0.0191544317238316,2.60107091507737,4.68628083460756,118.3,118.3,118.3,118.3,355,355,355,355,20,20,20,20,15,15,15,15,0,0,0,0,5,5,5,5,0,0,0,0,0,0,0,0,0,0,0,0,0,0,0,0,0,0,0,0,0,0,0,0,0,0,0,0,0,0,0,0,0,0,0,0,116.080567555658
"254",217,1,45.4291899050248,-73.9382047261793,1,3.60512716755607,2.72980635621267,4.49477711622302,4.96736421876172,5.1014605253252,3.84684412076697,4.99435613964766,6.13893833128912,118.3,118.3,118.3,118.3,355,355,355,355,20,20,20,20,15,15,15,15,0,0,0,0,5,5,5,5,0,0,0,0,0,0,0,0,0,0,0,0,0,0,0,0,0,0,0,0,0,0,0,0,0,0,0,0,0,0,0,0,0,0,0,0,93.129708420825
"255",217,1,45.4304075538126,-73.9376985058639,1,1.11762533314763,2.06772630940085,1.80686832338758,2.59032125275105,2.30096534737854,4.19906807240783,3.81160855758613,4.68847448280365,118.3,118.3,118.3,118.3,355,355,355,355,20,20,20,20,15,15,15,15,0,0,0,0,5,5,5,5,0,0,0,0,0,0,0,0,0,0,0,0,0,0,0,0,0,0,0,0,0,0,0,0,0,0,0,0,0,0,0,0,0,0,0,0,63.2780458646034
"256",217,1,45.4306932299045,-73.936825239545,1,0.0686432384863133,0.0608325980105727,0.634956376251562,1.78780443958136,0.0293920235354787,0.028342607273449,2.19392154636269,4.01958351453444,118.3,118.3,118.3,118.3,355,355,355,355,20,20,20,20,15,15,15,15,0,0,0,0,5,5,5,5,0,0,0,0,0,0,0,0,0,0,0,0,0,0,0,0,0,0,0,0,0,0,0,0,0,0,0,0,0,0,0,0,0,0,0,0,137.923232957124
"257",217,1,45.4306691924537,-73.940401779973,1,10.1223482335033,8.96908689595585,9.17692832406377,9.6361852755846,4.49389502823194,6.29295843268842,8.05788417288477,9.49677495255624,118.3,118.3,118.3,118.3,355,355,355,355,20,20,20,20,15,15,15,15,0,0,0,0,5,5,5,5,0,0,0,0,0,0,0,0,0,0,0,0,0,0,0,0,0,0,0,0,0,0,0,0,0,0,0,0,0,0,0,0,0,0,0,0,173.768497577025
"258",217,1,45.4316683014327,-73.9391284913041,1,14.822945792133,9.90164606838932,6.86892761845296,7.26008728228466,9.47458780545761,8.70481166852706,8.04941086004491,9.39778341697139,118.3,118.3,118.3,118.3,355,355,355,355,20,20,20,20,15,15,15,15,0,0,0,0,5,5,5,5,0,0,0,0,0,0,0,0,0,0,0,0,0,0,0,0,0,0,0,0,0,0,0,0,0,0,0,0,0,0,0,0,0,0,0,0,187.732180771073
"259",217,1,45.4302665345051,-73.9356234207168,1,1.72049305871712,2.41523420315894,1.31446056429095,1.4619240898399,3.18329074871001,3.92118001877851,3.22452393944445,3.69261635120903,118.3,118.3,118.3,118.3,355,355,355,355,20,20,20,20,15,15,15,15,0,0,0,0,5,5,5,5,0,0,0,0,0,0,0,0,0,0,0,0,0,0,0,0,0,0,0,0,0,0,0,0,0,0,0,0,0,0,0,0,0,0,0,0,214.41500627623
"260",217,1,45.4318520830995,-73.9415661747702,1,26.3718934496163,25.8956590401825,23.7119789677216,16.3524606935539,2.50940228210727,3.30837128547943,4.69792640789552,9.46551123400827,118.3,118.3,118.3,118.3,355,355,355,355,20,20,20,20,15,15,15,15,0,0,0,0,5,5,5,5,0,0,0,0,0,0,0,0,0,0,0,0,0,0,0,0,0,0,0,0,0,0,0,0,0,0,0,0,0,0,0,0,0,0,0,0,172.859480485722
"261",217,1,45.4282529402201,-73.9387630909047,1,3.27657474870276,5.17404448073943,7.79314199765696,7.28285166636905,3.9034745499738,6.14209131353894,6.58010371549196,7.03993980423865,118.3,118.3,118.3,118.3,355,355,355,355,20,20,20,20,15,15,15,15,0,0,0,0,5,5,5,5,0,0,0,0,0,0,0,0,0,0,0,0,0,0,0,0,0,0,0,0,0,0,0,0,0,0,0,0,0,0,0,0,0,0,0,0,198.7232315818
"262",217,1,45.4293514434301,-73.9385652771781,1,3.81546694651862,3.08713930398322,3.85914742382502,5.24018013235234,4.1433164226251,3.95016132448515,4.6733836056387,6.22141234611986,118.3,118.3,118.3,118.3,355,355,355,355,20,20,20,20,15,15,15,15,0,0,0,0,5,5,5,5,0,0,0,0,0,0,0,0,0,0,0,0,0,0,0,0,0,0,0,0,0,0,0,0,0,0,0,0,0,0,0,0,0,0,0,0,75.834723043856
"263",217,1,45.4303979385905,-73.9429896862035,1,0.924711878113694,1.40931638316999,3.1832985641911,12.2591763902572,2.36557249474308,3.34685835754289,5.67375658359861,10.2761890010277,118.3,118.3,118.3,118.3,355,355,355,355,20,20,20,20,15,15,15,15,0,0,0,0,5,5,5,5,0,0,0,0,0,0,0,0,0,0,0,0,0,0,0,0,0,0,0,0,0,0,0,0,0,0,0,0,0,0,0,0,0,0,0,0,41.9102988323051
"264",217,1,45.4310808657742,-73.9412176434831,1,21.8225173211365,22.1526287332393,17.1876786050178,12.1762963114783,4.84851620325803,5.48774936104682,8.43228593955588,10.1470990028608,118.3,118.3,118.3,118.3,355,355,355,355,20,20,20,20,15,15,15,15,0,0,0,0,5,5,5,5,0,0,0,0,0,0,0,0,0,0,0,0,0,0,0,0,0,0,0,0,0,0,0,0,0,0,0,0,0,0,0,0,0,0,0,0,154.551574776492
"265",217,1,45.4282783253476,-73.9373425024531,1,7.22062734292477,7.99329280282497,7.11971524246382,5.67629519688008,4.64305826499508,5.41724219946744,6.16613152921666,6.49779491679356,118.3,118.3,118.3,118.3,355,355,355,355,20,20,20,20,15,15,15,15,0,0,0,0,5,5,5,5,0,0,0,0,0,0,0,0,0,0,0,0,0,0,0,0,0,0,0,0,0,0,0,0,0,0,0,0,0,0,0,0,0,0,0,0,209.540184267648
"266",217,1,45.4298967177522,-73.9401230485787,1,1.64547398185146,3.16196830901241,6.65280931517047,7.58256060001445,2.28656645823353,3.77140532289172,6.62290302300004,8.15834703172296,118.3,118.3,118.3,118.3,355,355,355,355,20,20,20,20,15,15,15,15,0,0,0,0,5,5,5,5,0,0,0,0,0,0,0,0,0,0,0,0,0,0,0,0,0,0,0,0,0,0,0,0,0,0,0,0,0,0,0,0,0,0,0,0,135.381893901891
"267",217,1,45.430677776184,-73.9351140855672,1,0.595543075009065,1.99045067474626,1.2703664163313,0.684366649221607,1.8540035222616,3.5827973005807,3.14080370476629,2.44078363561842,118.3,118.3,118.3,118.3,355,355,355,355,20,20,20,20,15,15,15,15,0,0,0,0,5,5,5,5,0,0,0,0,0,0,0,0,0,0,0,0,0,0,0,0,0,0,0,0,0,0,0,0,0,0,0,0,0,0,0,0,0,0,0,0,261.996352012473
"268",217,1,45.4313493179524,-73.942232615555,1,20.007312165785,18.3090549155236,16.572693695805,14.4138744111778,5.47768956842244,8.84961949560591,10.2732084938439,10.3379659146015,118.3,118.3,118.3,118.3,355,355,355,355,20,20,20,20,15,15,15,15,0,0,0,0,5,5,5,5,0,0,0,0,0,0,0,0,0,0,0,0,0,0,0,0,0,0,0,0,0,0,0,0,0,0,0,0,0,0,0,0,0,0,0,0,96.5701353250814
"269",217,1,45.4324541675531,-73.9389702321652,1,1.73737907895,3.34681598461786,5.17673062643688,7.020021009016,3.35644219516764,5.20653876363729,7.7483266784829,9.30279746025562,118.3,118.3,118.3,118.3,355,355,355,355,20,20,20,20,15,15,15,15,0,0,0,0,5,5,5,5,0,0,0,0,0,0,0,0,0,0,0,0,0,0,0,0,0,0,0,0,0,0,0,0,0,0,0,0,0,0,0,0,0,0,0,0,269.300295860982
"270",217,1,45.4342049801548,-73.9375259588285,1,0.973854367941786,2.40275179242291,1.38782794150784,0.862021789104378,3.21496821068773,4.91525318237424,4.02024331618742,3.34381794233626,118.3,118.3,118.3,118.3,355,355,355,355,20,20,20,20,15,15,15,15,0,0,0,0,5,5,5,5,0,0,0,0,0,0,0,0,0,0,0,0,0,0,0,0,0,0,0,0,0,0,0,0,0,0,0,0,0,0,0,0,0,0,0,0,463.918215030924
"271",217,1,45.4306274173859,-73.9380137430643,1,1.24054205333088,1.4513715054849,2.23611690432994,3.0760735458836,2.12340306540648,2.747895376484,4.42566336661551,5.36566352697159,118.3,118.3,118.3,118.3,355,355,355,355,20,20,20,20,15,15,15,15,0,0,0,0,5,5,5,5,0,0,0,0,0,0,0,0,0,0,0,0,0,0,0,0,0,0,0,0,0,0,0,0,0,0,0,0,0,0,0,0,0,0,0,0,67.2869518736425
"272",217,1,45.4305704039702,-73.9382089659626,1,1.32198574586701,1.93269279646974,2.46097106379903,3.25265989326955,2.14854845784699,3.05282971347036,4.53009120731647,5.56095878018549,118.3,118.3,118.3,118.3,355,355,355,355,20,20,20,20,15,15,15,15,0,0,0,0,5,5,5,5,0,0,0,0,0,0,0,0,0,0,0,0,0,0,0,0,0,0,0,0,0,0,0,0,0,0,0,0,0,0,0,0,0,0,0,0,56.6816198898727
"273",217,1,45.4277814544239,-73.9383615992889,1,7.90009126522746,9.6391524720133,8.24908951566902,6.74874184141894,4.50236527805081,5.95900405262773,6.55976090301213,6.83910117467472,118.3,118.3,118.3,118.3,355,355,355,355,20,20,20,20,15,15,15,15,0,0,0,0,5,5,5,5,0,0,0,0,0,0,0,0,0,0,0,0,0,0,0,0,0,0,0,0,0,0,0,0,0,0,0,0,0,0,0,0,0,0,0,0,248.714759319816
"274",217,1,45.4307757467077,-73.9389251276321,1,2.52202527189376,3.23021765762017,3.61386695159044,5.4168098744999,2.69305605231649,5.01398578904195,5.69472535730861,7.47181643444268,118.3,118.3,118.3,118.3,355,355,355,355,20,20,20,20,15,15,15,15,0,0,0,0,5,5,5,5,0,0,0,0,0,0,0,0,0,0,0,0,0,0,0,0,0,0,0,0,0,0,0,0,0,0,0,0,0,0,0,0,0,0,0,0,90.4031917630809
"275",217,1,45.4316612868509,-73.936722518784,1,0.0352065627639358,1.86409857938632,1.32099772776333,1.43672969615322,0.0222570503296141,4.11518914285901,3.49876447468661,3.9608940000681,118.3,118.3,118.3,118.3,355,355,355,355,20,20,20,20,15,15,15,15,0,0,0,0,5,5,5,5,0,0,0,0,0,0,0,0,0,0,0,0,0,0,0,0,0,0,0,0,0,0,0,0,0,0,0,0,0,0,0,0,0,0,0,0,217.87091878819
"276",217,1,45.4291966848385,-73.9364381958665,1,0.0458278199330435,0.341425622188461,2.71103164945848,3.68312820152485,0.018811925461958,1.73398528415283,4.77065621071409,5.64786592428204,118.3,118.3,118.3,118.3,355,355,355,355,20,20,20,20,15,15,15,15,0,0,0,0,5,5,5,5,0,0,0,0,0,0,0,0,0,0,0,0,0,0,0,0,0,0,0,0,0,0,0,0,0,0,0,0,0,0,0,0,0,0,0,0,176.654477455158
"277",217,1,45.4330282226689,-73.9370097562308,1,2.92684183315356,2.50944115965043,1.35022219682511,0.922695379805579,5.23445638363446,5.35788788318315,3.87489436362646,3.15318814088977,118.3,118.3,118.3,118.3,355,355,355,355,20,20,20,20,15,15,15,15,0,0,0,0,5,5,5,5,0,0,0,0,0,0,0,0,0,0,0,0,0,0,0,0,0,0,0,0,0,0,0,0,0,0,0,0,0,0,0,0,0,0,0,0,344.991204288105
"278",217,1,45.4321217839948,-73.9370025794457,1,0.2867500441415,2.25799156049056,1.45465530295953,1.56081984767782,1.23768150545082,4.48122310885521,3.86060093143077,4.20463958950602,118.3,118.3,118.3,118.3,355,355,355,355,20,20,20,20,15,15,15,15,0,0,0,0,5,5,5,5,0,0,0,0,0,0,0,0,0,0,0,0,0,0,0,0,0,0,0,0,0,0,0,0,0,0,0,0,0,0,0,0,0,0,0,0,251.153600240317
"279",217,1,45.4304306961694,-73.9384121559372,1,0.701967507979562,2.09822345684122,2.76642638390825,3.55402143407635,1.51294268111617,3.30836186390764,4.48442292130021,5.75466870868311,118.3,118.3,118.3,118.3,355,355,355,355,20,20,20,20,15,15,15,15,0,0,0,0,5,5,5,5,0,0,0,0,0,0,0,0,0,0,0,0,0,0,0,0,0,0,0,0,0,0,0,0,0,0,0,0,0,0,0,0,0,0,0,0,40.3691133134797
"280",217,1,45.429993172912,-73.9312468846262,1,0.059025995467525,0.0568874274597324,0.0523012021242597,0.0490630299542768,0.0308686571605167,0.0319815026266661,0.0287883581407893,0.0633461711784583,118.3,118.3,118.3,118.3,355,355,355,355,20,20,20,20,15,15,15,15,0,0,0,0,5,5,5,5,0,0,0,0,0,0,0,0,0,0,0,0,0,0,0,0,0,0,0,0,0,0,0,0,0,0,0,0,0,0,0,0,0,0,0,0,347.119922443037
"281",219,1,45.4315266942716,-73.9372757197643,1,0.0655295824567559,0.0555473801560409,0.954397433460442,2.05724559247231,0.0265426130903314,0.0297745487999461,2.99710109661776,4.74440493396547,118.3,118.3,118.3,118.3,355,355,355,355,20,20,20,20,15,15,15,15,0,0,0,0,5,5,5,5,0,0,0,0,0,0,0,0,0,0,0,0,0,0,0,0,0,0,0,0,0,0,0,0,0,0,0,0,0,0,0,0,0,0,0,0,182.364829232529
"282",219,1,45.4327744812394,-73.9362582790179,1,0.0526527552400733,0.799507266909882,1.27827510139707,0.671131452093934,0.0213725671397588,2.70813119233504,3.7823332581848,2.64345110778324,118.3,118.3,118.3,118.3,355,355,355,355,20,20,20,20,15,15,15,15,0,0,0,0,5,5,5,5,0,0,0,0,0,0,0,0,0,0,0,0,0,0,0,0,0,0,0,0,0,0,0,0,0,0,0,0,0,0,0,0,0,0,0,0,342.147182651342
"283",219,1,45.4351467300485,-73.938982056707,1,0.464997436002102,3.26245411520334,1.89217153758959,4.6761879389079,1.92428652590497,6.54169073436392,5.16210373823935,8.71896495561256,118.3,118.3,118.3,118.3,355,355,355,355,20,20,20,20,15,15,15,15,0,0,0,0,5,5,5,5,0,0,0,0,0,0,0,0,0,0,0,0,0,0,0,0,0,0,0,0,0,0,0,0,0,0,0,0,0,0,0,0,0,0,0,180.684733178742,566.213992305035
"284",219,1,45.4369008753669,-73.940059252251,1,14.9293885930251,12.9545318355842,12.8351628166435,11.5035179242903,9.48690728701638,10.3171767783206,11.491611633087,11.0717414339079,118.3,118.3,118.3,109.12641509434,355,355,355,313.490566037736,20,20,20,18.9622641509434,15,15,15,11.8867924528302,0,0,0,0,5,5,5,5,0,0,0,0,0,0,0,18.0968776625161,0,0,0,81.886324264779,0,0,0,2.04715810661947,0,0,0,6.14147431985842,0,0,0,0,0,0,0,0,0,0,0,0,0,100.728761501358,365.116252815949,1049.99713095717,565.592535710697
"285",219,1,45.4308805023031,-73.9383847453848,1,3.70387348754442,3.79118529791637,2.84692254113684,3.91501359643035,3.01854846557103,5.65608904002016,5.26175893531546,6.30795335310819,118.3,118.3,118.3,118.3,355,355,355,355,20,20,20,20,15,15,15,15,0,0,0,0,5,5,5,5,0,0,0,0,0,0,0,0,0,0,0,0,0,0,0,0,0,0,0,0,0,0,0,0,0,0,0,0,0,0,0,0,0,0,0,0,90.0919986780132
"286",219,1,45.4301314177614,-73.9397106394131,1,1.92260572558944,2.66696030784223,3.80816450304216,7.20968639355315,2.68517279475838,3.2357536336848,4.1785851821067,7.99541255205885,118.3,118.3,118.3,118.3,355,355,355,355,20,20,20,20,15,15,15,15,0,0,0,0,5,5,5,5,0,0,0,0,0,0,0,0,0,0,0,0,0,0,0,0,0,0,0,0,0,0,0,0,0,0,0,0,0,0,0,0,0,0,0,0,105.606362793232
"287",219,1,45.4305448268662,-73.9356702900939,1,3.78664959796162,2.25502028925473,1.30007509577606,1.17980668410271,4.41080944517374,3.7480653161748,3.15904467895247,3.32952415833801,118.3,118.3,118.3,118.3,355,355,355,355,20,20,20,20,15,15,15,15,0,0,0,0,5,5,5,5,0,0,0,0,0,0,0,0,0,0,0,0,0,0,0,0,0,0,0,0,0,0,0,0,0,0,0,0,0,0,0,0,0,0,0,0,216.16939881296
"288",219,1,45.4294191480731,-73.9374006857476,1,10.4164608085356,5.35556055111745,3.7230244559026,3.36903689277301,5.97382631043688,6.05948945279764,5.19278888955495,5.03910542780488,118.3,118.3,118.3,118.3,355,355,355,355,20,20,20,20,15,15,15,15,0,0,0,0,5,5,5,5,0,0,0,0,0,0,0,0,0,0,0,0,0,0,0,0,0,0,0,0,0,0,0,0,0,0,0,0,0,0,0,0,0,0,0,0,101.028648663286
"289",219,1,45.4322064604202,-73.9409424051055,1,24.8883818241247,23.750296029928,21.5615974775985,16.1451558844517,2.7072935607663,3.9574842460838,6.65047758685492,9.88338844002124,118.3,118.3,118.3,118.3,355,355,355,355,20,20,20,20,15,15,15,15,0,0,0,0,5,5,5,5,0,0,0,0,0,0,0,0,0,0,0,0,0,0,0,0,0,0,0,0,0,0,0,0,0,0,0,0,0,0,0,0,0,0,0,0,235.333241535233
"290",219,1,45.4289270566637,-73.9396528928369,1,3.08959242888268,4.36388437417516,7.13328415702388,8.32198837901389,2.13790790777375,4.19713376720278,6.81575954834061,7.57385612409113,118.3,118.3,118.3,118.3,355,355,355,355,20,20,20,20,15,15,15,15,0,0,0,0,5,5,5,5,0,0,0,0,0,0,0,0,0,0,0,0,0,0,0,0,0,0,0,0,0,0,0,0,0,0,0,0,0,0,0,0,0,0,0,0,129.965251241002
"291",219,1,45.4275569000782,-73.9382488339989,1,12.1183041419129,10.0769953115207,7.56585961338842,6.57673746843117,4.82826610518412,6.20317282701566,6.43476862871357,6.93077761418688,118.3,118.3,118.3,118.3,355,355,355,355,20,20,20,20,15,15,15,15,0,0,0,0,5,5,5,5,0,0,0,0,0,0,0,0,0,0,0,0,0,0,0,0,0,0,0,0,0,0,0,0,0,0,0,0,0,0,0,0,0,0,0,0,273.82714394356
"292",219,1,45.4278075025443,-73.9378937536792,1,7.6734944682186,7.56886708165284,8.22067917008056,6.36467370667425,6.07947686903738,5.43743019402445,6.44633091888009,6.71139771520329,118.3,118.3,118.3,118.3,355,355,355,355,20,20,20,20,15,15,15,15,0,0,0,0,5,5,5,5,0,0,0,0,0,0,0,0,0,0,0,0,0,0,0,0,0,0,0,0,0,0,0,0,0,0,0,0,0,0,0,0,0,0,0,0,248.627250741348
"293",219,1,45.4299581909431,-73.9379862070803,1,9.36808025569881,4.58415745244621,2.84199878987226,2.69719321260042,5.54464657168072,5.52859705073907,4.60800360171421,4.40889765356186,118.3,118.3,118.3,118.3,355,355,355,355,20,20,20,20,15,15,15,15,0,0,0,0,5,5,5,5,0,0,0,0,0,0,0,0,0,0,0,0,0,0,0,0,0,0,0,0,0,0,0,0,0,0,0,0,0,0,0,0,0,0,0,0,30.7995514909138
"294",219,1,45.4310240900505,-73.9386757638535,1,8.95537658815722,5.40073005478885,3.55078972228749,4.84017625357524,7.54942641193449,6.41014214587245,6.09034426016543,7.30653697886392,118.3,118.3,118.3,118.3,355,355,355,355,20,20,20,20,15,15,15,15,0,0,0,0,5,5,5,5,0,0,0,0,0,0,0,0,0,0,0,0,0,0,0,0,0,0,0,0,0,0,0,0,0,0,0,0,0,0,0,0,0,0,0,0,109.024617925403
"295",219,1,45.4301348760777,-73.9388774839351,1,0.86089140143373,1.66969062500232,2.91119884202889,5.11679529956916,1.55086883975906,2.34612770818811,3.69694280533948,6.71029662858038,118.3,118.3,118.3,118.3,355,355,355,355,20,20,20,20,15,15,15,15,0,0,0,0,5,5,5,5,0,0,0,0,0,0,0,0,0,0,0,0,0,0,0,0,0,0,0,0,0,0,0,0,0,0,0,0,0,0,0,0,0,0,0,0,41.7017109237768
"296",219,1,45.4291698140897,-73.939300888161,1,1.66345056578534,2.6960774335768,4.1958312589964,7.00377367710164,2.28138872885577,3.1349666307793,5.03915945579019,6.96882263580686,118.3,118.3,118.3,118.3,355,355,355,355,20,20,20,20,15,15,15,15,0,0,0,0,5,5,5,5,0,0,0,0,0,0,0,0,0,0,0,0,0,0,0,0,0,0,0,0,0,0,0,0,0,0,0,0,0,0,0,0,0,0,0,0,119.272965228288
"297",219,1,45.4312495296278,-73.9362737787578,1,1.00988262657491,2.36100264358388,1.21102038686535,1.22938557725212,2.38200536939608,4.43377619295078,3.19460971654332,3.44995998964,118.3,118.3,118.3,118.3,355,355,355,355,20,20,20,20,15,15,15,15,0,0,0,0,5,5,5,5,0,0,0,0,0,0,0,0,0,0,0,0,0,0,0,0,0,0,0,0,0,0,0,0,0,0,0,0,0,0,0,0,0,0,0,0,208.698993531009
"298",219,1,45.4297003605365,-73.9390143226811,1,5.1154864034784,3.27588737590764,2.63417399912859,5.56344442155747,3.5500902221375,3.16527505095154,3.63385992235888,6.3931450934974,118.3,118.3,118.3,118.3,355,355,355,355,20,20,20,20,15,15,15,15,0,0,0,0,5,5,5,5,0,0,0,0,0,0,0,0,0,0,0,0,0,0,0,0,0,0,0,0,0,0,0,0,0,0,0,0,0,0,0,0,0,0,0,0,61.6598732224363
"299",219,1,45.4284376578153,-73.9372947655123,1,7.34984175671865,7.01663380992552,6.58945229541377,5.4382003157068,4.29258263411426,4.64964588409334,6.17102310843884,6.36903258493403,118.3,118.3,118.3,118.3,355,355,355,355,20,20,20,20,15,15,15,15,0,0,0,0,5,5,5,5,0,0,0,0,0,0,0,0,0,0,0,0,0,0,0,0,0,0,0,0,0,0,0,0,0,0,0,0,0,0,0,0,0,0,0,0,194.893651179444
"300",219,1,45.434533869982,-73.9458969792971,1,4.9116016649541,9.11956104443489,16.3143223063024,18.0999840740393,4.23335489895177,7.57477783452396,8.53795792535869,10.0039087720061,118.3,118.3,115.142857142857,110.933333333333,355,355,340.714285714286,321.666666666667,20,20,19.6428571428571,19.1666666666667,15,15,13.9285714285714,12.5,0,0,0,0,5,5,5,5,0,0,0,0,0,0,11.8129468925292,16.6270409443784,0,0,53.4522483824849,75.2354793863279,0,0,1.33630620956212,1.88088698465819,0,0,4.00891862868636,5.64266095397459,0,0,0,0,0,0,0,0,0,0,0,0,0,0,264.343059127232,1235.43149953836,38.8194348929138
"301",219,1,45.4311930176118,-73.9374827541723,1,0.0491746619715718,0.0507956841734095,0.864773946383738,2.34802668128261,0.0215630267109878,0.023603703801412,2.90879514343412,4.95489054453131,118.3,118.3,118.3,118.3,355,355,355,355,20,20,20,20,15,15,15,15,0,0,0,0,5,5,5,5,0,0,0,0,0,0,0,0,0,0,0,0,0,0,0,0,0,0,0,0,0,0,0,0,0,0,0,0,0,0,0,0,0,0,0,0,142.025110611979
"302",219,1,45.4323986914036,-73.9375960901647,1,0.036880425217801,0.0841433137594569,1.20297118664614,2.5009211467063,0.0190157357159456,0.45327523562261,3.70113444533169,5.73027032580341,118.3,118.3,118.3,118.3,355,355,355,355,20,20,20,20,15,15,15,15,0,0,0,0,5,5,5,5,0,0,0,0,0,0,0,0,0,0,0,0,0,0,0,0,0,0,0,0,0,0,0,0,0,0,0,0,0,0,0,0,0,0,0,0,265.366459739361
"303",219,1,45.4305550696818,-73.935391407469,1,4.72369269315734,2.50973139224269,1.32040570564038,0.873016037170109,4.26948432762573,3.94845833365615,3.18864368032331,2.81102914982554,118.3,118.3,118.3,118.3,355,355,355,355,20,20,20,20,15,15,15,15,0,0,0,0,5,5,5,5,0,0,0,0,0,0,0,0,0,0,0,0,0,0,0,0,0,0,0,0,0,0,0,0,0,0,0,0,0,0,0,0,0,0,0,0,237.641853906085
"304",219,1,45.4299882960195,-73.9380212686011,1,8.90555985494728,4.43394138928278,2.81978355793891,2.71728318710238,5.66310893115571,5.47993047810224,4.55895827182998,4.46182070604481,118.3,118.3,118.3,118.3,355,355,355,355,20,20,20,20,15,15,15,15,0,0,0,0,5,5,5,5,0,0,0,0,0,0,0,0,0,0,0,0,0,0,0,0,0,0,0,0,0,0,0,0,0,0,0,0,0,0,0,0,0,0,0,0,27.2718577109214
"305",219,1,45.4298301437458,-73.9400174245443,1,1.21628498145338,2.63849624835838,6.27857223287784,7.37235446919336,2.35203571310286,3.17336391165553,6.55822095155126,7.90051269309156,118.3,118.3,118.3,118.3,355,355,355,355,20,20,20,20,15,15,15,15,0,0,0,0,5,5,5,5,0,0,0,0,0,0,0,0,0,0,0,0,0,0,0,0,0,0,0,0,0,0,0,0,0,0,0,0,0,0,0,0,0,0,0,0,130.593340439671
"306",220,1,45.4377747704703,-73.9373590649911,1,19.2861979011376,20.7440860726453,20.7178360733398,14.8388889844878,5.72058371580617,4.93771372363917,6.41324229108232,11.2354408866836,74.1,74.1,83.5714285714286,91.4333333333333,155,155,197.857142857143,233.43137254902,15,15,16.0714285714286,16.9607843137255,0,0,3.21428571428571,5.88235294117647,0,0,0,0,5,5,5,5,0,0,0,0,0,0,18.8210368622833,21.7945558951465,0,0,85.163062725264,98.6178999780386,0,0,2.1290765681316,2.46544749945097,0,0,6.3872297043948,7.3963424983529,0,0,0,0,0,0,0,0,0,0,0,0,0,0,238.327516620871,1050.47090469442,551.833810197869
"307",220,1,45.4304677319607,-73.9420493782568,1,6.1965633043783,7.37181073395333,8.22283814406992,10.1830693286212,6.44321988767272,7.76009622677103,9.03498025595051,9.8654383313147,118.3,118.3,118.3,118.3,355,355,355,355,20,20,20,20,15,15,15,15,0,0,0,0,5,5,5,5,0,0,0,0,0,0,0,0,0,0,0,0,0,0,0,0,0,0,0,0,0,0,0,0,0,0,0,0,0,0,0,0,0,0,0,0,91.2891984265875
"308",220,1,45.4303672200095,-73.9382413751723,1,1.46170232354139,2.62472301499174,2.57820527448293,3.14903194761061,2.87283730247648,4.08238441539527,4.34506404953305,5.30083539053845,118.3,118.3,118.3,118.3,355,355,355,355,20,20,20,20,15,15,15,15,0,0,0,0,5,5,5,5,0,0,0,0,0,0,0,0,0,0,0,0,0,0,0,0,0,0,0,0,0,0,0,0,0,0,0,0,0,0,0,0,0,0,0,0,34.0985057428944
"309",220,1,45.4307005032009,-73.9387499894804,1,2.77414187469327,2.78202517606389,3.25576745575735,4.68023467311066,2.76089788148293,4.36452565008938,5.15736308093447,6.88185044501179,118.3,118.3,118.3,118.3,355,355,355,355,20,20,20,20,15,15,15,15,0,0,0,0,5,5,5,5,0,0,0,0,0,0,0,0,0,0,0,0,0,0,0,0,0,0,0,0,0,0,0,0,0,0,0,0,0,0,0,0,0,0,0,0,76.7230954579088
"310",220,1,45.4290905724732,-73.9411291499987,1,6.55651875689371,10.0087322395469,11.0197160480012,9.63878955852091,6.20062060128389,8.04307466341077,8.72463361151906,9.09014498932387,118.3,118.3,118.3,118.3,355,355,355,355,20,20,20,20,15,15,15,15,0,0,0,0,5,5,5,5,0,0,0,0,0,0,0,0,0,0,0,0,0,0,0,0,0,0,0,0,0,0,0,0,0,0,0,0,0,0,0,0,0,0,0,0,16.7424293685429
"311",220,1,45.4280503124835,-73.9411017839594,1,16.3277536446487,15.1727603896323,16.9253089816892,13.530976318096,5.73781914304293,8.39154520040947,8.42838072291736,9.25713402710277,118.3,118.3,118.3,118.3,355,355,355,355,20,20,20,20,15,15,15,15,0,0,0,0,5,5,5,5,0,0,0,0,0,0,0,0,0,0,0,0,0,0,0,0,0,0,0,0,0,0,0,0,0,0,0,0,0,0,0,0,0,0,0,0,97.0567355931213
"312",220,1,45.4321231287502,-73.9399999251485,1,11.0100762278161,14.4774578992659,14.5407840925095,12.0984948924994,4.31566317693241,7.7580120836812,9.15529617897295,10.7600003248077,118.3,118.3,118.3,118.3,355,355,355,355,20,20,20,20,15,15,15,15,0,0,0,0,5,5,5,5,0,0,0,0,0,0,0,0,0,0,0,0,0,0,0,0,0,0,0,0,0,0,0,0,0,0,0,0,0,0,0,0,0,0,0,0,262.09742895298
"313",220,1,45.4311965937579,-73.9386190694889,1,11.21193635616,5.94122678347188,3.68663442291223,5.0155576486229,7.17641502852439,6.87211139509764,6.31042791137262,7.53660528780029,118.3,118.3,118.3,118.3,355,355,355,355,20,20,20,20,15,15,15,15,0,0,0,0,5,5,5,5,0,0,0,0,0,0,0,0,0,0,0,0,0,0,0,0,0,0,0,0,0,0,0,0,0,0,0,0,0,0,0,0,0,0,0,0,126.927888905176
"314",220,1,45.4296006537016,-73.939836394733,1,2.27921551681573,2.58863194524625,5.71510540133952,7.20253436030264,2.99919622216876,3.3659332801831,6.40872807677828,7.53028806959268,118.3,118.3,118.3,118.3,355,355,355,355,20,20,20,20,15,15,15,15,0,0,0,0,5,5,5,5,0,0,0,0,0,0,0,0,0,0,0,0,0,0,0,0,0,0,0,0,0,0,0,0,0,0,0,0,0,0,0,0,0,0,0,0,123.817174331987
"315",220,1,45.4295507260659,-73.938939135515,1,5.59492856664714,3.4842321785892,2.57383247642313,5.57557803757058,3.46365941621869,3.2959890638892,3.61567808779541,6.37793921607954,118.3,118.3,118.3,118.3,355,355,355,355,20,20,20,20,15,15,15,15,0,0,0,0,5,5,5,5,0,0,0,0,0,0,0,0,0,0,0,0,0,0,0,0,0,0,0,0,0,0,0,0,0,0,0,0,0,0,0,0,0,0,0,0,68.5624724494899
"316",220,1,45.4285320033794,-73.9423736845546,1,21.107273664567,17.7930334012269,15.0531264641971,14.3377832646955,3.4785695593721,9.34640141024581,10.0791786236446,9.2128393443975,118.3,118.3,118.3,118.3,355,355,355,355,20,20,20,20,15,15,15,15,0,0,0,0,5,5,5,5,0,0,0,0,0,0,0,0,0,0,0,0,0,0,0,0,0,0,0,0,0,0,0,0,0,0,0,0,0,0,0,0,0,0,0,0,79.209853265316
"317",220,1,45.4286091259455,-73.9393581671101,1,4.66775971857448,4.88546051130388,7.20995146833979,8.34690905354762,2.37032677443649,5.30511299986156,6.89739384569913,7.56245756538624,118.3,118.3,118.3,118.3,355,355,355,355,20,20,20,20,15,15,15,15,0,0,0,0,5,5,5,5,0,0,0,0,0,0,0,0,0,0,0,0,0,0,0,0,0,0,0,0,0,0,0,0,0,0,0,0,0,0,0,0,0,0,0,0,159.05855924448
"318",221,1,45.4418956162007,-73.9348766270847,1,5.13078868953319,7.06800825332054,8.18895434960052,8.93671898534501,7.44155617145203,8.74931011354856,9.33319105833524,10.1231894792443,74.1,74.1,74.1,74.1,155,155,155,155,15,15,15,15,0,0,0,0,0,0,0,0,5,5,5,5,0,0,0,0,0,0,0,0,0,0,0,0,0,0,0,0,0,0,0,0,0,0,0,0,0,0,0,0,0,0,0,0,0,0,0,0,581.898685575258
"319",221,1,45.4424074348371,-73.93328788665,1,2.05195014473148,1.49735646188998,0.883469189307407,3.70565838705698,4.45539023310792,3.79184661154112,3.03426449167833,7.00757003177517,74.1,74.1,74.1,74.1,155,155,155,155,15,15,15,15,0,0,0,0,0,0,0,0,5,5,5,5,0,0,0,0,0,0,0,0,0,0,0,0,0,0,0,0,0,0,0,0,0,0,0,0,0,0,0,0,0,0,0,0,0,0,0,0,481.039105415942
"320",221,1,45.4380064751225,-73.9313453373666,1,4.7984469369084,5.55408772760548,7.97265238667047,10.3089698303191,5.11342193735743,5.9594229961053,8.2485586533521,9.74861213820149,118.3,2294.8,1566.14285714286,1270.26,355,201.25,238.214285714286,233,20,5,9.64285714285714,11,15,3.75,6.42857142857143,6,0,0,0,0,5,1.25,2.5,3,0,0,0,0,0,1451,1509.09286287863,1443.50073566921,0,102.5,104.965326561774,100.640803994063,0,10,10.0888906370182,9.25820099772552,0,7.5,7.70328886519643,7.4230748895809,0,0,0,0,0,2.5,2.59437260831385,2.47435829652697,0,0,0,0,356.568059694029,1262.11980651723,3152.74747532862,9025.33552771706,107.830323651666
"321",221,1,45.4365728458008,-73.9422914983036,1,24.0093259879521,23.3757754138288,21.9868897121132,15.9479092663413,3.18697673739907,3.39868240148063,5.55283649235596,9.78080309505519,118.3,118.3,115.353333333333,110.65,355,355,341.666666666667,320.384615384615,20,20,19.6666666666667,19.1346153846154,15,15,14,12.4038461538462,0,0,0,0,5,5,5,5,0,0,0,0,0,0,11.4123909268245,16.8846083756776,0,0,51.6397779494322,76.400942876369,0,0,1.29099444873581,1.91002357190922,0,0,3.87298334620742,5.73007071572768,0,0,0,0,0,0,0,0,0,0,0,0,0,0,69.8422919996729,711.676330232045,397.977200070619
"322",221,1,45.4354983626795,-73.9411539808943,1,16.5015161703561,17.5859242667825,17.5459376817334,16.0675120280909,9.5217632353571,10.5128728357565,11.0297285569259,10.7749346287249,118.3,118.3,118.3,118.3,355,355,355,355,20,20,20,20,15,15,15,15,0,0,0,0,5,5,5,5,0,0,0,0,0,0,0,0,0,0,0,0,0,0,0,0,0,0,0,0,0,0,0,0,0,0,0,0,0,0,0,0,0,0,0,42.1177550753131,422.95197116488
"323",221,1,45.4369542699099,-73.9291350392861,1,2.72634230179866,2.87238587173555,4.06441604804932,3.68980668315854,3.45281426133146,3.79139592936492,4.2412649699085,4.27408122656704,3020.3,3172.075,3210.01875,3018.9462962963,150,162.5,165.625,182.777777777778,0,0,0,1.48148148148148,0,0,0,1.11111111111111,0,0,0,0,0,0,0,0.37037037037037,0,0,0,0,0,303.55,290.626998559436,876.196269412963,0,25,23.9356776939085,54.5277034199275,0,0,0,5.28701057145429,0,0,0,3.96525792859072,0,0,0,0,0,0,0,1.32175264286357,0,0,0,0,455.563099904023,1414.58156372332,3626.6776904147,14761.5438752388,65.8132296290496
"324",222,1,45.4323380365814,-73.9400228871886,1,15.8247837514184,15.1880174312674,14.2399465139438,12.4223787733964,6.84696499542618,7.07711660138932,9.09413482292858,10.8768713960215,118.3,118.3,118.3,118.3,355,355,355,355,20,20,20,20,15,15,15,15,0,0,0,0,5,5,5,5,0,0,0,0,0,0,0,0,0,0,0,0,0,0,0,0,0,0,0,0,0,0,0,0,0,0,0,0,0,0,0,0,0,0,0,0,283.946366551193
"325",222,1,45.4292299824895,-73.940232930959,1,10.4784035514898,9.3308782897311,7.74143627722085,7.89119393145114,7.35632442598821,7.79223955821703,7.12451762035576,8.08705072171,118.3,118.3,118.3,118.3,355,355,355,355,20,20,20,20,15,15,15,15,0,0,0,0,5,5,5,5,0,0,0,0,0,0,0,0,0,0,0,0,0,0,0,0,0,0,0,0,0,0,0,0,0,0,0,0,0,0,0,0,0,0,0,0,87.733790336854
"326",222,1,45.4347451660023,-73.9336690174805,1,3.21645768191835,3.77033340091907,5.04326477733137,3.80710244723546,3.87929507030344,4.78388638995141,5.94234744539609,6.0329210721366,118.3,118.3,118.3,118.3,355,355,355,355,20,20,20,20,15,15,15,15,0,0,0,0,5,5,5,5,0,0,0,0,0,0,0,0,0,0,0,0,0,0,0,0,0,0,0,0,0,0,0,0,0,0,0,0,0,0,0,0,0,0,0,0,293.274982253322
"327",222,1,45.4336331595442,-73.9346230063499,1,0.0435150669231989,0.04043288057887,0.0401209884921436,0.979671580477451,0.0240236654025336,0.0214692701561837,0.0219983794541945,3.12678344780796,118.3,118.3,118.3,118.3,355,355,355,355,20,20,20,20,15,15,15,15,0,0,0,0,5,5,5,5,0,0,0,0,0,0,0,0,0,0,0,0,0,0,0,0,0,0,0,0,0,0,0,0,0,0,0,0,0,0,0,0,0,0,0,0,388.969300086578
"328",222,1,45.4353675034935,-73.9313165782844,1,8.81025381945544,8.66038542116651,7.38723729226088,6.47568940944969,3.78912519846415,4.39740822416482,5.62159181363134,6.61964324909716,118.3,118.3,576.235714285714,941.352941176471,355,355,329.285714285714,309.607843137255,20,20,17.1428571428571,14.9019607843137,15,15,12.8571428571429,11.1764705882353,0,0,0,0,5,5,4.28571428571429,3.72549019607843,0,0,0,0,0,0,1170.12540919414,1429.53055460217,0,0,66.0960007767589,79.4030423677512,0,0,7.26273039202563,8.8028515878908,0,0,5.44704779401922,6.60213869091809,0,0,0,0,0,0,1.81568259800641,2.2007128969727,0,0,0,0,0,0,1715.09918603941,6295.41951682693,127.83402335046
"329",222,1,45.4364218311845,-73.932757641773,1,17.090823253521,16.360972029298,13.4067641058396,9.33139759711826,7.06669540234976,8.41565725357546,9.04815162110839,8.75189173743183,118.3,118.3,118.3,465.656,355,355,355,326.4,20,20,20,17.5,15,15,15,12.9,0,0,0,0,5,5,5,4.4,0,0,0,0,0,0,0,952.96281383646,0,0,0,71.6072052012553,0,0,0,6.56599153958937,0,0,0,5.25764749130799,0,0,0,0,0,0,0,1.64130361329658,0,0,0,0,0,0,0,3891.89349581473,216.087113459847
"330",222,1,45.4314180012251,-73.9385032238374,1,5.84643452393939,5.83438701952519,3.77266044157873,4.9472788782808,6.0540851937578,7.36254541423455,6.47528546443763,7.60248621684108,118.3,118.3,118.3,118.3,355,355,355,355,20,20,20,20,15,15,15,15,0,0,0,0,5,5,5,5,0,0,0,0,0,0,0,0,0,0,0,0,0,0,0,0,0,0,0,0,0,0,0,0,0,0,0,0,0,0,0,0,0,0,0,0,150.248790385201
"331",222,1,45.4359184327385,-73.9330371659624,1,13.6911006114777,10.602416999957,11.0574445125668,7.8467840072308,7.5181482765634,7.99772753252488,7.93683433890896,8.26825960138556,118.3,118.3,118.3,229.915384615385,355,355,355,347.115384615385,20,20,20,19.2307692307692,15,15,15,14.4230769230769,0,0,0,0,5,5,5,4.80769230769231,0,0,0,0,0,0,0,563.521704919638,0,0,0,39.8077014157566,0,0,0,3.88367818690308,0,0,0,2.91275864017731,0,0,0,0,0,0,0,0.970919546725771,0,0,0,0,0,0,0,2390.94780310499,264.8389830827
"332",222,1,45.43939700708,-73.9300043061347,1,2.11037575163293,2.90226823492106,3.68921077325376,4.72969160300877,2.77477799571239,3.15717885715845,4.5063933107344,6.49237870995913,3020.3,3020.3,1980.71428571429,1526.11568627451,150,150,208.928571428571,187.843137254902,0,0,6.78571428571429,8.52941176470588,0,0,4.28571428571429,2.64705882352941,0,0,0,0,0,0,1.78571428571429,2.54901960784314,0,0,0,0,0,0,1447.44262639432,1479.82510147281,0,0,95.8801048471189,78.1809113656319,0,0,9.52873041368593,8.61940355518053,0,0,7.03210846407743,5.77520053127773,0,0,0,0,0,0,2.48622579049423,2.52439082148701,0,0,0,0,336.603830566507,971.533640072504,3696.31901658541,9090.71018568652,224.748749724166
"333",224,1,45.4294821518317,-73.935609822852,1,0.0438605936230866,0.082113590925319,1.44150164802888,2.49740586402035,0.0177542753041755,0.57895664153426,3.48678075715957,4.82598939168645,118.3,118.3,118.3,118.3,355,355,355,355,20,20,20,20,15,15,15,15,0,0,0,0,5,5,5,5,0,0,0,0,0,0,0,0,0,0,0,0,0,0,0,0,0,0,0,0,0,0,0,0,0,0,0,0,0,0,0,0,0,0,0,0,224.046474841556
"334",224,1,45.4287162711632,-73.940701390764,1,13.5819782955436,12.3801742704356,12.3191035238207,10.4022047335266,5.82987967858605,6.82319941205871,8.12606216029998,9.16098699662715,118.3,118.3,118.3,118.3,355,355,355,355,20,20,20,20,15,15,15,15,0,0,0,0,5,5,5,5,0,0,0,0,0,0,0,0,0,0,0,0,0,0,0,0,0,0,0,0,0,0,0,0,0,0,0,0,0,0,0,0,0,0,0,0,57.7233304846089
"335",224,1,45.4318123410626,-73.9367415822149,1,0.499307196175518,2.08351627297379,1.43250157373506,1.3882717221966,1.81363283500046,4.20589562098131,3.7267925048374,3.90847119536496,118.3,118.3,118.3,118.3,355,355,355,355,20,20,20,20,15,15,15,15,0,0,0,0,5,5,5,5,0,0,0,0,0,0,0,0,0,0,0,0,0,0,0,0,0,0,0,0,0,0,0,0,0,0,0,0,0,0,0,0,0,0,0,0,230.88155284048
"336",224,1,45.429072709182,-73.9408183840903,1,13.5006217470223,12.6435680457489,10.3417367473984,9.21005471948783,5.65332157262862,7.56147713606507,8.29760313654453,8.87846756963308,118.3,118.3,118.3,118.3,355,355,355,355,20,20,20,20,15,15,15,15,0,0,0,0,5,5,5,5,0,0,0,0,0,0,0,0,0,0,0,0,0,0,0,0,0,0,0,0,0,0,0,0,0,0,0,0,0,0,0,0,0,0,0,0,39.08583655167
"337",224,1,45.4297289894168,-73.9413818393868,1,12.8451017399223,10.6729544257245,7.22174297098242,8.97266804362254,6.80778946293935,7.72801657385841,7.52607074480602,9.15426497806932,118.3,118.3,118.3,118.3,355,355,355,355,20,20,20,20,15,15,15,15,0,0,0,0,5,5,5,5,0,0,0,0,0,0,0,0,0,0,0,0,0,0,0,0,0,0,0,0,0,0,0,0,0,0,0,0,0,0,0,0,0,0,0,0,80.0808305954785
"338",224,1,45.4304256708044,-73.9350914494033,1,2.20412541359797,2.49853223028666,1.30503307657298,0.766046518552229,3.44828185131268,3.96690708602648,3.21617254460955,2.63006054264667,118.3,118.3,118.3,118.3,355,355,355,355,20,20,20,20,15,15,15,15,0,0,0,0,5,5,5,5,0,0,0,0,0,0,0,0,0,0,0,0,0,0,0,0,0,0,0,0,0,0,0,0,0,0,0,0,0,0,0,0,0,0,0,0,257.960726962236
"339",224,1,45.4297484057785,-73.9387701036042,1,2.99140457658064,2.87474916617394,3.00488724537342,5.0000130097419,2.97157937751823,3.21196243151239,4.14908539031541,6.15609943293636,118.3,118.3,118.3,118.3,355,355,355,355,20,20,20,20,15,15,15,15,0,0,0,0,5,5,5,5,0,0,0,0,0,0,0,0,0,0,0,0,0,0,0,0,0,0,0,0,0,0,0,0,0,0,0,0,0,0,0,0,0,0,0,0,43.4771995800119
"340",224,1,45.4298984755278,-73.9407026847662,1,6.39100735108664,9.14881640782633,8.07765440708192,7.8714615122826,5.21612909385592,7.03658355368583,7.08068936045105,8.65187968532038,118.3,118.3,118.3,118.3,355,355,355,355,20,20,20,20,15,15,15,15,0,0,0,0,5,5,5,5,0,0,0,0,0,0,0,0,0,0,0,0,0,0,0,0,0,0,0,0,0,0,0,0,0,0,0,0,0,0,0,0,0,0,0,0,109.552555915735
"341",224,1,45.4284809708014,-73.9397546853261,1,9.10689236470411,10.0258660451324,8.68619345313118,9.3946341280427,4.69569425245734,6.02745559146305,7.2603089890345,8.38135925248593,118.3,118.3,118.3,118.3,355,355,355,355,20,20,20,20,15,15,15,15,0,0,0,0,5,5,5,5,0,0,0,0,0,0,0,0,0,0,0,0,0,0,0,0,0,0,0,0,0,0,0,0,0,0,0,0,0,0,0,0,0,0,0,0,135.128423853638
"342",224,1,45.4287514903085,-73.9366331672451,1,2.02362251184967,3.58794877449966,5.03412594562886,4.34770596644059,3.70135586421413,4.56650460957803,5.91856616833048,5.91718289846666,118.3,118.3,118.3,118.3,355,355,355,355,20,20,20,20,15,15,15,15,0,0,0,0,5,5,5,5,0,0,0,0,0,0,0,0,0,0,0,0,0,0,0,0,0,0,0,0,0,0,0,0,0,0,0,0,0,0,0,0,0,0,0,0,195.768535009288
"343",224,1,45.4267178940713,-73.9390845949565,1,0.0895632002304031,0.932070979761295,4.6676636816568,7.27069963045619,0.344883429097103,2.42950940432286,6.58149174271107,8.52422824390831,118.3,118.3,118.3,118.3,355,355,355,355,20,20,20,20,15,15,15,15,0,0,0,0,5,5,5,5,0,0,0,0,0,0,0,0,0,0,0,0,0,0,0,0,0,0,0,0,0,0,0,0,0,0,0,0,0,0,0,0,0,0,0,0,305.153678102642
"344",224,1,45.4302160333538,-73.9390386352292,1,1.18680227749703,1.51539572380847,2.98328085175193,5.69279566366972,2.06150510189808,2.22325371096613,3.7127776859904,7.1518735773485,118.3,118.3,118.3,118.3,355,355,355,355,20,20,20,20,15,15,15,15,0,0,0,0,5,5,5,5,0,0,0,0,0,0,0,0,0,0,0,0,0,0,0,0,0,0,0,0,0,0,0,0,0,0,0,0,0,0,0,0,0,0,0,0,56.2622133701206
"345",224,1,45.4277757366958,-73.9392939472399,1,14.1463860289158,13.8668157488885,9.70657245383924,8.97229738634222,5.32319716386436,5.98774158021953,6.84221581792077,8.30216953902219,118.3,118.3,118.3,118.3,355,355,355,355,20,20,20,20,15,15,15,15,0,0,0,0,5,5,5,5,0,0,0,0,0,0,0,0,0,0,0,0,0,0,0,0,0,0,0,0,0,0,0,0,0,0,0,0,0,0,0,0,0,0,0,0,209.000553148282
"346",224,1,45.428031995024,-73.9372870263404,1,9.11606997987862,9.62965495241468,7.96133174926019,5.87164170742328,6.49334829397828,6.65240246006633,6.39710632610036,6.6525170390882,118.3,118.3,118.3,118.3,355,355,355,355,20,20,20,20,15,15,15,15,0,0,0,0,5,5,5,5,0,0,0,0,0,0,0,0,0,0,0,0,0,0,0,0,0,0,0,0,0,0,0,0,0,0,0,0,0,0,0,0,0,0,0,0,236.568882219766
"347",224,1,45.4328072997054,-73.9394424880511,1,5.49761592520322,7.72036885110846,6.69992692370236,9.17799273727491,5.88363503001158,9.68997726523115,7.90196470293418,10.3784534798935,118.3,118.3,118.3,118.3,355,355,355,355,20,20,20,20,15,15,15,15,0,0,0,0,5,5,5,5,0,0,0,0,0,0,0,0,0,0,0,0,0,0,0,0,0,0,0,0,0,0,0,0,0,0,0,0,0,0,0,0,0,0,0,0,315.90807553088
"348",225,1,45.4289057627583,-73.9398084539664,1,4.52418834297582,5.76168079471098,7.69288909227763,8.531397143748,2.35754515098718,5.20381179982215,7.04003622224528,7.82698058638235,118.3,118.3,118.3,118.3,355,355,355,355,20,20,20,20,15,15,15,15,0,0,0,0,5,5,5,5,0,0,0,0,0,0,0,0,0,0,0,0,0,0,0,0,0,0,0,0,0,0,0,0,0,0,0,0,0,0,0,0,0,0,0,0,118.037870977602
"349",225,1,45.4308854109958,-73.9393851509356,1,2.50087146778475,3.13046191772525,6.11104719300277,7.69045045296163,2.90589613303062,3.85657379465588,7.32089321889644,9.00430663578769,118.3,118.3,118.3,118.3,355,355,355,355,20,20,20,20,15,15,15,15,0,0,0,0,5,5,5,5,0,0,0,0,0,0,0,0,0,0,0,0,0,0,0,0,0,0,0,0,0,0,0,0,0,0,0,0,0,0,0,0,0,0,0,0,121.51278703498
"350",225,1,45.4291971295634,-73.939880195105,1,2.53409844742867,5.15986757075778,6.83175344264075,7.78238667678102,2.55167961433724,5.98258095750392,6.68183984963337,7.63368278534045,118.3,118.3,118.3,118.3,355,355,355,355,20,20,20,20,15,15,15,15,0,0,0,0,5,5,5,5,0,0,0,0,0,0,0,0,0,0,0,0,0,0,0,0,0,0,0,0,0,0,0,0,0,0,0,0,0,0,0,0,0,0,0,0,113.771485097667
"351",225,1,45.4276465533997,-73.9388142148027,1,13.8043925752445,11.5677387691622,8.78316012759621,7.59847587605084,5.70776265847997,5.4649053388061,6.93330771136307,7.47871841201474,118.3,118.3,118.3,118.3,355,355,355,355,20,20,20,20,15,15,15,15,0,0,0,0,5,5,5,5,0,0,0,0,0,0,0,0,0,0,0,0,0,0,0,0,0,0,0,0,0,0,0,0,0,0,0,0,0,0,0,0,0,0,0,0,247.125663980652
"352",225,1,45.4296745430777,-73.938316002305,1,0.877882973474402,3.29748848110987,3.62473828466737,3.85584404835185,1.87758766732313,4.39790709948792,4.74538980062905,5.33892768175911,118.3,118.3,118.3,118.3,355,355,355,355,20,20,20,20,15,15,15,15,0,0,0,0,5,5,5,5,0,0,0,0,0,0,0,0,0,0,0,0,0,0,0,0,0,0,0,0,0,0,0,0,0,0,0,0,0,0,0,0,0,0,0,0,38.6137994662942
"353",225,1,45.4298589753796,-73.9404791339724,1,3.21552430053835,6.78955144116825,7.67895372503168,7.73489242835149,2.78956999826483,6.61157046366953,6.94105603309503,8.44680968776901,118.3,118.3,118.3,118.3,355,355,355,355,20,20,20,20,15,15,15,15,0,0,0,0,5,5,5,5,0,0,0,0,0,0,0,0,0,0,0,0,0,0,0,0,0,0,0,0,0,0,0,0,0,0,0,0,0,0,0,0,0,0,0,0,114.55227330809
"354",225,1,45.4295791898392,-73.940533482639,1,10.9787045079552,10.4014772423412,7.75099663980291,7.86610669033408,6.96003800564333,8.56946271624216,7.05911602033149,8.47127512751685,118.3,118.3,118.3,118.3,355,355,355,355,20,20,20,20,15,15,15,15,0,0,0,0,5,5,5,5,0,0,0,0,0,0,0,0,0,0,0,0,0,0,0,0,0,0,0,0,0,0,0,0,0,0,0,0,0,0,0,0,0,0,0,0,87.6902636154361
"355",225,1,45.4310790807188,-73.9404164434365,1,15.7976841040846,13.9717522628803,12.8329110830039,11.1579126535243,5.73858255739528,7.67558140740704,9.593642817558,10.0072090572276,118.3,118.3,118.3,118.3,355,355,355,355,20,20,20,20,15,15,15,15,0,0,0,0,5,5,5,5,0,0,0,0,0,0,0,0,0,0,0,0,0,0,0,0,0,0,0,0,0,0,0,0,0,0,0,0,0,0,0,0,0,0,0,0,196.729292524247
"356",225,1,45.4278193999429,-73.9373799795941,1,10.3281742350779,9.43457269407543,8.16827143543739,6.23898510679567,6.52727479311681,6.68059394858615,6.69284493861443,6.8319583744151,118.3,118.3,118.3,118.3,355,355,355,355,20,20,20,20,15,15,15,15,0,0,0,0,5,5,5,5,0,0,0,0,0,0,0,0,0,0,0,0,0,0,0,0,0,0,0,0,0,0,0,0,0,0,0,0,0,0,0,0,0,0,0,0,256.472043324701
"357",225,1,45.4303529533369,-73.9417648843912,1,11.5462771643795,9.48673524849287,8.77110193423435,9.44170368259395,7.18931443151642,7.31568942382216,8.80947585816178,9.65978847074307,118.3,118.3,118.3,118.3,355,355,355,355,20,20,20,20,15,15,15,15,0,0,0,0,5,5,5,5,0,0,0,0,0,0,0,0,0,0,0,0,0,0,0,0,0,0,0,0,0,0,0,0,0,0,0,0,0,0,0,0,0,0,0,0,116.694272321619
"358",225,1,45.4307146925934,-73.9376943730013,1,0.0531852998679971,0.569744172253442,1.7938882561335,2.60198728479931,0.221907610759521,1.56852023370961,4.07466397886119,4.93366891112275,118.3,118.3,118.3,118.3,355,355,355,355,20,20,20,20,15,15,15,15,0,0,0,0,5,5,5,5,0,0,0,0,0,0,0,0,0,0,0,0,0,0,0,0,0,0,0,0,0,0,0,0,0,0,0,0,0,0,0,0,0,0,0,0,88.0981091012442
"359",225,1,45.4291865323143,-73.9413722771088,1,3.13062017001532,7.3999514456511,10.3953625379022,9.8657180889125,4.77141476037427,7.9363950163578,9.04767578818145,9.1904518661665,118.3,118.3,118.3,118.3,355,355,355,355,20,20,20,20,15,15,15,15,0,0,0,0,5,5,5,5,0,0,0,0,0,0,0,0,0,0,0,0,0,0,0,0,0,0,0,0,0,0,0,0,0,0,0,0,0,0,0,0,0,0,0,0,20.2096850444
"360",225,1,45.4309069968246,-73.9380848430409,1,1.84198167113947,1.8204864534989,2.2324963676852,3.36552522048064,2.69391454603256,3.15776629999336,4.58305424746692,5.74866786361355,118.3,118.3,118.3,118.3,355,355,355,355,20,20,20,20,15,15,15,15,0,0,0,0,5,5,5,5,0,0,0,0,0,0,0,0,0,0,0,0,0,0,0,0,0,0,0,0,0,0,0,0,0,0,0,0,0,0,0,0,0,0,0,0,95.2800303200117
"361",225,1,45.4296807447741,-73.9407436045536,1,12.7850047786062,12.0173001194039,7.89865395426554,8.00454654834338,7.64478808877502,7.89165824494261,7.18304444114309,8.66512164424129,118.3,118.3,118.3,118.3,355,355,355,355,20,20,20,20,15,15,15,15,0,0,0,0,5,5,5,5,0,0,0,0,0,0,0,0,0,0,0,0,0,0,0,0,0,0,0,0,0,0,0,0,0,0,0,0,0,0,0,0,0,0,0,0,86.700933485129
"362",225,1,45.428753369098,-73.9383886921339,1,2.39557422600942,2.85585629127896,4.73398079574494,6.25341285537368,3.31751520636375,3.88586208413657,4.8211644105164,6.62383115350248,118.3,118.3,118.3,118.3,355,355,355,355,20,20,20,20,15,15,15,15,0,0,0,0,5,5,5,5,0,0,0,0,0,0,0,0,0,0,0,0,0,0,0,0,0,0,0,0,0,0,0,0,0,0,0,0,0,0,0,0,0,0,0,0,140.73679616207
"363",225,1,45.4293068131057,-73.9353219354359,1,0.0368226152661493,0.943021385730999,1.92463717113461,2.41637829092437,0.0179640242814287,2.97968777823602,4.21705626440572,4.85943762081339,118.3,118.3,118.3,118.3,355,355,355,355,20,20,20,20,15,15,15,15,0,0,0,0,5,5,5,5,0,0,0,0,0,0,0,0,0,0,0,0,0,0,0,0,0,0,0,0,0,0,0,0,0,0,0,0,0,0,0,0,0,0,0,0,251.273159856777
"364",225,1,45.4307246213698,-73.9385374291982,1,1.99922911197128,2.95678198848761,2.95047755397079,4.00110542947726,2.40201220238436,4.43717921517195,4.9734243284452,6.37900919700045,118.3,118.3,118.3,118.3,355,355,355,355,20,20,20,20,15,15,15,15,0,0,0,0,5,5,5,5,0,0,0,0,0,0,0,0,0,0,0,0,0,0,0,0,0,0,0,0,0,0,0,0,0,0,0,0,0,0,0,0,0,0,0,0,74.1950497210481
"365",225,1,45.4293101284627,-73.9393609629031,1,3.05499488776235,2.89367148911105,3.97729077981487,6.8164157101005,2.82328485074712,3.21984015610855,5.00552349358912,6.89917904745226,118.3,118.3,118.3,118.3,355,355,355,355,20,20,20,20,15,15,15,15,0,0,0,0,5,5,5,5,0,0,0,0,0,0,0,0,0,0,0,0,0,0,0,0,0,0,0,0,0,0,0,0,0,0,0,0,0,0,0,0,0,0,0,0,110.591384132082
"366",225,1,45.4311551806931,-73.9396358455839,1,3.77986748025421,4.27761263318888,8.9739258028902,9.11541260402953,4.25422562505334,6.24450739045751,8.4936919901675,9.7108033392364,118.3,118.3,118.3,118.3,355,355,355,355,20,20,20,20,15,15,15,15,0,0,0,0,5,5,5,5,0,0,0,0,0,0,0,0,0,0,0,0,0,0,0,0,0,0,0,0,0,0,0,0,0,0,0,0,0,0,0,0,0,0,0,0,157.020509692319
"367",225,1,45.4281238316418,-73.9404430215256,1,8.8374208242278,11.8471893967299,13.2309819094622,12.0111126703077,7.17578933954189,7.35065441196078,7.50705668653944,9.33864627477858,118.3,118.3,118.3,118.3,355,355,355,355,20,20,20,20,15,15,15,15,0,0,0,0,5,5,5,5,0,0,0,0,0,0,0,0,0,0,0,0,0,0,0,0,0,0,0,0,0,0,0,0,0,0,0,0,0,0,0,0,0,0,0,0,117.333742179231
"368",225,1,45.4307146353461,-73.9402786695523,1,8.93361672368875,8.37480380918746,8.42845991589715,9.62715800707375,5.10038510068383,6.23428612908808,7.92257948554178,9.49489254896294,118.3,118.3,118.3,118.3,355,355,355,355,20,20,20,20,15,15,15,15,0,0,0,0,5,5,5,5,0,0,0,0,0,0,0,0,0,0,0,0,0,0,0,0,0,0,0,0,0,0,0,0,0,0,0,0,0,0,0,0,0,0,0,0,167.015748015844
"369",225,1,45.4305058552398,-73.9353733115373,1,4.87106575156158,2.66478373417214,1.31806644283147,0.910919364373574,4.26778693432101,4.04719857115827,3.18605553156555,2.89407310717051,118.3,118.3,118.3,118.3,355,355,355,355,20,20,20,20,15,15,15,15,0,0,0,0,5,5,5,5,0,0,0,0,0,0,0,0,0,0,0,0,0,0,0,0,0,0,0,0,0,0,0,0,0,0,0,0,0,0,0,0,0,0,0,0,237.847684619045
"370",225,1,45.4357043153322,-73.9353479924368,1,0.0319694587162563,0.254899419109872,0.409047083381127,3.20634982081044,0.029317520894934,1.67261822848381,2.1544221598586,6.87068628782892,118.3,118.3,118.3,117.45,355,355,355,351.153846153846,20,20,20,19.9038461538462,15,15,15,14.7115384615385,0,0,0,0,5,5,5,5,0,0,0,0,0,0,0,6.12943716828879,0,0,0,27.7350098112614,0,0,0,0.693375245281537,0,0,0,2.08012573584461,0,0,0,0,0,0,0,0,0,0,0,0,0,0,0,426.513471066527,433.011530517722
"371",225,1,45.4302786486565,-73.9396768766302,1,2.49389478635765,2.69392812519107,3.74886827871084,7.39140312924388,2.74459874313436,3.37550204792485,4.23009203874966,8.20119852851352,118.3,118.3,118.3,118.3,355,355,355,355,20,20,20,20,15,15,15,15,0,0,0,0,5,5,5,5,0,0,0,0,0,0,0,0,0,0,0,0,0,0,0,0,0,0,0,0,0,0,0,0,0,0,0,0,0,0,0,0,0,0,0,0,106.198939550761
