"","Disp.","Band","Species","Wing","Age","Aged","Sex","Sexed","Fat","Weight","Date","Time","Bander","Scribe","Net","Notes","Exported","Valid","Invalid","Errors","History","Age.1","Sex.1","Location","Status","Condition","Code","Program","F","T","R2","3","R4","R5","R6","7","UC","S","SL","TC","SC","SD","CE","TP","OT","AL","TA","Z","NA","NA.1","NA.2","NA.3","NA.4","NA.5","NA.6","NA.7","NA.8","NA.9","NA.10","NA.11","NA.12","NA.13","NA.14","NA.15","NA.16","NA.17","NA.18","NA.19","NA.20","Replaced Band Number for Disposition 5 captures","DET Category Override","Aux Marker Type","Is Aux Marker Coded?","Aux Marker Code","Aux Marker Band Color","Aux Marker Code Color","Left Leg Color 1","Left Leg Color 2","Left Leg Color 3","R Leg Color 1","R Leg Color 2","R Leg Color 3","Last Bandit Export Timestamp","Count Bandit Exports","Creation Timestamp","Modify Timestamp","DET Category","To Be Deleted","Days since most recent prior capture","DET Date","Original Capture ID","NA.21","NA.22","NA.23","NA.24","NA.25","NA.26","NA.27","NA.28","NA.29","NA.30","NA.31","NA.32","NA.33","NA.34","NA.35","NA.36","NA.37","NA.38","Flags","Year","Season","week"
"157","1","86110674","NOCA","91","2","1","4","1","0","47","2004-09-30","10:50","MAG","","0","","FALSE","","","FALSE","FALSE","0","0","MBO","300","","","FMMP2004","","","","","","","","","","","","","","","","","","","","",NA,NA,NA,NA,NA,NA,NA,NA,NA,NA,NA,NA,NA,NA,NA,NA,NA,NA,NA,NA,NA,"","","","","","","","","","","","","","","","","","Banded","","","9/30/2004","",NA,NA,NA,NA,NA,NA,NA,NA,NA,NA,NA,NA,NA,NA,NA,NA,NA,NA,"",2004,"FMMP",40
"160","1","86110675","NOCA","95","2","1","5","1","0","43","2004-09-30","11:00","MAG","","0","","FALSE","","","FALSE","FALSE","0","0","MBO","300","","","FMMP2004","","","","","","","","","","","","","","","","","","","","",NA,NA,NA,NA,NA,NA,NA,NA,NA,NA,NA,NA,NA,NA,NA,NA,NA,NA,NA,NA,NA,"","","","","","","","","","","","","","","","","","Banded","","","9/30/2004","",NA,NA,NA,NA,NA,NA,NA,NA,NA,NA,NA,NA,NA,NA,NA,NA,NA,NA,"",2004,"FMMP",40
"195","1","78234971","NOCA","92","2","1","4","1","0","48","2004-10-01","11:00","MAG","","0","","FALSE","","","FALSE","FALSE","0","0","MBO","300","","","FMMP2004","","","","","","","","","","","","","","","","","","","","",NA,NA,NA,NA,NA,NA,NA,NA,NA,NA,NA,NA,NA,NA,NA,NA,NA,NA,NA,NA,NA,"","","","","","","","","","","","","","","","","","Banded","","","10/1/2004","",NA,NA,NA,NA,NA,NA,NA,NA,NA,NA,NA,NA,NA,NA,NA,NA,NA,NA,"",2004,"FMMP",40
"207","1","86110676","NOCA","89","0","1","5","1","0","41","2004-10-03","08:20","MAG","","0","","FALSE","","","FALSE","FALSE","0","0","MBO","300","","","FMMP2004","","","","","","","","","","","","","","","","","","","","",NA,NA,NA,NA,NA,NA,NA,NA,NA,NA,NA,NA,NA,NA,NA,NA,NA,NA,NA,NA,NA,"","","","","","","","","","","","","","","","","","Banded","","","10/3/2004","",NA,NA,NA,NA,NA,NA,NA,NA,NA,NA,NA,NA,NA,NA,NA,NA,NA,NA,"",2004,"FMMP",40
"256","1","86110677","NOCA","86","2","1","5","1","0","40","2004-10-04","08:20","MAG","","0","","FALSE","","","FALSE","FALSE","0","0","MBO","300","","","FMMP2004","","","","","","","","","","","","","","","","","","","","",NA,NA,NA,NA,NA,NA,NA,NA,NA,NA,NA,NA,NA,NA,NA,NA,NA,NA,NA,NA,NA,"","","","","","","","","","","","","","","","","","Banded","","","10/4/2004","",NA,NA,NA,NA,NA,NA,NA,NA,NA,NA,NA,NA,NA,NA,NA,NA,NA,NA,"",2004,"FMMP",40
"653","R","78234971","NOCA","89","2","1","4","1","0","48","2004-10-18","11:50","MAG","GEG","D1","","FALSE","","","FALSE","FALSE","","","MBO","300","7","89","FMMP2004","","","","","","","","","","","","","","","","","","","","",NA,NA,NA,NA,NA,NA,NA,NA,NA,NA,NA,NA,NA,NA,NA,NA,NA,NA,NA,NA,NA,"","","","","","","","","","","","","","","","","","Repeat","","17","10/18/2004","",NA,NA,NA,NA,NA,NA,NA,NA,NA,NA,NA,NA,NA,NA,NA,NA,NA,NA,"",2004,"FMMP",42
"701","1","85208291","NOCA","88","2","1","5","1","0","42","2004-10-22","12:10","CLR","","0","","FALSE","","","FALSE","FALSE","0","0","MBO","300","","","FMMP2004","","","","","","","","","","","","","","","","","","","","",NA,NA,NA,NA,NA,NA,NA,NA,NA,NA,NA,NA,NA,NA,NA,NA,NA,NA,NA,NA,NA,"","","","","","","","","","","","","","","","","","Banded","","","10/22/2004","",NA,NA,NA,NA,NA,NA,NA,NA,NA,NA,NA,NA,NA,NA,NA,NA,NA,NA,"",2004,"FMMP",43
"707","1","115234001","NOCA","96","1","1","4","1","0","47","2004-10-23","08:00","LAL","","0","","FALSE","","","FALSE","FALSE","0","0","MBO","300","","","FMMP2004","","","","","","","","","","","","","","","","","","","","",NA,NA,NA,NA,NA,NA,NA,NA,NA,NA,NA,NA,NA,NA,NA,NA,NA,NA,NA,NA,NA,"","","","","","","","","","","","","","","","","","Banded","","","10/23/2004","",NA,NA,NA,NA,NA,NA,NA,NA,NA,NA,NA,NA,NA,NA,NA,NA,NA,NA,"",2004,"FMMP",43
"748","R","78234971","NOCA","88","2","1","4","1","0","46","2004-10-25","09:20","CLR","MAG","C2","","FALSE","","","TRUE","FALSE","","","MBO","300","7","89","FMMP2004","","","","","","","","","","","","","","","","","","","","",NA,NA,NA,NA,NA,NA,NA,NA,NA,NA,NA,NA,NA,NA,NA,NA,NA,NA,NA,NA,NA,"","","","","","","","","","","","","","","","","","Repeat","","7","10/25/2004","",NA,NA,NA,NA,NA,NA,NA,NA,NA,NA,NA,NA,NA,NA,NA,NA,NA,NA,"",2004,"FMMP",43
"789","R","86110677","NOCA","89","2","1","5","1","1","45","2004-10-25","11:40","MAH","BHM","F3","","FALSE","","","TRUE","FALSE","","","MBO","300","7","89","FMMP2004","","","","","","","","","","","","","","","","","","","","",NA,NA,NA,NA,NA,NA,NA,NA,NA,NA,NA,NA,NA,NA,NA,NA,NA,NA,NA,NA,NA,"","","","","","","","","","","","","","","","","","Repeat","","21","10/25/2004","",NA,NA,NA,NA,NA,NA,NA,NA,NA,NA,NA,NA,NA,NA,NA,NA,NA,NA,"",2004,"FMMP",43
"798","1","86110680","NOCA","93","2","1","5","1","0","44","2004-10-25","12:00","MAG","","0","","FALSE","","","FALSE","FALSE","0","0","MBO","300","","","FMMP2004","","","","","","","","","","","","","","","","","","","","",NA,NA,NA,NA,NA,NA,NA,NA,NA,NA,NA,NA,NA,NA,NA,NA,NA,NA,NA,NA,NA,"","","","","","","","","","","","","","","","","","Banded","","","10/25/2004","",NA,NA,NA,NA,NA,NA,NA,NA,NA,NA,NA,NA,NA,NA,NA,NA,NA,NA,"",2004,"FMMP",43
"835","1","86110681","NOCA","91","0","1","5","1","0","39","2004-10-29","10:50","MAG","","0","","FALSE","","","FALSE","FALSE","0","0","MBO","300","","","FMMP2004","","","","","","","","","","","","","","","","","","","","",NA,NA,NA,NA,NA,NA,NA,NA,NA,NA,NA,NA,NA,NA,NA,NA,NA,NA,NA,NA,NA,"","","","","","","","","","","","","","","","","","Banded","","","10/29/2004","",NA,NA,NA,NA,NA,NA,NA,NA,NA,NA,NA,NA,NA,NA,NA,NA,NA,NA,"",2004,"FMMP",44
"986","R","86110677","NOCA","89","2","1","5","1","0","46","2004-11-27","12:30","MAG","IJ","W3","","FALSE","","","TRUE","FALSE","","","MBO","300","7","89","WINTER2004-05","","","","","","","","","","","","","","","","","","","","",NA,NA,NA,NA,NA,NA,NA,NA,NA,NA,NA,NA,NA,NA,NA,NA,NA,NA,NA,NA,NA,"","","","","","","","","","","","","","","","","","Repeat","","33","11/27/2004","",NA,NA,NA,NA,NA,NA,NA,NA,NA,NA,NA,NA,NA,NA,NA,NA,NA,NA,"",2004,"WINT",48
"988","1","86110682","NOCA","95","0","1","4","1","0","47","2004-11-27","12:30","MAG","","0","","FALSE","","","FALSE","FALSE","0","0","MBO","300","","","WINTER2004-05","","","","","","","","","","","","","","","","","","","","",NA,NA,NA,NA,NA,NA,NA,NA,NA,NA,NA,NA,NA,NA,NA,NA,NA,NA,NA,NA,NA,"","","","","","","","","","","","","","","","","","Banded","","","11/27/2004","",NA,NA,NA,NA,NA,NA,NA,NA,NA,NA,NA,NA,NA,NA,NA,NA,NA,NA,"",2004,"WINT",48
"992","1","86110683","NOCA","91","2","1","4","1","0","44","2004-11-27","12:40","SRC","","0","","FALSE","","","FALSE","FALSE","0","0","MBO","300","","","WINTER2004-05","","","","","","","","","","","","","","","","","","","","",NA,NA,NA,NA,NA,NA,NA,NA,NA,NA,NA,NA,NA,NA,NA,NA,NA,NA,NA,NA,NA,"","","","","","","","","","","","","","","","","","Banded","","","11/27/2004","",NA,NA,NA,NA,NA,NA,NA,NA,NA,NA,NA,NA,NA,NA,NA,NA,NA,NA,"",2004,"WINT",48
"1051","1","86110684","NOCA","93","2","1","4","1","0","47","2004-11-30","12:20","CLR","","0","","FALSE","","","FALSE","FALSE","0","0","MBO","300","","","WINTER2004-05","","","","","","","","","","","","","","","","","","","","",NA,NA,NA,NA,NA,NA,NA,NA,NA,NA,NA,NA,NA,NA,NA,NA,NA,NA,NA,NA,NA,"","","","","","","","","","","","","","","","","","Banded","","","11/30/2004","",NA,NA,NA,NA,NA,NA,NA,NA,NA,NA,NA,NA,NA,NA,NA,NA,NA,NA,"",2004,"WINT",48
"1054","1","86110685","NOCA","93","0","1","4","1","0","46","2004-11-30","12:30","CLR","","0","","FALSE","","","FALSE","FALSE","0","0","MBO","300","","","WINTER2004-05","","","","","","","","","","","","","","","","","","","","",NA,NA,NA,NA,NA,NA,NA,NA,NA,NA,NA,NA,NA,NA,NA,NA,NA,NA,NA,NA,NA,"","","","","","","","","","","","","","","","","","Banded","","","11/30/2004","",NA,NA,NA,NA,NA,NA,NA,NA,NA,NA,NA,NA,NA,NA,NA,NA,NA,NA,"",2004,"WINT",48
"1055","1","115234035","NOCA","90","2","1","5","1","0","43","2004-11-30","12:30","MAG","","0","","FALSE","","","FALSE","FALSE","0","0","MBO","300","","","WINTER2004-05","","","","","","","","","","","","","","","","","","","","",NA,NA,NA,NA,NA,NA,NA,NA,NA,NA,NA,NA,NA,NA,NA,NA,NA,NA,NA,NA,NA,"","","","","","","","","","","","","","","","","","Banded","","","11/30/2004","",NA,NA,NA,NA,NA,NA,NA,NA,NA,NA,NA,NA,NA,NA,NA,NA,NA,NA,"",2004,"WINT",48
"1079","1","86110686","NOCA","89","0","1","5","1","0","46","2004-12-04","10:40","CLR","","0","","FALSE","","","FALSE","FALSE","0","0","MBO","300","","","WINTER2004-05","","","","","","","","","","","","","","","","","","","","",NA,NA,NA,NA,NA,NA,NA,NA,NA,NA,NA,NA,NA,NA,NA,NA,NA,NA,NA,NA,NA,"","","","","","","","","","","","","","","","","","Banded","","","12/4/2004","",NA,NA,NA,NA,NA,NA,NA,NA,NA,NA,NA,NA,NA,NA,NA,NA,NA,NA,"",2004,"WINT",49
"1080","1","86110687","NOCA","92","0","1","4","1","0","47","2004-12-04","10:40","CLR","","0","","FALSE","","","FALSE","FALSE","0","0","MBO","300","","","WINTER2004-05","","","","","","","","","","","","","","","","","","","","",NA,NA,NA,NA,NA,NA,NA,NA,NA,NA,NA,NA,NA,NA,NA,NA,NA,NA,NA,NA,NA,"","","","","","","","","","","","","","","","","","Banded","","","12/4/2004","",NA,NA,NA,NA,NA,NA,NA,NA,NA,NA,NA,NA,NA,NA,NA,NA,NA,NA,"",2004,"WINT",49
"1246","1","115234041","NOCA","91","5","1","4","1","0","48","2005-04-12","09:10","MAG","GEG","C2","","FALSE","","","FALSE","FALSE","","","MBO","300","","","SMMP2005","","","","","","","","","","","","","","","","","","","","",NA,NA,NA,NA,NA,NA,NA,NA,NA,NA,NA,NA,NA,NA,NA,NA,NA,NA,NA,NA,NA,"","","","","","","","","","","","","","","","","","Banded","","","4/12/2005","",NA,NA,NA,NA,NA,NA,NA,NA,NA,NA,NA,NA,NA,NA,NA,NA,NA,NA,"",2005,"SMMP",15
"1313","R","86110675","NOCA","92","1","1","5","1","1","47","2005-04-20","10:10","CLR","CM","C2","","FALSE","","","TRUE","FALSE","","","MBO","300","7","89","SMMP2005","","","","","","","","","","","","","","","","","","","","",NA,NA,NA,NA,NA,NA,NA,NA,NA,NA,NA,NA,NA,NA,NA,NA,NA,NA,NA,NA,NA,"","","","","","","","","","","","","","","","","","Return","","202","4/20/2005","",NA,NA,NA,NA,NA,NA,NA,NA,NA,NA,NA,NA,NA,NA,NA,NA,NA,NA,"",2005,"SMMP",16
"1430","1","115234071","NOCA","95","1","1","4","1","1","44","2005-05-02","06:30","MAG","MSM","F3","","FALSE","","","FALSE","FALSE","","","MBO","300","","","SMMP2005","","","","","","","","","","","","","","","","","","","","",NA,NA,NA,NA,NA,NA,NA,NA,NA,NA,NA,NA,NA,NA,NA,NA,NA,NA,NA,NA,NA,"","","","","","","","","","","","","","","","","","Banded","","","5/2/2005","",NA,NA,NA,NA,NA,NA,NA,NA,NA,NA,NA,NA,NA,NA,NA,NA,NA,NA,"",2005,"SMMP",18
"1660","1","189189726","NOCA","92","4","1","5","1","0","44","2005-05-16","10:20","MAG","HJG","E1","","FALSE","","","FALSE","FALSE","","","MBO","300","","","SMMP2005","","","","","","","","","","","","","","","","","","","","",NA,NA,NA,NA,NA,NA,NA,NA,NA,NA,NA,NA,NA,NA,NA,NA,NA,NA,NA,NA,NA,"","","","","","","","","","","","","","","","","","Banded","","","5/16/2005","",NA,NA,NA,NA,NA,NA,NA,NA,NA,NA,NA,NA,NA,NA,NA,NA,NA,NA,"",2005,"SMMP",20
"1928","1","189189752","NOCA","90","1","1","5","16","0","47","2005-05-26","11:10","MAG","MAG","B4","","FALSE","","","FALSE","FALSE","6","","MBO","300","","","SMMP2005","","","","","","","","","","","","","","","","","","","","",NA,NA,NA,NA,NA,NA,NA,NA,NA,NA,NA,NA,NA,NA,NA,NA,NA,NA,NA,NA,NA,"","","","","","","","","","","","","","","","","","Banded","","","5/26/2005","",NA,NA,NA,NA,NA,NA,NA,NA,NA,NA,NA,NA,NA,NA,NA,NA,NA,NA,"",2005,"SMMP",21
"1929","1","189189753","NOCA","92","1","1","4","1","0","41","2005-05-26","11:10","BF","MAG","B4","","FALSE","","","FALSE","FALSE","","","MBO","300","","","SMMP2005","","","","","","","","","","","","","","","","","","","","",NA,NA,NA,NA,NA,NA,NA,NA,NA,NA,NA,NA,NA,NA,NA,NA,NA,NA,NA,NA,NA,"","","","","","","","","","","","","","","","","","Banded","","","5/26/2005","",NA,NA,NA,NA,NA,NA,NA,NA,NA,NA,NA,NA,NA,NA,NA,NA,NA,NA,"",2005,"SMMP",21
"2081","R","115234071","NOCA","96","1","1","4","1","0","44","2005-05-31","10:20","MAG","DRB","A1","","FALSE","","","TRUE","FALSE","","","MBO","300","7","89","SMMP2005","","","","","","","","","","","","","","","","","","","","",NA,NA,NA,NA,NA,NA,NA,NA,NA,NA,NA,NA,NA,NA,NA,NA,NA,NA,NA,NA,NA,"","","","","","","","","","","","","","","","","","Repeat","","29","5/31/2005","",NA,NA,NA,NA,NA,NA,NA,NA,NA,NA,NA,NA,NA,NA,NA,NA,NA,NA,"",2005,"SMMP",22
"2301","1","189189789","NOCA","88","1","1","5","1","1","40","2005-08-12","08:00","MAG","ATH","G1","","FALSE","","","FALSE","FALSE","","","MBO","300","","","FMMP2005","","","","","","","","","","","","","","","","","","","","",NA,NA,NA,NA,NA,NA,NA,NA,NA,NA,NA,NA,NA,NA,NA,NA,NA,NA,NA,NA,NA,"","","","","","","","","","","","","","","","","","Banded","","","8/12/2005","",NA,NA,NA,NA,NA,NA,NA,NA,NA,NA,NA,NA,NA,NA,NA,NA,NA,NA,"",2005,"FMMP",32
"2551","R","115234071","NOCA","94","1","1","4","1","0","42","2005-08-22","07:20","MAG","VIP","B2","","FALSE","","","FALSE","FALSE","","","MBO","300","7","89","FMMP2005","","","","","","","","","","","","","","","","","","","","",NA,NA,NA,NA,NA,NA,NA,NA,NA,NA,NA,NA,NA,NA,NA,NA,NA,NA,NA,NA,NA,"","","","","","","","","","","","","","","","","4/22/2020 11:11","Repeat","","83","8/22/2005","",NA,NA,NA,NA,NA,NA,NA,NA,NA,NA,NA,NA,NA,NA,NA,NA,NA,NA,"",2005,"FMMP",34
"2623","1","86117099","NOCA","86","4","1","0","1","0","37","2005-08-22","12:40","MAG","MAH","B2","","FALSE","","","FALSE","FALSE","","","MBO","300","","","FMMP2005","","","","","","","","","","","","","","","","","","","","",NA,NA,NA,NA,NA,NA,NA,NA,NA,NA,NA,NA,NA,NA,NA,NA,NA,NA,NA,NA,NA,"","","","","","","","","","","","","","","","","","Banded","","","8/22/2005","",NA,NA,NA,NA,NA,NA,NA,NA,NA,NA,NA,NA,NA,NA,NA,NA,NA,NA,"",2005,"FMMP",34
"2784","R","189189789","NOCA","88","1","1","5","B","0","42","2005-08-29","09:10","BF","GEG","B3","","FALSE","","","FALSE","FALSE","","","MBO","300","7","89","FMMP2005","","","","","","","","","","","","","","","","","","","","",NA,NA,NA,NA,NA,NA,NA,NA,NA,NA,NA,NA,NA,NA,NA,NA,NA,NA,NA,NA,NA,"","","","","","","","","","","","","","","","","","Repeat","","17","8/29/2005","",NA,NA,NA,NA,NA,NA,NA,NA,NA,NA,NA,NA,NA,NA,NA,NA,NA,NA,"",2005,"FMMP",35
"3563","1","121258624","NOCA","96","2","1","4","1","0","43","2005-09-15","08:20","MAG","MEJ","B1","","FALSE","","","FALSE","FALSE","","","MBO","300","","","FMMP2005","","","","","","","","","","","","","","","","","","","","",NA,NA,NA,NA,NA,NA,NA,NA,NA,NA,NA,NA,NA,NA,NA,NA,NA,NA,NA,NA,NA,"","","","","","","","","","","","","","","","","","Banded","","","9/15/2005","",NA,NA,NA,NA,NA,NA,NA,NA,NA,NA,NA,NA,NA,NA,NA,NA,NA,NA,"",2005,"FMMP",37
"4601","1","121258625","NOCA","86","2","13","5","1","0","44","2005-10-01","08:50","MAG","EB","B1","","FALSE","","","FALSE","FALSE","","","MBO","300","","","FMMP2005","","","","","","","","","","","","","","","","","","","","",NA,NA,NA,NA,NA,NA,NA,NA,NA,NA,NA,NA,NA,NA,NA,NA,NA,NA,NA,NA,NA,"","","","","","","","","","","","","","","","","","Banded","","","10/1/2005","",NA,NA,NA,NA,NA,NA,NA,NA,NA,NA,NA,NA,NA,NA,NA,NA,NA,NA,"",2005,"FMMP",40
"4994","1","223100857","NOCA","84","2","13","5","1","0","38","2005-10-04","12:40","MAG","JB","C1","","FALSE","","","FALSE","FALSE","","","MBO","300","","","FMMP2005","","","","","","","","","","","","","","","","","","","","",NA,NA,NA,NA,NA,NA,NA,NA,NA,NA,NA,NA,NA,NA,NA,NA,NA,NA,NA,NA,NA,"","","","","","","","","","","","","","","","","","Banded","","","10/4/2005","",NA,NA,NA,NA,NA,NA,NA,NA,NA,NA,NA,NA,NA,NA,NA,NA,NA,NA,"",2005,"FMMP",40
"5028","R","223100857","NOCA","84","2","1","5","1","0","39","2005-10-05","09:20","MAG","LB","H1","","FALSE","","","TRUE","FALSE","","","MBO","300","7","89","FMMP2005","","","","","","","","","","","","","","","","","","","","",NA,NA,NA,NA,NA,NA,NA,NA,NA,NA,NA,NA,NA,NA,NA,NA,NA,NA,NA,NA,NA,"","","","","","","","","","","","","","","","","","Repeat","","1","10/5/2005","",NA,NA,NA,NA,NA,NA,NA,NA,NA,NA,NA,NA,NA,NA,NA,NA,NA,NA,"",2005,"FMMP",40
"5322","1","223100862","NOCA","93","1","1","5","1","0","42","2005-10-11","11:10","MAG","CLS","A1","?","FALSE","","","FALSE","FALSE","","","MBO","300","","","FMMP2005","","","","","","","","","","","","","","","","","","","","",NA,NA,NA,NA,NA,NA,NA,NA,NA,NA,NA,NA,NA,NA,NA,NA,NA,NA,NA,NA,NA,"","","","","","","","","","","","","","","","","","Banded","","","10/11/2005","",NA,NA,NA,NA,NA,NA,NA,NA,NA,NA,NA,NA,NA,NA,NA,NA,NA,NA,"",2005,"FMMP",41
"5325","1","223100863","NOCA","89","2","1","5","1","0","43","2005-10-11","11:20","BF","CLS","A1","","FALSE","","","FALSE","FALSE","","","MBO","300","","","FMMP2005","","","","","","","","","","","","","","","","","","","","",NA,NA,NA,NA,NA,NA,NA,NA,NA,NA,NA,NA,NA,NA,NA,NA,NA,NA,NA,NA,NA,"","","","","","","","","","","","","","","","","","Banded","","","10/11/2005","",NA,NA,NA,NA,NA,NA,NA,NA,NA,NA,NA,NA,NA,NA,NA,NA,NA,NA,"",2005,"FMMP",41
"5602","1","121258632","NOCA","88","2","1","4","1","0","43","2005-10-21","12:50","MAG","MAG","B2","","FALSE","","","FALSE","FALSE","","","MBO","300","","","FMMP2005","","","","","","","","","","","","","","","","","","","","",NA,NA,NA,NA,NA,NA,NA,NA,NA,NA,NA,NA,NA,NA,NA,NA,NA,NA,NA,NA,NA,"","","","","","","","","","","","","","","","","","Banded","","","10/21/2005","",NA,NA,NA,NA,NA,NA,NA,NA,NA,NA,NA,NA,NA,NA,NA,NA,NA,NA,"",2005,"FMMP",42
"5647","1","223100870","NOCA","89","1","1","5","1","0","43","2005-10-24","09:20","BF","MSM","H1","","FALSE","","","FALSE","FALSE","","","MBO","300","","","FMMP2005","","","","","","","","","","","","","","","","","","","","",NA,NA,NA,NA,NA,NA,NA,NA,NA,NA,NA,NA,NA,NA,NA,NA,NA,NA,NA,NA,NA,"","","","","","","","","","","","","","","","","","Banded","","","10/24/2005","",NA,NA,NA,NA,NA,NA,NA,NA,NA,NA,NA,NA,NA,NA,NA,NA,NA,NA,"",2005,"FMMP",43
"5798","R","86110686","NOCA","89","0","1","5","1","0","44","2005-10-28","13:40","MAG","SJF","V1","","FALSE","","","TRUE","FALSE","","","MBO","300","7","89","FMMP2005","","","","","","","","","","","","","","","","","","","","",NA,NA,NA,NA,NA,NA,NA,NA,NA,NA,NA,NA,NA,NA,NA,NA,NA,NA,NA,NA,NA,"","","","","","","","","","","","","","","","","","Return","","328","10/28/2005","",NA,NA,NA,NA,NA,NA,NA,NA,NA,NA,NA,NA,NA,NA,NA,NA,NA,NA,"",2005,"FMMP",43
"5811","R","223100857","NOCA","90","2","1","5","1","0","42","2005-10-29","08:10","BF","CED","B2","wing measured twice","FALSE","","","TRUE","FALSE","","","MBO","300","7","89","FMMP2005","","","","","","","","","","","","","","","","","","","","",NA,NA,NA,NA,NA,NA,NA,NA,NA,NA,NA,NA,NA,NA,NA,NA,NA,NA,NA,NA,NA,"","","","","","","","","","","","","","","","","","Repeat","","24","10/29/2005","",NA,NA,NA,NA,NA,NA,NA,NA,NA,NA,NA,NA,NA,NA,NA,NA,NA,NA,"",2005,"FMMP",44
"5842","R","189189789","NOCA","89","1","1","5","1","0","47","2005-10-30","07:40","MAG","NRB","V4","","FALSE","","","TRUE","FALSE","","","MBO","300","7","89","FMMP2005","","","","","","","","","","","","","","","","","","","","",NA,NA,NA,NA,NA,NA,NA,NA,NA,NA,NA,NA,NA,NA,NA,NA,NA,NA,NA,NA,NA,"","","","","","","","","","","","","","","","","","Repeat","","62","10/30/2005","",NA,NA,NA,NA,NA,NA,NA,NA,NA,NA,NA,NA,NA,NA,NA,NA,NA,NA,"",2005,"FMMP",44
"5968","1","121258634","NOCA","94","2","1","4","1","0","47","2005-11-02","12:30","MAG","BF","V1","","FALSE","","","FALSE","FALSE","","","MBO","300","","","WINTER2005-06","","","","","","","","","","","","","","","","","","","","",NA,NA,NA,NA,NA,NA,NA,NA,NA,NA,NA,NA,NA,NA,NA,NA,NA,NA,NA,NA,NA,"","","","","","","","","","","","","","","","","","Banded","","","11/2/2005","",NA,NA,NA,NA,NA,NA,NA,NA,NA,NA,NA,NA,NA,NA,NA,NA,NA,NA,"",2005,"WINT",44
"6155","1","223100893","NOCA","90","0","1","5","1","0","45","2005-12-11","10:40","MAG","MAG","V1","","FALSE","","","FALSE","FALSE","1","","MBO","300","","","WINTER2005-06","","","","","","","","","","","","","","","","","","","","",NA,NA,NA,NA,NA,NA,NA,NA,NA,NA,NA,NA,NA,NA,NA,NA,NA,NA,NA,NA,NA,"","","","","","","","","","","","","","","","","","Banded","","","12/11/2005","",NA,NA,NA,NA,NA,NA,NA,NA,NA,NA,NA,NA,NA,NA,NA,NA,NA,NA,"",2005,"WINT",50
"6219","1","223100894","NOCA","95","1","1","4","1","1","48","2006-01-13","15:10","MAG","MAG","V3","","FALSE","","","FALSE","FALSE","","","MBO","300","","","WINTER2005-06","","","","","","","","","","","","","","","","","","","","",NA,NA,NA,NA,NA,NA,NA,NA,NA,NA,NA,NA,NA,NA,NA,NA,NA,NA,NA,NA,NA,"","","","","","","","","","","","","","","","","","Banded","","","1/13/2006","",NA,NA,NA,NA,NA,NA,NA,NA,NA,NA,NA,NA,NA,NA,NA,NA,NA,NA,"",2006,"WINT",2
"6326","1","223100895","NOCA","90","1","1","5","1","1","48","2006-02-15","10:40","MAG","BHM","V4","","FALSE","","","FALSE","FALSE","","","MBO","300","","","WINTER2005-06","","","","","","","","","","","","","","","","","","","","",NA,NA,NA,NA,NA,NA,NA,NA,NA,NA,NA,NA,NA,NA,NA,NA,NA,NA,NA,NA,NA,"","","","","","","","","","","","","","","","","","Banded","","","2/15/2006","",NA,NA,NA,NA,NA,NA,NA,NA,NA,NA,NA,NA,NA,NA,NA,NA,NA,NA,"",2006,"WINT",7
"6329","R","223100857","NOCA","90","1","1","5","1","1","44","2006-02-15","11:00","MAG","MSM","V3","","FALSE","","","FALSE","FALSE","","","MBO","300","7","89","WINTER2005-06","","","","","","","","","","","","","","","","","","","","",NA,NA,NA,NA,NA,NA,NA,NA,NA,NA,NA,NA,NA,NA,NA,NA,NA,NA,NA,NA,NA,"","","","","","","","","","","","","","","","","","Return","","109","2/15/2006","",NA,NA,NA,NA,NA,NA,NA,NA,NA,NA,NA,NA,NA,NA,NA,NA,NA,NA,"",2006,"WINT",7
"6471","1","223100897","NOCA","94","1","1","5","1B","0","44.6","2006-04-12","11:00","MAG","BF","B2","","FALSE","","","FALSE","FALSE","","","MBO","300","","","SMMP2006","","","","","","","","","","","","","","","","","","","","",NA,NA,NA,NA,NA,NA,NA,NA,NA,NA,NA,NA,NA,NA,NA,NA,NA,NA,NA,NA,NA,"","","","","","","","","","","","","","","","","","Banded","","","4/12/2006","",NA,NA,NA,NA,NA,NA,NA,NA,NA,NA,NA,NA,NA,NA,NA,NA,NA,NA,"",2006,"SMMP",15
"6681","1","195151510","NOCA","93","1","1","4","1","0","39","2006-04-29","08:20","MAG","CLD","B3","","FALSE","","","FALSE","FALSE","","","MBO","300","","","SMMP2006","","","","","","","","","","","","","","","","","","","","",NA,NA,NA,NA,NA,NA,NA,NA,NA,NA,NA,NA,NA,NA,NA,NA,NA,NA,NA,NA,NA,"","","","","","","","","","","","","","","","","","Banded","","","4/29/2006","",NA,NA,NA,NA,NA,NA,NA,NA,NA,NA,NA,NA,NA,NA,NA,NA,NA,NA,"",2006,"SMMP",17
"6860","1","195151525","NOCA","89","1","1","5","1","0","44.3","2006-05-06","10:10","JUP","KR","K2","","FALSE","","","FALSE","FALSE","","","MBO","300","","","SMMP2006","","","","","","","","","","","","","","","","","","","","",NA,NA,NA,NA,NA,NA,NA,NA,NA,NA,NA,NA,NA,NA,NA,NA,NA,NA,NA,NA,NA,"","","","","","","","","","","","","","","","","","Banded","","","5/6/2006","",NA,NA,NA,NA,NA,NA,NA,NA,NA,NA,NA,NA,NA,NA,NA,NA,NA,NA,"",2006,"SMMP",18
"6870","1","195151528","NOCA","85","1","1","5","1B","0","42.6","2006-05-07","08:10","MAH","MCD","B3","","FALSE","","","FALSE","FALSE","","","MBO","300","","","SMMP2006","","","","","","","","","","","","","","","","","","","","",NA,NA,NA,NA,NA,NA,NA,NA,NA,NA,NA,NA,NA,NA,NA,NA,NA,NA,NA,NA,NA,"","","","","","","","","","","","","","","","","","Banded","","","5/7/2006","",NA,NA,NA,NA,NA,NA,NA,NA,NA,NA,NA,NA,NA,NA,NA,NA,NA,NA,"",2006,"SMMP",19
"7277","R","121258624","NOCA","100","5","1","4","1","1","44.7","2006-05-26","10:20","BF","CCL","K2","","FALSE","","","FALSE","FALSE","","","MBO","300","7","89","SMMP2006","","","","","","","","","","","","","","","","","","","","",NA,NA,NA,NA,NA,NA,NA,NA,NA,NA,NA,NA,NA,NA,NA,NA,NA,NA,NA,NA,NA,"","","","","","","","","","","","","","","","","4/18/2020 14:52","Return","","253","5/26/2006","",NA,NA,NA,NA,NA,NA,NA,NA,NA,NA,NA,NA,NA,NA,NA,NA,NA,NA,"",2006,"SMMP",21
"7479","R","223100897","NOCA","91","1","1","5","1B","1","42.6","2006-08-02","08:30","SNL","MAH","H1","","FALSE","","","FALSE","FALSE","","","MBO","300","7","89","FMMP2006","","","","","","","","","","","","","","","","","","","","",NA,NA,NA,NA,NA,NA,NA,NA,NA,NA,NA,NA,NA,NA,NA,NA,NA,NA,NA,NA,NA,"","","","","","","","","","","","","","","","","","Return","","112","8/2/2006","",NA,NA,NA,NA,NA,NA,NA,NA,NA,NA,NA,NA,NA,NA,NA,NA,NA,NA,"",2006,"FMMP",31
"7502","R","121258624","NOCA","95","1","1","4","1","0","41.9","2006-08-04","07:20","SNL","SOC","N1","","FALSE","","","FALSE","FALSE","","","MBO","300","7","89","FMMP2006","","","","","","","","","","","","","","","","","","","","",NA,NA,NA,NA,NA,NA,NA,NA,NA,NA,NA,NA,NA,NA,NA,NA,NA,NA,NA,NA,NA,"","","","","","","","","","","","","","","","","","Repeat","","70","8/4/2006","",NA,NA,NA,NA,NA,NA,NA,NA,NA,NA,NA,NA,NA,NA,NA,NA,NA,NA,"",2006,"FMMP",31
"7607","R","223100897","NOCA","92","1","1M","5","1B","0","41.7","2006-08-07","10:20","SNL","BAM","N1","","FALSE","","","FALSE","FALSE","","","MBO","300","7","89","FMMP2006","","","","","","","","","","","","","","","","","","","","",NA,NA,NA,NA,NA,NA,NA,NA,NA,NA,NA,NA,NA,NA,NA,NA,NA,NA,NA,NA,NA,"","","","","","","","","","","","","","","","","","Repeat","","5","8/7/2006","",NA,NA,NA,NA,NA,NA,NA,NA,NA,NA,NA,NA,NA,NA,NA,NA,NA,NA,"",2006,"FMMP",32
"7663","1","195151588","NOCA","89","2","1","4","1","0","40.6","2006-08-09","07:20","SNL","BF","N3","","FALSE","","","FALSE","FALSE","","","MBO","300","","","FMMP2006","","","","","","","","","","","","","","","","","","","","",NA,NA,NA,NA,NA,NA,NA,NA,NA,NA,NA,NA,NA,NA,NA,NA,NA,NA,NA,NA,NA,"","","","","","","","","","","","","","","","","","Banded","","","8/9/2006","",NA,NA,NA,NA,NA,NA,NA,NA,NA,NA,NA,NA,NA,NA,NA,NA,NA,NA,"",2006,"FMMP",32
"7865","R","223100857","NOCA","87","1","1","5","1","0","40.2","2006-08-14","09:40","SNL","GJR","B3","","FALSE","","","FALSE","FALSE","","","MBO","300","7","89","FMMP2006","","","","","","","","","","","","","","","","","","","","",NA,NA,NA,NA,NA,NA,NA,NA,NA,NA,NA,NA,NA,NA,NA,NA,NA,NA,NA,NA,NA,"","","","","","","","","","","","","","","","","","Return","","180","8/14/2006","",NA,NA,NA,NA,NA,NA,NA,NA,NA,NA,NA,NA,NA,NA,NA,NA,NA,NA,"",2006,"FMMP",33
"8289","1","195176604","NOCA","87","2","1","0","1","2","44.3","2006-08-28","11:10","SNL","SM","C2","","FALSE","","","FALSE","FALSE","","","MBO","300","","","FMMP2006","","","","","","","","","","","","","","","","","","","","",NA,NA,NA,NA,NA,NA,NA,NA,NA,NA,NA,NA,NA,NA,NA,NA,NA,NA,NA,NA,NA,"","","","","","","","","","","","","","","","","","Banded","","","8/28/2006","",NA,NA,NA,NA,NA,NA,NA,NA,NA,NA,NA,NA,NA,NA,NA,NA,NA,NA,"",2006,"FMMP",35
"8300","1","195176605","NOCA","88","2","1","4","1","0","40","2006-08-29","07:40","SNL","CLS","C2","","FALSE","","","FALSE","FALSE","","","MBO","300","","","FMMP2006","","","","","","","","","","","","","","","","","","","","",NA,NA,NA,NA,NA,NA,NA,NA,NA,NA,NA,NA,NA,NA,NA,NA,NA,NA,NA,NA,NA,"","","","","","","","","","","","","","","","","","Banded","","","8/29/2006","",NA,NA,NA,NA,NA,NA,NA,NA,NA,NA,NA,NA,NA,NA,NA,NA,NA,NA,"",2006,"FMMP",35
"8532","1","195176616","NOCA","90","2","1","4","1","0","43.4","2006-09-06","08:30","SNL","SNL","K1","","FALSE","","","FALSE","FALSE","","","MBO","300","","","FMMP2006","","","","","","","","","","","","","","","","","","","","",NA,NA,NA,NA,NA,NA,NA,NA,NA,NA,NA,NA,NA,NA,NA,NA,NA,NA,NA,NA,NA,"","","","","","","","","","","","","","","","","","Banded","","","9/6/2006","",NA,NA,NA,NA,NA,NA,NA,NA,NA,NA,NA,NA,NA,NA,NA,NA,NA,NA,"",2006,"FMMP",36
"8807","R","195176605","NOCA","88","2","1","4","1","0","42.2","2006-09-12","09:30","MAH","SCM","N3","","FALSE","","","FALSE","FALSE","","","MBO","300","7","89","FMMP2006","","","","","","","","","","","","","","","","","","","","",NA,NA,NA,NA,NA,NA,NA,NA,NA,NA,NA,NA,NA,NA,NA,NA,NA,NA,NA,NA,NA,"","","","","","","","","","","","","","","","","","Repeat","","14","9/12/2006","",NA,NA,NA,NA,NA,NA,NA,NA,NA,NA,NA,NA,NA,NA,NA,NA,NA,NA,"",2006,"FMMP",37
"10594","1","195176647","NOCA","90","2","1","4","1","0","42.8","2006-10-15","10:40","MAH","NAC","D1","","FALSE","","","FALSE","FALSE","","","MBO","300","","","FMMP2006","","","","","","","","","","","","","","","","","","","","",NA,NA,NA,NA,NA,NA,NA,NA,NA,NA,NA,NA,NA,NA,NA,NA,NA,NA,NA,NA,NA,"","","","","","","","","","","","","","","","","4/17/2020 16:54","Banded","","","10/15/2006","",NA,NA,NA,NA,NA,NA,NA,NA,NA,NA,NA,NA,NA,NA,NA,NA,NA,NA,"",2006,"FMMP",42
"10913","1","195176648","NOCA","88","0","1","5","1","0","41.5","2006-10-20","09:10","MAH","LZB","D3","","FALSE","","","FALSE","FALSE","","","MBO","300","","","FMMP2006","","","","","","","","","","","","","","","","","","","","",NA,NA,NA,NA,NA,NA,NA,NA,NA,NA,NA,NA,NA,NA,NA,NA,NA,NA,NA,NA,NA,"","","","","","","","","","","","","","","","","","Banded","","","10/20/2006","",NA,NA,NA,NA,NA,NA,NA,NA,NA,NA,NA,NA,NA,NA,NA,NA,NA,NA,"",2006,"FMMP",42
"11006","1","195176651","NOCA","94","0","1","5","1","0","40","2006-10-22","09:20","MAG",NA,"A2","","FALSE","","","FALSE","FALSE","","","MBO","300","","","FMMP2006","","","","","","","","","","","","","","","","","","","","",NA,NA,NA,NA,NA,NA,NA,NA,NA,NA,NA,NA,NA,NA,NA,NA,NA,NA,NA,NA,NA,"","","","","","","","","","","","","","","","","","Banded","","","10/22/2006","",NA,NA,NA,NA,NA,NA,NA,NA,NA,NA,NA,NA,NA,NA,NA,NA,NA,NA,"",2006,"FMMP",43
"11174","1","195176652","NOCA","94","0","1","4","1","0","48","2006-11-19","11:20","MAG","VF","V4","","FALSE","","","FALSE","FALSE","","","MBO","300","","","WINTER2006-07","","","","","","","","","","","","","","","","","","","","",NA,NA,NA,NA,NA,NA,NA,NA,NA,NA,NA,NA,NA,NA,NA,NA,NA,NA,NA,NA,NA,"","","","","","","","","","","","","","","","","","Banded","","","11/19/2006","",NA,NA,NA,NA,NA,NA,NA,NA,NA,NA,NA,NA,NA,NA,NA,NA,NA,NA,"",2006,"WINT",47
"11176","R","195176605","NOCA","95","0","1","4","1","0","45.9","2006-11-19","11:50","MAG","CLS","V4","","FALSE","","","FALSE","FALSE","","","MBO","300","7","89","WINTER2006-07","","","","","","","","","","","","","","","","","","","","",NA,NA,NA,NA,NA,NA,NA,NA,NA,NA,NA,NA,NA,NA,NA,NA,NA,NA,NA,NA,NA,"","","","","","","","","","","","","","","","","","Repeat","","68","11/19/2006","",NA,NA,NA,NA,NA,NA,NA,NA,NA,NA,NA,NA,NA,NA,NA,NA,NA,NA,"",2006,"WINT",47
"11190","1","195176653","NOCA","87","0","1","5","1","1","41.9","2006-11-22","12:00","GEG","SG","V4","","FALSE","","","FALSE","FALSE","","","MBO","300","","","WINTER2006-07","","","","","","","","","","","","","","","","","","","","",NA,NA,NA,NA,NA,NA,NA,NA,NA,NA,NA,NA,NA,NA,NA,NA,NA,NA,NA,NA,NA,"","","","","","","","","","","","","","","","","","Banded","","","11/22/2006","",NA,NA,NA,NA,NA,NA,NA,NA,NA,NA,NA,NA,NA,NA,NA,NA,NA,NA,"",2006,"WINT",47
"11325","R","223100857","NOCA","89","1","1","5","1","2","43.3","2007-04-20","06:50","BF","BF","B3","","FALSE","","","FALSE","FALSE","0","0","MBO","300","7","89","SMMP2007","","","","","","","","","","","","","","","","","","","","",NA,NA,NA,NA,NA,NA,NA,NA,NA,NA,NA,NA,NA,NA,NA,NA,NA,NA,NA,NA,NA,"","","","","","","","","","","","","","","","","","Return","","249","4/20/2007","",NA,NA,NA,NA,NA,NA,NA,NA,NA,NA,NA,NA,NA,NA,NA,NA,NA,NA,"",2007,"SMMP",16
"11392","R","223100857","NOCA","91","1","1","5","B","2","46.1","2007-05-01","09:40","BF","BF","JT","","FALSE","","","FALSE","FALSE","0","0","MBO","300","7","89","SMMP2007","","","","","","","","","","","","","","","","","","","","",NA,NA,NA,NA,NA,NA,NA,NA,NA,NA,NA,NA,NA,NA,NA,NA,NA,NA,NA,NA,NA,"","","","","","","","","","","","","","","","","","Repeat","","11","5/1/2007","",NA,NA,NA,NA,NA,NA,NA,NA,NA,NA,NA,NA,NA,NA,NA,NA,NA,NA,"",2007,"SMMP",18
"11425","R","121258624","NOCA","99","1","1","4","1","1","45","2007-05-04","08:20","BF","BF","JT","","FALSE","","","FALSE","FALSE","0","0","MBO","300","7","89","SMMP2007","","","","","","","","","","","","","","","","","","","","",NA,NA,NA,NA,NA,NA,NA,NA,NA,NA,NA,NA,NA,NA,NA,NA,NA,NA,NA,NA,NA,"","","","","","","","","","","","","","","","","","Return","","273","5/4/2007","",NA,NA,NA,NA,NA,NA,NA,NA,NA,NA,NA,NA,NA,NA,NA,NA,NA,NA,"",2007,"SMMP",18
"11638","R","195176647","NOCA","94","5","1","4","1","1","41.1","2007-05-12","06:50","BF","MIF","JT","","FALSE","","","FALSE","FALSE","0","0","MBO","300","7","89","SMMP2007","","","","","","","","","","","","","","","","","","","","",NA,NA,NA,NA,NA,NA,NA,NA,NA,NA,NA,NA,NA,NA,NA,NA,NA,NA,NA,NA,NA,"","","","","","","","","","","","","","","","","","Return","","209","5/12/2007","",NA,NA,NA,NA,NA,NA,NA,NA,NA,NA,NA,NA,NA,NA,NA,NA,NA,NA,"",2007,"SMMP",19
"11824","R","195176605","NOCA","92","1","1","4","1","0","42.5","2007-05-20","08:30","MAH","CMA","JT","","FALSE","","","FALSE","FALSE","0","0","MBO","300","7","89","SMMP2007","","","","","","","","","","","","","","","","","","","","",NA,NA,NA,NA,NA,NA,NA,NA,NA,NA,NA,NA,NA,NA,NA,NA,NA,NA,NA,NA,NA,"","","","","","","","","","","","","","","","","","Return","","182","5/20/2007","",NA,NA,NA,NA,NA,NA,NA,NA,NA,NA,NA,NA,NA,NA,NA,NA,NA,NA,"",2007,"SMMP",20
"11913","R","121258624","NOCA","99","1","1","4","1","1","44.3","2007-05-22","09:30","MAH","HSL","JT","","FALSE","","","FALSE","FALSE","0","0","MBO","300","7","89","SMMP2007","","","","","","","","","","","","","","","","","","","","",NA,NA,NA,NA,NA,NA,NA,NA,NA,NA,NA,NA,NA,NA,NA,NA,NA,NA,NA,NA,NA,"","","","","","","","","","","","","","","","","","Repeat","","18","5/22/2007","",NA,NA,NA,NA,NA,NA,NA,NA,NA,NA,NA,NA,NA,NA,NA,NA,NA,NA,"",2007,"SMMP",21
"12169","R","195176647","NOCA","93","1","1","4","1","2","41.6","2007-06-01","07:10","MAH","GEG","JT","","FALSE","","","FALSE","FALSE","0","0","MBO","300","7","89","SMMP2007","","","","","","","","","","","","","","","","","","","","",NA,NA,NA,NA,NA,NA,NA,NA,NA,NA,NA,NA,NA,NA,NA,NA,NA,NA,NA,NA,NA,"","","","","","","","","","","","","","","","","4/18/2020 15:09","Repeat","","20","6/1/2007","",NA,NA,NA,NA,NA,NA,NA,NA,NA,NA,NA,NA,NA,NA,NA,NA,NA,NA,"",2007,"SMMP",22
"12299","1","223166103","NOCA","91","2","1","0","1","0","42.3","2007-08-02","08:10","MAH","MAH","H1","","FALSE","","","FALSE","FALSE","0","4","MBO","300","","","FMMP2007","","","","","","","","","","","","","","","","","","","","",NA,NA,NA,NA,NA,NA,NA,NA,NA,NA,NA,NA,NA,NA,NA,NA,NA,NA,NA,NA,NA,"","","","","","","","","","","","","","","","","","Banded","","","8/2/2007","",NA,NA,NA,NA,NA,NA,NA,NA,NA,NA,NA,NA,NA,NA,NA,NA,NA,NA,"",2007,"FMMP",31
"12318","R","121258624","NOCA","96","1","1","4","1","0","43.5","2007-08-03","08:10","MAH","SOC","B3","","FALSE","","","FALSE","FALSE","0","0","MBO","300","7","89","FMMP2007","","","","","","","","","","","","","","","","","","","","",NA,NA,NA,NA,NA,NA,NA,NA,NA,NA,NA,NA,NA,NA,NA,NA,NA,NA,NA,NA,NA,"","","","","","","","","","","","","","","","","","Repeat","","73","8/3/2007","",NA,NA,NA,NA,NA,NA,NA,NA,NA,NA,NA,NA,NA,NA,NA,NA,NA,NA,"",2007,"FMMP",31
"12526","R","121258624","NOCA","97","1","1","4","1","2","44.1","2007-08-09","06:50","MAH","SOC","B2","","FALSE","","","FALSE","FALSE","0","0","MBO","300","7","89","FMMP2007","","","","","","","","","","","","","","","","","","","","",NA,NA,NA,NA,NA,NA,NA,NA,NA,NA,NA,NA,NA,NA,NA,NA,NA,NA,NA,NA,NA,"","","","","","","","","","","","","","","","","","Repeat","","6","8/9/2007","",NA,NA,NA,NA,NA,NA,NA,NA,NA,NA,NA,NA,NA,NA,NA,NA,NA,NA,"",2007,"FMMP",32
"12609","1","123226370","NOCA","82","2","1","5","1","1","37.2","2007-08-12","08:30","BF","SCM","C2","","FALSE","","","FALSE","FALSE","0","0","MBO","300","","","FMMP2007","","","","","","","","","","","","","","","","","","","","",NA,NA,NA,NA,NA,NA,NA,NA,NA,NA,NA,NA,NA,NA,NA,NA,NA,NA,NA,NA,NA,"","","","","","","","","","","","","","","","","","Banded","","","8/12/2007","",NA,NA,NA,NA,NA,NA,NA,NA,NA,NA,NA,NA,NA,NA,NA,NA,NA,NA,"",2007,"FMMP",32
"12829","R","223100857","NOCA","91","1","1","5","B1","0","40.6","2007-08-23","07:00","MAG","GEG","B3","","FALSE","","","FALSE","FALSE","0","0","MBO","300","7","89","FMMP2007","","","","","","","","","","","","","","","","","","","","",NA,NA,NA,NA,NA,NA,NA,NA,NA,NA,NA,NA,NA,NA,NA,NA,NA,NA,NA,NA,NA,"","","","","","","","","","","","","","","","","","Return","","114","8/23/2007","",NA,NA,NA,NA,NA,NA,NA,NA,NA,NA,NA,NA,NA,NA,NA,NA,NA,NA,"",2007,"FMMP",34
"13168","R","223100897","NOCA","93","1","12","5","B","1","42.2","2007-09-06","09:40","BF","EID","C1","","FALSE","","","FALSE","FALSE","0","0","MBO","300","7","89","FMMP2007","","","","","","","","","","","","","","","","","","","","",NA,NA,NA,NA,NA,NA,NA,NA,NA,NA,NA,NA,NA,NA,NA,NA,NA,NA,NA,NA,NA,"","","","","","","","","","","","","","","","","","Return","","395","9/6/2007","",NA,NA,NA,NA,NA,NA,NA,NA,NA,NA,NA,NA,NA,NA,NA,NA,NA,NA,"",2007,"FMMP",36
"13216","R","123226370","NOCA","80","2","1","5","1","0","36.8","2007-09-08","07:40","BF","VC","C1","","FALSE","","","FALSE","FALSE","0","0","MBO","300","7","89","FMMP2007","","","","","","","","","","","","","","","","","","","","",NA,NA,NA,NA,NA,NA,NA,NA,NA,NA,NA,NA,NA,NA,NA,NA,NA,NA,NA,NA,NA,"","","","","","","","","","","","","","","","","","Repeat","","27","9/8/2007","",NA,NA,NA,NA,NA,NA,NA,NA,NA,NA,NA,NA,NA,NA,NA,NA,NA,NA,"",2007,"FMMP",36
"13390","R","121258624","NOCA","92","1","1","4","1","0","44.8","2007-09-13","10:10","GEG","MAH","N1","","FALSE","","","FALSE","FALSE","1","0","MBO","300","7","89","FMMP2007","","","","","","","","","","","","","","","","","","","","",NA,NA,NA,NA,NA,NA,NA,NA,NA,NA,NA,NA,NA,NA,NA,NA,NA,NA,NA,NA,NA,"","","","","","","","","","","","","","","","","","Repeat","","35","9/13/2007","",NA,NA,NA,NA,NA,NA,NA,NA,NA,NA,NA,NA,NA,NA,NA,NA,NA,NA,"",2007,"FMMP",37
"13418","R","123226370","NOCA","80","2","1","5","1","0","38.8","2007-09-14","10:40","BF","SOC","A2","","FALSE","","","FALSE","FALSE","0","0","MBO","300","7","89","FMMP2007","","","","","","","","","","","","","","","","","","","","",NA,NA,NA,NA,NA,NA,NA,NA,NA,NA,NA,NA,NA,NA,NA,NA,NA,NA,NA,NA,NA,"","","","","","","","","","","","","","","","","","Repeat","","6","9/14/2007","",NA,NA,NA,NA,NA,NA,NA,NA,NA,NA,NA,NA,NA,NA,NA,NA,NA,NA,"",2007,"FMMP",37
"13606","R","189189789","NOCA","88","1","1","5","1","0","45.8","2007-09-21","11:10","BF","HCH","E1","","FALSE","","","FALSE","FALSE","0","0","MBO","300","7","89","FMMP2007","","","","","","","","","","","","","","","","","","","","",NA,NA,NA,NA,NA,NA,NA,NA,NA,NA,NA,NA,NA,NA,NA,NA,NA,NA,NA,NA,NA,"","","","","","","","","","","","","","","","","","Return","","691","9/21/2007","",NA,NA,NA,NA,NA,NA,NA,NA,NA,NA,NA,NA,NA,NA,NA,NA,NA,NA,"",2007,"FMMP",38
"14556","1","223166186","NOCA","89","2","1","4","1","0","","2007-10-07","12:20","MAH","AK","C2","","FALSE","","","FALSE","FALSE","0","0","MBO","300","","","FMMP2007","","","","","","","","","","","","","","","","","","","","",NA,NA,NA,NA,NA,NA,NA,NA,NA,NA,NA,NA,NA,NA,NA,NA,NA,NA,NA,NA,NA,"","","","","","","","","","","","","","","","","","Banded","","","10/7/2007","",NA,NA,NA,NA,NA,NA,NA,NA,NA,NA,NA,NA,NA,NA,NA,NA,NA,NA,"",2007,"FMMP",40
"14880","1","123226470","NOCA","90","2","1","4","1","0","42","2007-10-11","08:00","BF","TG","C1","","FALSE","","","FALSE","FALSE","0","0","MBO","300","","","FMMP2007","","","","","","","","","","","","","","","","","","","","",NA,NA,NA,NA,NA,NA,NA,NA,NA,NA,NA,NA,NA,NA,NA,NA,NA,NA,NA,NA,NA,"","","","","","","","","","","","","","","","","","Banded","","","10/11/2007","",NA,NA,NA,NA,NA,NA,NA,NA,NA,NA,NA,NA,NA,NA,NA,NA,NA,NA,"",2007,"FMMP",41
"14913","1","123226473","NOCA","92","2","21","4","1","0","40.1","2007-10-11","09:40","BF","TG","H1","","FALSE","","","FALSE","FALSE","0","0","MBO","300","","","FMMP2007","","","","","","","","","","","","","","","","","","","","",NA,NA,NA,NA,NA,NA,NA,NA,NA,NA,NA,NA,NA,NA,NA,NA,NA,NA,NA,NA,NA,"","","","","","","","","","","","","","","","","","Banded","","","10/11/2007","",NA,NA,NA,NA,NA,NA,NA,NA,NA,NA,NA,NA,NA,NA,NA,NA,NA,NA,"",2007,"FMMP",41
"15050","R","195176605","NOCA","94","1","1","4","1","1","34","2007-10-14","09:30","BF","SMZ","D2","","FALSE","","","FALSE","FALSE","0","0","MBO","300","7","89","FMMP2007","","","","","","","","","","","","","","","","","","","","",NA,NA,NA,NA,NA,NA,NA,NA,NA,NA,NA,NA,NA,NA,NA,NA,NA,NA,NA,NA,NA,"","","","","","","","","","","","","","","","","","Return","","147","10/14/2007","",NA,NA,NA,NA,NA,NA,NA,NA,NA,NA,NA,NA,NA,NA,NA,NA,NA,NA,"",2007,"FMMP",41
"15629","R","223100857","NOCA","92","0","1","5","1","0","42.6","2007-10-25","07:30","GEG","DAD","H2","","FALSE","","","FALSE","FALSE","0","0","MBO","300","7","89","FMMP2007","","","","","","","","","","","","","","","","","","","","",NA,NA,NA,NA,NA,NA,NA,NA,NA,NA,NA,NA,NA,NA,NA,NA,NA,NA,NA,NA,NA,"","","","","","","","","","","","","","","","","","Repeat","","63","10/25/2007","",NA,NA,NA,NA,NA,NA,NA,NA,NA,NA,NA,NA,NA,NA,NA,NA,NA,NA,"",2007,"FMMP",43
"15655","1","195151354","NOCA","88","0","1","5","1","0","38.1","2007-10-25","10:00","GEG","GJR","E1","","FALSE","","","FALSE","FALSE","0","0","MBO","300","","","FMMP2007","","","","","","","","","","","","","","","","","","","","",NA,NA,NA,NA,NA,NA,NA,NA,NA,NA,NA,NA,NA,NA,NA,NA,NA,NA,NA,NA,NA,"","","","","","","","","","","","","","","","","","Banded","","","10/25/2007","",NA,NA,NA,NA,NA,NA,NA,NA,NA,NA,NA,NA,NA,NA,NA,NA,NA,NA,"",2007,"FMMP",43
"15664","R","123226370","NOCA","88","0","1","5","1","1","42","2007-10-25","11:50","MAH","DAD","N1","","FALSE","","","FALSE","FALSE","0","0","MBO","300","7","89","FMMP2007","","","","","","","","","","","","","","","","","","","","",NA,NA,NA,NA,NA,NA,NA,NA,NA,NA,NA,NA,NA,NA,NA,NA,NA,NA,NA,NA,NA,"","","","","","","","","","","","","","","","","","Repeat","","41","10/25/2007","",NA,NA,NA,NA,NA,NA,NA,NA,NA,NA,NA,NA,NA,NA,NA,NA,NA,NA,"",2007,"FMMP",43
"15690","1","195151357","NOCA","94","0","1","4","1","0","42.8","2007-10-28","10:10","MAH","MMK","N3","","FALSE","","","FALSE","FALSE","0","0","MBO","300","","","FMMP2007","","","","","","","","","","","","","","","","","","","","",NA,NA,NA,NA,NA,NA,NA,NA,NA,NA,NA,NA,NA,NA,NA,NA,NA,NA,NA,NA,NA,"","","","","","","","","","","","","","","","","","Banded","","","10/28/2007","",NA,NA,NA,NA,NA,NA,NA,NA,NA,NA,NA,NA,NA,NA,NA,NA,NA,NA,"",2007,"FMMP",43
"17008","R","195176605","NOCA","93","1","1","4","1","1","43.5","2008-08-04","07:10","BF","NCF","N3","","FALSE","","","FALSE","FALSE","0","0","MBO","300","7","89","FMMP2008","","","","","","","","","","","","","","","","","","","","",NA,NA,NA,NA,NA,NA,NA,NA,NA,NA,NA,NA,NA,NA,NA,NA,NA,NA,NA,NA,NA,"","","","","","","","","","","","","","","","","","Return","","295","8/4/2008","",NA,NA,NA,NA,NA,NA,NA,NA,NA,NA,NA,NA,NA,NA,NA,NA,NA,NA,"",2008,"FMMP",31
"17023","1","223166207","NOCA","85","1","21","4","1","0","42","2008-08-04","10:00","GEG","NCF","H2","","FALSE","","","FALSE","FALSE","0","0","MBO","300","","","FMMP2008","","","","","","","","","","","","","","","","","","","","",NA,NA,NA,NA,NA,NA,NA,NA,NA,NA,NA,NA,NA,NA,NA,NA,NA,NA,NA,NA,NA,"","","","","","","","","","","","","","","","","","Banded","","","8/4/2008","",NA,NA,NA,NA,NA,NA,NA,NA,NA,NA,NA,NA,NA,NA,NA,NA,NA,NA,"",2008,"FMMP",31
"17077","R","223166207","NOCA","86","1","1","4","1","0","40","2008-08-07","06:00","GEG","MAH","N1","","FALSE","","","FALSE","FALSE","5","0","MBO","300","7","89","FMMP2008","","","","","","","","","","","","","","","","","","","","",NA,NA,NA,NA,NA,NA,NA,NA,NA,NA,NA,NA,NA,NA,NA,NA,NA,NA,NA,NA,NA,"","","","","","","","","","","","","","","","","","Repeat","","3","8/7/2008","",NA,NA,NA,NA,NA,NA,NA,NA,NA,NA,NA,NA,NA,NA,NA,NA,NA,NA,"",2008,"FMMP",32
"17139","1","223166236","NOCA","88","4","1","0","1","1","37.2","2008-08-09","07:20","BF","SOC","D1","","FALSE","","","FALSE","FALSE","0","0","MBO","300","","","FMMP2008","","","","","","","","","","","","","","","","","","","","",NA,NA,NA,NA,NA,NA,NA,NA,NA,NA,NA,NA,NA,NA,NA,NA,NA,NA,NA,NA,NA,"","","","","","","","","","","","","","","","","","Banded","","","8/9/2008","",NA,NA,NA,NA,NA,NA,NA,NA,NA,NA,NA,NA,NA,NA,NA,NA,NA,NA,"",2008,"FMMP",32
"17456","1","223166271","NOCA","86","1","21","5","B1","0","45","2008-08-17","10:10","MAH","AAD","E1","","FALSE","","","FALSE","FALSE","0","0","MBO","300","","","FMMP2008","","","","","","","","","","","","","","","","","","","","",NA,NA,NA,NA,NA,NA,NA,NA,NA,NA,NA,NA,NA,NA,NA,NA,NA,NA,NA,NA,NA,"","","","","","","","","","","","","","","","","","Banded","","","8/17/2008","",NA,NA,NA,NA,NA,NA,NA,NA,NA,NA,NA,NA,NA,NA,NA,NA,NA,NA,"",2008,"FMMP",33
"21666","1","173102827","NOCA","88","1","2B","5","1","0","42.2","2008-10-09","08:40","JHJ","GK","B3","","FALSE","","","FALSE","FALSE","0","0","MBO","300","","","FMMP2008","","","","","","","","","","","","","","","","","","","","",NA,NA,NA,NA,NA,NA,NA,NA,NA,NA,NA,NA,NA,NA,NA,NA,NA,NA,NA,NA,NA,"","","","","","","","","","","","","","","","","","Banded","","","10/9/2008","",NA,NA,NA,NA,NA,NA,NA,NA,NA,NA,NA,NA,NA,NA,NA,NA,NA,NA,"",2008,"FMMP",41
"21941","1","173102828","NOCA","90","2","1B","4","1","0","41.7","2008-10-11","10:10","JHJ","ASD","C2","","FALSE","","","FALSE","FALSE","0","0","MBO","300","","","FMMP2008","","","","","","","","","","","","","","","","","","","","",NA,NA,NA,NA,NA,NA,NA,NA,NA,NA,NA,NA,NA,NA,NA,NA,NA,NA,NA,NA,NA,"","","","","","","","","","","","","","","","","","Banded","","","10/11/2008","",NA,NA,NA,NA,NA,NA,NA,NA,NA,NA,NA,NA,NA,NA,NA,NA,NA,NA,"",2008,"FMMP",41
"21942","R","195176605","NOCA","93","1","B","4","1","0","45.4","2008-10-11","10:10","JHJ","asd","c2","","FALSE","","","FALSE","FALSE","0","0","MBO","300","7","89","FMMP2008","","","","","","","","","","","","","","","","","","","","",NA,NA,NA,NA,NA,NA,NA,NA,NA,NA,NA,NA,NA,NA,NA,NA,NA,NA,NA,NA,NA,"","","","","","","","","","","","","","","","","","Repeat","","68","10/11/2008","",NA,NA,NA,NA,NA,NA,NA,NA,NA,NA,NA,NA,NA,NA,NA,NA,NA,NA,"",2008,"FMMP",41
"22059","1","173102829","NOCA","90","2","1B","4","1","0","44.7","2008-10-12","10:50","JHJ","GDA","H2","","FALSE","","","FALSE","FALSE","0","0","MBO","300","","","FMMP2008","","","","","","","","","","","","","","","","","","","","",NA,NA,NA,NA,NA,NA,NA,NA,NA,NA,NA,NA,NA,NA,NA,NA,NA,NA,NA,NA,NA,"","","","","","","","","","","","","","","","","","Banded","","","10/12/2008","",NA,NA,NA,NA,NA,NA,NA,NA,NA,NA,NA,NA,NA,NA,NA,NA,NA,NA,"",2008,"FMMP",41
"22364","1","173102830","NOCA","90","1","1B","5","1","0","44.1","2008-10-15","10:30","JHJ","TTG","B2","","FALSE","","","FALSE","FALSE","0","0","MBO","300","","","FMMP2008","","","","","","","","","","","","","","","","","","","","",NA,NA,NA,NA,NA,NA,NA,NA,NA,NA,NA,NA,NA,NA,NA,NA,NA,NA,NA,NA,NA,"","","","","","","","","","","","","","","","","","Banded","","","10/15/2008","",NA,NA,NA,NA,NA,NA,NA,NA,NA,NA,NA,NA,NA,NA,NA,NA,NA,NA,"",2008,"FMMP",42
"22660","R","173102827","NOCA","87","0","1","5","1","1","43.4","2008-10-23","09:10","MMK","GK","c2","","FALSE","","","FALSE","FALSE","0","0","MBO","300","7","89","FMMP2008","","","","","","","","","","","","","","","","","","","","",NA,NA,NA,NA,NA,NA,NA,NA,NA,NA,NA,NA,NA,NA,NA,NA,NA,NA,NA,NA,NA,"","","","","","","","","","","","","","","","","","Repeat","","14","10/23/2008","",NA,NA,NA,NA,NA,NA,NA,NA,NA,NA,NA,NA,NA,NA,NA,NA,NA,NA,"",2008,"FMMP",43
"22839","R","223166207","NOCA","93","1","1","4","1","1","43.2","2008-10-27","09:40","KLK","VSC","E2","","FALSE","","","FALSE","FALSE","0","0","MBO","300","7","89","FMMP2008","","","","","","","","","","","","","","","","","","","","",NA,NA,NA,NA,NA,NA,NA,NA,NA,NA,NA,NA,NA,NA,NA,NA,NA,NA,NA,NA,NA,"","","","","","","","","","","","","","","","","","Repeat","","81","10/27/2008","",NA,NA,NA,NA,NA,NA,NA,NA,NA,NA,NA,NA,NA,NA,NA,NA,NA,NA,"",2008,"FMMP",43
"22948","R","173102829","NOCA","93","1","1","4","1","2","46.7","2009-03-10","11:20","MAH","GEG","V3","","FALSE","","","FALSE","FALSE","0","0","MBO","300","7","89","WINTER2008-09","","","","","","","","","","","","","","","","","","","","",NA,NA,NA,NA,NA,NA,NA,NA,NA,NA,NA,NA,NA,NA,NA,NA,NA,NA,NA,NA,NA,"","","","","","","","","","","","","","","","","","Return","","149","3/10/2009","",NA,NA,NA,NA,NA,NA,NA,NA,NA,NA,NA,NA,NA,NA,NA,NA,NA,NA,"",2009,"WINT",10
"22966","1","189191332","NOCA","96","1","1","4","1","0","42.8","2009-03-15","10:40","GEG","TTG","V2","","FALSE","","","FALSE","FALSE","0","0","MBO","300","","","WINTER2008-09","","","","","","","","","","","","","","","","","","","","",NA,NA,NA,NA,NA,NA,NA,NA,NA,NA,NA,NA,NA,NA,NA,NA,NA,NA,NA,NA,NA,"","","","","","","","","","","","","","","","","","Banded","","","3/15/2009","",NA,NA,NA,NA,NA,NA,NA,NA,NA,NA,NA,NA,NA,NA,NA,NA,NA,NA,"",2009,"WINT",11
"22990","1","173102831","NOCA","94","1","1","5","1","0","42.3","2009-04-19","08:30","SID","DDA","D3","","FALSE","","","FALSE","FALSE","0","0","MBO","300","","","SMMP2009","","","","","","","","","","","","","","","","","","","","",NA,NA,NA,NA,NA,NA,NA,NA,NA,NA,NA,NA,NA,NA,NA,NA,NA,NA,NA,NA,NA,"","","","","","","","","","","","","","","","","","Banded","","","4/19/2009","",NA,NA,NA,NA,NA,NA,NA,NA,NA,NA,NA,NA,NA,NA,NA,NA,NA,NA,"",2009,"SMMP",16
"23017","1","173102832","NOCA","91","5","1","4","1","1","42.8","2009-04-23","07:20","MAH","BED","D2","","FALSE","","","FALSE","FALSE","0","0","MBO","300","","","SMMP2009","","","","","","","","","","","","","","","","","","","","",NA,NA,NA,NA,NA,NA,NA,NA,NA,NA,NA,NA,NA,NA,NA,NA,NA,NA,NA,NA,NA,"","","","","","","","","","","","","","","","","","Banded","","","4/23/2009","",NA,NA,NA,NA,NA,NA,NA,NA,NA,NA,NA,NA,NA,NA,NA,NA,NA,NA,"",2009,"SMMP",17
"23025","1","173102833","NOCA","89","1","1","4","1","0","41.6","2009-04-23","10:20","MAH","VIA","C2","","FALSE","","","FALSE","FALSE","0","0","MBO","300","","","SMMP2009","","","","","","","","","","","","","","","","","","","","",NA,NA,NA,NA,NA,NA,NA,NA,NA,NA,NA,NA,NA,NA,NA,NA,NA,NA,NA,NA,NA,"","","","","","","","","","","","","","","","","","Banded","","","4/23/2009","",NA,NA,NA,NA,NA,NA,NA,NA,NA,NA,NA,NA,NA,NA,NA,NA,NA,NA,"",2009,"SMMP",17
"23152","R","173102832","NOCA","91","5","1","4","1","1","42.1","2009-04-30","08:00","MAH","VIA","D3","","FALSE","","","FALSE","FALSE","0","0","MBO","300","7","89","SMMP2009","","","","","","","","","","","","","","","","","","","","",NA,NA,NA,NA,NA,NA,NA,NA,NA,NA,NA,NA,NA,NA,NA,NA,NA,NA,NA,NA,NA,"","","","","","","","","","","","","","","","","","Repeat","","7","4/30/2009","",NA,NA,NA,NA,NA,NA,NA,NA,NA,NA,NA,NA,NA,NA,NA,NA,NA,NA,"",2009,"SMMP",18
"23165","1","173102834","NOCA","94","1","1","4","1","0","42.9","2009-05-02","08:50","GEG","BED","A1","","FALSE","","","FALSE","FALSE","0","0","MBO","300","","","SMMP2009","","","","","","","","","","","","","","","","","","","","",NA,NA,NA,NA,NA,NA,NA,NA,NA,NA,NA,NA,NA,NA,NA,NA,NA,NA,NA,NA,NA,"","","","","","","","","","","","","","","","","","Banded","","","5/2/2009","",NA,NA,NA,NA,NA,NA,NA,NA,NA,NA,NA,NA,NA,NA,NA,NA,NA,NA,"",2009,"SMMP",18
"23331","R","223166207","NOCA","91","1","1","4","1","1","41.7","2009-05-13","06:40","MAH","NCF","B2","","FALSE","","","FALSE","FALSE","0","0","MBO","300","7","89","SMMP2009","","","","","","","","","","","","","","","","","","","","",NA,NA,NA,NA,NA,NA,NA,NA,NA,NA,NA,NA,NA,NA,NA,NA,NA,NA,NA,NA,NA,"","","","","","","","","","","","","","","","","","Return","","198","5/13/2009","",NA,NA,NA,NA,NA,NA,NA,NA,NA,NA,NA,NA,NA,NA,NA,NA,NA,NA,"",2009,"SMMP",19
"23811","R","173102828","NOCA","92","1","1","4","1","0","40.4","2009-05-22","10:30","GEG","MMK","C2","","FALSE","","","FALSE","FALSE","0","0","MBO","300","7","89","SMMP2009","","","","","","","","","","","","","","","","","","","","",NA,NA,NA,NA,NA,NA,NA,NA,NA,NA,NA,NA,NA,NA,NA,NA,NA,NA,NA,NA,NA,"","","","","","","","","","","","","","","","","","Return","","223","5/22/2009","",NA,NA,NA,NA,NA,NA,NA,NA,NA,NA,NA,NA,NA,NA,NA,NA,NA,NA,"",2009,"SMMP",21
"23817","R","223166207","NOCA","90","1","1","4","1","0","40.7","2009-05-22","10:50","GEG","MMK","C2","","FALSE","","","FALSE","FALSE","0","0","MBO","300","7","89","SMMP2009","","","","","","","","","","","","","","","","","","","","",NA,NA,NA,NA,NA,NA,NA,NA,NA,NA,NA,NA,NA,NA,NA,NA,NA,NA,NA,NA,NA,"","","","","","","","","","","","","","","","","","Repeat","","9","5/22/2009","",NA,NA,NA,NA,NA,NA,NA,NA,NA,NA,NA,NA,NA,NA,NA,NA,NA,NA,"",2009,"SMMP",21
"24158","1","173102835","NOCA","89","1","1","5","B1","1","43.8","2009-06-06","11:00","GEG","GGB","M1","","FALSE","","","FALSE","FALSE","0","0","MBO","300","","","MAPS2009","","","","","","","","","","","","","","","","","","","","",NA,NA,NA,NA,NA,NA,NA,NA,NA,NA,NA,NA,NA,NA,NA,NA,NA,NA,NA,NA,NA,"","","","","","","","","","","","","","","","","","Banded","","","6/6/2009","",NA,NA,NA,NA,NA,NA,NA,NA,NA,NA,NA,NA,NA,NA,NA,NA,NA,NA,"",2009,"MAPS",23
"24165","R","173102835","NOCA","87","1","1","5","1","0","44.7","2009-06-14","06:00","SID","","M4","","FALSE","","","FALSE","FALSE","0","0","MBO","300","7","89","MAPS2009","","","","","","","","","","","","","","","","","","","","",NA,NA,NA,NA,NA,NA,NA,NA,NA,NA,NA,NA,NA,NA,NA,NA,NA,NA,NA,NA,NA,"","","","","","","","","","","","","","","","","","Repeat","","8","6/14/2009","",NA,NA,NA,NA,NA,NA,NA,NA,NA,NA,NA,NA,NA,NA,NA,NA,NA,NA,"",2009,"MAPS",24
"24528","R","173102831","NOCA","94","1","1","5","1","0","42.7","2009-08-04","11:10","MAG","","M8","","FALSE","","","FALSE","FALSE","0","0","MBO","300","7","89","MAPS2009","","","","","","","","","","","","","","","","","","","","",NA,NA,NA,NA,NA,NA,NA,NA,NA,NA,NA,NA,NA,NA,NA,NA,NA,NA,NA,NA,NA,"","","","","","","","","","","","","","","","","","Return","","107","8/4/2009","",NA,NA,NA,NA,NA,NA,NA,NA,NA,NA,NA,NA,NA,NA,NA,NA,NA,NA,"",2009,"MAPS",31
"24545","R","173102827","NOCA","85","1","1","5","B1","0","44.7","2009-08-05","09:10","SID","MAG","N1","","FALSE","","","FALSE","FALSE","0","0","MBO","300","7","89","FMMP2009","","","","","","","","","","","","","","","","","","","","",NA,NA,NA,NA,NA,NA,NA,NA,NA,NA,NA,NA,NA,NA,NA,NA,NA,NA,NA,NA,NA,"","","","","","","","","","","","","","","","","","Return","","286","8/5/2009","",NA,NA,NA,NA,NA,NA,NA,NA,NA,NA,NA,NA,NA,NA,NA,NA,NA,NA,"",2009,"FMMP",31
"24553","1","189191450","NOCA","88","2","31","0","1","0","37.4","2009-08-06","06:30","MAG","GGB","C1","","FALSE","","","FALSE","FALSE","0","0","MBO","300","","","FMMP2009","","","","","","","","","","","","","","","","","","","","",NA,NA,NA,NA,NA,NA,NA,NA,NA,NA,NA,NA,NA,NA,NA,NA,NA,NA,NA,NA,NA,"","","","","","","","","","","","","","","","","","Banded","","","8/6/2009","",NA,NA,NA,NA,NA,NA,NA,NA,NA,NA,NA,NA,NA,NA,NA,NA,NA,NA,"",2009,"FMMP",32
"24669","R","173102827","NOCA","86","1","1","5","B1","0","44.5","2009-08-09","10:50","MAG","MAG","C2","","FALSE","","","FALSE","FALSE","0","0","MBO","300","7","89","FMMP2009","","","","","","","","","","","","","","","","","","","","",NA,NA,NA,NA,NA,NA,NA,NA,NA,NA,NA,NA,NA,NA,NA,NA,NA,NA,NA,NA,NA,"","","","","","","","","","","","","","","","","","Repeat","","4","8/9/2009","",NA,NA,NA,NA,NA,NA,NA,NA,NA,NA,NA,NA,NA,NA,NA,NA,NA,NA,"",2009,"FMMP",32
"24732","R","173102828","NOCA","95","1","1","4","1","0","42.5","2009-08-12","08:50","SID","MAG","B3","","FALSE","","","FALSE","FALSE","0","0","MBO","300","7","89","FMMP2009","","","","","","","","","","","","","","","","","","","","",NA,NA,NA,NA,NA,NA,NA,NA,NA,NA,NA,NA,NA,NA,NA,NA,NA,NA,NA,NA,NA,"","","","","","","","","","","","","","","","","","Repeat","","82","8/12/2009","",NA,NA,NA,NA,NA,NA,NA,NA,NA,NA,NA,NA,NA,NA,NA,NA,NA,NA,"",2009,"FMMP",32
"24839","1","189191481","NOCA","88","1","1","5","B1","0","42.9","2009-08-16","10:40","MAG","TTG","B3","","FALSE","","","FALSE","FALSE","0","0","MBO","300","","","FMMP2009","","","","","","","","","","","","","","","","","","","","",NA,NA,NA,NA,NA,NA,NA,NA,NA,NA,NA,NA,NA,NA,NA,NA,NA,NA,NA,NA,NA,"","","","","","","","","","","","","","","","","","Banded","","","8/16/2009","",NA,NA,NA,NA,NA,NA,NA,NA,NA,NA,NA,NA,NA,NA,NA,NA,NA,NA,"",2009,"FMMP",33
"25038","R","223166207","NOCA","89","1","1","4","1","0","41","2009-08-22","07:50","SID","MAG","B2","","FALSE","","","FALSE","FALSE","0","0","MBO","300","7","89","FMMP2009","","","","","","","","","","","","","","","","","","","","",NA,NA,NA,NA,NA,NA,NA,NA,NA,NA,NA,NA,NA,NA,NA,NA,NA,NA,NA,NA,NA,"","","","","","","","","","","","","","","","","","Return","","92","8/22/2009","",NA,NA,NA,NA,NA,NA,NA,NA,NA,NA,NA,NA,NA,NA,NA,NA,NA,NA,"",2009,"FMMP",34
"25197","R","223166207","NOCA","91","1","1","4","1","0","39.9","2009-08-27","08:40","MAG","MAG","B3","","FALSE","","","FALSE","FALSE","0","0","MBO","300","7","89","FMMP2009","","","","","","","","","","","","","","","","","","","","",NA,NA,NA,NA,NA,NA,NA,NA,NA,NA,NA,NA,NA,NA,NA,NA,NA,NA,NA,NA,NA,"","","","","","","","","","","","","","","","","","Repeat","","5","8/27/2009","",NA,NA,NA,NA,NA,NA,NA,NA,NA,NA,NA,NA,NA,NA,NA,NA,NA,NA,"",2009,"FMMP",35
"25491","1","173102836","NOCA","81","2","1","0","1","0","36.9","2009-09-07","07:30","GEG","FM","B2","","FALSE","","","FALSE","FALSE","0","4","MBO","300","","","FMMP2009","","","","","","","","","","","","","","","","","","","","",NA,NA,NA,NA,NA,NA,NA,NA,NA,NA,NA,NA,NA,NA,NA,NA,NA,NA,NA,NA,NA,"","","","","","","","","","","","","","","","","","Banded","","","9/7/2009","",NA,NA,NA,NA,NA,NA,NA,NA,NA,NA,NA,NA,NA,NA,NA,NA,NA,NA,"",2009,"FMMP",36
"25498","R","173102833","NOCA","90","1","1","4","1","0","42.2","2009-09-07","08:40","GEG","CLB","N3","","FALSE","","","FALSE","FALSE","0","0","MBO","300","7","89","FMMP2009","","","","","","","","","","","","","","","","","","","","",NA,NA,NA,NA,NA,NA,NA,NA,NA,NA,NA,NA,NA,NA,NA,NA,NA,NA,NA,NA,NA,"","","","","","","","","","","","","","","","","","Return","","137","9/7/2009","",NA,NA,NA,NA,NA,NA,NA,NA,NA,NA,NA,NA,NA,NA,NA,NA,NA,NA,"",2009,"FMMP",36
"26127","R","173102828","NOCA","93","1","1","4","1","0","42.7","2009-09-25","11:40","SID","NCF","B3","","FALSE","","","FALSE","FALSE","0","0","MBO","300","7","89","FMMP2009","","","","","","","","","","","","","","","","","","","","",NA,NA,NA,NA,NA,NA,NA,NA,NA,NA,NA,NA,NA,NA,NA,NA,NA,NA,NA,NA,NA,"","","","","","","","","","","","","","","","","","Repeat","","44","9/25/2009","",NA,NA,NA,NA,NA,NA,NA,NA,NA,NA,NA,NA,NA,NA,NA,NA,NA,NA,"",2009,"FMMP",39
"26391","1","189191027","NOCA","91","2","1","4","1","0","45.2","2009-09-30","10:30","SID","TTG","D4","","FALSE","","","FALSE","FALSE","0","0","MBO","300","","","FMMP2009","","","","","","","","","","","","","","","","","","","","",NA,NA,NA,NA,NA,NA,NA,NA,NA,NA,NA,NA,NA,NA,NA,NA,NA,NA,NA,NA,NA,"","","","","","","","","","","","","","","","","","Banded","","","9/30/2009","",NA,NA,NA,NA,NA,NA,NA,NA,NA,NA,NA,NA,NA,NA,NA,NA,NA,NA,"",2009,"FMMP",39
"27696","1","189191043","NOCA","92","2","31","5","1","0","43.9","2009-10-18","11:40","MAG","MLM","A2","","FALSE","","","FALSE","FALSE","0","0","MBO","300","","","FMMP2009","","","","","","","","","","","","","","","","","","","","",NA,NA,NA,NA,NA,NA,NA,NA,NA,NA,NA,NA,NA,NA,NA,NA,NA,NA,NA,NA,NA,"","","","","","","","","","","","","","","","","","Banded","","","10/18/2009","",NA,NA,NA,NA,NA,NA,NA,NA,NA,NA,NA,NA,NA,NA,NA,NA,NA,NA,"",2009,"FMMP",42
"28164","R","189191027","NOCA","93","2","1","4","1","0","46.4","2009-10-26","12:00","GEG","MNM","C2","","FALSE","","","FALSE","FALSE","0","0","MBO","300","7","89","FMMP2009","","","","","","","","","","","","","","","","","","","","",NA,NA,NA,NA,NA,NA,NA,NA,NA,NA,NA,NA,NA,NA,NA,NA,NA,NA,NA,NA,NA,"","","","","","","","","","","","","","","","","","Repeat","","26","10/26/2009","",NA,NA,NA,NA,NA,NA,NA,NA,NA,NA,NA,NA,NA,NA,NA,NA,NA,NA,"",2009,"FMMP",43
"28172","1","189191064","NOCA","86","2","1","4","1","0","40.6","2009-10-26","12:50","GEG","CLB","H2","","FALSE","","","FALSE","FALSE","0","0","MBO","300","","","FMMP2009","","","","","","","","","","","","","","","","","","","","",NA,NA,NA,NA,NA,NA,NA,NA,NA,NA,NA,NA,NA,NA,NA,NA,NA,NA,NA,NA,NA,"","","","","","","","","","","","","","","","","","Banded","","","10/26/2009","",NA,NA,NA,NA,NA,NA,NA,NA,NA,NA,NA,NA,NA,NA,NA,NA,NA,NA,"",2009,"FMMP",43
"28237","1","189191066","NOCA","92","0","12","5","1","0","41.4","2009-10-27","09:40","MAG","AMO","N1","","FALSE","","","FALSE","FALSE","0","0","MBO","300","","","FMMP2009","","","","","","","","","","","","","","","","","","","","",NA,NA,NA,NA,NA,NA,NA,NA,NA,NA,NA,NA,NA,NA,NA,NA,NA,NA,NA,NA,NA,"","","","","","","","","","","","","","","","","","Banded","","","10/27/2009","",NA,NA,NA,NA,NA,NA,NA,NA,NA,NA,NA,NA,NA,NA,NA,NA,NA,NA,"",2009,"FMMP",43
"28383","R","189191043","NOCA","91","2","1","5","1","0","41.8","2009-10-29","11:40","SID","MDL","C1","","FALSE","","","FALSE","FALSE","0","0","MBO","300","7","89","FMMP2009","","","","","","","","","","","","","","","","","","","","",NA,NA,NA,NA,NA,NA,NA,NA,NA,NA,NA,NA,NA,NA,NA,NA,NA,NA,NA,NA,NA,"","","","","","","","","","","","","","","","","","Repeat","","11","10/29/2009","",NA,NA,NA,NA,NA,NA,NA,NA,NA,NA,NA,NA,NA,NA,NA,NA,NA,NA,"",2009,"FMMP",44
"28499","1","189191076","NOCA","92","2","1","4","1","0","45.2","2009-11-01","10:00","MAG","JEF","N1","","FALSE","","","FALSE","FALSE","0","0","MBO","300","","","WINTER2009-10","","","","","","","","","","","","","","","","","","","","",NA,NA,NA,NA,NA,NA,NA,NA,NA,NA,NA,NA,NA,NA,NA,NA,NA,NA,NA,NA,NA,"","","","","","","","","","","","","","","","","","Banded","","","11/1/2009","",NA,NA,NA,NA,NA,NA,NA,NA,NA,NA,NA,NA,NA,NA,NA,NA,NA,NA,"",2009,"WINT",44
"28645","1","189191084","NOCA","90","2","1","4","1","0","43.8","2009-11-18","12:00","SID","MAG","V3","","FALSE","","","FALSE","FALSE","0","0","MBO","300","","","WINTER2009-10","","","","","","","","","","","","","","","","","","","","",NA,NA,NA,NA,NA,NA,NA,NA,NA,NA,NA,NA,NA,NA,NA,NA,NA,NA,NA,NA,NA,"","","","","","","","","","","","","","","","","","Banded","","","11/18/2009","",NA,NA,NA,NA,NA,NA,NA,NA,NA,NA,NA,NA,NA,NA,NA,NA,NA,NA,"",2009,"WINT",46
"28815","1","189191086","NOCA","91","1","1","5","1","0","46.9","2010-01-21","09:40","SID","GEG","V3","","FALSE","","","FALSE","FALSE","0","0","MBO","300","","","WINTER2009-10","","","","","","","","","","","","","","","","","","","","",NA,NA,NA,NA,NA,NA,NA,NA,NA,NA,NA,NA,NA,NA,NA,NA,NA,NA,NA,NA,NA,"","","","","","","","","","","","","","","","","","Banded","","","1/21/2010","",NA,NA,NA,NA,NA,NA,NA,NA,NA,NA,NA,NA,NA,NA,NA,NA,NA,NA,"",2010,"WINT",3
"28820","1","189191087","NOCA","90","1","1","5","1","2","45.7","2010-01-21","11:10","GEG","SID","V2","","FALSE","","","FALSE","FALSE","0","0","MBO","300","","","WINTER2009-10","","","","","","","","","","","","","","","","","","","","",NA,NA,NA,NA,NA,NA,NA,NA,NA,NA,NA,NA,NA,NA,NA,NA,NA,NA,NA,NA,NA,"","","","","","","","","","","","","","","","","","Banded","","","1/21/2010","",NA,NA,NA,NA,NA,NA,NA,NA,NA,NA,NA,NA,NA,NA,NA,NA,NA,NA,"",2010,"WINT",3
"28981","R","189191481","NOCA","88","1","1","5","1","0","40.5","2010-04-18","08:00","GEG","CLB","B3","","FALSE","","","FALSE","FALSE","0","0","MBO","300","7","89","SMMP2010","","","","","","","","","","","","","","","","","","","","",NA,NA,NA,NA,NA,NA,NA,NA,NA,NA,NA,NA,NA,NA,NA,NA,NA,NA,NA,NA,NA,"","","","","","","","","","","","","","","","","","Return","","245","4/18/2010","",NA,NA,NA,NA,NA,NA,NA,NA,NA,NA,NA,NA,NA,NA,NA,NA,NA,NA,"",2010,"SMMP",16
"29753","R","173102827","NOCA","86","1","1","5","1B","0","45.5","2010-05-25","09:40","SID","AAD","B2","","FALSE","","","FALSE","FALSE","0","0","MBO","300","7","89","SMMP2010","","","","","","","","","","","","","","","","","","","","",NA,NA,NA,NA,NA,NA,NA,NA,NA,NA,NA,NA,NA,NA,NA,NA,NA,NA,NA,NA,NA,"","","","","","","","","","","","","","","","","","Return","","289","5/25/2010","",NA,NA,NA,NA,NA,NA,NA,NA,NA,NA,NA,NA,NA,NA,NA,NA,NA,NA,"",2010,"SMMP",21
"29839","R","223166207","NOCA","93","1","1","4","1","0","41.3","2010-05-30","08:30","SID","SID","B3","","FALSE","","","FALSE","FALSE","0","0","MBO","300","7","89","SMMP2010","","","","","","","","","","","","","","","","","","","","",NA,NA,NA,NA,NA,NA,NA,NA,NA,NA,NA,NA,NA,NA,NA,NA,NA,NA,NA,NA,NA,"","","","","","","","","","","","","","","","","","Return","","276","5/30/2010","",NA,NA,NA,NA,NA,NA,NA,NA,NA,NA,NA,NA,NA,NA,NA,NA,NA,NA,"",2010,"SMMP",22
"30063","1","189191589","NOCA","85","2","1","5","1","0","34.7","2010-08-01","08:40","SID","EVB","B2","","FALSE","","","FALSE","FALSE","0","0","MBO","300","","","FMMP2010","","","","","","","","","","","","","","","","","","","","",NA,NA,NA,NA,NA,NA,NA,NA,NA,NA,NA,NA,NA,NA,NA,NA,NA,NA,NA,NA,NA,"","","","","","","","","","","","","","","","","","Banded","","","8/1/2010","",NA,NA,NA,NA,NA,NA,NA,NA,NA,NA,NA,NA,NA,NA,NA,NA,NA,NA,"",2010,"FMMP",31
"30085","1","189191595","NOCA","84","2","1","5","1","0","37.7","2010-08-02","07:00","SID","SID","D2","","FALSE","","","FALSE","FALSE","0","0","MBO","300","","","FMMP2010","","","","","","","","","","","","","","","","","","","","",NA,NA,NA,NA,NA,NA,NA,NA,NA,NA,NA,NA,NA,NA,NA,NA,NA,NA,NA,NA,NA,"","","","","","","","","","","","","","","","","","Banded","","","8/2/2010","",NA,NA,NA,NA,NA,NA,NA,NA,NA,NA,NA,NA,NA,NA,NA,NA,NA,NA,"",2010,"FMMP",31
"30117","1","189191599","NOCA","91","2","1","4","1","0","38.7","2010-08-02","10:40","SID","SID","N3","","FALSE","","","FALSE","FALSE","0","0","MBO","300","","","FMMP2010","","","","","","","","","","","","","","","","","","","","",NA,NA,NA,NA,NA,NA,NA,NA,NA,NA,NA,NA,NA,NA,NA,NA,NA,NA,NA,NA,NA,"","","","","","","","","","","","","","","","","","Banded","","","8/2/2010","",NA,NA,NA,NA,NA,NA,NA,NA,NA,NA,NA,NA,NA,NA,NA,NA,NA,NA,"",2010,"FMMP",31
"30198","1","242170506","NOCA","87","2","1","0","1","0","37.5","2010-08-04","10:20","SID","JDE","H1","","FALSE","","","FALSE","FALSE","0","0","MBO","300","","","FMMP2010","","","","","","","","","","","","","","","","","","","","",NA,NA,NA,NA,NA,NA,NA,NA,NA,NA,NA,NA,NA,NA,NA,NA,NA,NA,NA,NA,NA,"","","","","","","","","","","","","","","","","","Banded","","","8/4/2010","",NA,NA,NA,NA,NA,NA,NA,NA,NA,NA,NA,NA,NA,NA,NA,NA,NA,NA,"",2010,"FMMP",31
"30382","1","242170518","NOCA","86","2","1","5","1","0","37.2","2010-08-09","09:50","SID","PAS","C2","","FALSE","","","FALSE","FALSE","0","0","MBO","300","","","FMMP2010","","","","","","","","","","","","","","","","","","","","",NA,NA,NA,NA,NA,NA,NA,NA,NA,NA,NA,NA,NA,NA,NA,NA,NA,NA,NA,NA,NA,"","","","","","","","","","","","","","","","","","Banded","","","8/9/2010","",NA,NA,NA,NA,NA,NA,NA,NA,NA,NA,NA,NA,NA,NA,NA,NA,NA,NA,"",2010,"FMMP",32
"30456","R","242170506","NOCA","87","2","21","0","1","1","39","2010-08-11","10:40","BF","PAS","D3","","FALSE","","","FALSE","FALSE","0","4","MBO","300","7","89","FMMP2010","","","","","","","","","","","","","","","","","","","","",NA,NA,NA,NA,NA,NA,NA,NA,NA,NA,NA,NA,NA,NA,NA,NA,NA,NA,NA,NA,NA,"","","","","","","","","","","","","","","","","","Repeat","","7","8/11/2010","",NA,NA,NA,NA,NA,NA,NA,NA,NA,NA,NA,NA,NA,NA,NA,NA,NA,NA,"",2010,"FMMP",32
"30468","1","242170523","NOCA","87","2","1","4","1","1","41.4","2010-08-12","07:50","NCF","AFS","A1","","FALSE","","","FALSE","FALSE","0","0","MBO","300","","","FMMP2010","","","","","","","","","","","","","","","","","","","","",NA,NA,NA,NA,NA,NA,NA,NA,NA,NA,NA,NA,NA,NA,NA,NA,NA,NA,NA,NA,NA,"","","","","","","","","","","","","","","","","","Banded","","","8/12/2010","",NA,NA,NA,NA,NA,NA,NA,NA,NA,NA,NA,NA,NA,NA,NA,NA,NA,NA,"",2010,"FMMP",32
"30737","1","242170531","NOCA","88","2","1","0","1","0","39.9","2010-08-19","11:20","SID","LDB","A2","","FALSE","","","FALSE","FALSE","0","0","MBO","300","","","FMMP2010","","","","","","","","","","","","","","","","","","","","",NA,NA,NA,NA,NA,NA,NA,NA,NA,NA,NA,NA,NA,NA,NA,NA,NA,NA,NA,NA,NA,"","","","","","","","","","","","","","","","","","Banded","","","8/19/2010","",NA,NA,NA,NA,NA,NA,NA,NA,NA,NA,NA,NA,NA,NA,NA,NA,NA,NA,"",2010,"FMMP",33
"31141","R","173102827","NOCA","87","1","1","5","1B","0","37.8","2010-09-01","07:10","SID","KLK","C2","","FALSE","","","FALSE","FALSE","0","0","MBO","300","7","89","FMMP2010","","","","","","","","","","","","","","","","","","","","",NA,NA,NA,NA,NA,NA,NA,NA,NA,NA,NA,NA,NA,NA,NA,NA,NA,NA,NA,NA,NA,"","","","","","","","","","","","","","","","","","Return","","99","9/1/2010","",NA,NA,NA,NA,NA,NA,NA,NA,NA,NA,NA,NA,NA,NA,NA,NA,NA,NA,"",2010,"FMMP",35
"31843","R","242170506","NOCA","90","2","1M","5","1","0","57","2010-09-13","08:00","SID","CAR","A2","","FALSE","","","FALSE","FALSE","0","0","MBO","300","7","89","FMMP2010","","","","","","","","","","","","","","","","","","","","",NA,NA,NA,NA,NA,NA,NA,NA,NA,NA,NA,NA,NA,NA,NA,NA,NA,NA,NA,NA,NA,"","","","","","","","","","","","","","","","","","Repeat","","33","9/13/2010","",NA,NA,NA,NA,NA,NA,NA,NA,NA,NA,NA,NA,NA,NA,NA,NA,NA,NA,"",2010,"FMMP",37
"31882","1","242170563","NOCA","95","2","1M","4","1","0","39.8","2010-09-14","07:20","CLB","AMD","E2","","FALSE","","","FALSE","FALSE","0","0","MBO","300","","","FMMP2010","","","","","","","","","","","","","","","","","","","","",NA,NA,NA,NA,NA,NA,NA,NA,NA,NA,NA,NA,NA,NA,NA,NA,NA,NA,NA,NA,NA,"","","","","","","","","","","","","","","","","","Banded","","","9/14/2010","",NA,NA,NA,NA,NA,NA,NA,NA,NA,NA,NA,NA,NA,NA,NA,NA,NA,NA,"",2010,"FMMP",37
"31923","1","242170565","NOCA","89","2","1","4","1","0","38.9","2010-09-15","07:30","SID","KLK","B3","","FALSE","","","FALSE","FALSE","0","0","MBO","300","","","FMMP2010","","","","","","","","","","","","","","","","","","","","",NA,NA,NA,NA,NA,NA,NA,NA,NA,NA,NA,NA,NA,NA,NA,NA,NA,NA,NA,NA,NA,"","","","","","","","","","","","","","","","","","Banded","","","9/15/2010","",NA,NA,NA,NA,NA,NA,NA,NA,NA,NA,NA,NA,NA,NA,NA,NA,NA,NA,"",2010,"FMMP",37
"32084","R","242170565","NOCA","88","2","1","4","1","0","39.7","2010-09-18","07:50","LAL","DDA","B2","","FALSE","","","FALSE","FALSE","0","0","MBO","300","7","89","FMMP2010","","","","","","","","","","","","","","","","","","","","",NA,NA,NA,NA,NA,NA,NA,NA,NA,NA,NA,NA,NA,NA,NA,NA,NA,NA,NA,NA,NA,"","","","","","","","","","","","","","","","","","Repeat","","3","9/18/2010","",NA,NA,NA,NA,NA,NA,NA,NA,NA,NA,NA,NA,NA,NA,NA,NA,NA,NA,"",2010,"FMMP",38
"36772","1","242170596","NOCA","91","2","1","4","1","0","41.6","2010-10-17","11:40","MFJ","PAS","A2","","FALSE","","","FALSE","FALSE","0","0","MBO","300","","","FMMP2010","","","","","","","","","","","","","","","","","","","","",NA,NA,NA,NA,NA,NA,NA,NA,NA,NA,NA,NA,NA,NA,NA,NA,NA,NA,NA,NA,NA,"","","","","","","","","","","","","","","","","","Banded","","","10/17/2010","",NA,NA,NA,NA,NA,NA,NA,NA,NA,NA,NA,NA,NA,NA,NA,NA,NA,NA,"",2010,"FMMP",42
"37304","1","242170605","NOCA","86","2","1","4","1","0","43.8","2010-10-22","13:30","GEG","JAS","N3","","FALSE","","","FALSE","FALSE","0","0","MBO","300","","","FMMP2010","","","","","","","","","","","","","","","","","","","","",NA,NA,NA,NA,NA,NA,NA,NA,NA,NA,NA,NA,NA,NA,NA,NA,NA,NA,NA,NA,NA,"","","","","","","","","","","","","","","","","","Banded","","","10/22/2010","",NA,NA,NA,NA,NA,NA,NA,NA,NA,NA,NA,NA,NA,NA,NA,NA,NA,NA,"",2010,"FMMP",43
"37413","R","242170565","NOCA","91","2","1","4","1","0","42.7","2010-10-24","10:10","GEG","JJB","D4","","FALSE","","","FALSE","FALSE","0","0","MBO","300","7","89","FMMP2010","","","","","","","","","","","","","","","","","","","","",NA,NA,NA,NA,NA,NA,NA,NA,NA,NA,NA,NA,NA,NA,NA,NA,NA,NA,NA,NA,NA,"","","","","","","","","","","","","","","","","","Repeat","","36","10/24/2010","",NA,NA,NA,NA,NA,NA,NA,NA,NA,NA,NA,NA,NA,NA,NA,NA,NA,NA,"",2010,"FMMP",43
"37565","R","242170563","NOCA","94","2","1","4","1","0","46.5","2010-10-26","11:00","MAG","MAG","B3","","FALSE","","","FALSE","FALSE","0","0","MBO","300","7","89","FMMP2010","","","","","","","","","","","","","","","","","","","","",NA,NA,NA,NA,NA,NA,NA,NA,NA,NA,NA,NA,NA,NA,NA,NA,NA,NA,NA,NA,NA,"","","","","","","","","","","","","","","","","","Repeat","","42","10/26/2010","",NA,NA,NA,NA,NA,NA,NA,NA,NA,NA,NA,NA,NA,NA,NA,NA,NA,NA,"",2010,"FMMP",43
"37834","1","242170628","NOCA","90","0","1","5","1","0","42.6","2010-10-30","10:30","SID","ACR","D4","","FALSE","","","FALSE","FALSE","2","0","MBO","300","","","FMMP2010","","","","","","","","","","","","","","","","","","","","",NA,NA,NA,NA,NA,NA,NA,NA,NA,NA,NA,NA,NA,NA,NA,NA,NA,NA,NA,NA,NA,"","","","","","","","","","","","","","","","","","Banded","","","10/30/2010","",NA,NA,NA,NA,NA,NA,NA,NA,NA,NA,NA,NA,NA,NA,NA,NA,NA,NA,"",2010,"FMMP",44
"38101","1","242170634","NOCA","92","0","1","4","1","0","47","2010-11-06","10:50","GEG","BOS","V2","","FALSE","","","FALSE","FALSE","0","0","MBO","300","","","WINTER2010-11","","","","","","","","","","","","","","","","","","","","",NA,NA,NA,NA,NA,NA,NA,NA,NA,NA,NA,NA,NA,NA,NA,NA,NA,NA,NA,NA,NA,"","","","","","","","","","","","","","","","","","Banded","","","11/6/2010","",NA,NA,NA,NA,NA,NA,NA,NA,NA,NA,NA,NA,NA,NA,NA,NA,NA,NA,"",2010,"WINT",45
"38108","1","242170635","NOCA","87","0","1","5","1","0","39.6","2010-11-06","11:30","GEG","JDE","V4","","FALSE","","","FALSE","FALSE","0","0","MBO","300","","","WINTER2010-11","","","","","","","","","","","","","","","","","","","","",NA,NA,NA,NA,NA,NA,NA,NA,NA,NA,NA,NA,NA,NA,NA,NA,NA,NA,NA,NA,NA,"","","","","","","","","","","","","","","","","","Banded","","","11/6/2010","",NA,NA,NA,NA,NA,NA,NA,NA,NA,NA,NA,NA,NA,NA,NA,NA,NA,NA,"",2010,"WINT",45
"38283","1","242170638","NOCA","92","2","1","4","1","0","47.6","2010-11-16","10:10","RDT","CLS","V2","","FALSE","","","FALSE","FALSE","0","0","MBO","300","","","WINTER2010-11","","","","","","","","","","","","","","","","","","","","",NA,NA,NA,NA,NA,NA,NA,NA,NA,NA,NA,NA,NA,NA,NA,NA,NA,NA,NA,NA,NA,"","","","","","","","","","","","","","","","","","Banded","","","11/16/2010","",NA,NA,NA,NA,NA,NA,NA,NA,NA,NA,NA,NA,NA,NA,NA,NA,NA,NA,"",2010,"WINT",46
"38382","1","242170639","NOCA","96","1","1","4","1","1","44.3","2011-03-01","15:00","SID","AAD","V1","","FALSE","","","FALSE","FALSE","0","0","MBO","300","","","WINTER2010-11","","","","","","","","","","","","","","","","","","","","",NA,NA,NA,NA,NA,NA,NA,NA,NA,NA,NA,NA,NA,NA,NA,NA,NA,NA,NA,NA,NA,"","","","","","","","","","","","","","","","","","Banded","","","3/1/2011","",NA,NA,NA,NA,NA,NA,NA,NA,NA,NA,NA,NA,NA,NA,NA,NA,NA,NA,"",2011,"WINT",9
"38388","1","242170640","NOCA","91","1","1","5","1","1","51.4","2011-03-01","15:10","SID","AAD","V3","","FALSE","","","FALSE","FALSE","0","0","MBO","300","","","WINTER2010-11","","","","","","","","","","","","","","","","","","","","",NA,NA,NA,NA,NA,NA,NA,NA,NA,NA,NA,NA,NA,NA,NA,NA,NA,NA,NA,NA,NA,"","","","","","","","","","","","","","","","","","Banded","","","3/1/2011","",NA,NA,NA,NA,NA,NA,NA,NA,NA,NA,NA,NA,NA,NA,NA,NA,NA,NA,"",2011,"WINT",9
"38473","1","242170644","NOCA","94","1","1","4","1","0","43.2","2011-04-18","10:40","CLB","MVB","D1","","FALSE","","","FALSE","FALSE","0","0","MBO","300","","","SMMP2011","","","","","","","","","","","","","","","","","","","","",NA,NA,NA,NA,NA,NA,NA,NA,NA,NA,NA,NA,NA,NA,NA,NA,NA,NA,NA,NA,NA,"","","","","","","","","","","","","","","","","","Banded","","","4/18/2011","",NA,NA,NA,NA,NA,NA,NA,NA,NA,NA,NA,NA,NA,NA,NA,NA,NA,NA,"",2011,"SMMP",16
"38522","R","242170644","NOCA","93","1","1","4","1","0","41.1","2011-04-22","08:20","SID","MVB","C2","","FALSE","","","FALSE","FALSE","0","0","MBO","300","7","89","SMMP2011","","","","","","","","","","","","","","","","","","","","",NA,NA,NA,NA,NA,NA,NA,NA,NA,NA,NA,NA,NA,NA,NA,NA,NA,NA,NA,NA,NA,"","","","","","","","","","","","","","","","","","Repeat","","4","4/22/2011","",NA,NA,NA,NA,NA,NA,NA,NA,NA,NA,NA,NA,NA,NA,NA,NA,NA,NA,"",2011,"SMMP",16
"38528","1","242170652","NOCA","90","1","1","5","1","3","38.8","2011-04-22","09:50","SID","MVB","E2","","FALSE","","","FALSE","FALSE","0","0","MBO","300","","","SMMP2011","","","","","","","","","","","","","","","","","","","","",NA,NA,NA,NA,NA,NA,NA,NA,NA,NA,NA,NA,NA,NA,NA,NA,NA,NA,NA,NA,NA,"","","","","","","","","","","","","","","","","","Banded","","","4/22/2011","",NA,NA,NA,NA,NA,NA,NA,NA,NA,NA,NA,NA,NA,NA,NA,NA,NA,NA,"",2011,"SMMP",16
"38653","1","242170661","NOCA","95","5","1","4","1","0","45.2","2011-05-01","09:50","BF","MVB","H1","","FALSE","","","FALSE","FALSE","0","0","MBO","300","","","SMMP2011","","","","","","","","","","","","","","","","","","","","",NA,NA,NA,NA,NA,NA,NA,NA,NA,NA,NA,NA,NA,NA,NA,NA,NA,NA,NA,NA,NA,"","","","","","","","","","","","","","","","","","Banded","","","5/1/2011","",NA,NA,NA,NA,NA,NA,NA,NA,NA,NA,NA,NA,NA,NA,NA,NA,NA,NA,"",2011,"SMMP",18
"38763","R","242170506","NOCA","96","1","1","5","1","0","45.2","2011-05-07","06:20","GEG","NL","E2","","FALSE","","","FALSE","FALSE","0","0","MBO","300","7","89","SMMP2011","","","","","","","","","","","","","","","","","","","","",NA,NA,NA,NA,NA,NA,NA,NA,NA,NA,NA,NA,NA,NA,NA,NA,NA,NA,NA,NA,NA,"","","","","","","","","","","","","","","","","","Return","","236","5/7/2011","",NA,NA,NA,NA,NA,NA,NA,NA,NA,NA,NA,NA,NA,NA,NA,NA,NA,NA,"",2011,"SMMP",19
"39573","R","242170644","NOCA","94","1","1","4","1","0","39.6","2011-06-14","07:20","GEG","","2","","FALSE","","","FALSE","FALSE","","","MBO","300","","89","MAPS2011","","","","","","","","","","","","","","","","","","","","",NA,NA,NA,NA,NA,NA,NA,NA,NA,NA,NA,NA,NA,NA,NA,NA,NA,NA,NA,NA,NA,"","","","","","","","","","","","","","","","","","Repeat","","53","6/14/2011","",NA,NA,NA,NA,NA,NA,NA,NA,NA,NA,NA,NA,NA,NA,NA,NA,NA,NA,"",2011,"MAPS",24
"39694","R","242170644","NOCA","91","1","1","4","C","0","41.1","2011-07-31","09:50","MVB","","6","","FALSE","","","FALSE","FALSE","","","MBO","300","","89","MAPS2011","","","","","","","","","","","","","","","","","","","","",NA,NA,NA,NA,NA,NA,NA,NA,NA,NA,NA,NA,NA,NA,NA,NA,NA,NA,NA,NA,NA,"","","","","","","","","","","","","","","","","","Repeat","","47","7/31/2011","",NA,NA,NA,NA,NA,NA,NA,NA,NA,NA,NA,NA,NA,NA,NA,NA,NA,NA,"",2011,"MAPS",31
"39738","1","242170717","NOCA","86","1","1","5","B","0","36.1","2011-08-01","09:50","MVB","LKA","N1","","FALSE","","","FALSE","FALSE","","","MBO","300","","","FMMP2011","","","","","","","","","","","","","","","","","","","","",NA,NA,NA,NA,NA,NA,NA,NA,NA,NA,NA,NA,NA,NA,NA,NA,NA,NA,NA,NA,NA,"","","","","","","","","","","","","","","","","","Banded","","","8/1/2011","",NA,NA,NA,NA,NA,NA,NA,NA,NA,NA,NA,NA,NA,NA,NA,NA,NA,NA,"",2011,"FMMP",31
"39763","1","242170720","NOCA","93","1","1","4","1","0","42","2011-08-01","11:10","MVB","LKA","N3","","FALSE","","","FALSE","FALSE","","","MBO","300","","","FMMP2011","","","","","","","","","","","","","","","","","","","","",NA,NA,NA,NA,NA,NA,NA,NA,NA,NA,NA,NA,NA,NA,NA,NA,NA,NA,NA,NA,NA,"","","","","","","","","","","","","","","","","","Banded","","","8/1/2011","",NA,NA,NA,NA,NA,NA,NA,NA,NA,NA,NA,NA,NA,NA,NA,NA,NA,NA,"",2011,"FMMP",31
"39980","1","242170735","NOCA","89","1","1","5","1","0","44.6","2011-08-07","07:50","SID","DDA","C1","","FALSE","","","FALSE","FALSE","","","MBO","300","","","FMMP2011","","","","","","","","","","","","","","","","","","","","",NA,NA,NA,NA,NA,NA,NA,NA,NA,NA,NA,NA,NA,NA,NA,NA,NA,NA,NA,NA,NA,"","","","","","","","","","","","","","","","","","Banded","","","8/7/2011","",NA,NA,NA,NA,NA,NA,NA,NA,NA,NA,NA,NA,NA,NA,NA,NA,NA,NA,"",2011,"FMMP",32
"40181","1","242170750","NOCA","88","2","1","5","1","0","36.1","2011-08-14","09:00","SID","DDA","E2","","FALSE","","","FALSE","FALSE","","","MBO","300","","","FMMP2011","","","","","","","","","","","","","","","","","","","","",NA,NA,NA,NA,NA,NA,NA,NA,NA,NA,NA,NA,NA,NA,NA,NA,NA,NA,NA,NA,NA,"","","","","","","","","","","","","","","","","","Banded","","","8/14/2011","",NA,NA,NA,NA,NA,NA,NA,NA,NA,NA,NA,NA,NA,NA,NA,NA,NA,NA,"",2011,"FMMP",33
"40233","1","242170755","NOCA","85","2","1","0","1","","39.9","2011-08-16","07:10","MVB","RDJ","A1","","FALSE","","","FALSE","FALSE","","5","MBO","300","","","FMMP2011","","","","","","","","","","","","","","","","","","","","",NA,NA,NA,NA,NA,NA,NA,NA,NA,NA,NA,NA,NA,NA,NA,NA,NA,NA,NA,NA,NA,"","","","","","","","","","","","","","","","","","Banded","","","8/16/2011","",NA,NA,NA,NA,NA,NA,NA,NA,NA,NA,NA,NA,NA,NA,NA,NA,NA,NA,"",2011,"FMMP",33
"40283","1","242170757","NOCA","85","2","1","0","1","1","36.9","2011-08-17","08:10","CLB","LKA","H1","","FALSE","","","FALSE","FALSE","","5","MBO","300","","","FMMP2011","","","","","","","","","","","","","","","","","","","","",NA,NA,NA,NA,NA,NA,NA,NA,NA,NA,NA,NA,NA,NA,NA,NA,NA,NA,NA,NA,NA,"","","","","","","","","","","","","","","","","","Banded","","","8/17/2011","",NA,NA,NA,NA,NA,NA,NA,NA,NA,NA,NA,NA,NA,NA,NA,NA,NA,NA,"",2011,"FMMP",33
"40782","1","242170766","NOCA","91","2","1","0","1","0","39.9","2011-08-31","10:00","SID","RDJ","H1","","FALSE","","","FALSE","FALSE","","5","MBO","300","","","FMMP2011","","","","","","","","","","","","","","","","","","","","",NA,NA,NA,NA,NA,NA,NA,NA,NA,NA,NA,NA,NA,NA,NA,NA,NA,NA,NA,NA,NA,"","","","","","","","","","","","","","","","","","Banded","","","8/31/2011","",NA,NA,NA,NA,NA,NA,NA,NA,NA,NA,NA,NA,NA,NA,NA,NA,NA,NA,"",2011,"FMMP",35
"41247","1","242170772","NOCA","85","2","1","5","1","0","39.9","2011-09-09","10:40","SID","NIB","D3","","FALSE","","","FALSE","FALSE","","","MBO","300","","","FMMP2011","","","","","","","","","","","","","","","","","","","","",NA,NA,NA,NA,NA,NA,NA,NA,NA,NA,NA,NA,NA,NA,NA,NA,NA,NA,NA,NA,NA,"","","","","","","","","","","","","","","","","","Banded","","","9/9/2011","",NA,NA,NA,NA,NA,NA,NA,NA,NA,NA,NA,NA,NA,NA,NA,NA,NA,NA,"",2011,"FMMP",36
"42003","1","242170797","NOCA","95","1","1","4","1","0","44.5","2011-09-28","11:20","MAG","FM","A2","","FALSE","","","FALSE","FALSE","6","","MBO","300","","","FMMP2011","","","","","","","","","","","","","","","","","","","","",NA,NA,NA,NA,NA,NA,NA,NA,NA,NA,NA,NA,NA,NA,NA,NA,NA,NA,NA,NA,NA,"","","","","","","","","","","","","","","","","","Banded","","","9/28/2011","",NA,NA,NA,NA,NA,NA,NA,NA,NA,NA,NA,NA,NA,NA,NA,NA,NA,NA,"",2011,"FMMP",39
"42073","R","242170506","NOCA","90","1","1","5","1","1","44.7","2011-09-29","09:30","MAG","LKA","A2","","FALSE","","","FALSE","FALSE","","","MBO","300","","89","FMMP2011","","","","","","","","","","","","","","","","","","","","",NA,NA,NA,NA,NA,NA,NA,NA,NA,NA,NA,NA,NA,NA,NA,NA,NA,NA,NA,NA,NA,"","","","","","","","","","","","","","","","","","Return","","145","9/29/2011","",NA,NA,NA,NA,NA,NA,NA,NA,NA,NA,NA,NA,NA,NA,NA,NA,NA,NA,"",2011,"FMMP",39
"42826","1","242170802","NOCA","92","0","1","4","1","0","40","2011-10-13","08:20","GEG","LJB","A2","","FALSE","","","FALSE","FALSE","","","MBO","300","","","FMMP2011","","","","","","","","","","","","","","","","","","","","",NA,NA,NA,NA,NA,NA,NA,NA,NA,NA,NA,NA,NA,NA,NA,NA,NA,NA,NA,NA,NA,"","","","","","","","","","","","","","","","","","Banded","","","10/13/2011","",NA,NA,NA,NA,NA,NA,NA,NA,NA,NA,NA,NA,NA,NA,NA,NA,NA,NA,"",2011,"FMMP",41
"42841","R","242170797","NOCA","95","1","1","4","1","0","44.6","2011-10-16","09:10","GEG","LKA","C2","","FALSE","","","FALSE","FALSE","","","MBO","300","","89","FMMP2011","","","","","","","","","","","","","","","","","","","","",NA,NA,NA,NA,NA,NA,NA,NA,NA,NA,NA,NA,NA,NA,NA,NA,NA,NA,NA,NA,NA,"","","","","","","","","","","","","","","","","","Repeat","","18","10/16/2011","",NA,NA,NA,NA,NA,NA,NA,NA,NA,NA,NA,NA,NA,NA,NA,NA,NA,NA,"",2011,"FMMP",42
"42867","R","242170802","NOCA","93","1","1","4","1","0","39.8","2011-10-17","09:30","NCF","SGD","N3","","FALSE","","","FALSE","FALSE","","","MBO","300","","89","FMMP2011","","","","","","","","","","","","","","","","","","","","",NA,NA,NA,NA,NA,NA,NA,NA,NA,NA,NA,NA,NA,NA,NA,NA,NA,NA,NA,NA,NA,"","","","","","","","","","","","","","","","","","Repeat","","4","10/17/2011","",NA,NA,NA,NA,NA,NA,NA,NA,NA,NA,NA,NA,NA,NA,NA,NA,NA,NA,"",2011,"FMMP",42
"42946","1","242170803","NOCA","93","0","1","5","1","0","40.3","2011-10-19","09:30","SID","RDJ","E2","","FALSE","","","FALSE","FALSE","2","","MBO","300","","","FMMP2011","","","","","","","","","","","","","","","","","","","","",NA,NA,NA,NA,NA,NA,NA,NA,NA,NA,NA,NA,NA,NA,NA,NA,NA,NA,NA,NA,NA,"","","","","","","","","","","","","","","","","","Banded","","","10/19/2011","",NA,NA,NA,NA,NA,NA,NA,NA,NA,NA,NA,NA,NA,NA,NA,NA,NA,NA,"",2011,"FMMP",42
"43204","1","242170807","NOCA","89","0","1","5","1","0","43.2","2011-10-26","10:00","SID","JDE","C2","","FALSE","","","FALSE","FALSE","","","MBO","300","","","FMMP2011","","","","","","","","","","","","","","","","","","","","",NA,NA,NA,NA,NA,NA,NA,NA,NA,NA,NA,NA,NA,NA,NA,NA,NA,NA,NA,NA,NA,"","","","","","","","","","","","","","","","","","Banded","","","10/26/2011","",NA,NA,NA,NA,NA,NA,NA,NA,NA,NA,NA,NA,NA,NA,NA,NA,NA,NA,"",2011,"FMMP",43
"43224","R","242170717","NOCA","88","0","1","5","1","0","42.6","2011-10-26","11:20","SID","JDE","N1","","FALSE","","","FALSE","FALSE","","","MBO","300","","89","FMMP2011","","","","","","","","","","","","","","","","","","","","",NA,NA,NA,NA,NA,NA,NA,NA,NA,NA,NA,NA,NA,NA,NA,NA,NA,NA,NA,NA,NA,"","","","","","","","","","","","","","","","","","Repeat","","86","10/26/2011","",NA,NA,NA,NA,NA,NA,NA,NA,NA,NA,NA,NA,NA,NA,NA,NA,NA,NA,"",2011,"FMMP",43
"43308","R","242170717","NOCA","88","0","1","5","1","0","40.1","2011-10-30","09:00","SID","DDA","H1","","FALSE","","","FALSE","FALSE","","","MBO","300","","89","FMMP2011","","","","","","","","","","","","","","","","","","","","",NA,NA,NA,NA,NA,NA,NA,NA,NA,NA,NA,NA,NA,NA,NA,NA,NA,NA,NA,NA,NA,"","","","","","","","","","","","","","","","","","Repeat","","4","10/30/2011","",NA,NA,NA,NA,NA,NA,NA,NA,NA,NA,NA,NA,NA,NA,NA,NA,NA,NA,"",2011,"FMMP",44
"43309","1","242170809","NOCA","92","0","1","5","1","0","43.1","2011-10-30","09:00","SID","DDA","H2","","FALSE","","","FALSE","FALSE","","","MBO","300","","","FMMP2011","","","","","","","","","","","","","","","","","","","","",NA,NA,NA,NA,NA,NA,NA,NA,NA,NA,NA,NA,NA,NA,NA,NA,NA,NA,NA,NA,NA,"","","","","","","","","","","","","","","","","","Banded","","","10/30/2011","",NA,NA,NA,NA,NA,NA,NA,NA,NA,NA,NA,NA,NA,NA,NA,NA,NA,NA,"",2011,"FMMP",44
"43310","1","242170810","NOCA","93","0","1","5","1","0","42.1","2011-10-30","09:10","SID","DDA","D2","","FALSE","","","FALSE","FALSE","","","MBO","300","","","FMMP2011","","","","","","","","","","","","","","","","","","","","",NA,NA,NA,NA,NA,NA,NA,NA,NA,NA,NA,NA,NA,NA,NA,NA,NA,NA,NA,NA,NA,"","","","","","","","","","","","","","","","","","Banded","","","10/30/2011","",NA,NA,NA,NA,NA,NA,NA,NA,NA,NA,NA,NA,NA,NA,NA,NA,NA,NA,"",2011,"FMMP",44
"43345","1","242170811","NOCA","92","2","1","5","1","0","46.9","2011-11-02","09:50","GEG","GEG","V3","","FALSE","","","FALSE","FALSE","","","MBO","300","","","WINTER2011-12","","","","","","","","","","","","","","","","","","","","",NA,NA,NA,NA,NA,NA,NA,NA,NA,NA,NA,NA,NA,NA,NA,NA,NA,NA,NA,NA,NA,"","","","","","","","","","","","","","","","","","Banded","","","11/2/2011","",NA,NA,NA,NA,NA,NA,NA,NA,NA,NA,NA,NA,NA,NA,NA,NA,NA,NA,"",2011,"WINT",44
"43368","1","242170813","NOCA","93","0","1","4","1","0","50.2","2011-11-04","08:50","GEG","LKA","V5","","FALSE","","","FALSE","FALSE","","","MBO","300","","","WINTER2011-12","","","","","","","","","","","","","","","","","","","","",NA,NA,NA,NA,NA,NA,NA,NA,NA,NA,NA,NA,NA,NA,NA,NA,NA,NA,NA,NA,NA,"","","","","","","","","","","","","","","","","","Banded","","","11/4/2011","",NA,NA,NA,NA,NA,NA,NA,NA,NA,NA,NA,NA,NA,NA,NA,NA,NA,NA,"",2011,"WINT",44
"43403","1","242170815","NOCA","90","0","1","5","1","0","40.8","2011-11-07","09:40","GEG","LIK","V4","","FALSE","","","FALSE","FALSE","2","","MBO","300","","","WINTER2011-12","","","","","","","","","","","","","","","","","","","","",NA,NA,NA,NA,NA,NA,NA,NA,NA,NA,NA,NA,NA,NA,NA,NA,NA,NA,NA,NA,NA,"","","","","","","","","","","","","","","","","","Banded","","","11/7/2011","",NA,NA,NA,NA,NA,NA,NA,NA,NA,NA,NA,NA,NA,NA,NA,NA,NA,NA,"",2011,"WINT",45
"43431","1","242170816","NOCA","91","0","1","5","1","2","44.8","2011-11-09","10:00","SID","DDA","V1","","FALSE","","","FALSE","FALSE","","","MBO","300","","","WINTER2011-12","","","","","","","","","","","","","","","","","","","","",NA,NA,NA,NA,NA,NA,NA,NA,NA,NA,NA,NA,NA,NA,NA,NA,NA,NA,NA,NA,NA,"","","","","","","","","","","","","","","","","","Banded","","","11/9/2011","",NA,NA,NA,NA,NA,NA,NA,NA,NA,NA,NA,NA,NA,NA,NA,NA,NA,NA,"",2011,"WINT",45
"43440","1","242170817","NOCA","91","2","1","0","1","0","41.9","2011-11-09","11:10","GEG","DDA","V4","","FALSE","","","FALSE","FALSE","","","MBO","300","","","WINTER2011-12","","","","","","","","","","","","","","","","","","","","",NA,NA,NA,NA,NA,NA,NA,NA,NA,NA,NA,NA,NA,NA,NA,NA,NA,NA,NA,NA,NA,"","","","","","","","","","","","","","","","","","Banded","","","11/9/2011","",NA,NA,NA,NA,NA,NA,NA,NA,NA,NA,NA,NA,NA,NA,NA,NA,NA,NA,"",2011,"WINT",45
"43501","1","242170818","NOCA","90","2","1","5","1","0","40.5","2011-11-13","11:30","GEG","AMS","V5","","FALSE","","","FALSE","FALSE","","","MBO","300","","","WINTER2011-12","","","","","","","","","","","","","","","","","","","","",NA,NA,NA,NA,NA,NA,NA,NA,NA,NA,NA,NA,NA,NA,NA,NA,NA,NA,NA,NA,NA,"","","","","","","","","","","","","","","","","","Banded","","","11/13/2011","",NA,NA,NA,NA,NA,NA,NA,NA,NA,NA,NA,NA,NA,NA,NA,NA,NA,NA,"",2011,"WINT",46
"43502","1","242170819","NOCA","90","2","1","5","1","0","43.6","2011-11-13","11:30","GEG","AMS","V4","","FALSE","","","FALSE","FALSE","","","MBO","300","","","WINTER2011-12","","","","","","","","","","","","","","","","","","","","",NA,NA,NA,NA,NA,NA,NA,NA,NA,NA,NA,NA,NA,NA,NA,NA,NA,NA,NA,NA,NA,"","","","","","","","","","","","","","","","","","Banded","","","11/13/2011","",NA,NA,NA,NA,NA,NA,NA,NA,NA,NA,NA,NA,NA,NA,NA,NA,NA,NA,"",2011,"WINT",46
"43591","1","242170820","NOCA","85","2","1","5","1","1","43.7","2011-11-18","09:30","RDT","DDA","V2","MOLT IN TAIL","FALSE","","","FALSE","FALSE","","","MBO","300","","","WINTER2011-12","","","","","","","","","","","","","","","","","","","","",NA,NA,NA,NA,NA,NA,NA,NA,NA,NA,NA,NA,NA,NA,NA,NA,NA,NA,NA,NA,NA,"","","","","","","","","","","","","","","","","","Banded","","","11/18/2011","",NA,NA,NA,NA,NA,NA,NA,NA,NA,NA,NA,NA,NA,NA,NA,NA,NA,NA,"",2011,"WINT",46
"43592","1","242170821","NOCA","94","0","1","4","1","0","46.1","2011-11-18","09:30","RDT","DDA","V3","","FALSE","","","FALSE","FALSE","","","MBO","300","","","WINTER2011-12","","","","","","","","","","","","","","","","","","","","",NA,NA,NA,NA,NA,NA,NA,NA,NA,NA,NA,NA,NA,NA,NA,NA,NA,NA,NA,NA,NA,"","","","","","","","","","","","","","","","","","Banded","","","11/18/2011","",NA,NA,NA,NA,NA,NA,NA,NA,NA,NA,NA,NA,NA,NA,NA,NA,NA,NA,"",2011,"WINT",46
"43616","1","242170822","NOCA","91","2","1","4","1","0","44.2","2011-11-22","09:30","GEG","LIK","V4","BLACK BEAK","FALSE","","","FALSE","FALSE","","","MBO","300","","","WINTER2011-12","","","","","","","","","","","","","","","","","","","","",NA,NA,NA,NA,NA,NA,NA,NA,NA,NA,NA,NA,NA,NA,NA,NA,NA,NA,NA,NA,NA,"","","","","","","","","","","","","","","","","","Banded","","","11/22/2011","",NA,NA,NA,NA,NA,NA,NA,NA,NA,NA,NA,NA,NA,NA,NA,NA,NA,NA,"",2011,"WINT",47
"43638","1","242170823","NOCA","","0","1","4","1","","","2011-11-22","11:10","CLB","LIK","V1","DATA MISSING","FALSE","","","FALSE","FALSE","","","MBO","300","","","WINTER2011-12","","","","","","","","","","","","","","","","","","","","",NA,NA,NA,NA,NA,NA,NA,NA,NA,NA,NA,NA,NA,NA,NA,NA,NA,NA,NA,NA,NA,"","","","","","","","","","","","","","","","","","Banded","","","11/22/2011","",NA,NA,NA,NA,NA,NA,NA,NA,NA,NA,NA,NA,NA,NA,NA,NA,NA,NA,"",2011,"WINT",47
"43725","R","242170644","NOCA","93","0","1","4","1","0","44.1","2011-12-07","10:00","GEG","MGS","V4","","FALSE","","","FALSE","FALSE","","","MBO","300","","89","WINTER2011-12","","","","","","","","","","","","","","","","","","","","",NA,NA,NA,NA,NA,NA,NA,NA,NA,NA,NA,NA,NA,NA,NA,NA,NA,NA,NA,NA,NA,"","","","","","","","","","","","","","","","","","Return","","129","12/7/2011","",NA,NA,NA,NA,NA,NA,NA,NA,NA,NA,NA,NA,NA,NA,NA,NA,NA,NA,"",2011,"WINT",49
"43950","1","242170828","NOCA","90","1","1","5","B","1","46.1","2012-04-18","07:50","SID","FM","D1","","FALSE","","","FALSE","FALSE","","","MBO","300","","","SMMP2012","","","","","","","","","","","","","","","","","","","","",NA,NA,NA,NA,NA,NA,NA,NA,NA,NA,NA,NA,NA,NA,NA,NA,NA,NA,NA,NA,NA,"","","","","","","","","","","","","","","","","","Banded","","","4/18/2012","",NA,NA,NA,NA,NA,NA,NA,NA,NA,NA,NA,NA,NA,NA,NA,NA,NA,NA,"",2012,"SMMP",16
"44173","R","242170813","NOCA","93","1","1","4","C","0","47.2","2012-04-29","08:40","LIK","CAR","D1","","FALSE","","","FALSE","FALSE","","","MBO","300","","89","SMMP2012","","","","","","","","","","","","","","","","","","","","",NA,NA,NA,NA,NA,NA,NA,NA,NA,NA,NA,NA,NA,NA,NA,NA,NA,NA,NA,NA,NA,"","","","","","","","","","","","","","","","","4/20/2020 20:40","Return","","177","4/29/2012","",NA,NA,NA,NA,NA,NA,NA,NA,NA,NA,NA,NA,NA,NA,NA,NA,NA,NA,"",2012,"SMMP",18
"44332","1","242170847","NOCA","94","1","1","4","1","0","44.9","2012-05-06","09:30","LIK","DDA","N3","","FALSE","","","FALSE","FALSE","","","MBO","300","","","SMMP2012","","","","","","","","","","","","","","","","","","","","",NA,NA,NA,NA,NA,NA,NA,NA,NA,NA,NA,NA,NA,NA,NA,NA,NA,NA,NA,NA,NA,"","","","","","","","","","","","","","","","","","Banded","","","5/6/2012","",NA,NA,NA,NA,NA,NA,NA,NA,NA,NA,NA,NA,NA,NA,NA,NA,NA,NA,"",2012,"SMMP",19
"44546","1","242170875","NOCA","93","1","1","5","B","2","47","2012-05-12","06:30","CLB","LIF","A1","","FALSE","","","FALSE","FALSE","","","MBO","300","","","SMMP2012","","","","","","","","","","","","","","","","","","","","",NA,NA,NA,NA,NA,NA,NA,NA,NA,NA,NA,NA,NA,NA,NA,NA,NA,NA,NA,NA,NA,"","","","","","","","","","","","","","","","","","Banded","","","5/12/2012","",NA,NA,NA,NA,NA,NA,NA,NA,NA,NA,NA,NA,NA,NA,NA,NA,NA,NA,"",2012,"SMMP",19
"44640","1","242170883","NOCA","88","1","1","5","B","0","41.1","2012-05-14","09:10","GEG","CAR","C2","","FALSE","","","FALSE","FALSE","","","MBO","300","","","SMMP2012","","","","","","","","","","","","","","","","","","","","",NA,NA,NA,NA,NA,NA,NA,NA,NA,NA,NA,NA,NA,NA,NA,NA,NA,NA,NA,NA,NA,"","","","","","","","","","","","","","","","","","Banded","","","5/14/2012","",NA,NA,NA,NA,NA,NA,NA,NA,NA,NA,NA,NA,NA,NA,NA,NA,NA,NA,"",2012,"SMMP",20
"44915","1","242170897","NOCA","93","5","1","4","1","0","41.8","2012-05-20","07:30","LIK","DDA","D1","RETAINED S5 ON RIGHT AND S6 ON LEFT","FALSE","","","FALSE","FALSE","","","MBO","300","","","SMMP2012","","","","","","","","","","","","","","","","","","","","",NA,NA,NA,NA,NA,NA,NA,NA,NA,NA,NA,NA,NA,NA,NA,NA,NA,NA,NA,NA,NA,"","","","","","","","","","","","","","","","","","Banded","","","5/20/2012","",NA,NA,NA,NA,NA,NA,NA,NA,NA,NA,NA,NA,NA,NA,NA,NA,NA,NA,"",2012,"SMMP",21
"45428","1","189191646","NOCA","84","2","1","0","1","0","33.8","2012-07-23","06:00","SID","ALH","M7","","FALSE","","","FALSE","FALSE","","","MBO","300","","","MAPS2012","","","","","","","","","","","","","","","","","","","","",NA,NA,NA,NA,NA,NA,NA,NA,NA,NA,NA,NA,NA,NA,NA,NA,NA,NA,NA,NA,NA,"","","","","","","","","","","","","","","","","","Banded","","","7/23/2012","",NA,NA,NA,NA,NA,NA,NA,NA,NA,NA,NA,NA,NA,NA,NA,NA,NA,NA,"",2012,"MAPS",30
"45675","R","242170717","NOCA","87","1","1","5","1","0","37.3","2012-08-02","08:20","NIB","MYH","B2","","FALSE","","","FALSE","FALSE","","","MBO","300","7","89","FMMP2012","","","","","","","","","","","","","","","","","","","","",NA,NA,NA,NA,NA,NA,NA,NA,NA,NA,NA,NA,NA,NA,NA,NA,NA,NA,NA,NA,NA,"","","","","","","","","","","","","","","","","","Return","","277","8/2/2012","",NA,NA,NA,NA,NA,NA,NA,NA,NA,NA,NA,NA,NA,NA,NA,NA,NA,NA,"",2012,"FMMP",31
"45678","1","242193877","NOCA","85","2","1","4","1","0","40.8","2012-08-02","08:20","NIB","MYH","B2","","FALSE","","","FALSE","FALSE","","","MBO","300","","","FMMP2012","","","","","","","","","","","","","","","","","","","","",NA,NA,NA,NA,NA,NA,NA,NA,NA,NA,NA,NA,NA,NA,NA,NA,NA,NA,NA,NA,NA,"","","","","","","","","","","","","","","","","","Banded","","","8/2/2012","",NA,NA,NA,NA,NA,NA,NA,NA,NA,NA,NA,NA,NA,NA,NA,NA,NA,NA,"",2012,"FMMP",31
"45703","R","242193877","NOCA","87","2","1","4","1","1","39.4","2012-08-03","08:00","RDT","LHB","B2","","FALSE","","","FALSE","FALSE","","","MBO","300","7","89","FMMP2012","","","","","","","","","","","","","","","","","","","","",NA,NA,NA,NA,NA,NA,NA,NA,NA,NA,NA,NA,NA,NA,NA,NA,NA,NA,NA,NA,NA,"","","","","","","","","","","","","","","","","","Repeat","","1","8/3/2012","",NA,NA,NA,NA,NA,NA,NA,NA,NA,NA,NA,NA,NA,NA,NA,NA,NA,NA,"",2012,"FMMP",31
"45706","1","242193880","NOCA","86","2","1","4","1","0","38.9","2012-08-03","08:40","GEG","MOG","C2","","FALSE","","","FALSE","FALSE","","","MBO","300","","","FMMP2012","","","","","","","","","","","","","","","","","","","","",NA,NA,NA,NA,NA,NA,NA,NA,NA,NA,NA,NA,NA,NA,NA,NA,NA,NA,NA,NA,NA,"","","","","","","","","","","","","","","","","","Banded","","","8/3/2012","",NA,NA,NA,NA,NA,NA,NA,NA,NA,NA,NA,NA,NA,NA,NA,NA,NA,NA,"",2012,"FMMP",31
"45854","R","242170717","NOCA","87","1","1","5","1","0","36.9","2012-08-06","07:40","GEG","SMK","C2","","FALSE","","","FALSE","FALSE","","","MBO","300","7","89","FMMP2012","","","","","","","","","","","","","","","","","","","","",NA,NA,NA,NA,NA,NA,NA,NA,NA,NA,NA,NA,NA,NA,NA,NA,NA,NA,NA,NA,NA,"","","","","","","","","","","","","","","","","","Repeat","","4","8/6/2012","",NA,NA,NA,NA,NA,NA,NA,NA,NA,NA,NA,NA,NA,NA,NA,NA,NA,NA,"",2012,"FMMP",32
"46181","1","242193915","NOCA","90","1","1","5","1","0","40.8","2012-08-14","07:20","NIB","NAG","E1","","FALSE","","","FALSE","FALSE","","","MBO","300","","","FMMP2012","","","","","","","","","","","","","","","","","","","","",NA,NA,NA,NA,NA,NA,NA,NA,NA,NA,NA,NA,NA,NA,NA,NA,NA,NA,NA,NA,NA,"","","","","","","","","","","","","","","","","","Banded","","","8/14/2012","",NA,NA,NA,NA,NA,NA,NA,NA,NA,NA,NA,NA,NA,NA,NA,NA,NA,NA,"",2012,"FMMP",33
"46286","1","242193922","NOCA","91","2","1","0","1","0","39.5","2012-08-16","08:40","SID","BEP","E1","","FALSE","","","FALSE","FALSE","","","MBO","300","","","FMMP2012","","","","","","","","","","","","","","","","","","","","",NA,NA,NA,NA,NA,NA,NA,NA,NA,NA,NA,NA,NA,NA,NA,NA,NA,NA,NA,NA,NA,"","","","","","","","","","","","","","","","","","Banded","","","8/16/2012","",NA,NA,NA,NA,NA,NA,NA,NA,NA,NA,NA,NA,NA,NA,NA,NA,NA,NA,"",2012,"FMMP",33
"46372","1","242193925","NOCA","85","2","1","0","1","0","39.1","2012-08-18","10:10","NIB","CLB","A1","MOLTING P3-4, S8,5,4","FALSE","","","FALSE","FALSE","","","MBO","300","","","FMMP2012","","","","","","","","","","","","","","","","","","","","",NA,NA,NA,NA,NA,NA,NA,NA,NA,NA,NA,NA,NA,NA,NA,NA,NA,NA,NA,NA,NA,"","","","","","","","","","","","","","","","","","Banded","","","8/18/2012","",NA,NA,NA,NA,NA,NA,NA,NA,NA,NA,NA,NA,NA,NA,NA,NA,NA,NA,"",2012,"FMMP",33
"46543","R","242193877","NOCA","99","2","1","0","1","1","41","2012-08-23","11:00","LKA","RED","E2","","FALSE","","","FALSE","FALSE","","","MBO","300","7","89","FMMP2012","","","","","","","","","","","","","","","","","","","","",NA,NA,NA,NA,NA,NA,NA,NA,NA,NA,NA,NA,NA,NA,NA,NA,NA,NA,NA,NA,NA,"","","","","","","","","","","","","","","","","","Repeat","","20","8/23/2012","",NA,NA,NA,NA,NA,NA,NA,NA,NA,NA,NA,NA,NA,NA,NA,NA,NA,NA,"",2012,"FMMP",34
"46576","R","242193877","NOCA","86","2","1","0","1","0","39.2","2012-08-24","09:30","SID","RED","N3","","FALSE","","","FALSE","FALSE","","","MBO","300","7","89","FMMP2012","","","","","","","","","","","","","","","","","","","","",NA,NA,NA,NA,NA,NA,NA,NA,NA,NA,NA,NA,NA,NA,NA,NA,NA,NA,NA,NA,NA,"","","","","","","","","","","","","","","","","","Repeat","","1","8/24/2012","",NA,NA,NA,NA,NA,NA,NA,NA,NA,NA,NA,NA,NA,NA,NA,NA,NA,NA,"",2012,"FMMP",34
"46618","1","242193950","NOCA","90","2","1","4","1","0","46","2012-08-25","08:20","LIK","MLE","B2","","FALSE","","","FALSE","FALSE","","","MBO","300","","","FMMP2012","","","","","","","","","","","","","","","","","","","","",NA,NA,NA,NA,NA,NA,NA,NA,NA,NA,NA,NA,NA,NA,NA,NA,NA,NA,NA,NA,NA,"","","","","","","","","","","","","","","","","","Banded","","","8/25/2012","",NA,NA,NA,NA,NA,NA,NA,NA,NA,NA,NA,NA,NA,NA,NA,NA,NA,NA,"",2012,"FMMP",34
"46726","R","242193877","NOCA","86","2","1","4","1","0","38.4","2012-08-27","09:10","LIK","FM","N3","","FALSE","","","FALSE","FALSE","","","MBO","300","7","89","FMMP2012","","","","","","","","","","","","","","","","","","","","",NA,NA,NA,NA,NA,NA,NA,NA,NA,NA,NA,NA,NA,NA,NA,NA,NA,NA,NA,NA,NA,"","","","","","","","","","","","","","","","","","Repeat","","3","8/27/2012","",NA,NA,NA,NA,NA,NA,NA,NA,NA,NA,NA,NA,NA,NA,NA,NA,NA,NA,"",2012,"FMMP",35
"46755","R","242193877","NOCA","86","2","1","0","1","0","40.2","2012-08-28","07:30","NIB","RED","B2","","FALSE","","","FALSE","FALSE","","5","MBO","300","7","89","FMMP2012","","","","","","","","","","","","","","","","","","","","",NA,NA,NA,NA,NA,NA,NA,NA,NA,NA,NA,NA,NA,NA,NA,NA,NA,NA,NA,NA,NA,"","","","","","","","","","","","","","","","","","Repeat","","1","8/28/2012","",NA,NA,NA,NA,NA,NA,NA,NA,NA,NA,NA,NA,NA,NA,NA,NA,NA,NA,"",2012,"FMMP",35
"46829","R","242193877","NOCA","85","2","1","0","1","0","37.8","2012-08-30","08:20","SID","SID","N3","MOLT P1-2","FALSE","","","FALSE","FALSE","","","MBO","300","7","89","FMMP2012","","","","","","","","","","","","","","","","","","","","",NA,NA,NA,NA,NA,NA,NA,NA,NA,NA,NA,NA,NA,NA,NA,NA,NA,NA,NA,NA,NA,"","","","","","","","","","","","","","","","","","Repeat","","2","8/30/2012","",NA,NA,NA,NA,NA,NA,NA,NA,NA,NA,NA,NA,NA,NA,NA,NA,NA,NA,"",2012,"FMMP",35
"46866","1","242193958","NOCA","88","2","1","4","1","0","42.7","2012-09-01","09:10","LIK","DDA","A2","MOLTING P2-4","FALSE","","","FALSE","FALSE","","","MBO","300","","","FMMP2012","","","","","","","","","","","","","","","","","","","","",NA,NA,NA,NA,NA,NA,NA,NA,NA,NA,NA,NA,NA,NA,NA,NA,NA,NA,NA,NA,NA,"","","","","","","","","","","","","","","","","","Banded","","","9/1/2012","",NA,NA,NA,NA,NA,NA,NA,NA,NA,NA,NA,NA,NA,NA,NA,NA,NA,NA,"",2012,"FMMP",35
"46877","R","242193877","NOCA","86","2","1","0","1","0","37.5","2012-09-01","09:50","LIK","ALH","N1","MOLTING P1-2","FALSE","","","FALSE","FALSE","","","MBO","300","7","89","FMMP2012","","","","","","","","","","","","","","","","","","","","",NA,NA,NA,NA,NA,NA,NA,NA,NA,NA,NA,NA,NA,NA,NA,NA,NA,NA,NA,NA,NA,"","","","","","","","","","","","","","","","","","Repeat","","2","9/1/2012","",NA,NA,NA,NA,NA,NA,NA,NA,NA,NA,NA,NA,NA,NA,NA,NA,NA,NA,"",2012,"FMMP",35
"47078","R","242170875","NOCA","88","1","1","5","1","0","45.8","2012-09-06","09:50","NIB","CIB","B3","MOLT P5-6 S2-1-8-9","FALSE","","","FALSE","FALSE","","","MBO","300","7","89","FMMP2012","","","","","","","","","","","","","","","","","","","","",NA,NA,NA,NA,NA,NA,NA,NA,NA,NA,NA,NA,NA,NA,NA,NA,NA,NA,NA,NA,NA,"","","","","","","","","","","","","","","","","","Return","","117","9/6/2012","",NA,NA,NA,NA,NA,NA,NA,NA,NA,NA,NA,NA,NA,NA,NA,NA,NA,NA,"",2012,"FMMP",36
"47548","R","242170717","NOCA","87","1","1","5","1","0","39.6","2012-09-14","09:50","NIB","CAT","B3","","FALSE","","","FALSE","FALSE","","","MBO","300","7","89","FMMP2012","","","","","","","","","","","","","","","","","","","","",NA,NA,NA,NA,NA,NA,NA,NA,NA,NA,NA,NA,NA,NA,NA,NA,NA,NA,NA,NA,NA,"","","","","","","","","","","","","","","","","","Repeat","","39","9/14/2012","",NA,NA,NA,NA,NA,NA,NA,NA,NA,NA,NA,NA,NA,NA,NA,NA,NA,NA,"",2012,"FMMP",37
"47894","1","242193989","NOCA","90","2","S","4","1","0","46.6","2012-09-20","09:10","NIB","GAD","N1","MOLTING P5-6 S2","FALSE","","","FALSE","FALSE","","","MBO","300","","","FMMP2012","","","","","","","","","","","","","","","","","","","","",NA,NA,NA,NA,NA,NA,NA,NA,NA,NA,NA,NA,NA,NA,NA,NA,NA,NA,NA,NA,NA,"","","","","","","","","","","","","","","","","","Banded","","","9/20/2012","",NA,NA,NA,NA,NA,NA,NA,NA,NA,NA,NA,NA,NA,NA,NA,NA,NA,NA,"",2012,"FMMP",38
"48193","1","242193996","NOCA","99","2","1","4","1","0","46.4","2012-09-26","10:30","NIB","SID","N3","","FALSE","","","FALSE","FALSE","","","MBO","300","","","FMMP2012","","","","","","","","","","","","","","","","","","","","",NA,NA,NA,NA,NA,NA,NA,NA,NA,NA,NA,NA,NA,NA,NA,NA,NA,NA,NA,NA,NA,"","","","","","","","","","","","","","","","","","Banded","","","9/26/2012","",NA,NA,NA,NA,NA,NA,NA,NA,NA,NA,NA,NA,NA,NA,NA,NA,NA,NA,"",2012,"FMMP",39
"49146","1","242194000","NOCA","92","2","1","4","1","0","47","2012-10-05","07:30","MAG","MAH","A1","P1-P3 REPLACED P4 SHORT","FALSE","","","FALSE","FALSE","","","MBO","300","","","FMMP2012","","","","","","","","","","","","","","","","","","","","",NA,NA,NA,NA,NA,NA,NA,NA,NA,NA,NA,NA,NA,NA,NA,NA,NA,NA,NA,NA,NA,"","","","","","","","","","","","","","","","","","Banded","","","10/5/2012","",NA,NA,NA,NA,NA,NA,NA,NA,NA,NA,NA,NA,NA,NA,NA,NA,NA,NA,"",2012,"FMMP",40
"50119","R","242170813","NOCA","93","1","1","4","1","0","49.3","2012-10-14","09:50","LIK","AMS","A2","MOLT S5,6","FALSE","","","FALSE","FALSE","","","MBO","300","7","89","FMMP2012","","","","","","","","","","","","","","","","","","","","",NA,NA,NA,NA,NA,NA,NA,NA,NA,NA,NA,NA,NA,NA,NA,NA,NA,NA,NA,NA,NA,"","","","","","","","","","","","","","","","","","Return","","168","10/14/2012","",NA,NA,NA,NA,NA,NA,NA,NA,NA,NA,NA,NA,NA,NA,NA,NA,NA,NA,"",2012,"FMMP",42
"50193","R","242170813","NOCA","94","1","1","4","1","0","45.8","2012-10-15","09:50","GEG","CDP","D3","MOLTING S6-5 AND P9-7","FALSE","","","FALSE","FALSE","","","MBO","300","7","89","FMMP2012","","","","","","","","","","","","","","","","","","","","",NA,NA,NA,NA,NA,NA,NA,NA,NA,NA,NA,NA,NA,NA,NA,NA,NA,NA,NA,NA,NA,"","","","","","","","","","","","","","","","","","Repeat","","1","10/15/2012","",NA,NA,NA,NA,NA,NA,NA,NA,NA,NA,NA,NA,NA,NA,NA,NA,NA,NA,"",2012,"FMMP",42
"50361","1","253123718","NOCA","90","0","1","5","1","0","39.7","2012-10-17","09:40","SID","ALH","B3","","FALSE","","","FALSE","FALSE","","","MBO","300","","","FMMP2012","","","","","","","","","","","","","","","","","","","","",NA,NA,NA,NA,NA,NA,NA,NA,NA,NA,NA,NA,NA,NA,NA,NA,NA,NA,NA,NA,NA,"","","","","","","","","","","","","","","","","","Banded","","","10/17/2012","",NA,NA,NA,NA,NA,NA,NA,NA,NA,NA,NA,NA,NA,NA,NA,NA,NA,NA,"",2012,"FMMP",42
"50497","R","242193989","NOCA","95","2","1","4","1","0","49.6","2012-10-19","10:10","RDT","SID","D3","","FALSE","","","FALSE","FALSE","","","MBO","300","7","89","FMMP2012","","","","","","","","","","","","","","","","","","","","",NA,NA,NA,NA,NA,NA,NA,NA,NA,NA,NA,NA,NA,NA,NA,NA,NA,NA,NA,NA,NA,"","","","","","","","","","","","","","","","","","Repeat","","29","10/19/2012","",NA,NA,NA,NA,NA,NA,NA,NA,NA,NA,NA,NA,NA,NA,NA,NA,NA,NA,"",2012,"FMMP",42
"50565","1","253123731","NOCA","95","0","1","4","1","0","45.6","2012-10-20","12:10","MPL","LIK","E1","","FALSE","","","FALSE","FALSE","","","MBO","300","","","FMMP2012","","","","","","","","","","","","","","","","","","","","",NA,NA,NA,NA,NA,NA,NA,NA,NA,NA,NA,NA,NA,NA,NA,NA,NA,NA,NA,NA,NA,"","","","","","","","","","","","","","","","","","Banded","","","10/20/2012","",NA,NA,NA,NA,NA,NA,NA,NA,NA,NA,NA,NA,NA,NA,NA,NA,NA,NA,"",2012,"FMMP",42
"50702","1","253123740","NOCA","92","0","1","5","1","0","42.7","2012-10-23","08:10","SID","MOG","D3","","FALSE","","","FALSE","FALSE","","","MBO","300","","","FMMP2012","","","","","","","","","","","","","","","","","","","","",NA,NA,NA,NA,NA,NA,NA,NA,NA,NA,NA,NA,NA,NA,NA,NA,NA,NA,NA,NA,NA,"","","","","","","","","","","","","","","","","","Banded","","","10/23/2012","",NA,NA,NA,NA,NA,NA,NA,NA,NA,NA,NA,NA,NA,NA,NA,NA,NA,NA,"",2012,"FMMP",43
"50786","1","253123746","NOCA","92","2","1","5","1","1","43.2","2012-10-23","12:40","RDT","MOG","N3","","FALSE","","","FALSE","FALSE","","","MBO","300","","","FMMP2012","","","","","","","","","","","","","","","","","","","","",NA,NA,NA,NA,NA,NA,NA,NA,NA,NA,NA,NA,NA,NA,NA,NA,NA,NA,NA,NA,NA,"","","","","","","","","","","","","","","","","","Banded","","","10/23/2012","",NA,NA,NA,NA,NA,NA,NA,NA,NA,NA,NA,NA,NA,NA,NA,NA,NA,NA,"",2012,"FMMP",43
"50792","1","253123747","NOCA","93","2","1","4","1","0","42.7","2012-10-23","12:50","RDT","MOG","N3","","FALSE","","","FALSE","FALSE","","","MBO","300","","","FMMP2012","","","","","","","","","","","","","","","","","","","","",NA,NA,NA,NA,NA,NA,NA,NA,NA,NA,NA,NA,NA,NA,NA,NA,NA,NA,NA,NA,NA,"","","","","","","","","","","","","","","","","","Banded","","","10/23/2012","",NA,NA,NA,NA,NA,NA,NA,NA,NA,NA,NA,NA,NA,NA,NA,NA,NA,NA,"",2012,"FMMP",43
"50796","1","253123748","NOCA","90","0","1","5","1","0","42.3","2012-10-23","13:00","SID","MOG","B3","","FALSE","","","FALSE","FALSE","2","","MBO","300","","","FMMP2012","","","","","","","","","","","","","","","","","","","","",NA,NA,NA,NA,NA,NA,NA,NA,NA,NA,NA,NA,NA,NA,NA,NA,NA,NA,NA,NA,NA,"","","","","","","","","","","","","","","","","","Banded","","","10/23/2012","",NA,NA,NA,NA,NA,NA,NA,NA,NA,NA,NA,NA,NA,NA,NA,NA,NA,NA,"",2012,"FMMP",43
"50837","1","253123749","NOCA","92","2","3","4","1","0","44.2","2012-10-24","09:50","SID","JOG","C1","","FALSE","","","FALSE","FALSE","","","MBO","300","","","FMMP2012","","","","","","","","","","","","","","","","","","","","",NA,NA,NA,NA,NA,NA,NA,NA,NA,NA,NA,NA,NA,NA,NA,NA,NA,NA,NA,NA,NA,"","","","","","","","","","","","","","","","","","Banded","","","10/24/2012","",NA,NA,NA,NA,NA,NA,NA,NA,NA,NA,NA,NA,NA,NA,NA,NA,NA,NA,"",2012,"FMMP",43
"50838","1","253123750","NOCA","90","2","1","4","1","0","45","2012-10-24","09:50","SID","JOG","H1","","FALSE","","","FALSE","FALSE","","","MBO","300","","","FMMP2012","","","","","","","","","","","","","","","","","","","","",NA,NA,NA,NA,NA,NA,NA,NA,NA,NA,NA,NA,NA,NA,NA,NA,NA,NA,NA,NA,NA,"","","","","","","","","","","","","","","","","","Banded","","","10/24/2012","",NA,NA,NA,NA,NA,NA,NA,NA,NA,NA,NA,NA,NA,NA,NA,NA,NA,NA,"",2012,"FMMP",43
"50841","R","253123731","NOCA","94","0","1","4","1","0","44.6","2012-10-24","10:50","SID","JDE","N3","","FALSE","","","FALSE","FALSE","","","MBO","300","7","89","FMMP2012","","","","","","","","","","","","","","","","","","","","",NA,NA,NA,NA,NA,NA,NA,NA,NA,NA,NA,NA,NA,NA,NA,NA,NA,NA,NA,NA,NA,"","","","","","","","","","","","","","","","","","Repeat","","4","10/24/2012","",NA,NA,NA,NA,NA,NA,NA,NA,NA,NA,NA,NA,NA,NA,NA,NA,NA,NA,"",2012,"FMMP",43
"50842","1","253123751","NOCA","88","2","1","5","1","0","41.8","2012-10-24","10:50","SID","JDE","D2","","FALSE","","","FALSE","FALSE","","","MBO","300","","","FMMP2012","","","","","","","","","","","","","","","","","","","","",NA,NA,NA,NA,NA,NA,NA,NA,NA,NA,NA,NA,NA,NA,NA,NA,NA,NA,NA,NA,NA,"","","","","","","","","","","","","","","","","","Banded","","","10/24/2012","",NA,NA,NA,NA,NA,NA,NA,NA,NA,NA,NA,NA,NA,NA,NA,NA,NA,NA,"",2012,"FMMP",43
"50892","1","253123752","NOCA","88","0","1","5","1","0","45.1","2012-10-25","09:50","SID","CIB","N3","","FALSE","","","FALSE","TRUE","2","","MBO","300","","","FMMP2012","","","","","","","","","","","","","","","","","","","","",NA,NA,NA,NA,NA,NA,NA,NA,NA,NA,NA,NA,NA,NA,NA,NA,NA,NA,NA,NA,NA,"","","","","","","","","","","","","","","","","","Banded","","","10/25/2012","",NA,NA,NA,NA,NA,NA,NA,NA,NA,NA,NA,NA,NA,NA,NA,NA,NA,NA,"",2012,"FMMP",43
"50900","R","253123751","NOCA","89","2","1","5","1","0","40.8","2012-10-25","10:40","SID","MGS","B2","","FALSE","","","FALSE","FALSE","","","MBO","300","7","89","FMMP2012","","","","","","","","","","","","","","","","","","","","",NA,NA,NA,NA,NA,NA,NA,NA,NA,NA,NA,NA,NA,NA,NA,NA,NA,NA,NA,NA,NA,"","","","","","","","","","","","","","","","","","Repeat","","1","10/25/2012","",NA,NA,NA,NA,NA,NA,NA,NA,NA,NA,NA,NA,NA,NA,NA,NA,NA,NA,"",2012,"FMMP",43
"50902","R","253123746","NOCA","91","2","1","5","1","0","44.7","2012-10-25","11:20","SID","CIB","D2","","FALSE","","","FALSE","FALSE","","","MBO","300","7","89","FMMP2012","","","","","","","","","","","","","","","","","","","","",NA,NA,NA,NA,NA,NA,NA,NA,NA,NA,NA,NA,NA,NA,NA,NA,NA,NA,NA,NA,NA,"","","","","","","","","","","","","","","","","","Repeat","","2","10/25/2012","",NA,NA,NA,NA,NA,NA,NA,NA,NA,NA,NA,NA,NA,NA,NA,NA,NA,NA,"",2012,"FMMP",43
"50906","R","242193996","NOCA","98","0","1","4","1","0","46","2012-10-25","11:30","SID","CIB","B2","","FALSE","","","FALSE","FALSE","","","MBO","300","7","89","FMMP2012","","","","","","","","","","","","","","","","","","","","",NA,NA,NA,NA,NA,NA,NA,NA,NA,NA,NA,NA,NA,NA,NA,NA,NA,NA,NA,NA,NA,"","","","","","","","","","","","","","","","","","Repeat","","29","10/25/2012","",NA,NA,NA,NA,NA,NA,NA,NA,NA,NA,NA,NA,NA,NA,NA,NA,NA,NA,"",2012,"FMMP",43
"50907","R","253123748","NOCA","91","0","1","5","1","1","43.1","2012-10-25","11:30","SID","CIB","N1","","FALSE","","","FALSE","FALSE","","","MBO","300","7","89","FMMP2012","","","","","","","","","","","","","","","","","","","","",NA,NA,NA,NA,NA,NA,NA,NA,NA,NA,NA,NA,NA,NA,NA,NA,NA,NA,NA,NA,NA,"","","","","","","","","","","","","","","","","","Repeat","","2","10/25/2012","",NA,NA,NA,NA,NA,NA,NA,NA,NA,NA,NA,NA,NA,NA,NA,NA,NA,NA,"",2012,"FMMP",43
"50985","R","242193989","NOCA","94","0","1","4","1","0","48.3","2012-10-28","08:10","LIK","DDA","A2","","FALSE","","","FALSE","FALSE","","","MBO","300","7","89","FMMP2012","","","","","","","","","","","","","","","","","","","","",NA,NA,NA,NA,NA,NA,NA,NA,NA,NA,NA,NA,NA,NA,NA,NA,NA,NA,NA,NA,NA,"","","","","","","","","","","","","","","","","","Repeat","","9","10/28/2012","",NA,NA,NA,NA,NA,NA,NA,NA,NA,NA,NA,NA,NA,NA,NA,NA,NA,NA,"",2012,"FMMP",44
"51038","1","253123763","NOCA","90","0","1","5","1","0","41.1","2012-10-29","09:40","LIK","NAG","E1","","FALSE","","","FALSE","FALSE","","","MBO","300","","","FMMP2012","","","","","","","","","","","","","","","","","","","","",NA,NA,NA,NA,NA,NA,NA,NA,NA,NA,NA,NA,NA,NA,NA,NA,NA,NA,NA,NA,NA,"","","","","","","","","","","","","","","","","","Banded","","","10/29/2012","",NA,NA,NA,NA,NA,NA,NA,NA,NA,NA,NA,NA,NA,NA,NA,NA,NA,NA,"",2012,"FMMP",44
"51075","R","253123747","NOCA","93","2","1","4","1","0","43.6","2012-10-31","10:40","NIB","GEG","V1","","FALSE","","","FALSE","FALSE","","","MBO","300","7","89","WINTER2012-13","","","","","","","","","","","","","","","","","","","","",NA,NA,NA,NA,NA,NA,NA,NA,NA,NA,NA,NA,NA,NA,NA,NA,NA,NA,NA,NA,NA,"","","","","","","","","","","","","","","","","","Repeat","","8","10/31/2012","",NA,NA,NA,NA,NA,NA,NA,NA,NA,NA,NA,NA,NA,NA,NA,NA,NA,NA,"",2012,"WINT",44
"51107","1","253123765","NOCA","93","0","1","4","1","0","46.4","2012-11-07","09:10","LIF","SID","V1","","FALSE","","","FALSE","FALSE","","","MBO","300","","","WINTER2012-13","","","","","","","","","","","","","","","","","","","","",NA,NA,NA,NA,NA,NA,NA,NA,NA,NA,NA,NA,NA,NA,NA,NA,NA,NA,NA,NA,NA,"","","","","","","","","","","","","","","","","","Banded","","","11/7/2012","",NA,NA,NA,NA,NA,NA,NA,NA,NA,NA,NA,NA,NA,NA,NA,NA,NA,NA,"",2012,"WINT",45
"51120","1","253123766","NOCA","88","2","1","5","1","0","42.7","2012-11-07","09:40","LIF","SID","V4","","FALSE","","","FALSE","FALSE","","","MBO","300","","","WINTER2012-13","","","","","","","","","","","","","","","","","","","","",NA,NA,NA,NA,NA,NA,NA,NA,NA,NA,NA,NA,NA,NA,NA,NA,NA,NA,NA,NA,NA,"","","","","","","","","","","","","","","","","","Banded","","","11/7/2012","",NA,NA,NA,NA,NA,NA,NA,NA,NA,NA,NA,NA,NA,NA,NA,NA,NA,NA,"",2012,"WINT",45
"51128","R","253123746","NOCA","93","2","1","5","1","0","45.1","2012-11-07","10:00","NIB","SID","V5","","FALSE","","","FALSE","FALSE","","","MBO","300","7","89","WINTER2012-13","","","","","","","","","","","","","","","","","","","","",NA,NA,NA,NA,NA,NA,NA,NA,NA,NA,NA,NA,NA,NA,NA,NA,NA,NA,NA,NA,NA,"","","","","","","","","","","","","","","","","","Repeat","","13","11/7/2012","",NA,NA,NA,NA,NA,NA,NA,NA,NA,NA,NA,NA,NA,NA,NA,NA,NA,NA,"",2012,"WINT",45
"51141","1","253123767","NOCA","90","0","1","5","1","0","42.5","2012-11-07","10:30","LIF","SID","V4","","FALSE","","","FALSE","FALSE","","","MBO","300","","","WINTER2012-13","","","","","","","","","","","","","","","","","","","","",NA,NA,NA,NA,NA,NA,NA,NA,NA,NA,NA,NA,NA,NA,NA,NA,NA,NA,NA,NA,NA,"","","","","","","","","","","","","","","","","","Banded","","","11/7/2012","",NA,NA,NA,NA,NA,NA,NA,NA,NA,NA,NA,NA,NA,NA,NA,NA,NA,NA,"",2012,"WINT",45
"51166","R","253123752","NOCA","89","0","1","5","1","1","45.5","2012-11-07","11:50","NIB","SID","V5","","FALSE","","","FALSE","FALSE","","","MBO","300","7","89","WINTER2012-13","","","","","","","","","","","","","","","","","","","","",NA,NA,NA,NA,NA,NA,NA,NA,NA,NA,NA,NA,NA,NA,NA,NA,NA,NA,NA,NA,NA,"","","","","","","","","","","","","","","","","","Repeat","","13","11/7/2012","",NA,NA,NA,NA,NA,NA,NA,NA,NA,NA,NA,NA,NA,NA,NA,NA,NA,NA,"",2012,"WINT",45
"51184","R","253123766","NOCA","89","2","1","5","1","0","42.8","2012-11-09","08:40","NIB","NIB","V3","JUV S2-S4-S6","FALSE","","","FALSE","FALSE","","","MBO","300","7","89","WINTER2012-13","","","","","","","","","","","","","","","","","","","","",NA,NA,NA,NA,NA,NA,NA,NA,NA,NA,NA,NA,NA,NA,NA,NA,NA,NA,NA,NA,NA,"","","","","","","","","","","","","","","","","","Repeat","","2","11/9/2012","",NA,NA,NA,NA,NA,NA,NA,NA,NA,NA,NA,NA,NA,NA,NA,NA,NA,NA,"",2012,"WINT",45
"51188","1","253123768","NOCA","88","0","1","5","1","0","44.6","2012-11-09","08:50","LIF","SID","V4","","FALSE","","","FALSE","FALSE","","","MBO","300","","","WINTER2012-13","","","","","","","","","","","","","","","","","","","","",NA,NA,NA,NA,NA,NA,NA,NA,NA,NA,NA,NA,NA,NA,NA,NA,NA,NA,NA,NA,NA,"","","","","","","","","","","","","","","","","","Banded","","","11/9/2012","",NA,NA,NA,NA,NA,NA,NA,NA,NA,NA,NA,NA,NA,NA,NA,NA,NA,NA,"",2012,"WINT",45
"51342","R","253123767","NOCA","90","0","1","5","1","0","43","2012-11-16","11:10","GEG","GEG","V5","","FALSE","","","FALSE","FALSE","","","MBO","300","7","89","WINTER2012-13","","","","","","","","","","","","","","","","","","","","",NA,NA,NA,NA,NA,NA,NA,NA,NA,NA,NA,NA,NA,NA,NA,NA,NA,NA,NA,NA,NA,"","","","","","","","","","","","","","","","","","Repeat","","9","11/16/2012","",NA,NA,NA,NA,NA,NA,NA,NA,NA,NA,NA,NA,NA,NA,NA,NA,NA,NA,"",2012,"WINT",46
"51520","1","253123769","NOCA","86","0","1","5","1","2","42","2012-12-03","11:10","SID","GEG","V4","MOLTING S5+6","FALSE","","","FALSE","FALSE","","","MBO","300","","","WINTER2012-13","","","","","","","","","","","","","","","","","","","","",NA,NA,NA,NA,NA,NA,NA,NA,NA,NA,NA,NA,NA,NA,NA,NA,NA,NA,NA,NA,NA,"","","","","","","","","","","","","","","","","","Banded","","","12/3/2012","",NA,NA,NA,NA,NA,NA,NA,NA,NA,NA,NA,NA,NA,NA,NA,NA,NA,NA,"",2012,"WINT",49
"51625","1","253123770","NOCA","92","0","1","4","1","2","47.6","2012-12-07","13:00","NIB","ALH","V4","","FALSE","","","FALSE","FALSE","","","MBO","300","","","WINTER2012-13","","","","","","","","","","","","","","","","","","","","",NA,NA,NA,NA,NA,NA,NA,NA,NA,NA,NA,NA,NA,NA,NA,NA,NA,NA,NA,NA,NA,"","","","","","","","","","","","","","","","","","Banded","","","12/7/2012","",NA,NA,NA,NA,NA,NA,NA,NA,NA,NA,NA,NA,NA,NA,NA,NA,NA,NA,"",2012,"WINT",49
"51735","R","253123766","NOCA","89","5","1","5","1","5","50","2013-02-22","17:00","SID","SID","V4","ret s2,s4,s6 on right, s3, s6 on left","FALSE","","","FALSE","FALSE","","","MBO","300","7","89","WINTER2012-13","","","","","","","","","","","","","","","","","","","","",NA,NA,NA,NA,NA,NA,NA,NA,NA,NA,NA,NA,NA,NA,NA,NA,NA,NA,NA,NA,NA,"","","","","","","","","","","","","","","","","","Return","","105","2/22/2013","",NA,NA,NA,NA,NA,NA,NA,NA,NA,NA,NA,NA,NA,NA,NA,NA,NA,NA,"",2013,"WINT",8
"51821","1","253123771","NOCA","92","1","1","5","1","0","41.2","2013-03-10","08:50","LIK","LIK","V4","","FALSE","","","FALSE","FALSE","","","MBO","300","","","WINTER2012-13","","","","","","","","","","","","","","","","","","","","",NA,NA,NA,NA,NA,NA,NA,NA,NA,NA,NA,NA,NA,NA,NA,NA,NA,NA,NA,NA,NA,"","","","","","","","","","","","","","","","","","Banded","","","3/10/2013","",NA,NA,NA,NA,NA,NA,NA,NA,NA,NA,NA,NA,NA,NA,NA,NA,NA,NA,"",2013,"WINT",10
"51870","1","253123772","NOCA","91","1","1","4","1","0","40.8","2013-03-22","12:00","NIB","ALH","V4","","FALSE","","","FALSE","FALSE","","","MBO","300","","","WINTER2012-13","","","","","","","","","","","","","","","","","","","","",NA,NA,NA,NA,NA,NA,NA,NA,NA,NA,NA,NA,NA,NA,NA,NA,NA,NA,NA,NA,NA,"","","","","","","","","","","","","","","","","","Banded","","","3/22/2013","",NA,NA,NA,NA,NA,NA,NA,NA,NA,NA,NA,NA,NA,NA,NA,NA,NA,NA,"",2013,"WINT",12
"52141","1","253123773","NOCA","89","5","1","5","1","0","40.3","2013-03-27","13:20","NIB","SID","V5","retained s4 to s6","FALSE","","","FALSE","FALSE","","","MBO","300","","","WINTER2012-13","","","","","","","","","","","","","","","","","","","","",NA,NA,NA,NA,NA,NA,NA,NA,NA,NA,NA,NA,NA,NA,NA,NA,NA,NA,NA,NA,NA,"","","","","","","","","","","","","","","","","","Banded","","","3/27/2013","",NA,NA,NA,NA,NA,NA,NA,NA,NA,NA,NA,NA,NA,NA,NA,NA,NA,NA,"",2013,"WINT",13
"52210","1","253123783","NOCA","89","1","1","5","1","0","37.9","2013-04-19","08:00","SID","BEP","A1","","FALSE","","","FALSE","FALSE","","","MBO","300","","","SMMP2013","","","","","","","","","","","","","","","","","","","","",NA,NA,NA,NA,NA,NA,NA,NA,NA,NA,NA,NA,NA,NA,NA,NA,NA,NA,NA,NA,NA,"","","","","","","","","","","","","","","","","","Banded","","","4/19/2013","",NA,NA,NA,NA,NA,NA,NA,NA,NA,NA,NA,NA,NA,NA,NA,NA,NA,NA,"",2013,"SMMP",16
"52276","R","253123766","NOCA","88","5","1","5","1","0","42.5","2013-04-22","07:50","NIB","LIF","E1","","FALSE","","","FALSE","FALSE","","","MBO","300","7","89","SMMP2013","","","","","","","","","","","","","","","","","","","","",NA,NA,NA,NA,NA,NA,NA,NA,NA,NA,NA,NA,NA,NA,NA,NA,NA,NA,NA,NA,NA,"","","","","","","","","","","","","","","","","","Repeat","","59","4/22/2013","",NA,NA,NA,NA,NA,NA,NA,NA,NA,NA,NA,NA,NA,NA,NA,NA,NA,NA,"",2013,"SMMP",16
"52299","R","253123783","NOCA","89","1","1","5","1","0","37.3","2013-04-23","07:00","CLB","ACM","E1","","FALSE","","","FALSE","FALSE","","","MBO","300","7","89","SMMP2013","","","","","","","","","","","","","","","","","","","","",NA,NA,NA,NA,NA,NA,NA,NA,NA,NA,NA,NA,NA,NA,NA,NA,NA,NA,NA,NA,NA,"","","","","","","","","","","","","","","","","","Repeat","","4","4/23/2013","",NA,NA,NA,NA,NA,NA,NA,NA,NA,NA,NA,NA,NA,NA,NA,NA,NA,NA,"",2013,"SMMP",17
"52304","R","253123766","NOCA","90","5","1","5","1","0","40.8","2013-04-23","07:30","CLB","DDA","D3","","FALSE","","","FALSE","FALSE","","","MBO","300","7","89","SMMP2013","","","","","","","","","","","","","","","","","","","","",NA,NA,NA,NA,NA,NA,NA,NA,NA,NA,NA,NA,NA,NA,NA,NA,NA,NA,NA,NA,NA,"","","","","","","","","","","","","","","","","","Repeat","","1","4/23/2013","",NA,NA,NA,NA,NA,NA,NA,NA,NA,NA,NA,NA,NA,NA,NA,NA,NA,NA,"",2013,"SMMP",17
"52311","1","253123607","NOCA","93","1","1","4","1","0","44.4","2013-04-23","09:30","CLB","DDA","B2","","FALSE","","","FALSE","FALSE","","","MBO","300","","","SMMP2013","","","","","","","","","","","","","","","","","","","","",NA,NA,NA,NA,NA,NA,NA,NA,NA,NA,NA,NA,NA,NA,NA,NA,NA,NA,NA,NA,NA,"","","","","","","","","","","","","","","","","","Banded","","","4/23/2013","",NA,NA,NA,NA,NA,NA,NA,NA,NA,NA,NA,NA,NA,NA,NA,NA,NA,NA,"",2013,"SMMP",17
"52321","R","242193989","NOCA","95","5","1","4","1","0","46.9","2013-04-24","07:30","GEG","CAR","A1","","FALSE","","","FALSE","FALSE","","","MBO","300","7","89","SMMP2013","","","","","","","","","","","","","","","","","","","","",NA,NA,NA,NA,NA,NA,NA,NA,NA,NA,NA,NA,NA,NA,NA,NA,NA,NA,NA,NA,NA,"","","","","","","","","","","","","","","","","","Return","","178","4/24/2013","",NA,NA,NA,NA,NA,NA,NA,NA,NA,NA,NA,NA,NA,NA,NA,NA,NA,NA,"",2013,"SMMP",17
"52323","R","253123763","NOCA","92","5","1","5","1","2","48.6","2013-04-24","08:20","GEG","MOG","C2","","FALSE","","","FALSE","FALSE","","","MBO","300","7","89","SMMP2013","","","","","","","","","","","","","","","","","","","","",NA,NA,NA,NA,NA,NA,NA,NA,NA,NA,NA,NA,NA,NA,NA,NA,NA,NA,NA,NA,NA,"","","","","","","","","","","","","","","","","","Return","","177","4/24/2013","",NA,NA,NA,NA,NA,NA,NA,NA,NA,NA,NA,NA,NA,NA,NA,NA,NA,NA,"",2013,"SMMP",17
"52435","1","253123621","NOCA","90","1","1","5","B","1","41.8","2013-05-02","06:40","CLB","JRS","D4","","FALSE","","","FALSE","FALSE","","","MBO","300","","","SMMP2013","","","","","","","","","","","","","","","","","","","","",NA,NA,NA,NA,NA,NA,NA,NA,NA,NA,NA,NA,NA,NA,NA,NA,NA,NA,NA,NA,NA,"","","","","","","","","","","","","","","","","","Banded","","","5/2/2013","",NA,NA,NA,NA,NA,NA,NA,NA,NA,NA,NA,NA,NA,NA,NA,NA,NA,NA,"",2013,"SMMP",18
"52445","1","253123622","NOCA","89","1","1","5","1","5","46.3","2013-05-03","07:00","NIB","CIB","D1","","FALSE","","","FALSE","FALSE","","","MBO","300","","","SMMP2013","","","","","","","","","","","","","","","","","","","","",NA,NA,NA,NA,NA,NA,NA,NA,NA,NA,NA,NA,NA,NA,NA,NA,NA,NA,NA,NA,NA,"","","","","","","","","","","","","","","","","","Banded","","","5/3/2013","",NA,NA,NA,NA,NA,NA,NA,NA,NA,NA,NA,NA,NA,NA,NA,NA,NA,NA,"",2013,"SMMP",18
"52465","R","253123766","NOCA","91","5","1","5","1","0","43.5","2013-05-04","07:00","LIK","LGC","A1","","FALSE","","","FALSE","FALSE","","","MBO","300","7","89","SMMP2013","","","","","","","","","","","","","","","","","","","","",NA,NA,NA,NA,NA,NA,NA,NA,NA,NA,NA,NA,NA,NA,NA,NA,NA,NA,NA,NA,NA,"","","","","","","","","","","","","","","","","","Repeat","","11","5/4/2013","",NA,NA,NA,NA,NA,NA,NA,NA,NA,NA,NA,NA,NA,NA,NA,NA,NA,NA,"",2013,"SMMP",18
"52540","R","242193989","NOCA","94","5","1","4","1","0","44.9","2013-05-09","07:10","CLB","BEP","D3","","FALSE","","","FALSE","FALSE","","","MBO","300","7","89","SMMP2013","","","","","","","","","","","","","","","","","","","","",NA,NA,NA,NA,NA,NA,NA,NA,NA,NA,NA,NA,NA,NA,NA,NA,NA,NA,NA,NA,NA,"","","","","","","","","","","","","","","","","","Repeat","","15","5/9/2013","",NA,NA,NA,NA,NA,NA,NA,NA,NA,NA,NA,NA,NA,NA,NA,NA,NA,NA,"",2013,"SMMP",19
"52593","1","253123635","NOCA","92","1","1","4","1","0","41.7","2013-05-12","05:50","LIK","DDA","H2","","FALSE","","","FALSE","FALSE","","","MBO","300","","","SMMP2013","","","","","","","","","","","","","","","","","","","","",NA,NA,NA,NA,NA,NA,NA,NA,NA,NA,NA,NA,NA,NA,NA,NA,NA,NA,NA,NA,NA,"","","","","","","","","","","","","","","","","","Banded","","","5/12/2013","",NA,NA,NA,NA,NA,NA,NA,NA,NA,NA,NA,NA,NA,NA,NA,NA,NA,NA,"",2013,"SMMP",19
"52620","R","242170875","NOCA","91","1","1","5","B","0","45.2","2013-05-12","09:40","LIK","LIR","B3","","FALSE","","","FALSE","FALSE","","","MBO","300","7","89","SMMP2013","","","","","","","","","","","","","","","","","","","","",NA,NA,NA,NA,NA,NA,NA,NA,NA,NA,NA,NA,NA,NA,NA,NA,NA,NA,NA,NA,NA,"","","","","","","","","","","","","","","","","","Return","","248","5/12/2013","",NA,NA,NA,NA,NA,NA,NA,NA,NA,NA,NA,NA,NA,NA,NA,NA,NA,NA,"",2013,"SMMP",19
"52692","R","253123767","NOCA","90","1","1","5","B","0","46.2","2013-05-16","08:10","LIK","MAH","C1","","FALSE","","","FALSE","FALSE","","","MBO","300","7","89","SMMP2013","","","","","","","","","","","","","","","","","","","","",NA,NA,NA,NA,NA,NA,NA,NA,NA,NA,NA,NA,NA,NA,NA,NA,NA,NA,NA,NA,NA,"","","","","","","","","","","","","","","","","","Return","","181","5/16/2013","",NA,NA,NA,NA,NA,NA,NA,NA,NA,NA,NA,NA,NA,NA,NA,NA,NA,NA,"",2013,"SMMP",20
"52733","R","242193996","NOCA","98","1","1","4","1","0","43.9","2013-05-17","08:40","LIK","PAS","H1","","FALSE","","","FALSE","FALSE","","","MBO","300","7","89","SMMP2013","","","","","","","","","","","","","","","","","","","","",NA,NA,NA,NA,NA,NA,NA,NA,NA,NA,NA,NA,NA,NA,NA,NA,NA,NA,NA,NA,NA,"","","","","","","","","","","","","","","","","","Return","","204","5/17/2013","",NA,NA,NA,NA,NA,NA,NA,NA,NA,NA,NA,NA,NA,NA,NA,NA,NA,NA,"",2013,"SMMP",20
"52757","R","242193996","NOCA","98","1","1","4","1","0","42.4","2013-05-18","06:10","LIK","EBO","H1","","FALSE","","","FALSE","FALSE","","","MBO","300","7","89","SMMP2013","","","","","","","","","","","","","","","","","","","","",NA,NA,NA,NA,NA,NA,NA,NA,NA,NA,NA,NA,NA,NA,NA,NA,NA,NA,NA,NA,NA,"","","","","","","","","","","","","","","","","4/22/2020 12:22","Repeat","","1","5/18/2013","",NA,NA,NA,NA,NA,NA,NA,NA,NA,NA,NA,NA,NA,NA,NA,NA,NA,NA,"",2013,"SMMP",20
"53291","R","242170506","NOCA","92","1","1","5","B","0","46.8","2013-06-06","08:50","LIK","LIK","M3","","FALSE","","","TRUE","FALSE","","","MBO","300","7","89","MAPS2013","","","","","","","","","","","","","","","","","","","","",NA,NA,NA,NA,NA,NA,NA,NA,NA,NA,NA,NA,NA,NA,NA,NA,NA,NA,NA,NA,NA,"","","","","","","","","","","","","","","","","","Return","","616","6/6/2013","",NA,NA,NA,NA,NA,NA,NA,NA,NA,NA,NA,NA,NA,NA,NA,NA,NA,NA,"",2013,"MAPS",23
"53326","R","253123783","NOCA","89","1","1","5","B","0","40.1","2013-06-23","08:00","LIK","LIK","M6","","FALSE","","","FALSE","FALSE","","","MBO","300","7","89","MAPS2013","","","","","","","","","","","","","","","","","","","","",NA,NA,NA,NA,NA,NA,NA,NA,NA,NA,NA,NA,NA,NA,NA,NA,NA,NA,NA,NA,NA,"","","","","","","","","","","","","","","","","","Repeat","","61","6/23/2013","",NA,NA,NA,NA,NA,NA,NA,NA,NA,NA,NA,NA,NA,NA,NA,NA,NA,NA,"",2013,"MAPS",25
"53350","1","189191668","NOCA","85","2","1","0","1","0","39.5","2013-07-06","08:30","MBL","LIK","M5","","FALSE","","","FALSE","FALSE","","","MBO","300","","","MAPS2013","","","","","","","","","","","","","","","","","","","","",NA,NA,NA,NA,NA,NA,NA,NA,NA,NA,NA,NA,NA,NA,NA,NA,NA,NA,NA,NA,NA,"","","","","","","","","","","","","","","","","","Banded","","","7/6/2013","",NA,NA,NA,NA,NA,NA,NA,NA,NA,NA,NA,NA,NA,NA,NA,NA,NA,NA,"",2013,"MAPS",27
"53351","1","189191669","NOCA","89","2","1","0","1","0","40.1","2013-07-06","08:30","MBL","LIK","M5","","FALSE","","","FALSE","FALSE","","","MBO","300","","","MAPS2013","","","","","","","","","","","","","","","","","","","","",NA,NA,NA,NA,NA,NA,NA,NA,NA,NA,NA,NA,NA,NA,NA,NA,NA,NA,NA,NA,NA,"","","","","","","","","","","","","","","","","","Banded","","","7/6/2013","",NA,NA,NA,NA,NA,NA,NA,NA,NA,NA,NA,NA,NA,NA,NA,NA,NA,NA,"",2013,"MAPS",27
"53352","1","189191670","NOCA","86","2","1","0","1","0","44.5","2013-07-06","08:30","LIK","LIK","M5","","FALSE","","","FALSE","FALSE","","","MBO","300","","","MAPS2013","","","","","","","","","","","","","","","","","","","","",NA,NA,NA,NA,NA,NA,NA,NA,NA,NA,NA,NA,NA,NA,NA,NA,NA,NA,NA,NA,NA,"","","","","","","","","","","","","","","","","","Banded","","","7/6/2013","",NA,NA,NA,NA,NA,NA,NA,NA,NA,NA,NA,NA,NA,NA,NA,NA,NA,NA,"",2013,"MAPS",27
"53391","R","189191668","NOCA","85","2","1","0","1","0","36.4","2013-07-21","06:00","LIK","LIK","M8","","FALSE","","","FALSE","FALSE","","","MBO","300","7","89","MAPS2013","","","","","","","","","","","","","","","","","","","","",NA,NA,NA,NA,NA,NA,NA,NA,NA,NA,NA,NA,NA,NA,NA,NA,NA,NA,NA,NA,NA,"","","","","","","","","","","","","","","","","","Repeat","","15","7/21/2013","",NA,NA,NA,NA,NA,NA,NA,NA,NA,NA,NA,NA,NA,NA,NA,NA,NA,NA,"",2013,"MAPS",29
"53508","1","189191692","NOCA","90","2","1","4","1","0","41.6","2013-08-01","07:30","NIB","JCR","N3","","FALSE","","","FALSE","FALSE","","","MBO","300","","","FMMP2013","","","","","","","","","","","","","","","","","","","","",NA,NA,NA,NA,NA,NA,NA,NA,NA,NA,NA,NA,NA,NA,NA,NA,NA,NA,NA,NA,NA,"","","","","","","","","","","","","","","","","","Banded","","","8/1/2013","",NA,NA,NA,NA,NA,NA,NA,NA,NA,NA,NA,NA,NA,NA,NA,NA,NA,NA,"",2013,"FMMP",31
"53511","R","242170875","NOCA","91","1","1","5","B","0","44.7","2013-08-01","07:40","NIB","JCR","N3","","FALSE","","","FALSE","FALSE","","","MBO","300","7","89","FMMP2013","","","","","","","","","","","","","","","","","","","","",NA,NA,NA,NA,NA,NA,NA,NA,NA,NA,NA,NA,NA,NA,NA,NA,NA,NA,NA,NA,NA,"","","","","","","","","","","","","","","","","","Repeat","","81","8/1/2013","",NA,NA,NA,NA,NA,NA,NA,NA,NA,NA,NA,NA,NA,NA,NA,NA,NA,NA,"",2013,"FMMP",31
"53520","R","253123766","NOCA","87","1","1","5","B","0","48.1","2013-08-01","08:40","NIB","CPP","C1","","FALSE","","","FALSE","FALSE","","","MBO","300","7","89","FMMP2013","","","","","","","","","","","","","","","","","","","","",NA,NA,NA,NA,NA,NA,NA,NA,NA,NA,NA,NA,NA,NA,NA,NA,NA,NA,NA,NA,NA,"","","","","","","","","","","","","","","","","","Repeat","","89","8/1/2013","",NA,NA,NA,NA,NA,NA,NA,NA,NA,NA,NA,NA,NA,NA,NA,NA,NA,NA,"",2013,"FMMP",31
"53621","1","189191699","NOCA","87","2","1","4","1","1","41.6","2013-08-03","06:50","SID","SID","D3","","FALSE","","","FALSE","FALSE","","","MBO","300","","","FMMP2013","","","","","","","","","","","","","","","","","","","","",NA,NA,NA,NA,NA,NA,NA,NA,NA,NA,NA,NA,NA,NA,NA,NA,NA,NA,NA,NA,NA,"","","","","","","","","","","","","","","","","","Banded","","","8/3/2013","",NA,NA,NA,NA,NA,NA,NA,NA,NA,NA,NA,NA,NA,NA,NA,NA,NA,NA,"",2013,"FMMP",31
"53770","R","242193989","NOCA","92","1","1","4","1","0","47.8","2013-08-06","07:30","SID","RDJ","A2","","FALSE","","","FALSE","FALSE","","","MBO","300","7","89","FMMP2013","","","","","","","","","","","","","","","","","","","","",NA,NA,NA,NA,NA,NA,NA,NA,NA,NA,NA,NA,NA,NA,NA,NA,NA,NA,NA,NA,NA,"","","","","","","","","","","","","","","","","","Repeat","","89","8/6/2013","",NA,NA,NA,NA,NA,NA,NA,NA,NA,NA,NA,NA,NA,NA,NA,NA,NA,NA,"",2013,"FMMP",32
"53771","R","189191668","NOCA","84","2","S","5","1","0","38.1","2013-08-06","08:20","SID","RDJ","C1","banded on left, right is ok","FALSE","","","TRUE","FALSE","","","MBO","300","7","89","FMMP2013","","","","","","","","","","","","","","","","","","","","",NA,NA,NA,NA,NA,NA,NA,NA,NA,NA,NA,NA,NA,NA,NA,NA,NA,NA,NA,NA,NA,"","","","","","","","","","","","","","","","","","Repeat","","16","8/6/2013","",NA,NA,NA,NA,NA,NA,NA,NA,NA,NA,NA,NA,NA,NA,NA,NA,NA,NA,"",2013,"FMMP",32
"53855","R","253123766","NOCA","89","1","1","5","1","0","41.9","2013-08-08","06:40","RDT","NAG","A2","","FALSE","","","FALSE","FALSE","","","MBO","300","7","89","FMMP2013","","","","","","","","","","","","","","","","","","","","",NA,NA,NA,NA,NA,NA,NA,NA,NA,NA,NA,NA,NA,NA,NA,NA,NA,NA,NA,NA,NA,"","","","","","","","","","","","","","","","","","Repeat","","7","8/8/2013","",NA,NA,NA,NA,NA,NA,NA,NA,NA,NA,NA,NA,NA,NA,NA,NA,NA,NA,"",2013,"FMMP",32
"53884","R","189191670","NOCA","87","2","1","4","1","0","40.2","2013-08-09","06:30","NIB","ALH","C2","","FALSE","","","TRUE","FALSE","","","MBO","300","7","89","FMMP2013","","","","","","","","","","","","","","","","","","","","",NA,NA,NA,NA,NA,NA,NA,NA,NA,NA,NA,NA,NA,NA,NA,NA,NA,NA,NA,NA,NA,"","","","","","","","","","","","","","","","","","Repeat","","34","8/9/2013","",NA,NA,NA,NA,NA,NA,NA,NA,NA,NA,NA,NA,NA,NA,NA,NA,NA,NA,"",2013,"FMMP",32
"53961","R","253123766","NOCA","87","5","1","5","B","0","42","2013-08-10","07:20","LIK","JER","A2","","FALSE","","","FALSE","FALSE","","","MBO","300","7","89","FMMP2013","","","","","","","","","","","","","","","","","","","","",NA,NA,NA,NA,NA,NA,NA,NA,NA,NA,NA,NA,NA,NA,NA,NA,NA,NA,NA,NA,NA,"","","","","","","","","","","","","","","","","","Repeat","","2","8/10/2013","",NA,NA,NA,NA,NA,NA,NA,NA,NA,NA,NA,NA,NA,NA,NA,NA,NA,NA,"",2013,"FMMP",32
"54018","R","189191692","NOCA","90","2","1","4","1","0","42.8","2013-08-12","09:30","RDT","MFB","B3","","FALSE","","","FALSE","FALSE","","","MBO","300","7","89","FMMP2013","","","","","","","","","","","","","","","","","","","","",NA,NA,NA,NA,NA,NA,NA,NA,NA,NA,NA,NA,NA,NA,NA,NA,NA,NA,NA,NA,NA,"","","","","","","","","","","","","","","","","","Repeat","","11","8/12/2013","",NA,NA,NA,NA,NA,NA,NA,NA,NA,NA,NA,NA,NA,NA,NA,NA,NA,NA,"",2013,"FMMP",32
"54050","R","189191670","NOCA","85","2","1","4","1","0","41.9","2013-08-13","09:40","SID","RDJ","B2","","FALSE","","","TRUE","FALSE","","","MBO","300","7","89","FMMP2013","","","","","","","","","","","","","","","","","","","","",NA,NA,NA,NA,NA,NA,NA,NA,NA,NA,NA,NA,NA,NA,NA,NA,NA,NA,NA,NA,NA,"","","","","","","","","","","","","","","","","","Repeat","","4","8/13/2013","",NA,NA,NA,NA,NA,NA,NA,NA,NA,NA,NA,NA,NA,NA,NA,NA,NA,NA,"",2013,"FMMP",33
"54051","1","256109203","NOCA","94","2","1","4","1","0","46.2","2013-08-13","09:40","SID","RDJ","D3","","FALSE","","","FALSE","FALSE","","","MBO","300","","","FMMP2013","","","","","","","","","","","","","","","","","","","","",NA,NA,NA,NA,NA,NA,NA,NA,NA,NA,NA,NA,NA,NA,NA,NA,NA,NA,NA,NA,NA,"","","","","","","","","","","","","","","","","","Banded","","","8/13/2013","",NA,NA,NA,NA,NA,NA,NA,NA,NA,NA,NA,NA,NA,NA,NA,NA,NA,NA,"",2013,"FMMP",33
"54177","R","253123766","NOCA","88","1","1","5","B","0","40.6","2013-08-18","06:30","SID","LGC","A2","","FALSE","","","FALSE","FALSE","","","MBO","300","7","89","FMMP2013","","","","","","","","","","","","","","","","","","","","",NA,NA,NA,NA,NA,NA,NA,NA,NA,NA,NA,NA,NA,NA,NA,NA,NA,NA,NA,NA,NA,"","","","","","","","","","","","","","","","","","Repeat","","8","8/18/2013","",NA,NA,NA,NA,NA,NA,NA,NA,NA,NA,NA,NA,NA,NA,NA,NA,NA,NA,"",2013,"FMMP",33
"54244","R","242193989","NOCA","91","1","1","4","1","0","46.3","2013-08-20","07:10","SID","CIB","A2","","FALSE","","","FALSE","FALSE","","","MBO","300","7","89","FMMP2013","","","","","","","","","","","","","","","","","","","","",NA,NA,NA,NA,NA,NA,NA,NA,NA,NA,NA,NA,NA,NA,NA,NA,NA,NA,NA,NA,NA,"","","","","","","","","","","","","","","","","","Repeat","","14","8/20/2013","",NA,NA,NA,NA,NA,NA,NA,NA,NA,NA,NA,NA,NA,NA,NA,NA,NA,NA,"",2013,"FMMP",34
"54297","R","189191692","NOCA","89","2","1","4","1","0","45.2","2013-08-21","10:40","RDT","MFB","B2","","FALSE","","","FALSE","FALSE","","","MBO","300","7","89","FMMP2013","","","","","","","","","","","","","","","","","","","","",NA,NA,NA,NA,NA,NA,NA,NA,NA,NA,NA,NA,NA,NA,NA,NA,NA,NA,NA,NA,NA,"","","","","","","","","","","","","","","","","","Repeat","","9","8/21/2013","",NA,NA,NA,NA,NA,NA,NA,NA,NA,NA,NA,NA,NA,NA,NA,NA,NA,NA,"",2013,"FMMP",34
"54305","R","253123766","NOCA","88","1","1","5","1","0","39.7","2013-08-22","07:00","SID","CAT","A2","","FALSE","","","FALSE","FALSE","","","MBO","300","7","89","FMMP2013","","","","","","","","","","","","","","","","","","","","",NA,NA,NA,NA,NA,NA,NA,NA,NA,NA,NA,NA,NA,NA,NA,NA,NA,NA,NA,NA,NA,"","","","","","","","","","","","","","","","","","Repeat","","4","8/22/2013","",NA,NA,NA,NA,NA,NA,NA,NA,NA,NA,NA,NA,NA,NA,NA,NA,NA,NA,"",2013,"FMMP",34
"54379","R","189191692","NOCA","89","2","1","4","1","0","41.7","2013-08-24","07:00","SID","LGC","B3","","FALSE","","","FALSE","FALSE","","","MBO","300","7","89","FMMP2013","","","","","","","","","","","","","","","","","","","","",NA,NA,NA,NA,NA,NA,NA,NA,NA,NA,NA,NA,NA,NA,NA,NA,NA,NA,NA,NA,NA,"","","","","","","","","","","","","","","","","","Repeat","","3","8/24/2013","",NA,NA,NA,NA,NA,NA,NA,NA,NA,NA,NA,NA,NA,NA,NA,NA,NA,NA,"",2013,"FMMP",34
"54703","1","256109240","NOCA","88","2","1","5","1","0","40.8","2013-08-28","10:30","RDT","RDJ","E1","","FALSE","","","FALSE","FALSE","","","MBO","300","","","FMMP2013","","","","","","","","","","","","","","","","","","","","",NA,NA,NA,NA,NA,NA,NA,NA,NA,NA,NA,NA,NA,NA,NA,NA,NA,NA,NA,NA,NA,"","","","","","","","","","","","","","","","","","Banded","","","8/28/2013","",NA,NA,NA,NA,NA,NA,NA,NA,NA,NA,NA,NA,NA,NA,NA,NA,NA,NA,"",2013,"FMMP",35
"54877","1","256109247","NOCA","87","2","1","4","1","0","43.9","2013-09-01","08:40","LIK","CAR","N1","pox lesions on beak and right foot","FALSE","","","FALSE","FALSE","","","MBO","300","","","FMMP2013","","","","","","","","","","","","","","","","","","","","",NA,NA,NA,NA,NA,NA,NA,NA,NA,NA,NA,NA,NA,NA,NA,NA,NA,NA,NA,NA,NA,"","","","","","","","","","","","","","","","","","Banded","","","9/1/2013","",NA,NA,NA,NA,NA,NA,NA,NA,NA,NA,NA,NA,NA,NA,NA,NA,NA,NA,"",2013,"FMMP",35
"54881","1","256109248","NOCA","82","2","1","4","1","0","36.1","2013-09-01","09:20","GEG","JOG","A1","","FALSE","","","FALSE","FALSE","","","MBO","300","","","FMMP2013","","","","","","","","","","","","","","","","","","","","",NA,NA,NA,NA,NA,NA,NA,NA,NA,NA,NA,NA,NA,NA,NA,NA,NA,NA,NA,NA,NA,"","","","","","","","","","","","","","","","","","Banded","","","9/1/2013","",NA,NA,NA,NA,NA,NA,NA,NA,NA,NA,NA,NA,NA,NA,NA,NA,NA,NA,"",2013,"FMMP",35
"55101","R","189191670","NOCA","86","2","1","4","1","0","44.4","2013-09-05","08:20","SID","FM","N1","","FALSE","","","TRUE","FALSE","","","MBO","300","7","89","FMMP2013","","","","","","","","","","","","","","","","","","","","",NA,NA,NA,NA,NA,NA,NA,NA,NA,NA,NA,NA,NA,NA,NA,NA,NA,NA,NA,NA,NA,"","","","","","","","","","","","","","","","","","Repeat","","23","9/5/2013","",NA,NA,NA,NA,NA,NA,NA,NA,NA,NA,NA,NA,NA,NA,NA,NA,NA,NA,"",2013,"FMMP",36
"55582","R","189191692","NOCA","90","2","1","4","1","0","44.4","2013-09-15","07:10","LIK","CKL","N1","molting p6-8, s6-9","FALSE","","","FALSE","FALSE","","","MBO","300","7","89","FMMP2013","","","","","","","","","","","","","","","","","","","","",NA,NA,NA,NA,NA,NA,NA,NA,NA,NA,NA,NA,NA,NA,NA,NA,NA,NA,NA,NA,NA,"","","","","","","","","","","","","","","","","4/23/2020 10:16","Repeat","","22","9/15/2013","",NA,NA,NA,NA,NA,NA,NA,NA,NA,NA,NA,NA,NA,NA,NA,NA,NA,NA,"",2013,"FMMP",37
"55795","1","256109271","NOCA","86","2","1","5","1","0","37.4","2013-09-19","09:40","RDT","SID","A2","","FALSE","","","FALSE","FALSE","","","MBO","300","","","FMMP2013","","","","","","","","","","","","","","","","","","","","",NA,NA,NA,NA,NA,NA,NA,NA,NA,NA,NA,NA,NA,NA,NA,NA,NA,NA,NA,NA,NA,"","","","","","","","","","","","","","","","","","Banded","","","9/19/2013","",NA,NA,NA,NA,NA,NA,NA,NA,NA,NA,NA,NA,NA,NA,NA,NA,NA,NA,"",2013,"FMMP",38
"55855","1","256109275","NOCA","91","2","1","0","1","0","41.1","2013-09-20","11:50","CLB","CAR","A2","","FALSE","","","FALSE","FALSE","","","MBO","300","","","FMMP2013","","","","","","","","","","","","","","","","","","","","",NA,NA,NA,NA,NA,NA,NA,NA,NA,NA,NA,NA,NA,NA,NA,NA,NA,NA,NA,NA,NA,"","","","","","","","","","","","","","","","","","Banded","","","9/20/2013","",NA,NA,NA,NA,NA,NA,NA,NA,NA,NA,NA,NA,NA,NA,NA,NA,NA,NA,"",2013,"FMMP",38
"56569","R","253123766","NOCA","88","0","1","5","1","0","45.2","2013-10-04","08:00","SID","NAG","D1","","FALSE","","","FALSE","FALSE","","","MBO","300","7","89","FMMP2013","","","","","","","","","","","","","","","","","","","","",NA,NA,NA,NA,NA,NA,NA,NA,NA,NA,NA,NA,NA,NA,NA,NA,NA,NA,NA,NA,NA,"","","","","","","","","","","","","","","","","","Repeat","","43","10/4/2013","",NA,NA,NA,NA,NA,NA,NA,NA,NA,NA,NA,NA,NA,NA,NA,NA,NA,NA,"",2013,"FMMP",40
"56692","1","256109287","NOCA","92","2","1","5","1","0","45.3","2013-10-05","09:40","NIB","BEP","N3","","FALSE","","","FALSE","FALSE","","","MBO","300","","","FMMP2013","","","","","","","","","","","","","","","","","","","","",NA,NA,NA,NA,NA,NA,NA,NA,NA,NA,NA,NA,NA,NA,NA,NA,NA,NA,NA,NA,NA,"","","","","","","","","","","","","","","","","","Banded","","","10/5/2013","",NA,NA,NA,NA,NA,NA,NA,NA,NA,NA,NA,NA,NA,NA,NA,NA,NA,NA,"",2013,"FMMP",40
"56938","1","256109288","NOCA","90","2","1","4","1","0","43","2013-10-09","08:10","SID","CIB","D1","","FALSE","","","FALSE","FALSE","","","MBO","300","","","FMMP2013","","","","","","","","","","","","","","","","","","","","",NA,NA,NA,NA,NA,NA,NA,NA,NA,NA,NA,NA,NA,NA,NA,NA,NA,NA,NA,NA,NA,"","","","","","","","","","","","","","","","","","Banded","","","10/9/2013","",NA,NA,NA,NA,NA,NA,NA,NA,NA,NA,NA,NA,NA,NA,NA,NA,NA,NA,"",2013,"FMMP",41
"57199","R","189191692","NOCA","89","2","1","4","1","0","45.7","2013-10-13","08:30","GEG","CAR","H2","molting s6","FALSE","","","FALSE","FALSE","","","MBO","300","7","89","FMMP2013","","","","","","","","","","","","","","","","","","","","",NA,NA,NA,NA,NA,NA,NA,NA,NA,NA,NA,NA,NA,NA,NA,NA,NA,NA,NA,NA,NA,"","","","","","","","","","","","","","","","","","Repeat","","28","10/13/2013","",NA,NA,NA,NA,NA,NA,NA,NA,NA,NA,NA,NA,NA,NA,NA,NA,NA,NA,"",2013,"FMMP",41
"57497","1","256109303","NOCA","91","0","1","5","1","0","44.1","2013-10-19","10:40","LIK","NAG","E1","","FALSE","","","FALSE","FALSE","","","MBO","300","","","FMMP2013","","","","","","","","","","","","","","","","","","","","",NA,NA,NA,NA,NA,NA,NA,NA,NA,NA,NA,NA,NA,NA,NA,NA,NA,NA,NA,NA,NA,"","","","","","","","","","","","","","","","","","Banded","","","10/19/2013","",NA,NA,NA,NA,NA,NA,NA,NA,NA,NA,NA,NA,NA,NA,NA,NA,NA,NA,"",2013,"FMMP",42
"57810","R","256109303","NOCA","92","0","1","5","1","0","44.7","2013-10-30","09:30","SID","GED","A1","","FALSE","","","FALSE","FALSE","","","MBO","300","7","89","FMMP2013","","","","","","","","","","","","","","","","","","","","",NA,NA,NA,NA,NA,NA,NA,NA,NA,NA,NA,NA,NA,NA,NA,NA,NA,NA,NA,NA,NA,"","","","","","","","","","","","","","","","","","Repeat","","11","10/30/2013","",NA,NA,NA,NA,NA,NA,NA,NA,NA,NA,NA,NA,NA,NA,NA,NA,NA,NA,"",2013,"FMMP",44
"57893","1","256109306","NOCA","87","2","1","5","1","0","45.5","2013-11-06","09:00","NIB","GEG","V5","","FALSE","","","FALSE","FALSE","","","MBO","300","","","WINTER2013-14","","","","","","","","","","","","","","","","","","","","",NA,NA,NA,NA,NA,NA,NA,NA,NA,NA,NA,NA,NA,NA,NA,NA,NA,NA,NA,NA,NA,"","","","","","","","","","","","","","","","","","Banded","","","11/6/2013","",NA,NA,NA,NA,NA,NA,NA,NA,NA,NA,NA,NA,NA,NA,NA,NA,NA,NA,"",2013,"WINT",45
"57901","1","256109307","NOCA","88","2","1","4","1","0","46.6","2013-11-06","09:50","NIB","GEG","V5","","FALSE","","","FALSE","FALSE","","","MBO","300","","","WINTER2013-14","","","","","","","","","","","","","","","","","","","","",NA,NA,NA,NA,NA,NA,NA,NA,NA,NA,NA,NA,NA,NA,NA,NA,NA,NA,NA,NA,NA,"","","","","","","","","","","","","","","","","","Banded","","","11/6/2013","",NA,NA,NA,NA,NA,NA,NA,NA,NA,NA,NA,NA,NA,NA,NA,NA,NA,NA,"",2013,"WINT",45
"58005","1","256109308","NOCA","89","2","1","5","1","0","42.3","2013-11-21","09:40","GEG","ALH","V9","","FALSE","","","FALSE","FALSE","","","MBO","300","","","WINTER2013-14","","","","","","","","","","","","","","","","","","","","",NA,NA,NA,NA,NA,NA,NA,NA,NA,NA,NA,NA,NA,NA,NA,NA,NA,NA,NA,NA,NA,"","","","","","","","","","","","","","","","","","Banded","","","11/21/2013","",NA,NA,NA,NA,NA,NA,NA,NA,NA,NA,NA,NA,NA,NA,NA,NA,NA,NA,"",2013,"WINT",47
"58011","1","256109309","NOCA","89","1","1","4","1","0","46.2","2013-11-21","10:30","GEG","ALH","V9","","FALSE","","","FALSE","FALSE","","","MBO","300","","","WINTER2013-14","","","","","","","","","","","","","","","","","","","","",NA,NA,NA,NA,NA,NA,NA,NA,NA,NA,NA,NA,NA,NA,NA,NA,NA,NA,NA,NA,NA,"","","","","","","","","","","","","","","","","","Banded","","","11/21/2013","",NA,NA,NA,NA,NA,NA,NA,NA,NA,NA,NA,NA,NA,NA,NA,NA,NA,NA,"",2013,"WINT",47
"58012","1","256109310","NOCA","90","2","1","5","1","0","41.7","2013-11-21","10:30","GEG","ALH","V4","","FALSE","","","FALSE","FALSE","","","MBO","300","","","WINTER2013-14","","","","","","","","","","","","","","","","","","","","",NA,NA,NA,NA,NA,NA,NA,NA,NA,NA,NA,NA,NA,NA,NA,NA,NA,NA,NA,NA,NA,"","","","","","","","","","","","","","","","","","Banded","","","11/21/2013","",NA,NA,NA,NA,NA,NA,NA,NA,NA,NA,NA,NA,NA,NA,NA,NA,NA,NA,"",2013,"WINT",47
"58013","1","256109311","NOCA","91","2","1","4","1","0","50.3","2013-11-21","10:30","GEG","ALH","V9","","FALSE","","","FALSE","FALSE","","","MBO","300","","","WINTER2013-14","","","","","","","","","","","","","","","","","","","","",NA,NA,NA,NA,NA,NA,NA,NA,NA,NA,NA,NA,NA,NA,NA,NA,NA,NA,NA,NA,NA,"","","","","","","","","","","","","","","","","","Banded","","","11/21/2013","",NA,NA,NA,NA,NA,NA,NA,NA,NA,NA,NA,NA,NA,NA,NA,NA,NA,NA,"",2013,"WINT",47
"58019","1","256109312","NOCA","95","2","1","4","1","0","46.7","2013-11-21","11:00","GEG","ALH","V9","","FALSE","","","FALSE","FALSE","","","MBO","300","","","WINTER2013-14","","","","","","","","","","","","","","","","","","","","",NA,NA,NA,NA,NA,NA,NA,NA,NA,NA,NA,NA,NA,NA,NA,NA,NA,NA,NA,NA,NA,"","","","","","","","","","","","","","","","","","Banded","","","11/21/2013","",NA,NA,NA,NA,NA,NA,NA,NA,NA,NA,NA,NA,NA,NA,NA,NA,NA,NA,"",2013,"WINT",47
"58080","R","256109310","NOCA","90","0","1","5","1","0","42.7","2013-12-03","11:00","NIB","SID","V4","","FALSE","","","FALSE","FALSE","","","MBO","300","7","89","WINTER2013-14","","","","","","","","","","","","","","","","","","","","",NA,NA,NA,NA,NA,NA,NA,NA,NA,NA,NA,NA,NA,NA,NA,NA,NA,NA,NA,NA,NA,"","","","","","","","","","","","","","","","","","Repeat","","12","12/3/2013","",NA,NA,NA,NA,NA,NA,NA,NA,NA,NA,NA,NA,NA,NA,NA,NA,NA,NA,"",2013,"WINT",49
"58081","1","256109313","NOCA","93","2","1","4","1","0","46.2","2013-12-03","11:00","NIB","SID","V4","s6 retained","FALSE","","","FALSE","FALSE","","","MBO","300","","","WINTER2013-14","","","","","","","","","","","","","","","","","","","","",NA,NA,NA,NA,NA,NA,NA,NA,NA,NA,NA,NA,NA,NA,NA,NA,NA,NA,NA,NA,NA,"","","","","","","","","","","","","","","","","","Banded","","","12/3/2013","",NA,NA,NA,NA,NA,NA,NA,NA,NA,NA,NA,NA,NA,NA,NA,NA,NA,NA,"",2013,"WINT",49
"58082","1","256109314","NOCA","88","0","1","5","1","0","40.2","2013-12-03","11:00","NIB","SID","V5","","FALSE","","","FALSE","FALSE","","","MBO","300","","","WINTER2013-14","","","","","","","","","","","","","","","","","","","","",NA,NA,NA,NA,NA,NA,NA,NA,NA,NA,NA,NA,NA,NA,NA,NA,NA,NA,NA,NA,NA,"","","","","","","","","","","","","","","","","","Banded","","","12/3/2013","",NA,NA,NA,NA,NA,NA,NA,NA,NA,NA,NA,NA,NA,NA,NA,NA,NA,NA,"",2013,"WINT",49
"58127","R","242170875","NOCA","91","1","1","5","1","2","47.6","2014-04-18","08:10","SID","MFB","N3","","FALSE","","","FALSE","FALSE","","","MBO","300","7","89","SMMP2014","","","","","","","","","","","","","","","","","","","","",NA,NA,NA,NA,NA,NA,NA,NA,NA,NA,NA,NA,NA,NA,NA,NA,NA,NA,NA,NA,NA,"","","","","","","","","","","","","","","","","","Return","","260","4/18/2014","",NA,NA,NA,NA,NA,NA,NA,NA,NA,NA,NA,NA,NA,NA,NA,NA,NA,NA,"",2014,"SMMP",16
"58718","1","256132047","NOCA","89","5","1","4","1","0","46.2","2014-05-11","06:20","LGC","LIK","E2","banded on left due to old leg pox lesion","FALSE","","","FALSE","FALSE","","","MBO","300","","","SMMP2014","","","","","","","","","","","","","","","","","","","","",NA,NA,NA,NA,NA,NA,NA,NA,NA,NA,NA,NA,NA,NA,NA,NA,NA,NA,NA,NA,NA,"","","","","","","","","","","","","","","","","","Banded","","","5/11/2014","",NA,NA,NA,NA,NA,NA,NA,NA,NA,NA,NA,NA,NA,NA,NA,NA,NA,NA,"",2014,"SMMP",19
"58825","1","256132057","NOCA","92","5","1","4","1","0","44.7","2014-05-12","11:10","GEG","LGC","E2","","FALSE","","","FALSE","FALSE","","","MBO","300","","","SMMP2014","","","","","","","","","","","","","","","","","","","","",NA,NA,NA,NA,NA,NA,NA,NA,NA,NA,NA,NA,NA,NA,NA,NA,NA,NA,NA,NA,NA,"","","","","","","","","","","","","","","","","","Banded","","","5/12/2014","",NA,NA,NA,NA,NA,NA,NA,NA,NA,NA,NA,NA,NA,NA,NA,NA,NA,NA,"",2014,"SMMP",19
"58881","R","256109311","NOCA","90","5","1","4","1","0","46.4","2014-05-13","09:50","SID","ALH","A1","ret inner ss","FALSE","","","FALSE","FALSE","","","MBO","300","7","89","SMMP2014","","","","","","","","","","","","","","","","","","","","",NA,NA,NA,NA,NA,NA,NA,NA,NA,NA,NA,NA,NA,NA,NA,NA,NA,NA,NA,NA,NA,"","","","","","","","","","","","","","","","","","Return","","173","5/13/2014","",NA,NA,NA,NA,NA,NA,NA,NA,NA,NA,NA,NA,NA,NA,NA,NA,NA,NA,"",2014,"SMMP",19
"59297","1","256132091","NOCA","89","5","1","5","B","2","51.5","2014-05-22","07:30","LGC","SID","D1","","FALSE","","","FALSE","FALSE","","","MBO","300","","","SMMP2014","","","","","","","","","","","","","","","","","","","","",NA,NA,NA,NA,NA,NA,NA,NA,NA,NA,NA,NA,NA,NA,NA,NA,NA,NA,NA,NA,NA,"","","","","","","","","","","","","","","","","","Banded","","","5/22/2014","",NA,NA,NA,NA,NA,NA,NA,NA,NA,NA,NA,NA,NA,NA,NA,NA,NA,NA,"",2014,"SMMP",21
"59338","R","242193989","NOCA","90","1","1","4","1","0","49.3","2014-05-22","10:20","NIB","GED","C1","","FALSE","","","FALSE","FALSE","","","MBO","300","7","89","SMMP2014","","","","","","","","","","","","","","","","","","","","",NA,NA,NA,NA,NA,NA,NA,NA,NA,NA,NA,NA,NA,NA,NA,NA,NA,NA,NA,NA,NA,"","","","","","","","","","","","","","","","","","Return","","275","5/22/2014","",NA,NA,NA,NA,NA,NA,NA,NA,NA,NA,NA,NA,NA,NA,NA,NA,NA,NA,"",2014,"SMMP",21
"59350","R","256109311","NOCA","90","5","1","4","1","0","46.1","2014-05-22","10:50","LGC","GED","D4","","FALSE","","","FALSE","FALSE","","","MBO","300","7","89","SMMP2014","","","","","","","","","","","","","","","","","","","","",NA,NA,NA,NA,NA,NA,NA,NA,NA,NA,NA,NA,NA,NA,NA,NA,NA,NA,NA,NA,NA,"","","","","","","","","","","","","","","","","","Repeat","","9","5/22/2014","",NA,NA,NA,NA,NA,NA,NA,NA,NA,NA,NA,NA,NA,NA,NA,NA,NA,NA,"",2014,"SMMP",21
"59405","1","256132097","NOCA","92","5","1","5","B","0","43.6","2014-05-23","09:50","SID","HIK","B3","","FALSE","","","FALSE","FALSE","","","MBO","300","","","SMMP2014","","","","","","","","","","","","","","","","","","","","",NA,NA,NA,NA,NA,NA,NA,NA,NA,NA,NA,NA,NA,NA,NA,NA,NA,NA,NA,NA,NA,"","","","","","","","","","","","","","","","","","Banded","","","5/23/2014","",NA,NA,NA,NA,NA,NA,NA,NA,NA,NA,NA,NA,NA,NA,NA,NA,NA,NA,"",2014,"SMMP",21
"59898","R","242193989","NOCA","95","1","1","4","1","0","48.1","2014-06-15","07:00","GEG","GEG","M2","","FALSE","","","FALSE","FALSE","","","MBO","300","7","89","MAPS2014","","","","","","","","","","","","","","","","","","","","",NA,NA,NA,NA,NA,NA,NA,NA,NA,NA,NA,NA,NA,NA,NA,NA,NA,NA,NA,NA,NA,"","","","","","","","","","","","","","","","","","Repeat","","24","6/15/2014","",NA,NA,NA,NA,NA,NA,NA,NA,NA,NA,NA,NA,NA,NA,NA,NA,NA,NA,"",2014,"MAPS",24
"59903","R","189191669","NOCA","88","1","1","5","B","0","49.3","2014-06-15","09:20","GEG","GEG","M3","","FALSE","","","TRUE","FALSE","","","MBO","300","7","89","MAPS2014","","","","","","","","","","","","","","","","","","","","",NA,NA,NA,NA,NA,NA,NA,NA,NA,NA,NA,NA,NA,NA,NA,NA,NA,NA,NA,NA,NA,"","","","","","","","","","","","","","","","","","Return","","344","6/15/2014","",NA,NA,NA,NA,NA,NA,NA,NA,NA,NA,NA,NA,NA,NA,NA,NA,NA,NA,"",2014,"MAPS",24
"59940","1","256132209","NOCA","87","2","1","0","1","0","38.7","2014-07-05","07:10","ALH","ALH","M6","","FALSE","","","FALSE","FALSE","","","MBO","300","","","MAPS2014","","","","","","","","","","","","","","","","","","","","",NA,NA,NA,NA,NA,NA,NA,NA,NA,NA,NA,NA,NA,NA,NA,NA,NA,NA,NA,NA,NA,"","","","","","","","","","","","","","","","","","Banded","","","7/5/2014","",NA,NA,NA,NA,NA,NA,NA,NA,NA,NA,NA,NA,NA,NA,NA,NA,NA,NA,"",2014,"MAPS",27
"60044","R","256132091","NOCA","89","5","1","5","B","0","43.3","2014-07-30","05:40","ALH","ALH","M9","","FALSE","","","FALSE","FALSE","","","MBO","300","7","89","MAPS2014","","","","","","","","","","","","","","","","","","","","",NA,NA,NA,NA,NA,NA,NA,NA,NA,NA,NA,NA,NA,NA,NA,NA,NA,NA,NA,NA,NA,"","","","","","","","","","","","","","","","","","Repeat","","69","7/30/2014","",NA,NA,NA,NA,NA,NA,NA,NA,NA,NA,NA,NA,NA,NA,NA,NA,NA,NA,"",2014,"MAPS",31
"60133","R","242193989","NOCA","95","1","1","4","1","0","47.5","2014-08-02","08:00","SID","CAR","D3","","FALSE","","","FALSE","FALSE","","","MBO","300","7","89","FMMP2014","","","","","","","","","","","","","","","","","","","","",NA,NA,NA,NA,NA,NA,NA,NA,NA,NA,NA,NA,NA,NA,NA,NA,NA,NA,NA,NA,NA,"","","","","","","","","","","","","","","","","","Repeat","","48","8/2/2014","",NA,NA,NA,NA,NA,NA,NA,NA,NA,NA,NA,NA,NA,NA,NA,NA,NA,NA,"",2014,"FMMP",31
"60160","R","256132097","NOCA","90","1","1","5","B","0","44.2","2014-08-03","07:20","LIK","BEP","B2","","FALSE","","","FALSE","FALSE","","","MBO","300","7","89","FMMP2014","","","","","","","","","","","","","","","","","","","","",NA,NA,NA,NA,NA,NA,NA,NA,NA,NA,NA,NA,NA,NA,NA,NA,NA,NA,NA,NA,NA,"","","","","","","","","","","","","","","","","","Repeat","","72","8/3/2014","",NA,NA,NA,NA,NA,NA,NA,NA,NA,NA,NA,NA,NA,NA,NA,NA,NA,NA,"",2014,"FMMP",31
"60279","R","242193996","NOCA","96","1","1","4","1","0","46.2","2014-08-07","06:30","NIB","AAA","B2","","FALSE","","","FALSE","FALSE","","","MBO","300","7","89","FMMP2014","","","","","","","","","","","","","","","","","","","","",NA,NA,NA,NA,NA,NA,NA,NA,NA,NA,NA,NA,NA,NA,NA,NA,NA,NA,NA,NA,NA,"","","","","","","","","","","","","","","","","","Return","","446","8/7/2014","",NA,NA,NA,NA,NA,NA,NA,NA,NA,NA,NA,NA,NA,NA,NA,NA,NA,NA,"",2014,"FMMP",32
"60321","1","256132147","NOCA","90","2","1","4","1","1","40.5","2014-08-07","10:50","ACM","AAA","C2","","FALSE","","","FALSE","FALSE","","","MBO","300","","","FMMP2014","","","","","","","","","","","","","","","","","","","","",NA,NA,NA,NA,NA,NA,NA,NA,NA,NA,NA,NA,NA,NA,NA,NA,NA,NA,NA,NA,NA,"","","","","","","","","","","","","","","","","","Banded","","","8/7/2014","",NA,NA,NA,NA,NA,NA,NA,NA,NA,NA,NA,NA,NA,NA,NA,NA,NA,NA,"",2014,"FMMP",32
"60361","R","256132097","NOCA","89","1","1","5","1","1","45.8","2014-08-08","10:10","ACM","CCT","N3","","FALSE","","","FALSE","FALSE","","","MBO","300","7","89","FMMP2014","","","","","","","","","","","","","","","","","","","","",NA,NA,NA,NA,NA,NA,NA,NA,NA,NA,NA,NA,NA,NA,NA,NA,NA,NA,NA,NA,NA,"","","","","","","","","","","","","","","","","","Repeat","","5","8/8/2014","",NA,NA,NA,NA,NA,NA,NA,NA,NA,NA,NA,NA,NA,NA,NA,NA,NA,NA,"",2014,"FMMP",32
"60660","R","256132097","NOCA","90","5","1","5","B","0","41.3","2014-08-18","11:10","ACM","GEG","B3","","FALSE","","","FALSE","FALSE","","","MBO","300","7","89","FMMP2014","","","","","","","","","","","","","","","","","","","","",NA,NA,NA,NA,NA,NA,NA,NA,NA,NA,NA,NA,NA,NA,NA,NA,NA,NA,NA,NA,NA,"","","","","","","","","","","","","","","","","","Repeat","","10","8/18/2014","",NA,NA,NA,NA,NA,NA,NA,NA,NA,NA,NA,NA,NA,NA,NA,NA,NA,NA,"",2014,"FMMP",33
"60697","1","256132179","NOCA","86","2","1","0","1","0","47.6","2014-08-20","07:50","SID","ACL","D1","juvenile plumage","FALSE","","","TRUE","FALSE","","","MBO","300","","","FMMP2014","","","","","","","","","","","","","","","","","","","","",NA,NA,NA,NA,NA,NA,NA,NA,NA,NA,NA,NA,NA,NA,NA,NA,NA,NA,NA,NA,NA,"","","","","","","","","","","","","","","","","","Banded","","","8/20/2014","",NA,NA,NA,NA,NA,NA,NA,NA,NA,NA,NA,NA,NA,NA,NA,NA,NA,NA,"",2014,"FMMP",34
"60717","R","256132147","NOCA","91","2","1","4","1","1","39.6","2014-08-21","07:30","SID","GED","N1","","FALSE","","","FALSE","FALSE","","","MBO","300","7","89","FMMP2014","","","","","","","","","","","","","","","","","","","","",NA,NA,NA,NA,NA,NA,NA,NA,NA,NA,NA,NA,NA,NA,NA,NA,NA,NA,NA,NA,NA,"","","","","","","","","","","","","","","","","","Repeat","","14","8/21/2014","",NA,NA,NA,NA,NA,NA,NA,NA,NA,NA,NA,NA,NA,NA,NA,NA,NA,NA,"",2014,"FMMP",34
"60910","R","256132209","NOCA","87","2","1","4","1","0","41.8","2014-08-24","08:10","ACM","DDA","A1","","FALSE","","","TRUE","FALSE","","","MBO","300","7","89","FMMP2014","","","","","","","","","","","","","","","","","","","","",NA,NA,NA,NA,NA,NA,NA,NA,NA,NA,NA,NA,NA,NA,NA,NA,NA,NA,NA,NA,NA,"","","","","","","","","","","","","","","","","","Repeat","","50","8/24/2014","",NA,NA,NA,NA,NA,NA,NA,NA,NA,NA,NA,NA,NA,NA,NA,NA,NA,NA,"",2014,"FMMP",34
"61149","R","256132179","NOCA","88","2","1","0","1","1","45.5","2014-08-30","06:40","SID","CAR","D1","MOLTING GR COVS","FALSE","","","FALSE","FALSE","","","MBO","300","7","89","FMMP2014","","","","","","","","","","","","","","","","","","","","",NA,NA,NA,NA,NA,NA,NA,NA,NA,NA,NA,NA,NA,NA,NA,NA,NA,NA,NA,NA,NA,"","","","","","","","","","","","","","","","","","Repeat","","10","8/30/2014","",NA,NA,NA,NA,NA,NA,NA,NA,NA,NA,NA,NA,NA,NA,NA,NA,NA,NA,"",2014,"FMMP",35
"61154","R","242193989","NOCA","95","1","1","4","1","0","47.2","2014-08-30","07:10","SID","CAR","D1","","FALSE","","","FALSE","FALSE","","","MBO","300","7","89","FMMP2014","","","","","","","","","","","","","","","","","","","","",NA,NA,NA,NA,NA,NA,NA,NA,NA,NA,NA,NA,NA,NA,NA,NA,NA,NA,NA,NA,NA,"","","","","","","","","","","","","","","","","","Repeat","","28","8/30/2014","",NA,NA,NA,NA,NA,NA,NA,NA,NA,NA,NA,NA,NA,NA,NA,NA,NA,NA,"",2014,"FMMP",35
"61176","R","242193996","NOCA","96","1","1","4","1","1","48.4","2014-08-30","11:40","SID","CAR","N3","MOLTING PP","FALSE","","","FALSE","FALSE","","","MBO","300","7","89","FMMP2014","","","","","","","","","","","","","","","","","","","","",NA,NA,NA,NA,NA,NA,NA,NA,NA,NA,NA,NA,NA,NA,NA,NA,NA,NA,NA,NA,NA,"","","","","","","","","","","","","","","","","","Repeat","","23","8/30/2014","",NA,NA,NA,NA,NA,NA,NA,NA,NA,NA,NA,NA,NA,NA,NA,NA,NA,NA,"",2014,"FMMP",35
"61177","R","256132097","NOCA","91","5","1","5","1","0","43.7","2014-08-30","11:40","SID","CAR","N3","RETAINED INN SS","FALSE","","","FALSE","FALSE","","","MBO","300","7","89","FMMP2014","","","","","","","","","","","","","","","","","","","","",NA,NA,NA,NA,NA,NA,NA,NA,NA,NA,NA,NA,NA,NA,NA,NA,NA,NA,NA,NA,NA,"","","","","","","","","","","","","","","","","","Repeat","","12","8/30/2014","",NA,NA,NA,NA,NA,NA,NA,NA,NA,NA,NA,NA,NA,NA,NA,NA,NA,NA,"",2014,"FMMP",35
"61557","R","256132179","NOCA","86","2","1","4","1","0","43.8","2014-09-08","10:50","RDT","ACM","D2","","FALSE","","","TRUE","FALSE","","","MBO","300","7","89","FMMP2014","","","","","","","","","","","","","","","","","","","","",NA,NA,NA,NA,NA,NA,NA,NA,NA,NA,NA,NA,NA,NA,NA,NA,NA,NA,NA,NA,NA,"","","","","","","","","","","","","","","","","","Repeat","","9","9/8/2014","",NA,NA,NA,NA,NA,NA,NA,NA,NA,NA,NA,NA,NA,NA,NA,NA,NA,NA,"",2014,"FMMP",36
"61865","R","189191668","NOCA","85","0","1","5","1","0","38.5","2014-09-14","06:50","ALH","HIK","C1","banded on left","FALSE","","","TRUE","FALSE","","","MBO","300","7","89","FMMP2014","","","","","","","","","","","","","","","","","","","","",NA,NA,NA,NA,NA,NA,NA,NA,NA,NA,NA,NA,NA,NA,NA,NA,NA,NA,NA,NA,NA,"","","","","","","","","","","","","","","","","","Return","","404","9/14/2014","",NA,NA,NA,NA,NA,NA,NA,NA,NA,NA,NA,NA,NA,NA,NA,NA,NA,NA,"",2014,"FMMP",37
"62237","R","256132147","NOCA","89","2","1","4","1","0","41.3","2014-09-22","07:00","ACM","MML","H1","","FALSE","","","FALSE","FALSE","","","MBO","300","7","89","FMMP2014","","","","","","","","","","","","","","","","","","","","",NA,NA,NA,NA,NA,NA,NA,NA,NA,NA,NA,NA,NA,NA,NA,NA,NA,NA,NA,NA,NA,"","","","","","","","","","","","","","","","","","Repeat","","32","9/22/2014","",NA,NA,NA,NA,NA,NA,NA,NA,NA,NA,NA,NA,NA,NA,NA,NA,NA,NA,"",2014,"FMMP",38
"63148","1","256132360","NOCA","85","2","1","4","1","0","44.3","2014-10-03","12:10","ALH","PAS","B3","","FALSE","","","FALSE","FALSE","","","MBO","300","","","FMMP2014","","","","","","","","","","","","","","","","","","","","",NA,NA,NA,NA,NA,NA,NA,NA,NA,NA,NA,NA,NA,NA,NA,NA,NA,NA,NA,NA,NA,"","","","","","","","","","","","","","","","","","Banded","","","10/3/2014","",NA,NA,NA,NA,NA,NA,NA,NA,NA,NA,NA,NA,NA,NA,NA,NA,NA,NA,"",2014,"FMMP",40
"63495","1","256132363","NOCA","86","2","1","4","1","1","39.2","2014-10-10","10:30","GJR","ALH","E2","","FALSE","","","FALSE","FALSE","","","MBO","300","","","FMMP2014","","","","","","","","","","","","","","","","","","","","",NA,NA,NA,NA,NA,NA,NA,NA,NA,NA,NA,NA,NA,NA,NA,NA,NA,NA,NA,NA,NA,"","","","","","","","","","","","","","","","","","Banded","","","10/10/2014","",NA,NA,NA,NA,NA,NA,NA,NA,NA,NA,NA,NA,NA,NA,NA,NA,NA,NA,"",2014,"FMMP",41
"63884","1","256132371","NOCA","86","2","1","5","1","0","41.5","2014-10-14","10:10","ALH","SID","E2","","FALSE","","","FALSE","FALSE","","","MBO","300","","","FMMP2014","","","","","","","","","","","","","","","","","","","","",NA,NA,NA,NA,NA,NA,NA,NA,NA,NA,NA,NA,NA,NA,NA,NA,NA,NA,NA,NA,NA,"","","","","","","","","","","","","","","","","","Banded","","","10/14/2014","",NA,NA,NA,NA,NA,NA,NA,NA,NA,NA,NA,NA,NA,NA,NA,NA,NA,NA,"",2014,"FMMP",41
"64219","1","256132378","NOCA","92","2","S","5","1","0","45.5","2014-10-19","12:20","ACM","DDA","E1","","FALSE","","","FALSE","FALSE","","","MBO","300","","","FMMP2014","","","","","","","","","","","","","","","","","","","","",NA,NA,NA,NA,NA,NA,NA,NA,NA,NA,NA,NA,NA,NA,NA,NA,NA,NA,NA,NA,NA,"","","","","","","","","","","","","","","","","","Banded","","","10/19/2014","",NA,NA,NA,NA,NA,NA,NA,NA,NA,NA,NA,NA,NA,NA,NA,NA,NA,NA,"",2014,"FMMP",42
"64447","1","256132390","NOCA","90","2","1","4","1","0","44.4","2014-10-23","07:40","LIK","CCT","B3","","FALSE","","","FALSE","FALSE","","","MBO","300","","","FMMP2014","","","","","","","","","","","","","","","","","","","","",NA,NA,NA,NA,NA,NA,NA,NA,NA,NA,NA,NA,NA,NA,NA,NA,NA,NA,NA,NA,NA,"","","","","","","","","","","","","","","","","","Banded","","","10/23/2014","",NA,NA,NA,NA,NA,NA,NA,NA,NA,NA,NA,NA,NA,NA,NA,NA,NA,NA,"",2014,"FMMP",43
"64529","R","256132371","NOCA","86","2","1","5","1","0","40.8","2014-10-24","10:40","ALH","SID","C2","","FALSE","","","FALSE","FALSE","","","MBO","300","7","89","FMMP2014","","","","","","","","","","","","","","","","","","","","",NA,NA,NA,NA,NA,NA,NA,NA,NA,NA,NA,NA,NA,NA,NA,NA,NA,NA,NA,NA,NA,"","","","","","","","","","","","","","","","","","Repeat","","10","10/24/2014","",NA,NA,NA,NA,NA,NA,NA,NA,NA,NA,NA,NA,NA,NA,NA,NA,NA,NA,"",2014,"FMMP",43
"64594","R","256132378","NOCA","93","0","1","5","1","0","44.9","2014-10-25","07:50","LGC","CAR","C1","","FALSE","","","FALSE","FALSE","","","MBO","300","7","89","FMMP2014","","","","","","","","","","","","","","","","","","","","",NA,NA,NA,NA,NA,NA,NA,NA,NA,NA,NA,NA,NA,NA,NA,NA,NA,NA,NA,NA,NA,"","","","","","","","","","","","","","","","","","Repeat","","6","10/25/2014","",NA,NA,NA,NA,NA,NA,NA,NA,NA,NA,NA,NA,NA,NA,NA,NA,NA,NA,"",2014,"FMMP",43
"64651","1","256132397","NOCA","90","2","1","5","1","0","43.1","2014-10-26","09:00","ACM","DDA","D1","BILL COLOR","FALSE","","","FALSE","FALSE","","","MBO","300","","","FMMP2014","","","","","","","","","","","","","","","","","","","","",NA,NA,NA,NA,NA,NA,NA,NA,NA,NA,NA,NA,NA,NA,NA,NA,NA,NA,NA,NA,NA,"","","","","","","","","","","","","","","","","","Banded","","","10/26/2014","",NA,NA,NA,NA,NA,NA,NA,NA,NA,NA,NA,NA,NA,NA,NA,NA,NA,NA,"",2014,"FMMP",43
"64696","1","256132244","NOCA","91","2","1","4","1","0","40.4","2014-10-27","09:10","ALH","CCT","N3","","FALSE","","","FALSE","FALSE","","","MBO","300","","","FMMP2014","","","","","","","","","","","","","","","","","","","","",NA,NA,NA,NA,NA,NA,NA,NA,NA,NA,NA,NA,NA,NA,NA,NA,NA,NA,NA,NA,NA,"","","","","","","","","","","","","","","","","","Banded","","","10/27/2014","",NA,NA,NA,NA,NA,NA,NA,NA,NA,NA,NA,NA,NA,NA,NA,NA,NA,NA,"",2014,"FMMP",43
"65146","1","256132261","NOCA","93","0","1","5","1","0","44.2","2014-11-02","10:20","MAG","GJR","B2","","FALSE","","","FALSE","FALSE","","","MBO","300","","","WINTER2014-15","","","","","","","","","","","","","","","","","","","","",NA,NA,NA,NA,NA,NA,NA,NA,NA,NA,NA,NA,NA,NA,NA,NA,NA,NA,NA,NA,NA,"","","","","","","","","","","","","","","","","","Banded","","","11/2/2014","",NA,NA,NA,NA,NA,NA,NA,NA,NA,NA,NA,NA,NA,NA,NA,NA,NA,NA,"",2014,"WINT",44
"65183","R","242193989","NOCA","95","0","1","4","1","1","51.8","2014-11-03","11:20","LIK","GEG","A2","MOLTING SS","FALSE","","","FALSE","FALSE","","","MBO","300","7","89","WINTER2014-15","","","","","","","","","","","","","","","","","","","","",NA,NA,NA,NA,NA,NA,NA,NA,NA,NA,NA,NA,NA,NA,NA,NA,NA,NA,NA,NA,NA,"","","","","","","","","","","","","","","","","","Repeat","","65","11/3/2014","",NA,NA,NA,NA,NA,NA,NA,NA,NA,NA,NA,NA,NA,NA,NA,NA,NA,NA,"",2014,"WINT",44
"65192","R","242170797","NOCA","95","0","1","4","1","0","45.8","2014-11-04","07:00","LIK","MD","C1","","FALSE","","","FALSE","FALSE","","","MBO","300","7","89","WINTER2014-15","","","","","","","","","","","","","","","","","","","","",NA,NA,NA,NA,NA,NA,NA,NA,NA,NA,NA,NA,NA,NA,NA,NA,NA,NA,NA,NA,NA,"","","","","","","","","","","","","","","","","","Return","","1115","11/4/2014","",NA,NA,NA,NA,NA,NA,NA,NA,NA,NA,NA,NA,NA,NA,NA,NA,NA,NA,"",2014,"WINT",44
"65240","1","256132264","NOCA","90","2","1","4","1","0","43.7","2014-11-04","11:20","GJR","LIK","H2","","FALSE","","","FALSE","FALSE","","","MBO","300","","","WINTER2014-15","","","","","","","","","","","","","","","","","","","","",NA,NA,NA,NA,NA,NA,NA,NA,NA,NA,NA,NA,NA,NA,NA,NA,NA,NA,NA,NA,NA,"","","","","","","","","","","","","","","","","","Banded","","","11/4/2014","",NA,NA,NA,NA,NA,NA,NA,NA,NA,NA,NA,NA,NA,NA,NA,NA,NA,NA,"",2014,"WINT",44
"65247","1","256132265","NOCA","88","0","1","5","1","2","46.3","2014-11-04","15:30","SID","BF","V4","","FALSE","","","FALSE","FALSE","","","MBO","300","","","WINTER2014-15","","","","","","","","","","","","","","","","","","","","",NA,NA,NA,NA,NA,NA,NA,NA,NA,NA,NA,NA,NA,NA,NA,NA,NA,NA,NA,NA,NA,"","","","","","","","","","","","","","","","","","Banded","","","11/4/2014","",NA,NA,NA,NA,NA,NA,NA,NA,NA,NA,NA,NA,NA,NA,NA,NA,NA,NA,"",2014,"WINT",44
"65248","1","256132266","NOCA","90","2","1","5","1","1","43.1","2014-11-04","15:30","SID","BF","V4","","FALSE","","","FALSE","FALSE","","","MBO","300","","","WINTER2014-15","","","","","","","","","","","","","","","","","","","","",NA,NA,NA,NA,NA,NA,NA,NA,NA,NA,NA,NA,NA,NA,NA,NA,NA,NA,NA,NA,NA,"","","","","","","","","","","","","","","","","","Banded","","","11/4/2014","",NA,NA,NA,NA,NA,NA,NA,NA,NA,NA,NA,NA,NA,NA,NA,NA,NA,NA,"",2014,"WINT",44
"65256","1","256132267","NOCA","91","2","1","5","1","1","43.7","2014-11-04","15:50","SID","BF","V4","MOLTING P7","FALSE","","","FALSE","FALSE","","","MBO","300","","","WINTER2014-15","","","","","","","","","","","","","","","","","","","","",NA,NA,NA,NA,NA,NA,NA,NA,NA,NA,NA,NA,NA,NA,NA,NA,NA,NA,NA,NA,NA,"","","","","","","","","","","","","","","","","","Banded","","","11/4/2014","",NA,NA,NA,NA,NA,NA,NA,NA,NA,NA,NA,NA,NA,NA,NA,NA,NA,NA,"",2014,"WINT",44
"65286","R","256132397","NOCA","92","2","1","5","1","1","44.2","2014-11-06","10:30","ALH","MML","C1","","FALSE","","","FALSE","FALSE","","","MBO","300","7","89","WINTER2014-15","","","","","","","","","","","","","","","","","","","","",NA,NA,NA,NA,NA,NA,NA,NA,NA,NA,NA,NA,NA,NA,NA,NA,NA,NA,NA,NA,NA,"","","","","","","","","","","","","","","","","","Repeat","","11","11/6/2014","",NA,NA,NA,NA,NA,NA,NA,NA,NA,NA,NA,NA,NA,NA,NA,NA,NA,NA,"",2014,"WINT",45
"65294","R","256132265","NOCA","88","0","1","5","1","1","43.8","2014-11-06","11:50","ACM","CCT","H2","","FALSE","","","FALSE","FALSE","","","MBO","300","7","89","WINTER2014-15","","","","","","","","","","","","","","","","","","","","",NA,NA,NA,NA,NA,NA,NA,NA,NA,NA,NA,NA,NA,NA,NA,NA,NA,NA,NA,NA,NA,"","","","","","","","","","","","","","","","","","Repeat","","2","11/6/2014","",NA,NA,NA,NA,NA,NA,NA,NA,NA,NA,NA,NA,NA,NA,NA,NA,NA,NA,"",2014,"WINT",45
"65308","1","256132269","NOCA","92","2","1","5","1","0","48.1","2014-11-08","09:00","NIB","CIB","V3","","FALSE","","","FALSE","FALSE","","","MBO","300","","","WINTER2014-15","","","","","","","","","","","","","","","","","","","","",NA,NA,NA,NA,NA,NA,NA,NA,NA,NA,NA,NA,NA,NA,NA,NA,NA,NA,NA,NA,NA,"","","","","","","","","","","","","","","","","","Banded","","","11/8/2014","",NA,NA,NA,NA,NA,NA,NA,NA,NA,NA,NA,NA,NA,NA,NA,NA,NA,NA,"",2014,"WINT",45
"65309","R","256132390","NOCA","88","2","1","4","1","0","47.4","2014-11-08","09:00","NIB","CIB","V3","","FALSE","","","FALSE","FALSE","","","MBO","300","7","89","WINTER2014-15","","","","","","","","","","","","","","","","","","","","",NA,NA,NA,NA,NA,NA,NA,NA,NA,NA,NA,NA,NA,NA,NA,NA,NA,NA,NA,NA,NA,"","","","","","","","","","","","","","","","","","Repeat","","16","11/8/2014","",NA,NA,NA,NA,NA,NA,NA,NA,NA,NA,NA,NA,NA,NA,NA,NA,NA,NA,"",2014,"WINT",45
"65315","R","256132397","NOCA","89","2","1","5","1","0","44.4","2014-11-08","09:10","NIB","LIK","V5","","FALSE","","","FALSE","FALSE","","","MBO","300","7","89","WINTER2014-15","","","","","","","","","","","","","","","","","","","","",NA,NA,NA,NA,NA,NA,NA,NA,NA,NA,NA,NA,NA,NA,NA,NA,NA,NA,NA,NA,NA,"","","","","","","","","","","","","","","","","","Repeat","","2","11/8/2014","",NA,NA,NA,NA,NA,NA,NA,NA,NA,NA,NA,NA,NA,NA,NA,NA,NA,NA,"",2014,"WINT",45
"65343","R","256132371","NOCA","86","2","1","5","1","1","42.5","2014-11-08","10:50","ACM","NIB","V5","","FALSE","","","FALSE","FALSE","","","MBO","300","7","89","WINTER2014-15","","","","","","","","","","","","","","","","","","","","",NA,NA,NA,NA,NA,NA,NA,NA,NA,NA,NA,NA,NA,NA,NA,NA,NA,NA,NA,NA,NA,"","","","","","","","","","","","","","","","","","Repeat","","15","11/8/2014","",NA,NA,NA,NA,NA,NA,NA,NA,NA,NA,NA,NA,NA,NA,NA,NA,NA,NA,"",2014,"WINT",45
"65360","1","256132270","NOCA","88","2","1","5","1","0","42.6","2014-11-08","11:20","NIB","CIB","V3","","FALSE","","","FALSE","FALSE","","","MBO","300","","","WINTER2014-15","","","","","","","","","","","","","","","","","","","","",NA,NA,NA,NA,NA,NA,NA,NA,NA,NA,NA,NA,NA,NA,NA,NA,NA,NA,NA,NA,NA,"","","","","","","","","","","","","","","","","","Banded","","","11/8/2014","",NA,NA,NA,NA,NA,NA,NA,NA,NA,NA,NA,NA,NA,NA,NA,NA,NA,NA,"",2014,"WINT",45
"65433","1","256132272","NOCA","93","0","1","4","1","1","46.4","2014-11-11","13:10","RIB","CIB","V3","","FALSE","","","FALSE","FALSE","","","MBO","300","","","WINTER2014-15","","","","","","","","","","","","","","","","","","","","",NA,NA,NA,NA,NA,NA,NA,NA,NA,NA,NA,NA,NA,NA,NA,NA,NA,NA,NA,NA,NA,"","","","","","","","","","","","","","","","","","Banded","","","11/11/2014","",NA,NA,NA,NA,NA,NA,NA,NA,NA,NA,NA,NA,NA,NA,NA,NA,NA,NA,"",2014,"WINT",45
"65497","R","256132360","NOCA","91","2","1","4","1","1","46.4","2014-11-23","10:50","CIB","CIB","V3","","FALSE","","","FALSE","FALSE","","","MBO","300","7","89","WINTER2014-15","","","","","","","","","","","","","","","","","","","","",NA,NA,NA,NA,NA,NA,NA,NA,NA,NA,NA,NA,NA,NA,NA,NA,NA,NA,NA,NA,NA,"","","","","","","","","","","","","","","","","","Repeat","","51","11/23/2014","",NA,NA,NA,NA,NA,NA,NA,NA,NA,NA,NA,NA,NA,NA,NA,NA,NA,NA,"",2014,"WINT",47
"65507","1","256132273","NOCA","93","0","1","4","1","1","50.6","2014-11-23","11:30","CIB","SID","V4","","FALSE","","","FALSE","FALSE","","","MBO","300","","","WINTER2014-15","","","","","","","","","","","","","","","","","","","","",NA,NA,NA,NA,NA,NA,NA,NA,NA,NA,NA,NA,NA,NA,NA,NA,NA,NA,NA,NA,NA,"","","","","","","","","","","","","","","","","","Banded","","","11/23/2014","",NA,NA,NA,NA,NA,NA,NA,NA,NA,NA,NA,NA,NA,NA,NA,NA,NA,NA,"",2014,"WINT",47
"65511","1","256132274","NOCA","88","0","1","5","1","1","42.4","2014-11-23","11:40","RIB","CIB","V3","","FALSE","","","FALSE","FALSE","","","MBO","300","","","WINTER2014-15","","","","","","","","","","","","","","","","","","","","",NA,NA,NA,NA,NA,NA,NA,NA,NA,NA,NA,NA,NA,NA,NA,NA,NA,NA,NA,NA,NA,"","","","","","","","","","","","","","","","","","Banded","","","11/23/2014","",NA,NA,NA,NA,NA,NA,NA,NA,NA,NA,NA,NA,NA,NA,NA,NA,NA,NA,"",2014,"WINT",47
"65522","1","256132275","NOCA","91","2","1","5","1","0","45.2","2014-11-26","08:30","NIB","NIB","V5","","FALSE","","","FALSE","FALSE","","","MBO","300","","","WINTER2014-15","","","","","","","","","","","","","","","","","","","","",NA,NA,NA,NA,NA,NA,NA,NA,NA,NA,NA,NA,NA,NA,NA,NA,NA,NA,NA,NA,NA,"","","","","","","","","","","","","","","","","","Banded","","","11/26/2014","",NA,NA,NA,NA,NA,NA,NA,NA,NA,NA,NA,NA,NA,NA,NA,NA,NA,NA,"",2014,"WINT",48
"65538","1","256132277","NOCA","88","2","1","5","1","0","41.8","2014-11-26","09:10","NIB","GEG","V4","","FALSE","","","FALSE","FALSE","","","MBO","300","","","WINTER2014-15","","","","","","","","","","","","","","","","","","","","",NA,NA,NA,NA,NA,NA,NA,NA,NA,NA,NA,NA,NA,NA,NA,NA,NA,NA,NA,NA,NA,"","","","","","","","","","","","","","","","","","Banded","","","11/26/2014","",NA,NA,NA,NA,NA,NA,NA,NA,NA,NA,NA,NA,NA,NA,NA,NA,NA,NA,"",2014,"WINT",48
"65568","1","256132278","NOCA","92","0","1","4","1","0","47","2014-11-26","10:10","NIB","SID","V4","","FALSE","","","FALSE","FALSE","","","MBO","300","","","WINTER2014-15","","","","","","","","","","","","","","","","","","","","",NA,NA,NA,NA,NA,NA,NA,NA,NA,NA,NA,NA,NA,NA,NA,NA,NA,NA,NA,NA,NA,"","","","","","","","","","","","","","","","","","Banded","","","11/26/2014","",NA,NA,NA,NA,NA,NA,NA,NA,NA,NA,NA,NA,NA,NA,NA,NA,NA,NA,"",2014,"WINT",48
"65662","1","256132280","NOCA","90","0","1","5","1","0","44.6","2014-11-30","10:30","NIB","SID","V3","","FALSE","","","TRUE","FALSE","","","MBO","300","","","WINTER2014-15","","","","","","","","","","","","","","","","","","","","",NA,NA,NA,NA,NA,NA,NA,NA,NA,NA,NA,NA,NA,NA,NA,NA,NA,NA,NA,NA,NA,"","","","","","","","","","","","","","","","","","Banded","","","11/30/2014","",NA,NA,NA,NA,NA,NA,NA,NA,NA,NA,NA,NA,NA,NA,NA,NA,NA,NA,"",2014,"WINT",48
"65686","1","256132281","NOCA","88","0","1","5","1","1","45.9","2014-12-06","09:30","LIK","GEG","V3","","FALSE","","","FALSE","FALSE","","","MBO","300","","","WINTER2014-15","","","","","","","","","","","","","","","","","","","","",NA,NA,NA,NA,NA,NA,NA,NA,NA,NA,NA,NA,NA,NA,NA,NA,NA,NA,NA,NA,NA,"","","","","","","","","","","","","","","","","","Banded","","","12/6/2014","",NA,NA,NA,NA,NA,NA,NA,NA,NA,NA,NA,NA,NA,NA,NA,NA,NA,NA,"",2014,"WINT",49
"65687","1","256132282","NOCA","92","0","1","4","1","1","45.9","2014-12-06","09:30","LIK","GEG","V3","","FALSE","","","FALSE","FALSE","","","MBO","300","","","WINTER2014-15","","","","","","","","","","","","","","","","","","","","",NA,NA,NA,NA,NA,NA,NA,NA,NA,NA,NA,NA,NA,NA,NA,NA,NA,NA,NA,NA,NA,"","","","","","","","","","","","","","","","","","Banded","","","12/6/2014","",NA,NA,NA,NA,NA,NA,NA,NA,NA,NA,NA,NA,NA,NA,NA,NA,NA,NA,"",2014,"WINT",49
"65688","R","256132371","NOCA","85","2","1","5","1","2","41.8","2014-12-06","09:40","LIK","GEG","V3","","FALSE","","","FALSE","FALSE","","","MBO","300","7","89","WINTER2014-15","","","","","","","","","","","","","","","","","","","","",NA,NA,NA,NA,NA,NA,NA,NA,NA,NA,NA,NA,NA,NA,NA,NA,NA,NA,NA,NA,NA,"","","","","","","","","","","","","","","","","","Repeat","","28","12/6/2014","",NA,NA,NA,NA,NA,NA,NA,NA,NA,NA,NA,NA,NA,NA,NA,NA,NA,NA,"",2014,"WINT",49
"65693","1","256132283","NOCA","93","0","1","5","1","0","44.5","2014-12-06","10:00","GEG","LIK","V3","","FALSE","","","FALSE","FALSE","","","MBO","300","","","WINTER2014-15","","","","","","","","","","","","","","","","","","","","",NA,NA,NA,NA,NA,NA,NA,NA,NA,NA,NA,NA,NA,NA,NA,NA,NA,NA,NA,NA,NA,"","","","","","","","","","","","","","","","","","Banded","","","12/6/2014","",NA,NA,NA,NA,NA,NA,NA,NA,NA,NA,NA,NA,NA,NA,NA,NA,NA,NA,"",2014,"WINT",49
"65694","R","256132397","NOCA","90","2","1","5","1","0","46","2014-12-06","10:00","GEG","LIK","V4","","FALSE","","","FALSE","FALSE","","","MBO","300","7","89","WINTER2014-15","","","","","","","","","","","","","","","","","","","","",NA,NA,NA,NA,NA,NA,NA,NA,NA,NA,NA,NA,NA,NA,NA,NA,NA,NA,NA,NA,NA,"","","","","","","","","","","","","","","","","","Repeat","","28","12/6/2014","",NA,NA,NA,NA,NA,NA,NA,NA,NA,NA,NA,NA,NA,NA,NA,NA,NA,NA,"",2014,"WINT",49
"65864","1","256132284","NOCA","92","1","1","4","1","0","45.3","2015-03-21","10:10","NIB","LGC","V5","","FALSE","","","FALSE","FALSE","","","MBO","300","","","WINTER2014-15","","","","","","","","","","","","","","","","","","","","",NA,NA,NA,NA,NA,NA,NA,NA,NA,NA,NA,NA,NA,NA,NA,NA,NA,NA,NA,NA,NA,"","","","","","","","","","","","","","12/1/2015 17:41","1","4/9/2015 12:55","","Banded","","","3/21/2015","",NA,NA,NA,NA,NA,NA,NA,NA,NA,NA,NA,NA,NA,NA,NA,NA,NA,NA,"",2015,"WINT",12
"65889","R","256132264","NOCA","91","5","1","4","1","0","39.3","2015-03-21","11:10","LGC","ALH","V4","","FALSE","","","FALSE","FALSE","","","MBO","300","7","89","WINTER2014-15","","","","","","","","","","","","","","","","","","","","",NA,NA,NA,NA,NA,NA,NA,NA,NA,NA,NA,NA,NA,NA,NA,NA,NA,NA,NA,NA,NA,"","","","","","","","","","","","","","12/1/2015 17:41","1","4/9/2015 13:11","","Return","","137","3/21/2015","",NA,NA,NA,NA,NA,NA,NA,NA,NA,NA,NA,NA,NA,NA,NA,NA,NA,NA,"",2015,"WINT",12
"65892","1","256132285","NOCA","95","1","1","4","1","0","41","2015-03-21","11:20","LGC","ALH","V4","","FALSE","","","FALSE","FALSE","","","MBO","300","","","WINTER2014-15","","","","","","","","","","","","","","","","","","","","",NA,NA,NA,NA,NA,NA,NA,NA,NA,NA,NA,NA,NA,NA,NA,NA,NA,NA,NA,NA,NA,"","","","","","","","","","","","","","12/1/2015 17:41","1","4/9/2015 12:55","","Banded","","","3/21/2015","",NA,NA,NA,NA,NA,NA,NA,NA,NA,NA,NA,NA,NA,NA,NA,NA,NA,NA,"",2015,"WINT",12
"65964","R","256132283","NOCA","91","1","1","5","1","0","40.6","2015-04-18","07:00","NIB","PBM","N1","","FALSE","","","FALSE","FALSE","","","MBO","300","7","89","SMMP2015","","","","","","","","","","","","","","","","","","","","",NA,NA,NA,NA,NA,NA,NA,NA,NA,NA,NA,NA,NA,NA,NA,NA,NA,NA,NA,NA,NA,"","","","","","","","","","","","","","12/1/2015 17:41","1","4/29/2015 20:39","","Return","","133","4/18/2015","",NA,NA,NA,NA,NA,NA,NA,NA,NA,NA,NA,NA,NA,NA,NA,NA,NA,NA,"",2015,"SMMP",16
"66160","R","242170797","NOCA","94","1","1","4","1","1","44","2015-04-28","06:30","SID","SID","C2","","FALSE","","","FALSE","FALSE","","","MBO","300","7","89","SMMP2015","","","","","","","","","","","","","","","","","","","","",NA,NA,NA,NA,NA,NA,NA,NA,NA,NA,NA,NA,NA,NA,NA,NA,NA,NA,NA,NA,NA,"","","","","","","","","","","","","","12/1/2015 17:41","1","4/29/2015 21:07","","Return","","175","4/28/2015","",NA,NA,NA,NA,NA,NA,NA,NA,NA,NA,NA,NA,NA,NA,NA,NA,NA,NA,"",2015,"SMMP",17
"67269","R","256132371","NOCA","85","5","1","5","B","0","41","2015-05-24","10:50","ALH","DDA","B2","","FALSE","","","FALSE","FALSE","","","MBO","300","7","89","SMMP2015","","","","","","","","","","","","","","","","","","","","",NA,NA,NA,NA,NA,NA,NA,NA,NA,NA,NA,NA,NA,NA,NA,NA,NA,NA,NA,NA,NA,"","","","","","","","","","","","","","12/1/2015 17:41","1","6/4/2015 17:00","","Return","","169","5/24/2015","",NA,NA,NA,NA,NA,NA,NA,NA,NA,NA,NA,NA,NA,NA,NA,NA,NA,NA,"",2015,"SMMP",21
"67352","R","256132275","NOCA","90","5","1","5","B","0","47.5","2015-05-27","09:30","CIB","CCT","C2","","FALSE","","","FALSE","FALSE","","","MBO","300","7","89","SMMP2015","","","","","","","","","","","","","","","","","","","","",NA,NA,NA,NA,NA,NA,NA,NA,NA,NA,NA,NA,NA,NA,NA,NA,NA,NA,NA,NA,NA,"","","","","","","","","","","","","","12/1/2015 17:41","1","6/4/2015 17:17","","Return","","182","5/27/2015","",NA,NA,NA,NA,NA,NA,NA,NA,NA,NA,NA,NA,NA,NA,NA,NA,NA,NA,"",2015,"SMMP",21
"67601","1","264117707","NOCA","85","2","S","0","1","1","43.2","2015-07-31","07:30","ALH","ALH","M6","","FALSE","","","FALSE","FALSE","","","MBO","300","","","MAPS2015","","","","","","","","","","","","","","","","","","","","",NA,NA,NA,NA,NA,NA,NA,NA,NA,NA,NA,NA,NA,NA,NA,NA,NA,NA,NA,NA,NA,"","","","","","","","","","","","","","12/1/2015 17:41","1","8/2/2015 18:23","","Banded","","","7/31/2015","",NA,NA,NA,NA,NA,NA,NA,NA,NA,NA,NA,NA,NA,NA,NA,NA,NA,NA,"",2015,"MAPS",31
"67648","R","242193996","NOCA","97","1","1","4","1","0","43","2015-08-01","07:50","LGC","PBM","B3","","FALSE","","","FALSE","FALSE","","","MBO","300","7","89","FMMP2015","","","","","","","","","","","","","","","","","","","","",NA,NA,NA,NA,NA,NA,NA,NA,NA,NA,NA,NA,NA,NA,NA,NA,NA,NA,NA,NA,NA,"","","","","","","","","","","","","","12/1/2015 17:41","1","8/5/2015 18:33","","Return","","336","8/1/2015","",NA,NA,NA,NA,NA,NA,NA,NA,NA,NA,NA,NA,NA,NA,NA,NA,NA,NA,"",2015,"FMMP",31
"67674","R","256132371","NOCA","83","5","1","5","B","0","37.3","2015-08-02","06:10","LIK","LGC","N3","","FALSE","","","FALSE","FALSE","","","MBO","300","7","89","FMMP2015","","","","","","","","","","","","","","","","","","","","",NA,NA,NA,NA,NA,NA,NA,NA,NA,NA,NA,NA,NA,NA,NA,NA,NA,NA,NA,NA,NA,"","","","","","","","","","","","","","12/1/2015 17:41","1","8/5/2015 18:33","","Repeat","","70","8/2/2015","",NA,NA,NA,NA,NA,NA,NA,NA,NA,NA,NA,NA,NA,NA,NA,NA,NA,NA,"",2015,"FMMP",31
"67722","1","264117624","NOCA","85","2","1","0","1","1","40.2","2015-08-03","06:50","LIK","AGB","N1","","FALSE","","","FALSE","FALSE","","","MBO","300","","","FMMP2015","","","","","","","","","","","","","","","","","","","","",NA,NA,NA,NA,NA,NA,NA,NA,NA,NA,NA,NA,NA,NA,NA,NA,NA,NA,NA,NA,NA,"","","","","","","","","","","","","","12/1/2015 17:41","1","8/4/2015 20:23","","Banded","","","8/3/2015","",NA,NA,NA,NA,NA,NA,NA,NA,NA,NA,NA,NA,NA,NA,NA,NA,NA,NA,"",2015,"FMMP",31
"67798","1","264117630","NOCA","90","2","1","4","1","0","39.5","2015-08-05","06:10","NIB","PAB","B3","","FALSE","","","FALSE","FALSE","","","MBO","300","","","FMMP2015","","","","","","","","","","","","","","","","","","","","",NA,NA,NA,NA,NA,NA,NA,NA,NA,NA,NA,NA,NA,NA,NA,NA,NA,NA,NA,NA,NA,"","","","","","","","","","","","","","12/1/2015 17:41","1","8/6/2015 19:13","","Banded","","","8/5/2015","",NA,NA,NA,NA,NA,NA,NA,NA,NA,NA,NA,NA,NA,NA,NA,NA,NA,NA,"",2015,"FMMP",31
"67805","1","264117632","NOCA","86","2","1","0","1","0","39.3","2015-08-05","07:10","LIK","PAB","H1","","FALSE","","","FALSE","FALSE","","","MBO","300","","","FMMP2015","","","","","","","","","","","","","","","","","","","","",NA,NA,NA,NA,NA,NA,NA,NA,NA,NA,NA,NA,NA,NA,NA,NA,NA,NA,NA,NA,NA,"","","","","","","","","","","","","","12/1/2015 17:41","1","8/6/2015 19:13","","Banded","","","8/5/2015","",NA,NA,NA,NA,NA,NA,NA,NA,NA,NA,NA,NA,NA,NA,NA,NA,NA,NA,"",2015,"FMMP",31
"67974","1","264117645","NOCA","92","2","1","4","1","0","42","2015-08-09","09:50","SID","MML","H2","","FALSE","","","FALSE","FALSE","","","MBO","300","","","FMMP2015","","","","","","","","","","","","","","","","","","","","",NA,NA,NA,NA,NA,NA,NA,NA,NA,NA,NA,NA,NA,NA,NA,NA,NA,NA,NA,NA,NA,"","","","","","","","","","","","","","12/1/2015 17:41","1","8/11/2015 13:24","","Banded","","","8/9/2015","",NA,NA,NA,NA,NA,NA,NA,NA,NA,NA,NA,NA,NA,NA,NA,NA,NA,NA,"",2015,"FMMP",32
"68001","1","264117648","NOCA","87","2","1","0","1","0","40.8","2015-08-10","07:30","SID","TEK","B2","","FALSE","","","FALSE","FALSE","","","MBO","300","","","FMMP2015","","","","","","","","","","","","","","","","","","","","",NA,NA,NA,NA,NA,NA,NA,NA,NA,NA,NA,NA,NA,NA,NA,NA,NA,NA,NA,NA,NA,"","","","","","","","","","","","","","12/1/2015 17:41","1","8/11/2015 13:24","","Banded","","","8/10/2015","",NA,NA,NA,NA,NA,NA,NA,NA,NA,NA,NA,NA,NA,NA,NA,NA,NA,NA,"",2015,"FMMP",32
"68146","R","256132091","NOCA","89","1","1","5","B","0","50.5","2015-08-15","09:50","MAG","MPB","E1","","FALSE","","","FALSE","FALSE","","","MBO","300","7","89","FMMP2015","","","","","","","","","","","","","","","","","","","","",NA,NA,NA,NA,NA,NA,NA,NA,NA,NA,NA,NA,NA,NA,NA,NA,NA,NA,NA,NA,NA,"","","","","","","","","","","","","","12/1/2015 17:41","1","8/18/2015 21:24","","Return","","381","8/15/2015","",NA,NA,NA,NA,NA,NA,NA,NA,NA,NA,NA,NA,NA,NA,NA,NA,NA,NA,"",2015,"FMMP",33
"68168","1","264117667","NOCA","88","2","1","0","1","0","42.2","2015-08-16","07:20","LIK","GEG","B3","","FALSE","","","FALSE","FALSE","","","MBO","300","","","FMMP2015","","","","","","","","","","","","","","","","","","","","",NA,NA,NA,NA,NA,NA,NA,NA,NA,NA,NA,NA,NA,NA,NA,NA,NA,NA,NA,NA,NA,"","","","","","","","","","","","","","12/1/2015 17:41","1","8/18/2015 20:00","","Banded","","","8/16/2015","",NA,NA,NA,NA,NA,NA,NA,NA,NA,NA,NA,NA,NA,NA,NA,NA,NA,NA,"",2015,"FMMP",33
"68207","1","264117671","NOCA","91","2","1","4","1","0","43.7","2015-08-17","07:40","LIK","PAB","B3","","FALSE","","","FALSE","FALSE","","","MBO","300","","","FMMP2015","","","","","","","","","","","","","","","","","","","","",NA,NA,NA,NA,NA,NA,NA,NA,NA,NA,NA,NA,NA,NA,NA,NA,NA,NA,NA,NA,NA,"","","","","","","","","","","","","","12/1/2015 17:41","1","8/18/2015 20:00","","Banded","","","8/17/2015","",NA,NA,NA,NA,NA,NA,NA,NA,NA,NA,NA,NA,NA,NA,NA,NA,NA,NA,"",2015,"FMMP",33
"68357","1","264117681","NOCA","85","2","1","0","1","0","35.6","2015-08-20","09:50","PBM","NAG","N3","","FALSE","","","FALSE","FALSE","","","MBO","300","","","FMMP2015","","","","","","","","","","","","","","","","","","","","",NA,NA,NA,NA,NA,NA,NA,NA,NA,NA,NA,NA,NA,NA,NA,NA,NA,NA,NA,NA,NA,"","","","","","","","","","","","","","12/1/2015 17:41","1","8/22/2015 12:17","","Banded","","","8/20/2015","",NA,NA,NA,NA,NA,NA,NA,NA,NA,NA,NA,NA,NA,NA,NA,NA,NA,NA,"",2015,"FMMP",34
"68380","R","256132091","NOCA","89","1","1","5","B","1","46.5","2015-08-21","07:10","PBM","PAS","E1","","FALSE","","","FALSE","FALSE","","","MBO","300","7","89","FMMP2015","","","","","","","","","","","","","","","","","","","","",NA,NA,NA,NA,NA,NA,NA,NA,NA,NA,NA,NA,NA,NA,NA,NA,NA,NA,NA,NA,NA,"","","","","","","","","","","","","","12/1/2015 17:41","1","8/22/2015 12:36","","Repeat","","6","8/21/2015","",NA,NA,NA,NA,NA,NA,NA,NA,NA,NA,NA,NA,NA,NA,NA,NA,NA,NA,"",2015,"FMMP",34
"68451","1","264117688","NOCA","88","2","1","4","1","1","41.6","2015-08-23","07:10","PBM","NRG","H2","","FALSE","","","FALSE","FALSE","","","MBO","300","","","FMMP2015","","","","","","","","","","","","","","","","","","","","",NA,NA,NA,NA,NA,NA,NA,NA,NA,NA,NA,NA,NA,NA,NA,NA,NA,NA,NA,NA,NA,"","","","","","","","","","","","","","12/1/2015 17:41","1","8/25/2015 19:55","","Banded","","","8/23/2015","",NA,NA,NA,NA,NA,NA,NA,NA,NA,NA,NA,NA,NA,NA,NA,NA,NA,NA,"",2015,"FMMP",34
"68469","R","264117681","NOCA","85","2","1","0","1","0","34.4","2015-08-23","08:40","ALH","JOB","H1","","FALSE","","","FALSE","FALSE","","","MBO","300","7","89","FMMP2015","","","","","","","","","","","","","","","","","","","","",NA,NA,NA,NA,NA,NA,NA,NA,NA,NA,NA,NA,NA,NA,NA,NA,NA,NA,NA,NA,NA,"","","","","","","","","","","","","","12/1/2015 17:41","1","8/25/2015 20:05","","Repeat","","3","8/23/2015","",NA,NA,NA,NA,NA,NA,NA,NA,NA,NA,NA,NA,NA,NA,NA,NA,NA,NA,"",2015,"FMMP",34
"68636","R","256132091","NOCA","87","1","1","5","B","1","49.1","2015-08-27","10:30","PBM","SID","D4","","FALSE","","","FALSE","FALSE","","","MBO","300","7","89","FMMP2015","","","","","","","","","","","","","","","","","","","","",NA,NA,NA,NA,NA,NA,NA,NA,NA,NA,NA,NA,NA,NA,NA,NA,NA,NA,NA,NA,NA,"","","","","","","","","","","","","","12/1/2015 17:41","1","8/28/2015 18:35","","Repeat","","6","8/27/2015","",NA,NA,NA,NA,NA,NA,NA,NA,NA,NA,NA,NA,NA,NA,NA,NA,NA,NA,"",2015,"FMMP",35
"68637","R","264117681","NOCA","86","2","1","5","1","1","36.1","2015-08-27","10:30","SID","SID","D4","","FALSE","","","TRUE","FALSE","","","MBO","300","7","89","FMMP2015","","","","","","","","","","","","","","","","","","","","",NA,NA,NA,NA,NA,NA,NA,NA,NA,NA,NA,NA,NA,NA,NA,NA,NA,NA,NA,NA,NA,"","","","","","","","","","","","","","12/1/2015 17:41","1","8/28/2015 18:35","","Repeat","","4","8/27/2015","",NA,NA,NA,NA,NA,NA,NA,NA,NA,NA,NA,NA,NA,NA,NA,NA,NA,NA,"",2015,"FMMP",35
"68714","1","264117807","NOCA","85","2","S","0","1","0","38.2","2015-08-29","10:10","PBM","DDA","E1","","FALSE","","","FALSE","FALSE","","","MBO","300","","","FMMP2015","","","","","","","","","","","","","","","","","","","","",NA,NA,NA,NA,NA,NA,NA,NA,NA,NA,NA,NA,NA,NA,NA,NA,NA,NA,NA,NA,NA,"","","","","","","","","","","","","","12/1/2015 17:41","1","9/5/2015 12:04","","Banded","","","8/29/2015","",NA,NA,NA,NA,NA,NA,NA,NA,NA,NA,NA,NA,NA,NA,NA,NA,NA,NA,"",2015,"FMMP",35
"68932","R","256132371","NOCA","83","5","1","5","1","0","41.1","2015-09-04","09:30","ACM","NRG","B3","","FALSE","","","FALSE","FALSE","","","MBO","300","7","89","FMMP2015","","","","","","","","","","","","","","","","","","","","",NA,NA,NA,NA,NA,NA,NA,NA,NA,NA,NA,NA,NA,NA,NA,NA,NA,NA,NA,NA,NA,"","","","","","","","","","","","","","12/1/2015 17:41","1","9/5/2015 12:29","","Repeat","","33","9/4/2015","",NA,NA,NA,NA,NA,NA,NA,NA,NA,NA,NA,NA,NA,NA,NA,NA,NA,NA,"",2015,"FMMP",36
"69593","1","264117851","NOCA","87","2","1","5","1","0","39.3","2015-09-19","11:20","PBM","DDA","C1","","FALSE","","","FALSE","FALSE","","","MBO","300","","","FMMP2015","","","","","","","","","","","","","","","","","","","","",NA,NA,NA,NA,NA,NA,NA,NA,NA,NA,NA,NA,NA,NA,NA,NA,NA,NA,NA,NA,NA,"","","","","","","","","","","","","","12/1/2015 17:41","1","9/22/2015 20:20","","Banded","","","9/19/2015","",NA,NA,NA,NA,NA,NA,NA,NA,NA,NA,NA,NA,NA,NA,NA,NA,NA,NA,"",2015,"FMMP",38
"70023","1","264117869","NOCA","90","2","1","5","1","0","37.1","2015-09-29","11:20","NRG","FM","D3","","FALSE","","","FALSE","FALSE","","","MBO","300","","","FMMP2015","","","","","","","","","","","","","","","","","","","","",NA,NA,NA,NA,NA,NA,NA,NA,NA,NA,NA,NA,NA,NA,NA,NA,NA,NA,NA,NA,NA,"","","","","","","","","","","","","","12/1/2015 17:41","1","10/3/2015 13:02","","Banded","","","9/29/2015","",NA,NA,NA,NA,NA,NA,NA,NA,NA,NA,NA,NA,NA,NA,NA,NA,NA,NA,"",2015,"FMMP",39
"70420","1","264117873","NOCA","87","2","1","4","1","0","48.9","2015-10-06","09:40","LIK","LRK","N3","","FALSE","","","FALSE","FALSE","","","MBO","300","","","FMMP2015","","","","","","","","","","","","","","","","","","","","",NA,NA,NA,NA,NA,NA,NA,NA,NA,NA,NA,NA,NA,NA,NA,NA,NA,NA,NA,NA,NA,"","","","","","","","","","","","","","12/1/2015 17:41","1","10/9/2015 10:24","","Banded","","","10/6/2015","",NA,NA,NA,NA,NA,NA,NA,NA,NA,NA,NA,NA,NA,NA,NA,NA,NA,NA,"",2015,"FMMP",40
"70622","1","264117874","NOCA","92","2","S","5","1","1","43.8","2015-10-10","10:10","LGC","MPB","E2","","FALSE","","","FALSE","FALSE","","","MBO","300","","","FMMP2015","","","","","","","","","","","","","","","","","","","","",NA,NA,NA,NA,NA,NA,NA,NA,NA,NA,NA,NA,NA,NA,NA,NA,NA,NA,NA,NA,NA,"","","","","","","","","","","","","","12/1/2015 17:41","1","10/17/2015 7:45","","Banded","","","10/10/2015","",NA,NA,NA,NA,NA,NA,NA,NA,NA,NA,NA,NA,NA,NA,NA,NA,NA,NA,"",2015,"FMMP",41
"70658","1","264117875","NOCA","90","2","S","5","1","0","44.1","2015-10-11","07:30","PBM","MPB","H2","","FALSE","","","FALSE","FALSE","","","MBO","300","","","FMMP2015","","","","","","","","","","","","","","","","","","","","",NA,NA,NA,NA,NA,NA,NA,NA,NA,NA,NA,NA,NA,NA,NA,NA,NA,NA,NA,NA,NA,"","","","","","","","","","","","","","12/1/2015 17:41","1","10/17/2015 7:45","","Banded","","","10/11/2015","",NA,NA,NA,NA,NA,NA,NA,NA,NA,NA,NA,NA,NA,NA,NA,NA,NA,NA,"",2015,"FMMP",41
"71149","1","264117877","NOCA","90","0","1","5","1","4","44.4","2015-10-20","08:40","ALH","LUC","H2","","FALSE","","","FALSE","FALSE","","","MBO","300","","","FMMP2015","","","","","","","","","","","","","","","","","","","","",NA,NA,NA,NA,NA,NA,NA,NA,NA,NA,NA,NA,NA,NA,NA,NA,NA,NA,NA,NA,NA,"","","","","","","","","","","","","","12/1/2015 17:41","1","10/24/2015 13:26","","Banded","","","10/20/2015","",NA,NA,NA,NA,NA,NA,NA,NA,NA,NA,NA,NA,NA,NA,NA,NA,NA,NA,"",2015,"FMMP",42
"71163","R","264117851","NOCA","92","2","1","5","1","1","43.1","2015-10-20","12:20","ALH","PAB","N3","","FALSE","","","FALSE","FALSE","","","MBO","300","7","89","FMMP2015","","","","","","","","","","","","","","","","","","","","",NA,NA,NA,NA,NA,NA,NA,NA,NA,NA,NA,NA,NA,NA,NA,NA,NA,NA,NA,NA,NA,"","","","","","","","","","","","","","12/1/2015 17:41","1","10/24/2015 13:43","","Repeat","","31","10/20/2015","",NA,NA,NA,NA,NA,NA,NA,NA,NA,NA,NA,NA,NA,NA,NA,NA,NA,NA,"",2015,"FMMP",42
"71267","R","264117875","NOCA","87","0","1","5","1","0","44.6","2015-10-22","08:50","ALH","KHE","B3","","FALSE","","","FALSE","FALSE","","","MBO","300","7","89","FMMP2015","","","","","","","","","","","","","","","","","","","","",NA,NA,NA,NA,NA,NA,NA,NA,NA,NA,NA,NA,NA,NA,NA,NA,NA,NA,NA,NA,NA,"","","","","","","","","","","","","","12/1/2015 17:41","1","10/24/2015 13:43","","Repeat","","11","10/22/2015","",NA,NA,NA,NA,NA,NA,NA,NA,NA,NA,NA,NA,NA,NA,NA,NA,NA,NA,"",2015,"FMMP",43
"71271","1","264117881","NOCA","88","2","1","4","1","0","45.3","2015-10-22","09:20","PBM","KHE","H2","","FALSE","","","FALSE","FALSE","","","MBO","300","","","FMMP2015","","","","","","","","","","","","","","","","","","","","",NA,NA,NA,NA,NA,NA,NA,NA,NA,NA,NA,NA,NA,NA,NA,NA,NA,NA,NA,NA,NA,"","","","","","","","","","","","","","12/1/2015 17:41","1","10/24/2015 13:26","","Banded","","","10/22/2015","",NA,NA,NA,NA,NA,NA,NA,NA,NA,NA,NA,NA,NA,NA,NA,NA,NA,NA,"",2015,"FMMP",43
"71333","1","264117882","NOCA","93","2","1","4","1","0","50.7","2015-10-23","09:40","RDT","PAS","H2","","FALSE","","","FALSE","FALSE","","","MBO","300","","","FMMP2015","","","","","","","","","","","","","","","","","","","","",NA,NA,NA,NA,NA,NA,NA,NA,NA,NA,NA,NA,NA,NA,NA,NA,NA,NA,NA,NA,NA,"","","","","","","","","","","","","","12/1/2015 17:41","1","10/24/2015 13:26","","Banded","","","10/23/2015","",NA,NA,NA,NA,NA,NA,NA,NA,NA,NA,NA,NA,NA,NA,NA,NA,NA,NA,"",2015,"FMMP",43
"71367","1","264117883","NOCA","85","2","1","5","1","1","41.1","2015-10-24","07:40","PBM","MML","D4","","FALSE","","","FALSE","FALSE","","","MBO","300","","","FMMP2015","","","","","","","","","","","","","","","","","","","","",NA,NA,NA,NA,NA,NA,NA,NA,NA,NA,NA,NA,NA,NA,NA,NA,NA,NA,NA,NA,NA,"","","","","","","","","","","","","","12/1/2015 17:41","1","10/24/2015 13:26","","Banded","","","10/24/2015","",NA,NA,NA,NA,NA,NA,NA,NA,NA,NA,NA,NA,NA,NA,NA,NA,NA,NA,"",2015,"FMMP",43
"71368","1","264117884","NOCA","92","0","1","4","1","0","45.2","2015-10-24","07:40","PBM","MML","B2","","FALSE","","","FALSE","FALSE","","","MBO","300","","","FMMP2015","","","","","","","","","","","","","","","","","","","","",NA,NA,NA,NA,NA,NA,NA,NA,NA,NA,NA,NA,NA,NA,NA,NA,NA,NA,NA,NA,NA,"","","","","","","","","","","","","","12/1/2015 17:41","1","10/24/2015 13:26","","Banded","","","10/24/2015","",NA,NA,NA,NA,NA,NA,NA,NA,NA,NA,NA,NA,NA,NA,NA,NA,NA,NA,"",2015,"FMMP",43
"71462","1","264117889","NOCA","88","0","1","4","1","0","39.4","2015-10-26","10:20","PBM","MML","H2","","FALSE","","","FALSE","FALSE","","","MBO","300","","","FMMP2015","","","","","","","","","","","","","","","","","","","","",NA,NA,NA,NA,NA,NA,NA,NA,NA,NA,NA,NA,NA,NA,NA,NA,NA,NA,NA,NA,NA,"","","","","","","","","","","","","","12/1/2015 17:41","1","10/30/2015 18:24","","Banded","","","10/26/2015","",NA,NA,NA,NA,NA,NA,NA,NA,NA,NA,NA,NA,NA,NA,NA,NA,NA,NA,"",2015,"FMMP",43
"71567","1","264117890","NOCA","89","0","1","5","1","0","39.7","2015-10-28","10:40","DDU","PAB","A1","","FALSE","","","FALSE","FALSE","","","MBO","300","","","FMMP2015","","","","","","","","","","","","","","","","","","","","",NA,NA,NA,NA,NA,NA,NA,NA,NA,NA,NA,NA,NA,NA,NA,NA,NA,NA,NA,NA,NA,"","","","","","","","","","","","","","12/1/2015 17:41","1","10/30/2015 18:24","","Banded","","","10/28/2015","",NA,NA,NA,NA,NA,NA,NA,NA,NA,NA,NA,NA,NA,NA,NA,NA,NA,NA,"",2015,"FMMP",43
"71590","1","264117892","NOCA","88","2","1","5","1","0","43.2","2015-10-30","07:50","ALH","FRV","A1","","FALSE","","","FALSE","FALSE","","","MBO","300","","","FMMP2015","","","","","","","","","","","","","","","","","","","","",NA,NA,NA,NA,NA,NA,NA,NA,NA,NA,NA,NA,NA,NA,NA,NA,NA,NA,NA,NA,NA,"","","","","","","","","","","","","","12/1/2015 17:41","1","10/30/2015 18:24","","Banded","","","10/30/2015","",NA,NA,NA,NA,NA,NA,NA,NA,NA,NA,NA,NA,NA,NA,NA,NA,NA,NA,"",2015,"FMMP",44
"71610","1","264117893","NOCA","92","0","1","5","1","0","41.3","2015-10-30","09:20","RDT","MML","H1","","FALSE","","","FALSE","FALSE","","","MBO","300","","","FMMP2015","","","","","","","","","","","","","","","","","","","","",NA,NA,NA,NA,NA,NA,NA,NA,NA,NA,NA,NA,NA,NA,NA,NA,NA,NA,NA,NA,NA,"","","","","","","","","","","","","","12/1/2015 17:41","1","10/30/2015 18:24","","Banded","","","10/30/2015","",NA,NA,NA,NA,NA,NA,NA,NA,NA,NA,NA,NA,NA,NA,NA,NA,NA,NA,"",2015,"FMMP",44
"71645","1","264117894","NOCA","81","2","1","5","1","0","43.8","2015-10-31","07:40","PBM","KMD","A2","","FALSE","","","FALSE","FALSE","","","MBO","300","","","FMMP2015","","","","","","","","","","","","","","","","","","","","",NA,NA,NA,NA,NA,NA,NA,NA,NA,NA,NA,NA,NA,NA,NA,NA,NA,NA,NA,NA,NA,"","","","","","","","","","","","","","12/1/2015 17:41","1","11/5/2015 17:52","","Banded","","","10/31/2015","",NA,NA,NA,NA,NA,NA,NA,NA,NA,NA,NA,NA,NA,NA,NA,NA,NA,NA,"",2015,"FMMP",44
"71651","1","264117896","NOCA","86","2","1","4","1","1","46.4","2015-10-31","08:30","ALH","PBM","E2","","FALSE","","","FALSE","FALSE","","","MBO","300","","","FMMP2015","","","","","","","","","","","","","","","","","","","","",NA,NA,NA,NA,NA,NA,NA,NA,NA,NA,NA,NA,NA,NA,NA,NA,NA,NA,NA,NA,NA,"","","","","","","","","","","","","","12/1/2015 17:41","1","11/5/2015 17:52","","Banded","","","10/31/2015","",NA,NA,NA,NA,NA,NA,NA,NA,NA,NA,NA,NA,NA,NA,NA,NA,NA,NA,"",2015,"FMMP",44
"71656","1","264117897","NOCA","90","2","S","4","1","0","49.5","2015-10-31","09:10","PBM","DDA","H2","","FALSE","","","FALSE","FALSE","","","MBO","300","","","FMMP2015","","","","","","","","","","","","","","","","","","","","",NA,NA,NA,NA,NA,NA,NA,NA,NA,NA,NA,NA,NA,NA,NA,NA,NA,NA,NA,NA,NA,"","","","","","","","","","","","","","12/1/2015 17:41","1","11/5/2015 17:52","","Banded","","","10/31/2015","",NA,NA,NA,NA,NA,NA,NA,NA,NA,NA,NA,NA,NA,NA,NA,NA,NA,NA,"",2015,"FMMP",44
"71762","R","264117892","NOCA","88","0","1","5","1","0","44.4","2015-11-03","10:10","SID","FRV","H1","","FALSE","","","FALSE","FALSE","","","MBO","300","7","89","FMMP2015","","","","","","","","","","","","","","","","","","","","",NA,NA,NA,NA,NA,NA,NA,NA,NA,NA,NA,NA,NA,NA,NA,NA,NA,NA,NA,NA,NA,"","","","","","","","","","","","","","12/1/2015 17:41","1","11/5/2015 18:08","","Repeat","","4","11/3/2015","",NA,NA,NA,NA,NA,NA,NA,NA,NA,NA,NA,NA,NA,NA,NA,NA,NA,NA,"",2015,"FMMP",44
"71763","1","264117898","NOCA","88","0","1","5","1","1","45.4","2015-11-03","10:20","SID","FRV","H2","","FALSE","","","FALSE","FALSE","","","MBO","300","","","FMMP2015","","","","","","","","","","","","","","","","","","","","",NA,NA,NA,NA,NA,NA,NA,NA,NA,NA,NA,NA,NA,NA,NA,NA,NA,NA,NA,NA,NA,"","","","","","","","","","","","","","12/1/2015 17:41","1","11/5/2015 17:52","","Banded","","","11/3/2015","",NA,NA,NA,NA,NA,NA,NA,NA,NA,NA,NA,NA,NA,NA,NA,NA,NA,NA,"",2015,"FMMP",44
"71766","1","264117899","NOCA","91","0","1","5","1","0","47.1","2015-11-03","10:40","SID","MPS","H1","","FALSE","","","FALSE","FALSE","","","MBO","300","","","FMMP2015","","","","","","","","","","","","","","","","","","","","",NA,NA,NA,NA,NA,NA,NA,NA,NA,NA,NA,NA,NA,NA,NA,NA,NA,NA,NA,NA,NA,"","","","","","","","","","","","","","12/1/2015 17:41","1","11/5/2015 17:52","","Banded","","","11/3/2015","",NA,NA,NA,NA,NA,NA,NA,NA,NA,NA,NA,NA,NA,NA,NA,NA,NA,NA,"",2015,"FMMP",44
"71786","1","264117900","NOCA","91","2","1","5","1","0","40","2015-11-04","11:30","ALH","CLS","C2","","FALSE","","","FALSE","FALSE","","","MBO","300","","","FMMP2015","","","","","","","","","","","","","","","","","","","","",NA,NA,NA,NA,NA,NA,NA,NA,NA,NA,NA,NA,NA,NA,NA,NA,NA,NA,NA,NA,NA,"","","","","","","","","","","","","","12/1/2015 17:41","1","11/5/2015 17:52","","Banded","","","11/4/2015","",NA,NA,NA,NA,NA,NA,NA,NA,NA,NA,NA,NA,NA,NA,NA,NA,NA,NA,"",2015,"FMMP",44
"71801","1","264117901","NOCA","92","0","1","5","1","0","42.1","2015-11-05","07:00","PBM","MBZ","H1","","FALSE","","","FALSE","FALSE","","","MBO","300","","","FMMP2015","","","","","","","","","","","","","","","","","","","","",NA,NA,NA,NA,NA,NA,NA,NA,NA,NA,NA,NA,NA,NA,NA,NA,NA,NA,NA,NA,NA,"","","","","","","","","","","","","","12/1/2015 17:41","1","11/5/2015 17:52","","Banded","","","11/5/2015","",NA,NA,NA,NA,NA,NA,NA,NA,NA,NA,NA,NA,NA,NA,NA,NA,NA,NA,"",2015,"FMMP",45
"71802","1","250144958","NOCA","85","2","1","5","1","0","41","2015-11-05","07:10","PBM","MBZ","N3","broken beak healed, legs larger","FALSE","","","FALSE","FALSE","","","MBO","300","","","FMMP2015","","","","","","","","","","","","","","","","","","","","",NA,NA,NA,NA,NA,NA,NA,NA,NA,NA,NA,NA,NA,NA,NA,NA,NA,NA,NA,NA,NA,"","","","","","","","","","","","","","12/1/2015 17:41","1","11/5/2015 17:52","","Banded","","","11/5/2015","",NA,NA,NA,NA,NA,NA,NA,NA,NA,NA,NA,NA,NA,NA,NA,NA,NA,NA,"",2015,"FMMP",45
"71821","R","256132282","NOCA","93","0","1","4","1","0","44.1","2015-11-05","10:10","PBM","MBZ","N1","","FALSE","","","FALSE","FALSE","","","MBO","300","7","89","FMMP2015","","","","","","","","","","","","","","","","","","","","",NA,NA,NA,NA,NA,NA,NA,NA,NA,NA,NA,NA,NA,NA,NA,NA,NA,NA,NA,NA,NA,"","","","","","","","","","","","","","12/1/2015 17:41","1","11/5/2015 18:08","","Return","","334","11/5/2015","",NA,NA,NA,NA,NA,NA,NA,NA,NA,NA,NA,NA,NA,NA,NA,NA,NA,NA,"",2015,"FMMP",45
"71832","R","264117898","NOCA","89","0","1","5","1","0","43.4","2015-11-06","07:30","NIB","CCT","N3","","FALSE","","","FALSE","FALSE","","","MBO","300","7","89","FMMP2015","","","","","","","","","","","","","","","","","","","","",NA,NA,NA,NA,NA,NA,NA,NA,NA,NA,NA,NA,NA,NA,NA,NA,NA,NA,NA,NA,NA,"","","","","","","","","","","","","","12/1/2015 17:41","1","11/8/2015 12:23","","Repeat","","3","11/6/2015","",NA,NA,NA,NA,NA,NA,NA,NA,NA,NA,NA,NA,NA,NA,NA,NA,NA,NA,"",2015,"FMMP",45
"71833","1","264117903","NOCA","90","0","1","5","1","0","41.4","2015-11-06","07:30","NIB","CCT","H2","","FALSE","","","FALSE","FALSE","","","MBO","300","","","FMMP2015","","","","","","","","","","","","","","","","","","","","",NA,NA,NA,NA,NA,NA,NA,NA,NA,NA,NA,NA,NA,NA,NA,NA,NA,NA,NA,NA,NA,"","","","","","","","","","","","","","12/1/2015 17:41","1","11/8/2015 12:16","","Banded","","","11/6/2015","",NA,NA,NA,NA,NA,NA,NA,NA,NA,NA,NA,NA,NA,NA,NA,NA,NA,NA,"",2015,"FMMP",45
"71838","1","264117904","NOCA","90","0","1","5","1","0","42.2","2015-11-06","08:50","NIB","CCT","H2","","FALSE","","","FALSE","FALSE","","","MBO","300","","","FMMP2015","","","","","","","","","","","","","","","","","","","","",NA,NA,NA,NA,NA,NA,NA,NA,NA,NA,NA,NA,NA,NA,NA,NA,NA,NA,NA,NA,NA,"","","","","","","","","","","","","","12/1/2015 17:41","1","11/8/2015 12:16","","Banded","","","11/6/2015","",NA,NA,NA,NA,NA,NA,NA,NA,NA,NA,NA,NA,NA,NA,NA,NA,NA,NA,"",2015,"FMMP",45
"71839","1","264117905","NOCA","90","0","1","5","1","0","52.2","2015-11-06","08:50","NIB","FRV","A2","","FALSE","","","FALSE","FALSE","","","MBO","300","","","FMMP2015","","","","","","","","","","","","","","","","","","","","",NA,NA,NA,NA,NA,NA,NA,NA,NA,NA,NA,NA,NA,NA,NA,NA,NA,NA,NA,NA,NA,"","","","","","","","","","","","","","12/1/2015 17:41","1","11/8/2015 12:16","","Banded","","","11/6/2015","",NA,NA,NA,NA,NA,NA,NA,NA,NA,NA,NA,NA,NA,NA,NA,NA,NA,NA,"",2015,"FMMP",45
"71866","1","264117906","NOCA","90","2","1","5","1","0","42.9","2015-11-06","10:50","NIB","CCT","E2","","FALSE","","","FALSE","FALSE","","","MBO","300","","","FMMP2015","","","","","","","","","","","","","","","","","","","","",NA,NA,NA,NA,NA,NA,NA,NA,NA,NA,NA,NA,NA,NA,NA,NA,NA,NA,NA,NA,NA,"","","","","","","","","","","","","","12/1/2015 17:41","1","11/8/2015 12:16","","Banded","","","11/6/2015","",NA,NA,NA,NA,NA,NA,NA,NA,NA,NA,NA,NA,NA,NA,NA,NA,NA,NA,"",2015,"FMMP",45
"71868","R","264117899","NOCA","91","0","1","5","1","0","46.4","2015-11-06","11:40","SID","PAB","A1","","FALSE","","","FALSE","FALSE","","","MBO","300","7","89","FMMP2015","","","","","","","","","","","","","","","","","","","","",NA,NA,NA,NA,NA,NA,NA,NA,NA,NA,NA,NA,NA,NA,NA,NA,NA,NA,NA,NA,NA,"","","","","","","","","","","","","","12/1/2015 17:41","1","11/8/2015 12:23","","Repeat","","3","11/6/2015","",NA,NA,NA,NA,NA,NA,NA,NA,NA,NA,NA,NA,NA,NA,NA,NA,NA,NA,"",2015,"FMMP",45
"71885","1","264117907","NOCA","91","0","1","5","1","0","40.2","2015-11-10","08:30","NIB","GEG","V5","","FALSE","","","FALSE","FALSE","","","MBO","300","","","WINTER2015-16","","","","","","","","","","","","","","","","","","","","",NA,NA,NA,NA,NA,NA,NA,NA,NA,NA,NA,NA,NA,NA,NA,NA,NA,NA,NA,NA,NA,"","","","","","","","","","","","","","12/1/2015 17:41","1","11/27/2015 14:10","","Banded","","","11/10/2015","",NA,NA,NA,NA,NA,NA,NA,NA,NA,NA,NA,NA,NA,NA,NA,NA,NA,NA,"",2015,"WINT",45
"71889","1","264117908","NOCA","89","2","1","5","1","0","42.6","2015-11-10","08:40","NIB","GEG","V4","","FALSE","","","FALSE","FALSE","","","MBO","300","","","WINTER2015-16","","","","","","","","","","","","","","","","","","","","",NA,NA,NA,NA,NA,NA,NA,NA,NA,NA,NA,NA,NA,NA,NA,NA,NA,NA,NA,NA,NA,"","","","","","","","","","","","","","12/1/2015 17:41","1","11/27/2015 14:10","","Banded","","","11/10/2015","",NA,NA,NA,NA,NA,NA,NA,NA,NA,NA,NA,NA,NA,NA,NA,NA,NA,NA,"",2015,"WINT",45
"71890","1","264117909","NOCA","88","2","1","5","1","0","39.9","2015-11-10","08:40","NIB","GEG","V4","","FALSE","","","FALSE","FALSE","","","MBO","300","","","WINTER2015-16","","","","","","","","","","","","","","","","","","","","",NA,NA,NA,NA,NA,NA,NA,NA,NA,NA,NA,NA,NA,NA,NA,NA,NA,NA,NA,NA,NA,"","","","","","","","","","","","","","12/1/2015 17:41","1","11/27/2015 14:10","","Banded","","","11/10/2015","",NA,NA,NA,NA,NA,NA,NA,NA,NA,NA,NA,NA,NA,NA,NA,NA,NA,NA,"",2015,"WINT",45
"71894","1","264117910","NOCA","90","2","1","4","1","0","46.5","2015-11-10","08:50","NIB","GEG","V3","","FALSE","","","FALSE","FALSE","","","MBO","300","","","WINTER2015-16","","","","","","","","","","","","","","","","","","","","",NA,NA,NA,NA,NA,NA,NA,NA,NA,NA,NA,NA,NA,NA,NA,NA,NA,NA,NA,NA,NA,"","","","","","","","","","","","","","12/1/2015 17:41","1","11/27/2015 14:10","","Banded","","","11/10/2015","",NA,NA,NA,NA,NA,NA,NA,NA,NA,NA,NA,NA,NA,NA,NA,NA,NA,NA,"",2015,"WINT",45
"71896","R","256132284","NOCA","96","0","1","4","1","0","48","2015-11-10","09:10","NIB","MML","V3","","FALSE","","","FALSE","FALSE","","","MBO","300","7","89","WINTER2015-16","","","","","","","","","","","","","","","","","","","","",NA,NA,NA,NA,NA,NA,NA,NA,NA,NA,NA,NA,NA,NA,NA,NA,NA,NA,NA,NA,NA,"","","","","","","","","","","","","","12/1/2015 17:41","1","11/27/2015 14:34","","Return","","234","11/10/2015","",NA,NA,NA,NA,NA,NA,NA,NA,NA,NA,NA,NA,NA,NA,NA,NA,NA,NA,"",2015,"WINT",45
"71970","R","264117904","NOCA","90","0","1","5","1","0","42.8","2015-11-11","08:30","GEG","MML","V5","","FALSE","","","FALSE","FALSE","","","MBO","300","7","89","WINTER2015-16","","","","","","","","","","","","","","","","","","","","",NA,NA,NA,NA,NA,NA,NA,NA,NA,NA,NA,NA,NA,NA,NA,NA,NA,NA,NA,NA,NA,"","","","","","","","","","","","","","12/1/2015 17:41","1","11/27/2015 14:34","","Repeat","","5","11/11/2015","",NA,NA,NA,NA,NA,NA,NA,NA,NA,NA,NA,NA,NA,NA,NA,NA,NA,NA,"",2015,"WINT",45
"72005","R","264117909","NOCA","88","2","1","5","1","0","40.4","2015-11-11","10:40","NIB","MML","V3","","FALSE","","","FALSE","FALSE","","","MBO","300","7","89","WINTER2015-16","","","","","","","","","","","","","","","","","","","","",NA,NA,NA,NA,NA,NA,NA,NA,NA,NA,NA,NA,NA,NA,NA,NA,NA,NA,NA,NA,NA,"","","","","","","","","","","","","","12/1/2015 17:41","1","11/27/2015 14:51","","Repeat","","1","11/11/2015","",NA,NA,NA,NA,NA,NA,NA,NA,NA,NA,NA,NA,NA,NA,NA,NA,NA,NA,"",2015,"WINT",45
"72008","1","264117911","NOCA","92","2","1","4","1","0","43.3","2015-11-16","08:00","ALH","PAB","V3","","FALSE","","","FALSE","FALSE","","","MBO","300","","","WINTER2015-16","","","","","","","","","","","","","","","","","","","","",NA,NA,NA,NA,NA,NA,NA,NA,NA,NA,NA,NA,NA,NA,NA,NA,NA,NA,NA,NA,NA,"","","","","","","","","","","","","","12/1/2015 17:41","1","11/27/2015 14:10","","Banded","","","11/16/2015","",NA,NA,NA,NA,NA,NA,NA,NA,NA,NA,NA,NA,NA,NA,NA,NA,NA,NA,"",2015,"WINT",46
"72082","1","264117912","NOCA","93","0","1","4","1","0","46.7","2015-11-18","08:30","ALH","MML","V4","","FALSE","","","FALSE","FALSE","","","MBO","300","","","WINTER2015-16","","","","","","","","","","","","","","","","","","","","",NA,NA,NA,NA,NA,NA,NA,NA,NA,NA,NA,NA,NA,NA,NA,NA,NA,NA,NA,NA,NA,"","","","","","","","","","","","","","12/1/2015 17:41","1","11/27/2015 14:10","","Banded","","","11/18/2015","",NA,NA,NA,NA,NA,NA,NA,NA,NA,NA,NA,NA,NA,NA,NA,NA,NA,NA,"",2015,"WINT",46
"72103","1","264117913","NOCA","91","2","1","4","1","0","47.1","2015-11-18","10:10","NIB","PAB","V3","","FALSE","","","FALSE","FALSE","","","MBO","300","","","WINTER2015-16","","","","","","","","","","","","","","","","","","","","",NA,NA,NA,NA,NA,NA,NA,NA,NA,NA,NA,NA,NA,NA,NA,NA,NA,NA,NA,NA,NA,"","","","","","","","","","","","","","12/1/2015 17:41","1","11/27/2015 14:10","","Banded","","","11/18/2015","",NA,NA,NA,NA,NA,NA,NA,NA,NA,NA,NA,NA,NA,NA,NA,NA,NA,NA,"",2015,"WINT",46
"72147","R","264117892","NOCA","87","0","1","5","1","0","44.3","2015-11-18","12:10","ALH","CCT","V4","","FALSE","","","FALSE","FALSE","","","MBO","300","7","89","WINTER2015-16","","","","","","","","","","","","","","","","","","","","",NA,NA,NA,NA,NA,NA,NA,NA,NA,NA,NA,NA,NA,NA,NA,NA,NA,NA,NA,NA,NA,"","","","","","","","","","","","","","12/1/2015 17:41","1","11/27/2015 14:51","","Repeat","","15","11/18/2015","",NA,NA,NA,NA,NA,NA,NA,NA,NA,NA,NA,NA,NA,NA,NA,NA,NA,NA,"",2015,"WINT",46
"72156","R","264117874","NOCA","93","2","S","5","1","0","43.1","2015-11-21","07:40","PBM","MPB","V3","","FALSE","","","FALSE","FALSE","","","MBO","300","7","89","WINTER2015-16","","","","","","","","","","","","","","","","","","","","",NA,NA,NA,NA,NA,NA,NA,NA,NA,NA,NA,NA,NA,NA,NA,NA,NA,NA,NA,NA,NA,"","","","","","","","","","","","","","12/1/2015 17:41","1","11/27/2015 15:05","","Repeat","","42","11/21/2015","",NA,NA,NA,NA,NA,NA,NA,NA,NA,NA,NA,NA,NA,NA,NA,NA,NA,NA,"",2015,"WINT",47
"72157","1","264117914","NOCA","90","0","1","5","1","0","44.8","2015-11-21","07:40","PBM","MPB","V4","","FALSE","","","FALSE","FALSE","","","MBO","300","","","WINTER2015-16","","","","","","","","","","","","","","","","","","","","",NA,NA,NA,NA,NA,NA,NA,NA,NA,NA,NA,NA,NA,NA,NA,NA,NA,NA,NA,NA,NA,"","","","","","","","","","","","","","12/1/2015 17:41","1","11/27/2015 14:10","","Banded","","","11/21/2015","",NA,NA,NA,NA,NA,NA,NA,NA,NA,NA,NA,NA,NA,NA,NA,NA,NA,NA,"",2015,"WINT",47
"72169","R","264117892","NOCA","88","0","1","5","1","1","44.3","2015-11-21","08:20","PBM","MPB","V3","","FALSE","","","FALSE","FALSE","","","MBO","300","7","89","WINTER2015-16","","","","","","","","","","","","","","","","","","","","",NA,NA,NA,NA,NA,NA,NA,NA,NA,NA,NA,NA,NA,NA,NA,NA,NA,NA,NA,NA,NA,"","","","","","","","","","","","","","12/1/2015 17:41","1","11/27/2015 15:05","","Repeat","","3","11/21/2015","",NA,NA,NA,NA,NA,NA,NA,NA,NA,NA,NA,NA,NA,NA,NA,NA,NA,NA,"",2015,"WINT",47
"72171","1","264117915","NOCA","91","2","1","4","1","0","44.7","2015-11-21","08:30","PBM","MPB","V5","","FALSE","","","FALSE","FALSE","","","MBO","300","","","WINTER2015-16","","","","","","","","","","","","","","","","","","","","",NA,NA,NA,NA,NA,NA,NA,NA,NA,NA,NA,NA,NA,NA,NA,NA,NA,NA,NA,NA,NA,"","","","","","","","","","","","","","12/1/2015 17:41","1","11/27/2015 14:10","5/24/2016 17:23","Banded","","","11/21/2015","",NA,NA,NA,NA,NA,NA,NA,NA,NA,NA,NA,NA,NA,NA,NA,NA,NA,NA,"",2015,"WINT",47
"72203","R","264117903","NOCA","87","2","S","5","1","0","41.8","2015-11-21","10:40","PBM","MPB","V4","","FALSE","","","FALSE","FALSE","","","MBO","300","7","89","WINTER2015-16","","","","","","","","","","","","","","","","","","","","",NA,NA,NA,NA,NA,NA,NA,NA,NA,NA,NA,NA,NA,NA,NA,NA,NA,NA,NA,NA,NA,"","","","","","","","","","","","","","12/1/2015 17:41","1","11/27/2015 15:05","","Repeat","","15","11/21/2015","",NA,NA,NA,NA,NA,NA,NA,NA,NA,NA,NA,NA,NA,NA,NA,NA,NA,NA,"",2015,"WINT",47
"72250","1","264117916","NOCA","94","0","1","4","1","0","48","2015-11-25","10:10","ALH","MML","V3","","FALSE","","","FALSE","FALSE","","","MBO","300","","","WINTER2015-16","","","","","","","","","","","","","","","","","","","","",NA,NA,NA,NA,NA,NA,NA,NA,NA,NA,NA,NA,NA,NA,NA,NA,NA,NA,NA,NA,NA,"","","","","","","","","","","","","","12/1/2015 17:41","1","11/27/2015 14:10","","Banded","","","11/25/2015","",NA,NA,NA,NA,NA,NA,NA,NA,NA,NA,NA,NA,NA,NA,NA,NA,NA,NA,"",2015,"WINT",47
"72323","R","264117881","NOCA","93","2","1","4","1","1","46.9","2015-11-26","10:30","SID","PAB","V5","","FALSE","","","FALSE","FALSE","","","MBO","300","7","89","WINTER2015-16","","","","","","","","","","","","","","","","","","","","",NA,NA,NA,NA,NA,NA,NA,NA,NA,NA,NA,NA,NA,NA,NA,NA,NA,NA,NA,NA,NA,"","","","","","","","","","","","","","12/1/2015 17:41","1","11/27/2015 15:13","","Repeat","","35","11/26/2015","",NA,NA,NA,NA,NA,NA,NA,NA,NA,NA,NA,NA,NA,NA,NA,NA,NA,NA,"",2015,"WINT",48
"72329","R","264117851","NOCA","91","0","1","5","1","1","43.2","2015-11-26","10:40","SID","PAB","V3","","FALSE","","","FALSE","FALSE","","","MBO","300","7","89","WINTER2015-16","","","","","","","","","","","","","","","","","","","","",NA,NA,NA,NA,NA,NA,NA,NA,NA,NA,NA,NA,NA,NA,NA,NA,NA,NA,NA,NA,NA,"","","","","","","","","","","","","","12/1/2015 17:41","1","11/27/2015 15:13","","Repeat","","37","11/26/2015","",NA,NA,NA,NA,NA,NA,NA,NA,NA,NA,NA,NA,NA,NA,NA,NA,NA,NA,"",2015,"WINT",48
"72339","1","264117917","NOCA","89","2","1","5","1","1","44.1","2015-11-26","11:30","SID","PAS","V5","","FALSE","","","FALSE","FALSE","","","MBO","300","","","WINTER2015-16","","","","","","","","","","","","","","","","","","","","",NA,NA,NA,NA,NA,NA,NA,NA,NA,NA,NA,NA,NA,NA,NA,NA,NA,NA,NA,NA,NA,"","","","","","","","","","","","","","12/1/2015 17:41","1","11/27/2015 14:10","","Banded","","","11/26/2015","",NA,NA,NA,NA,NA,NA,NA,NA,NA,NA,NA,NA,NA,NA,NA,NA,NA,NA,"",2015,"WINT",48
"72515","1","264117918","NOCA","90","0","1","5","1","0","44.3","2015-12-13","11:10","GEG","SID","V3","","FALSE","","","FALSE","FALSE","","","MBO","300","","","WINTER2015-16","","","","","","","","","","","","","","","","","","","","",NA,NA,NA,NA,NA,NA,NA,NA,NA,NA,NA,NA,NA,NA,NA,NA,NA,NA,NA,NA,NA,"","","","","","","","","","","","","","1/6/2016 12:39","1","1/5/2016 15:50","","Banded","","","12/13/2015","",NA,NA,NA,NA,NA,NA,NA,NA,NA,NA,NA,NA,NA,NA,NA,NA,NA,NA,"",2015,"WINT",50
"72573","1","264117919","NOCA","89","2","1","5","1","0","46.8","2015-12-16","10:30","NIB","SID","V4","","FALSE","","","FALSE","FALSE","","","MBO","300","","","WINTER2015-16","","","","","","","","","","","","","","","","","","","","",NA,NA,NA,NA,NA,NA,NA,NA,NA,NA,NA,NA,NA,NA,NA,NA,NA,NA,NA,NA,NA,"","","","","","","","","","","","","","1/6/2016 12:39","1","1/5/2016 15:50","","Banded","","","12/16/2015","",NA,NA,NA,NA,NA,NA,NA,NA,NA,NA,NA,NA,NA,NA,NA,NA,NA,NA,"",2015,"WINT",50
"72603","R","264117889","NOCA","89","0","1","4","1","0","41.4","2015-12-23","08:50","ALH","PAB","V3","","FALSE","","","FALSE","FALSE","","","MBO","300","7","89","WINTER2015-16","","","","","","","","","","","","","","","","","","","","",NA,NA,NA,NA,NA,NA,NA,NA,NA,NA,NA,NA,NA,NA,NA,NA,NA,NA,NA,NA,NA,"","","","","","","","","","","","","","1/6/2016 12:39","1","1/5/2016 18:15","","Repeat","","58","12/23/2015","",NA,NA,NA,NA,NA,NA,NA,NA,NA,NA,NA,NA,NA,NA,NA,NA,NA,NA,"",2015,"WINT",51
"72648","1","264117920","NOCA","93","0","1","5","1","1","47","2015-12-23","12:30","ALH","PAB","V4","","FALSE","","","FALSE","FALSE","","","MBO","300","","","WINTER2015-16","","","","","","","","","","","","","","","","","","","","",NA,NA,NA,NA,NA,NA,NA,NA,NA,NA,NA,NA,NA,NA,NA,NA,NA,NA,NA,NA,NA,"","","","","","","","","","","","","","1/6/2016 12:39","1","1/5/2016 15:50","","Banded","","","12/23/2015","",NA,NA,NA,NA,NA,NA,NA,NA,NA,NA,NA,NA,NA,NA,NA,NA,NA,NA,"",2015,"WINT",51
"72816","1","264117921","NOCA","88","1","1","5","1","2","44.1","2016-03-08","10:10","NIB","PAB","V3","","FALSE","","","FALSE","FALSE","","","MBO","300","","","WINTER2015-16","","","","","","","","","","","","","","","","","","","","",NA,NA,NA,NA,NA,NA,NA,NA,NA,NA,NA,NA,NA,NA,NA,NA,NA,NA,NA,NA,NA,"","","","","","","","","","","","","","12/20/2016 13:26","1","4/4/2016 14:51","","Banded","","","3/8/2016","",NA,NA,NA,NA,NA,NA,NA,NA,NA,NA,NA,NA,NA,NA,NA,NA,NA,NA,"",2016,"WINT",10
"72842","1","264117922","NOCA","89","5","1","4","1","0","42.4","2016-03-10","08:00","NIB","CCT","V3","","FALSE","","","FALSE","FALSE","","","MBO","300","","","WINTER2015-16","","","","","","","","","","","","","","","","","","","","",NA,NA,NA,NA,NA,NA,NA,NA,NA,NA,NA,NA,NA,NA,NA,NA,NA,NA,NA,NA,NA,"","","","","","","","","","","","","","12/20/2016 13:26","1","4/4/2016 14:51","","Banded","","","3/10/2016","",NA,NA,NA,NA,NA,NA,NA,NA,NA,NA,NA,NA,NA,NA,NA,NA,NA,NA,"",2016,"WINT",10
"72845","1","264117923","NOCA","92","5","1","4","1","2","48.3","2016-03-10","08:40","NIB","CCT","V4","","FALSE","","","FALSE","FALSE","","","MBO","300","","","WINTER2015-16","","","","","","","","","","","","","","","","","","","","",NA,NA,NA,NA,NA,NA,NA,NA,NA,NA,NA,NA,NA,NA,NA,NA,NA,NA,NA,NA,NA,"","","","","","","","","","","","","","12/20/2016 13:26","1","4/4/2016 14:51","","Banded","","","3/10/2016","",NA,NA,NA,NA,NA,NA,NA,NA,NA,NA,NA,NA,NA,NA,NA,NA,NA,NA,"",2016,"WINT",10
"72858","1","264117924","NOCA","93","5","1","4","1","2","36.9","2016-03-10","10:10","NIB","MML","V5","","FALSE","","","FALSE","FALSE","","","MBO","300","","","WINTER2015-16","","","","","","","","","","","","","","","","","","","","",NA,NA,NA,NA,NA,NA,NA,NA,NA,NA,NA,NA,NA,NA,NA,NA,NA,NA,NA,NA,NA,"","","","","","","","","","","","","","12/20/2016 13:26","1","4/4/2016 14:51","","Banded","","","3/10/2016","",NA,NA,NA,NA,NA,NA,NA,NA,NA,NA,NA,NA,NA,NA,NA,NA,NA,NA,"",2016,"WINT",10
"72864","R","250144958","NOCA","87","5","1","5","1","1","42","2016-03-10","10:50","NIB","MML","V4","","FALSE","","","FALSE","FALSE","","","MBO","300","7","89","WINTER2015-16","","","","","","","","","","","","","","","","","","","","",NA,NA,NA,NA,NA,NA,NA,NA,NA,NA,NA,NA,NA,NA,NA,NA,NA,NA,NA,NA,NA,"","","","","","","","","","","","","","12/20/2016 13:26","1","4/4/2016 15:10","","Return","","126","3/10/2016","",NA,NA,NA,NA,NA,NA,NA,NA,NA,NA,NA,NA,NA,NA,NA,NA,NA,NA,"",2016,"WINT",10
"72871","R","264117897","NOCA","91","1","1","4","1","2","50.4","2016-03-10","11:20","NIB","CCT","V4","","FALSE","","","FALSE","FALSE","","","MBO","300","7","89","WINTER2015-16","","","","","","","","","","","","","","","","","","","","",NA,NA,NA,NA,NA,NA,NA,NA,NA,NA,NA,NA,NA,NA,NA,NA,NA,NA,NA,NA,NA,"","","","","","","","","","","","","","12/20/2016 13:26","1","4/4/2016 15:10","","Return","","131","3/10/2016","",NA,NA,NA,NA,NA,NA,NA,NA,NA,NA,NA,NA,NA,NA,NA,NA,NA,NA,"",2016,"WINT",10
"73293","R","242193989","NOCA","92","1","1","4","1","0","50","2016-04-27","08:30","SID","FGA","D2","","FALSE","","","FALSE","FALSE","","","MBO","300","7","89","SMMP2016","","","","","","","","","","","","","","","","","","","","",NA,NA,NA,NA,NA,NA,NA,NA,NA,NA,NA,NA,NA,NA,NA,NA,NA,NA,NA,NA,NA,"","","","","","","","","","","","","","12/20/2016 13:26","1","4/29/2016 18:55","","Return","","541","4/27/2016","",NA,NA,NA,NA,NA,NA,NA,NA,NA,NA,NA,NA,NA,NA,NA,NA,NA,NA,"",2016,"SMMP",17
"73294","1","264117949","NOCA","92","5","1","4","1","0","42.9","2016-04-27","08:30","SID","FGA","A1","","FALSE","","","FALSE","FALSE","","","MBO","300","","","SMMP2016","","","","","","","","","","","","","","","","","","","","",NA,NA,NA,NA,NA,NA,NA,NA,NA,NA,NA,NA,NA,NA,NA,NA,NA,NA,NA,NA,NA,"","","","","","","","","","","","","","12/20/2016 13:26","1","4/29/2016 18:18","","Banded","","","4/27/2016","",NA,NA,NA,NA,NA,NA,NA,NA,NA,NA,NA,NA,NA,NA,NA,NA,NA,NA,"",2016,"SMMP",17
"73349","1","264117951","NOCA","95","5","1","4","1","0","43.6","2016-04-30","10:50","RDT","THG","B2","","FALSE","","","FALSE","FALSE","","","MBO","300","","","SMMP2016","","","","","","","","","","","","","","","","","","","","",NA,NA,NA,NA,NA,NA,NA,NA,NA,NA,NA,NA,NA,NA,NA,NA,NA,NA,NA,NA,NA,"","","","","","","","","","","","","","12/20/2016 13:26","1","5/3/2016 9:09","","Banded","","","4/30/2016","",NA,NA,NA,NA,NA,NA,NA,NA,NA,NA,NA,NA,NA,NA,NA,NA,NA,NA,"",2016,"SMMP",18
"73354","R","250144958","NOCA","85","1","1","5","1","0","39","2016-05-01","06:20","LGC","PAS","C1","old beak injury","FALSE","","","FALSE","FALSE","","","MBO","300","7","89","SMMP2016","","","","","","","","","","","","","","","","","","","","",NA,NA,NA,NA,NA,NA,NA,NA,NA,NA,NA,NA,NA,NA,NA,NA,NA,NA,NA,NA,NA,"","","","","","","","","","","","","","12/20/2016 13:26","1","5/3/2016 9:36","","Repeat","","52","5/1/2016","",NA,NA,NA,NA,NA,NA,NA,NA,NA,NA,NA,NA,NA,NA,NA,NA,NA,NA,"",2016,"SMMP",18
"73382","1","264117952","NOCA","90","5","1","5","B","0","40.8","2016-05-01","10:00","GEG","AGB","N1","retained s5, growing in tertials","FALSE","","","FALSE","FALSE","","","MBO","300","","","SMMP2016","","","","","","","","","","","","","","","","","","","","",NA,NA,NA,NA,NA,NA,NA,NA,NA,NA,NA,NA,NA,NA,NA,NA,NA,NA,NA,NA,NA,"","","","","","","","","","","","","","12/20/2016 13:26","1","5/3/2016 9:09","","Banded","","","5/1/2016","",NA,NA,NA,NA,NA,NA,NA,NA,NA,NA,NA,NA,NA,NA,NA,NA,NA,NA,"",2016,"SMMP",18
"73768","1","264117966","NOCA","91","1","1","5","B","0","41.8","2016-05-14","06:40","FGA","PBM","N1","","FALSE","","","FALSE","FALSE","","","MBO","300","","","SMMP2016","","","","","","","","","","","","","","","","","","","","",NA,NA,NA,NA,NA,NA,NA,NA,NA,NA,NA,NA,NA,NA,NA,NA,NA,NA,NA,NA,NA,"","","","","","","","","","","","","","12/20/2016 13:26","1","5/17/2016 7:50","","Banded","","","5/14/2016","",NA,NA,NA,NA,NA,NA,NA,NA,NA,NA,NA,NA,NA,NA,NA,NA,NA,NA,"",2016,"SMMP",20
"73871","1","264117974","NOCA","89","1","1","5","B","0","41.5","2016-05-18","06:10","FGA","PBM","E1","","FALSE","","","FALSE","FALSE","","","MBO","300","","","SMMP2016","","","","","","","","","","","","","","","","","","","","",NA,NA,NA,NA,NA,NA,NA,NA,NA,NA,NA,NA,NA,NA,NA,NA,NA,NA,NA,NA,NA,"","","","","","","","","","","","","","12/20/2016 13:26","1","5/21/2016 8:49","","Banded","","","5/18/2016","",NA,NA,NA,NA,NA,NA,NA,NA,NA,NA,NA,NA,NA,NA,NA,NA,NA,NA,"",2016,"SMMP",20
"74033","1","264117990","NOCA","89","1","1","5","B","0","46.8","2016-05-21","08:10","ALH","ALH","E2","","FALSE","","","FALSE","FALSE","","","MBO","300","","","SMMP2016","","","","","","","","","","","","","","","","","","","","",NA,NA,NA,NA,NA,NA,NA,NA,NA,NA,NA,NA,NA,NA,NA,NA,NA,NA,NA,NA,NA,"","","","","","","","","","","","","","12/20/2016 13:26","1","5/24/2016 17:12","","Banded","","","5/21/2016","",NA,NA,NA,NA,NA,NA,NA,NA,NA,NA,NA,NA,NA,NA,NA,NA,NA,NA,"",2016,"SMMP",21
"74035","R","264117671","NOCA","90","1","1","4","1","0","47.6","2016-05-21","08:20","ALH","PBM","E2","","FALSE","","","FALSE","FALSE","","","MBO","300","7","89","SMMP2016","","","","","","","","","","","","","","","","","","","","",NA,NA,NA,NA,NA,NA,NA,NA,NA,NA,NA,NA,NA,NA,NA,NA,NA,NA,NA,NA,NA,"","","","","","","","","","","","","","12/20/2016 13:26","1","5/24/2016 17:26","","Return","","278","5/21/2016","",NA,NA,NA,NA,NA,NA,NA,NA,NA,NA,NA,NA,NA,NA,NA,NA,NA,NA,"",2016,"SMMP",21
"74059","R","264117915","NOCA","93","5","1","4","1","0","39.3","2016-05-22","05:10","GEG","JRS","H2","","FALSE","","","FALSE","FALSE","","","MBO","300","7","89","SMMP2016","","","","","","","","","","","","","","","","","","","","",NA,NA,NA,NA,NA,NA,NA,NA,NA,NA,NA,NA,NA,NA,NA,NA,NA,NA,NA,NA,NA,"","","","","","","","","","","","","","12/20/2016 13:26","1","5/24/2016 17:26","","Return","","183","5/22/2016","",NA,NA,NA,NA,NA,NA,NA,NA,NA,NA,NA,NA,NA,NA,NA,NA,NA,NA,"",2016,"SMMP",21
"74499","1","264117713","NOCA","92","5","1","4","1","1","48.1","2016-06-11","09:00","LIK","LIK","M4","","FALSE","","","FALSE","FALSE","","","MBO","300","","","MAPS2016","","","","","","","","","","","","","","","","","","","","",NA,NA,NA,NA,NA,NA,NA,NA,NA,NA,NA,NA,NA,NA,NA,NA,NA,NA,NA,NA,NA,"","","","","","","","","","","","","","12/20/2016 13:26","1","8/5/2016 9:30","","Banded","","","6/11/2016","",NA,NA,NA,NA,NA,NA,NA,NA,NA,NA,NA,NA,NA,NA,NA,NA,NA,NA,"",2016,"MAPS",24
"74515","1","264117715","NOCA","90","2","S","0","1","0","46.7","2016-06-24","06:30","PBM","PBM","M2","","FALSE","","","FALSE","FALSE","","","MBO","300","","","MAPS2016","","","","","","","","","","","","","","","","","","","","",NA,NA,NA,NA,NA,NA,NA,NA,NA,NA,NA,NA,NA,NA,NA,NA,NA,NA,NA,NA,NA,"","","","","","","","","","","","","","12/20/2016 13:26","1","8/5/2016 9:30","","Banded","","","6/24/2016","",NA,NA,NA,NA,NA,NA,NA,NA,NA,NA,NA,NA,NA,NA,NA,NA,NA,NA,"",2016,"MAPS",26
"74557","R","242193989","NOCA","93","1","1","4","1","1","49.3","2016-07-03","09:50","PBM","PBM","M1","","FALSE","","","FALSE","FALSE","","","MBO","300","7","89","MAPS2016","","","","","","","","","","","","","","","","","","","","",NA,NA,NA,NA,NA,NA,NA,NA,NA,NA,NA,NA,NA,NA,NA,NA,NA,NA,NA,NA,NA,"","","","","","","","","","","","","","12/20/2016 13:26","1","8/5/2016 10:13","","Repeat","","67","7/3/2016","",NA,NA,NA,NA,NA,NA,NA,NA,NA,NA,NA,NA,NA,NA,NA,NA,NA,NA,"",2016,"MAPS",27
"74581","R","264117715","NOCA","80","2","1","4","1","0","45.3","2016-07-17","10:30","ALH","ALH","M4","","FALSE","","","TRUE","FALSE","","","MBO","300","7","89","MAPS2016","","","","","","","","","","","","","","","","","","","","",NA,NA,NA,NA,NA,NA,NA,NA,NA,NA,NA,NA,NA,NA,NA,NA,NA,NA,NA,NA,NA,"","","","","","","","","","","","","","12/20/2016 13:26","1","8/5/2016 10:13","","Repeat","","23","7/17/2016","",NA,NA,NA,NA,NA,NA,NA,NA,NA,NA,NA,NA,NA,NA,NA,NA,NA,NA,"",2016,"MAPS",29
"74801","1","223100101","NOCA","88","2","1","0","1","0","32.3","2016-08-03","07:10","SID","FRV","D1","","FALSE","","","FALSE","FALSE","","","MBO","300","","","FMMP2016","","","","","","","","","","","","","","","","","","","","",NA,NA,NA,NA,NA,NA,NA,NA,NA,NA,NA,NA,NA,NA,NA,NA,NA,NA,NA,NA,NA,"","","","","","","","","","","","","","12/20/2016 13:26","1","8/9/2016 10:16","","Banded","","","8/3/2016","",NA,NA,NA,NA,NA,NA,NA,NA,NA,NA,NA,NA,NA,NA,NA,NA,NA,NA,"",2016,"FMMP",31
"74802","R","242193989","NOCA","93","1","1","4","1","0","47.2","2016-08-03","07:10","SID","FRV","D1","","FALSE","","","FALSE","FALSE","","","MBO","300","7","89","FMMP2016","","","","","","","","","","","","","","","","","","","","",NA,NA,NA,NA,NA,NA,NA,NA,NA,NA,NA,NA,NA,NA,NA,NA,NA,NA,NA,NA,NA,"","","","","","","","","","","","","","12/20/2016 13:26","1","8/9/2016 19:27","","Repeat","","31","8/3/2016","",NA,NA,NA,NA,NA,NA,NA,NA,NA,NA,NA,NA,NA,NA,NA,NA,NA,NA,"",2016,"FMMP",31
"74890","1","223100118","NOCA","82","2","1","0","1","0","35","2016-08-04","09:20","LGC","SHG","E2","banded on left","FALSE","","","FALSE","FALSE","","","MBO","300","","","FMMP2016","","","","","","","","","","","","","","","","","","","","",NA,NA,NA,NA,NA,NA,NA,NA,NA,NA,NA,NA,NA,NA,NA,NA,NA,NA,NA,NA,NA,"","","","","","","","","","","","","","12/20/2016 13:26","1","8/9/2016 10:16","","Banded","","","8/4/2016","",NA,NA,NA,NA,NA,NA,NA,NA,NA,NA,NA,NA,NA,NA,NA,NA,NA,NA,"",2016,"FMMP",31
"74994","R","264117900","NOCA","91","1","S","5","B","0","40","2016-08-07","08:30","PBM","GEG","B3","","FALSE","","","FALSE","FALSE","","","MBO","300","7","89","FMMP2016","","","","","","","","","","","","","","","","","","","","",NA,NA,NA,NA,NA,NA,NA,NA,NA,NA,NA,NA,NA,NA,NA,NA,NA,NA,NA,NA,NA,"","","","","","","","","","","","","","12/20/2016 13:26","1","8/9/2016 19:37","","Return","","277","8/7/2016","",NA,NA,NA,NA,NA,NA,NA,NA,NA,NA,NA,NA,NA,NA,NA,NA,NA,NA,"",2016,"FMMP",32
"75036","R","242193989","NOCA","92","1","1","4","1","0","47.9","2016-08-08","10:30","PBM","SHG","D4","","FALSE","","","FALSE","FALSE","","","MBO","300","7","89","FMMP2016","","","","","","","","","","","","","","","","","","","","",NA,NA,NA,NA,NA,NA,NA,NA,NA,NA,NA,NA,NA,NA,NA,NA,NA,NA,NA,NA,NA,"","","","","","","","","","","","","","12/20/2016 13:26","1","8/17/2016 6:44","","Repeat","","5","8/8/2016","",NA,NA,NA,NA,NA,NA,NA,NA,NA,NA,NA,NA,NA,NA,NA,NA,NA,NA,"",2016,"FMMP",32
"75061","R","242193996","NOCA","97","1","1","4","1","0","43.8","2016-08-10","06:20","CLB","PAS","N1","","FALSE","","","FALSE","FALSE","","","MBO","300","7","89","FMMP2016","","","","","","","","","","","","","","","","","","","","",NA,NA,NA,NA,NA,NA,NA,NA,NA,NA,NA,NA,NA,NA,NA,NA,NA,NA,NA,NA,NA,"","","","","","","","","","","","","","12/20/2016 13:26","1","8/17/2016 6:44","","Return","","375","8/10/2016","",NA,NA,NA,NA,NA,NA,NA,NA,NA,NA,NA,NA,NA,NA,NA,NA,NA,NA,"",2016,"FMMP",32
"75107","1","223100151","NOCA","85","2","1","0","1","0","38.4","2016-08-10","09:30","CLB","PAS","H2","","FALSE","","","FALSE","FALSE","","","MBO","300","","","FMMP2016","","","","","","","","","","","","","","","","","","","","",NA,NA,NA,NA,NA,NA,NA,NA,NA,NA,NA,NA,NA,NA,NA,NA,NA,NA,NA,NA,NA,"","","","","","","","","","","","","","12/20/2016 13:26","1","8/16/2016 10:38","","Banded","","","8/10/2016","",NA,NA,NA,NA,NA,NA,NA,NA,NA,NA,NA,NA,NA,NA,NA,NA,NA,NA,"",2016,"FMMP",32
"75133","1","223100154","NOCA","87","2","1","0","1","0","36.1","2016-08-11","09:20","SID","LAT","A2","","FALSE","","","FALSE","FALSE","","","MBO","300","","","FMMP2016","","","","","","","","","","","","","","","","","","","","",NA,NA,NA,NA,NA,NA,NA,NA,NA,NA,NA,NA,NA,NA,NA,NA,NA,NA,NA,NA,NA,"","","","","","","","","","","","","","12/20/2016 13:26","1","8/16/2016 10:38","","Banded","","","8/11/2016","",NA,NA,NA,NA,NA,NA,NA,NA,NA,NA,NA,NA,NA,NA,NA,NA,NA,NA,"",2016,"FMMP",32
"75142","1","223100155","NOCA","86","2","1","0","1","1","37.6","2016-08-11","09:30","SID","LAT","N3","","FALSE","","","FALSE","FALSE","","","MBO","300","","","FMMP2016","","","","","","","","","","","","","","","","","","","","",NA,NA,NA,NA,NA,NA,NA,NA,NA,NA,NA,NA,NA,NA,NA,NA,NA,NA,NA,NA,NA,"","","","","","","","","","","","","","12/20/2016 13:26","1","8/16/2016 10:38","","Banded","","","8/11/2016","",NA,NA,NA,NA,NA,NA,NA,NA,NA,NA,NA,NA,NA,NA,NA,NA,NA,NA,"",2016,"FMMP",32
"75369","R","223100155","NOCA","84","2","1","0","1","0","37","2016-08-19","06:30","ALH","MFB","A2","","FALSE","","","FALSE","FALSE","","","MBO","300","7","89","FMMP2016","","","","","","","","","","","","","","","","","","","","",NA,NA,NA,NA,NA,NA,NA,NA,NA,NA,NA,NA,NA,NA,NA,NA,NA,NA,NA,NA,NA,"","","","","","","","","","","","","","12/20/2016 13:26","1","8/25/2016 9:47","","Repeat","","8","8/19/2016","",NA,NA,NA,NA,NA,NA,NA,NA,NA,NA,NA,NA,NA,NA,NA,NA,NA,NA,"",2016,"FMMP",34
"75395","1","223100176","NOCA","82","2","1","0","1","0","39.1","2016-08-19","09:10","ALH","MFB","E1","","FALSE","","","FALSE","FALSE","","","MBO","300","","","FMMP2016","","","","","","","","","","","","","","","","","","","","",NA,NA,NA,NA,NA,NA,NA,NA,NA,NA,NA,NA,NA,NA,NA,NA,NA,NA,NA,NA,NA,"","","","","","","","","","","","","","12/20/2016 13:26","1","8/24/2016 10:57","","Banded","","","8/19/2016","",NA,NA,NA,NA,NA,NA,NA,NA,NA,NA,NA,NA,NA,NA,NA,NA,NA,NA,"",2016,"FMMP",34
"75469","R","223100101","NOCA","86","2","1","0","1","1","33.6","2016-08-22","06:20","PBM","CRC","C2","","FALSE","","","FALSE","FALSE","","","MBO","300","7","89","FMMP2016","","","","","","","","","","","","","","","","","","","","",NA,NA,NA,NA,NA,NA,NA,NA,NA,NA,NA,NA,NA,NA,NA,NA,NA,NA,NA,NA,NA,"","","","","","","","","","","","","","12/20/2016 13:26","1","8/25/2016 10:04","","Repeat","","19","8/22/2016","",NA,NA,NA,NA,NA,NA,NA,NA,NA,NA,NA,NA,NA,NA,NA,NA,NA,NA,"",2016,"FMMP",34
"75677","R","223100101","NOCA","86","2","1","5","1","0","34.6","2016-08-27","09:20","NIB","LAT","N1","","FALSE","","","TRUE","FALSE","","","MBO","300","7","89","FMMP2016","","","","","","","","","","","","","","","","","","","","",NA,NA,NA,NA,NA,NA,NA,NA,NA,NA,NA,NA,NA,NA,NA,NA,NA,NA,NA,NA,NA,"","","","","","","","","","","","","","12/20/2016 13:26","1","9/3/2016 10:09","","Repeat","","5","8/27/2016","",NA,NA,NA,NA,NA,NA,NA,NA,NA,NA,NA,NA,NA,NA,NA,NA,NA,NA,"",2016,"FMMP",35
"75718","1","223100190","NOCA","86","2","1","0","1","1","48.3","2016-08-28","09:10","LIK","MPB","A2","","FALSE","","","FALSE","FALSE","","","MBO","300","","","FMMP2016","","","","","","","","","","","","","","","","","","","","",NA,NA,NA,NA,NA,NA,NA,NA,NA,NA,NA,NA,NA,NA,NA,NA,NA,NA,NA,NA,NA,"","","","","","","","","","","","","","12/20/2016 13:26","1","9/3/2016 9:39","","Banded","","","8/28/2016","",NA,NA,NA,NA,NA,NA,NA,NA,NA,NA,NA,NA,NA,NA,NA,NA,NA,NA,"",2016,"FMMP",35
"75721","R","256132091","NOCA","88","1","1","5","1","0","49.4","2016-08-28","09:10","LIK","MPB","A2","","FALSE","","","FALSE","FALSE","","","MBO","300","7","89","FMMP2016","","","","","","","","","","","","","","","","","","","","",NA,NA,NA,NA,NA,NA,NA,NA,NA,NA,NA,NA,NA,NA,NA,NA,NA,NA,NA,NA,NA,"","","","","","","","","","","","","","12/20/2016 13:26","1","9/3/2016 10:09","","Return","","367","8/28/2016","",NA,NA,NA,NA,NA,NA,NA,NA,NA,NA,NA,NA,NA,NA,NA,NA,NA,NA,"",2016,"FMMP",35
"75818","1","223100195","NOCA","92","2","1","4","1","0","39.3","2016-08-31","09:20","SID","PAB","H2","","FALSE","","","FALSE","FALSE","","","MBO","300","","","FMMP2016","","","","","","","","","","","","","","","","","","","","",NA,NA,NA,NA,NA,NA,NA,NA,NA,NA,NA,NA,NA,NA,NA,NA,NA,NA,NA,NA,NA,"","","","","","","","","","","","","","12/20/2016 13:26","1","9/3/2016 9:39","","Banded","","","8/31/2016","",NA,NA,NA,NA,NA,NA,NA,NA,NA,NA,NA,NA,NA,NA,NA,NA,NA,NA,"",2016,"FMMP",35
"75835","1","223100196","NOCA","83","2","1","0","1","0","40.1","2016-09-01","06:50","SID","FRV","D1","","FALSE","","","FALSE","FALSE","","","MBO","300","","","FMMP2016","","","","","","","","","","","","","","","","","","","","",NA,NA,NA,NA,NA,NA,NA,NA,NA,NA,NA,NA,NA,NA,NA,NA,NA,NA,NA,NA,NA,"","","","","","","","","","","","","","12/20/2016 13:26","1","9/3/2016 9:39","","Banded","","","9/1/2016","",NA,NA,NA,NA,NA,NA,NA,NA,NA,NA,NA,NA,NA,NA,NA,NA,NA,NA,"",2016,"FMMP",35
"75900","R","223100154","NOCA","86","2","1","5","1","0","33.7","2016-09-03","06:50","LIK","ZAB","N1","","FALSE","","","TRUE","FALSE","","","MBO","300","7","89","FMMP2016","","","","","","","","","","","","","","","","","","","","",NA,NA,NA,NA,NA,NA,NA,NA,NA,NA,NA,NA,NA,NA,NA,NA,NA,NA,NA,NA,NA,"","","","","","","","","","","","","","12/20/2016 13:26","1","9/22/2016 16:23","","Repeat","","23","9/3/2016","",NA,NA,NA,NA,NA,NA,NA,NA,NA,NA,NA,NA,NA,NA,NA,NA,NA,NA,"",2016,"FMMP",36
"75906","R","223100101","NOCA","87","2","1","0","1","0","35","2016-09-03","07:40","LIK","LIK","N3","","FALSE","","","FALSE","FALSE","","","MBO","300","7","89","FMMP2016","","","","","","","","","","","","","","","","","","","","",NA,NA,NA,NA,NA,NA,NA,NA,NA,NA,NA,NA,NA,NA,NA,NA,NA,NA,NA,NA,NA,"","","","","","","","","","","","","","12/20/2016 13:26","1","9/22/2016 16:23","","Repeat","","7","9/3/2016","",NA,NA,NA,NA,NA,NA,NA,NA,NA,NA,NA,NA,NA,NA,NA,NA,NA,NA,"",2016,"FMMP",36
"75930","1","223100197","NOCA","85","2","1","0","1","0","40.3","2016-09-04","07:40","GEG","LIK","C1","","FALSE","","","FALSE","FALSE","","","MBO","300","","","FMMP2016","","","","","","","","","","","","","","","","","","","","",NA,NA,NA,NA,NA,NA,NA,NA,NA,NA,NA,NA,NA,NA,NA,NA,NA,NA,NA,NA,NA,"","","","","","","","","","","","","","12/20/2016 13:26","1","9/21/2016 17:55","","Banded","","","9/4/2016","",NA,NA,NA,NA,NA,NA,NA,NA,NA,NA,NA,NA,NA,NA,NA,NA,NA,NA,"",2016,"FMMP",36
"76076","R","223100101","NOCA","86","2","1","0","1","0","35.8","2016-09-12","07:10","GEG","NJH","H2","","FALSE","","","FALSE","FALSE","","","MBO","300","7","89","FMMP2016","","","","","","","","","","","","","","","","","","","","",NA,NA,NA,NA,NA,NA,NA,NA,NA,NA,NA,NA,NA,NA,NA,NA,NA,NA,NA,NA,NA,"","","","","","","","","","","","","","12/20/2016 13:26","1","9/22/2016 16:42","","Repeat","","9","9/12/2016","",NA,NA,NA,NA,NA,NA,NA,NA,NA,NA,NA,NA,NA,NA,NA,NA,NA,NA,"",2016,"FMMP",37
"76273","1","265166623","NOCA","85","2","1","5","1","0","38","2016-09-17","11:30","SID","ZAB","E2","","FALSE","","","FALSE","FALSE","","","MBO","300","","","FMMP2016","","","","","","","","","","","","","","","","","","","","",NA,NA,NA,NA,NA,NA,NA,NA,NA,NA,NA,NA,NA,NA,NA,NA,NA,NA,NA,NA,NA,"","","","","","","","","","","","","","12/20/2016 13:26","1","9/21/2016 18:00","","Banded","","","9/17/2016","",NA,NA,NA,NA,NA,NA,NA,NA,NA,NA,NA,NA,NA,NA,NA,NA,NA,NA,"",2016,"FMMP",38
"76321","1","265166628","NOCA","89","2","1","0","1","0","44.5","2016-09-19","08:30","GEG","NJH","H2","","FALSE","","","FALSE","FALSE","","","MBO","300","","","FMMP2016","","","","","","","","","","","","","","","","","","","","",NA,NA,NA,NA,NA,NA,NA,NA,NA,NA,NA,NA,NA,NA,NA,NA,NA,NA,NA,NA,NA,"","","","","","","","","","","","","","12/20/2016 13:26","1","9/21/2016 18:00","","Banded","","","9/19/2016","",NA,NA,NA,NA,NA,NA,NA,NA,NA,NA,NA,NA,NA,NA,NA,NA,NA,NA,"",2016,"FMMP",38
"76333","R","223100190","NOCA","88","2","1","0","1","0","50.3","2016-09-19","11:10","GEG","FM","E2","","FALSE","","","FALSE","FALSE","","","MBO","300","7","89","FMMP2016","","","","","","","","","","","","","","","","","","","","",NA,NA,NA,NA,NA,NA,NA,NA,NA,NA,NA,NA,NA,NA,NA,NA,NA,NA,NA,NA,NA,"","","","","","","","","","","","","","12/20/2016 13:26","1","9/22/2016 17:01","","Repeat","","22","9/19/2016","",NA,NA,NA,NA,NA,NA,NA,NA,NA,NA,NA,NA,NA,NA,NA,NA,NA,NA,"",2016,"FMMP",38
"76359","1","265166631","NOCA","89","2","1","0","1","0","40.5","2016-09-20","09:20","PBM","MML","D4","","FALSE","","","FALSE","FALSE","","","MBO","300","","","FMMP2016","","","","","","","","","","","","","","","","","","","","",NA,NA,NA,NA,NA,NA,NA,NA,NA,NA,NA,NA,NA,NA,NA,NA,NA,NA,NA,NA,NA,"","","","","","","","","","","","","","12/20/2016 13:26","1","9/21/2016 18:00","","Banded","","","9/20/2016","",NA,NA,NA,NA,NA,NA,NA,NA,NA,NA,NA,NA,NA,NA,NA,NA,NA,NA,"",2016,"FMMP",38
"76697","1","265166638","NOCA","92","1","1","5","1","0","43.6","2016-09-26","09:10","GEG","NJH","B2","","FALSE","","","FALSE","FALSE","","","MBO","300","","","FMMP2016","","","","","","","","","","","","","","","","","","","","",NA,NA,NA,NA,NA,NA,NA,NA,NA,NA,NA,NA,NA,NA,NA,NA,NA,NA,NA,NA,NA,"","","","","","","","","","","","","","12/20/2016 13:26","1","10/12/2016 7:13","","Banded","","","9/26/2016","",NA,NA,NA,NA,NA,NA,NA,NA,NA,NA,NA,NA,NA,NA,NA,NA,NA,NA,"",2016,"FMMP",39
"77085","1","265166644","NOCA","89","2","1","4","1","0","44.6","2016-10-01","08:50","PBM","FM","C2","","FALSE","","","FALSE","FALSE","","","MBO","300","","","FMMP2016","","","","","","","","","","","","","","","","","","","","",NA,NA,NA,NA,NA,NA,NA,NA,NA,NA,NA,NA,NA,NA,NA,NA,NA,NA,NA,NA,NA,"","","","","","","","","","","","","","12/20/2016 13:26","1","10/12/2016 7:13","","Banded","","","10/1/2016","",NA,NA,NA,NA,NA,NA,NA,NA,NA,NA,NA,NA,NA,NA,NA,NA,NA,NA,"",2016,"FMMP",40
"77496","1","265166649","NOCA","91","2","1","5","1","0","45.5","2016-10-04","08:20","GEG","JLH","C1","","FALSE","","","FALSE","FALSE","","","MBO","300","","","FMMP2016","","","","","","","","","","","","","","","","","","","","",NA,NA,NA,NA,NA,NA,NA,NA,NA,NA,NA,NA,NA,NA,NA,NA,NA,NA,NA,NA,NA,"","","","","","","","","","","","","","12/20/2016 13:26","1","10/12/2016 7:13","","Banded","","","10/4/2016","",NA,NA,NA,NA,NA,NA,NA,NA,NA,NA,NA,NA,NA,NA,NA,NA,NA,NA,"",2016,"FMMP",40
"77503","1","265166650","NOCA","87","2","1","0","1","0","39.6","2016-10-04","08:30","GEG","JLH","C1","","FALSE","","","FALSE","FALSE","","","MBO","300","","","FMMP2016","","","","","","","","","","","","","","","","","","","","",NA,NA,NA,NA,NA,NA,NA,NA,NA,NA,NA,NA,NA,NA,NA,NA,NA,NA,NA,NA,NA,"","","","","","","","","","","","","","12/20/2016 13:26","1","10/12/2016 7:13","","Banded","","","10/4/2016","",NA,NA,NA,NA,NA,NA,NA,NA,NA,NA,NA,NA,NA,NA,NA,NA,NA,NA,"",2016,"FMMP",40
"77569","1","265166651","NOCA","88","2","1","0","1","0","38.3","2016-10-04","11:10","GEG","JLH","A2","","FALSE","","","FALSE","FALSE","","","MBO","300","","","FMMP2016","","","","","","","","","","","","","","","","","","","","",NA,NA,NA,NA,NA,NA,NA,NA,NA,NA,NA,NA,NA,NA,NA,NA,NA,NA,NA,NA,NA,"","","","","","","","","","","","","","12/20/2016 13:26","1","10/12/2016 7:13","","Banded","","","10/4/2016","",NA,NA,NA,NA,NA,NA,NA,NA,NA,NA,NA,NA,NA,NA,NA,NA,NA,NA,"",2016,"FMMP",40
"77704","1","265166653","NOCA","89","2","1","4","1","0","47.3","2016-10-06","11:00","ALH","FRV","H1","","FALSE","","","FALSE","FALSE","","","MBO","300","","","FMMP2016","","","","","","","","","","","","","","","","","","","","",NA,NA,NA,NA,NA,NA,NA,NA,NA,NA,NA,NA,NA,NA,NA,NA,NA,NA,NA,NA,NA,"","","","","","","","","","","","","","12/20/2016 13:26","1","10/12/2016 7:13","","Banded","","","10/6/2016","",NA,NA,NA,NA,NA,NA,NA,NA,NA,NA,NA,NA,NA,NA,NA,NA,NA,NA,"",2016,"FMMP",40
"77705","1","265166654","NOCA","86","2","1","0","1","0","44.5","2016-10-06","11:50","ALH","SID","N1","","FALSE","","","FALSE","FALSE","","","MBO","300","","","FMMP2016","","","","","","","","","","","","","","","","","","","","",NA,NA,NA,NA,NA,NA,NA,NA,NA,NA,NA,NA,NA,NA,NA,NA,NA,NA,NA,NA,NA,"","","","","","","","","","","","","","12/20/2016 13:26","1","10/12/2016 7:13","","Banded","","","10/6/2016","",NA,NA,NA,NA,NA,NA,NA,NA,NA,NA,NA,NA,NA,NA,NA,NA,NA,NA,"",2016,"FMMP",40
"77949","1","265166657","NOCA","90","1","1","5","1","0","44.7","2016-10-11","08:40","GEG","PBM","B3","","FALSE","","","FALSE","FALSE","","","MBO","300","","","FMMP2016","","","","","","","","","","","","","","","","","","","","",NA,NA,NA,NA,NA,NA,NA,NA,NA,NA,NA,NA,NA,NA,NA,NA,NA,NA,NA,NA,NA,"","","","","","","","","","","","","","12/20/2016 13:26","1","10/12/2016 7:13","","Banded","","","10/11/2016","",NA,NA,NA,NA,NA,NA,NA,NA,NA,NA,NA,NA,NA,NA,NA,NA,NA,NA,"",2016,"FMMP",41
"78000","1","265166659","NOCA","84","2","1","5","1","0","42.1","2016-10-12","08:50","CLB","GEP","H2","","FALSE","","","FALSE","FALSE","","","MBO","300","","","FMMP2016","","","","","","","","","","","","","","","","","","","","",NA,NA,NA,NA,NA,NA,NA,NA,NA,NA,NA,NA,NA,NA,NA,NA,NA,NA,NA,NA,NA,"","","","","","","","","","","","","","12/20/2016 13:26","1","10/28/2016 7:42","","Banded","","","10/12/2016","",NA,NA,NA,NA,NA,NA,NA,NA,NA,NA,NA,NA,NA,NA,NA,NA,NA,NA,"",2016,"FMMP",41
"78036","R","223100101","NOCA","89","2","1","5","1","0","38.7","2016-10-12","11:30","CLB","FRV","A2","","FALSE","","","TRUE","FALSE","","","MBO","300","7","89","FMMP2016","","","","","","","","","","","","","","","","","","","","",NA,NA,NA,NA,NA,NA,NA,NA,NA,NA,NA,NA,NA,NA,NA,NA,NA,NA,NA,NA,NA,"","","","","","","","","","","","","","12/20/2016 13:26","1","10/28/2016 8:22","","Repeat","","30","10/12/2016","",NA,NA,NA,NA,NA,NA,NA,NA,NA,NA,NA,NA,NA,NA,NA,NA,NA,NA,"",2016,"FMMP",41
"78148","R","265166651","NOCA","86","2","1","5","1","0","39.1","2016-10-15","07:30","SID","CAD","B2","","FALSE","","","TRUE","FALSE","","","MBO","300","7","89","FMMP2016","","","","","","","","","","","","","","","","","","","","",NA,NA,NA,NA,NA,NA,NA,NA,NA,NA,NA,NA,NA,NA,NA,NA,NA,NA,NA,NA,NA,"","","","","","","","","","","","","","12/20/2016 13:26","1","10/28/2016 8:22","","Repeat","","11","10/15/2016","",NA,NA,NA,NA,NA,NA,NA,NA,NA,NA,NA,NA,NA,NA,NA,NA,NA,NA,"",2016,"FMMP",42
"78174","1","265166662","NOCA","91","0","1","5","1","0","42","2016-10-15","10:20","SID","LAT","E1","","FALSE","","","FALSE","FALSE","","","MBO","300","","","FMMP2016","","","","","","","","","","","","","","","","","","","","",NA,NA,NA,NA,NA,NA,NA,NA,NA,NA,NA,NA,NA,NA,NA,NA,NA,NA,NA,NA,NA,"","","","","","","","","","","","","","12/20/2016 13:26","1","10/28/2016 7:42","","Banded","","","10/15/2016","",NA,NA,NA,NA,NA,NA,NA,NA,NA,NA,NA,NA,NA,NA,NA,NA,NA,NA,"",2016,"FMMP",42
"78244","1","265166663","NOCA","96","0","1","0","1","0","41.6","2016-10-17","08:10","GEG","PAB","H1","","FALSE","","","FALSE","FALSE","","","MBO","300","","","FMMP2016","","","","","","","","","","","","","","","","","","","","",NA,NA,NA,NA,NA,NA,NA,NA,NA,NA,NA,NA,NA,NA,NA,NA,NA,NA,NA,NA,NA,"","","","","","","","","","","","","","12/20/2016 13:26","1","10/28/2016 7:42","","Banded","","","10/17/2016","",NA,NA,NA,NA,NA,NA,NA,NA,NA,NA,NA,NA,NA,NA,NA,NA,NA,NA,"",2016,"FMMP",42
"78245","1","265166664","NOCA","91","0","1","5","1","0","39.9","2016-10-17","08:10","GEG","PAB","B2","","FALSE","","","FALSE","FALSE","","","MBO","300","","","FMMP2016","","","","","","","","","","","","","","","","","","","","",NA,NA,NA,NA,NA,NA,NA,NA,NA,NA,NA,NA,NA,NA,NA,NA,NA,NA,NA,NA,NA,"","","","","","","","","","","","","","12/20/2016 13:26","1","10/28/2016 7:42","","Banded","","","10/17/2016","",NA,NA,NA,NA,NA,NA,NA,NA,NA,NA,NA,NA,NA,NA,NA,NA,NA,NA,"",2016,"FMMP",42
"78274","1","265166665","NOCA","92","2","1","4","1","0","45","2016-10-18","09:10","ALH","NAG","C2","","FALSE","","","FALSE","FALSE","","","MBO","300","","","FMMP2016","","","","","","","","","","","","","","","","","","","","",NA,NA,NA,NA,NA,NA,NA,NA,NA,NA,NA,NA,NA,NA,NA,NA,NA,NA,NA,NA,NA,"","","","","","","","","","","","","","12/20/2016 13:26","1","10/28/2016 7:42","","Banded","","","10/18/2016","",NA,NA,NA,NA,NA,NA,NA,NA,NA,NA,NA,NA,NA,NA,NA,NA,NA,NA,"",2016,"FMMP",42
"78464","R","265166657","NOCA","90","0","1","5","1","0","46.1","2016-10-20","09:20","SID","MPB","D1","","FALSE","","","FALSE","FALSE","","","MBO","300","7","89","FMMP2016","","","","","","","","","","","","","","","","","","","","",NA,NA,NA,NA,NA,NA,NA,NA,NA,NA,NA,NA,NA,NA,NA,NA,NA,NA,NA,NA,NA,"","","","","","","","","","","","","","12/20/2016 13:26","1","10/28/2016 9:51","","Repeat","","9","10/20/2016","",NA,NA,NA,NA,NA,NA,NA,NA,NA,NA,NA,NA,NA,NA,NA,NA,NA,NA,"",2016,"FMMP",42
"78529","R","265166653","NOCA","91","0","1","4","1","0","48.8","2016-10-24","09:00","LIK","FM","A2","","FALSE","","","FALSE","FALSE","","","MBO","300","7","89","FMMP2016","","","","","","","","","","","","","","","","","","","","",NA,NA,NA,NA,NA,NA,NA,NA,NA,NA,NA,NA,NA,NA,NA,NA,NA,NA,NA,NA,NA,"","","","","","","","","","","","","","12/20/2016 13:26","1","10/28/2016 9:51","","Repeat","","18","10/24/2016","",NA,NA,NA,NA,NA,NA,NA,NA,NA,NA,NA,NA,NA,NA,NA,NA,NA,NA,"",2016,"FMMP",43
"78530","R","265166659","NOCA","82","2","1","5","1","0","43.6","2016-10-24","09:00","LIK","FM","A2","","FALSE","","","FALSE","FALSE","","","MBO","300","7","89","FMMP2016","","","","","","","","","","","","","","","","","","","","",NA,NA,NA,NA,NA,NA,NA,NA,NA,NA,NA,NA,NA,NA,NA,NA,NA,NA,NA,NA,NA,"","","","","","","","","","","","","","12/20/2016 13:26","1","10/28/2016 9:51","","Repeat","","12","10/24/2016","",NA,NA,NA,NA,NA,NA,NA,NA,NA,NA,NA,NA,NA,NA,NA,NA,NA,NA,"",2016,"FMMP",43
"78641","1","265166671","NOCA","93","2","1","4","1","1","45.9","2016-10-26","08:30","CLB","PAB","H2","","FALSE","","","FALSE","FALSE","","","MBO","300","","","FMMP2016","","","","","","","","","","","","","","","","","","","","",NA,NA,NA,NA,NA,NA,NA,NA,NA,NA,NA,NA,NA,NA,NA,NA,NA,NA,NA,NA,NA,"","","","","","","","","","","","","","12/20/2016 13:26","1","10/28/2016 7:42","","Banded","","","10/26/2016","",NA,NA,NA,NA,NA,NA,NA,NA,NA,NA,NA,NA,NA,NA,NA,NA,NA,NA,"",2016,"FMMP",43
"78644","R","223100176","NOCA","89","2","1","5","1","0","41.7","2016-10-26","08:40","CLB","MML","H2","","FALSE","","","TRUE","FALSE","","","MBO","300","7","89","FMMP2016","","","","","","","","","","","","","","","","","","","","",NA,NA,NA,NA,NA,NA,NA,NA,NA,NA,NA,NA,NA,NA,NA,NA,NA,NA,NA,NA,NA,"","","","","","","","","","","","","","12/20/2016 13:26","1","10/28/2016 10:28","","Repeat","","68","10/26/2016","",NA,NA,NA,NA,NA,NA,NA,NA,NA,NA,NA,NA,NA,NA,NA,NA,NA,NA,"",2016,"FMMP",43
"78650","1","265166672","NOCA","87","2","1","4","1","0","44.4","2016-10-26","08:50","CLB","MML","E2","","FALSE","","","FALSE","FALSE","","","MBO","300","","","FMMP2016","","","","","","","","","","","","","","","","","","","","",NA,NA,NA,NA,NA,NA,NA,NA,NA,NA,NA,NA,NA,NA,NA,NA,NA,NA,NA,NA,NA,"","","","","","","","","","","","","","12/20/2016 13:26","1","10/28/2016 7:42","","Banded","","","10/26/2016","",NA,NA,NA,NA,NA,NA,NA,NA,NA,NA,NA,NA,NA,NA,NA,NA,NA,NA,"",2016,"FMMP",43
"78655","1","265166673","NOCA","86","2","1","5","1","0","43.7","2016-10-26","09:10","CLB","CCT","E2","","FALSE","","","FALSE","FALSE","","","MBO","300","","","FMMP2016","","","","","","","","","","","","","","","","","","","","",NA,NA,NA,NA,NA,NA,NA,NA,NA,NA,NA,NA,NA,NA,NA,NA,NA,NA,NA,NA,NA,"","","","","","","","","","","","","","12/20/2016 13:26","1","10/28/2016 7:42","","Banded","","","10/26/2016","",NA,NA,NA,NA,NA,NA,NA,NA,NA,NA,NA,NA,NA,NA,NA,NA,NA,NA,"",2016,"FMMP",43
"78658","1","265166674","NOCA","92","0","1","5","1","1","41","2016-10-26","09:20","CLB","MML","A1","","FALSE","","","FALSE","FALSE","","","MBO","300","","","FMMP2016","","","","","","","","","","","","","","","","","","","","",NA,NA,NA,NA,NA,NA,NA,NA,NA,NA,NA,NA,NA,NA,NA,NA,NA,NA,NA,NA,NA,"","","","","","","","","","","","","","12/20/2016 13:26","1","10/28/2016 7:42","","Banded","","","10/26/2016","",NA,NA,NA,NA,NA,NA,NA,NA,NA,NA,NA,NA,NA,NA,NA,NA,NA,NA,"",2016,"FMMP",43
"78762","R","223100154","NOCA","89","2","1","0","1","0","41","2016-10-27","12:20","SID","MPB","B3","","FALSE","","","FALSE","FALSE","","","MBO","300","7","89","FMMP2016","","","","","","","","","","","","","","","","","","","","",NA,NA,NA,NA,NA,NA,NA,NA,NA,NA,NA,NA,NA,NA,NA,NA,NA,NA,NA,NA,NA,"","","","","","","","","","","","","","12/20/2016 13:26","1","10/28/2016 10:28","","Repeat","","54","10/27/2016","",NA,NA,NA,NA,NA,NA,NA,NA,NA,NA,NA,NA,NA,NA,NA,NA,NA,NA,"",2016,"FMMP",43
"78763","1","265166678","NOCA","91","2","1","5","1","0","44.4","2016-10-27","12:20","SID","MPB","N1","","FALSE","","","FALSE","FALSE","","","MBO","300","","","FMMP2016","","","","","","","","","","","","","","","","","","","","",NA,NA,NA,NA,NA,NA,NA,NA,NA,NA,NA,NA,NA,NA,NA,NA,NA,NA,NA,NA,NA,"","","","","","","","","","","","","","12/20/2016 13:26","1","10/28/2016 7:42","","Banded","","","10/27/2016","",NA,NA,NA,NA,NA,NA,NA,NA,NA,NA,NA,NA,NA,NA,NA,NA,NA,NA,"",2016,"FMMP",43
"78781","1","265166679","NOCA","92","0","1","4","1","1","46.3","2016-10-29","10:10","PBM","PBM","N1","","FALSE","","","FALSE","FALSE","","","MBO","300","","","FMMP2016","","","","","","","","","","","","","","","","","","","","",NA,NA,NA,NA,NA,NA,NA,NA,NA,NA,NA,NA,NA,NA,NA,NA,NA,NA,NA,NA,NA,"","","","","","","","","","","","","","12/20/2016 13:26","1","11/20/2016 11:52","","Banded","","","10/29/2016","",NA,NA,NA,NA,NA,NA,NA,NA,NA,NA,NA,NA,NA,NA,NA,NA,NA,NA,"",2016,"FMMP",44
"78841","R","265166674","NOCA","90","0","1","5","1","1","42.3","2016-10-30","12:20","KHE","LAT","B3","","FALSE","","","FALSE","FALSE","","","MBO","300","7","89","FMMP2016","","","","","","","","","","","","","","","","","","","","",NA,NA,NA,NA,NA,NA,NA,NA,NA,NA,NA,NA,NA,NA,NA,NA,NA,NA,NA,NA,NA,"","","","","","","","","","","","","","12/20/2016 13:26","1","11/20/2016 12:06","","Repeat","","4","10/30/2016","",NA,NA,NA,NA,NA,NA,NA,NA,NA,NA,NA,NA,NA,NA,NA,NA,NA,NA,"",2016,"FMMP",44
"78890","1","265166683","NOCA","90","0","1","4","1","0","45.5","2016-10-31","11:40","ALH","GEP","N3","","FALSE","","","FALSE","FALSE","","","MBO","300","","","FMMP2016","","","","","","","","","","","","","","","","","","","","",NA,NA,NA,NA,NA,NA,NA,NA,NA,NA,NA,NA,NA,NA,NA,NA,NA,NA,NA,NA,NA,"","","","","","","","","","","","","","12/20/2016 13:26","1","11/20/2016 11:52","","Banded","","","10/31/2016","",NA,NA,NA,NA,NA,NA,NA,NA,NA,NA,NA,NA,NA,NA,NA,NA,NA,NA,"",2016,"FMMP",44
"78925","R","265166673","NOCA","89","0","1","5","1","0","43.9","2016-11-01","09:00","ALH","LAT","B3","","FALSE","","","FALSE","FALSE","","","MBO","300","7","89","FMMP2016","","","","","","","","","","","","","","","","","","","","",NA,NA,NA,NA,NA,NA,NA,NA,NA,NA,NA,NA,NA,NA,NA,NA,NA,NA,NA,NA,NA,"","","","","","","","","","","","","","12/20/2016 13:26","1","11/20/2016 12:06","","Repeat","","6","11/1/2016","",NA,NA,NA,NA,NA,NA,NA,NA,NA,NA,NA,NA,NA,NA,NA,NA,NA,NA,"",2016,"FMMP",44
"78939","1","265166685","NOCA","89","2","1","4","1","0","46.1","2016-11-01","10:40","ALH","NJH","A1","","FALSE","","","FALSE","FALSE","","","MBO","300","","","FMMP2016","","","","","","","","","","","","","","","","","","","","",NA,NA,NA,NA,NA,NA,NA,NA,NA,NA,NA,NA,NA,NA,NA,NA,NA,NA,NA,NA,NA,"","","","","","","","","","","","","","12/20/2016 13:26","1","11/20/2016 11:52","","Banded","","","11/1/2016","",NA,NA,NA,NA,NA,NA,NA,NA,NA,NA,NA,NA,NA,NA,NA,NA,NA,NA,"",2016,"FMMP",44
"78972","1","265166690","NOCA","92","0","1","5","1","0","40.2","2016-11-02","10:00","CLB","LIK","E2","","FALSE","","","FALSE","FALSE","","","MBO","300","","","FMMP2016","","","","","","","","","","","","","","","","","","","","",NA,NA,NA,NA,NA,NA,NA,NA,NA,NA,NA,NA,NA,NA,NA,NA,NA,NA,NA,NA,NA,"","","","","","","","","","","","","","12/20/2016 13:26","1","11/20/2016 11:52","","Banded","","","11/2/2016","",NA,NA,NA,NA,NA,NA,NA,NA,NA,NA,NA,NA,NA,NA,NA,NA,NA,NA,"",2016,"FMMP",44
"79002","1","265166697","NOCA","88","2","1","5","1","0","42.4","2016-11-03","07:50","ALH","PAB","H1","","FALSE","","","FALSE","FALSE","","","MBO","300","","","FMMP2016","","","","","","","","","","","","","","","","","","","","",NA,NA,NA,NA,NA,NA,NA,NA,NA,NA,NA,NA,NA,NA,NA,NA,NA,NA,NA,NA,NA,"","","","","","","","","","","","","","12/20/2016 13:26","1","11/20/2016 11:52","","Banded","","","11/3/2016","",NA,NA,NA,NA,NA,NA,NA,NA,NA,NA,NA,NA,NA,NA,NA,NA,NA,NA,"",2016,"FMMP",44
"79022","1","265166700","NOCA","86","2","1","5","1","0","38.7","2016-11-04","08:10","SID","SID","B2","","FALSE","","","FALSE","FALSE","","","MBO","300","","","FMMP2016","","","","","","","","","","","","","","","","","","","","",NA,NA,NA,NA,NA,NA,NA,NA,NA,NA,NA,NA,NA,NA,NA,NA,NA,NA,NA,NA,NA,"","","","","","","","","","","","","","12/20/2016 13:26","1","11/20/2016 11:52","","Banded","","","11/4/2016","",NA,NA,NA,NA,NA,NA,NA,NA,NA,NA,NA,NA,NA,NA,NA,NA,NA,NA,"",2016,"FMMP",45
"79026","1","265166701","NOCA","95","2","1","4","1","0","43.4","2016-11-04","08:20","SID","SID","N1","","FALSE","","","FALSE","FALSE","","","MBO","300","","","FMMP2016","","","","","","","","","","","","","","","","","","","","",NA,NA,NA,NA,NA,NA,NA,NA,NA,NA,NA,NA,NA,NA,NA,NA,NA,NA,NA,NA,NA,"","","","","","","","","","","","","","12/20/2016 13:26","1","11/20/2016 11:52","","Banded","","","11/4/2016","",NA,NA,NA,NA,NA,NA,NA,NA,NA,NA,NA,NA,NA,NA,NA,NA,NA,NA,"",2016,"FMMP",45
"79058","1","265166703","NOCA","88","0","1","5","1","0","42.6","2016-11-04","12:30","SID","NJH","C2","","FALSE","","","FALSE","FALSE","","","MBO","300","","","FMMP2016","","","","","","","","","","","","","","","","","","","","",NA,NA,NA,NA,NA,NA,NA,NA,NA,NA,NA,NA,NA,NA,NA,NA,NA,NA,NA,NA,NA,"","","","","","","","","","","","","","12/20/2016 13:26","1","11/20/2016 11:52","","Banded","","","11/4/2016","",NA,NA,NA,NA,NA,NA,NA,NA,NA,NA,NA,NA,NA,NA,NA,NA,NA,NA,"",2016,"FMMP",45
"79064","R","265166663","NOCA","90","0","1","5","1","0","41.6","2016-11-04","12:40","ALH","NJH","C2","","FALSE","","","TRUE","FALSE","","","MBO","300","7","89","FMMP2016","","","","","","","","","","","","","","","","","","","","",NA,NA,NA,NA,NA,NA,NA,NA,NA,NA,NA,NA,NA,NA,NA,NA,NA,NA,NA,NA,NA,"","","","","","","","","","","","","","12/20/2016 13:26","1","11/20/2016 12:13","","Repeat","","18","11/4/2016","",NA,NA,NA,NA,NA,NA,NA,NA,NA,NA,NA,NA,NA,NA,NA,NA,NA,NA,"",2016,"FMMP",45
"79084","R","265166685","NOCA","90","2","1","4","1","0","46.3","2016-11-05","10:40","SID","ZAB","B2","","FALSE","","","FALSE","FALSE","","","MBO","300","7","89","FMMP2016","","","","","","","","","","","","","","","","","","","","",NA,NA,NA,NA,NA,NA,NA,NA,NA,NA,NA,NA,NA,NA,NA,NA,NA,NA,NA,NA,NA,"","","","","","","","","","","","","","12/20/2016 13:26","1","11/20/2016 12:13","","Repeat","","4","11/5/2016","",NA,NA,NA,NA,NA,NA,NA,NA,NA,NA,NA,NA,NA,NA,NA,NA,NA,NA,"",2016,"FMMP",45
"79111","R","265166700","NOCA","88","2","1","5","1","0","37.3","2016-11-06","07:10","PBM","MPB","D4","","FALSE","","","FALSE","FALSE","","","MBO","300","7","89","FMMP2016","","","","","","","","","","","","","","","","","","","","",NA,NA,NA,NA,NA,NA,NA,NA,NA,NA,NA,NA,NA,NA,NA,NA,NA,NA,NA,NA,NA,"","","","","","","","","","","","","","12/20/2016 13:26","1","11/20/2016 12:13","","Repeat","","2","11/6/2016","",NA,NA,NA,NA,NA,NA,NA,NA,NA,NA,NA,NA,NA,NA,NA,NA,NA,NA,"",2016,"FMMP",45
"79179","1","265166713","NOCA","90","0","1","4","1","0","47.3","2016-11-08","09:30","GEG","PAB","E1","","FALSE","","","FALSE","FALSE","","","MBO","300","","","WINTER2016-17","","","","","","","","","","","","","","","","","","","","",NA,NA,NA,NA,NA,NA,NA,NA,NA,NA,NA,NA,NA,NA,NA,NA,NA,NA,NA,NA,NA,"","","","","","","","","","","","","","12/20/2016 13:26","1","12/16/2016 11:27","","Banded","","","11/8/2016","",NA,NA,NA,NA,NA,NA,NA,NA,NA,NA,NA,NA,NA,NA,NA,NA,NA,NA,"",2016,"WINT",45
"79202","1","265166715","NOCA","94","2","1","4","1","0","43.6","2016-11-08","10:30","LIK","GEG","V5","","FALSE","","","FALSE","FALSE","","","MBO","300","","","WINTER2016-17","","","","","","","","","","","","","","","","","","","","",NA,NA,NA,NA,NA,NA,NA,NA,NA,NA,NA,NA,NA,NA,NA,NA,NA,NA,NA,NA,NA,"","","","","","","","","","","","","","12/20/2016 13:26","1","12/16/2016 11:27","","Banded","","","11/8/2016","",NA,NA,NA,NA,NA,NA,NA,NA,NA,NA,NA,NA,NA,NA,NA,NA,NA,NA,"",2016,"WINT",45
"79214","1","265166716","NOCA","91","0","1","5","1","0","42","2016-11-10","08:10","ALH","PAB","V5","","FALSE","","","FALSE","FALSE","","","MBO","300","","","WINTER2016-17","","","","","","","","","","","","","","","","","","","","",NA,NA,NA,NA,NA,NA,NA,NA,NA,NA,NA,NA,NA,NA,NA,NA,NA,NA,NA,NA,NA,"","","","","","","","","","","","","","12/20/2016 13:26","1","12/16/2016 11:27","","Banded","","","11/10/2016","",NA,NA,NA,NA,NA,NA,NA,NA,NA,NA,NA,NA,NA,NA,NA,NA,NA,NA,"",2016,"WINT",45
"79232","R","265166690","NOCA","90","0","1","5","1","0","41.1","2016-11-10","08:50","LIK","ALH","V3","","FALSE","","","FALSE","FALSE","","","MBO","300","7","89","WINTER2016-17","","","","","","","","","","","","","","","","","","","","",NA,NA,NA,NA,NA,NA,NA,NA,NA,NA,NA,NA,NA,NA,NA,NA,NA,NA,NA,NA,NA,"","","","","","","","","","","","","","12/20/2016 13:26","1","12/16/2016 11:52","","Repeat","","8","11/10/2016","",NA,NA,NA,NA,NA,NA,NA,NA,NA,NA,NA,NA,NA,NA,NA,NA,NA,NA,"",2016,"WINT",45
"79273","R","265166672","NOCA","89","2","1","4","1","0","44.9","2016-11-14","08:30","GEG","ALH","V4","","FALSE","","","FALSE","FALSE","","","MBO","300","7","89","WINTER2016-17","","","","","","","","","","","","","","","","","","","","",NA,NA,NA,NA,NA,NA,NA,NA,NA,NA,NA,NA,NA,NA,NA,NA,NA,NA,NA,NA,NA,"","","","","","","","","","","","","","12/20/2016 13:26","1","12/16/2016 12:26","","Repeat","","19","11/14/2016","",NA,NA,NA,NA,NA,NA,NA,NA,NA,NA,NA,NA,NA,NA,NA,NA,NA,NA,"",2016,"WINT",46
"79416","R","265166651","NOCA","88","0","1","0","1","1","39.4","2016-11-18","10:00","BF","SID","V3","","FALSE","","","FALSE","FALSE","","","MBO","300","7","89","WINTER2016-17","","","","","","","","","","","","","","","","","","","","",NA,NA,NA,NA,NA,NA,NA,NA,NA,NA,NA,NA,NA,NA,NA,NA,NA,NA,NA,NA,NA,"","","","","","","","","","","","","","12/20/2016 13:26","1","12/16/2016 12:26","","Repeat","","34","11/18/2016","",NA,NA,NA,NA,NA,NA,NA,NA,NA,NA,NA,NA,NA,NA,NA,NA,NA,NA,"",2016,"WINT",47
"79417","1","265166717","NOCA","90","2","1","4","1","0","43.6","2016-11-18","10:00","BF","SID","V5","","FALSE","","","FALSE","FALSE","","","MBO","300","","","WINTER2016-17","","","","","","","","","","","","","","","","","","","","",NA,NA,NA,NA,NA,NA,NA,NA,NA,NA,NA,NA,NA,NA,NA,NA,NA,NA,NA,NA,NA,"","","","","","","","","","","","","","12/20/2016 13:26","1","12/16/2016 11:27","","Banded","","","11/18/2016","",NA,NA,NA,NA,NA,NA,NA,NA,NA,NA,NA,NA,NA,NA,NA,NA,NA,NA,"",2016,"WINT",47
"79418","1","265166718","NOCA","87","2","1","5","1","2","43.2","2016-11-18","10:00","BF","SID","V5","","FALSE","","","FALSE","FALSE","","","MBO","300","","","WINTER2016-17","","","","","","","","","","","","","","","","","","","","",NA,NA,NA,NA,NA,NA,NA,NA,NA,NA,NA,NA,NA,NA,NA,NA,NA,NA,NA,NA,NA,"","","","","","","","","","","","","","12/20/2016 13:26","1","12/16/2016 11:27","","Banded","","","11/18/2016","",NA,NA,NA,NA,NA,NA,NA,NA,NA,NA,NA,NA,NA,NA,NA,NA,NA,NA,"",2016,"WINT",47
"79446","R","265166717","NOCA","91","2","1","4","1","0","43.4","2016-11-24","08:50","GEG","FRV","V3","","FALSE","","","FALSE","FALSE","","","MBO","300","7","89","WINTER2016-17","","","","","","","","","","","","","","","","","","","","",NA,NA,NA,NA,NA,NA,NA,NA,NA,NA,NA,NA,NA,NA,NA,NA,NA,NA,NA,NA,NA,"","","","","","","","","","","","","","12/20/2016 13:26","1","12/16/2016 13:00","","Repeat","","6","11/24/2016","",NA,NA,NA,NA,NA,NA,NA,NA,NA,NA,NA,NA,NA,NA,NA,NA,NA,NA,"",2016,"WINT",47
"79467","1","265166719","NOCA","89","2","1","0","1","0","41.2","2016-11-24","10:00","GEG","MPB","V4","","FALSE","","","FALSE","FALSE","","","MBO","300","","","WINTER2016-17","","","","","","","","","","","","","","","","","","","","",NA,NA,NA,NA,NA,NA,NA,NA,NA,NA,NA,NA,NA,NA,NA,NA,NA,NA,NA,NA,NA,"","","","","","","","","","","","","","12/20/2016 13:26","1","12/16/2016 11:27","","Banded","","","11/24/2016","",NA,NA,NA,NA,NA,NA,NA,NA,NA,NA,NA,NA,NA,NA,NA,NA,NA,NA,"",2016,"WINT",47
"79521","1","265166720","NOCA","89","2","1","5","1","1","43","2016-11-28","09:20","SID","GEG","E1","","FALSE","","","FALSE","FALSE","","","MBO","300","","","WINTER2016-17","","","","","","","","","","","","","","","","","","","","",NA,NA,NA,NA,NA,NA,NA,NA,NA,NA,NA,NA,NA,NA,NA,NA,NA,NA,NA,NA,NA,"","","","","","","","","","","","","","12/20/2016 13:26","1","12/16/2016 11:27","","Banded","","","11/28/2016","",NA,NA,NA,NA,NA,NA,NA,NA,NA,NA,NA,NA,NA,NA,NA,NA,NA,NA,"",2016,"WINT",48
"79565","1","265166721","NOCA","93","0","1","4","1","0","48.1","2016-11-28","10:20","GEG","GEG","V5","","FALSE","","","FALSE","FALSE","","","MBO","300","","","WINTER2016-17","","","","","","","","","","","","","","","","","","","","",NA,NA,NA,NA,NA,NA,NA,NA,NA,NA,NA,NA,NA,NA,NA,NA,NA,NA,NA,NA,NA,"","","","","","","","","","","","","","12/20/2016 13:26","1","12/16/2016 11:27","","Banded","","","11/28/2016","",NA,NA,NA,NA,NA,NA,NA,NA,NA,NA,NA,NA,NA,NA,NA,NA,NA,NA,"",2016,"WINT",48
"79596","R","264117874","NOCA","90","0","1","5","1","0","45.1","2016-11-30","09:40","ALH","SID","V5","","FALSE","","","FALSE","FALSE","","","MBO","300","7","89","WINTER2016-17","","","","","","","","","","","","","","","","","","","","",NA,NA,NA,NA,NA,NA,NA,NA,NA,NA,NA,NA,NA,NA,NA,NA,NA,NA,NA,NA,NA,"","","","","","","","","","","","","","12/20/2016 13:26","1","12/19/2016 13:37","","Return","","375","11/30/2016","",NA,NA,NA,NA,NA,NA,NA,NA,NA,NA,NA,NA,NA,NA,NA,NA,NA,NA,"",2016,"WINT",48
"79597","1","265166722","NOCA","85","2","1","5","1","1","43.6","2016-11-30","09:40","ALH","SID","V5","","FALSE","","","FALSE","FALSE","","","MBO","300","","","WINTER2016-17","","","","","","","","","","","","","","","","","","","","",NA,NA,NA,NA,NA,NA,NA,NA,NA,NA,NA,NA,NA,NA,NA,NA,NA,NA,NA,NA,NA,"","","","","","","","","","","","","","12/20/2016 13:26","1","12/16/2016 11:27","","Banded","","","11/30/2016","",NA,NA,NA,NA,NA,NA,NA,NA,NA,NA,NA,NA,NA,NA,NA,NA,NA,NA,"",2016,"WINT",48
"79605","R","264117899","NOCA","91","0","1","5","1","1","48.1","2016-11-30","10:50","ALH","SID","V3","","FALSE","","","FALSE","FALSE","","","MBO","300","7","89","WINTER2016-17","","","","","","","","","","","","","","","","","","","","",NA,NA,NA,NA,NA,NA,NA,NA,NA,NA,NA,NA,NA,NA,NA,NA,NA,NA,NA,NA,NA,"","","","","","","","","","","","","","12/20/2016 13:26","1","12/19/2016 13:37","","Return","","390","11/30/2016","",NA,NA,NA,NA,NA,NA,NA,NA,NA,NA,NA,NA,NA,NA,NA,NA,NA,NA,"",2016,"WINT",48
"79633","1","265166723","NOCA","87","0","1","5","1","2","45.4","2016-12-06","09:30","LIK","PAB","V5","","FALSE","","","FALSE","FALSE","","","MBO","300","","","WINTER2016-17","","","","","","","","","","","","","","","","","","","","",NA,NA,NA,NA,NA,NA,NA,NA,NA,NA,NA,NA,NA,NA,NA,NA,NA,NA,NA,NA,NA,"","","","","","","","","","","","","","12/20/2016 13:26","1","12/16/2016 11:27","","Banded","","","12/6/2016","",NA,NA,NA,NA,NA,NA,NA,NA,NA,NA,NA,NA,NA,NA,NA,NA,NA,NA,"",2016,"WINT",49
"79639","R","265166685","NOCA","90","2","1","4","1","0","46.8","2016-12-06","10:20","GEG","FRV","V3","","FALSE","","","FALSE","FALSE","","","MBO","300","7","89","WINTER2016-17","","","","","","","","","","","","","","","","","","","","",NA,NA,NA,NA,NA,NA,NA,NA,NA,NA,NA,NA,NA,NA,NA,NA,NA,NA,NA,NA,NA,"","","","","","","","","","","","","","12/20/2016 13:26","1","12/19/2016 13:37","","Repeat","","31","12/6/2016","",NA,NA,NA,NA,NA,NA,NA,NA,NA,NA,NA,NA,NA,NA,NA,NA,NA,NA,"",2016,"WINT",49
"79640","1","265166724","NOCA","91","0","1","5","1","0","44.5","2016-12-06","10:20","GEG","FRV","V3","","FALSE","","","FALSE","FALSE","","","MBO","300","","","WINTER2016-17","","","","","","","","","","","","","","","","","","","","",NA,NA,NA,NA,NA,NA,NA,NA,NA,NA,NA,NA,NA,NA,NA,NA,NA,NA,NA,NA,NA,"","","","","","","","","","","","","","12/20/2016 13:26","1","12/16/2016 11:27","","Banded","","","12/6/2016","",NA,NA,NA,NA,NA,NA,NA,NA,NA,NA,NA,NA,NA,NA,NA,NA,NA,NA,"",2016,"WINT",49
"79641","R","265166718","NOCA","87","2","1","5","1","0","43","2016-12-06","10:30","GEG","FRV","V3","","FALSE","","","FALSE","FALSE","","","MBO","300","7","89","WINTER2016-17","","","","","","","","","","","","","","","","","","","","",NA,NA,NA,NA,NA,NA,NA,NA,NA,NA,NA,NA,NA,NA,NA,NA,NA,NA,NA,NA,NA,"","","","","","","","","","","","","","12/20/2016 13:26","1","12/19/2016 13:37","","Repeat","","18","12/6/2016","",NA,NA,NA,NA,NA,NA,NA,NA,NA,NA,NA,NA,NA,NA,NA,NA,NA,NA,"",2016,"WINT",49
"79650","1","265166725","NOCA","94","0","1","4","1","0","50.2","2016-12-06","10:50","GEG","FRV","V5","","FALSE","","","FALSE","FALSE","","","MBO","300","","","WINTER2016-17","","","","","","","","","","","","","","","","","","","","",NA,NA,NA,NA,NA,NA,NA,NA,NA,NA,NA,NA,NA,NA,NA,NA,NA,NA,NA,NA,NA,"","","","","","","","","","","","","","12/20/2016 13:26","1","12/16/2016 11:27","","Banded","","","12/6/2016","",NA,NA,NA,NA,NA,NA,NA,NA,NA,NA,NA,NA,NA,NA,NA,NA,NA,NA,"",2016,"WINT",49
"79833","R","242193989","NOCA","95","1","1","4","1","0","49.5","2017-04-23","10:20","ALH","AGB","D3","","FALSE","","","FALSE","FALSE","","","MBO","300","7","89","SMMP2017","","","","","","","","","","","","","","","","","","","","",NA,NA,NA,NA,NA,NA,NA,NA,NA,NA,NA,NA,NA,NA,NA,NA,NA,NA,NA,NA,NA,"","","","","","","","","","","","","","11/23/2017 14:16","1","4/26/2017 7:16","","Return","","258","4/23/2017","",NA,NA,NA,NA,NA,NA,NA,NA,NA,NA,NA,NA,NA,NA,NA,NA,NA,NA,"",2017,"SMMP",17
"79852","1","265166743","NOCA","89","1","1","4","1","0","40","2017-04-24","08:00","ALH","PAB","C1","","FALSE","","","FALSE","FALSE","","","MBO","300","","","SMMP2017","","","","","","","","","","","","","","","","","","","","",NA,NA,NA,NA,NA,NA,NA,NA,NA,NA,NA,NA,NA,NA,NA,NA,NA,NA,NA,NA,NA,"","","","","","","","","","","","","","11/23/2017 14:16","1","4/26/2017 7:00","","Banded","","","4/24/2017","",NA,NA,NA,NA,NA,NA,NA,NA,NA,NA,NA,NA,NA,NA,NA,NA,NA,NA,"",2017,"SMMP",17
"79883","1","265166746","NOCA","95","1","1","4","1","0","45.8","2017-04-25","09:30","GEG","CLS","D4","","FALSE","","","FALSE","FALSE","","","MBO","300","","","SMMP2017","","","","","","","","","","","","","","","","","","","","",NA,NA,NA,NA,NA,NA,NA,NA,NA,NA,NA,NA,NA,NA,NA,NA,NA,NA,NA,NA,NA,"","","","","","","","","","","","","","11/23/2017 14:16","1","4/26/2017 7:00","","Banded","","","4/25/2017","",NA,NA,NA,NA,NA,NA,NA,NA,NA,NA,NA,NA,NA,NA,NA,NA,NA,NA,"",2017,"SMMP",17
"79965","R","256132371","NOCA","91","1","1","5","1","0","45.1","2017-04-28","08:20","ALH","MFB","H2","","FALSE","","","FALSE","FALSE","","","MBO","300","7","89","SMMP2017","","","","","","","","","","","","","","","","","","","","",NA,NA,NA,NA,NA,NA,NA,NA,NA,NA,NA,NA,NA,NA,NA,NA,NA,NA,NA,NA,NA,"","","","","","","","","","","","","","11/23/2017 14:16","1","5/3/2017 6:46","","Return","","602","4/28/2017","",NA,NA,NA,NA,NA,NA,NA,NA,NA,NA,NA,NA,NA,NA,NA,NA,NA,NA,"",2017,"SMMP",17
"80008","1","265166755","NOCA","90","1","1","5","B","1","42.9","2017-04-30","07:30","PBM","KML","A1","","FALSE","","","FALSE","FALSE","","","MBO","300","","","SMMP2017","","","","","","","","","","","","","","","","","","","","",NA,NA,NA,NA,NA,NA,NA,NA,NA,NA,NA,NA,NA,NA,NA,NA,NA,NA,NA,NA,NA,"","","","","","","","","","","","","","11/23/2017 14:16","1","5/3/2017 6:29","","Banded","","","4/30/2017","",NA,NA,NA,NA,NA,NA,NA,NA,NA,NA,NA,NA,NA,NA,NA,NA,NA,NA,"",2017,"SMMP",18
"80062","R","264117990","NOCA","91","1","1","5","B","0","41.6","2017-05-03","06:40","SID","CCT","D1","","FALSE","","","FALSE","FALSE","","","MBO","300","7","89","SMMP2017","","","","","","","","","","","","","","","","","","","","",NA,NA,NA,NA,NA,NA,NA,NA,NA,NA,NA,NA,NA,NA,NA,NA,NA,NA,NA,NA,NA,"","","","","","","","","","","","","","11/23/2017 14:16","1","5/10/2017 16:21","","Return","","347","5/3/2017","",NA,NA,NA,NA,NA,NA,NA,NA,NA,NA,NA,NA,NA,NA,NA,NA,NA,NA,"",2017,"SMMP",18
"80134","R","265166674","NOCA","90","1","1","5","1","1","42.7","2017-05-08","06:00","ACM","MIG","C1","","FALSE","","","FALSE","FALSE","","","MBO","300","7","89","SMMP2017","","","","","","","","","","","","","","","","","","","","",NA,NA,NA,NA,NA,NA,NA,NA,NA,NA,NA,NA,NA,NA,NA,NA,NA,NA,NA,NA,NA,"","","","","","","","","","","","","","11/23/2017 14:16","1","5/10/2017 16:21","","Return","","190","5/8/2017","",NA,NA,NA,NA,NA,NA,NA,NA,NA,NA,NA,NA,NA,NA,NA,NA,NA,NA,"",2017,"SMMP",19
"80135","1","265166757","NOCA","93","1","1","4","1","1","43.6","2017-05-08","06:00","ACM","MIG","C1","","FALSE","","","FALSE","FALSE","","","MBO","300","","","SMMP2017","","","","","","","","","","","","","","","","","","","","",NA,NA,NA,NA,NA,NA,NA,NA,NA,NA,NA,NA,NA,NA,NA,NA,NA,NA,NA,NA,NA,"","","","","","","","","","","","","","11/23/2017 14:16","1","5/10/2017 9:16","","Banded","","","5/8/2017","",NA,NA,NA,NA,NA,NA,NA,NA,NA,NA,NA,NA,NA,NA,NA,NA,NA,NA,"",2017,"SMMP",19
"80990","R","264117990","NOCA","91","1","1","5","B","1","42.3","2017-05-26","05:40","SID","CRC","A2","","FALSE","","","FALSE","FALSE","","","MBO","300","7","89","SMMP2017","","","","","","","","","","","","","","","","","","","","",NA,NA,NA,NA,NA,NA,NA,NA,NA,NA,NA,NA,NA,NA,NA,NA,NA,NA,NA,NA,NA,"","","","","","","","","","","","","","11/23/2017 14:16","1","5/30/2017 8:01","","Repeat","","23","5/26/2017","755727",NA,NA,NA,NA,NA,NA,NA,NA,NA,NA,NA,NA,NA,NA,NA,NA,NA,NA,"",2017,"SMMP",21
"81008","R","265166719","NOCA","90","5","1","5","B","2","44.4","2017-05-26","08:50","SID","FRV","N1","","FALSE","","","TRUE","FALSE","","","MBO","300","7","89","SMMP2017","","","","","","","","","","","","","","","","","","","","",NA,NA,NA,NA,NA,NA,NA,NA,NA,NA,NA,NA,NA,NA,NA,NA,NA,NA,NA,NA,NA,"","","","","","","","","","","","","","11/23/2017 14:16","1","5/30/2017 8:01","","Return","","183","5/26/2017","755733",NA,NA,NA,NA,NA,NA,NA,NA,NA,NA,NA,NA,NA,NA,NA,NA,NA,NA,"",2017,"SMMP",21
"81210","R","265166653","NOCA","94","1","1","4","1","0","45.9","2017-06-15","10:30","ACM","ACM","M1","","FALSE","","","FALSE","FALSE","","","MBO","300","7","89","MAPS2017","","","","","","","","","","","","","","","","","","","","",NA,NA,NA,NA,NA,NA,NA,NA,NA,NA,NA,NA,NA,NA,NA,NA,NA,NA,NA,NA,NA,"","","","","","","","","","","","","","11/23/2017 14:16","1","8/1/2017 10:14","","Return","","234","6/15/2017","756113",NA,NA,NA,NA,NA,NA,NA,NA,NA,NA,NA,NA,NA,NA,NA,NA,NA,NA,"",2017,"MAPS",24
"81211","R","265166697","NOCA","89","5","1","5","B","0","44","2017-06-15","10:30","ACM","ACM","M1","","FALSE","","","FALSE","FALSE","","","MBO","300","7","89","MAPS2017","","","","","","","","","","","","","","","","","","","","",NA,NA,NA,NA,NA,NA,NA,NA,NA,NA,NA,NA,NA,NA,NA,NA,NA,NA,NA,NA,NA,"","","","","","","","","","","","","","11/23/2017 14:16","1","8/1/2017 10:14","","Return","","224","6/15/2017","756112",NA,NA,NA,NA,NA,NA,NA,NA,NA,NA,NA,NA,NA,NA,NA,NA,NA,NA,"",2017,"MAPS",24
"81259","1","264117741","NOCA","90","1","1","5","B","0","44.3","2017-07-04","09:30","ACM","ACM","M4","","FALSE","","","FALSE","FALSE","","","MBO","300","","","MAPS2017","","","","","","","","","","","","","","","","","","","","",NA,NA,NA,NA,NA,NA,NA,NA,NA,NA,NA,NA,NA,NA,NA,NA,NA,NA,NA,NA,NA,"","","","","","","","","","","","","","11/23/2017 14:16","1","8/1/2017 9:11","","Banded","","","7/4/2017","756064",NA,NA,NA,NA,NA,NA,NA,NA,NA,NA,NA,NA,NA,NA,NA,NA,NA,NA,"",2017,"MAPS",27
"81317","1","264117748","NOCA","84","2","1","0","1","0","42.6","2017-07-23","07:00","NIB","NIB","M5","","FALSE","","","FALSE","FALSE","","","MBO","300","","","MAPS2017","","","","","","","","","","","","","","","","","","","","",NA,NA,NA,NA,NA,NA,NA,NA,NA,NA,NA,NA,NA,NA,NA,NA,NA,NA,NA,NA,NA,"","","","","","","","","","","","","","11/23/2017 14:16","1","8/1/2017 9:11","","Banded","","","7/23/2017","756071",NA,NA,NA,NA,NA,NA,NA,NA,NA,NA,NA,NA,NA,NA,NA,NA,NA,NA,"",2017,"MAPS",30
"81375","1","264117753","NOCA","85","2","1","0","1","0","41.6","2017-07-30","07:30","NIB","NIB","M1","","FALSE","","","FALSE","FALSE","","","MBO","300","","","MAPS2017","","","","","","","","","","","","","","","","","","","","",NA,NA,NA,NA,NA,NA,NA,NA,NA,NA,NA,NA,NA,NA,NA,NA,NA,NA,NA,NA,NA,"","","","","","","","","","","","","","11/23/2017 14:16","1","8/1/2017 9:11","","Banded","","","7/30/2017","756076",NA,NA,NA,NA,NA,NA,NA,NA,NA,NA,NA,NA,NA,NA,NA,NA,NA,NA,"",2017,"MAPS",31
"81385","1","264117758","NOCA","89","2","1","4","1","0","44.3","2017-07-30","08:30","NIB","NIB","M8","","FALSE","","","FALSE","FALSE","","","MBO","300","","","MAPS2017","","","","","","","","","","","","","","","","","","","","",NA,NA,NA,NA,NA,NA,NA,NA,NA,NA,NA,NA,NA,NA,NA,NA,NA,NA,NA,NA,NA,"","","","","","","","","","","","","","11/23/2017 14:16","1","8/1/2017 9:11","","Banded","","","7/30/2017","756081",NA,NA,NA,NA,NA,NA,NA,NA,NA,NA,NA,NA,NA,NA,NA,NA,NA,NA,"",2017,"MAPS",31
"81386","1","264117759","NOCA","88","2","1","4","1","0","37.8","2017-07-30","08:30","NIB","NIB","M8","","FALSE","","","FALSE","FALSE","","","MBO","300","","","MAPS2017","","","","","","","","","","","","","","","","","","","","",NA,NA,NA,NA,NA,NA,NA,NA,NA,NA,NA,NA,NA,NA,NA,NA,NA,NA,NA,NA,NA,"","","","","","","","","","","","","","11/23/2017 14:16","1","8/1/2017 9:11","","Banded","","","7/30/2017","756082",NA,NA,NA,NA,NA,NA,NA,NA,NA,NA,NA,NA,NA,NA,NA,NA,NA,NA,"",2017,"MAPS",31
"81438","1","265166815","NOCA","89","2","1","4","1","0","42.2","2017-08-01","10:10","ACM","LAT","E1","","FALSE","","","FALSE","FALSE","","","MBO","300","","","FMMP2017","","","","","","","","","","","","","","","","","","","","",NA,NA,NA,NA,NA,NA,NA,NA,NA,NA,NA,NA,NA,NA,NA,NA,NA,NA,NA,NA,NA,"","","","","","","","","","","","","","11/23/2017 14:16","1","8/5/2017 7:31","","Banded","","","8/1/2017","756287",NA,NA,NA,NA,NA,NA,NA,NA,NA,NA,NA,NA,NA,NA,NA,NA,NA,NA,"",2017,"FMMP",31
"81439","1","265166816","NOCA","88","2","1","4","1","0","37.9","2017-08-01","10:20","ACM","LAT","E2","","FALSE","","","FALSE","FALSE","","","MBO","300","","","FMMP2017","","","","","","","","","","","","","","","","","","","","",NA,NA,NA,NA,NA,NA,NA,NA,NA,NA,NA,NA,NA,NA,NA,NA,NA,NA,NA,NA,NA,"","","","","","","","","","","","","","11/23/2017 14:16","1","8/5/2017 7:31","","Banded","","","8/1/2017","756288",NA,NA,NA,NA,NA,NA,NA,NA,NA,NA,NA,NA,NA,NA,NA,NA,NA,NA,"",2017,"FMMP",31
"81455","R","256132371","NOCA","90","1","1","5","B","0","43.2","2017-08-02","07:30","MIG","SID","N3","","FALSE","","","FALSE","FALSE","","","MBO","300","7","89","FMMP2017","","","","","","","","","","","","","","","","","","","","",NA,NA,NA,NA,NA,NA,NA,NA,NA,NA,NA,NA,NA,NA,NA,NA,NA,NA,NA,NA,NA,"","","","","","","","","","","","","","11/23/2017 14:16","1","8/5/2017 7:42","","Return","","96","8/2/2017","756330",NA,NA,NA,NA,NA,NA,NA,NA,NA,NA,NA,NA,NA,NA,NA,NA,NA,NA,"",2017,"FMMP",31
"81462","1","265166820","NOCA","87","2","1","4","1","0","42.9","2017-08-02","08:10","SID","JPW","N3","","FALSE","","","FALSE","FALSE","","","MBO","300","","","FMMP2017","","","","","","","","","","","","","","","","","","","","",NA,NA,NA,NA,NA,NA,NA,NA,NA,NA,NA,NA,NA,NA,NA,NA,NA,NA,NA,NA,NA,"","","","","","","","","","","","","","11/23/2017 14:16","1","8/5/2017 7:31","","Banded","","","8/2/2017","756292",NA,NA,NA,NA,NA,NA,NA,NA,NA,NA,NA,NA,NA,NA,NA,NA,NA,NA,"",2017,"FMMP",31
"81531","R","264117990","NOCA","91","1","1","5","B","0","41.5","2017-08-03","10:50","SID","JLH","E1","","FALSE","","","FALSE","FALSE","","","MBO","300","7","89","FMMP2017","","","","","","","","","","","","","","","","","","","","",NA,NA,NA,NA,NA,NA,NA,NA,NA,NA,NA,NA,NA,NA,NA,NA,NA,NA,NA,NA,NA,"","","","","","","","","","","","","","11/23/2017 14:16","1","8/5/2017 7:42","","Repeat","","69","8/3/2017","756340",NA,NA,NA,NA,NA,NA,NA,NA,NA,NA,NA,NA,NA,NA,NA,NA,NA,NA,"",2017,"FMMP",31
"81641","R","265166820","NOCA","87","2","1","4","1","0","42.2","2017-08-07","06:10","GEG","PAB","N1","","FALSE","","","FALSE","FALSE","","","MBO","300","7","89","FMMP2017","","","","","","","","","","","","","","","","","","","","",NA,NA,NA,NA,NA,NA,NA,NA,NA,NA,NA,NA,NA,NA,NA,NA,NA,NA,NA,NA,NA,"","","","","","","","","","","","","","11/23/2017 14:16","1","8/8/2017 8:43","","Repeat","","5","8/7/2017","756448",NA,NA,NA,NA,NA,NA,NA,NA,NA,NA,NA,NA,NA,NA,NA,NA,NA,NA,"",2017,"FMMP",32
"81761","1","265166866","NOCA","84","2","1","0","1","0","38.7","2017-08-10","07:00","PBM","PAB","B3","","FALSE","","","FALSE","FALSE","","","MBO","300","","","FMMP2017","","","","","","","","","","","","","","","","","","","","",NA,NA,NA,NA,NA,NA,NA,NA,NA,NA,NA,NA,NA,NA,NA,NA,NA,NA,NA,NA,NA,"","","","","","","","","","","","","","11/23/2017 14:16","1","9/1/2017 17:27","","Banded","","","8/10/2017","757100",NA,NA,NA,NA,NA,NA,NA,NA,NA,NA,NA,NA,NA,NA,NA,NA,NA,NA,"",2017,"FMMP",32
"81776","1","265166868","NOCA","87","2","1","0","1","0","42.9","2017-08-10","08:40","PBM","MPB","A1","","FALSE","","","FALSE","FALSE","","","MBO","300","","","FMMP2017","","","","","","","","","","","","","","","","","","","","",NA,NA,NA,NA,NA,NA,NA,NA,NA,NA,NA,NA,NA,NA,NA,NA,NA,NA,NA,NA,NA,"","","","","","","","","","","","","","11/23/2017 14:16","1","9/1/2017 17:27","","Banded","","","8/10/2017","757102",NA,NA,NA,NA,NA,NA,NA,NA,NA,NA,NA,NA,NA,NA,NA,NA,NA,NA,"",2017,"FMMP",32
"81837","1","265166873","NOCA","85","2","1","0","1","0","42.2","2017-08-11","10:00","MIG","NAG","B3","","FALSE","","","FALSE","FALSE","","","MBO","300","","","FMMP2017","","","","","","","","","","","","","","","","","","","","",NA,NA,NA,NA,NA,NA,NA,NA,NA,NA,NA,NA,NA,NA,NA,NA,NA,NA,NA,NA,NA,"","","","","","","","","","","","","","11/23/2017 14:16","1","9/1/2017 17:27","","Banded","","","8/11/2017","757107",NA,NA,NA,NA,NA,NA,NA,NA,NA,NA,NA,NA,NA,NA,NA,NA,NA,NA,"",2017,"FMMP",32
"81848","1","265166875","NOCA","88","2","1","4","1","0","41.9","2017-08-13","06:50","PBM","SHG","A2","","FALSE","","","FALSE","FALSE","","","MBO","300","","","FMMP2017","","","","","","","","","","","","","","","","","","","","",NA,NA,NA,NA,NA,NA,NA,NA,NA,NA,NA,NA,NA,NA,NA,NA,NA,NA,NA,NA,NA,"","","","","","","","","","","","","","11/23/2017 14:16","1","9/1/2017 17:27","","Banded","","","8/13/2017","757109",NA,NA,NA,NA,NA,NA,NA,NA,NA,NA,NA,NA,NA,NA,NA,NA,NA,NA,"",2017,"FMMP",33
"81858","1","265166876","NOCA","86","2","1","5","1","0","39.9","2017-08-13","08:30","GEG","MPB","N1","","FALSE","","","FALSE","FALSE","","","MBO","300","","","FMMP2017","","","","","","","","","","","","","","","","","","","","",NA,NA,NA,NA,NA,NA,NA,NA,NA,NA,NA,NA,NA,NA,NA,NA,NA,NA,NA,NA,NA,"","","","","","","","","","","","","","11/23/2017 14:16","1","9/1/2017 17:27","","Banded","","","8/13/2017","757110",NA,NA,NA,NA,NA,NA,NA,NA,NA,NA,NA,NA,NA,NA,NA,NA,NA,NA,"",2017,"FMMP",33
"81922","1","265166879","NOCA","86","2","1","5","1","0","40.1","2017-08-16","06:30","GEG","PAS","B2","","FALSE","","","FALSE","FALSE","","","MBO","300","","","FMMP2017","","","","","","","","","","","","","","","","","","","","",NA,NA,NA,NA,NA,NA,NA,NA,NA,NA,NA,NA,NA,NA,NA,NA,NA,NA,NA,NA,NA,"","","","","","","","","","","","","","11/23/2017 14:16","1","9/1/2017 17:27","","Banded","","","8/16/2017","757113",NA,NA,NA,NA,NA,NA,NA,NA,NA,NA,NA,NA,NA,NA,NA,NA,NA,NA,"",2017,"FMMP",33
"82025","R","265166815","NOCA","87","2","1","4","1","0","43.5","2017-08-19","07:00","GEG","STD","N3","","FALSE","","","FALSE","FALSE","","","MBO","300","7","89","FMMP2017","","","","","","","","","","","","","","","","","","","","",NA,NA,NA,NA,NA,NA,NA,NA,NA,NA,NA,NA,NA,NA,NA,NA,NA,NA,NA,NA,NA,"","","","","","","","","","","","","","11/23/2017 14:16","1","9/6/2017 11:40","","Repeat","","18","8/19/2017","757212",NA,NA,NA,NA,NA,NA,NA,NA,NA,NA,NA,NA,NA,NA,NA,NA,NA,NA,"",2017,"FMMP",33
"82373","1","265166907","NOCA","91","2","1","4","1","1","41.9","2017-08-27","08:10","PBM","MPB","C1","","FALSE","","","FALSE","FALSE","","","MBO","300","","","FMMP2017","","","","","","","","","","","","","","","","","","","","",NA,NA,NA,NA,NA,NA,NA,NA,NA,NA,NA,NA,NA,NA,NA,NA,NA,NA,NA,NA,NA,"","","","","","","","","","","","","","11/23/2017 14:16","1","9/1/2017 17:27","","Banded","","","8/27/2017","757141",NA,NA,NA,NA,NA,NA,NA,NA,NA,NA,NA,NA,NA,NA,NA,NA,NA,NA,"",2017,"FMMP",35
"82583","1","265166914","NOCA","89","2","1","4","1","0","41.7","2017-09-02","09:20","PBM","DDA","N1","","FALSE","","","FALSE","FALSE","","","MBO","300","","","FMMP2017","","","","","","","","","","","","","","","","","","","","",NA,NA,NA,NA,NA,NA,NA,NA,NA,NA,NA,NA,NA,NA,NA,NA,NA,NA,NA,NA,NA,"","","","","","","","","","","","","","11/23/2017 14:16","1","9/7/2017 7:16","","Banded","","","9/2/2017","757534",NA,NA,NA,NA,NA,NA,NA,NA,NA,NA,NA,NA,NA,NA,NA,NA,NA,NA,"",2017,"FMMP",35
"83171","1","265166938","NOCA","91","2","1","4","1","0","46.4","2017-09-17","08:30","PBM","GEG","E2","","FALSE","","","FALSE","FALSE","","","MBO","300","","","FMMP2017","","","","","","","","","","","","","","","","","","","","",NA,NA,NA,NA,NA,NA,NA,NA,NA,NA,NA,NA,NA,NA,NA,NA,NA,NA,NA,NA,NA,"","","","","","","","","","","","","","11/23/2017 14:16","1","9/20/2017 7:22","","Banded","","","9/17/2017","757995",NA,NA,NA,NA,NA,NA,NA,NA,NA,NA,NA,NA,NA,NA,NA,NA,NA,NA,"",2017,"FMMP",38
"83276","R","264117748","NOCA","86","2","1","5","1","0","44.2","2017-09-20","11:10","ACM","CRC","H2","","FALSE","","","TRUE","FALSE","","","MBO","300","7","89","FMMP2017","","","","","","","","","","","","","","","","","","","","",NA,NA,NA,NA,NA,NA,NA,NA,NA,NA,NA,NA,NA,NA,NA,NA,NA,NA,NA,NA,NA,"","","","","","","","","","","","","","11/23/2017 14:16","1","9/27/2017 18:03","","Repeat","","59","9/20/2017","758329",NA,NA,NA,NA,NA,NA,NA,NA,NA,NA,NA,NA,NA,NA,NA,NA,NA,NA,"",2017,"FMMP",38
"83396","1","265166960","NOCA","83","1","1","5","1","0","39.7","2017-09-24","08:00","ALH","ADD","N1","","FALSE","","","FALSE","FALSE","","","MBO","300","","","FMMP2017","","","","","","","","","","","","","","","","","","","","",NA,NA,NA,NA,NA,NA,NA,NA,NA,NA,NA,NA,NA,NA,NA,NA,NA,NA,NA,NA,NA,"","","","","","","","","","","","","","11/23/2017 14:16","1","9/27/2017 17:38","","Banded","","","9/24/2017","758304",NA,NA,NA,NA,NA,NA,NA,NA,NA,NA,NA,NA,NA,NA,NA,NA,NA,NA,"",2017,"FMMP",39
"84099","1","265166973","NOCA","92","2","1","4","1","0","45.7","2017-10-04","08:40","SID","MML","N1","","FALSE","","","FALSE","FALSE","","","MBO","300","","","FMMP2017","","","","","","","","","","","","","","","","","","","","",NA,NA,NA,NA,NA,NA,NA,NA,NA,NA,NA,NA,NA,NA,NA,NA,NA,NA,NA,NA,NA,"","","","","","","","","","","","","","11/23/2017 14:16","1","10/6/2017 18:31","","Banded","","","10/4/2017","758819",NA,NA,NA,NA,NA,NA,NA,NA,NA,NA,NA,NA,NA,NA,NA,NA,NA,NA,"",2017,"FMMP",40
"84325","1","265166974","NOCA","87","2","1","4","1","0","44.2","2017-10-07","09:30","PBM","KMD","H2","","FALSE","","","FALSE","FALSE","","","MBO","300","","","FMMP2017","","","","","","","","","","","","","","","","","","","","",NA,NA,NA,NA,NA,NA,NA,NA,NA,NA,NA,NA,NA,NA,NA,NA,NA,NA,NA,NA,NA,"","","","","","","","","","","","","","11/23/2017 14:16","1","10/10/2017 9:50","","Banded","","","10/7/2017","759037",NA,NA,NA,NA,NA,NA,NA,NA,NA,NA,NA,NA,NA,NA,NA,NA,NA,NA,"",2017,"FMMP",40
"84365","1","265166975","NOCA","91","2","1","4","1","0","41.5","2017-10-09","07:50","AAA","MPB","N3","","FALSE","","","FALSE","FALSE","","","MBO","300","","","FMMP2017","","","","","","","","","","","","","","","","","","","","",NA,NA,NA,NA,NA,NA,NA,NA,NA,NA,NA,NA,NA,NA,NA,NA,NA,NA,NA,NA,NA,"","","","","","","","","","","","","","11/23/2017 14:16","1","10/10/2017 9:50","","Banded","","","10/9/2017","759038",NA,NA,NA,NA,NA,NA,NA,NA,NA,NA,NA,NA,NA,NA,NA,NA,NA,NA,"",2017,"FMMP",41
"84533","R","265166974","NOCA","85","0","1","4","1","0","44.8","2017-10-12","08:00","ALH","FM","C2","","FALSE","","","FALSE","FALSE","","","MBO","300","7","89","FMMP2017","","","","","","","","","","","","","","","","","","","","",NA,NA,NA,NA,NA,NA,NA,NA,NA,NA,NA,NA,NA,NA,NA,NA,NA,NA,NA,NA,NA,"","","","","","","","","","","","","","11/23/2017 14:16","1","10/19/2017 12:08","","Repeat","","5","10/12/2017","759309",NA,NA,NA,NA,NA,NA,NA,NA,NA,NA,NA,NA,NA,NA,NA,NA,NA,NA,"",2017,"FMMP",41
"84560","1","265166976","NOCA","96","2","1","4","1","1","46.9","2017-10-13","10:50","AAA","ACM","C1","","FALSE","","","FALSE","FALSE","","","MBO","300","","","FMMP2017","","","","","","","","","","","","","","","","","","","","",NA,NA,NA,NA,NA,NA,NA,NA,NA,NA,NA,NA,NA,NA,NA,NA,NA,NA,NA,NA,NA,"","","","","","","","","","","","","","11/23/2017 14:16","1","10/19/2017 11:29","","Banded","","","10/13/2017","759269",NA,NA,NA,NA,NA,NA,NA,NA,NA,NA,NA,NA,NA,NA,NA,NA,NA,NA,"",2017,"FMMP",41
"84561","R","265166876","NOCA","91","2","1","5","1","0","44.2","2017-10-13","11:20","ALH","AAA","C2","","FALSE","","","FALSE","FALSE","","","MBO","300","7","89","FMMP2017","","","","","","","","","","","","","","","","","","","","",NA,NA,NA,NA,NA,NA,NA,NA,NA,NA,NA,NA,NA,NA,NA,NA,NA,NA,NA,NA,NA,"","","","","","","","","","","","","","11/23/2017 14:16","1","10/19/2017 12:08","","Repeat","","61","10/13/2017","759313",NA,NA,NA,NA,NA,NA,NA,NA,NA,NA,NA,NA,NA,NA,NA,NA,NA,NA,"",2017,"FMMP",41
"84627","1","265166977","NOCA","96","0","1","4","1","0","47","2017-10-16","11:30","GEG","PAB","D4","","FALSE","","","FALSE","FALSE","","","MBO","300","","","FMMP2017","","","","","","","","","","","","","","","","","","","","",NA,NA,NA,NA,NA,NA,NA,NA,NA,NA,NA,NA,NA,NA,NA,NA,NA,NA,NA,NA,NA,"","","","","","","","","","","","","","11/23/2017 14:16","1","10/19/2017 11:29","","Banded","","","10/16/2017","759270",NA,NA,NA,NA,NA,NA,NA,NA,NA,NA,NA,NA,NA,NA,NA,NA,NA,NA,"",2017,"FMMP",42
"84810","1","265166980","NOCA","92","0","1","5","1","0","45","2017-10-22","11:40","GEG","SHG","C1","","FALSE","","","FALSE","FALSE","","","MBO","300","","","FMMP2017","","","","","","","","","","","","","","","","","","","","",NA,NA,NA,NA,NA,NA,NA,NA,NA,NA,NA,NA,NA,NA,NA,NA,NA,NA,NA,NA,NA,"","","","","","","","","","","","","","11/23/2017 14:16","1","10/27/2017 11:15","","Banded","","","10/22/2017","759479",NA,NA,NA,NA,NA,NA,NA,NA,NA,NA,NA,NA,NA,NA,NA,NA,NA,NA,"",2017,"FMMP",43
"84907","1","265166983","NOCA","93","2","S","4","1","0","45.3","2017-10-25","11:50","ACM","SID","N1","","FALSE","","","FALSE","FALSE","","","MBO","300","","","FMMP2017","","","","","","","","","","","","","","","","","","","","",NA,NA,NA,NA,NA,NA,NA,NA,NA,NA,NA,NA,NA,NA,NA,NA,NA,NA,NA,NA,NA,"","","","","","","","","","","","","","11/23/2017 14:16","1","10/27/2017 11:15","","Banded","","","10/25/2017","759482",NA,NA,NA,NA,NA,NA,NA,NA,NA,NA,NA,NA,NA,NA,NA,NA,NA,NA,"",2017,"FMMP",43
"84908","1","265166984","NOCA","90","2","1","5","1","0","44.3","2017-10-25","12:00","ACM","SID","B2","","FALSE","","","FALSE","FALSE","","","MBO","300","","","FMMP2017","","","","","","","","","","","","","","","","","","","","",NA,NA,NA,NA,NA,NA,NA,NA,NA,NA,NA,NA,NA,NA,NA,NA,NA,NA,NA,NA,NA,"","","","","","","","","","","","","","11/23/2017 14:16","1","10/27/2017 11:15","","Banded","","","10/25/2017","759483",NA,NA,NA,NA,NA,NA,NA,NA,NA,NA,NA,NA,NA,NA,NA,NA,NA,NA,"",2017,"FMMP",43
"84943","1","265166986","NOCA","89","0","1","5","1","0","42.2","2017-10-26","08:40","SID","PAB","D4","","FALSE","","","FALSE","FALSE","","","MBO","300","","","FMMP2017","","","","","","","","","","","","","","","","","","","","",NA,NA,NA,NA,NA,NA,NA,NA,NA,NA,NA,NA,NA,NA,NA,NA,NA,NA,NA,NA,NA,"","","","","","","","","","","","","","11/23/2017 14:16","1","10/27/2017 11:15","","Banded","","","10/26/2017","759485",NA,NA,NA,NA,NA,NA,NA,NA,NA,NA,NA,NA,NA,NA,NA,NA,NA,NA,"",2017,"FMMP",43
"84963","1","265166987","NOCA","90","2","1","5","1","0","41.5","2017-10-27","08:00","SID","MAL","B3","","FALSE","","","FALSE","FALSE","","","MBO","300","","","FMMP2017","","","","","","","","","","","","","","","","","","","","",NA,NA,NA,NA,NA,NA,NA,NA,NA,NA,NA,NA,NA,NA,NA,NA,NA,NA,NA,NA,NA,"","","","","","","","","","","","","","11/23/2017 14:16","1","10/27/2017 11:15","","Banded","","","10/27/2017","759486",NA,NA,NA,NA,NA,NA,NA,NA,NA,NA,NA,NA,NA,NA,NA,NA,NA,NA,"",2017,"FMMP",43
"84976","1","265166988","NOCA","92","2","1","5","1","0","41.6","2017-10-27","09:20","SID","MAL","C1","","FALSE","","","FALSE","FALSE","","","MBO","300","","","FMMP2017","","","","","","","","","","","","","","","","","","","","",NA,NA,NA,NA,NA,NA,NA,NA,NA,NA,NA,NA,NA,NA,NA,NA,NA,NA,NA,NA,NA,"","","","","","","","","","","","","","11/23/2017 14:16","1","10/27/2017 11:15","","Banded","","","10/27/2017","759487",NA,NA,NA,NA,NA,NA,NA,NA,NA,NA,NA,NA,NA,NA,NA,NA,NA,NA,"",2017,"FMMP",43
"84995","1","265166989","NOCA","94","0","1","5","1","0","40.2","2017-10-28","08:30","GEG","ZAB","H2","","FALSE","","","FALSE","FALSE","","","MBO","300","","","FMMP2017","","","","","","","","","","","","","","","","","","","","",NA,NA,NA,NA,NA,NA,NA,NA,NA,NA,NA,NA,NA,NA,NA,NA,NA,NA,NA,NA,NA,"","","","","","","","","","","","","","11/23/2017 14:16","1","11/2/2017 8:35","","Banded","","","10/28/2017","759593",NA,NA,NA,NA,NA,NA,NA,NA,NA,NA,NA,NA,NA,NA,NA,NA,NA,NA,"",2017,"FMMP",43
"84996","1","265166990","NOCA","87","2","1","5","1","0","41.2","2017-10-28","08:30","GEG","ZAB","A1","","FALSE","","","FALSE","FALSE","","","MBO","300","","","FMMP2017","","","","","","","","","","","","","","","","","","","","",NA,NA,NA,NA,NA,NA,NA,NA,NA,NA,NA,NA,NA,NA,NA,NA,NA,NA,NA,NA,NA,"","","","","","","","","","","","","","11/23/2017 14:16","1","11/2/2017 8:35","","Banded","","","10/28/2017","759594",NA,NA,NA,NA,NA,NA,NA,NA,NA,NA,NA,NA,NA,NA,NA,NA,NA,NA,"",2017,"FMMP",43
"84997","1","265166991","NOCA","92","2","1","4","1","0","38.2","2017-10-28","08:30","GEG","ZAB","A1","","FALSE","","","FALSE","FALSE","","","MBO","300","","","FMMP2017","","","","","","","","","","","","","","","","","","","","",NA,NA,NA,NA,NA,NA,NA,NA,NA,NA,NA,NA,NA,NA,NA,NA,NA,NA,NA,NA,NA,"","","","","","","","","","","","","","11/23/2017 14:16","1","11/2/2017 8:35","","Banded","","","10/28/2017","759595",NA,NA,NA,NA,NA,NA,NA,NA,NA,NA,NA,NA,NA,NA,NA,NA,NA,NA,"",2017,"FMMP",43
"85007","R","265166907","NOCA","96","2","1","4","1","0","46.7","2017-10-28","09:50","GEG","JLH","B3","","FALSE","","","FALSE","FALSE","","","MBO","300","7","89","FMMP2017","","","","","","","","","","","","","","","","","","","","",NA,NA,NA,NA,NA,NA,NA,NA,NA,NA,NA,NA,NA,NA,NA,NA,NA,NA,NA,NA,NA,"","","","","","","","","","","","","","11/23/2017 14:16","1","11/2/2017 8:55","","Repeat","","62","10/28/2017","759611",NA,NA,NA,NA,NA,NA,NA,NA,NA,NA,NA,NA,NA,NA,NA,NA,NA,NA,"",2017,"FMMP",43
"85016","1","265166992","NOCA","95","2","1","4","1","0","43.5","2017-10-28","11:20","GEG","ZAB","C1","","FALSE","","","FALSE","FALSE","","","MBO","300","","","FMMP2017","","","","","","","","","","","","","","","","","","","","",NA,NA,NA,NA,NA,NA,NA,NA,NA,NA,NA,NA,NA,NA,NA,NA,NA,NA,NA,NA,NA,"","","","","","","","","","","","","","11/23/2017 14:16","1","11/2/2017 8:35","","Banded","","","10/28/2017","759596",NA,NA,NA,NA,NA,NA,NA,NA,NA,NA,NA,NA,NA,NA,NA,NA,NA,NA,"",2017,"FMMP",43
"85061","R","265166986","NOCA","90","2","1","5","1","0","39.9","2017-11-01","11:10","AAA","PAB","N3","","FALSE","","","FALSE","FALSE","","","MBO","300","7","89","FMMP2017","","","","","","","","","","","","","","","","","","","","",NA,NA,NA,NA,NA,NA,NA,NA,NA,NA,NA,NA,NA,NA,NA,NA,NA,NA,NA,NA,NA,"","","","","","","","","","","","","","11/23/2017 14:16","1","11/2/2017 8:55","","Repeat","","6","11/1/2017","759621",NA,NA,NA,NA,NA,NA,NA,NA,NA,NA,NA,NA,NA,NA,NA,NA,NA,NA,"",2017,"FMMP",44
"85062","1","265166993","NOCA","93","0","1","4","1","0","43.6","2017-11-01","11:10","AAA","PAB","B3","","FALSE","","","FALSE","FALSE","","","MBO","300","","","FMMP2017","","","","","","","","","","","","","","","","","","","","",NA,NA,NA,NA,NA,NA,NA,NA,NA,NA,NA,NA,NA,NA,NA,NA,NA,NA,NA,NA,NA,"","","","","","","","","","","","","","11/23/2017 14:16","1","11/2/2017 8:35","","Banded","","","11/1/2017","759597",NA,NA,NA,NA,NA,NA,NA,NA,NA,NA,NA,NA,NA,NA,NA,NA,NA,NA,"",2017,"FMMP",44
"85078","1","265166994","NOCA","85","2","1","5","1","0","41.2","2017-11-03","09:00","SID","ACH","B2","","FALSE","","","FALSE","FALSE","","","MBO","300","","","FMMP2017","","","","","","","","","","","","","","","","","","","","",NA,NA,NA,NA,NA,NA,NA,NA,NA,NA,NA,NA,NA,NA,NA,NA,NA,NA,NA,NA,NA,"","","","","","","","","","","","","","11/23/2017 14:16","1","11/5/2017 6:33","","Banded","","","11/3/2017","759630",NA,NA,NA,NA,NA,NA,NA,NA,NA,NA,NA,NA,NA,NA,NA,NA,NA,NA,"",2017,"FMMP",44
"85086","R","242193989","NOCA","94","0","1","4","1","0","50.8","2017-11-03","10:30","ALH","ACH","D3","","FALSE","","","FALSE","FALSE","","","MBO","300","7","89","FMMP2017","","","","","","","","","","","","","","","","","","","","",NA,NA,NA,NA,NA,NA,NA,NA,NA,NA,NA,NA,NA,NA,NA,NA,NA,NA,NA,NA,NA,"","","","","","","","","","","","","","11/23/2017 14:16","1","11/5/2017 6:52","","Return","","194","11/3/2017","759652",NA,NA,NA,NA,NA,NA,NA,NA,NA,NA,NA,NA,NA,NA,NA,NA,NA,NA,"",2017,"FMMP",44
"85094","R","265166991","NOCA","92","0","1","4","1","0","39.5","2017-11-03","12:00","ALH","SID","N3","","FALSE","","","FALSE","FALSE","","","MBO","300","7","89","FMMP2017","","","","","","","","","","","","","","","","","","","","",NA,NA,NA,NA,NA,NA,NA,NA,NA,NA,NA,NA,NA,NA,NA,NA,NA,NA,NA,NA,NA,"","","","","","","","","","","","","","11/23/2017 14:16","1","11/5/2017 6:52","","Repeat","","6","11/3/2017","759654",NA,NA,NA,NA,NA,NA,NA,NA,NA,NA,NA,NA,NA,NA,NA,NA,NA,NA,"",2017,"FMMP",44
"85095","1","265166995","NOCA","91","0","1","4","1","0","45.1","2017-11-03","12:00","ALH","SID","B3","","FALSE","","","FALSE","FALSE","","","MBO","300","","","FMMP2017","","","","","","","","","","","","","","","","","","","","",NA,NA,NA,NA,NA,NA,NA,NA,NA,NA,NA,NA,NA,NA,NA,NA,NA,NA,NA,NA,NA,"","","","","","","","","","","","","","11/23/2017 14:16","1","11/5/2017 6:33","","Banded","","","11/3/2017","759631",NA,NA,NA,NA,NA,NA,NA,NA,NA,NA,NA,NA,NA,NA,NA,NA,NA,NA,"",2017,"FMMP",44
"85165","1","265166996","NOCA","95","0","1","4","1","0","47.9","2017-11-13","08:40","GEG","SID","V5","","FALSE","","","FALSE","FALSE","","","MBO","300","","","WINTER2017-18","","","","","","","","","","","","","","","","","","","","",NA,NA,NA,NA,NA,NA,NA,NA,NA,NA,NA,NA,NA,NA,NA,NA,NA,NA,NA,NA,NA,"","","","","","","","","","","","","","12/31/2017 12:24","1","12/21/2017 14:06","","Banded","","","11/13/2017","760336",NA,NA,NA,NA,NA,NA,NA,NA,NA,NA,NA,NA,NA,NA,NA,NA,NA,NA,"",2017,"WINT",46
"85176","1","265166997","NOCA","89","0","1","5","1","1","41.9","2017-11-13","09:10","SID","PAB","V4","","FALSE","","","FALSE","FALSE","","","MBO","300","","","WINTER2017-18","","","","","","","","","","","","","","","","","","","","",NA,NA,NA,NA,NA,NA,NA,NA,NA,NA,NA,NA,NA,NA,NA,NA,NA,NA,NA,NA,NA,"","","","","","","","","","","","","","12/31/2017 12:24","1","12/21/2017 14:06","","Banded","","","11/13/2017","760337",NA,NA,NA,NA,NA,NA,NA,NA,NA,NA,NA,NA,NA,NA,NA,NA,NA,NA,"",2017,"WINT",46
"85253","1","265166998","NOCA","90","0","1","5","1","0","46","2017-11-15","10:50","GEG","CCT","V3","","FALSE","","","FALSE","FALSE","","","MBO","300","","","WINTER2017-18","","","","","","","","","","","","","","","","","","","","",NA,NA,NA,NA,NA,NA,NA,NA,NA,NA,NA,NA,NA,NA,NA,NA,NA,NA,NA,NA,NA,"","","","","","","","","","","","","","12/31/2017 12:24","1","12/21/2017 14:06","","Banded","","","11/15/2017","760338",NA,NA,NA,NA,NA,NA,NA,NA,NA,NA,NA,NA,NA,NA,NA,NA,NA,NA,"",2017,"WINT",46
"85282","1","265166999","NOCA","90","0","1","4","1","0","44.8","2017-11-24","09:30","LYD","SID","V3","","FALSE","","","FALSE","FALSE","","","MBO","300","","","WINTER2017-18","","","","","","","","","","","","","","","","","","","","",NA,NA,NA,NA,NA,NA,NA,NA,NA,NA,NA,NA,NA,NA,NA,NA,NA,NA,NA,NA,NA,"","","","","","","","","","","","","","12/31/2017 12:24","1","12/21/2017 14:06","","Banded","","","11/24/2017","760339",NA,NA,NA,NA,NA,NA,NA,NA,NA,NA,NA,NA,NA,NA,NA,NA,NA,NA,"",2017,"WINT",47
"85283","1","265167000","NOCA","90","0","1","5","1","0","42.2","2017-11-24","09:30","LYD","SID","V3","","FALSE","","","FALSE","FALSE","","","MBO","300","","","WINTER2017-18","","","","","","","","","","","","","","","","","","","","",NA,NA,NA,NA,NA,NA,NA,NA,NA,NA,NA,NA,NA,NA,NA,NA,NA,NA,NA,NA,NA,"","","","","","","","","","","","","","12/31/2017 12:24","1","12/21/2017 14:06","","Banded","","","11/24/2017","760340",NA,NA,NA,NA,NA,NA,NA,NA,NA,NA,NA,NA,NA,NA,NA,NA,NA,NA,"",2017,"WINT",47
"85285","1","265167001","NOCA","86","2","1","4","1","1","43.7","2017-11-24","09:40","LYD","SID","V5","","FALSE","","","FALSE","FALSE","","","MBO","300","","","WINTER2017-18","","","","","","","","","","","","","","","","","","","","",NA,NA,NA,NA,NA,NA,NA,NA,NA,NA,NA,NA,NA,NA,NA,NA,NA,NA,NA,NA,NA,"","","","","","","","","","","","","","12/31/2017 12:24","1","12/21/2017 14:06","","Banded","","","11/24/2017","760341",NA,NA,NA,NA,NA,NA,NA,NA,NA,NA,NA,NA,NA,NA,NA,NA,NA,NA,"",2017,"WINT",47
"85290","R","265166994","NOCA","87","2","1","5","1","1","43.2","2017-11-24","09:50","LYD","SID","V4","","FALSE","","","FALSE","FALSE","","","MBO","300","7","89","WINTER2017-18","","","","","","","","","","","","","","","","","","","","",NA,NA,NA,NA,NA,NA,NA,NA,NA,NA,NA,NA,NA,NA,NA,NA,NA,NA,NA,NA,NA,"","","","","","","","","","","","","","12/31/2017 12:24","1","12/21/2017 15:22","","Repeat","","21","11/24/2017","760406",NA,NA,NA,NA,NA,NA,NA,NA,NA,NA,NA,NA,NA,NA,NA,NA,NA,NA,"",2017,"WINT",47
"85306","1","265167002","NOCA","86","2","1","5","1","1","45.4","2017-12-01","08:10","LYD","SID","V4","","FALSE","","","FALSE","FALSE","","","MBO","300","","","WINTER2017-18","","","","","","","","","","","","","","","","","","","","",NA,NA,NA,NA,NA,NA,NA,NA,NA,NA,NA,NA,NA,NA,NA,NA,NA,NA,NA,NA,NA,"","","","","","","","","","","","","","12/31/2017 12:24","1","12/21/2017 14:06","","Banded","","","12/1/2017","760342",NA,NA,NA,NA,NA,NA,NA,NA,NA,NA,NA,NA,NA,NA,NA,NA,NA,NA,"",2017,"WINT",48
"85316","R","265167001","NOCA","90","2","1","4","1","1","43.9","2017-12-01","08:50","LYD","SID","V5","","FALSE","","","FALSE","FALSE","","","MBO","300","7","89","WINTER2017-18","","","","","","","","","","","","","","","","","","","","",NA,NA,NA,NA,NA,NA,NA,NA,NA,NA,NA,NA,NA,NA,NA,NA,NA,NA,NA,NA,NA,"","","","","","","","","","","","","","12/31/2017 12:24","1","12/21/2017 15:22","","Repeat","","7","12/1/2017","760423",NA,NA,NA,NA,NA,NA,NA,NA,NA,NA,NA,NA,NA,NA,NA,NA,NA,NA,"",2017,"WINT",48
"85324","1","265167003","NOCA","90","0","1","5","1","2","40.7","2017-12-03","07:30","PBM","CCT","V3","","FALSE","","","FALSE","FALSE","","","MBO","300","","","WINTER2017-18","","","","","","","","","","","","","","","","","","","","",NA,NA,NA,NA,NA,NA,NA,NA,NA,NA,NA,NA,NA,NA,NA,NA,NA,NA,NA,NA,NA,"","","","","","","","","","","","","","12/31/2017 12:24","1","12/21/2017 14:06","","Banded","","","12/3/2017","760343",NA,NA,NA,NA,NA,NA,NA,NA,NA,NA,NA,NA,NA,NA,NA,NA,NA,NA,"",2017,"WINT",49
"85333","R","265166974","NOCA","91","2","1","4","1","0","46","2017-12-03","08:40","PBM","MPB","V4","","FALSE","","","FALSE","FALSE","","","MBO","300","7","89","WINTER2017-18","","","","","","","","","","","","","","","","","","","","",NA,NA,NA,NA,NA,NA,NA,NA,NA,NA,NA,NA,NA,NA,NA,NA,NA,NA,NA,NA,NA,"","","","","","","","","","","","","","12/31/2017 12:24","1","12/21/2017 15:22","","Repeat","","52","12/3/2017","760433",NA,NA,NA,NA,NA,NA,NA,NA,NA,NA,NA,NA,NA,NA,NA,NA,NA,NA,"",2017,"WINT",49
"85334","1","265167004","NOCA","95","2","1","4","1","1","45.8","2017-12-03","08:40","PBM","MPB","V4","","FALSE","","","FALSE","FALSE","","","MBO","300","","","WINTER2017-18","","","","","","","","","","","","","","","","","","","","",NA,NA,NA,NA,NA,NA,NA,NA,NA,NA,NA,NA,NA,NA,NA,NA,NA,NA,NA,NA,NA,"","","","","","","","","","","","","","12/31/2017 12:24","1","12/21/2017 14:06","","Banded","","","12/3/2017","760344",NA,NA,NA,NA,NA,NA,NA,NA,NA,NA,NA,NA,NA,NA,NA,NA,NA,NA,"",2017,"WINT",49
"85373","1","265167005","NOCA","94","5","1","4","1","2","52","2018-01-28","10:10","NIB","PAB","V4","","FALSE","","","FALSE","FALSE","","","MBO","300","","","WINTER2017-18","","","","","","","","","","","","","","","","","","","","",NA,NA,NA,NA,NA,NA,NA,NA,NA,NA,NA,NA,NA,NA,NA,NA,NA,NA,NA,NA,NA,"","","","","","","","","","","","","","11/23/2018 13:29","1","5/1/2018 10:46","","Banded","","","1/28/2018","760680",NA,NA,NA,NA,NA,NA,NA,NA,NA,NA,NA,NA,NA,NA,NA,NA,NA,NA,"",2018,"WINT",4
"85374","1","265167006","NOCA","92","1","1","5","1","3","49.9","2018-01-28","10:10","NIB","PAB","V4","","FALSE","","","FALSE","FALSE","","","MBO","300","","","WINTER2017-18","","","","","","","","","","","","","","","","","","","","",NA,NA,NA,NA,NA,NA,NA,NA,NA,NA,NA,NA,NA,NA,NA,NA,NA,NA,NA,NA,NA,"","","","","","","","","","","","","","11/23/2018 13:29","1","5/1/2018 10:46","","Banded","","","1/28/2018","760681",NA,NA,NA,NA,NA,NA,NA,NA,NA,NA,NA,NA,NA,NA,NA,NA,NA,NA,"",2018,"WINT",4
"85384","1","265167007","NOCA","88","1","1","5","1","0","41.6","2018-02-27","08:20","ALH","FM","V3","","FALSE","","","FALSE","FALSE","","","MBO","300","","","WINTER2017-18","","","","","","","","","","","","","","","","","","","","",NA,NA,NA,NA,NA,NA,NA,NA,NA,NA,NA,NA,NA,NA,NA,NA,NA,NA,NA,NA,NA,"","","","","","","","","","","","","","11/23/2018 13:29","1","5/1/2018 10:46","","Banded","","","2/27/2018","760682",NA,NA,NA,NA,NA,NA,NA,NA,NA,NA,NA,NA,NA,NA,NA,NA,NA,NA,"",2018,"WINT",9
"85385","1","265167008","NOCA","89","1","1","4","1","0","44.4","2018-02-27","08:20","ALH","FM","V4","","FALSE","","","FALSE","FALSE","","","MBO","300","","","WINTER2017-18","","","","","","","","","","","","","","","","","","","","",NA,NA,NA,NA,NA,NA,NA,NA,NA,NA,NA,NA,NA,NA,NA,NA,NA,NA,NA,NA,NA,"","","","","","","","","","","","","","11/23/2018 13:29","1","5/1/2018 10:46","","Banded","","","2/27/2018","760683",NA,NA,NA,NA,NA,NA,NA,NA,NA,NA,NA,NA,NA,NA,NA,NA,NA,NA,"",2018,"WINT",9
"85393","R","265167005","NOCA","95","5","1","4","1","0","46.9","2018-02-27","10:40","ALH","SID","V3","","FALSE","","","FALSE","FALSE","","","MBO","300","7","89","WINTER2017-18","","","","","","","","","","","","","","","","","","","","",NA,NA,NA,NA,NA,NA,NA,NA,NA,NA,NA,NA,NA,NA,NA,NA,NA,NA,NA,NA,NA,"","","","","","","","","","","","","","11/23/2018 13:29","1","5/4/2018 15:06","","Repeat","","30","2/27/2018","760794",NA,NA,NA,NA,NA,NA,NA,NA,NA,NA,NA,NA,NA,NA,NA,NA,NA,NA,"",2018,"WINT",9
"85395","R","264117748","NOCA","91","1","1","5","1","0","45.3","2018-02-27","10:50","ALH","SID","V3","","FALSE","","","TRUE","FALSE","","","MBO","300","7","89","WINTER2017-18","","","","","","","","","","","","","","","","","","","","",NA,NA,NA,NA,NA,NA,NA,NA,NA,NA,NA,NA,NA,NA,NA,NA,NA,NA,NA,NA,NA,"","","","","","","","","","","","","","11/23/2018 13:29","1","5/4/2018 15:06","","Return","","160","2/27/2018","760793",NA,NA,NA,NA,NA,NA,NA,NA,NA,NA,NA,NA,NA,NA,NA,NA,NA,NA,"",2018,"WINT",9
"85397","R","265166983","NOCA","92","1","1","4","1","0","48.6","2018-02-27","10:50","ALH","SID","V3","","FALSE","","","FALSE","FALSE","","","MBO","300","7","89","WINTER2017-18","","","","","","","","","","","","","","","","","","","","",NA,NA,NA,NA,NA,NA,NA,NA,NA,NA,NA,NA,NA,NA,NA,NA,NA,NA,NA,NA,NA,"","","","","","","","","","","","","","11/23/2018 13:29","1","5/4/2018 15:06","","Return","","125","2/27/2018","760792",NA,NA,NA,NA,NA,NA,NA,NA,NA,NA,NA,NA,NA,NA,NA,NA,NA,NA,"",2018,"WINT",9
"85403","R","265166977","NOCA","94","1","1","4","1","0","49.4","2018-02-27","11:10","ALH","SID","V4","","FALSE","","","FALSE","FALSE","","","MBO","300","7","89","WINTER2017-18","","","","","","","","","","","","","","","","","","","","",NA,NA,NA,NA,NA,NA,NA,NA,NA,NA,NA,NA,NA,NA,NA,NA,NA,NA,NA,NA,NA,"","","","","","","","","","","","","","11/23/2018 13:29","1","5/4/2018 15:06","","Return","","134","2/27/2018","760801",NA,NA,NA,NA,NA,NA,NA,NA,NA,NA,NA,NA,NA,NA,NA,NA,NA,NA,"",2018,"WINT",9
"85407","1","265167009","NOCA","95","1","1","4","1","2","44.6","2018-04-19","07:00","AAA","SID","E2","","FALSE","","","FALSE","FALSE","","","MBO","300","","","SMMP2018","","","","","","","","","","","","","","","","","","","","",NA,NA,NA,NA,NA,NA,NA,NA,NA,NA,NA,NA,NA,NA,NA,NA,NA,NA,NA,NA,NA,"","","","","","","","","","","","","","11/23/2018 13:29","1","5/1/2018 10:46","","Banded","","","4/19/2018","760684",NA,NA,NA,NA,NA,NA,NA,NA,NA,NA,NA,NA,NA,NA,NA,NA,NA,NA,"",2018,"SMMP",16
"85429","1","265167010","NOCA","90","1","1","5","1","0","40","2018-04-21","07:30","LGC","BEP","A1","","FALSE","","","FALSE","FALSE","","","MBO","300","","","SMMP2018","","","","","","","","","","","","","","","","","","","","",NA,NA,NA,NA,NA,NA,NA,NA,NA,NA,NA,NA,NA,NA,NA,NA,NA,NA,NA,NA,NA,"","","","","","","","","","","","","","11/23/2018 13:29","1","5/1/2018 10:46","","Banded","","","4/21/2018","760685",NA,NA,NA,NA,NA,NA,NA,NA,NA,NA,NA,NA,NA,NA,NA,NA,NA,NA,"",2018,"SMMP",16
"85512","R","256109311","NOCA","92","1","1","4","1","0","46.5","2018-04-27","06:50","SID","JPW","C2","","FALSE","","","FALSE","FALSE","","","MBO","300","7","89","SMMP2018","","","","","","","","","","","","","","","","","","","","",NA,NA,NA,NA,NA,NA,NA,NA,NA,NA,NA,NA,NA,NA,NA,NA,NA,NA,NA,NA,NA,"","","","","","","","","","","","","","11/23/2018 13:29","1","5/4/2018 14:51","","Return","","1436","4/27/2018","760743",NA,NA,NA,NA,NA,NA,NA,NA,NA,NA,NA,NA,NA,NA,NA,NA,NA,NA,"",2018,"SMMP",17
"85638","R","256132371","NOCA","92","1","1","5","1","1","49.9","2018-05-04","07:20","SID","CRC","N1","","FALSE","","","FALSE","FALSE","","","MBO","300","7","89","SMMP2018","","","","","","","","","","","","","","","","","","","","",NA,NA,NA,NA,NA,NA,NA,NA,NA,NA,NA,NA,NA,NA,NA,NA,NA,NA,NA,NA,NA,"","","","","","","","","","","","","","11/23/2018 13:29","1","5/4/2018 14:51","","Return","","275","5/4/2018","760772",NA,NA,NA,NA,NA,NA,NA,NA,NA,NA,NA,NA,NA,NA,NA,NA,NA,NA,"",2018,"SMMP",18
"85663","1","265167012","NOCA","92","5","1","4","1","0","41.7","2018-05-04","10:00","SID","JLH","H2","","FALSE","","","FALSE","FALSE","","","MBO","300","","","SMMP2018","","","","","","","","","","","","","","","","","","","","",NA,NA,NA,NA,NA,NA,NA,NA,NA,NA,NA,NA,NA,NA,NA,NA,NA,NA,NA,NA,NA,"","","","","","","","","","","","","","11/23/2018 13:29","1","5/4/2018 18:19","","Banded","","","5/4/2018","760878",NA,NA,NA,NA,NA,NA,NA,NA,NA,NA,NA,NA,NA,NA,NA,NA,NA,NA,"",2018,"SMMP",18
"86177","R","265166977","NOCA","95","1","1","4","1","0","44.2","2018-05-16","06:30","ACH","ACH","N1","","FALSE","","","FALSE","FALSE","","","MBO","300","7","89","SMMP2018","","","","","","","","","","","","","","","","","","","","",NA,NA,NA,NA,NA,NA,NA,NA,NA,NA,NA,NA,NA,NA,NA,NA,NA,NA,NA,NA,NA,"","","","","","","","","","","","","","11/23/2018 13:29","1","5/29/2018 10:16","","Repeat","","78","5/16/2018","761924",NA,NA,NA,NA,NA,NA,NA,NA,NA,NA,NA,NA,NA,NA,NA,NA,NA,NA,"",2018,"SMMP",20
"86530","R","265166674","NOCA","93","1","1","5","1","0","43.5","2018-05-22","05:50","ACH","LAT","E2","","FALSE","","","FALSE","FALSE","","","MBO","300","7","89","SMMP2018","","","","","","","","","","","","","","","","","","","","",NA,NA,NA,NA,NA,NA,NA,NA,NA,NA,NA,NA,NA,NA,NA,NA,NA,NA,NA,NA,NA,"","","","","","","","","","","","","","11/23/2018 13:29","1","5/29/2018 10:16","","Return","","379","5/22/2018","762024",NA,NA,NA,NA,NA,NA,NA,NA,NA,NA,NA,NA,NA,NA,NA,NA,NA,NA,"",2018,"SMMP",21
"86990","R","242193989","NOCA","94","1","1","4","1","0","46.8","2018-06-09","05:40","GEG","GEG","M9","","FALSE","","","FALSE","FALSE","","","MBO","300","7","89","MAPS2018","","","","","","","","","","","","","","","","","","","","",NA,NA,NA,NA,NA,NA,NA,NA,NA,NA,NA,NA,NA,NA,NA,NA,NA,NA,NA,NA,NA,"","","","","","","","","","","","","","11/23/2018 13:29","1","8/7/2018 21:41","","Return","","218","6/9/2018","763769",NA,NA,NA,NA,NA,NA,NA,NA,NA,NA,NA,NA,NA,NA,NA,NA,NA,NA,"",2018,"MAPS",23
"87038","R","265166719","NOCA","90","1","1","5","B","0","42.7","2018-06-16","07:00","ACM","ACM","M5","","FALSE","","","TRUE","FALSE","","","MBO","300","7","89","MAPS2018","","","","","","","","","","","","","","","","","","","","",NA,NA,NA,NA,NA,NA,NA,NA,NA,NA,NA,NA,NA,NA,NA,NA,NA,NA,NA,NA,NA,"","","","","","","","","","","","","","11/23/2018 13:29","1","8/7/2018 21:41","","Return","","386","6/16/2018","763777",NA,NA,NA,NA,NA,NA,NA,NA,NA,NA,NA,NA,NA,NA,NA,NA,NA,NA,"",2018,"MAPS",24
"87124","R","264117741","NOCA","89","1","1","5","B","0","43","2018-07-15","07:00","ALH","ALH","M1","","FALSE","","","FALSE","FALSE","","","MBO","300","7","89","MAPS2018","","","","","","","","","","","","","","","","","","","","",NA,NA,NA,NA,NA,NA,NA,NA,NA,NA,NA,NA,NA,NA,NA,NA,NA,NA,NA,NA,NA,"","","","","","","","","","","","","","11/23/2018 13:29","1","8/7/2018 21:41","","Return","","376","7/15/2018","763802",NA,NA,NA,NA,NA,NA,NA,NA,NA,NA,NA,NA,NA,NA,NA,NA,NA,NA,"",2018,"MAPS",28
"87150","1","264117772","NOCA","90","2","1","4","1","0","39.3","2018-07-15","09:30","ALH","ALH","M8","","FALSE","","","FALSE","FALSE","","","MBO","300","","","MAPS2018","","","","","","","","","","","","","","","","","","","","",NA,NA,NA,NA,NA,NA,NA,NA,NA,NA,NA,NA,NA,NA,NA,NA,NA,NA,NA,NA,NA,"","","","","","","","","","","","","","11/23/2018 13:29","1","8/7/2018 21:14","","Banded","","","7/15/2018","763728",NA,NA,NA,NA,NA,NA,NA,NA,NA,NA,NA,NA,NA,NA,NA,NA,NA,NA,"",2018,"MAPS",28
"87316","1","265167089","NOCA","88","2","1","4","1","0","40.1","2018-08-01","08:50","LAT","FRV","N3","","FALSE","","","FALSE","FALSE","","","MBO","300","","","FMMP2018","","","","","","","","","","","","","","","","","","","","",NA,NA,NA,NA,NA,NA,NA,NA,NA,NA,NA,NA,NA,NA,NA,NA,NA,NA,NA,NA,NA,"","","","","","","","","","","","","","11/23/2018 13:29","1","8/14/2018 10:21","","Banded","","","8/1/2018","764703",NA,NA,NA,NA,NA,NA,NA,NA,NA,NA,NA,NA,NA,NA,NA,NA,NA,NA,"",2018,"FMMP",31
"87319","R","264117772","NOCA","90","2","1","4","1","0","38.3","2018-08-01","09:00","GEG","ENR","B3","","FALSE","","","FALSE","FALSE","","","MBO","300","7","89","FMMP2018","","","","","","","","","","","","","","","","","","","","",NA,NA,NA,NA,NA,NA,NA,NA,NA,NA,NA,NA,NA,NA,NA,NA,NA,NA,NA,NA,NA,"","","","","","","","","","","","","","11/23/2018 13:29","1","8/14/2018 10:15","","Repeat","","17","8/1/2018","764678",NA,NA,NA,NA,NA,NA,NA,NA,NA,NA,NA,NA,NA,NA,NA,NA,NA,NA,"",2018,"FMMP",31
"87461","1","265182621","NOCA","87","2","1","0","1","0","39.1","2018-08-03","09:30","GEG","CAR","C1","","FALSE","","","FALSE","FALSE","","","MBO","300","","","FMMP2018","","","","","","","","","","","","","","","","","","","","",NA,NA,NA,NA,NA,NA,NA,NA,NA,NA,NA,NA,NA,NA,NA,NA,NA,NA,NA,NA,NA,"","","","","","","","","","","","","","11/23/2018 13:29","1","8/14/2018 10:05","8/14/2018 14:39","Banded","","","8/3/2018","764568",NA,NA,NA,NA,NA,NA,NA,NA,NA,NA,NA,NA,NA,NA,NA,NA,NA,NA,"",2018,"FMMP",31
"87480","1","265182629","NOCA","91","1","1","5","B","0","43.1","2018-08-03","10:40","GEG","ALH","B3","","FALSE","","","FALSE","FALSE","","","MBO","300","","","FMMP2018","","","","","","","","","","","","","","","","","","","","",NA,NA,NA,NA,NA,NA,NA,NA,NA,NA,NA,NA,NA,NA,NA,NA,NA,NA,NA,NA,NA,"","","","","","","","","","","","","","11/23/2018 13:29","1","8/14/2018 10:05","","Banded","","","8/3/2018","764576",NA,NA,NA,NA,NA,NA,NA,NA,NA,NA,NA,NA,NA,NA,NA,NA,NA,NA,"",2018,"FMMP",31
"87482","R","256132371","NOCA","90","1","1","5","1","0","40.6","2018-08-03","10:50","GEG","ALH","N1","","FALSE","","","FALSE","FALSE","","","MBO","300","7","89","FMMP2018","","","","","","","","","","","","","","","","","","","","",NA,NA,NA,NA,NA,NA,NA,NA,NA,NA,NA,NA,NA,NA,NA,NA,NA,NA,NA,NA,NA,"","","","","","","","","","","","","","11/23/2018 13:29","1","8/14/2018 14:52","","Return","","91","8/3/2018","764778",NA,NA,NA,NA,NA,NA,NA,NA,NA,NA,NA,NA,NA,NA,NA,NA,NA,NA,"",2018,"FMMP",31
"87487","1","265182631","NOCA","91","2","1","4","1","0","37.7","2018-08-04","06:30","GEG","JLH","H1","","FALSE","","","FALSE","FALSE","","","MBO","300","","","FMMP2018","","","","","","","","","","","","","","","","","","","","",NA,NA,NA,NA,NA,NA,NA,NA,NA,NA,NA,NA,NA,NA,NA,NA,NA,NA,NA,NA,NA,"","","","","","","","","","","","","","11/23/2018 13:29","1","8/14/2018 10:05","","Banded","","","8/4/2018","764578",NA,NA,NA,NA,NA,NA,NA,NA,NA,NA,NA,NA,NA,NA,NA,NA,NA,NA,"",2018,"FMMP",31
"87540","1","265182634","NOCA","90","2","1","4","1","0","42.7","2018-08-04","09:50","GEG","BEP","E2","","FALSE","","","FALSE","FALSE","","","MBO","300","","","FMMP2018","","","","","","","","","","","","","","","","","","","","",NA,NA,NA,NA,NA,NA,NA,NA,NA,NA,NA,NA,NA,NA,NA,NA,NA,NA,NA,NA,NA,"","","","","","","","","","","","","","11/23/2018 13:29","1","8/14/2018 10:05","","Banded","","","8/4/2018","764581",NA,NA,NA,NA,NA,NA,NA,NA,NA,NA,NA,NA,NA,NA,NA,NA,NA,NA,"",2018,"FMMP",31
"87602","R","265182621","NOCA","86","2","1","0","1","0","38.8","2018-08-06","07:00","GEG","JLH","E1","","FALSE","","","FALSE","FALSE","","","MBO","300","7","89","FMMP2018","","","","","","","","","","","","","","","","","","","","",NA,NA,NA,NA,NA,NA,NA,NA,NA,NA,NA,NA,NA,NA,NA,NA,NA,NA,NA,NA,NA,"","","","","","","","","","","","","","11/23/2018 13:29","1","8/14/2018 14:52","","Repeat","","3","8/6/2018","764799",NA,NA,NA,NA,NA,NA,NA,NA,NA,NA,NA,NA,NA,NA,NA,NA,NA,NA,"",2018,"FMMP",32
"87647","1","265182644","NOCA","88","2","1","0","1","0","37.1","2018-08-07","07:30","SID","CCT","B2","","FALSE","","","FALSE","FALSE","","","MBO","300","","","FMMP2018","","","","","","","","","","","","","","","","","","","","",NA,NA,NA,NA,NA,NA,NA,NA,NA,NA,NA,NA,NA,NA,NA,NA,NA,NA,NA,NA,NA,"","","","","","","","","","","","","","11/23/2018 13:29","1","8/14/2018 10:05","","Banded","","","8/7/2018","764591",NA,NA,NA,NA,NA,NA,NA,NA,NA,NA,NA,NA,NA,NA,NA,NA,NA,NA,"",2018,"FMMP",32
"87678","1","265182654","NOCA","88","2","1","0","1","1","44.7","2018-08-07","11:20","SID","CCT","N1","","FALSE","","","FALSE","FALSE","","","MBO","300","","","FMMP2018","","","","","","","","","","","","","","","","","","","","",NA,NA,NA,NA,NA,NA,NA,NA,NA,NA,NA,NA,NA,NA,NA,NA,NA,NA,NA,NA,NA,"","","","","","","","","","","","","","11/23/2018 13:29","1","8/14/2018 10:05","","Banded","","","8/7/2018","764601",NA,NA,NA,NA,NA,NA,NA,NA,NA,NA,NA,NA,NA,NA,NA,NA,NA,NA,"",2018,"FMMP",32
"87767","R","256132371","NOCA","91","1","1","5","B","0","43.1","2018-08-09","08:00","SID","SID","N1","","FALSE","","","FALSE","FALSE","","","MBO","300","7","89","FMMP2018","","","","","","","","","","","","","","","","","","","","",NA,NA,NA,NA,NA,NA,NA,NA,NA,NA,NA,NA,NA,NA,NA,NA,NA,NA,NA,NA,NA,"","","","","","","","","","","","","","11/23/2018 13:29","1","8/14/2018 14:52","","Repeat","","6","8/9/2018","764824",NA,NA,NA,NA,NA,NA,NA,NA,NA,NA,NA,NA,NA,NA,NA,NA,NA,NA,"",2018,"FMMP",32
"87816","1","265182680","NOCA","87","2","1","4","1","0","42.3","2018-08-09","11:10","SID","PAB","D1","","FALSE","","","FALSE","FALSE","","","MBO","300","","","FMMP2018","","","","","","","","","","","","","","","","","","","","",NA,NA,NA,NA,NA,NA,NA,NA,NA,NA,NA,NA,NA,NA,NA,NA,NA,NA,NA,NA,NA,"","","","","","","","","","","","","","11/23/2018 13:29","1","8/14/2018 10:05","","Banded","","","8/9/2018","764627",NA,NA,NA,NA,NA,NA,NA,NA,NA,NA,NA,NA,NA,NA,NA,NA,NA,NA,"",2018,"FMMP",32
"87921","1","265182683","NOCA","85","2","1","0","1","0","36.8","2018-08-11","08:10","NIB","CCT","A2","","FALSE","","","FALSE","FALSE","","","MBO","300","","","FMMP2018","","","","","","","","","","","","","","","","","","","","",NA,NA,NA,NA,NA,NA,NA,NA,NA,NA,NA,NA,NA,NA,NA,NA,NA,NA,NA,NA,NA,"","","","","","","","","","","","","","11/23/2018 13:29","1","8/14/2018 10:05","","Banded","","","8/11/2018","764630",NA,NA,NA,NA,NA,NA,NA,NA,NA,NA,NA,NA,NA,NA,NA,NA,NA,NA,"",2018,"FMMP",32
"88011","1","265182696","NOCA","87","2","1","4","1","0","41.3","2018-08-13","08:00","GEG","CAR","E1","","FALSE","","","FALSE","FALSE","","","MBO","300","","","FMMP2018","","","","","","","","","","","","","","","","","","","","",NA,NA,NA,NA,NA,NA,NA,NA,NA,NA,NA,NA,NA,NA,NA,NA,NA,NA,NA,NA,NA,"","","","","","","","","","","","","","11/23/2018 13:29","1","8/14/2018 10:05","","Banded","","","8/13/2018","764643",NA,NA,NA,NA,NA,NA,NA,NA,NA,NA,NA,NA,NA,NA,NA,NA,NA,NA,"",2018,"FMMP",33
"88093","1","265182700","NOCA","90","2","1","5","1","0","41","2018-08-14","09:40","ALH","PAS","H1","","FALSE","","","FALSE","FALSE","","","MBO","300","","","FMMP2018","","","","","","","","","","","","","","","","","","","","",NA,NA,NA,NA,NA,NA,NA,NA,NA,NA,NA,NA,NA,NA,NA,NA,NA,NA,NA,NA,NA,"","","","","","","","","","","","","","12/10/2020 13:06","2","8/14/2018 14:27","8/13/2020 9:35","Banded","","","8/14/2018","764756",NA,NA,NA,NA,NA,NA,NA,NA,NA,NA,NA,NA,NA,NA,NA,NA,NA,NA,"",2018,"FMMP",33
"88116","1","265187903","NOCA","86","2","1","5","1","1","38.1","2018-08-15","06:20","SID","SID","H2","","FALSE","","","FALSE","FALSE","","","MBO","300","","","FMMP2018","","","","","","","","","","","","","","","","","","","","",NA,NA,NA,NA,NA,NA,NA,NA,NA,NA,NA,NA,NA,NA,NA,NA,NA,NA,NA,NA,NA,"","","","","","","","","","","","","","11/23/2018 13:29","1","8/23/2018 10:38","","Banded","","","8/15/2018","765086",NA,NA,NA,NA,NA,NA,NA,NA,NA,NA,NA,NA,NA,NA,NA,NA,NA,NA,"",2018,"FMMP",33
"88171","R","265182654","NOCA","90","2","1","0","1","0","44","2018-08-16","07:30","GEG","FRV","N3","","FALSE","","","FALSE","FALSE","","","MBO","300","7","89","FMMP2018","","","","","","","","","","","","","","","","","","","","",NA,NA,NA,NA,NA,NA,NA,NA,NA,NA,NA,NA,NA,NA,NA,NA,NA,NA,NA,NA,NA,"","","","","","","","","","","","","","11/23/2018 13:29","1","8/23/2018 14:59","","Repeat","","9","8/16/2018","765128",NA,NA,NA,NA,NA,NA,NA,NA,NA,NA,NA,NA,NA,NA,NA,NA,NA,NA,"",2018,"FMMP",33
"88172","R","265182644","NOCA","88","2","1","4","1","0","37.7","2018-08-16","08:00","PBM","ENR","E2","","FALSE","","","TRUE","FALSE","","","MBO","300","7","89","FMMP2018","","","","","","","","","","","","","","","","","","","","",NA,NA,NA,NA,NA,NA,NA,NA,NA,NA,NA,NA,NA,NA,NA,NA,NA,NA,NA,NA,NA,"","","","","","","","","","","","","","11/23/2018 13:29","1","8/23/2018 14:59","","Repeat","","9","8/16/2018","765129",NA,NA,NA,NA,NA,NA,NA,NA,NA,NA,NA,NA,NA,NA,NA,NA,NA,NA,"",2018,"FMMP",33
"88173","1","265187908","NOCA","90","2","1","4","1","0","38.3","2018-08-16","08:00","PBM","ENR","E2","","FALSE","","","FALSE","FALSE","","","MBO","300","","","FMMP2018","","","","","","","","","","","","","","","","","","","","",NA,NA,NA,NA,NA,NA,NA,NA,NA,NA,NA,NA,NA,NA,NA,NA,NA,NA,NA,NA,NA,"","","","","","","","","","","","","","11/23/2018 13:29","1","8/23/2018 10:38","","Banded","","","8/16/2018","765091",NA,NA,NA,NA,NA,NA,NA,NA,NA,NA,NA,NA,NA,NA,NA,NA,NA,NA,"",2018,"FMMP",33
"88186","R","265182680","NOCA","86","2","1","4","1","0","44.3","2018-08-16","10:00","GEG","CRC","C2","","FALSE","","","FALSE","FALSE","","","MBO","300","7","89","FMMP2018","","","","","","","","","","","","","","","","","","","","",NA,NA,NA,NA,NA,NA,NA,NA,NA,NA,NA,NA,NA,NA,NA,NA,NA,NA,NA,NA,NA,"","","","","","","","","","","","","","11/23/2018 13:29","1","8/23/2018 14:59","","Repeat","","7","8/16/2018","765131",NA,NA,NA,NA,NA,NA,NA,NA,NA,NA,NA,NA,NA,NA,NA,NA,NA,NA,"",2018,"FMMP",33
"88199","R","265182654","NOCA","89","2","1","0","1","0","42.4","2018-08-17","06:30","GEG","CCT","N3","","FALSE","","","FALSE","FALSE","","","MBO","300","7","89","FMMP2018","","","","","","","","","","","","","","","","","","","","",NA,NA,NA,NA,NA,NA,NA,NA,NA,NA,NA,NA,NA,NA,NA,NA,NA,NA,NA,NA,NA,"","","","","","","","","","","","","","11/23/2018 13:29","1","8/23/2018 14:59","","Repeat","","1","8/17/2018","765136",NA,NA,NA,NA,NA,NA,NA,NA,NA,NA,NA,NA,NA,NA,NA,NA,NA,NA,"",2018,"FMMP",33
"88278","R","265182654","NOCA","86","2","1","5","1","0","41.4","2018-08-19","06:30","ALH","MPB","H2","","FALSE","","","TRUE","FALSE","","","MBO","300","7","89","FMMP2018","","","","","","","","","","","","","","","","","","","","",NA,NA,NA,NA,NA,NA,NA,NA,NA,NA,NA,NA,NA,NA,NA,NA,NA,NA,NA,NA,NA,"","","","","","","","","","","","","","11/23/2018 13:29","1","8/23/2018 14:59","","Repeat","","2","8/19/2018","765156",NA,NA,NA,NA,NA,NA,NA,NA,NA,NA,NA,NA,NA,NA,NA,NA,NA,NA,"",2018,"FMMP",33
"88305","1","265187913","NOCA","89","2","1","4","1","0","39.2","2018-08-19","10:20","GEG","BEP","D4","","FALSE","","","FALSE","FALSE","","","MBO","300","","","FMMP2018","","","","","","","","","","","","","","","","","","","","",NA,NA,NA,NA,NA,NA,NA,NA,NA,NA,NA,NA,NA,NA,NA,NA,NA,NA,NA,NA,NA,"","","","","","","","","","","","","","11/23/2018 13:29","1","8/23/2018 10:38","","Banded","","","8/19/2018","765096",NA,NA,NA,NA,NA,NA,NA,NA,NA,NA,NA,NA,NA,NA,NA,NA,NA,NA,"",2018,"FMMP",33
"88425","1","265187919","NOCA","86","2","1","4","1","0","41.4","2018-08-23","07:20","ACM","ENR","B3","","FALSE","","","FALSE","FALSE","","","MBO","300","","","FMMP2018","","","","","","","","","","","","","","","","","","","","",NA,NA,NA,NA,NA,NA,NA,NA,NA,NA,NA,NA,NA,NA,NA,NA,NA,NA,NA,NA,NA,"","","","","","","","","","","","","","11/23/2018 13:29","1","8/23/2018 10:38","","Banded","","","8/23/2018","765102",NA,NA,NA,NA,NA,NA,NA,NA,NA,NA,NA,NA,NA,NA,NA,NA,NA,NA,"",2018,"FMMP",34
"88434","R","265187913","NOCA","89","2","1","4","1","0","39.3","2018-08-23","09:30","ACM","AAA","A2","","FALSE","","","FALSE","FALSE","","","MBO","300","7","89","FMMP2018","","","","","","","","","","","","","","","","","","","","",NA,NA,NA,NA,NA,NA,NA,NA,NA,NA,NA,NA,NA,NA,NA,NA,NA,NA,NA,NA,NA,"","","","","","","","","","","","","","11/23/2018 13:29","1","8/23/2018 14:59","","Repeat","","4","8/23/2018","765195",NA,NA,NA,NA,NA,NA,NA,NA,NA,NA,NA,NA,NA,NA,NA,NA,NA,NA,"",2018,"FMMP",34
"88642","1","265187931","NOCA","87","2","1","5","1","0","38.9","2018-08-27","06:30","SID","PAB","B3","","FALSE","","","FALSE","FALSE","","","MBO","300","","","FMMP2018","","","","","","","","","","","","","","","","","","","","",NA,NA,NA,NA,NA,NA,NA,NA,NA,NA,NA,NA,NA,NA,NA,NA,NA,NA,NA,NA,NA,"","","","","","","","","","","","","","11/23/2018 13:29","1","8/27/2018 10:35","","Banded","","","8/27/2018","765408",NA,NA,NA,NA,NA,NA,NA,NA,NA,NA,NA,NA,NA,NA,NA,NA,NA,NA,"",2018,"FMMP",35
"89143","1","265187952","NOCA","83","2","1","5","1","0","38.1","2018-09-07","07:30","ACM","JLH","C1","","FALSE","","","FALSE","FALSE","","","MBO","300","","","FMMP2018","","","","","","","","","","","","","","","","","","","","",NA,NA,NA,NA,NA,NA,NA,NA,NA,NA,NA,NA,NA,NA,NA,NA,NA,NA,NA,NA,NA,"","","","","","","","","","","","","","11/23/2018 13:29","1","9/7/2018 21:16","","Banded","","","9/7/2018","765939",NA,NA,NA,NA,NA,NA,NA,NA,NA,NA,NA,NA,NA,NA,NA,NA,NA,NA,"",2018,"FMMP",36
"89164","R","265182644","NOCA","88","2","1","4","1","0","40.4","2018-09-07","10:30","ACH","ACM","N3","","FALSE","","","TRUE","FALSE","","","MBO","300","7","89","FMMP2018","","","","","","","","","","","","","","","","","","","","",NA,NA,NA,NA,NA,NA,NA,NA,NA,NA,NA,NA,NA,NA,NA,NA,NA,NA,NA,NA,NA,"","","","","","","","","","","","","","11/23/2018 13:29","1","9/7/2018 21:24","","Repeat","","22","9/7/2018","765970",NA,NA,NA,NA,NA,NA,NA,NA,NA,NA,NA,NA,NA,NA,NA,NA,NA,NA,"",2018,"FMMP",36
"89364","1","265187977","NOCA","91","2","1","4","1","0","44.9","2018-09-15","09:00","LGC","JBA","H1","","FALSE","","","FALSE","FALSE","","","MBO","300","","","FMMP2018","","","","","","","","","","","","","","","","","","","","",NA,NA,NA,NA,NA,NA,NA,NA,NA,NA,NA,NA,NA,NA,NA,NA,NA,NA,NA,NA,NA,"","","","","","","","","","","","","","11/23/2018 13:29","1","9/15/2018 10:27","","Banded","","","9/15/2018","766167",NA,NA,NA,NA,NA,NA,NA,NA,NA,NA,NA,NA,NA,NA,NA,NA,NA,NA,"",2018,"FMMP",37
"90202","1","265188003","NOCA","90","2","1","5","1","0","41.6","2018-09-30","11:30","KML","KML","C1","","FALSE","","","FALSE","FALSE","","","MBO","300","","","FMMP2018","","","","","","","","","","","","","","","","","","","","",NA,NA,NA,NA,NA,NA,NA,NA,NA,NA,NA,NA,NA,NA,NA,NA,NA,NA,NA,NA,NA,"","","","","","","","","","","","","","11/23/2018 13:29","1","10/4/2018 10:02","","Banded","","","9/30/2018","767274",NA,NA,NA,NA,NA,NA,NA,NA,NA,NA,NA,NA,NA,NA,NA,NA,NA,NA,"",2018,"FMMP",39
"90548","1","265188004","NOCA","90","2","S","5","1","0","42","2018-10-04","08:30","ALH","SID","D3","","FALSE","","","FALSE","FALSE","","","MBO","300","","","FMMP2018","","","","","","","","","","","","","","","","","","","","",NA,NA,NA,NA,NA,NA,NA,NA,NA,NA,NA,NA,NA,NA,NA,NA,NA,NA,NA,NA,NA,"","","","","","","","","","","","","","11/23/2018 13:29","1","10/4/2018 10:02","","Banded","","","10/4/2018","767275",NA,NA,NA,NA,NA,NA,NA,NA,NA,NA,NA,NA,NA,NA,NA,NA,NA,NA,"",2018,"FMMP",40
"90553","R","265182631","NOCA","92","2","1","4","1","0","41.9","2018-10-04","08:50","ALH","MPB","B2","","FALSE","","","FALSE","FALSE","","","MBO","300","7","89","FMMP2018","","","","","","","","","","","","","","","","","","","","",NA,NA,NA,NA,NA,NA,NA,NA,NA,NA,NA,NA,NA,NA,NA,NA,NA,NA,NA,NA,NA,"","","","","","","","","","","","","","11/23/2018 13:29","1","10/9/2018 9:56","","Repeat","","61","10/4/2018","767557",NA,NA,NA,NA,NA,NA,NA,NA,NA,NA,NA,NA,NA,NA,NA,NA,NA,NA,"",2018,"FMMP",40
"90561","R","265166657","NOCA","90","1","1","5","1","0","47.2","2018-10-04","11:00","PBM","PAB","C1","","FALSE","","","FALSE","FALSE","","","MBO","300","7","89","FMMP2018","","","","","","","","","","","","","","","","","","","","",NA,NA,NA,NA,NA,NA,NA,NA,NA,NA,NA,NA,NA,NA,NA,NA,NA,NA,NA,NA,NA,"","","","","","","","","","","","","","11/23/2018 13:29","1","10/9/2018 9:56","","Return","","714","10/4/2018","767559",NA,NA,NA,NA,NA,NA,NA,NA,NA,NA,NA,NA,NA,NA,NA,NA,NA,NA,"",2018,"FMMP",40
"90627","1","265188005","NOCA","92","0","1","5","1","0","48.5","2018-10-05","10:40","ALH","GEP","N3","","FALSE","","","FALSE","FALSE","","","MBO","300","","","FMMP2018","","","","","","","","","","","","","","","","","","","","",NA,NA,NA,NA,NA,NA,NA,NA,NA,NA,NA,NA,NA,NA,NA,NA,NA,NA,NA,NA,NA,"","","","","","","","","","","","","","11/23/2018 13:29","1","10/9/2018 8:51","","Banded","","","10/5/2018","767542",NA,NA,NA,NA,NA,NA,NA,NA,NA,NA,NA,NA,NA,NA,NA,NA,NA,NA,"",2018,"FMMP",40
"90756","1","265188008","NOCA","88","1","1","5","1","0","42.9","2018-10-07","09:20","KML","KHE","E1","","FALSE","","","FALSE","FALSE","","","MBO","300","","","FMMP2018","","","","","","","","","","","","","","","","","","","","",NA,NA,NA,NA,NA,NA,NA,NA,NA,NA,NA,NA,NA,NA,NA,NA,NA,NA,NA,NA,NA,"","","","","","","","","","","","","","11/23/2018 13:29","1","10/9/2018 8:52","","Banded","","","10/7/2018","767545",NA,NA,NA,NA,NA,NA,NA,NA,NA,NA,NA,NA,NA,NA,NA,NA,NA,NA,"",2018,"FMMP",40
"90829","R","242193996","NOCA","99","0","1","4","1","0","47.8","2018-10-09","08:00","ALH","ABM","B3","","FALSE","","","FALSE","FALSE","","","MBO","300","7","89","FMMP2018","","","","","","","","","","","","","","","","","","","","",NA,NA,NA,NA,NA,NA,NA,NA,NA,NA,NA,NA,NA,NA,NA,NA,NA,NA,NA,NA,NA,"","","","","","","","","","","","","","11/23/2018 13:29","1","10/9/2018 9:56","","Return","","790","10/9/2018","767592",NA,NA,NA,NA,NA,NA,NA,NA,NA,NA,NA,NA,NA,NA,NA,NA,NA,NA,"",2018,"FMMP",41
"90833","1","265188009","NOCA","89","0","1","5","1","0","37.6","2018-10-09","08:10","ALH","ABM","B2","","FALSE","","","FALSE","FALSE","","","MBO","300","","","FMMP2018","","","","","","","","","","","","","","","","","","","","",NA,NA,NA,NA,NA,NA,NA,NA,NA,NA,NA,NA,NA,NA,NA,NA,NA,NA,NA,NA,NA,"","","","","","","","","","","","","","11/23/2018 13:29","1","10/9/2018 8:52","","Banded","","","10/9/2018","767546",NA,NA,NA,NA,NA,NA,NA,NA,NA,NA,NA,NA,NA,NA,NA,NA,NA,NA,"",2018,"FMMP",41
"91155","1","265188020","NOCA","84","2","1","0","1","0","42","2018-10-15","08:00","GEG","ABM","C1","","FALSE","","","FALSE","FALSE","","","MBO","300","","","FMMP2018","","","","","","","","","","","","","","","","","","","","",NA,NA,NA,NA,NA,NA,NA,NA,NA,NA,NA,NA,NA,NA,NA,NA,NA,NA,NA,NA,NA,"","","","","","","","","","","","","","11/23/2018 13:29","1","10/16/2018 8:53","","Banded","","","10/15/2018","767839",NA,NA,NA,NA,NA,NA,NA,NA,NA,NA,NA,NA,NA,NA,NA,NA,NA,NA,"",2018,"FMMP",42
"91156","1","265188021","NOCA","93","2","1","4","1","0","46.7","2018-10-15","08:00","GEG","FM","E1","","FALSE","","","FALSE","FALSE","","","MBO","300","","","FMMP2018","","","","","","","","","","","","","","","","","","","","",NA,NA,NA,NA,NA,NA,NA,NA,NA,NA,NA,NA,NA,NA,NA,NA,NA,NA,NA,NA,NA,"","","","","","","","","","","","","","11/23/2018 13:29","1","10/16/2018 8:53","","Banded","","","10/15/2018","767840",NA,NA,NA,NA,NA,NA,NA,NA,NA,NA,NA,NA,NA,NA,NA,NA,NA,NA,"",2018,"FMMP",42
"91383","R","265182621","NOCA","89","0","1","5","1","0","41.8","2018-10-21","10:50","KHE","GEP","D1","","FALSE","","","TRUE","FALSE","","","MBO","300","7","89","FMMP2018","","","","","","","","","","","","","","","","","","","","",NA,NA,NA,NA,NA,NA,NA,NA,NA,NA,NA,NA,NA,NA,NA,NA,NA,NA,NA,NA,NA,"","","","","","","","","","","","","","11/23/2018 13:29","1","10/24/2018 8:41","","Repeat","","76","10/21/2018","768159",NA,NA,NA,NA,NA,NA,NA,NA,NA,NA,NA,NA,NA,NA,NA,NA,NA,NA,"",2018,"FMMP",42
"91607","R","242193989","NOCA","95","1","1","4","1","0","50.4","2018-10-26","08:40","KML","STD","D1","","FALSE","","","FALSE","FALSE","","","MBO","300","7","89","FMMP2018","","","","","","","","","","","","","","","","","","","","",NA,NA,NA,NA,NA,NA,NA,NA,NA,NA,NA,NA,NA,NA,NA,NA,NA,NA,NA,NA,NA,"","","","","","","","","","","","","","11/23/2018 13:29","1","10/26/2018 12:21","","Return","","139","10/26/2018","768254",NA,NA,NA,NA,NA,NA,NA,NA,NA,NA,NA,NA,NA,NA,NA,NA,NA,NA,"",2018,"FMMP",43
"91649","R","265187913","NOCA","92","0","1","4","1","1","44.6","2018-10-27","08:10","STD","STD","E1","","FALSE","","","FALSE","FALSE","","","MBO","300","7","89","FMMP2018","","","","","","","","","","","","","","","","","","","","",NA,NA,NA,NA,NA,NA,NA,NA,NA,NA,NA,NA,NA,NA,NA,NA,NA,NA,NA,NA,NA,"","","","","","","","","","","","","","11/23/2018 13:29","1","10/27/2018 9:35","","Repeat","","65","10/27/2018","768286",NA,NA,NA,NA,NA,NA,NA,NA,NA,NA,NA,NA,NA,NA,NA,NA,NA,NA,"",2018,"FMMP",43
"91704","1","265188035","NOCA","92","0","1","5","1","0","42.1","2018-10-30","09:00","STD","KML","B2","","FALSE","","","FALSE","FALSE","","","MBO","300","","","FMMP2018","","","","","","","","","","","","","","","","","","","","",NA,NA,NA,NA,NA,NA,NA,NA,NA,NA,NA,NA,NA,NA,NA,NA,NA,NA,NA,NA,NA,"","","","","","","","","","","","","","11/23/2018 13:29","1","10/30/2018 11:20","","Banded","","","10/30/2018","768392",NA,NA,NA,NA,NA,NA,NA,NA,NA,NA,NA,NA,NA,NA,NA,NA,NA,NA,"",2018,"FMMP",44
"91835","R","265188021","NOCA","96","2","1","4","1","0","47.5","2018-11-04","09:00","MPB","MFG","D4","","FALSE","","","FALSE","FALSE","","","MBO","300","7","89","FMMP2018","","","","","","","","","","","","","","","","","","","","",NA,NA,NA,NA,NA,NA,NA,NA,NA,NA,NA,NA,NA,NA,NA,NA,NA,NA,NA,NA,NA,"","","","","","","","","","","","","","11/23/2018 13:29","1","11/6/2018 10:08","","Repeat","","20","11/4/2018","768563",NA,NA,NA,NA,NA,NA,NA,NA,NA,NA,NA,NA,NA,NA,NA,NA,NA,NA,"",2018,"FMMP",44
"91837","1","265188040","NOCA","98","2","1","4","1","0","45.4","2018-11-04","09:20","KHE","CAR","C1","","FALSE","","","FALSE","FALSE","","","MBO","300","","","FMMP2018","","","","","","","","","","","","","","","","","","","","",NA,NA,NA,NA,NA,NA,NA,NA,NA,NA,NA,NA,NA,NA,NA,NA,NA,NA,NA,NA,NA,"","","","","","","","","","","","","","11/23/2018 13:29","1","11/6/2018 10:06","","Banded","","","11/4/2018","768546",NA,NA,NA,NA,NA,NA,NA,NA,NA,NA,NA,NA,NA,NA,NA,NA,NA,NA,"",2018,"FMMP",44
"91841","1","265188041","NOCA","85","2","1","5","1","0","44.1","2018-11-04","10:20","KHE","MFG","D2","","FALSE","","","FALSE","FALSE","","","MBO","300","","","FMMP2018","","","","","","","","","","","","","","","","","","","","",NA,NA,NA,NA,NA,NA,NA,NA,NA,NA,NA,NA,NA,NA,NA,NA,NA,NA,NA,NA,NA,"","","","","","","","","","","","","","11/23/2018 13:29","1","11/6/2018 10:06","","Banded","","","11/4/2018","768547",NA,NA,NA,NA,NA,NA,NA,NA,NA,NA,NA,NA,NA,NA,NA,NA,NA,NA,"",2018,"FMMP",44
"91843","1","265188042","NOCA","89","0","1","5","1","0","41.3","2018-11-04","10:30","KHE","MFG","D2","","FALSE","","","FALSE","FALSE","","","MBO","300","","","FMMP2018","","","","","","","","","","","","","","","","","","","","",NA,NA,NA,NA,NA,NA,NA,NA,NA,NA,NA,NA,NA,NA,NA,NA,NA,NA,NA,NA,NA,"","","","","","","","","","","","","","11/23/2018 13:29","1","11/6/2018 10:06","","Banded","","","11/4/2018","768548",NA,NA,NA,NA,NA,NA,NA,NA,NA,NA,NA,NA,NA,NA,NA,NA,NA,NA,"",2018,"FMMP",44
"91915","1","265188043","NOCA","95","2","1","4","1","0","48.2","2018-11-08","07:50","SID","SID","V5","","FALSE","","","FALSE","FALSE","","","MBO","300","","","WINTER2018-19","","","","","","","","","","","","","","","","","","","","",NA,NA,NA,NA,NA,NA,NA,NA,NA,NA,NA,NA,NA,NA,NA,NA,NA,NA,NA,NA,NA,"","","","","","","","","","","","","","12/26/2018 11:35","1","11/30/2018 11:00","","Banded","","","11/8/2018","769069",NA,NA,NA,NA,NA,NA,NA,NA,NA,NA,NA,NA,NA,NA,NA,NA,NA,NA,"",2018,"WINT",45
"91939","1","265188044","NOCA","93","2","1","5","1","0","42.5","2018-11-12","08:50","PBM","GEG","V5","","FALSE","","","FALSE","FALSE","","","MBO","300","","","WINTER2018-19","","","","","","","","","","","","","","","","","","","","",NA,NA,NA,NA,NA,NA,NA,NA,NA,NA,NA,NA,NA,NA,NA,NA,NA,NA,NA,NA,NA,"","","","","","","","","","","","","","12/26/2018 11:35","1","11/30/2018 11:00","","Banded","","","11/12/2018","769070",NA,NA,NA,NA,NA,NA,NA,NA,NA,NA,NA,NA,NA,NA,NA,NA,NA,NA,"",2018,"WINT",46
"91971","R","265188020","NOCA","87","2","1","5","1","0","44.7","2018-11-12","12:00","GEG","PBM","V3","","FALSE","","","TRUE","FALSE","","","MBO","300","7","89","WINTER2018-19","","","","","","","","","","","","","","","","","","","","",NA,NA,NA,NA,NA,NA,NA,NA,NA,NA,NA,NA,NA,NA,NA,NA,NA,NA,NA,NA,NA,"","","","","","","","","","","","","","12/26/2018 11:35","1","11/30/2018 12:23","","Repeat","","28","11/12/2018","769113",NA,NA,NA,NA,NA,NA,NA,NA,NA,NA,NA,NA,NA,NA,NA,NA,NA,NA,"",2018,"WINT",46
"92010","R","265167089","NOCA","94","0","1","4","1","1","48","2018-11-17","11:40","LAT","LAT","V3","","FALSE","","","FALSE","FALSE","","","MBO","300","7","89","WINTER2018-19","","","","","","","","","","","","","","","","","","","","",NA,NA,NA,NA,NA,NA,NA,NA,NA,NA,NA,NA,NA,NA,NA,NA,NA,NA,NA,NA,NA,"","","","","","","","","","","","","","12/26/2018 11:35","1","11/30/2018 12:24","","Return","","108","11/17/2018","769130",NA,NA,NA,NA,NA,NA,NA,NA,NA,NA,NA,NA,NA,NA,NA,NA,NA,NA,"",2018,"WINT",46
"92040","R","264117990","NOCA","91","0","1","5","1","0","44.5","2018-11-26","08:40","GEG","PAB","V4","","FALSE","","","FALSE","FALSE","","","MBO","300","7","89","WINTER2018-19","","","","","","","","","","","","","","","","","","","","",NA,NA,NA,NA,NA,NA,NA,NA,NA,NA,NA,NA,NA,NA,NA,NA,NA,NA,NA,NA,NA,"","","","","","","","","","","","","","12/26/2018 11:35","1","11/30/2018 12:24","","Return","","480","11/26/2018","769143",NA,NA,NA,NA,NA,NA,NA,NA,NA,NA,NA,NA,NA,NA,NA,NA,NA,NA,"",2018,"WINT",48
"92052","R","265166697","NOCA","92","0","1","5","1","2","45.9","2018-11-26","09:00","ACM","PAB","V4","","FALSE","","","FALSE","FALSE","","","MBO","300","7","89","WINTER2018-19","","","","","","","","","","","","","","","","","","","","",NA,NA,NA,NA,NA,NA,NA,NA,NA,NA,NA,NA,NA,NA,NA,NA,NA,NA,NA,NA,NA,"","","","","","","","","","","","","","12/26/2018 11:35","1","11/30/2018 12:24","","Return","","529","11/26/2018","769148",NA,NA,NA,NA,NA,NA,NA,NA,NA,NA,NA,NA,NA,NA,NA,NA,NA,NA,"",2018,"WINT",48
"92071","R","223100154","NOCA","91","0","1","5","1","2","43.2","2018-11-30","09:10","KML","MML","V5","","FALSE","","","TRUE","FALSE","","","MBO","300","7","89","WINTER2018-19","","","","","","","","","","","","","","","","","","","","",NA,NA,NA,NA,NA,NA,NA,NA,NA,NA,NA,NA,NA,NA,NA,NA,NA,NA,NA,NA,NA,"","","","","","","","","","","","","","12/26/2018 11:35","1","11/30/2018 12:24","","Return","","764","11/30/2018","769158",NA,NA,NA,NA,NA,NA,NA,NA,NA,NA,NA,NA,NA,NA,NA,NA,NA,NA,"",2018,"WINT",48
"92078","1","265188048","NOCA","94","0","1","4","1","0","48.2","2018-11-30","09:40","KML","MML","V5","","FALSE","","","FALSE","FALSE","","","MBO","300","","","WINTER2018-19","","","","","","","","","","","","","","","","","","","","",NA,NA,NA,NA,NA,NA,NA,NA,NA,NA,NA,NA,NA,NA,NA,NA,NA,NA,NA,NA,NA,"","","","","","","","","","","","","","12/26/2018 11:35","1","11/30/2018 11:47","","Banded","","","11/30/2018","769082",NA,NA,NA,NA,NA,NA,NA,NA,NA,NA,NA,NA,NA,NA,NA,NA,NA,NA,"",2018,"WINT",48
"92202","R","265187913","NOCA","92","1","1","4","1","0","42.2","2019-03-20","11:50","ACM","CRC","V3","","FALSE","","","FALSE","FALSE","","","MBO","300","7","89","WINTER2018-19","","","","","","","","","","","","","","","","","","","","",NA,NA,NA,NA,NA,NA,NA,NA,NA,NA,NA,NA,NA,NA,NA,NA,NA,NA,NA,NA,NA,"","","","","","","","","","","","","","7/2/2019 9:48","1","3/28/2019 13:05","","Return","","144","3/20/2019","770160",NA,NA,NA,NA,NA,NA,NA,NA,NA,NA,NA,NA,NA,NA,NA,NA,NA,NA,"",2019,"WINT",12
"92383","1","265188056","NOCA","89","5","1","5","1","0","41.8","2019-04-23","08:20","LAT","JBA","D1","","FALSE","","","FALSE","FALSE","","","MBO","300","","","SMMP2019","","","","","","","","","","","","","","","","","","","","",NA,NA,NA,NA,NA,NA,NA,NA,NA,NA,NA,NA,NA,NA,NA,NA,NA,NA,NA,NA,NA,"","","","","","","","","","","","","","7/2/2019 9:48","1","4/23/2019 10:57","","Banded","","","4/23/2019","770329",NA,NA,NA,NA,NA,NA,NA,NA,NA,NA,NA,NA,NA,NA,NA,NA,NA,NA,"",2019,"SMMP",17
"92628","1","265188088","NOCA","92","1","1","4","1","1","42.2","2019-05-06","06:10","ALH","MGG","C2","","FALSE","","","FALSE","FALSE","","","MBO","300","","","SMMP2019","","","","","","","","","","","","","","","","","","","","",NA,NA,NA,NA,NA,NA,NA,NA,NA,NA,NA,NA,NA,NA,NA,NA,NA,NA,NA,NA,NA,"","","","","","","","","","","","","","7/2/2019 9:48","1","5/8/2019 15:30","","Banded","","","5/6/2019","770614",NA,NA,NA,NA,NA,NA,NA,NA,NA,NA,NA,NA,NA,NA,NA,NA,NA,NA,"",2019,"SMMP",18
"92764","1","265188094","NOCA","96","1","1","5","B","2","42.9","2019-05-12","06:50","STD","PBM","H1","","FALSE","","","FALSE","FALSE","","","MBO","300","","","SMMP2019","","","","","","","","","","","","","","","","","","","","",NA,NA,NA,NA,NA,NA,NA,NA,NA,NA,NA,NA,NA,NA,NA,NA,NA,NA,NA,NA,NA,"","","","","","","","","","","","","","7/2/2019 9:48","1","5/16/2019 5:19","","Banded","","","5/12/2019","770743",NA,NA,NA,NA,NA,NA,NA,NA,NA,NA,NA,NA,NA,NA,NA,NA,NA,NA,"",2019,"SMMP",19
"92767","1","265188095","NOCA","98","1","1","4","C","1","45.1","2019-05-12","07:00","STD","PBM","H1","","FALSE","","","FALSE","FALSE","","","MBO","300","","","SMMP2019","","","","","","","","","","","","","","","","","","","","",NA,NA,NA,NA,NA,NA,NA,NA,NA,NA,NA,NA,NA,NA,NA,NA,NA,NA,NA,NA,NA,"","","","","","","","","","","","","","7/2/2019 9:48","1","5/16/2019 5:19","","Banded","","","5/12/2019","770744",NA,NA,NA,NA,NA,NA,NA,NA,NA,NA,NA,NA,NA,NA,NA,NA,NA,NA,"",2019,"SMMP",19
"92776","R","242193989","NOCA","95","1","1","4","1","2","47.9","2019-05-12","08:20","STD","YSJ","E2","","FALSE","","","FALSE","FALSE","","","MBO","300","7","89","SMMP2019","","","","","","","","","","","","","","","","","","","","",NA,NA,NA,NA,NA,NA,NA,NA,NA,NA,NA,NA,NA,NA,NA,NA,NA,NA,NA,NA,NA,"","","","","","","","","","","","","","7/2/2019 9:48","1","5/16/2019 5:59","","Return","","198","5/12/2019","770792",NA,NA,NA,NA,NA,NA,NA,NA,NA,NA,NA,NA,NA,NA,NA,NA,NA,NA,"",2019,"SMMP",19
"93472","1","265191328","NOCA","91","1","1","5","B","1","38.7","2019-05-23","10:30","SID","FRV","N1","","FALSE","","","FALSE","FALSE","","","MBO","300","","","SMMP2019","","","","","","","","","","","","","","","","","","","","",NA,NA,NA,NA,NA,NA,NA,NA,NA,NA,NA,NA,NA,NA,NA,NA,NA,NA,NA,NA,NA,"","","","","","","","","","","","","","7/2/2019 9:48","1","5/23/2019 15:34","","Banded","","","5/23/2019","771306",NA,NA,NA,NA,NA,NA,NA,NA,NA,NA,NA,NA,NA,NA,NA,NA,NA,NA,"",2019,"SMMP",21
"93500","1","265191330","NOCA","91","5","1","5","B","1","42.3","2019-05-24","06:30","LGC","SID","C1","","FALSE","","","FALSE","FALSE","","","MBO","300","","","SMMP2019","","","","","","","","","","","","","","","","","","","","",NA,NA,NA,NA,NA,NA,NA,NA,NA,NA,NA,NA,NA,NA,NA,NA,NA,NA,NA,NA,NA,"","","","","","","","","","","","","","7/2/2019 9:48","1","6/3/2019 11:37","","Banded","","","5/24/2019","772207",NA,NA,NA,NA,NA,NA,NA,NA,NA,NA,NA,NA,NA,NA,NA,NA,NA,NA,"",2019,"SMMP",21
"93790","1","265191334","NOCA","87","1","1","5","B","0","44.3","2019-05-25","07:40","SID","CLB","A2","","FALSE","","","FALSE","FALSE","","","MBO","300","","","SMMP2019","","","","","","","","","","","","","","","","","","","","",NA,NA,NA,NA,NA,NA,NA,NA,NA,NA,NA,NA,NA,NA,NA,NA,NA,NA,NA,NA,NA,"","","","","","","","","","","","","","7/2/2019 9:48","1","6/3/2019 11:38","","Banded","","","5/25/2019","772211",NA,NA,NA,NA,NA,NA,NA,NA,NA,NA,NA,NA,NA,NA,NA,NA,NA,NA,"",2019,"SMMP",21
"93814","1","265191335","NOCA","92","1","1","4","1","0","45.2","2019-05-25","08:20","ACH","KML","B3","","FALSE","","","FALSE","FALSE","","","MBO","300","","","SMMP2019","","","","","","","","","","","","","","","","","","","","",NA,NA,NA,NA,NA,NA,NA,NA,NA,NA,NA,NA,NA,NA,NA,NA,NA,NA,NA,NA,NA,"","","","","","","","","","","","","","7/2/2019 9:48","1","6/3/2019 11:38","","Banded","","","5/25/2019","772212",NA,NA,NA,NA,NA,NA,NA,NA,NA,NA,NA,NA,NA,NA,NA,NA,NA,NA,"",2019,"SMMP",21
"93933","R","242193989","NOCA","95","1","1","4","1","0","46.2","2019-05-26","10:00","GEG","GEG","E1","","FALSE","","","FALSE","FALSE","","","MBO","300","7","89","SMMP2019","","","","","","","","","","","","","","","","","","","","",NA,NA,NA,NA,NA,NA,NA,NA,NA,NA,NA,NA,NA,NA,NA,NA,NA,NA,NA,NA,NA,"","","","","","","","","","","","","","7/2/2019 9:48","1","6/4/2019 12:19","","Repeat","","14","5/26/2019","772343",NA,NA,NA,NA,NA,NA,NA,NA,NA,NA,NA,NA,NA,NA,NA,NA,NA,NA,"",2019,"SMMP",21
"93934","1","265191337","NOCA","93","1","1","5","B","0","44.5","2019-05-26","10:00","GEG","GEG","D2","","FALSE","","","FALSE","FALSE","","","MBO","300","","","SMMP2019","","","","","","","","","","","","","","","","","","","","",NA,NA,NA,NA,NA,NA,NA,NA,NA,NA,NA,NA,NA,NA,NA,NA,NA,NA,NA,NA,NA,"","","","","","","","","","","","","","7/2/2019 9:48","1","6/3/2019 11:38","","Banded","","","5/26/2019","772214",NA,NA,NA,NA,NA,NA,NA,NA,NA,NA,NA,NA,NA,NA,NA,NA,NA,NA,"",2019,"SMMP",21
"94471","1","265191344","NOCA","91","1","1","5","B","1","43.9","2019-06-01","05:20","SID","LYD","C1","","FALSE","","","FALSE","FALSE","","","MBO","300","","","SMMP2019","","","","","","","","","","","","","","","","","","","","",NA,NA,NA,NA,NA,NA,NA,NA,NA,NA,NA,NA,NA,NA,NA,NA,NA,NA,NA,NA,NA,"","","","","","","","","","","","","","7/2/2019 9:48","1","6/3/2019 11:39","","Banded","","","6/1/2019","772221",NA,NA,NA,NA,NA,NA,NA,NA,NA,NA,NA,NA,NA,NA,NA,NA,NA,NA,"",2019,"SMMP",22
"94557","R","265167089","NOCA","95","1","1","4","1","0","45","2019-06-07","08:40","KML","KML","M5","","FALSE","","","FALSE","FALSE","","","MBO","300","7","89","MAPS2019","","","","","","","","","","","","","","","","","","","","",NA,NA,NA,NA,NA,NA,NA,NA,NA,NA,NA,NA,NA,NA,NA,NA,NA,NA,NA,NA,NA,"","","","","","","","","","","","","","8/9/2019 8:09","1","8/8/2019 12:19","","Return","","202","6/7/2019","774127",NA,NA,NA,NA,NA,NA,NA,NA,NA,NA,NA,NA,NA,NA,NA,NA,NA,NA,"",2019,"MAPS",23
"94585","R","265167089","NOCA","95","1","1","4","C","1","45","2019-06-21","08:30","ACM","ACM","M2","","FALSE","","","FALSE","FALSE","","","MBO","300","7","89","MAPS2019","","","","","","","","","","","","","","","","","","","","",NA,NA,NA,NA,NA,NA,NA,NA,NA,NA,NA,NA,NA,NA,NA,NA,NA,NA,NA,NA,NA,"","","","","","","","","","","","","","8/9/2019 8:09","1","8/8/2019 12:19","","Repeat","","14","6/21/2019","774142",NA,NA,NA,NA,NA,NA,NA,NA,NA,NA,NA,NA,NA,NA,NA,NA,NA,NA,"",2019,"MAPS",25
"94586","1","265182525","NOCA","91","1","1","5","B","1","42","2019-06-21","08:30","ACM","ACM","M2","","FALSE","","","FALSE","FALSE","","","MBO","300","","","MAPS2019","","","","","","","","","","","","","","","","","","","","",NA,NA,NA,NA,NA,NA,NA,NA,NA,NA,NA,NA,NA,NA,NA,NA,NA,NA,NA,NA,NA,"","","","","","","","","","","","","","8/9/2019 8:09","1","8/8/2019 9:47","","Banded","","","6/21/2019","773716",NA,NA,NA,NA,NA,NA,NA,NA,NA,NA,NA,NA,NA,NA,NA,NA,NA,NA,"",2019,"MAPS",25
"94634","R","264117741","NOCA","92","1","1","5","B","0","41.8","2019-07-10","07:00","ACM","ACM","M2","","FALSE","","","FALSE","FALSE","","","MBO","300","7","89","MAPS2019","","","","","","","","","","","","","","","","","","","","",NA,NA,NA,NA,NA,NA,NA,NA,NA,NA,NA,NA,NA,NA,NA,NA,NA,NA,NA,NA,NA,"","","","","","","","","","","","","","8/9/2019 8:09","1","8/8/2019 12:19","","Return","","360","7/10/2019","774178",NA,NA,NA,NA,NA,NA,NA,NA,NA,NA,NA,NA,NA,NA,NA,NA,NA,NA,"",2019,"MAPS",28
"94690","R","264117915","NOCA","97","1","1","4","1","0","41.3","2019-07-30","07:40","ACM","ACM","M4","","FALSE","","","FALSE","FALSE","","","MBO","300","7","89","MAPS2019","","","","","","","","","","","","","","","","","","","","",NA,NA,NA,NA,NA,NA,NA,NA,NA,NA,NA,NA,NA,NA,NA,NA,NA,NA,NA,NA,NA,"","","","","","","","","","","","","","8/9/2019 8:09","1","8/8/2019 12:19","","Return","","1164","7/30/2019","774211",NA,NA,NA,NA,NA,NA,NA,NA,NA,NA,NA,NA,NA,NA,NA,NA,NA,NA,"",2019,"MAPS",31
"94722","R","265187903","NOCA","90","1","1","5","B","0","37.4","2019-08-01","08:10","GEG","PAB","B3","","FALSE","","","FALSE","FALSE","","","MBO","300","7","89","FMMP2019","","","","","","","","","","","","","","","","","","","","",NA,NA,NA,NA,NA,NA,NA,NA,NA,NA,NA,NA,NA,NA,NA,NA,NA,NA,NA,NA,NA,"","","","","","","","","","","","","","9/9/2019 15:23","1","8/9/2019 20:46","","Return","","351","8/1/2019","774704",NA,NA,NA,NA,NA,NA,NA,NA,NA,NA,NA,NA,NA,NA,NA,NA,NA,NA,"",2019,"FMMP",31
"94793","R","265187903","NOCA","90","1","1","5","B","0","36.7","2019-08-03","07:50","ACM","JKH","N1","","FALSE","","","FALSE","FALSE","","","MBO","300","7","89","FMMP2019","","","","","","","","","","","","","","","","","","","","",NA,NA,NA,NA,NA,NA,NA,NA,NA,NA,NA,NA,NA,NA,NA,NA,NA,NA,NA,NA,NA,"","","","","","","","","","","","","","9/9/2019 15:23","1","8/9/2019 20:46","","Repeat","","2","8/3/2019","774714",NA,NA,NA,NA,NA,NA,NA,NA,NA,NA,NA,NA,NA,NA,NA,NA,NA,NA,"",2019,"FMMP",31
"94827","1","265191367","NOCA","86","2","1","5","1","0","38.4","2019-08-04","08:40","ACM","JKH","A2","","FALSE","","","FALSE","FALSE","","","MBO","300","","","FMMP2019","","","","","","","","","","","","","","","","","","","","",NA,NA,NA,NA,NA,NA,NA,NA,NA,NA,NA,NA,NA,NA,NA,NA,NA,NA,NA,NA,NA,"","","","","","","","","","","","","","9/9/2019 15:23","1","8/9/2019 19:43","","Banded","","","8/4/2019","774639",NA,NA,NA,NA,NA,NA,NA,NA,NA,NA,NA,NA,NA,NA,NA,NA,NA,NA,"",2019,"FMMP",31
"94939","1","265191375","NOCA","85","2","1","0","1","0","37.2","2019-08-07","08:50","CAC","ALD","N3","","FALSE","","","FALSE","FALSE","","","MBO","300","","","FMMP2019","","","","","","","","","","","","","","","","","","","","",NA,NA,NA,NA,NA,NA,NA,NA,NA,NA,NA,NA,NA,NA,NA,NA,NA,NA,NA,NA,NA,"","","","","","","","","","","","","","9/9/2019 15:23","1","8/9/2019 19:44","","Banded","","","8/7/2019","774647",NA,NA,NA,NA,NA,NA,NA,NA,NA,NA,NA,NA,NA,NA,NA,NA,NA,NA,"",2019,"FMMP",32
"94969","1","265191377","NOCA","90","2","1","0","1","0","35.9","2019-08-08","06:50","ACM","JKH","N1","","FALSE","","","FALSE","FALSE","","","MBO","300","","","FMMP2019","","","","","","","","","","","","","","","","","","","","",NA,NA,NA,NA,NA,NA,NA,NA,NA,NA,NA,NA,NA,NA,NA,NA,NA,NA,NA,NA,NA,"","","","","","","","","","","","","","9/9/2019 15:23","1","8/9/2019 19:44","","Banded","","","8/8/2019","774649",NA,NA,NA,NA,NA,NA,NA,NA,NA,NA,NA,NA,NA,NA,NA,NA,NA,NA,"",2019,"FMMP",32
"95021","R","265167089","NOCA","93","1","1","4","1","0","44","2019-08-09","10:00","MPB","PBM","C1","","FALSE","","","FALSE","FALSE","","","MBO","300","7","89","FMMP2019","","","","","","","","","","","","","","","","","","","","",NA,NA,NA,NA,NA,NA,NA,NA,NA,NA,NA,NA,NA,NA,NA,NA,NA,NA,NA,NA,NA,"","","","","","","","","","","","","","9/9/2019 15:23","1","8/16/2019 9:31","","Repeat","","49","8/9/2019","775119",NA,NA,NA,NA,NA,NA,NA,NA,NA,NA,NA,NA,NA,NA,NA,NA,NA,NA,"",2019,"FMMP",32
"95022","R","265191367","NOCA","85","2","1","0","1","0","39.2","2019-08-09","10:00","MPB","PBM","C1","","FALSE","","","FALSE","FALSE","","","MBO","300","7","89","FMMP2019","","","","","","","","","","","","","","","","","","","","",NA,NA,NA,NA,NA,NA,NA,NA,NA,NA,NA,NA,NA,NA,NA,NA,NA,NA,NA,NA,NA,"","","","","","","","","","","","","","9/9/2019 15:23","1","8/16/2019 9:31","","Repeat","","5","8/9/2019","775118",NA,NA,NA,NA,NA,NA,NA,NA,NA,NA,NA,NA,NA,NA,NA,NA,NA,NA,"",2019,"FMMP",32
"95049","1","265191385","NOCA","89","2","1","0","1","0","42.2","2019-08-10","10:10","ACM","JKH","D2","","FALSE","","","FALSE","FALSE","","","MBO","300","","","FMMP2019","","","","","","","","","","","","","","","","","","","","",NA,NA,NA,NA,NA,NA,NA,NA,NA,NA,NA,NA,NA,NA,NA,NA,NA,NA,NA,NA,NA,"","","","","","","","","","","","","","9/9/2019 15:23","1","8/15/2019 10:24","","Banded","","","8/10/2019","775001",NA,NA,NA,NA,NA,NA,NA,NA,NA,NA,NA,NA,NA,NA,NA,NA,NA,NA,"",2019,"FMMP",32
"95089","1","265191388","NOCA","92","2","1","4","1","0","43.4","2019-08-12","06:40","GEG","PBM","H2","","FALSE","","","FALSE","FALSE","","","MBO","300","","","FMMP2019","","","","","","","","","","","","","","","","","","","","",NA,NA,NA,NA,NA,NA,NA,NA,NA,NA,NA,NA,NA,NA,NA,NA,NA,NA,NA,NA,NA,"","","","","","","","","","","","","","9/9/2019 15:23","1","8/15/2019 10:24","","Banded","","","8/12/2019","775004",NA,NA,NA,NA,NA,NA,NA,NA,NA,NA,NA,NA,NA,NA,NA,NA,NA,NA,"",2019,"FMMP",32
"95128","1","265191391","NOCA","88","2","1","4","1","0","49","2019-08-12","10:40","GEG","PBM","C1","","FALSE","","","FALSE","FALSE","","","MBO","300","","","FMMP2019","","","","","","","","","","","","","","","","","","","","",NA,NA,NA,NA,NA,NA,NA,NA,NA,NA,NA,NA,NA,NA,NA,NA,NA,NA,NA,NA,NA,"","","","","","","","","","","","","","9/9/2019 15:23","1","8/15/2019 10:25","","Banded","","","8/12/2019","775007",NA,NA,NA,NA,NA,NA,NA,NA,NA,NA,NA,NA,NA,NA,NA,NA,NA,NA,"",2019,"FMMP",32
"95193","R","265191367","NOCA","85","2","1","0","1","1","38.1","2019-08-14","06:20","PBM","ALD","D2","","FALSE","","","FALSE","FALSE","","","MBO","300","7","89","FMMP2019","","","","","","","","","","","","","","","","","","","","",NA,NA,NA,NA,NA,NA,NA,NA,NA,NA,NA,NA,NA,NA,NA,NA,NA,NA,NA,NA,NA,"","","","","","","","","","","","","","9/9/2019 15:23","1","8/15/2019 10:58","","Repeat","","5","8/14/2019","775099",NA,NA,NA,NA,NA,NA,NA,NA,NA,NA,NA,NA,NA,NA,NA,NA,NA,NA,"",2019,"FMMP",33
"95304","1","273116804","NOCA","86","2","1","4","1","0","45","2019-08-17","09:20","ALH","RDT","C2","","FALSE","","","FALSE","FALSE","","","MBO","300","","","FMMP2019","","","","","","","","","","","","","","","","","","","","",NA,NA,NA,NA,NA,NA,NA,NA,NA,NA,NA,NA,NA,NA,NA,NA,NA,NA,NA,NA,NA,"","","","","","","","","","","","","","9/9/2019 15:23","1","8/21/2019 11:26","","Banded","","","8/17/2019","775284",NA,NA,NA,NA,NA,NA,NA,NA,NA,NA,NA,NA,NA,NA,NA,NA,NA,NA,"",2019,"FMMP",33
"95315","R","265191377","NOCA","90","2","1","0","1","0","42.5","2019-08-17","09:40","SID","ALH","N3","","FALSE","","","FALSE","FALSE","","","MBO","300","7","89","FMMP2019","","","","","","","","","","","","","","","","","","","","",NA,NA,NA,NA,NA,NA,NA,NA,NA,NA,NA,NA,NA,NA,NA,NA,NA,NA,NA,NA,NA,"","","","","","","","","","","","","","9/9/2019 15:23","1","8/21/2019 11:59","","Repeat","","9","8/17/2019","775322",NA,NA,NA,NA,NA,NA,NA,NA,NA,NA,NA,NA,NA,NA,NA,NA,NA,NA,"",2019,"FMMP",33
"95320","1","273116806","NOCA","87","2","1","0","1","0","38.1","2019-08-17","09:50","ALH","ALH","H2","","FALSE","","","FALSE","FALSE","","","MBO","300","","","FMMP2019","","","","","","","","","","","","","","","","","","","","",NA,NA,NA,NA,NA,NA,NA,NA,NA,NA,NA,NA,NA,NA,NA,NA,NA,NA,NA,NA,NA,"","","","","","","","","","","","","","9/9/2019 15:23","1","8/21/2019 11:27","","Banded","","","8/17/2019","775286",NA,NA,NA,NA,NA,NA,NA,NA,NA,NA,NA,NA,NA,NA,NA,NA,NA,NA,"",2019,"FMMP",33
"95378","1","273116809","NOCA","88","2","1","0","1","0","41.6","2019-08-18","10:10","MPB","JKH","A2","","FALSE","","","FALSE","FALSE","","","MBO","300","","","FMMP2019","","","","","","","","","","","","","","","","","","","","",NA,NA,NA,NA,NA,NA,NA,NA,NA,NA,NA,NA,NA,NA,NA,NA,NA,NA,NA,NA,NA,"","","","","","","","","","","","","","9/9/2019 15:23","1","8/21/2019 11:27","","Banded","","","8/18/2019","775289",NA,NA,NA,NA,NA,NA,NA,NA,NA,NA,NA,NA,NA,NA,NA,NA,NA,NA,"",2019,"FMMP",33
"95430","R","265191377","NOCA","89","2","1","0","1","0","42.4","2019-08-20","07:50","ALH","FRV","B2","","FALSE","","","FALSE","FALSE","","","MBO","300","7","89","FMMP2019","","","","","","","","","","","","","","","","","","","","",NA,NA,NA,NA,NA,NA,NA,NA,NA,NA,NA,NA,NA,NA,NA,NA,NA,NA,NA,NA,NA,"","","","","","","","","","","","","","9/9/2019 15:23","1","8/21/2019 12:00","","Repeat","","3","8/20/2019","775348",NA,NA,NA,NA,NA,NA,NA,NA,NA,NA,NA,NA,NA,NA,NA,NA,NA,NA,"",2019,"FMMP",34
"95537","1","273116819","NOCA","86","2","1","0","1","0","39.7","2019-08-23","08:00","MPB","ALD","N1","","FALSE","","","FALSE","FALSE","","","MBO","300","","","FMMP2019","","","","","","","","","","","","","","","","","","","","",NA,NA,NA,NA,NA,NA,NA,NA,NA,NA,NA,NA,NA,NA,NA,NA,NA,NA,NA,NA,NA,"","","","","","","","","","","","","","9/9/2019 15:23","1","8/28/2019 21:21","","Banded","","","8/23/2019","775518",NA,NA,NA,NA,NA,NA,NA,NA,NA,NA,NA,NA,NA,NA,NA,NA,NA,NA,"",2019,"FMMP",34
"95544","1","273116821","NOCA","90","2","1","4","1","0","43","2019-08-23","09:00","SID","ALD","D2","","FALSE","","","FALSE","FALSE","","","MBO","300","","","FMMP2019","","","","","","","","","","","","","","","","","","","","",NA,NA,NA,NA,NA,NA,NA,NA,NA,NA,NA,NA,NA,NA,NA,NA,NA,NA,NA,NA,NA,"","","","","","","","","","","","","","9/9/2019 15:23","1","8/28/2019 21:22","","Banded","","","8/23/2019","775520",NA,NA,NA,NA,NA,NA,NA,NA,NA,NA,NA,NA,NA,NA,NA,NA,NA,NA,"",2019,"FMMP",34
"95569","1","273116823","NOCA","85","2","1","5","1","0","35.3","2019-08-24","07:00","SID","JKH","E1","","FALSE","","","FALSE","FALSE","","","MBO","300","","","FMMP2019","","","","","","","","","","","","","","","","","","","","",NA,NA,NA,NA,NA,NA,NA,NA,NA,NA,NA,NA,NA,NA,NA,NA,NA,NA,NA,NA,NA,"","","","","","","","","","","","","","9/9/2019 15:23","1","8/28/2019 21:22","","Banded","","","8/24/2019","775522",NA,NA,NA,NA,NA,NA,NA,NA,NA,NA,NA,NA,NA,NA,NA,NA,NA,NA,"",2019,"FMMP",34
"95580","R","273116809","NOCA","87","2","1","0","1","0","38.9","2019-08-24","08:00","SID","JKH","A2","","FALSE","","","FALSE","FALSE","","","MBO","300","7","89","FMMP2019","","","","","","","","","","","","","","","","","","","","",NA,NA,NA,NA,NA,NA,NA,NA,NA,NA,NA,NA,NA,NA,NA,NA,NA,NA,NA,NA,NA,"","","","","","","","","","","","","","9/9/2019 15:23","1","8/28/2019 21:47","","Repeat","","6","8/24/2019","775558",NA,NA,NA,NA,NA,NA,NA,NA,NA,NA,NA,NA,NA,NA,NA,NA,NA,NA,"",2019,"FMMP",34
"95596","1","273116827","NOCA","87","2","1","0","1","0","39.2","2019-08-24","10:20","SID","SID","D2","","FALSE","","","FALSE","FALSE","","","MBO","300","","","FMMP2019","","","","","","","","","","","","","","","","","","","","",NA,NA,NA,NA,NA,NA,NA,NA,NA,NA,NA,NA,NA,NA,NA,NA,NA,NA,NA,NA,NA,"","","","","","","","","","","","","","9/9/2019 15:23","1","8/28/2019 21:23","","Banded","","","8/24/2019","775526",NA,NA,NA,NA,NA,NA,NA,NA,NA,NA,NA,NA,NA,NA,NA,NA,NA,NA,"",2019,"FMMP",34
"95639","R","265191377","NOCA","91","2","1","4","1","0","39.8","2019-08-26","06:30","GEG","ALD","H1","","FALSE","","","TRUE","FALSE","","","MBO","300","7","89","FMMP2019","","","","","","","","","","","","","","","","","","","","",NA,NA,NA,NA,NA,NA,NA,NA,NA,NA,NA,NA,NA,NA,NA,NA,NA,NA,NA,NA,NA,"","","","","","","","","","","","","","9/9/2019 15:23","1","8/28/2019 21:47","","Repeat","","6","8/26/2019","775565",NA,NA,NA,NA,NA,NA,NA,NA,NA,NA,NA,NA,NA,NA,NA,NA,NA,NA,"",2019,"FMMP",34
"95652","R","273116809","NOCA","87","2","1","4","1","0","42.5","2019-08-26","08:20","GEG","ACM","B3","","FALSE","","","TRUE","FALSE","","","MBO","300","7","89","FMMP2019","","","","","","","","","","","","","","","","","","","","",NA,NA,NA,NA,NA,NA,NA,NA,NA,NA,NA,NA,NA,NA,NA,NA,NA,NA,NA,NA,NA,"","","","","","","","","","","","","","9/9/2019 15:23","1","8/28/2019 21:47","","Repeat","","2","8/26/2019","775572",NA,NA,NA,NA,NA,NA,NA,NA,NA,NA,NA,NA,NA,NA,NA,NA,NA,NA,"",2019,"FMMP",34
"95728","R","265191388","NOCA","90","2","1","4","1","0","42.6","2019-08-29","08:00","MPB","GEG","H2","","FALSE","","","FALSE","FALSE","","","MBO","300","7","89","FMMP2019","","","","","","","","","","","","","","","","","","","","",NA,NA,NA,NA,NA,NA,NA,NA,NA,NA,NA,NA,NA,NA,NA,NA,NA,NA,NA,NA,NA,"","","","","","","","","","","","","","9/9/2019 15:23","1","9/3/2019 10:49","","Repeat","","17","8/29/2019","775710",NA,NA,NA,NA,NA,NA,NA,NA,NA,NA,NA,NA,NA,NA,NA,NA,NA,NA,"",2019,"FMMP",35
"95751","R","265191388","NOCA","91","2","1","4","1","0","41.8","2019-08-30","09:40","SID","JKH","E2","","FALSE","","","FALSE","FALSE","","","MBO","300","7","89","FMMP2019","","","","","","","","","","","","","","","","","","","","",NA,NA,NA,NA,NA,NA,NA,NA,NA,NA,NA,NA,NA,NA,NA,NA,NA,NA,NA,NA,NA,"","","","","","","","","","","","","","9/9/2019 15:23","1","9/3/2019 10:49","","Repeat","","1","8/30/2019","775719",NA,NA,NA,NA,NA,NA,NA,NA,NA,NA,NA,NA,NA,NA,NA,NA,NA,NA,"",2019,"FMMP",35
"95815","R","273116809","NOCA","85","2","1","4","1","0","41.1","2019-09-01","08:00","ALH","MAP","A2","","FALSE","","","FALSE","FALSE","","","MBO","300","7","89","FMMP2019","","","","","","","","","","","","","","","","","","","","",NA,NA,NA,NA,NA,NA,NA,NA,NA,NA,NA,NA,NA,NA,NA,NA,NA,NA,NA,NA,NA,"","","","","","","","","","","","","","9/9/2019 15:23","1","9/3/2019 10:49","9/18/2019 11:06","Repeat","","6","9/1/2019","775730",NA,NA,NA,NA,NA,NA,NA,NA,NA,NA,NA,NA,NA,NA,NA,NA,NA,NA,"",2019,"FMMP",35
"95928","R","265191391","NOCA","87","2","1","4","1","1","49.1","2019-09-06","06:40","PBM","PAS","B3","","FALSE","","","FALSE","FALSE","","","MBO","300","7","89","FMMP2019","","","","","","","","","","","","","","","","","","","","",NA,NA,NA,NA,NA,NA,NA,NA,NA,NA,NA,NA,NA,NA,NA,NA,NA,NA,NA,NA,NA,"","","","","","","","","","","","","","11/29/2019 13:08","1","9/10/2019 11:21","","Repeat","","25","9/6/2019","776074",NA,NA,NA,NA,NA,NA,NA,NA,NA,NA,NA,NA,NA,NA,NA,NA,NA,NA,"",2019,"FMMP",36
"95929","R","273116804","NOCA","88","2","1","4","1","0","44.4","2019-09-06","06:40","PBM","PAS","B3","","FALSE","","","FALSE","FALSE","","","MBO","300","7","89","FMMP2019","","","","","","","","","","","","","","","","","","","","",NA,NA,NA,NA,NA,NA,NA,NA,NA,NA,NA,NA,NA,NA,NA,NA,NA,NA,NA,NA,NA,"","","","","","","","","","","","","","1/14/2020 16:08","1","9/10/2019 11:21","","Repeat","","20","9/6/2019","776073",NA,NA,NA,NA,NA,NA,NA,NA,NA,NA,NA,NA,NA,NA,NA,NA,NA,NA,"",2019,"FMMP",36
"95962","1","273116835","NOCA","87","2","1","0","1","0","38","2019-09-07","06:40","SID","ABE","A2","","FALSE","","","FALSE","FALSE","","","MBO","300","","","FMMP2019","","","","","","","","","","","","","","","","","","","","",NA,NA,NA,NA,NA,NA,NA,NA,NA,NA,NA,NA,NA,NA,NA,NA,NA,NA,NA,NA,NA,"","","","","","","","","","","","","","9/10/2019 11:02","1","9/10/2019 10:26","","Banded","","","9/7/2019","776015",NA,NA,NA,NA,NA,NA,NA,NA,NA,NA,NA,NA,NA,NA,NA,NA,NA,NA,"",2019,"FMMP",36
"96052","R","265191388","NOCA","94","2","1","4","1","0","42.4","2019-09-08","08:30","ACM","KAC","N1","","FALSE","","","FALSE","FALSE","","","MBO","300","7","89","FMMP2019","","","","","","","","","","","","","","","","","","","","",NA,NA,NA,NA,NA,NA,NA,NA,NA,NA,NA,NA,NA,NA,NA,NA,NA,NA,NA,NA,NA,"","","","","","","","","","","","","","11/29/2019 13:08","1","9/10/2019 11:21","","Repeat","","9","9/8/2019","776089",NA,NA,NA,NA,NA,NA,NA,NA,NA,NA,NA,NA,NA,NA,NA,NA,NA,NA,"",2019,"FMMP",36
"96255","R","265191367","NOCA","84","2","1","5","1","0","43.5","2019-09-14","10:30","LGC","LGC","D2","","FALSE","","","FALSE","FALSE","","","MBO","300","7","89","FMMP2019","","","","","","","","","","","","","","","","","","","","",NA,NA,NA,NA,NA,NA,NA,NA,NA,NA,NA,NA,NA,NA,NA,NA,NA,NA,NA,NA,NA,"","","","","","","","","","","","","","11/29/2019 13:08","1","9/18/2019 11:07","","Repeat","","31","9/14/2019","776165",NA,NA,NA,NA,NA,NA,NA,NA,NA,NA,NA,NA,NA,NA,NA,NA,NA,NA,"",2019,"FMMP",37
"96274","1","273116844","NOCA","90","2","1","4","1","0","45.7","2019-09-15","08:30","GEG","KAC","A2","","FALSE","","","FALSE","FALSE","","","MBO","300","","","FMMP2019","","","","","","","","","","","","","","","","","","","","",NA,NA,NA,NA,NA,NA,NA,NA,NA,NA,NA,NA,NA,NA,NA,NA,NA,NA,NA,NA,NA,"","","","","","","","","","","","","","11/29/2019 13:08","1","9/18/2019 10:57","","Banded","","","9/15/2019","776279",NA,NA,NA,NA,NA,NA,NA,NA,NA,NA,NA,NA,NA,NA,NA,NA,NA,NA,"",2019,"FMMP",37
"96321","R","265191388","NOCA","90","2","1","0","1","0","42.2","2019-09-17","07:40","ALH","ACM","D2","","FALSE","","","FALSE","FALSE","","","MBO","300","7","89","FMMP2019","","","","","","","","","","","","","","","","","","","","",NA,NA,NA,NA,NA,NA,NA,NA,NA,NA,NA,NA,NA,NA,NA,NA,NA,NA,NA,NA,NA,"","","","","","","","","","","","","","11/29/2019 13:08","1","9/18/2019 11:07","","Repeat","","9","9/17/2019","776176",NA,NA,NA,NA,NA,NA,NA,NA,NA,NA,NA,NA,NA,NA,NA,NA,NA,NA,"",2019,"FMMP",38
"96353","R","273116809","NOCA","88","2","1","4","1","0","41.6","2019-09-18","09:30","ACM","PAB","E2","","FALSE","","","TRUE","FALSE","","","MBO","300","7","89","FMMP2019","","","","","","","","","","","","","","","","","","","","",NA,NA,NA,NA,NA,NA,NA,NA,NA,NA,NA,NA,NA,NA,NA,NA,NA,NA,NA,NA,NA,"","","","","","","","","","","","","","11/29/2019 13:08","1","9/18/2019 11:07","","Repeat","","17","9/18/2019","776183",NA,NA,NA,NA,NA,NA,NA,NA,NA,NA,NA,NA,NA,NA,NA,NA,NA,NA,"",2019,"FMMP",38
"96433","R","265191377","NOCA","90","2","1","4","1","0","42.7","2019-09-20","09:20","ACM","MDU","A2","","FALSE","","","TRUE","FALSE","","","MBO","300","7","89","FMMP2019","","","","","","","","","","","","","","","","","","","","",NA,NA,NA,NA,NA,NA,NA,NA,NA,NA,NA,NA,NA,NA,NA,NA,NA,NA,NA,NA,NA,"","","","","","","","","","","","","","11/29/2019 13:08","1","9/24/2019 17:33","","Repeat","","25","9/20/2019","776568",NA,NA,NA,NA,NA,NA,NA,NA,NA,NA,NA,NA,NA,NA,NA,NA,NA,NA,"",2019,"FMMP",38
"96686","1","273116855","NOCA","85","2","1","5","1","0","42","2019-09-25","09:10","SID","PAB","A2","","FALSE","","","FALSE","FALSE","","","MBO","300","","","FMMP2019","","","","","","","","","","","","","","","","","","","","",NA,NA,NA,NA,NA,NA,NA,NA,NA,NA,NA,NA,NA,NA,NA,NA,NA,NA,NA,NA,NA,"","","","","","","","","","","","","","11/29/2019 13:08","1","10/1/2019 8:47","","Banded","","","9/25/2019","776769",NA,NA,NA,NA,NA,NA,NA,NA,NA,NA,NA,NA,NA,NA,NA,NA,NA,NA,"",2019,"FMMP",39
"96824","R","265191377","NOCA","91","2","1","4","1","0","42.5","2019-09-29","10:20","GEG","KAC","C2","","FALSE","","","TRUE","FALSE","","","MBO","300","7","89","FMMP2019","","","","","","","","","","","","","","","","","","","","",NA,NA,NA,NA,NA,NA,NA,NA,NA,NA,NA,NA,NA,NA,NA,NA,NA,NA,NA,NA,NA,"","","","","","","","","","","","","","11/29/2019 13:08","1","10/1/2019 9:18","","Repeat","","9","9/29/2019","776798",NA,NA,NA,NA,NA,NA,NA,NA,NA,NA,NA,NA,NA,NA,NA,NA,NA,NA,"",2019,"FMMP",39
"96939","1","273116866","NOCA","88","2","1","5","1","0","42.8","2019-10-02","10:20","SID","PAB","C1","","FALSE","","","FALSE","FALSE","","","MBO","300","","","FMMP2019","","","","","","","","","","","","","","","","","","","","",NA,NA,NA,NA,NA,NA,NA,NA,NA,NA,NA,NA,NA,NA,NA,NA,NA,NA,NA,NA,NA,"","","","","","","","","","","","","","11/29/2019 13:08","1","10/7/2019 10:24","","Banded","","","10/2/2019","777079",NA,NA,NA,NA,NA,NA,NA,NA,NA,NA,NA,NA,NA,NA,NA,NA,NA,NA,"",2019,"FMMP",40
"97068","R","265191391","NOCA","91","2","1","4","1","0","50.3","2019-10-04","11:10","SID","PAB","D3","","FALSE","","","FALSE","FALSE","","","MBO","300","7","89","FMMP2019","","","","","","","","","","","","","","","","","","","","",NA,NA,NA,NA,NA,NA,NA,NA,NA,NA,NA,NA,NA,NA,NA,NA,NA,NA,NA,NA,NA,"","","","","","","","","","","","","","11/29/2019 13:08","1","10/7/2019 12:18","","Repeat","","28","10/4/2019","777181",NA,NA,NA,NA,NA,NA,NA,NA,NA,NA,NA,NA,NA,NA,NA,NA,NA,NA,"",2019,"FMMP",40
"97149","1","273116867","NOCA","84","2","1","5","1","0","38.2","2019-10-06","09:30","MFG","GEG","E2","","FALSE","","","FALSE","FALSE","","","MBO","300","","","FMMP2019","","","","","","","","","","","","","","","","","","","","",NA,NA,NA,NA,NA,NA,NA,NA,NA,NA,NA,NA,NA,NA,NA,NA,NA,NA,NA,NA,NA,"","","","","","","","","","","","","","11/29/2019 13:08","1","10/10/2019 15:29","10/17/2019 9:14","Banded","","","10/6/2019","777296",NA,NA,NA,NA,NA,NA,NA,NA,NA,NA,NA,NA,NA,NA,NA,NA,NA,NA,"",2019,"FMMP",40
"97269","R","256132371","NOCA","87","1","1","5","1","0","43.6","2019-10-09","08:30","SID","PAB","H2","","FALSE","","","FALSE","FALSE","","","MBO","300","7","89","FMMP2019","","","","","","","","","","","","","","","","","","","","",NA,NA,NA,NA,NA,NA,NA,NA,NA,NA,NA,NA,NA,NA,NA,NA,NA,NA,NA,NA,NA,"","","","","","","","","","","","","","11/29/2019 13:08","1","10/10/2019 15:55","","Return","","426","10/9/2019","777333",NA,NA,NA,NA,NA,NA,NA,NA,NA,NA,NA,NA,NA,NA,NA,NA,NA,NA,"",2019,"FMMP",41
"97358","1","273116868","NOCA","87","0","1","5","1","0","42.2","2019-10-10","10:00","ALH","SID","H2","","FALSE","","","FALSE","FALSE","","","MBO","300","","","FMMP2019","","","","","","","","","","","","","","","","","","","","",NA,NA,NA,NA,NA,NA,NA,NA,NA,NA,NA,NA,NA,NA,NA,NA,NA,NA,NA,NA,NA,"","","","","","","","","","","","","","11/29/2019 13:08","1","10/10/2019 15:29","","Banded","","","10/10/2019","777297",NA,NA,NA,NA,NA,NA,NA,NA,NA,NA,NA,NA,NA,NA,NA,NA,NA,NA,"",2019,"FMMP",41
"97399","R","273116867","NOCA","83","2","1","5","1","2","39.7","2019-10-11","09:10","CAC","MDU","C1","","FALSE","","","FALSE","FALSE","","","MBO","300","7","89","FMMP2019","","","","","","","","","","","","","","","","","","","","",NA,NA,NA,NA,NA,NA,NA,NA,NA,NA,NA,NA,NA,NA,NA,NA,NA,NA,NA,NA,NA,"","","","","","","","","","","","","","11/29/2019 13:08","1","10/17/2019 9:53","","Repeat","","5","10/11/2019","777762",NA,NA,NA,NA,NA,NA,NA,NA,NA,NA,NA,NA,NA,NA,NA,NA,NA,NA,"",2019,"FMMP",41
"97422","R","273116867","NOCA","85","2","1","5","1","0","39.2","2019-10-12","07:30","KML","IEM","N1","","FALSE","","","FALSE","FALSE","","","MBO","300","7","89","FMMP2019","","","","","","","","","","","","","","","","","","","","",NA,NA,NA,NA,NA,NA,NA,NA,NA,NA,NA,NA,NA,NA,NA,NA,NA,NA,NA,NA,NA,"","","","","","","","","","","","","","11/29/2019 13:08","1","10/17/2019 9:53","","Repeat","","1","10/12/2019","777765",NA,NA,NA,NA,NA,NA,NA,NA,NA,NA,NA,NA,NA,NA,NA,NA,NA,NA,"",2019,"FMMP",41
"97472","1","273116870","NOCA","87","2","1","4","1","0","47.4","2019-10-12","12:00","PBM","JKS","E2","","FALSE","","","FALSE","FALSE","","","MBO","300","","","FMMP2019","","","","","","","","","","","","","","","","","","","","",NA,NA,NA,NA,NA,NA,NA,NA,NA,NA,NA,NA,NA,NA,NA,NA,NA,NA,NA,NA,NA,"","","","","","","","","","","","","","11/29/2019 13:08","1","10/17/2019 8:59","","Banded","","","10/12/2019","777748",NA,NA,NA,NA,NA,NA,NA,NA,NA,NA,NA,NA,NA,NA,NA,NA,NA,NA,"",2019,"FMMP",41
"97540","1","273116872","NOCA","83","2","1","5","1","0","41.1","2019-10-14","08:40","PBM","PAB","A1","","FALSE","","","FALSE","FALSE","","","MBO","300","","","FMMP2019","","","","","","","","","","","","","","","","","","","","",NA,NA,NA,NA,NA,NA,NA,NA,NA,NA,NA,NA,NA,NA,NA,NA,NA,NA,NA,NA,NA,"","","","","","","","","","","","","","11/29/2019 13:08","1","10/17/2019 8:59","","Banded","","","10/14/2019","777750",NA,NA,NA,NA,NA,NA,NA,NA,NA,NA,NA,NA,NA,NA,NA,NA,NA,NA,"",2019,"FMMP",41
"97775","1","273116873","NOCA","91","2","S","4","1","0","39.6","2019-10-19","08:10","KML","KML","C1","","FALSE","","","FALSE","FALSE","","","MBO","300","","","FMMP2019","","","","","","","","","","","","","","","","","","","","",NA,NA,NA,NA,NA,NA,NA,NA,NA,NA,NA,NA,NA,NA,NA,NA,NA,NA,NA,NA,NA,"","","","","","","","","","","","","","11/29/2019 13:08","1","10/28/2019 11:24","","Banded","","","10/19/2019","778085",NA,NA,NA,NA,NA,NA,NA,NA,NA,NA,NA,NA,NA,NA,NA,NA,NA,NA,"",2019,"FMMP",42
"97830","1","273116875","NOCA","87","2","1","0","1","1","41.7","2019-10-20","08:20","KHE","MFG","C1","","FALSE","","","FALSE","FALSE","","","MBO","300","","","FMMP2019","","","","","","","","","","","","","","","","","","","","",NA,NA,NA,NA,NA,NA,NA,NA,NA,NA,NA,NA,NA,NA,NA,NA,NA,NA,NA,NA,NA,"","","","","","","","","","","","","","11/29/2019 13:08","1","10/28/2019 11:25","","Banded","","","10/20/2019","778087",NA,NA,NA,NA,NA,NA,NA,NA,NA,NA,NA,NA,NA,NA,NA,NA,NA,NA,"",2019,"FMMP",42
"97835","R","273116804","NOCA","90","0","1","4","1","1","47.1","2019-10-20","08:50","KHE","KAC","B3","","FALSE","","","TRUE","FALSE","","","MBO","300","7","89","FMMP2019","","","","","","","","","","","","","","","","","","","","",NA,NA,NA,NA,NA,NA,NA,NA,NA,NA,NA,NA,NA,NA,NA,NA,NA,NA,NA,NA,NA,"","","","","","","","","","","","","","11/29/2019 13:08","1","10/30/2019 11:37","1/8/2020 9:30","Repeat","","44","10/20/2019","778217",NA,NA,NA,NA,NA,NA,NA,NA,NA,NA,NA,NA,NA,NA,NA,NA,NA,NA,"",2019,"FMMP",42
"97844","R","273116819","NOCA","90","2","1","5","1","0","42.4","2019-10-20","10:10","GEG","KAC","B2","","FALSE","","","TRUE","FALSE","","","MBO","300","7","89","FMMP2019","","","","","","","","","","","","","","","","","","","","",NA,NA,NA,NA,NA,NA,NA,NA,NA,NA,NA,NA,NA,NA,NA,NA,NA,NA,NA,NA,NA,"","","","","","","","","","","","","","11/29/2019 13:08","1","10/30/2019 11:37","","Repeat","","58","10/20/2019","778218",NA,NA,NA,NA,NA,NA,NA,NA,NA,NA,NA,NA,NA,NA,NA,NA,NA,NA,"",2019,"FMMP",42
"97848","R","273116855","NOCA","88","2","1","5","1","0","43.2","2019-10-20","10:40","GEG","MFG","C1","","FALSE","","","FALSE","FALSE","","","MBO","300","7","89","FMMP2019","","","","","","","","","","","","","","","","","","","","",NA,NA,NA,NA,NA,NA,NA,NA,NA,NA,NA,NA,NA,NA,NA,NA,NA,NA,NA,NA,NA,"","","","","","","","","","","","","","11/29/2019 13:08","1","10/30/2019 11:37","","Repeat","","25","10/20/2019","778219",NA,NA,NA,NA,NA,NA,NA,NA,NA,NA,NA,NA,NA,NA,NA,NA,NA,NA,"",2019,"FMMP",42
"97890","1","273116877","NOCA","85","2","1","4","1","0","43.2","2019-10-21","08:10","PBM","FM","A2","","FALSE","","","FALSE","FALSE","","","MBO","300","","","FMMP2019","","","","","","","","","","","","","","","","","","","","",NA,NA,NA,NA,NA,NA,NA,NA,NA,NA,NA,NA,NA,NA,NA,NA,NA,NA,NA,NA,NA,"","","","","","","","","","","","","","11/29/2019 13:08","1","10/28/2019 11:25","","Banded","","","10/21/2019","778089",NA,NA,NA,NA,NA,NA,NA,NA,NA,NA,NA,NA,NA,NA,NA,NA,NA,NA,"",2019,"FMMP",42
"97891","1","273116878","NOCA","95","2","1","5","1","0","46.6","2019-10-21","08:10","PBM","FM","A2","","FALSE","","","FALSE","FALSE","","","MBO","300","","","FMMP2019","","","","","","","","","","","","","","","","","","","","",NA,NA,NA,NA,NA,NA,NA,NA,NA,NA,NA,NA,NA,NA,NA,NA,NA,NA,NA,NA,NA,"","","","","","","","","","","","","","11/29/2019 13:08","1","10/28/2019 11:25","","Banded","","","10/21/2019","778090",NA,NA,NA,NA,NA,NA,NA,NA,NA,NA,NA,NA,NA,NA,NA,NA,NA,NA,"",2019,"FMMP",42
"98026","1","273116882","NOCA","93","0","1","4","1","0","43.5","2019-10-24","12:00","SID","JBA","C2","","FALSE","","","FALSE","FALSE","","","MBO","300","","","FMMP2019","","","","","","","","","","","","","","","","","","","","",NA,NA,NA,NA,NA,NA,NA,NA,NA,NA,NA,NA,NA,NA,NA,NA,NA,NA,NA,NA,NA,"","","","","","","","","","","","","","11/29/2019 13:08","1","10/28/2019 11:26","","Banded","","","10/24/2019","778094",NA,NA,NA,NA,NA,NA,NA,NA,NA,NA,NA,NA,NA,NA,NA,NA,NA,NA,"",2019,"FMMP",43
"98128","1","273116885","NOCA","89","2","S","5","1","0","41.5","2019-10-26","09:50","KML","MIG","B3","","FALSE","","","FALSE","FALSE","","","MBO","300","","","FMMP2019","","","","","","","","","","","","","","","","","","","","",NA,NA,NA,NA,NA,NA,NA,NA,NA,NA,NA,NA,NA,NA,NA,NA,NA,NA,NA,NA,NA,"","","","","","","","","","","","","","11/29/2019 13:08","1","10/28/2019 11:26","","Banded","","","10/26/2019","778097",NA,NA,NA,NA,NA,NA,NA,NA,NA,NA,NA,NA,NA,NA,NA,NA,NA,NA,"",2019,"FMMP",43
"98129","R","265167089","NOCA","92","0","1","4","1","0","47.4","2019-10-26","10:30","MIG","KML","E2","","FALSE","","","FALSE","FALSE","","","MBO","300","7","89","FMMP2019","","","","","","","","","","","","","","","","","","","","",NA,NA,NA,NA,NA,NA,NA,NA,NA,NA,NA,NA,NA,NA,NA,NA,NA,NA,NA,NA,NA,"","","","","","","","","","","","","","11/29/2019 13:08","1","10/30/2019 11:37","","Repeat","","78","10/26/2019","778261",NA,NA,NA,NA,NA,NA,NA,NA,NA,NA,NA,NA,NA,NA,NA,NA,NA,NA,"",2019,"FMMP",43
"98147","1","273116886","NOCA","91","2","1","4","1","0","44.2","2019-10-28","08:10","MPB","GEG","C2","","FALSE","","","FALSE","FALSE","","","MBO","300","","","FMMP2019","","","","","","","","","","","","","","","","","","","","",NA,NA,NA,NA,NA,NA,NA,NA,NA,NA,NA,NA,NA,NA,NA,NA,NA,NA,NA,NA,NA,"","","","","","","","","","","","","","11/29/2019 13:08","1","2019-10-30 10:32:20 0032","","Banded","","","10/28/2019","778172",NA,NA,NA,NA,NA,NA,NA,NA,NA,NA,NA,NA,NA,NA,NA,NA,NA,NA,"",2019,"FMMP",43
"98187","1","273116889","NOCA","89","2","1","5","1","0","43.6","2019-10-29","07:50","ALH","JKS","A2","","FALSE","","","FALSE","FALSE","","","MBO","300","","","FMMP2019","","","","","","","","","","","","","","","","","","","","",NA,NA,NA,NA,NA,NA,NA,NA,NA,NA,NA,NA,NA,NA,NA,NA,NA,NA,NA,NA,NA,"","","","","","","","","","","","","","11/29/2019 13:08","1","2019-10-30 10:32:58 0035","","Banded","","","10/29/2019","778175",NA,NA,NA,NA,NA,NA,NA,NA,NA,NA,NA,NA,NA,NA,NA,NA,NA,NA,"",2019,"FMMP",44
"98199","1","273116890","NOCA","89","2","1","5","1","0","41.5","2019-10-29","09:20","ALH","SID","D2","","FALSE","","","FALSE","FALSE","","","MBO","300","","","FMMP2019","","","","","","","","","","","","","","","","","","","","",NA,NA,NA,NA,NA,NA,NA,NA,NA,NA,NA,NA,NA,NA,NA,NA,NA,NA,NA,NA,NA,"","","","","","","","","","","","","","11/29/2019 13:08","1","2019-10-30 10:33:17 0036","","Banded","","","10/29/2019","778176",NA,NA,NA,NA,NA,NA,NA,NA,NA,NA,NA,NA,NA,NA,NA,NA,NA,NA,"",2019,"FMMP",44
"98223","R","273116835","NOCA","91","2","S","5","1","0","42.7","2019-10-30","09:30","KML","ALD","C2","","FALSE","","","TRUE","FALSE","","","MBO","300","7","89","FMMP2019","","","","","","","","","","","","","","","","","","","","",NA,NA,NA,NA,NA,NA,NA,NA,NA,NA,NA,NA,NA,NA,NA,NA,NA,NA,NA,NA,NA,"","","","","","","","","","","","","","11/29/2019 13:08","1","10/30/2019 11:37","","Repeat","","53","10/30/2019","778288",NA,NA,NA,NA,NA,NA,NA,NA,NA,NA,NA,NA,NA,NA,NA,NA,NA,NA,"",2019,"FMMP",44
"98224","1","273116892","NOCA","92","2","S","5","1","0","43.3","2019-10-30","09:30","KML","ALD","C1","","FALSE","","","FALSE","FALSE","","","MBO","300","","","FMMP2019","","","","","","","","","","","","","","","","","","","","",NA,NA,NA,NA,NA,NA,NA,NA,NA,NA,NA,NA,NA,NA,NA,NA,NA,NA,NA,NA,NA,"","","","","","","","","","","","","","11/29/2019 13:08","1","2019-10-30 10:33:33 0038","","Banded","","","10/30/2019","778178",NA,NA,NA,NA,NA,NA,NA,NA,NA,NA,NA,NA,NA,NA,NA,NA,NA,NA,"",2019,"FMMP",44
"98232","1","273116893","NOCA","90","2","1","4","1","0","44.5","2019-10-30","11:20","KML","ALD","A2","","FALSE","","","FALSE","FALSE","","","MBO","300","","","FMMP2019","","","","","","","","","","","","","","","","","","","","",NA,NA,NA,NA,NA,NA,NA,NA,NA,NA,NA,NA,NA,NA,NA,NA,NA,NA,NA,NA,NA,"","","","","","","","","","","","","","11/29/2019 13:08","1","10/31/2019 8:05","","Banded","","","10/30/2019","778302",NA,NA,NA,NA,NA,NA,NA,NA,NA,NA,NA,NA,NA,NA,NA,NA,NA,NA,"",2019,"FMMP",44
"98248","1","273116894","NOCA","89","2","1","5","1","0","43.8","2019-10-31","11:30","SID","NVL","C1","","FALSE","","","FALSE","FALSE","","","MBO","300","","","FMMP2019","","","","","","","","","","","","","","","","","","","","",NA,NA,NA,NA,NA,NA,NA,NA,NA,NA,NA,NA,NA,NA,NA,NA,NA,NA,NA,NA,NA,"","","","","","","","","","","","","","11/29/2019 13:08","1","11/5/2019 6:47","","Banded","","","10/31/2019","778358",NA,NA,NA,NA,NA,NA,NA,NA,NA,NA,NA,NA,NA,NA,NA,NA,NA,NA,"",2019,"FMMP",44
"98260","1","273116895","NOCA","91","0","1","5","1","0","46.8","2019-11-02","08:10","LGC","KML","C2","","FALSE","","","FALSE","FALSE","","","MBO","300","","","FMMP2019","","","","","","","","","","","","","","","","","","","","",NA,NA,NA,NA,NA,NA,NA,NA,NA,NA,NA,NA,NA,NA,NA,NA,NA,NA,NA,NA,NA,"","","","","","","","","","","","","","11/29/2019 13:08","1","11/5/2019 6:48","","Banded","","","11/2/2019","778359",NA,NA,NA,NA,NA,NA,NA,NA,NA,NA,NA,NA,NA,NA,NA,NA,NA,NA,"",2019,"FMMP",44
"98303","1","273116897","NOCA","85","2","1","5","1","0","40.4","2019-11-03","07:20","ALH","STD","C2","","FALSE","","","FALSE","FALSE","","","MBO","300","","","FMMP2019","","","","","","","","","","","","","","","","","","","","",NA,NA,NA,NA,NA,NA,NA,NA,NA,NA,NA,NA,NA,NA,NA,NA,NA,NA,NA,NA,NA,"","","","","","","","","","","","","","11/29/2019 13:08","1","11/5/2019 6:48","","Banded","","","11/3/2019","778361",NA,NA,NA,NA,NA,NA,NA,NA,NA,NA,NA,NA,NA,NA,NA,NA,NA,NA,"",2019,"FMMP",44
"98357","R","273116866","NOCA","90","2","1","5","1","0","41.7","2019-11-04","11:30","STD","ACM","B2","","FALSE","","","FALSE","FALSE","","","MBO","300","7","89","FMMP2019","","","","","","","","","","","","","","","","","","","","",NA,NA,NA,NA,NA,NA,NA,NA,NA,NA,NA,NA,NA,NA,NA,NA,NA,NA,NA,NA,NA,"","","","","","","","","","","","","","11/29/2019 13:08","1","11/5/2019 7:19","","Repeat","","33","11/4/2019","778406",NA,NA,NA,NA,NA,NA,NA,NA,NA,NA,NA,NA,NA,NA,NA,NA,NA,NA,"",2019,"FMMP",44
"98381","R","273116870","NOCA","91","2","S","4","1","0","48.2","2019-11-06","08:50","KML","STD","B3","","FALSE","","","FALSE","FALSE","","","MBO","300","7","89","FMMP2019","","","","","","","","","","","","","","","","","","","","",NA,NA,NA,NA,NA,NA,NA,NA,NA,NA,NA,NA,NA,NA,NA,NA,NA,NA,NA,NA,NA,"","","","","","","","","","","","","","11/29/2019 13:08","1","11/7/2019 13:49","","Repeat","","25","11/6/2019","778595",NA,NA,NA,NA,NA,NA,NA,NA,NA,NA,NA,NA,NA,NA,NA,NA,NA,NA,"",2019,"FMMP",45
"98383","R","273116809","NOCA","88","2","1","4","1","0","44.9","2019-11-06","09:00","KML","STD","C2","","FALSE","","","TRUE","FALSE","","","MBO","300","7","89","FMMP2019","","","","","","","","","","","","","","","","","","","","",NA,NA,NA,NA,NA,NA,NA,NA,NA,NA,NA,NA,NA,NA,NA,NA,NA,NA,NA,NA,NA,"","","","","","","","","","","","","","11/29/2019 13:08","1","11/7/2019 13:49","","Repeat","","49","11/6/2019","778596",NA,NA,NA,NA,NA,NA,NA,NA,NA,NA,NA,NA,NA,NA,NA,NA,NA,NA,"",2019,"FMMP",45
"98416","1","273116901","NOCA","93","2","1","4","1","2","45.8","2019-11-23","08:50","ACM","PAB","V5","","FALSE","","","FALSE","FALSE","","","MBO","300","","","WINTER2019-20","","","","","","","","","","","","","","","","","","","","",NA,NA,NA,NA,NA,NA,NA,NA,NA,NA,NA,NA,NA,NA,NA,NA,NA,NA,NA,NA,NA,"","","","","","","","","","","","","","11/29/2019 13:08","1","11/25/2019 11:11","","Banded","","","11/23/2019","779511",NA,NA,NA,NA,NA,NA,NA,NA,NA,NA,NA,NA,NA,NA,NA,NA,NA,NA,"",2019,"WINT",47
"98439","1","273116902","NOCA","95","2","1","4","1","0","43.9","2019-11-23","10:00","ACM","PAB","V4","","FALSE","","","FALSE","FALSE","","","MBO","300","","","WINTER2019-20","","","","","","","","","","","","","","","","","","","","",NA,NA,NA,NA,NA,NA,NA,NA,NA,NA,NA,NA,NA,NA,NA,NA,NA,NA,NA,NA,NA,"","","","","","","","","","","","","","11/29/2019 13:08","1","11/25/2019 11:11","","Banded","","","11/23/2019","779512",NA,NA,NA,NA,NA,NA,NA,NA,NA,NA,NA,NA,NA,NA,NA,NA,NA,NA,"",2019,"WINT",47
"98440","1","273116903","NOCA","91","2","1","5","1","0","45.3","2019-11-23","10:00","ACM","PAB","V4","","FALSE","","","FALSE","FALSE","","","MBO","300","","","WINTER2019-20","","","","","","","","","","","","","","","","","","","","",NA,NA,NA,NA,NA,NA,NA,NA,NA,NA,NA,NA,NA,NA,NA,NA,NA,NA,NA,NA,NA,"","","","","","","","","","","","","","11/29/2019 13:08","1","11/25/2019 11:11","","Banded","","","11/23/2019","779513",NA,NA,NA,NA,NA,NA,NA,NA,NA,NA,NA,NA,NA,NA,NA,NA,NA,NA,"",2019,"WINT",47
"98450","1","273116904","NOCA","90","2","1","4","1","0","45.8","2019-11-23","10:40","GEG","PAB","V4","","FALSE","","","FALSE","FALSE","","","MBO","300","","","WINTER2019-20","","","","","","","","","","","","","","","","","","","","",NA,NA,NA,NA,NA,NA,NA,NA,NA,NA,NA,NA,NA,NA,NA,NA,NA,NA,NA,NA,NA,"","","","","","","","","","","","","","11/29/2019 13:08","1","11/25/2019 11:11","","Banded","","","11/23/2019","779514",NA,NA,NA,NA,NA,NA,NA,NA,NA,NA,NA,NA,NA,NA,NA,NA,NA,NA,"",2019,"WINT",47
"98451","1","273116905","NOCA","91","2","1","5","1","0","45.4","2019-11-23","10:40","GEG","PAB","V5","","FALSE","","","FALSE","FALSE","","","MBO","300","","","WINTER2019-20","","","","","","","","","","","","","","","","","","","","",NA,NA,NA,NA,NA,NA,NA,NA,NA,NA,NA,NA,NA,NA,NA,NA,NA,NA,NA,NA,NA,"","","","","","","","","","","","","","11/29/2019 13:08","1","11/25/2019 11:11","","Banded","","","11/23/2019","779515",NA,NA,NA,NA,NA,NA,NA,NA,NA,NA,NA,NA,NA,NA,NA,NA,NA,NA,"",2019,"WINT",47
"98454","R","273116894","NOCA","90","2","1","5","1","1","44.5","2019-11-23","11:40","ACM","PAB","V4","","FALSE","","","FALSE","FALSE","","","MBO","300","7","89","WINTER2019-20","","","","","","","","","","","","","","","","","","","","",NA,NA,NA,NA,NA,NA,NA,NA,NA,NA,NA,NA,NA,NA,NA,NA,NA,NA,NA,NA,NA,"","","","","","","","","","","","","","11/29/2019 13:08","1","11/25/2019 11:19","","Repeat","","23","11/23/2019","779533",NA,NA,NA,NA,NA,NA,NA,NA,NA,NA,NA,NA,NA,NA,NA,NA,NA,NA,"",2019,"WINT",47
"98460","1","273116906","NOCA","91","2","1","5","1","0","41.7","2019-11-26","08:40","KML","ALH","V4","","FALSE","","","FALSE","FALSE","","","MBO","300","","","WINTER2019-20","","","","","","","","","","","","","","","","","","","","",NA,NA,NA,NA,NA,NA,NA,NA,NA,NA,NA,NA,NA,NA,NA,NA,NA,NA,NA,NA,NA,"","","","","","","","","","","","","","11/29/2019 13:08","1","11/27/2019 14:57","","Banded","","","11/26/2019","779590",NA,NA,NA,NA,NA,NA,NA,NA,NA,NA,NA,NA,NA,NA,NA,NA,NA,NA,"",2019,"WINT",48
"98464","1","273116907","NOCA","88","2","1","4","1","1","42.1","2019-11-26","08:50","KML","ALH","V3","","FALSE","","","FALSE","FALSE","","","MBO","300","","","WINTER2019-20","","","","","","","","","","","","","","","","","","","","",NA,NA,NA,NA,NA,NA,NA,NA,NA,NA,NA,NA,NA,NA,NA,NA,NA,NA,NA,NA,NA,"","","","","","","","","","","","","","11/29/2019 13:08","1","11/27/2019 14:57","","Banded","","","11/26/2019","779591",NA,NA,NA,NA,NA,NA,NA,NA,NA,NA,NA,NA,NA,NA,NA,NA,NA,NA,"",2019,"WINT",48
"98465","1","273116908","NOCA","92","2","S","5","1","1","45.6","2019-11-26","08:50","KML","ALH","V3","","FALSE","","","FALSE","FALSE","","","MBO","300","","","WINTER2019-20","","","","","","","","","","","","","","","","","","","","",NA,NA,NA,NA,NA,NA,NA,NA,NA,NA,NA,NA,NA,NA,NA,NA,NA,NA,NA,NA,NA,"","","","","","","","","","","","","","11/29/2019 13:08","1","11/27/2019 14:57","","Banded","","","11/26/2019","779592",NA,NA,NA,NA,NA,NA,NA,NA,NA,NA,NA,NA,NA,NA,NA,NA,NA,NA,"",2019,"WINT",48
"98532","1","273116909","NOCA","97","2","1","5","1","1","43.9","2019-11-26","12:50","LAT","ACM","V3","","FALSE","","","FALSE","FALSE","","","MBO","300","","","WINTER2019-20","","","","","","","","","","","","","","","","","","","","",NA,NA,NA,NA,NA,NA,NA,NA,NA,NA,NA,NA,NA,NA,NA,NA,NA,NA,NA,NA,NA,"","","","","","","","","","","","","","11/29/2019 13:08","1","11/27/2019 14:57","","Banded","","","11/26/2019","779593",NA,NA,NA,NA,NA,NA,NA,NA,NA,NA,NA,NA,NA,NA,NA,NA,NA,NA,"",2019,"WINT",48
"98536","R","265191367","NOCA","88","2","1","5","1","1","47","2019-11-26","13:00","LAT","ACM","V5","","FALSE","","","FALSE","FALSE","","","MBO","300","7","89","WINTER2019-20","","","","","","","","","","","","","","","","","","","","",NA,NA,NA,NA,NA,NA,NA,NA,NA,NA,NA,NA,NA,NA,NA,NA,NA,NA,NA,NA,NA,"","","","","","","","","","","","","","11/29/2019 13:08","1","11/27/2019 15:08","","Repeat","","73","11/26/2019","779620",NA,NA,NA,NA,NA,NA,NA,NA,NA,NA,NA,NA,NA,NA,NA,NA,NA,NA,"",2019,"WINT",48
"98537","R","273116892","NOCA","91","0","1","5","1","0","43.9","2019-11-26","13:00","LAT","ACM","V3","","FALSE","","","FALSE","FALSE","","","MBO","300","7","89","WINTER2019-20","","","","","","","","","","","","","","","","","","","","",NA,NA,NA,NA,NA,NA,NA,NA,NA,NA,NA,NA,NA,NA,NA,NA,NA,NA,NA,NA,NA,"","","","","","","","","","","","","","11/29/2019 13:08","1","11/27/2019 15:08","","Repeat","","27","11/26/2019","779619",NA,NA,NA,NA,NA,NA,NA,NA,NA,NA,NA,NA,NA,NA,NA,NA,NA,NA,"",2019,"WINT",48
"98538","1","273116910","NOCA","87","2","1","5","1","0","43.6","2019-11-26","13:00","LAT","ACM","V4","","FALSE","","","FALSE","FALSE","","","MBO","300","","","WINTER2019-20","","","","","","","","","","","","","","","","","","","","",NA,NA,NA,NA,NA,NA,NA,NA,NA,NA,NA,NA,NA,NA,NA,NA,NA,NA,NA,NA,NA,"","","","","","","","","","","","","","11/29/2019 13:08","1","11/27/2019 14:57","","Banded","","","11/26/2019","779594",NA,NA,NA,NA,NA,NA,NA,NA,NA,NA,NA,NA,NA,NA,NA,NA,NA,NA,"",2019,"WINT",48
"98539","1","273116911","NOCA","85","2","1","5","1","1","44.4","2019-11-26","13:00","LAT","ACM","V4","","FALSE","","","FALSE","FALSE","","","MBO","300","","","WINTER2019-20","","","","","","","","","","","","","","","","","","","","",NA,NA,NA,NA,NA,NA,NA,NA,NA,NA,NA,NA,NA,NA,NA,NA,NA,NA,NA,NA,NA,"","","","","","","","","","","","","","11/29/2019 13:08","1","11/27/2019 14:58","","Banded","","","11/26/2019","779595",NA,NA,NA,NA,NA,NA,NA,NA,NA,NA,NA,NA,NA,NA,NA,NA,NA,NA,"",2019,"WINT",48
"98544","R","273116866","NOCA","91","2","1","5","1","0","42.6","2019-12-05","07:40","STD","JBA","V3","","FALSE","","","FALSE","FALSE","","","MBO","300","7","89","WINTER2019-20","","","","","","","","","","","","","","","","","","","","",NA,NA,NA,NA,NA,NA,NA,NA,NA,NA,NA,NA,NA,NA,NA,NA,NA,NA,NA,NA,NA,"","","","","","","","","","","","","","12/18/2019 14:45","1","12/5/2019 15:03","","Repeat","","31","12/5/2019","779638",NA,NA,NA,NA,NA,NA,NA,NA,NA,NA,NA,NA,NA,NA,NA,NA,NA,NA,"",2019,"WINT",49
"98545","R","273116908","NOCA","91","2","1","5","1","0","45.2","2019-12-05","07:50","STD","JBA","V4","","FALSE","","","FALSE","FALSE","","","MBO","300","7","89","WINTER2019-20","","","","","","","","","","","","","","","","","","","","",NA,NA,NA,NA,NA,NA,NA,NA,NA,NA,NA,NA,NA,NA,NA,NA,NA,NA,NA,NA,NA,"","","","","","","","","","","","","","12/18/2019 14:45","1","12/5/2019 15:03","","Repeat","","9","12/5/2019","779639",NA,NA,NA,NA,NA,NA,NA,NA,NA,NA,NA,NA,NA,NA,NA,NA,NA,NA,"",2019,"WINT",49
"98546","1","273116912","NOCA","90","2","1","4","1","1","44","2019-12-05","07:50","STD","JBA","V4","","FALSE","","","FALSE","FALSE","","","MBO","300","","","WINTER2019-20","","","","","","","","","","","","","","","","","","","","",NA,NA,NA,NA,NA,NA,NA,NA,NA,NA,NA,NA,NA,NA,NA,NA,NA,NA,NA,NA,NA,"","","","","","","","","","","","","","12/18/2019 14:45","1","12/5/2019 14:52","","Banded","","","12/5/2019","779636",NA,NA,NA,NA,NA,NA,NA,NA,NA,NA,NA,NA,NA,NA,NA,NA,NA,NA,"",2019,"WINT",49
"98579","R","273116870","NOCA","93","0","1","4","1","0","49.6","2019-12-13","07:50","ACH","MPB","V3","","FALSE","","","FALSE","FALSE","","","MBO","300","7","89","WINTER2019-20","","","","","","","","","","","","","","","","","","","","",NA,NA,NA,NA,NA,NA,NA,NA,NA,NA,NA,NA,NA,NA,NA,NA,NA,NA,NA,NA,NA,"","","","","","","","","","","","","","12/18/2019 14:45","1","12/13/2019 12:39","","Repeat","","37","12/13/2019","779657",NA,NA,NA,NA,NA,NA,NA,NA,NA,NA,NA,NA,NA,NA,NA,NA,NA,NA,"",2019,"WINT",50
"98583","1","273116913","NOCA","85","2","1","5","1","2","43.5","2019-12-13","08:20","PBM","ACH","V3","","FALSE","","","FALSE","FALSE","","","MBO","300","","","WINTER2019-20","","","","","","","","","","","","","","","","","","","","",NA,NA,NA,NA,NA,NA,NA,NA,NA,NA,NA,NA,NA,NA,NA,NA,NA,NA,NA,NA,NA,"","","","","","","","","","","","","","12/18/2019 14:45","1","12/13/2019 12:16","","Banded","","","12/13/2019","779790",NA,NA,NA,NA,NA,NA,NA,NA,NA,NA,NA,NA,NA,NA,NA,NA,NA,NA,"",2019,"WINT",50
"98603","R","265182644","NOCA","93","0","1","4","1","0","44.7","2019-12-13","09:40","ACH","MPB","V3","","FALSE","","","TRUE","FALSE","","","MBO","300","7","89","WINTER2019-20","","","","","","","","","","","","","","","","","","","","",NA,NA,NA,NA,NA,NA,NA,NA,NA,NA,NA,NA,NA,NA,NA,NA,NA,NA,NA,NA,NA,"","","","","","","","","","","","","","12/18/2019 14:45","1","12/13/2019 12:39","","Return","","462","12/13/2019","779666",NA,NA,NA,NA,NA,NA,NA,NA,NA,NA,NA,NA,NA,NA,NA,NA,NA,NA,"",2019,"WINT",50
"98610","1","273116914","NOCA","93","2","1","4","1","1","43.7","2019-12-13","11:00","PBM","MPB","V3","","FALSE","","","FALSE","FALSE","","","MBO","300","","","WINTER2019-20","","","","","","","","","","","","","","","","","","","","",NA,NA,NA,NA,NA,NA,NA,NA,NA,NA,NA,NA,NA,NA,NA,NA,NA,NA,NA,NA,NA,"","","","","","","","","","","","","","12/18/2019 14:45","1","12/13/2019 12:17","","Banded","","","12/13/2019","779791",NA,NA,NA,NA,NA,NA,NA,NA,NA,NA,NA,NA,NA,NA,NA,NA,NA,NA,"",2019,"WINT",50
"98621","R","273116892","NOCA","90","1","1","5","1","3","46.9","2020-01-04","10:00","MPB","ACM","V3","","FALSE","","","FALSE","FALSE","","","MBO","300","7","89","WINTER2019-20","","","","","","","","","","","","","","","","","","","","",NA,NA,NA,NA,NA,NA,NA,NA,NA,NA,NA,NA,NA,NA,NA,NA,NA,NA,NA,NA,NA,"","","","","","","","","","","","","","12/10/2020 13:06","1","1/30/2020 11:07","","Repeat","","39","1/4/2020","779966",NA,NA,NA,NA,NA,NA,NA,NA,NA,NA,NA,NA,NA,NA,NA,NA,NA,NA,"",2020,"WINT",1
"98630","R","273116875","NOCA","86","5","1","5","1","2","45.4","2020-01-04","10:40","ACM","IEM","V3","","FALSE","","","TRUE","FALSE","","","MBO","300","7","89","WINTER2019-20","","","","","","","","","","","","","","","","","","","","",NA,NA,NA,NA,NA,NA,NA,NA,NA,NA,NA,NA,NA,NA,NA,NA,NA,NA,NA,NA,NA,"","","","","","","","","","","","","","12/10/2020 13:06","1","1/30/2020 11:07","","Repeat","","76","1/4/2020","779975",NA,NA,NA,NA,NA,NA,NA,NA,NA,NA,NA,NA,NA,NA,NA,NA,NA,NA,"",2020,"WINT",1
"98632","R","273116901","NOCA","94","5","1","4","1","4","49.8","2020-01-04","10:50","MPB","IEM","V4","","FALSE","","","FALSE","FALSE","","","MBO","300","7","89","WINTER2019-20","","","","","","","","","","","","","","","","","","","","",NA,NA,NA,NA,NA,NA,NA,NA,NA,NA,NA,NA,NA,NA,NA,NA,NA,NA,NA,NA,NA,"","","","","","","","","","","","","","12/10/2020 13:06","1","1/30/2020 11:07","","Repeat","","42","1/4/2020","779977",NA,NA,NA,NA,NA,NA,NA,NA,NA,NA,NA,NA,NA,NA,NA,NA,NA,NA,"",2020,"WINT",1
"98644","1","273116915","NOCA","91","5","1","5","1","0","45.6","2020-01-04","12:30","MPB","IEM","V3","","FALSE","","","FALSE","FALSE","","","MBO","300","","","WINTER2019-20","","","","","","","","","","","","","","","","","","","","",NA,NA,NA,NA,NA,NA,NA,NA,NA,NA,NA,NA,NA,NA,NA,NA,NA,NA,NA,NA,NA,"","","","","","","","","","","","","","12/10/2020 13:06","1","1/30/2020 10:57","","Banded","","","1/4/2020","779948",NA,NA,NA,NA,NA,NA,NA,NA,NA,NA,NA,NA,NA,NA,NA,NA,NA,NA,"",2020,"WINT",1
"98653","1","273116916","NOCA","94","1","1","4","1","3","54.7","2020-01-10","08:40","KML","JKS","V5","","FALSE","","","FALSE","FALSE","","","MBO","300","","","WINTER2019-20","","","","","","","","","","","","","","","","","","","","",NA,NA,NA,NA,NA,NA,NA,NA,NA,NA,NA,NA,NA,NA,NA,NA,NA,NA,NA,NA,NA,"","","","","","","","","","","","","","12/10/2020 13:06","1","1/31/2020 9:26","","Banded","","","1/10/2020","780368",NA,NA,NA,NA,NA,NA,NA,NA,NA,NA,NA,NA,NA,NA,NA,NA,NA,NA,"",2020,"WINT",2
"98680","1","273116917","NOCA","92","5","1","4","1","3","42.9","2020-03-03","10:30","RCL","PBM","V5","","FALSE","","","TRUE","FALSE","","","MBO","300","","","WINTER2019-20","","","","","","","","","","","","","","","","","","","","",NA,NA,NA,NA,NA,NA,NA,NA,NA,NA,NA,NA,NA,NA,NA,NA,NA,NA,NA,NA,NA,"","","","","","","","","","","","","","12/10/2020 13:06","1","3/3/2020 12:38","","Banded","","","3/3/2020","781224",NA,NA,NA,NA,NA,NA,NA,NA,NA,NA,NA,NA,NA,NA,NA,NA,NA,NA,"",2020,"WINT",9
"98725","1","265191412","NOCA","86","2","S","0","1","0","41.6","2020-06-30","06:30","ACM","ACM","M1","","FALSE","","","FALSE","FALSE","","5","MBO","300","","","MAPS2020","","","","","","","","","","","","","","","","","","","","",NA,NA,NA,NA,NA,NA,NA,NA,NA,NA,NA,NA,NA,NA,NA,NA,NA,NA,NA,NA,NA,"","","","","","","","","","","","","","12/10/2020 13:06","1","8/10/2020 11:35","","Banded","","","6/30/2020","783931",NA,NA,NA,NA,NA,NA,NA,NA,NA,NA,NA,NA,NA,NA,NA,NA,NA,NA,"",2020,"MAPS",26
"98747","R","265191412","NOCA","88","2","1","0","1","0","40.7","2020-07-05","05:30","ACM","ACM","M3","","FALSE","","","FALSE","FALSE","","","MBO","300","7","89","MAPS2020","","","","","","","","","","","","","","","","","","","","",NA,NA,NA,NA,NA,NA,NA,NA,NA,NA,NA,NA,NA,NA,NA,NA,NA,NA,NA,NA,NA,"","","","","","","","","","","","","","12/10/2020 13:06","1","8/10/2020 13:50","","Repeat","","5","7/5/2020","783983",NA,NA,NA,NA,NA,NA,NA,NA,NA,NA,NA,NA,NA,NA,NA,NA,NA,NA,"",2020,"MAPS",27
"98791","R","256132284","NOCA","96","1","S","4","C","2","46.2","2020-07-13","08:20","MPB","MPB","M4","","FALSE","","","FALSE","FALSE","","","MBO","300","7","89","MAPS2020","","","","","","","","","","","","","","","","","","","","",NA,NA,NA,NA,NA,NA,NA,NA,NA,NA,NA,NA,NA,NA,NA,NA,NA,NA,NA,NA,NA,"","","","","","","","","","","","","","12/10/2020 13:06","1","8/10/2020 13:50","","Return","","1707","7/13/2020","783995",NA,NA,NA,NA,NA,NA,NA,NA,NA,NA,NA,NA,NA,NA,NA,NA,NA,NA,"",2020,"MAPS",28
"98867","R","265191412","NOCA","88","2","S","0","1","0","39.8","2020-07-30","07:30","GEG","GEG","M5","","FALSE","","","FALSE","TRUE","","4","MBO","300","7","89","MAPS2020","","","","","","","","","","","","","","","","","","","","",NA,NA,NA,NA,NA,NA,NA,NA,NA,NA,NA,NA,NA,NA,NA,NA,NA,NA,NA,NA,NA,"","","","","","","","","","","","","","12/10/2020 13:06","1","8/10/2020 13:50","","Repeat","","25","7/30/2020","784008",NA,NA,NA,NA,NA,NA,NA,NA,NA,NA,NA,NA,NA,NA,NA,NA,NA,NA,"",2020,"MAPS",31
"98919","1","273116927","NOCA","89","2","1","0","1","1","44.6","2020-08-01","09:40","SID","STD","C2","","FALSE","","","FALSE","FALSE","","","MBO","300","","","FMMP2020","","","","","","","","","","","","","","","","","","","","",NA,NA,NA,NA,NA,NA,NA,NA,NA,NA,NA,NA,NA,NA,NA,NA,NA,NA,NA,NA,NA,"","","","","","","","","","","","","","12/10/2020 13:06","1","8/10/2020 15:29","","Banded","","","8/1/2020","784175",NA,NA,NA,NA,NA,NA,NA,NA,NA,NA,NA,NA,NA,NA,NA,NA,NA,NA,"",2020,"FMMP",31
"98931","1","273116931","NOCA","89","2","1","0","1","0","43.7","2020-08-01","10:20","SID","STD","B3","","FALSE","","","FALSE","FALSE","","","MBO","300","","","FMMP2020","","","","","","","","","","","","","","","","","","","","",NA,NA,NA,NA,NA,NA,NA,NA,NA,NA,NA,NA,NA,NA,NA,NA,NA,NA,NA,NA,NA,"","","","","","","","","","","","","","12/10/2020 13:06","1","8/10/2020 15:30","","Banded","","","8/1/2020","784179",NA,NA,NA,NA,NA,NA,NA,NA,NA,NA,NA,NA,NA,NA,NA,NA,NA,NA,"",2020,"FMMP",31
"98949","R","273116855","NOCA","90","5","1","5","B","0","41.5","2020-08-02","06:50","GEG","STD","E1","","FALSE","","","FALSE","FALSE","","","MBO","300","7","89","FMMP2020","","","","","","","","","","","","","","","","","","","","",NA,NA,NA,NA,NA,NA,NA,NA,NA,NA,NA,NA,NA,NA,NA,NA,NA,NA,NA,NA,NA,"","","","","","","","","","","","","","12/10/2020 13:06","1","8/10/2020 16:17","","Return","","287","8/2/2020","784239",NA,NA,NA,NA,NA,NA,NA,NA,NA,NA,NA,NA,NA,NA,NA,NA,NA,NA,"",2020,"FMMP",31
"99028","1","273116947","NOCA","89","2","1","4","1","0","42.6","2020-08-05","06:50","SID","SID","C1","","FALSE","","","FALSE","FALSE","","","MBO","300","","","FMMP2020","","","","","","","","","","","","","","","","","","","","",NA,NA,NA,NA,NA,NA,NA,NA,NA,NA,NA,NA,NA,NA,NA,NA,NA,NA,NA,NA,NA,"","","","","","","","","","","","","","12/10/2020 13:06","1","8/10/2020 15:33","","Banded","","","8/5/2020","784195",NA,NA,NA,NA,NA,NA,NA,NA,NA,NA,NA,NA,NA,NA,NA,NA,NA,NA,"",2020,"FMMP",32
"99073","1","273116955","NOCA","88","2","1","4","1","1","40.4","2020-08-06","09:10","STD","STD","C1","","FALSE","","","FALSE","FALSE","","","MBO","300","","","FMMP2020","","","","","","","","","","","","","","","","","","","","",NA,NA,NA,NA,NA,NA,NA,NA,NA,NA,NA,NA,NA,NA,NA,NA,NA,NA,NA,NA,NA,"","","","","","","","","","","","","","12/10/2020 13:06","1","8/10/2020 15:36","","Banded","","","8/6/2020","784203",NA,NA,NA,NA,NA,NA,NA,NA,NA,NA,NA,NA,NA,NA,NA,NA,NA,NA,"",2020,"FMMP",32
"99288","R","273116931","NOCA","89","2","1","0","1","0","38.7","2020-08-12","09:40","SID","SID","N3","","FALSE","","","FALSE","FALSE","","","MBO","300","7","89","FMMP2020","","","","","","","","","","","","","","","","","","","","",NA,NA,NA,NA,NA,NA,NA,NA,NA,NA,NA,NA,NA,NA,NA,NA,NA,NA,NA,NA,NA,"","","","","","","","","","","","","","12/10/2020 13:06","1","8/17/2020 10:10","","Repeat","","11","8/12/2020","784854",NA,NA,NA,NA,NA,NA,NA,NA,NA,NA,NA,NA,NA,NA,NA,NA,NA,NA,"",2020,"FMMP",33
"99323","1","273116992","NOCA","89","2","1","0","1","0","45.2","2020-08-13","10:20","STD","STD","C2","","FALSE","","","FALSE","FALSE","","","MBO","300","","","FMMP2020","","","","","","","","","","","","","","","","","","","","",NA,NA,NA,NA,NA,NA,NA,NA,NA,NA,NA,NA,NA,NA,NA,NA,NA,NA,NA,NA,NA,"","","","","","","","","","","","","","12/10/2020 13:06","1","8/15/2020 10:19","","Banded","","","8/13/2020","784786",NA,NA,NA,NA,NA,NA,NA,NA,NA,NA,NA,NA,NA,NA,NA,NA,NA,NA,"",2020,"FMMP",33
"99324","R","273116947","NOCA","90","2","1","4","1","1","41.5","2020-08-13","10:40","STD","STD","B2","","FALSE","","","FALSE","FALSE","","","MBO","300","7","89","FMMP2020","","","","","","","","","","","","","","","","","","","","",NA,NA,NA,NA,NA,NA,NA,NA,NA,NA,NA,NA,NA,NA,NA,NA,NA,NA,NA,NA,NA,"","","","","","","","","","","","","","12/10/2020 13:06","1","8/17/2020 10:10","","Repeat","","8","8/13/2020","784860",NA,NA,NA,NA,NA,NA,NA,NA,NA,NA,NA,NA,NA,NA,NA,NA,NA,NA,"",2020,"FMMP",33
"99375","R","256109311","NOCA","95","1","1","4","1","0","46.5","2020-08-15","06:40","STD","STD","C2","","FALSE","","","FALSE","FALSE","","","MBO","300","7","89","FMMP2020","","","","","","","","","","","","","","","","","","","","",NA,NA,NA,NA,NA,NA,NA,NA,NA,NA,NA,NA,NA,NA,NA,NA,NA,NA,NA,NA,NA,"","","","","","","","","","","","","","12/10/2020 13:06","1","8/20/2020 10:55","","Return","","841","8/15/2020","785106",NA,NA,NA,NA,NA,NA,NA,NA,NA,NA,NA,NA,NA,NA,NA,NA,NA,NA,"",2020,"FMMP",33
"99420","R","265166977","NOCA","96","1","1","4","1","0","45.7","2020-08-17","06:10","GEG","CCT","N3","","FALSE","","","FALSE","FALSE","","","MBO","300","7","89","FMMP2020","","","","","","","","","","","","","","","","","","","","",NA,NA,NA,NA,NA,NA,NA,NA,NA,NA,NA,NA,NA,NA,NA,NA,NA,NA,NA,NA,NA,"","","","","","","","","","","","","","12/10/2020 13:06","1","8/20/2020 10:55","","Return","","824","8/17/2020","785112",NA,NA,NA,NA,NA,NA,NA,NA,NA,NA,NA,NA,NA,NA,NA,NA,NA,NA,"",2020,"FMMP",33
"99853","R","265191391","NOCA","92","1","1","4","1","0","51.5","2020-09-01","09:10","SID","SID","E1","","FALSE","","","FALSE","FALSE","","","MBO","300","7","89","FMMP2020","","","","","","","","","","","","","","","","","","","","",NA,NA,NA,NA,NA,NA,NA,NA,NA,NA,NA,NA,NA,NA,NA,NA,NA,NA,NA,NA,NA,"","","","","","","","","","","","","","12/10/2020 13:06","1","9/11/2020 17:59","","Return","","333","9/1/2020","785736",NA,NA,NA,NA,NA,NA,NA,NA,NA,NA,NA,NA,NA,NA,NA,NA,NA,NA,"",2020,"FMMP",35
"100030","1","299102721","NOCA","90","2","1","5","1","0","42.6","2020-09-08","07:20","GEG","FRV","D2","","FALSE","","","FALSE","FALSE","","","MBO","300","","","FMMP2020","","","","","","","","","","","","","","","","","","","","",NA,NA,NA,NA,NA,NA,NA,NA,NA,NA,NA,NA,NA,NA,NA,NA,NA,NA,NA,NA,NA,"","","","","","","","","","","","","","12/10/2020 13:06","1","9/9/2020 11:36","","Banded","","","9/8/2020","785600",NA,NA,NA,NA,NA,NA,NA,NA,NA,NA,NA,NA,NA,NA,NA,NA,NA,NA,"",2020,"FMMP",36
"100315","1","299102732","NOCA","86","2","1","0","1","0","38.4","2020-09-15","07:00","SID","SID","D4","","FALSE","","","FALSE","FALSE","","","MBO","300","","","FMMP2020","","","","","","","","","","","","","","","","","","","","",NA,NA,NA,NA,NA,NA,NA,NA,NA,NA,NA,NA,NA,NA,NA,NA,NA,NA,NA,NA,NA,"","","","","","","","","","","","","","12/10/2020 13:06","1","9/18/2020 10:54","","Banded","","","9/15/2020","785999",NA,NA,NA,NA,NA,NA,NA,NA,NA,NA,NA,NA,NA,NA,NA,NA,NA,NA,"",2020,"FMMP",37
"101021","1","299102748","NOCA","86","2","1","5","1","0","42.7","2020-09-27","07:20","STD","STD","C1","","FALSE","","","FALSE","FALSE","","","MBO","300","","","FMMP2020","","","","","","","","","","","","","","","","","","","","",NA,NA,NA,NA,NA,NA,NA,NA,NA,NA,NA,NA,NA,NA,NA,NA,NA,NA,NA,NA,NA,"","","","","","","","","","","","","","12/10/2020 13:06","1","9/28/2020 11:35","","Banded","","","9/27/2020","786610",NA,NA,NA,NA,NA,NA,NA,NA,NA,NA,NA,NA,NA,NA,NA,NA,NA,NA,"",2020,"FMMP",39
"101022","1","299102749","NOCA","87","2","1","4","1","1","39.9","2020-09-27","07:20","STD","STD","D4","","FALSE","","","FALSE","FALSE","","","MBO","300","","","FMMP2020","","","","","","","","","","","","","","","","","","","","",NA,NA,NA,NA,NA,NA,NA,NA,NA,NA,NA,NA,NA,NA,NA,NA,NA,NA,NA,NA,NA,"","","","","","","","","","","","","","12/10/2020 13:06","1","9/28/2020 11:35","","Banded","","","9/27/2020","786611",NA,NA,NA,NA,NA,NA,NA,NA,NA,NA,NA,NA,NA,NA,NA,NA,NA,NA,"",2020,"FMMP",39
"101397","1","299102753","NOCA","91","2","1","4","1","0","44.1","2020-10-03","08:10","GEG","MPB","H2","","FALSE","","","FALSE","FALSE","","","MBO","300","","","FMMP2020","","","","","","","","","","","","","","","","","","","","",NA,NA,NA,NA,NA,NA,NA,NA,NA,NA,NA,NA,NA,NA,NA,NA,NA,NA,NA,NA,NA,"","","","","","","","","","","","","","12/10/2020 13:06","1","10/7/2020 20:27","","Banded","","","10/3/2020","787267",NA,NA,NA,NA,NA,NA,NA,NA,NA,NA,NA,NA,NA,NA,NA,NA,NA,NA,"",2020,"FMMP",40
"102023","1","299102761","NOCA","92","0","1","5","1","0","41.5","2020-10-12","08:10","STD","STD","C1","","FALSE","","","FALSE","FALSE","","","MBO","300","","","FMMP2020","","","","","","","","","","","","","","","","","","","","",NA,NA,NA,NA,NA,NA,NA,NA,NA,NA,NA,NA,NA,NA,NA,NA,NA,NA,NA,NA,NA,"","","","","","","","","","","","","","12/10/2020 13:06","1","10/13/2020 10:31","","Banded","","","10/12/2020","787559",NA,NA,NA,NA,NA,NA,NA,NA,NA,NA,NA,NA,NA,NA,NA,NA,NA,NA,"",2020,"FMMP",41
"102285","1","299102770","NOCA","96","0","1","4","1","0","46.9","2020-10-17","10:20","GEG","JBA","N1","","FALSE","","","FALSE","FALSE","","","MBO","300","","","FMMP2020","","","","","","","","","","","","","","","","","","","","",NA,NA,NA,NA,NA,NA,NA,NA,NA,NA,NA,NA,NA,NA,NA,NA,NA,NA,NA,NA,NA,"","","","","","","","","","","","","","12/10/2020 13:06","1","10/20/2020 8:59","","Banded","","","10/17/2020","787879",NA,NA,NA,NA,NA,NA,NA,NA,NA,NA,NA,NA,NA,NA,NA,NA,NA,NA,"",2020,"FMMP",42
"102499","1","299102774","NOCA","92","2","1","5","1","0","41.8","2020-10-22","09:50","STD","STD","B2","","FALSE","","","FALSE","FALSE","","","MBO","300","","","FMMP2020","","","","","","","","","","","","","","","","","","","","",NA,NA,NA,NA,NA,NA,NA,NA,NA,NA,NA,NA,NA,NA,NA,NA,NA,NA,NA,NA,NA,"","","","","","","","","","","","","","12/10/2020 13:06","1","11/3/2020 17:06","","Banded","","","10/22/2020","788154",NA,NA,NA,NA,NA,NA,NA,NA,NA,NA,NA,NA,NA,NA,NA,NA,NA,NA,"",2020,"FMMP",43
"102592","1","299102776","NOCA","95","2","1","4","1","1","43.7","2020-10-23","11:00","STD","STD","B2","","FALSE","","","FALSE","FALSE","","","MBO","300","","","FMMP2020","","","","","","","","","","","","","","","","","","","","",NA,NA,NA,NA,NA,NA,NA,NA,NA,NA,NA,NA,NA,NA,NA,NA,NA,NA,NA,NA,NA,"","","","","","","","","","","","","","12/10/2020 13:06","1","11/3/2020 17:06","","Banded","","","10/23/2020","788156",NA,NA,NA,NA,NA,NA,NA,NA,NA,NA,NA,NA,NA,NA,NA,NA,NA,NA,"",2020,"FMMP",43
"102600","R","265191391","NOCA","95","0","1","4","1","0","53.8","2020-10-24","09:10","GEG","JBA","A2","","FALSE","","","FALSE","FALSE","","","MBO","300","7","89","FMMP2020","","","","","","","","","","","","","","","","","","","","",NA,NA,NA,NA,NA,NA,NA,NA,NA,NA,NA,NA,NA,NA,NA,NA,NA,NA,NA,NA,NA,"","","","","","","","","","","","","","12/10/2020 13:06","1","11/16/2020 11:54","","Repeat","","53","10/24/2020","788743",NA,NA,NA,NA,NA,NA,NA,NA,NA,NA,NA,NA,NA,NA,NA,NA,NA,NA,"",2020,"FMMP",43
"102656","1","299102779","NOCA","88","2","1","5","1","0","42.7","2020-10-25","10:10","GEG","MPB","A1","","FALSE","","","FALSE","FALSE","","","MBO","300","","","FMMP2020","","","","","","","","","","","","","","","","","","","","",NA,NA,NA,NA,NA,NA,NA,NA,NA,NA,NA,NA,NA,NA,NA,NA,NA,NA,NA,NA,NA,"","","","","","","","","","","","","","12/10/2020 13:06","1","11/3/2020 17:07","","Banded","","","10/25/2020","788159",NA,NA,NA,NA,NA,NA,NA,NA,NA,NA,NA,NA,NA,NA,NA,NA,NA,NA,"",2020,"FMMP",43
"102806","R","299102753","NOCA","90","2","1","4","1","0","46.7","2020-10-29","10:40","SID","SID","C1","","FALSE","","","FALSE","FALSE","","","MBO","300","7","89","FMMP2020","","","","","","","","","","","","","","","","","","","","",NA,NA,NA,NA,NA,NA,NA,NA,NA,NA,NA,NA,NA,NA,NA,NA,NA,NA,NA,NA,NA,"","","","","","","","","","","","","","12/10/2020 13:06","1","11/16/2020 11:55","","Repeat","","26","10/29/2020","788780",NA,NA,NA,NA,NA,NA,NA,NA,NA,NA,NA,NA,NA,NA,NA,NA,NA,NA,"",2020,"FMMP",44
"102862","1","299102786","NOCA","97","2","1","4","1","0","48.5","2020-10-31","08:10","GEG","KML","H2","","FALSE","","","FALSE","FALSE","","","MBO","300","","","FMMP2020","","","","","","","","","","","","","","","","","","","","",NA,NA,NA,NA,NA,NA,NA,NA,NA,NA,NA,NA,NA,NA,NA,NA,NA,NA,NA,NA,NA,"","","","","","","","","","","","","","12/10/2020 13:06","1","11/3/2020 17:08","","Banded","","","10/31/2020","788166",NA,NA,NA,NA,NA,NA,NA,NA,NA,NA,NA,NA,NA,NA,NA,NA,NA,NA,"",2020,"FMMP",44
"102990","R","265187903","NOCA","92","0","1","5","1","1","43.3","2020-11-03","08:50","STD","STD","N1","","FALSE","","","FALSE","FALSE","","","MBO","300","7","89","FMMP2020","","","","","","","","","","","","","","","","","","","","",NA,NA,NA,NA,NA,NA,NA,NA,NA,NA,NA,NA,NA,NA,NA,NA,NA,NA,NA,NA,NA,"","","","","","","","","","","","","","12/10/2020 13:06","1","11/16/2020 11:55","","Return","","458","11/3/2020","788805",NA,NA,NA,NA,NA,NA,NA,NA,NA,NA,NA,NA,NA,NA,NA,NA,NA,NA,"",2020,"FMMP",44
"103030","1","299102787","NOCA","96","2","1","4","1","0","45.5","2020-11-04","10:50","SID","SID","B3","","FALSE","","","FALSE","FALSE","","","MBO","300","","","FMMP2020","","","","","","","","","","","","","","","","","","","","",NA,NA,NA,NA,NA,NA,NA,NA,NA,NA,NA,NA,NA,NA,NA,NA,NA,NA,NA,NA,NA,"","","","","","","","","","","","","","12/10/2020 13:06","1","11/16/2020 10:23","","Banded","","","11/4/2020","788546",NA,NA,NA,NA,NA,NA,NA,NA,NA,NA,NA,NA,NA,NA,NA,NA,NA,NA,"",2020,"FMMP",45
"103062","R","299102774","NOCA","92","0","1","5","1","0","43.6","2020-11-06","09:10","SID","SID","A1","","FALSE","","","FALSE","FALSE","","","MBO","300","7","89","FMMP2020","","","","","","","","","","","","","","","","","","","","",NA,NA,NA,NA,NA,NA,NA,NA,NA,NA,NA,NA,NA,NA,NA,NA,NA,NA,NA,NA,NA,"","","","","","","","","","","","","","12/10/2020 13:06","1","11/16/2020 11:55","","Repeat","","15","11/6/2020","788821",NA,NA,NA,NA,NA,NA,NA,NA,NA,NA,NA,NA,NA,NA,NA,NA,NA,NA,"",2020,"FMMP",45
"103070","1","299102789","NOCA","93","2","1","5","1","0","43.8","2020-11-06","09:50","SID","SID","E2","","FALSE","","","FALSE","FALSE","","","MBO","300","","","FMMP2020","","","","","","","","","","","","","","","","","","","","",NA,NA,NA,NA,NA,NA,NA,NA,NA,NA,NA,NA,NA,NA,NA,NA,NA,NA,NA,NA,NA,"","","","","","","","","","","","","","12/10/2020 13:06","1","11/16/2020 10:24","","Banded","","","11/6/2020","788548",NA,NA,NA,NA,NA,NA,NA,NA,NA,NA,NA,NA,NA,NA,NA,NA,NA,NA,"",2020,"FMMP",45
"103071","1","299102790","NOCA","95","2","1","4","1","0","44","2020-11-06","10:20","SID","SID","C1","","FALSE","","","FALSE","FALSE","","","MBO","300","","","FMMP2020","","","","","","","","","","","","","","","","","","","","",NA,NA,NA,NA,NA,NA,NA,NA,NA,NA,NA,NA,NA,NA,NA,NA,NA,NA,NA,NA,NA,"","","","","","","","","","","","","","12/10/2020 13:06","1","11/16/2020 10:24","","Banded","","","11/6/2020","788549",NA,NA,NA,NA,NA,NA,NA,NA,NA,NA,NA,NA,NA,NA,NA,NA,NA,NA,"",2020,"FMMP",45
"103074","1","299102791","NOCA","93","0","1","4","1","3","42.3","2020-11-06","12:00","SID","SID","D3","","FALSE","","","FALSE","FALSE","","","MBO","300","","","FMMP2020","","","","","","","","","","","","","","","","","","","","",NA,NA,NA,NA,NA,NA,NA,NA,NA,NA,NA,NA,NA,NA,NA,NA,NA,NA,NA,NA,NA,"","","","","","","","","","","","","","12/10/2020 13:06","1","11/16/2020 10:24","","Banded","","","11/6/2020","788550",NA,NA,NA,NA,NA,NA,NA,NA,NA,NA,NA,NA,NA,NA,NA,NA,NA,NA,"",2020,"FMMP",45
"103104","1","299102792","NOCA","89","0","1","5","1","0","43.4","2020-11-29","10:20","KML","ACM","V5","","FALSE","","","FALSE","FALSE","","","MBO","300","","","WINTER2020-21","","","","","","","","","","","","","","","","","","","","",NA,NA,NA,NA,NA,NA,NA,NA,NA,NA,NA,NA,NA,NA,NA,NA,NA,NA,NA,NA,NA,"","","","","","","","","","","","","","12/16/2020 16:23","1","12/11/2020 16:18","","Banded","","","11/29/2020","788877",NA,NA,NA,NA,NA,NA,NA,NA,NA,NA,NA,NA,NA,NA,NA,NA,NA,NA,"",2020,"WINT",48
"103124","R","299102792","NOCA","90","0","1","5","1","1","42.9","2020-12-05","08:30","ACM","ACM","V3","","FALSE","","","FALSE","FALSE","","","MBO","300","7","89","WINTER2020-21","","","","","","","","","","","","","","","","","","","","",NA,NA,NA,NA,NA,NA,NA,NA,NA,NA,NA,NA,NA,NA,NA,NA,NA,NA,NA,NA,NA,"","","","","","","","","","","","","","12/16/2020 16:23","1","12/11/2020 17:04","","Repeat","","6","12/5/2020","788970",NA,NA,NA,NA,NA,NA,NA,NA,NA,NA,NA,NA,NA,NA,NA,NA,NA,NA,"",2020,"WINT",49
"103125","1","299102793","NOCA","94","0","1","5","1","2","43.8","2020-12-05","08:30","ACM","ACM","V4","","FALSE","","","FALSE","FALSE","","","MBO","300","","","WINTER2020-21","","","","","","","","","","","","","","","","","","","","",NA,NA,NA,NA,NA,NA,NA,NA,NA,NA,NA,NA,NA,NA,NA,NA,NA,NA,NA,NA,NA,"","","","","","","","","","","","","","12/16/2020 16:23","1","12/11/2020 16:19","","Banded","","","12/5/2020","788878",NA,NA,NA,NA,NA,NA,NA,NA,NA,NA,NA,NA,NA,NA,NA,NA,NA,NA,"",2020,"WINT",49
"103135","R","299102790","NOCA","95","2","1","4","1","0","42.3","2020-12-05","08:50","ACM","LAT","V5","","FALSE","","","FALSE","FALSE","","","MBO","300","7","89","WINTER2020-21","","","","","","","","","","","","","","","","","","","","",NA,NA,NA,NA,NA,NA,NA,NA,NA,NA,NA,NA,NA,NA,NA,NA,NA,NA,NA,NA,NA,"","","","","","","","","","","","","","12/16/2020 16:23","1","12/11/2020 17:04","","Repeat","","29","12/5/2020","788979",NA,NA,NA,NA,NA,NA,NA,NA,NA,NA,NA,NA,NA,NA,NA,NA,NA,NA,"",2020,"WINT",49
"103157","1","299102794","NOCA","91","0","1","5","1","1","45.4","2020-12-05","11:00","ACM","ACM","V4","","FALSE","","","FALSE","FALSE","","","MBO","300","","","WINTER2020-21","","","","","","","","","","","","","","","","","","","","",NA,NA,NA,NA,NA,NA,NA,NA,NA,NA,NA,NA,NA,NA,NA,NA,NA,NA,NA,NA,NA,"","","","","","","","","","","","","","12/16/2020 16:23","1","12/11/2020 16:19","","Banded","","","12/5/2020","788879",NA,NA,NA,NA,NA,NA,NA,NA,NA,NA,NA,NA,NA,NA,NA,NA,NA,NA,"",2020,"WINT",49
"103166","R","273116882","NOCA","96","0","1","4","1","1","43.1","2020-12-11","08:00","PBM","PBM","V5","","FALSE","","","FALSE","FALSE","","","MBO","300","7","89","WINTER2020-21","","","","","","","","","","","","","","","","","","","","",NA,NA,NA,NA,NA,NA,NA,NA,NA,NA,NA,NA,NA,NA,NA,NA,NA,NA,NA,NA,NA,"","","","","","","","","","","","","","12/16/2020 16:23","1","12/11/2020 17:04","","Return","","414","12/11/2020","788996",NA,NA,NA,NA,NA,NA,NA,NA,NA,NA,NA,NA,NA,NA,NA,NA,NA,NA,"",2020,"WINT",50
"103201","R","299102732","NOCA","91","2","1","4","1","1","45.6","2020-12-11","10:50","PBM","PBM","V4","","FALSE","","","TRUE","FALSE","","","MBO","300","7","89","WINTER2020-21","","","","","","","","","","","","","","","","","","","","",NA,NA,NA,NA,NA,NA,NA,NA,NA,NA,NA,NA,NA,NA,NA,NA,NA,NA,NA,NA,NA,"","","","","","","","","","","","","","12/16/2020 16:23","1","12/11/2020 17:04","","Repeat","","87","12/11/2020","789004",NA,NA,NA,NA,NA,NA,NA,NA,NA,NA,NA,NA,NA,NA,NA,NA,NA,NA,"",2020,"WINT",50
"103230","R","299102790","NOCA","95","2","1","4","1","0","42.9","2020-12-11","13:00","PBM","PBM","V4","","FALSE","","","FALSE","FALSE","","","MBO","300","7","89","WINTER2020-21","","","","","","","","","","","","","","","","","","","","",NA,NA,NA,NA,NA,NA,NA,NA,NA,NA,NA,NA,NA,NA,NA,NA,NA,NA,NA,NA,NA,"","","","","","","","","","","","","","12/16/2020 16:23","1","12/11/2020 17:04","","Repeat","","6","12/11/2020","789009",NA,NA,NA,NA,NA,NA,NA,NA,NA,NA,NA,NA,NA,NA,NA,NA,NA,NA,"",2020,"WINT",50
"103249","R","299102774","NOCA","93","0","1","5","1","1","45.6","2020-12-14","08:00","PBM","PBM","V3","","FALSE","","","FALSE","FALSE","","","MBO","300","7","89","WINTER2020-21","","","","","","","","","","","","","","","","","","","","",NA,NA,NA,NA,NA,NA,NA,NA,NA,NA,NA,NA,NA,NA,NA,NA,NA,NA,NA,NA,NA,"","","","","","","","","","","","","","1/19/2021 19:30","1","12/17/2020 11:57","","Repeat","","38","12/14/2020","789228",NA,NA,NA,NA,NA,NA,NA,NA,NA,NA,NA,NA,NA,NA,NA,NA,NA,NA,"",2020,"WINT",50
"103316","1","299102795","NOCA","97","0","1","4","1","4","58.9","2020-12-20","07:50","JBA","MPB","V4","","FALSE","","","TRUE","FALSE","","","MBO","300","","","WINTER2020-21","","","","","","","","","","","","","","","","","","","","",NA,NA,NA,NA,NA,NA,NA,NA,NA,NA,NA,NA,NA,NA,NA,NA,NA,NA,NA,NA,NA,"","","","","","","","","","","","","","2/12/2021 11:45","1","1/26/2021 12:00","","Banded","","","12/20/2020","789319",NA,NA,NA,NA,NA,NA,NA,NA,NA,NA,NA,NA,NA,NA,NA,NA,NA,NA,"",2020,"WINT",51
"103368","R","273116889","NOCA","92","1","1","5","1","1","47.8","2021-01-01","13:20","MPB","MPB","V3","","FALSE","","","FALSE","FALSE","","","MBO","300","7","89","WINTER2020-21","","","","","","","","","","","","","","","","","","","","",NA,NA,NA,NA,NA,NA,NA,NA,NA,NA,NA,NA,NA,NA,NA,NA,NA,NA,NA,NA,NA,"","","","","","","","","","","","","","2/12/2021 11:45","1","1/27/2021 15:31","","Return","","430","1/1/2021","789357",NA,NA,NA,NA,NA,NA,NA,NA,NA,NA,NA,NA,NA,NA,NA,NA,NA,NA,"",2021,"WINT",1
"103486","R","265187903","NOCA","91","1","1","5","1","0","42","2021-02-28","10:00","ACM","LAT","V4","","FALSE","","","FALSE","FALSE","","","MBO","300","7","89","WINTER2020-21","","","","","","","","","","","","","","","","","","","","",NA,NA,NA,NA,NA,NA,NA,NA,NA,NA,NA,NA,NA,NA,NA,NA,NA,NA,NA,NA,NA,"","","","","","","","","","","","","","4/9/2021 9:59","1","3/1/2021 9:51","","Return","","117","2/28/2021","790686",NA,NA,NA,NA,NA,NA,NA,NA,NA,NA,NA,NA,NA,NA,NA,NA,NA,NA,"",2021,"WINT",9
"103489","R","299102792","NOCA","89","1","1","5","1","2","41.9","2021-02-28","11:20","ACM","LAT","V4","","FALSE","","","FALSE","FALSE","","","MBO","300","7","89","WINTER2020-21","","","","","","","","","","","","","","","","","","","","",NA,NA,NA,NA,NA,NA,NA,NA,NA,NA,NA,NA,NA,NA,NA,NA,NA,NA,NA,NA,NA,"","","","","","","","","","","","","","4/9/2021 9:59","1","3/1/2021 9:51","","Repeat","","85","2/28/2021","790688",NA,NA,NA,NA,NA,NA,NA,NA,NA,NA,NA,NA,NA,NA,NA,NA,NA,NA,"",2021,"WINT",9
"103505","1","299102796","NOCA","94","1","1","5","1","1","45.2","2021-03-03","11:30","PBM","PBM","V3","","FALSE","","","FALSE","FALSE","","","MBO","300","","","WINTER2020-21","","","","","","","","","","","","","","","","","","","","",NA,NA,NA,NA,NA,NA,NA,NA,NA,NA,NA,NA,NA,NA,NA,NA,NA,NA,NA,NA,NA,"","","","","","","","","","","","","","4/9/2021 9:59","1","3/5/2021 9:38","","Banded","","","3/3/2021","790691",NA,NA,NA,NA,NA,NA,NA,NA,NA,NA,NA,NA,NA,NA,NA,NA,NA,NA,"",2021,"WINT",9
"103520","1","299102797","NOCA","95","1","1","4","1","2","44.6","2021-03-10","07:00","MPB","MPB","V4","","FALSE","","","FALSE","FALSE","","","MBO","300","","","WINTER2020-21","","","","","","","","","","","","","","","","","","","","",NA,NA,NA,NA,NA,NA,NA,NA,NA,NA,NA,NA,NA,NA,NA,NA,NA,NA,NA,NA,NA,"","","","","","","","","","","","","","4/9/2021 9:59","1","4/7/2021 10:01","","Banded","","","3/10/2021","790864",NA,NA,NA,NA,NA,NA,NA,NA,NA,NA,NA,NA,NA,NA,NA,NA,NA,NA,"",2021,"WINT",10
"103527","R","265166977","NOCA","94","1","1","4","1","0","97.1","2021-03-10","11:00","MPB","PBM","V4","","FALSE","","","FALSE","FALSE","","","MBO","300","7","89","WINTER2020-21","","","","","","","","","","","","","","","","","","","","",NA,NA,NA,NA,NA,NA,NA,NA,NA,NA,NA,NA,NA,NA,NA,NA,NA,NA,NA,NA,NA,"","","","","","","","","","","","","","4/9/2021 9:59","1","4/7/2021 10:58","","Return","","205","3/10/2021","790878",NA,NA,NA,NA,NA,NA,NA,NA,NA,NA,NA,NA,NA,NA,NA,NA,NA,NA,"",2021,"WINT",10
"103555","1","299102799","NOCA","93","1","1","5","1","1","49.4","2021-04-18","07:10","ACM","ACM","N3","","FALSE","","","FALSE","FALSE","","","MBO","300","","","SMMP2021","","","","","","","","","","","","","","","","","","","","",NA,NA,NA,NA,NA,NA,NA,NA,NA,NA,NA,NA,NA,NA,NA,NA,NA,NA,NA,NA,NA,"","","","","","","","","","","","","","10/26/2021 13:10","1","4/26/2021 17:54","","Banded","","","4/18/2021","791017",NA,NA,NA,NA,NA,NA,NA,NA,NA,NA,NA,NA,NA,NA,NA,NA,NA,NA,"",2021,"SMMP",16
"103557","R","265167089","NOCA","95","1","1","4","1","1","44.3","2021-04-18","07:30","ACM","ACM","E2","","FALSE","","","FALSE","FALSE","","","MBO","300","7","89","SMMP2021","","","","","","","","","","","","","","","","","","","","",NA,NA,NA,NA,NA,NA,NA,NA,NA,NA,NA,NA,NA,NA,NA,NA,NA,NA,NA,NA,NA,"","","","","","","","","","","","","","10/26/2021 13:10","1","4/26/2021 18:52","","Return","","540","4/18/2021","791046",NA,NA,NA,NA,NA,NA,NA,NA,NA,NA,NA,NA,NA,NA,NA,NA,NA,NA,"",2021,"SMMP",16
"103672","1","299102812","NOCA","95","1","1","4","1","1","41.7","2021-04-29","07:00","SLS","SLS","H1","","FALSE","","","FALSE","FALSE","","","MBO","300","","","SMMP2021","","","","","","","","","","","","","","","","","","","","",NA,NA,NA,NA,NA,NA,NA,NA,NA,NA,NA,NA,NA,NA,NA,NA,NA,NA,NA,NA,NA,"","","","","","","","","","","","","","10/26/2021 13:10","1","5/3/2021 15:08","","Banded","","","4/29/2021","791128",NA,NA,NA,NA,NA,NA,NA,NA,NA,NA,NA,NA,NA,NA,NA,NA,NA,NA,"",2021,"SMMP",17
"103674","R","256109311","NOCA","93","1","1","4","C","0","47.5","2021-04-29","09:10","SLS","SLS","A1","","FALSE","","","FALSE","FALSE","","","MBO","300","7","89","SMMP2021","","","","","","","","","","","","","","","","","","","","",NA,NA,NA,NA,NA,NA,NA,NA,NA,NA,NA,NA,NA,NA,NA,NA,NA,NA,NA,NA,NA,"","","","","","","","","","","","","","10/26/2021 13:10","1","5/5/2021 18:55","","Return","","257","4/29/2021","791214",NA,NA,NA,NA,NA,NA,NA,NA,NA,NA,NA,NA,NA,NA,NA,NA,NA,NA,"",2021,"SMMP",17
"103698","R","265166657","NOCA","91","1","1","5","1","1","51.2","2021-05-02","06:20","ACM","ACM","D4","","FALSE","","","FALSE","FALSE","","","MBO","300","7","89","SMMP2021","","","","","","","","","","","","","","","","","","","","",NA,NA,NA,NA,NA,NA,NA,NA,NA,NA,NA,NA,NA,NA,NA,NA,NA,NA,NA,NA,NA,"","","","","","","","","","","","","","10/26/2021 13:10","1","5/5/2021 18:55","","Return","","941","5/2/2021","791222",NA,NA,NA,NA,NA,NA,NA,NA,NA,NA,NA,NA,NA,NA,NA,NA,NA,NA,"",2021,"SMMP",18
"103935","R","265187903","NOCA","92","1","1","5","1","1","47.9","2021-05-08","05:50","ACM","ACM","H2","","FALSE","","","FALSE","FALSE","","","MBO","300","7","89","SMMP2021","","","","","","","","","","","","","","","","","","","","",NA,NA,NA,NA,NA,NA,NA,NA,NA,NA,NA,NA,NA,NA,NA,NA,NA,NA,NA,NA,NA,"","","","","","","","","","","","","","10/26/2021 13:10","1","5/10/2021 20:34","","Repeat","","69","5/8/2021","791619",NA,NA,NA,NA,NA,NA,NA,NA,NA,NA,NA,NA,NA,NA,NA,NA,NA,NA,"",2021,"SMMP",19
"104026","1","299102828","NOCA","93","5","1","4","1","1","40.2","2021-05-08","10:10","ACM","ACM","N1","","FALSE","","","FALSE","FALSE","","","MBO","300","","","SMMP2021","","","","","","","","","","","","","","","","","","","","",NA,NA,NA,NA,NA,NA,NA,NA,NA,NA,NA,NA,NA,NA,NA,NA,NA,NA,NA,NA,NA,"","","","","","","","","","","","","","10/26/2021 13:10","1","5/10/2021 20:02","","Banded","","","5/8/2021","791513",NA,NA,NA,NA,NA,NA,NA,NA,NA,NA,NA,NA,NA,NA,NA,NA,NA,NA,"",2021,"SMMP",19
"104972","R","265166719","NOCA","91","1","1","5","B","1","47.4","2021-06-09","05:30","ACM","ACM","M6","","FALSE","","","TRUE","FALSE","","","MBO","300","7","89","MAPS2021","","","","","","","","","","","","","","","","","","","","",NA,NA,NA,NA,NA,NA,NA,NA,NA,NA,NA,NA,NA,NA,NA,NA,NA,NA,NA,NA,NA,"","","","","","","","","","","","","","10/26/2021 13:10","1","8/18/2021 16:04","","Return","","1089","6/9/2021","794814",NA,NA,NA,NA,NA,NA,NA,NA,NA,NA,NA,NA,NA,NA,NA,NA,NA,NA,"",2021,"MAPS",23
"104988","R","265167089","NOCA","95","1","S","4","C","1","42.4","2021-06-09","10:00","ACM","ACM","M7","","FALSE","","","FALSE","FALSE","","","MBO","300","7","89","MAPS2021","","","","","","","","","","","","","","","","","","","","",NA,NA,NA,NA,NA,NA,NA,NA,NA,NA,NA,NA,NA,NA,NA,NA,NA,NA,NA,NA,NA,"","","","","","","","","","","","","","10/26/2021 13:10","1","8/18/2021 16:05","","Repeat","","52","6/9/2021","794821",NA,NA,NA,NA,NA,NA,NA,NA,NA,NA,NA,NA,NA,NA,NA,NA,NA,NA,"",2021,"MAPS",23
"105038","R","265166657","NOCA","91","1","1","5","B","2","48.4","2021-06-29","08:10","ACM","ACM","M8","","FALSE","","","FALSE","FALSE","","","MBO","300","7","89","MAPS2021","","","","","","","","","","","","","","","","","","","","",NA,NA,NA,NA,NA,NA,NA,NA,NA,NA,NA,NA,NA,NA,NA,NA,NA,NA,NA,NA,NA,"","","","","","","","","","","","","","10/26/2021 13:10","1","8/18/2021 16:05","","Repeat","","58","6/29/2021","794867",NA,NA,NA,NA,NA,NA,NA,NA,NA,NA,NA,NA,NA,NA,NA,NA,NA,NA,"",2021,"MAPS",26
"105064","1","265191475","NOCA","93","2","1","4","1","1","41.8","2021-07-07","07:30","ACM","ACM","M7","","FALSE","","","FALSE","FALSE","","","MBO","300","","","MAPS2021","","","","","","","","","","","","","","","","","","","","",NA,NA,NA,NA,NA,NA,NA,NA,NA,NA,NA,NA,NA,NA,NA,NA,NA,NA,NA,NA,NA,"","","","","","","","","","","","","","10/26/2021 13:10","1","8/16/2021 15:01","","Banded","","","7/7/2021","794728",NA,NA,NA,NA,NA,NA,NA,NA,NA,NA,NA,NA,NA,NA,NA,NA,NA,NA,"",2021,"MAPS",27
"105154","R","265191475","NOCA","90","2","1","4","1","0","41.1","2021-07-24","10:00","ACM","ACM","M8","","FALSE","","","FALSE","FALSE","","","MBO","300","7","89","MAPS2021","","","","","","","","","","","","","","","","","","","","",NA,NA,NA,NA,NA,NA,NA,NA,NA,NA,NA,NA,NA,NA,NA,NA,NA,NA,NA,NA,NA,"","","","","","","","","","","","","","10/26/2021 13:10","1","8/18/2021 16:06","","Repeat","","17","7/24/2021","794951",NA,NA,NA,NA,NA,NA,NA,NA,NA,NA,NA,NA,NA,NA,NA,NA,NA,NA,"",2021,"MAPS",30
"105182","1","299102917","NOCA","86","2","1","0","1","1","42.5","2021-07-31","06:10","SID","SID","M5","","FALSE","","","FALSE","FALSE","","","MBO","300","","","MAPS2021","","","","","","","","","","","","","","","","","","","","",NA,NA,NA,NA,NA,NA,NA,NA,NA,NA,NA,NA,NA,NA,NA,NA,NA,NA,NA,NA,NA,"","","","","","","","","","","","","","10/26/2021 13:10","1","8/18/2021 16:25","","Banded","","","7/31/2021","794976",NA,NA,NA,NA,NA,NA,NA,NA,NA,NA,NA,NA,NA,NA,NA,NA,NA,NA,"",2021,"MAPS",31
"105183","1","299102918","NOCA","89","2","1","0","1","0","36.2","2021-07-31","06:10","SID","SID","M5","","FALSE","","","FALSE","FALSE","","","MBO","300","","","MAPS2021","","","","","","","","","","","","","","","","","","","","",NA,NA,NA,NA,NA,NA,NA,NA,NA,NA,NA,NA,NA,NA,NA,NA,NA,NA,NA,NA,NA,"","","","","","","","","","","","","","10/26/2021 13:10","1","8/18/2021 16:26","","Banded","","","7/31/2021","794977",NA,NA,NA,NA,NA,NA,NA,NA,NA,NA,NA,NA,NA,NA,NA,NA,NA,NA,"",2021,"MAPS",31
"105207","1","299102922","NOCA","84","2","1","0","1","0","39.3","2021-07-31","07:20","SID","SID","M1","","FALSE","","","FALSE","FALSE","","","MBO","300","","","MAPS2021","","","","","","","","","","","","","","","","","","","","",NA,NA,NA,NA,NA,NA,NA,NA,NA,NA,NA,NA,NA,NA,NA,NA,NA,NA,NA,NA,NA,"","","","","","","","","","","","","","10/26/2021 13:10","1","8/18/2021 17:15","","Banded","","","7/31/2021","794993",NA,NA,NA,NA,NA,NA,NA,NA,NA,NA,NA,NA,NA,NA,NA,NA,NA,NA,"",2021,"MAPS",31
"105236","1","299102933","NOCA","86","2","1","0","1","2","38.9","2021-08-01","06:10","ACM","PAS","A2","","FALSE","","","FALSE","FALSE","","","MBO","300","","","FMMP2021","","","","","","","","","","","","","","","","","","","","",NA,NA,NA,NA,NA,NA,NA,NA,NA,NA,NA,NA,NA,NA,NA,NA,NA,NA,NA,NA,NA,"","","","","","","","","","","","","","10/26/2021 13:10","1","8/20/2021 9:59","","Banded","","","8/1/2021","795346",NA,NA,NA,NA,NA,NA,NA,NA,NA,NA,NA,NA,NA,NA,NA,NA,NA,NA,"",2021,"FMMP",31
"105237","1","299102934","NOCA","86","2","1","0","1","2","38.7","2021-08-01","06:10","VSP","PAS","A2","","FALSE","","","FALSE","FALSE","","","MBO","300","","","FMMP2021","","","","","","","","","","","","","","","","","","","","",NA,NA,NA,NA,NA,NA,NA,NA,NA,NA,NA,NA,NA,NA,NA,NA,NA,NA,NA,NA,NA,"","","","","","","","","","","","","","10/26/2021 13:10","1","8/20/2021 9:59","","Banded","","","8/1/2021","795347",NA,NA,NA,NA,NA,NA,NA,NA,NA,NA,NA,NA,NA,NA,NA,NA,NA,NA,"",2021,"FMMP",31
"105251","R","253123752","NOCA","89","1","1","5","1","2","49.9","2021-08-01","07:00","ACM","ACM","B2","","FALSE","","","FALSE","FALSE","","","MBO","300","7","89","FMMP2021","","","","","","","","","","","","","","","","","","","","",NA,NA,NA,NA,NA,NA,NA,NA,NA,NA,NA,NA,NA,NA,NA,NA,NA,NA,NA,NA,NA,"","","","","","","","","","","","","","10/26/2021 13:10","1","8/27/2021 10:19","","Return","","3189","8/1/2021","795919",NA,NA,NA,NA,NA,NA,NA,NA,NA,NA,NA,NA,NA,NA,NA,NA,NA,NA,"",2021,"FMMP",31
"105252","R","265166977","NOCA","96","1","1","4","1","0","42.8","2021-08-01","07:00","ACM","ACM","B3","","FALSE","","","FALSE","FALSE","","","MBO","300","7","89","FMMP2021","","","","","","","","","","","","","","","","","","","","",NA,NA,NA,NA,NA,NA,NA,NA,NA,NA,NA,NA,NA,NA,NA,NA,NA,NA,NA,NA,NA,"","","","","","","","","","","","","","10/26/2021 13:10","1","8/27/2021 10:19","","Return","","144","8/1/2021","795920",NA,NA,NA,NA,NA,NA,NA,NA,NA,NA,NA,NA,NA,NA,NA,NA,NA,NA,"",2021,"FMMP",31
"105254","1","299102936","NOCA","89","2","1","4","1","2","42.1","2021-08-01","07:00","ACM","ACM","D1","","FALSE","","","FALSE","FALSE","","","MBO","300","","","FMMP2021","","","","","","","","","","","","","","","","","","","","",NA,NA,NA,NA,NA,NA,NA,NA,NA,NA,NA,NA,NA,NA,NA,NA,NA,NA,NA,NA,NA,"","","","","","","","","","","","","","10/26/2021 13:10","1","8/20/2021 10:01","","Banded","","","8/1/2021","795349",NA,NA,NA,NA,NA,NA,NA,NA,NA,NA,NA,NA,NA,NA,NA,NA,NA,NA,"",2021,"FMMP",31
"105274","1","299102937","NOCA","88","2","1","5","1","0","39.7","2021-08-01","08:40","ACM","VSP","E2","","FALSE","","","FALSE","FALSE","","","MBO","300","","","FMMP2021","","","","","","","","","","","","","","","","","","","","",NA,NA,NA,NA,NA,NA,NA,NA,NA,NA,NA,NA,NA,NA,NA,NA,NA,NA,NA,NA,NA,"","","","","","","","","","","","","","10/26/2021 13:10","1","8/20/2021 10:02","","Banded","","","8/1/2021","795350",NA,NA,NA,NA,NA,NA,NA,NA,NA,NA,NA,NA,NA,NA,NA,NA,NA,NA,"",2021,"FMMP",31
"105281","R","299102918","NOCA","87","2","1","5","1","1","36.9","2021-08-01","08:50","ACM","VSP","B3","","FALSE","","","TRUE","FALSE","","","MBO","300","7","89","FMMP2021","","","","","","","","","","","","","","","","","","","","",NA,NA,NA,NA,NA,NA,NA,NA,NA,NA,NA,NA,NA,NA,NA,NA,NA,NA,NA,NA,NA,"","","","","","","","","","","","","","10/26/2021 13:10","1","8/27/2021 10:19","","Repeat","","1","8/1/2021","795926",NA,NA,NA,NA,NA,NA,NA,NA,NA,NA,NA,NA,NA,NA,NA,NA,NA,NA,"",2021,"FMMP",31
"105294","1","299102939","NOCA","88","2","1","5","1","0","38.5","2021-08-01","10:30","ACM","VSP","D4","","FALSE","","","FALSE","FALSE","","","MBO","300","","","FMMP2021","","","","","","","","","","","","","","","","","","","","",NA,NA,NA,NA,NA,NA,NA,NA,NA,NA,NA,NA,NA,NA,NA,NA,NA,NA,NA,NA,NA,"","","","","","","","","","","","","","10/26/2021 13:10","1","8/20/2021 10:03","","Banded","","","8/1/2021","795352",NA,NA,NA,NA,NA,NA,NA,NA,NA,NA,NA,NA,NA,NA,NA,NA,NA,NA,"",2021,"FMMP",31
"105299","1","299102940","NOCA","86","2","1","4","1","2","41.8","2021-08-02","05:50","ACM","ACM","N3","","FALSE","","","FALSE","FALSE","","","MBO","300","","","FMMP2021","","","","","","","","","","","","","","","","","","","","",NA,NA,NA,NA,NA,NA,NA,NA,NA,NA,NA,NA,NA,NA,NA,NA,NA,NA,NA,NA,NA,"","","","","","","","","","","","","","10/26/2021 13:10","1","8/20/2021 10:03","","Banded","","","8/2/2021","795353",NA,NA,NA,NA,NA,NA,NA,NA,NA,NA,NA,NA,NA,NA,NA,NA,NA,NA,"",2021,"FMMP",31
"105312","1","299102945","NOCA","84","2","1","4","1","0","28.6","2021-08-02","07:20","ACM","ACM","H1","","FALSE","","","TRUE","FALSE","","","MBO","300","","","FMMP2021","","","","","","","","","","","","","","","","","","","","",NA,NA,NA,NA,NA,NA,NA,NA,NA,NA,NA,NA,NA,NA,NA,NA,NA,NA,NA,NA,NA,"","","","","","","","","","","","","","10/26/2021 13:10","1","8/20/2021 10:04","","Banded","","","8/2/2021","795358",NA,NA,NA,NA,NA,NA,NA,NA,NA,NA,NA,NA,NA,NA,NA,NA,NA,NA,"",2021,"FMMP",31
"105316","R","299102936","NOCA","90","2","1","4","1","2","43.2","2021-08-02","07:30","ACM","ACM","E1","","FALSE","","","FALSE","FALSE","","","MBO","300","7","89","FMMP2021","","","","","","","","","","","","","","","","","","","","",NA,NA,NA,NA,NA,NA,NA,NA,NA,NA,NA,NA,NA,NA,NA,NA,NA,NA,NA,NA,NA,"","","","","","","","","","","","","","10/26/2021 13:10","1","8/27/2021 10:19","","Repeat","","1","8/2/2021","795931",NA,NA,NA,NA,NA,NA,NA,NA,NA,NA,NA,NA,NA,NA,NA,NA,NA,NA,"",2021,"FMMP",31
"105341","1","299102948","NOCA","89","2","1","4","1","0","42.6","2021-08-03","08:10","VSP","ACM","N3","","FALSE","","","FALSE","FALSE","","","MBO","300","","","FMMP2021","","","","","","","","","","","","","","","","","","","","",NA,NA,NA,NA,NA,NA,NA,NA,NA,NA,NA,NA,NA,NA,NA,NA,NA,NA,NA,NA,NA,"","","","","","","","","","","","","","10/26/2021 13:10","1","8/20/2021 10:04","","Banded","","","8/3/2021","795361",NA,NA,NA,NA,NA,NA,NA,NA,NA,NA,NA,NA,NA,NA,NA,NA,NA,NA,"",2021,"FMMP",31
"105358","1","299102950","NOCA","85","2","1","5","1","0","39.2","2021-08-03","09:40","ACM","ALD","N1","","FALSE","","","FALSE","FALSE","","","MBO","300","","","FMMP2021","","","","","","","","","","","","","","","","","","","","",NA,NA,NA,NA,NA,NA,NA,NA,NA,NA,NA,NA,NA,NA,NA,NA,NA,NA,NA,NA,NA,"","","","","","","","","","","","","","10/26/2021 13:10","1","8/20/2021 10:05","","Banded","","","8/3/2021","795363",NA,NA,NA,NA,NA,NA,NA,NA,NA,NA,NA,NA,NA,NA,NA,NA,NA,NA,"",2021,"FMMP",31
"105363","R","299102939","NOCA","86","2","S","5","1","0","36.9","2021-08-04","06:00","KML","ACM","N1","","FALSE","","","FALSE","FALSE","","","MBO","300","7","89","FMMP2021","","","","","","","","","","","","","","","","","","","","",NA,NA,NA,NA,NA,NA,NA,NA,NA,NA,NA,NA,NA,NA,NA,NA,NA,NA,NA,NA,NA,"","","","","","","","","","","","","","10/26/2021 13:10","1","8/27/2021 10:19","","Repeat","","3","8/4/2021","795941",NA,NA,NA,NA,NA,NA,NA,NA,NA,NA,NA,NA,NA,NA,NA,NA,NA,NA,"",2021,"FMMP",31
"105368","R","299102918","NOCA","86","2","1","5","1","0","35","2021-08-04","07:00","ACM","ACM","C1","","FALSE","","","TRUE","FALSE","","","MBO","300","7","89","FMMP2021","","","","","","","","","","","","","","","","","","","","",NA,NA,NA,NA,NA,NA,NA,NA,NA,NA,NA,NA,NA,NA,NA,NA,NA,NA,NA,NA,NA,"","","","","","","","","","","","","","10/26/2021 13:10","1","8/27/2021 10:19","","Repeat","","3","8/4/2021","795943",NA,NA,NA,NA,NA,NA,NA,NA,NA,NA,NA,NA,NA,NA,NA,NA,NA,NA,"",2021,"FMMP",31
"105384","1","299102952","NOCA","85","2","1","5","1","0","37.2","2021-08-04","08:30","VSP","ACM","A2","","FALSE","","","FALSE","FALSE","","","MBO","300","","","FMMP2021","","","","","","","","","","","","","","","","","","","","",NA,NA,NA,NA,NA,NA,NA,NA,NA,NA,NA,NA,NA,NA,NA,NA,NA,NA,NA,NA,NA,"","","","","","","","","","","","","","10/26/2021 13:10","1","8/20/2021 10:05","","Banded","","","8/4/2021","795365",NA,NA,NA,NA,NA,NA,NA,NA,NA,NA,NA,NA,NA,NA,NA,NA,NA,NA,"",2021,"FMMP",31
"105387","R","299102933","NOCA","87","2","1","4","1","2","40.1","2021-08-04","08:40","VSP","ACM","D4","","FALSE","","","TRUE","FALSE","","","MBO","300","7","89","FMMP2021","","","","","","","","","","","","","","","","","","","","",NA,NA,NA,NA,NA,NA,NA,NA,NA,NA,NA,NA,NA,NA,NA,NA,NA,NA,NA,NA,NA,"","","","","","","","","","","","","","10/26/2021 13:10","1","8/27/2021 10:19","","Repeat","","3","8/4/2021","795945",NA,NA,NA,NA,NA,NA,NA,NA,NA,NA,NA,NA,NA,NA,NA,NA,NA,NA,"",2021,"FMMP",31
"105440","1","299102959","NOCA","85","2","S","5","1","0","38.2","2021-08-05","10:40","SLS","VSP","D4","","FALSE","","","FALSE","FALSE","","","MBO","300","","","FMMP2021","","","","","","","","","","","","","","","","","","","","",NA,NA,NA,NA,NA,NA,NA,NA,NA,NA,NA,NA,NA,NA,NA,NA,NA,NA,NA,NA,NA,"","","","","","","","","","","","","","10/26/2021 13:10","1","8/20/2021 10:10","","Banded","","","8/5/2021","795372",NA,NA,NA,NA,NA,NA,NA,NA,NA,NA,NA,NA,NA,NA,NA,NA,NA,NA,"",2021,"FMMP",31
"105523","R","299102937","NOCA","87","2","1","5","1","0","39.2","2021-08-07","09:50","SID","SID","C1","","FALSE","","","FALSE","FALSE","","","MBO","300","7","89","FMMP2021","","","","","","","","","","","","","","","","","","","","",NA,NA,NA,NA,NA,NA,NA,NA,NA,NA,NA,NA,NA,NA,NA,NA,NA,NA,NA,NA,NA,"","","","","","","","","","","","","","10/26/2021 13:10","1","8/27/2021 10:52","","Repeat","","6","8/7/2021","795983",NA,NA,NA,NA,NA,NA,NA,NA,NA,NA,NA,NA,NA,NA,NA,NA,NA,NA,"",2021,"FMMP",32
"105561","1","299102988","NOCA","85","2","1","5","1","1","43.4","2021-08-08","08:50","PBM","PBM","E2","","FALSE","","","FALSE","FALSE","","","MBO","300","","","FMMP2021","","","","","","","","","","","","","","","","","","","","",NA,NA,NA,NA,NA,NA,NA,NA,NA,NA,NA,NA,NA,NA,NA,NA,NA,NA,NA,NA,NA,"","","","","","","","","","","","","","10/26/2021 13:10","1","8/20/2021 10:19","","Banded","","","8/8/2021","795403",NA,NA,NA,NA,NA,NA,NA,NA,NA,NA,NA,NA,NA,NA,NA,NA,NA,NA,"",2021,"FMMP",32
"105616","1","299102999","NOCA","87","2","1","4","1","1","46.2","2021-08-10","08:30","SID","SID","C1","","FALSE","","","FALSE","FALSE","","","MBO","300","","","FMMP2021","","","","","","","","","","","","","","","","","","","","",NA,NA,NA,NA,NA,NA,NA,NA,NA,NA,NA,NA,NA,NA,NA,NA,NA,NA,NA,NA,NA,"","","","","","","","","","","","","","10/26/2021 13:10","1","8/20/2021 10:22","","Banded","","","8/10/2021","795414",NA,NA,NA,NA,NA,NA,NA,NA,NA,NA,NA,NA,NA,NA,NA,NA,NA,NA,"",2021,"FMMP",32
"105627","1","299110805","NOCA","87","2","1","0","1","0","34.9","2021-08-10","09:50","SID","SID","N1","","FALSE","","","FALSE","FALSE","","","MBO","300","","","FMMP2021","","","","","","","","","","","","","","","","","","","","",NA,NA,NA,NA,NA,NA,NA,NA,NA,NA,NA,NA,NA,NA,NA,NA,NA,NA,NA,NA,NA,"","","","","","","","","","","","","","10/26/2021 13:10","1","8/23/2021 10:44","","Banded","","","8/10/2021","795712",NA,NA,NA,NA,NA,NA,NA,NA,NA,NA,NA,NA,NA,NA,NA,NA,NA,NA,"",2021,"FMMP",32
"105629","R","299102917","NOCA","89","2","1","4","1","1","44.3","2021-08-10","10:00","ACM","ACM","C2","","FALSE","","","TRUE","FALSE","","","MBO","300","7","89","FMMP2021","","","","","","","","","","","","","","","","","","","","",NA,NA,NA,NA,NA,NA,NA,NA,NA,NA,NA,NA,NA,NA,NA,NA,NA,NA,NA,NA,NA,"","","","","","","","","","","","","","10/26/2021 13:10","1","8/30/2021 10:47","","Repeat","","10","8/10/2021","796034",NA,NA,NA,NA,NA,NA,NA,NA,NA,NA,NA,NA,NA,NA,NA,NA,NA,NA,"",2021,"FMMP",32
"105720","1","299110808","NOCA","88","2","1","0","1","0","43.3","2021-08-13","09:50","ALH","ALH","A2","","FALSE","","","FALSE","FALSE","","","MBO","300","","","FMMP2021","","","","","","","","","","","","","","","","","","","","",NA,NA,NA,NA,NA,NA,NA,NA,NA,NA,NA,NA,NA,NA,NA,NA,NA,NA,NA,NA,NA,"","","","","","","","","","","","","","10/26/2021 13:10","1","8/27/2021 9:21","","Banded","","","8/13/2021","795849",NA,NA,NA,NA,NA,NA,NA,NA,NA,NA,NA,NA,NA,NA,NA,NA,NA,NA,"",2021,"FMMP",33
"105740","R","299102922","NOCA","86","2","1","5","1","1","41.5","2021-08-14","07:00","ACM","IEM","E2","","FALSE","","","TRUE","FALSE","","","MBO","300","7","89","FMMP2021","","","","","","","","","","","","","","","","","","","","",NA,NA,NA,NA,NA,NA,NA,NA,NA,NA,NA,NA,NA,NA,NA,NA,NA,NA,NA,NA,NA,"","","","","","","","","","","","","","10/26/2021 13:10","1","8/30/2021 10:47","","Repeat","","14","8/14/2021","796057",NA,NA,NA,NA,NA,NA,NA,NA,NA,NA,NA,NA,NA,NA,NA,NA,NA,NA,"",2021,"FMMP",33
"105849","1","299110810","NOCA","88","2","1","4","1","0","40.5","2021-08-16","09:10","SID","SID","E2","","FALSE","","","FALSE","FALSE","","","MBO","300","","","FMMP2021","","","","","","","","","","","","","","","","","","","","",NA,NA,NA,NA,NA,NA,NA,NA,NA,NA,NA,NA,NA,NA,NA,NA,NA,NA,NA,NA,NA,"","","","","","","","","","","","","","10/26/2021 13:10","1","8/27/2021 9:21","","Banded","","","8/16/2021","795851",NA,NA,NA,NA,NA,NA,NA,NA,NA,NA,NA,NA,NA,NA,NA,NA,NA,NA,"",2021,"FMMP",33
"106096","1","299110828","NOCA","89","2","1","4","1","0","42.1","2021-08-22","08:30","MPB","IEM","E2","","FALSE","","","FALSE","FALSE","","","MBO","300","","","FMMP2021","","","","","","","","","","","","","","","","","","","","",NA,NA,NA,NA,NA,NA,NA,NA,NA,NA,NA,NA,NA,NA,NA,NA,NA,NA,NA,NA,NA,"","","","","","","","","","","","","","10/26/2021 13:10","1","8/27/2021 9:24","","Banded","","","8/22/2021","795869",NA,NA,NA,NA,NA,NA,NA,NA,NA,NA,NA,NA,NA,NA,NA,NA,NA,NA,"",2021,"FMMP",34
"106127","R","299102999","NOCA","87","2","1","0","1","0","42.6","2021-08-23","07:00","SID","SID","E2","","FALSE","","","FALSE","FALSE","","","MBO","300","7","89","FMMP2021","","","","","","","","","","","","","","","","","","","","",NA,NA,NA,NA,NA,NA,NA,NA,NA,NA,NA,NA,NA,NA,NA,NA,NA,NA,NA,NA,NA,"","","","","","","","","","","","","","10/26/2021 13:10","1","8/27/2021 11:16","","Repeat","","13","8/23/2021","796017",NA,NA,NA,NA,NA,NA,NA,NA,NA,NA,NA,NA,NA,NA,NA,NA,NA,NA,"",2021,"FMMP",34
"107775","1","299110889","NOCA","89","2","1","5","1","0","42.3","2021-09-25","08:40","ACM","ACM","N3","","FALSE","","","FALSE","FALSE","","","MBO","300","","","FMMP2021","","","","","","","","","","","","","","","","","","","","",NA,NA,NA,NA,NA,NA,NA,NA,NA,NA,NA,NA,NA,NA,NA,NA,NA,NA,NA,NA,NA,"","","","","","","","","","","","","","10/26/2021 13:10","1","10/6/2021 13:05","","Banded","","","9/25/2021","797471",NA,NA,NA,NA,NA,NA,NA,NA,NA,NA,NA,NA,NA,NA,NA,NA,NA,NA,"",2021,"FMMP",39
"108882","1","299103005","NOCA","86","2","1","5","1","0","44.7","2021-10-08","07:40","SID","SID","B2","","FALSE","","","FALSE","FALSE","","","MBO","300","","","FMMP2021","","","","","","","","","","","","","","","","","","","","",NA,NA,NA,NA,NA,NA,NA,NA,NA,NA,NA,NA,NA,NA,NA,NA,NA,NA,NA,NA,NA,"","","","","","","","","","","","","","10/26/2021 13:10","1","10/12/2021 11:55","","Banded","","","10/8/2021","798626",NA,NA,NA,NA,NA,NA,NA,NA,NA,NA,NA,NA,NA,NA,NA,NA,NA,NA,"",2021,"FMMP",41
"109043","1","299103008","NOCA","87","2","1","4","1","0","43.2","2021-10-10","08:10","SID","SID","E2","","FALSE","","","FALSE","FALSE","","","MBO","300","","","FMMP2021","","","","","","","","","","","","","","","","","","","","",NA,NA,NA,NA,NA,NA,NA,NA,NA,NA,NA,NA,NA,NA,NA,NA,NA,NA,NA,NA,NA,"","","","","","","","","","","","","","10/26/2021 13:10","1","10/12/2021 11:56","","Banded","","","10/10/2021","798629",NA,NA,NA,NA,NA,NA,NA,NA,NA,NA,NA,NA,NA,NA,NA,NA,NA,NA,"",2021,"FMMP",41
"109094","1","299103009","NOCA","89","2","1","4","1","0","47.2","2021-10-10","11:30","MPB","MPB","D1","","FALSE","","","FALSE","FALSE","","","MBO","300","","","FMMP2021","","","","","","","","","","","","","","","","","","","","",NA,NA,NA,NA,NA,NA,NA,NA,NA,NA,NA,NA,NA,NA,NA,NA,NA,NA,NA,NA,NA,"","","","","","","","","","","","","","10/26/2021 13:10","1","10/12/2021 11:56","","Banded","","","10/10/2021","798630",NA,NA,NA,NA,NA,NA,NA,NA,NA,NA,NA,NA,NA,NA,NA,NA,NA,NA,"",2021,"FMMP",41
"109109","R","299102936","NOCA","94","0","1","4","1","0","46.3","2021-10-10","12:30","MPB","MPB","N1","","FALSE","","","FALSE","FALSE","","","MBO","300","7","89","FMMP2021","","","","","","","","","","","","","","","","","","","","",NA,NA,NA,NA,NA,NA,NA,NA,NA,NA,NA,NA,NA,NA,NA,NA,NA,NA,NA,NA,NA,"","","","","","","","","","","","","","10/26/2021 13:10","1","10/25/2021 16:03","","Repeat","","69","10/10/2021","799367",NA,NA,NA,NA,NA,NA,NA,NA,NA,NA,NA,NA,NA,NA,NA,NA,NA,NA,"",2021,"FMMP",41
"109176","1","299103011","NOCA","88","0","1","5","1","1","42.6","2021-10-11","11:10","KML","KML","C2","","FALSE","","","FALSE","FALSE","","","MBO","300","","","FMMP2021","","","","","","","","","","","","","","","","","","","","",NA,NA,NA,NA,NA,NA,NA,NA,NA,NA,NA,NA,NA,NA,NA,NA,NA,NA,NA,NA,NA,"","","","","","","","","","","","","","10/26/2021 13:10","1","10/12/2021 11:56","","Banded","","","10/11/2021","798632",NA,NA,NA,NA,NA,NA,NA,NA,NA,NA,NA,NA,NA,NA,NA,NA,NA,NA,"",2021,"FMMP",41
"109225","1","299103013","NOCA","89","1","1","4","1","2","46.8","2021-10-12","08:10","ACM","ACM","B3","","FALSE","","","FALSE","FALSE","","","MBO","300","","","FMMP2021","","","","","","","","","","","","","","","","","","","","",NA,NA,NA,NA,NA,NA,NA,NA,NA,NA,NA,NA,NA,NA,NA,NA,NA,NA,NA,NA,NA,"","","","","","","","","","","","","","10/26/2021 13:10","1","10/12/2021 11:57","","Banded","","","10/12/2021","798634",NA,NA,NA,NA,NA,NA,NA,NA,NA,NA,NA,NA,NA,NA,NA,NA,NA,NA,"",2021,"FMMP",41
"109316","R","299103009","NOCA","90","0","1","4","1","0","45.8","2021-10-13","10:50","CIB","CIB","C1","","FALSE","","","FALSE","FALSE","","","MBO","300","7","89","FMMP2021","","","","","","","","","","","","","","","","","","","","",NA,NA,NA,NA,NA,NA,NA,NA,NA,NA,NA,NA,NA,NA,NA,NA,NA,NA,NA,NA,NA,"","","","","","","","","","","","","","10/26/2021 13:10","1","10/25/2021 17:52","","Repeat","","3","10/13/2021","799405",NA,NA,NA,NA,NA,NA,NA,NA,NA,NA,NA,NA,NA,NA,NA,NA,NA,NA,"",2021,"FMMP",41
"109448","1","299103019","NOCA","85","2","1","5","1","1","39.3","2021-10-17","11:20","ACM","ACM","C1","","FALSE","","","FALSE","FALSE","","","MBO","300","","","FMMP2021","","","","","","","","","","","","","","","","","","","","",NA,NA,NA,NA,NA,NA,NA,NA,NA,NA,NA,NA,NA,NA,NA,NA,NA,NA,NA,NA,NA,"","","","","","","","","","","","","","10/26/2021 13:10","1","10/25/2021 10:21","","Banded","","","10/17/2021","799000",NA,NA,NA,NA,NA,NA,NA,NA,NA,NA,NA,NA,NA,NA,NA,NA,NA,NA,"",2021,"FMMP",42
"109490","1","299103020","NOCA","93","0","1","5","1","0","44.1","2021-10-18","09:00","SID","SID","A2","","FALSE","","","FALSE","FALSE","","","MBO","300","","","FMMP2021","","","","","","","","","","","","","","","","","","","","",NA,NA,NA,NA,NA,NA,NA,NA,NA,NA,NA,NA,NA,NA,NA,NA,NA,NA,NA,NA,NA,"","","","","","","","","","","","","","10/26/2021 13:10","1","10/25/2021 10:21","","Banded","","","10/18/2021","799001",NA,NA,NA,NA,NA,NA,NA,NA,NA,NA,NA,NA,NA,NA,NA,NA,NA,NA,"",2021,"FMMP",42
"109885","R","299102999","NOCA","92","0","1","4","1","1","47.9","2021-10-24","11:40","LNA","ACM","D4","","FALSE","","","FALSE","FALSE","","","MBO","300","7","89","FMMP2021","","","","","","","","","","","","","","","","","","","","",NA,NA,NA,NA,NA,NA,NA,NA,NA,NA,NA,NA,NA,NA,NA,NA,NA,NA,NA,NA,NA,"","","","","","","","","","","","","","10/26/2021 13:10","1","10/26/2021 11:05","","Repeat","","62","10/24/2021","799539",NA,NA,NA,NA,NA,NA,NA,NA,NA,NA,NA,NA,NA,NA,NA,NA,NA,NA,"",2021,"FMMP",43
"109900","R","299102918","NOCA","92","0","1","5","1","0","42.9","2021-10-25","07:30","SID","SID","C1","","FALSE","","","TRUE","FALSE","","","MBO","300","7","89","FMMP2021","","","","","","","","","","","","","","","","","","","","",NA,NA,NA,NA,NA,NA,NA,NA,NA,NA,NA,NA,NA,NA,NA,NA,NA,NA,NA,NA,NA,"","","","","","","","","","","","","","10/26/2021 13:10","1","10/26/2021 11:05","","Repeat","","82","10/25/2021","799541",NA,NA,NA,NA,NA,NA,NA,NA,NA,NA,NA,NA,NA,NA,NA,NA,NA,NA,"",2021,"FMMP",43
"109904","1","299103033","NOCA","94","0","1","4","1","0","47.8","2021-10-25","08:30","VSP","VSP","N1","","FALSE","","","FALSE","FALSE","","","MBO","300","","","FMMP2021","","","","","","","","","","","","","","","","","","","","",NA,NA,NA,NA,NA,NA,NA,NA,NA,NA,NA,NA,NA,NA,NA,NA,NA,NA,NA,NA,NA,"","","","","","","","","","","","","","10/26/2021 13:10","1","10/25/2021 10:23","","Banded","","","10/25/2021","799014",NA,NA,NA,NA,NA,NA,NA,NA,NA,NA,NA,NA,NA,NA,NA,NA,NA,NA,"",2021,"FMMP",43
"109920","1","299103034","NOCA","93","0","1","4","1","0","47.5","2021-10-27","08:30","CIB","CIB","B3","","FALSE","","","FALSE","FALSE","","","MBO","300","","","FMMP2021","","","","","","","","","","","","","","","","","","","","",NA,NA,NA,NA,NA,NA,NA,NA,NA,NA,NA,NA,NA,NA,NA,NA,NA,NA,NA,NA,NA,"","","","","","","","","","","","","","12/9/2021 12:23","1","11/4/2021 15:25","","Banded","","","10/27/2021","799622",NA,NA,NA,NA,NA,NA,NA,NA,NA,NA,NA,NA,NA,NA,NA,NA,NA,NA,"",2021,"FMMP",43
"109922","1","299103035","NOCA","92","2","1","5","1","0","41.6","2021-10-27","08:40","CIB","CIB","C1","","FALSE","","","FALSE","FALSE","","","MBO","300","","","FMMP2021","","","","","","","","","","","","","","","","","","","","",NA,NA,NA,NA,NA,NA,NA,NA,NA,NA,NA,NA,NA,NA,NA,NA,NA,NA,NA,NA,NA,"","","","","","","","","","","","","","12/9/2021 12:23","1","11/4/2021 15:25","","Banded","","","10/27/2021","799623",NA,NA,NA,NA,NA,NA,NA,NA,NA,NA,NA,NA,NA,NA,NA,NA,NA,NA,"",2021,"FMMP",43
"109943","R","299103008","NOCA","89","2","S","4","1","0","43.5","2021-10-28","08:40","ALH","ALH","C2","","FALSE","","","FALSE","FALSE","","","MBO","300","7","89","FMMP2021","","","","","","","","","","","","","","","","","","","","",NA,NA,NA,NA,NA,NA,NA,NA,NA,NA,NA,NA,NA,NA,NA,NA,NA,NA,NA,NA,NA,"","","","","","","","","","","","","","12/9/2021 12:23","1","11/4/2021 15:56","","Repeat","","18","10/28/2021","799704",NA,NA,NA,NA,NA,NA,NA,NA,NA,NA,NA,NA,NA,NA,NA,NA,NA,NA,"",2021,"FMMP",43
"110032","1","299103042","NOCA","89","2","1","5","1","0","43.4","2021-11-02","09:10","CIB","CIB","C1","","FALSE","","","FALSE","FALSE","","","MBO","300","","","FMMP2021","","","","","","","","","","","","","","","","","","","","",NA,NA,NA,NA,NA,NA,NA,NA,NA,NA,NA,NA,NA,NA,NA,NA,NA,NA,NA,NA,NA,"","","","","","","","","","","","","","12/9/2021 12:23","1","11/4/2021 15:26","","Banded","","","11/2/2021","799630",NA,NA,NA,NA,NA,NA,NA,NA,NA,NA,NA,NA,NA,NA,NA,NA,NA,NA,"",2021,"FMMP",44
"110066","1","299103044","NOCA","92","0","1","4","1","0","42.5","2021-11-02","11:30","CIB","CIB","B3","","FALSE","","","FALSE","FALSE","","","MBO","300","","","FMMP2021","","","","","","","","","","","","","","","","","","","","",NA,NA,NA,NA,NA,NA,NA,NA,NA,NA,NA,NA,NA,NA,NA,NA,NA,NA,NA,NA,NA,"","","","","","","","","","","","","","12/9/2021 12:23","1","11/4/2021 15:27","","Banded","","","11/2/2021","799632",NA,NA,NA,NA,NA,NA,NA,NA,NA,NA,NA,NA,NA,NA,NA,NA,NA,NA,"",2021,"FMMP",44
"110085","1","299103045","NOCA","91","0","1","5","1","0","40.7","2021-11-03","08:30","CIB","CIB","C2","","FALSE","","","FALSE","FALSE","","","MBO","300","","","FMMP2021","","","","","","","","","","","","","","","","","","","","",NA,NA,NA,NA,NA,NA,NA,NA,NA,NA,NA,NA,NA,NA,NA,NA,NA,NA,NA,NA,NA,"","","","","","","","","","","","","","12/9/2021 12:23","1","11/4/2021 15:27","","Banded","","","11/3/2021","799633",NA,NA,NA,NA,NA,NA,NA,NA,NA,NA,NA,NA,NA,NA,NA,NA,NA,NA,"",2021,"FMMP",44
"110114","1","299103046","NOCA","86","2","S","5","1","0","39.4","2021-11-04","08:00","KML","KML","D2","","FALSE","","","FALSE","FALSE","","","MBO","300","","","FMMP2021","","","","","","","","","","","","","","","","","","","","",NA,NA,NA,NA,NA,NA,NA,NA,NA,NA,NA,NA,NA,NA,NA,NA,NA,NA,NA,NA,NA,"","","","","","","","","","","","","","12/9/2021 12:23","1","11/4/2021 15:27","","Banded","","","11/4/2021","799634",NA,NA,NA,NA,NA,NA,NA,NA,NA,NA,NA,NA,NA,NA,NA,NA,NA,NA,"",2021,"FMMP",44
"110201","R","299103033","NOCA","94","0","1","4","1","0","46.1","2021-11-20","09:20","LAT","LAT","V4","","FALSE","","","FALSE","FALSE","","","MBO","300","7","89","WINTER2021-2022","","","","","","","","","","","","","","","","","","","","",NA,NA,NA,NA,NA,NA,NA,NA,NA,NA,NA,NA,NA,NA,NA,NA,NA,NA,NA,NA,NA,"","","","","","","","","","","","","","12/9/2021 12:23","1","11/23/2021 14:17","","Repeat","","26","11/20/2021","800121",NA,NA,NA,NA,NA,NA,NA,NA,NA,NA,NA,NA,NA,NA,NA,NA,NA,NA,"",2021,"WINT",47
"110224","1","299103048","NOCA","89","2","1","5","1","0","44.7","2021-11-20","10:20","LAT","LAT","V4","","FALSE","","","TRUE","FALSE","","","MBO","300","","","WINTER2021-2022","","","","","","","","","","","","","","","","","","","","",NA,NA,NA,NA,NA,NA,NA,NA,NA,NA,NA,NA,NA,NA,NA,NA,NA,NA,NA,NA,NA,"","","","","","","","","","","","","","12/9/2021 12:23","1","11/23/2021 13:29","","Banded","","","11/20/2021","800126",NA,NA,NA,NA,NA,NA,NA,NA,NA,NA,NA,NA,NA,NA,NA,NA,NA,NA,"",2021,"WINT",47
"110243","1","299103049","NOCA","82","2","1","5","1","0","44.8","2021-11-20","11:30","LAT","CAJ","V2","","FALSE","","","TRUE","FALSE","","","MBO","300","","","WINTER2021-2022","","","","","","","","","","","","","","","","","","","","",NA,NA,NA,NA,NA,NA,NA,NA,NA,NA,NA,NA,NA,NA,NA,NA,NA,NA,NA,NA,NA,"","","","","","","","","","","","","","12/9/2021 12:23","1","11/23/2021 13:30","","Banded","","","11/20/2021","800127",NA,NA,NA,NA,NA,NA,NA,NA,NA,NA,NA,NA,NA,NA,NA,NA,NA,NA,"",2021,"WINT",47
"110244","1","299103050","NOCA","93","2","1","4","1","0","42","2021-11-20","11:30","LAT","CAJ","V2","","FALSE","","","TRUE","FALSE","","","MBO","300","","","WINTER2021-2022","","","","","","","","","","","","","","","","","","","","",NA,NA,NA,NA,NA,NA,NA,NA,NA,NA,NA,NA,NA,NA,NA,NA,NA,NA,NA,NA,NA,"","","","","","","","","","","","","","12/9/2021 12:23","1","11/23/2021 13:31","","Banded","","","11/20/2021","800128",NA,NA,NA,NA,NA,NA,NA,NA,NA,NA,NA,NA,NA,NA,NA,NA,NA,NA,"",2021,"WINT",47
"110259","R","299103019","NOCA","86","2","1","5","1","1","38.6","2021-11-20","12:00","ACM","ACM","V4","","FALSE","","","FALSE","FALSE","","","MBO","300","7","89","WINTER2021-2022","","","","","","","","","","","","","","","","","","","","",NA,NA,NA,NA,NA,NA,NA,NA,NA,NA,NA,NA,NA,NA,NA,NA,NA,NA,NA,NA,NA,"","","","","","","","","","","","","","12/9/2021 12:23","1","11/23/2021 14:17","","Repeat","","34","11/20/2021","800124",NA,NA,NA,NA,NA,NA,NA,NA,NA,NA,NA,NA,NA,NA,NA,NA,NA,NA,"",2021,"WINT",47
"110273","1","299103051","NOCA","91","5","1","4","1","2","46.1","2022-02-10","09:10","ACM","ACM","V3","ret s1-s6","FALSE","","","FALSE","FALSE","","","MBO","300","","","WINTER2021-2022","","","","","","","","","","","","","","","","","","","","",NA,NA,NA,NA,NA,NA,NA,NA,NA,NA,NA,NA,NA,NA,NA,NA,NA,NA,NA,NA,NA,"","","","","","","","","","","","","","4/22/2022 9:51","1","4/19/2022 12:45","","Banded","","","2/10/2022","802551",NA,NA,NA,NA,NA,NA,NA,NA,NA,NA,NA,NA,NA,NA,NA,NA,NA,NA,"",2022,"WINT",6
"110278","R","299102988","NOCA","90","1","1","5","1","1","39.8","2022-02-10","10:00","GEG","ACM","V5","","FALSE","","","FALSE","FALSE","","","MBO","300","7","89","WINTER2021-2022","","","","","","","","","","","","","","","","","","","","",NA,NA,NA,NA,NA,NA,NA,NA,NA,NA,NA,NA,NA,NA,NA,NA,NA,NA,NA,NA,NA,"","","","","","","","","","","","","","4/22/2022 9:51","1","4/19/2022 13:14","","Return","","186","2/10/2022","802559",NA,NA,NA,NA,NA,NA,NA,NA,NA,NA,NA,NA,NA,NA,NA,NA,NA,NA,"",2022,"WINT",6
"110279","R","299103009","NOCA","93","1","1","4","1","1","47.3","2022-02-10","10:00","GEG","ACM","V5","","FALSE","","","FALSE","FALSE","","","MBO","300","7","89","WINTER2021-2022","","","","","","","","","","","","","","","","","","","","",NA,NA,NA,NA,NA,NA,NA,NA,NA,NA,NA,NA,NA,NA,NA,NA,NA,NA,NA,NA,NA,"","","","","","","","","","","","","","4/22/2022 9:51","1","4/19/2022 13:14","","Return","","120","2/10/2022","802560",NA,NA,NA,NA,NA,NA,NA,NA,NA,NA,NA,NA,NA,NA,NA,NA,NA,NA,"",2022,"WINT",6
"110340","R","299103048","NOCA","88","1","1","5","1","0","44.9","2022-04-18","10:20","SLS","SLS","C2","","FALSE","","","FALSE","FALSE","","","MBO","300","7","89","SMMP2022","","","","","","","","","","","","","","","","","","","","",NA,NA,NA,NA,NA,NA,NA,NA,NA,NA,NA,NA,NA,NA,NA,NA,NA,NA,NA,NA,NA,"","","","","","","","","","","","","","7/11/2022 16:48","1","4/29/2022 20:39","","Return","","149","4/18/2022","802786",NA,NA,NA,NA,NA,NA,NA,NA,NA,NA,NA,NA,NA,NA,NA,NA,NA,NA,"",2022,"SMMP",16
"110342","1","299103052","NOCA","93","5","1","5","1","0","42.1","2022-04-18","10:50","SLS","SLS","A1","","FALSE","","","FALSE","FALSE","","","MBO","300","","","SMMP2022","","","","","","","","","","","","","","","","","","","","",NA,NA,NA,NA,NA,NA,NA,NA,NA,NA,NA,NA,NA,NA,NA,NA,NA,NA,NA,NA,NA,"","","","","","","","","","","","","","7/11/2022 16:48","1","4/29/2022 20:23","","Banded","","","4/18/2022","802757",NA,NA,NA,NA,NA,NA,NA,NA,NA,NA,NA,NA,NA,NA,NA,NA,NA,NA,"",2022,"SMMP",16
"110387","1","299103055","NOCA","92","1","1","5","1","0","43.2","2022-04-22","08:30","SLS","SLS","D3","","FALSE","","","FALSE","FALSE","","","MBO","300","","","SMMP2022","","","","","","","","","","","","","","","","","","","","",NA,NA,NA,NA,NA,NA,NA,NA,NA,NA,NA,NA,NA,NA,NA,NA,NA,NA,NA,NA,NA,"","","","","","","","","","","","","","7/11/2022 16:48","1","4/29/2022 20:23","","Banded","","","4/22/2022","802760",NA,NA,NA,NA,NA,NA,NA,NA,NA,NA,NA,NA,NA,NA,NA,NA,NA,NA,"",2022,"SMMP",16
"110402","1","299103056","NOCA","89","5","1","5","1","0","40.8","2022-04-23","10:10","SLS","SLS","H2","","FALSE","","","FALSE","FALSE","","","MBO","300","","","SMMP2022","","","","","","","","","","","","","","","","","","","","",NA,NA,NA,NA,NA,NA,NA,NA,NA,NA,NA,NA,NA,NA,NA,NA,NA,NA,NA,NA,NA,"","","","","","","","","","","","","","7/11/2022 16:48","1","4/29/2022 20:23","","Banded","","","4/23/2022","802761",NA,NA,NA,NA,NA,NA,NA,NA,NA,NA,NA,NA,NA,NA,NA,NA,NA,NA,"",2022,"SMMP",17
"110484","R","299103034","NOCA","94","1","1","4","1","1","46.6","2022-04-26","07:40","ACM","LAT","B3","","FALSE","","","FALSE","FALSE","","","MBO","300","7","89","SMMP2022","","","","","","","","","","","","","","","","","","","","",NA,NA,NA,NA,NA,NA,NA,NA,NA,NA,NA,NA,NA,NA,NA,NA,NA,NA,NA,NA,NA,"","","","","","","","","","","","","","7/11/2022 16:48","1","4/29/2022 20:40","","Return","","181","4/26/2022","802812",NA,NA,NA,NA,NA,NA,NA,NA,NA,NA,NA,NA,NA,NA,NA,NA,NA,NA,"",2022,"SMMP",17
"110494","R","299103008","NOCA","90","5","1","4","1","0","41.3","2022-04-26","09:00","ACM","ACM","D3","","FALSE","","","FALSE","FALSE","","","MBO","300","7","89","SMMP2022","","","","","","","","","","","","","","","","","","","","",NA,NA,NA,NA,NA,NA,NA,NA,NA,NA,NA,NA,NA,NA,NA,NA,NA,NA,NA,NA,NA,"","","","","","","","","","","","","","7/11/2022 16:48","1","4/30/2022 10:27","","Return","","180","4/26/2022","802839",NA,NA,NA,NA,NA,NA,NA,NA,NA,NA,NA,NA,NA,NA,NA,NA,NA,NA,"",2022,"SMMP",17
"110512","R","299103048","NOCA","87","1","1","5","1","0","44.2","2022-04-28","06:20","ALH","ALH","A1","","FALSE","","","FALSE","FALSE","","","MBO","300","7","89","SMMP2022","","","","","","","","","","","","","","","","","","","","",NA,NA,NA,NA,NA,NA,NA,NA,NA,NA,NA,NA,NA,NA,NA,NA,NA,NA,NA,NA,NA,"","","","","","","","","","","","","","7/11/2022 16:48","1","4/30/2022 10:27","","Repeat","","10","4/28/2022","802840",NA,NA,NA,NA,NA,NA,NA,NA,NA,NA,NA,NA,NA,NA,NA,NA,NA,NA,"",2022,"SMMP",17
"110538","R","299110889","NOCA","92","1","1","5","1","0","43.8","2022-04-29","07:10","CIB","CIB","C1","","FALSE","","","FALSE","FALSE","","","MBO","300","7","89","SMMP2022","","","","","","","","","","","","","","","","","","","","",NA,NA,NA,NA,NA,NA,NA,NA,NA,NA,NA,NA,NA,NA,NA,NA,NA,NA,NA,NA,NA,"","","","","","","","","","","","","","7/11/2022 16:48","1","4/30/2022 10:27","","Return","","216","4/29/2022","802847",NA,NA,NA,NA,NA,NA,NA,NA,NA,NA,NA,NA,NA,NA,NA,NA,NA,NA,"",2022,"SMMP",17
"110686","R","299102918","NOCA","90","1","1","5","1","1","46.3","2022-05-05","07:00","CAC","SLS","N3","","FALSE","","","TRUE","FALSE","","","MBO","300","7","89","SMMP2022","","","","","","","","","","","","","","","","","","","","",NA,NA,NA,NA,NA,NA,NA,NA,NA,NA,NA,NA,NA,NA,NA,NA,NA,NA,NA,NA,NA,"","","","","","","","","","","","","","7/11/2022 16:48","1","5/11/2022 14:17","","Return","","192","5/5/2022","803140",NA,NA,NA,NA,NA,NA,NA,NA,NA,NA,NA,NA,NA,NA,NA,NA,NA,NA,"",2022,"SMMP",18
"110709","R","299110810","NOCA","92","5","1","4","1","0","41.6","2022-05-06","07:00","MPB","MPB","E1","","FALSE","","","FALSE","FALSE","","","MBO","300","7","89","SMMP2022","","","","","","","","","","","","","","","","","","","","",NA,NA,NA,NA,NA,NA,NA,NA,NA,NA,NA,NA,NA,NA,NA,NA,NA,NA,NA,NA,NA,"","","","","","","","","","","","","","7/11/2022 16:48","1","5/11/2022 14:17","","Return","","263","5/6/2022","803147",NA,NA,NA,NA,NA,NA,NA,NA,NA,NA,NA,NA,NA,NA,NA,NA,NA,NA,"",2022,"SMMP",18
"110869","R","265166977","NOCA","96","1","1","4","1","0","45.3","2022-05-11","06:40","SLS","SLS","D1","","FALSE","","","FALSE","FALSE","","","MBO","300","7","89","SMMP2022","","","","","","","","","","","","","","","","","","","","",NA,NA,NA,NA,NA,NA,NA,NA,NA,NA,NA,NA,NA,NA,NA,NA,NA,NA,NA,NA,NA,"","","","","","","","","","","","","","7/11/2022 16:48","1","5/25/2022 14:41","","Return","","283","5/11/2022","803787",NA,NA,NA,NA,NA,NA,NA,NA,NA,NA,NA,NA,NA,NA,NA,NA,NA,NA,"",2022,"SMMP",19
"111586","R","256109311","NOCA","93","1","1","4","1","0","45.1","2022-05-24","08:30","CIB","CIB","C2","","FALSE","","","FALSE","FALSE","","","MBO","300","7","89","SMMP2022","","","","","","","","","","","","","","","","","","","","",NA,NA,NA,NA,NA,NA,NA,NA,NA,NA,NA,NA,NA,NA,NA,NA,NA,NA,NA,NA,NA,"","","","","","","","","","","","","","7/11/2022 16:48","1","5/26/2022 8:30","","Return","","390","5/24/2022","803910",NA,NA,NA,NA,NA,NA,NA,NA,NA,NA,NA,NA,NA,NA,NA,NA,NA,NA,"",2022,"SMMP",21
"111688","1","299110927","NOCA","90","1","1","5","B","0","45.3","2022-05-30","05:20","SID","SID","H1","","FALSE","","","FALSE","FALSE","","","MBO","300","","","SMMP2022","","","","","","","","","","","","","","","","","","","","",NA,NA,NA,NA,NA,NA,NA,NA,NA,NA,NA,NA,NA,NA,NA,NA,NA,NA,NA,NA,NA,"","","","","","","","","","","","","","7/11/2022 16:48","1","6/2/2022 11:06","","Banded","","","5/30/2022","804027",NA,NA,NA,NA,NA,NA,NA,NA,NA,NA,NA,NA,NA,NA,NA,NA,NA,NA,"",2022,"SMMP",22
"111756","R","299103042","NOCA","90","1","1","5","B","1","45.7","2022-06-01","09:20","SLS","LAT","E1","","FALSE","","","FALSE","FALSE","","","MBO","300","7","89","SMMP2022","","","","","","","","","","","","","","","","","","","","",NA,NA,NA,NA,NA,NA,NA,NA,NA,NA,NA,NA,NA,NA,NA,NA,NA,NA,NA,NA,NA,"","","","","","","","","","","","","","7/11/2022 16:48","1","6/2/2022 11:36","","Return","","211","6/1/2022","804077",NA,NA,NA,NA,NA,NA,NA,NA,NA,NA,NA,NA,NA,NA,NA,NA,NA,NA,"",2022,"SMMP",22
"111765","R","299102999","NOCA","92","1","1","4","C","1","43.7","2022-06-08","06:40","SID","SID","M8","","FALSE","","","FALSE","FALSE","","","MBO","300","7","89","MAPS2022","","","","","","","","","","","","","","","","","","","","",NA,NA,NA,NA,NA,NA,NA,NA,NA,NA,NA,NA,NA,NA,NA,NA,NA,NA,NA,NA,NA,"","","","","","","","","","","","","","7/26/2022 16:27","1","7/15/2022 12:40","","Return","","227","6/8/2022","804587",NA,NA,NA,NA,NA,NA,NA,NA,NA,NA,NA,NA,NA,NA,NA,NA,NA,NA,"",2022,"MAPS",23
"111797","1","299110938","NOCA","89","5","1","4","C","0","38.2","2022-06-19","06:00","SID","SID","M7","","FALSE","","","FALSE","FALSE","","","MBO","300","","","MAPS2022","","","","","","","","","","","","","","","","","","","","",NA,NA,NA,NA,NA,NA,NA,NA,NA,NA,NA,NA,NA,NA,NA,NA,NA,NA,NA,NA,NA,"","","","","","","","","","","","","","7/26/2022 16:27","1","7/15/2022 11:36","","Banded","","","6/19/2022","804564",NA,NA,NA,NA,NA,NA,NA,NA,NA,NA,NA,NA,NA,NA,NA,NA,NA,NA,"",2022,"MAPS",25
"111864","R","299102918","NOCA","91","1","1","5","B","1","42.5","2022-07-06","10:50","SID","SID","M6","","FALSE","","","TRUE","FALSE","","","MBO","300","7","89","MAPS2022","","","","","","","","","","","","","","","","","","","","",NA,NA,NA,NA,NA,NA,NA,NA,NA,NA,NA,NA,NA,NA,NA,NA,NA,NA,NA,NA,NA,"","","","","","","","","","","","","","7/26/2022 16:27","1","7/15/2022 12:40","","Repeat","","62","7/6/2022","804618",NA,NA,NA,NA,NA,NA,NA,NA,NA,NA,NA,NA,NA,NA,NA,NA,NA,NA,"",2022,"MAPS",27
"111887","R","265167089","NOCA","94","1","1","4","C","0","42.8","2022-07-13","09:50","CIB","SID","M3","","FALSE","","","FALSE","FALSE","","","MBO","300","7","89","MAPS2022","","","","","","","","","","","","","","","","","","","","",NA,NA,NA,NA,NA,NA,NA,NA,NA,NA,NA,NA,NA,NA,NA,NA,NA,NA,NA,NA,NA,"","","","","","","","","","","","","","7/26/2022 16:27","1","7/15/2022 12:40","","Return","","399","7/13/2022","804624",NA,NA,NA,NA,NA,NA,NA,NA,NA,NA,NA,NA,NA,NA,NA,NA,NA,NA,"",2022,"MAPS",28
"111917","R","299102937","NOCA","90","1","1","5","1","0","43.8","2022-07-22","07:40","CIB","SID","M3","","FALSE","","","FALSE","FALSE","","","MBO","300","7","89","MAPS2022","","","","","","","","","","","","","","","","","","","","",NA,NA,NA,NA,NA,NA,NA,NA,NA,NA,NA,NA,NA,NA,NA,NA,NA,NA,NA,NA,NA,"","","","","","","","","","","","","","7/26/2022 16:27","1","7/26/2022 11:54","","Return","","349","7/22/2022","804977",NA,NA,NA,NA,NA,NA,NA,NA,NA,NA,NA,NA,NA,NA,NA,NA,NA,NA,"",2022,"MAPS",29
"111946","1","299110954","NOCA","89","2","1","0","1","1","38.9","2022-07-30","06:10","SID","SID","M5","","FALSE","","","FALSE","FALSE","","","MBO","300","","","MAPS2022","","","","","","","","","","","","","","","","","","","","",NA,NA,NA,NA,NA,NA,NA,NA,NA,NA,NA,NA,NA,NA,NA,NA,NA,NA,NA,NA,NA,"","","","","","","","","","","","","","1/11/2023 15:02","1","8/1/2022 15:11","8/1/2022 15:27","Banded","","","7/30/2022","805184",NA,NA,NA,NA,NA,NA,NA,NA,NA,NA,NA,NA,NA,NA,NA,NA,NA,NA,"",2022,"MAPS",31
"112012","R","299110810","NOCA","93","1","1","4","1","1","44","2022-08-01","09:20","ACM","ACM","B2","","FALSE","","","FALSE","FALSE","","","MBO","300","7","89","FMMP2022","","","","","","","","","","","","","","","","","","","","",NA,NA,NA,NA,NA,NA,NA,NA,NA,NA,NA,NA,NA,NA,NA,NA,NA,NA,NA,NA,NA,"","","","","","","","","","","","","","1/11/2023 15:02","1","8/2/2022 12:09","","Repeat","","87","8/1/2022","805350",NA,NA,NA,NA,NA,NA,NA,NA,NA,NA,NA,NA,NA,NA,NA,NA,NA,NA,"",2022,"FMMP",31
"112028","1","299110963","NOCA","84","2","S","5","1","0","40","2022-08-02","07:20","SLS","NFM","N1","","FALSE","","","TRUE","FALSE","","","MBO","300","","","FMMP2022","","","","","","","","","","","","","","","","","","","","",NA,NA,NA,NA,NA,NA,NA,NA,NA,NA,NA,NA,NA,NA,NA,NA,NA,NA,NA,NA,NA,"","","","","","","","","","","","","","1/11/2023 15:02","1","8/2/2022 11:46","","Banded","","","8/2/2022","805340",NA,NA,NA,NA,NA,NA,NA,NA,NA,NA,NA,NA,NA,NA,NA,NA,NA,NA,"",2022,"FMMP",31
"112029","1","299110964","NOCA","91","2","S","4","1","0","39.8","2022-08-02","07:30","MPB","MPB","E1","","FALSE","","","FALSE","FALSE","","","MBO","300","","","FMMP2022","","","","","","","","","","","","","","","","","","","","",NA,NA,NA,NA,NA,NA,NA,NA,NA,NA,NA,NA,NA,NA,NA,NA,NA,NA,NA,NA,NA,"","","","","","","","","","","","","","1/11/2023 15:02","1","8/2/2022 11:46","","Banded","","","8/2/2022","805341",NA,NA,NA,NA,NA,NA,NA,NA,NA,NA,NA,NA,NA,NA,NA,NA,NA,NA,"",2022,"FMMP",31
"112030","1","299110965","NOCA","93","1","1","4","1","0","45.3","2022-08-02","07:30","MPB","MPB","D2","","FALSE","","","FALSE","FALSE","","","MBO","300","","","FMMP2022","","","","","","","","","","","","","","","","","","","","",NA,NA,NA,NA,NA,NA,NA,NA,NA,NA,NA,NA,NA,NA,NA,NA,NA,NA,NA,NA,NA,"","","","","","","","","","","","","","1/11/2023 15:02","1","8/2/2022 11:46","","Banded","","","8/2/2022","805342",NA,NA,NA,NA,NA,NA,NA,NA,NA,NA,NA,NA,NA,NA,NA,NA,NA,NA,"",2022,"FMMP",31
"112040","1","299110967","NOCA","88","2","1","4","1","0","40.5","2022-08-02","09:00","SLS","NFM","B2","","FALSE","","","TRUE","FALSE","","","MBO","300","","","FMMP2022","","","","","","","","","","","","","","","","","","","","",NA,NA,NA,NA,NA,NA,NA,NA,NA,NA,NA,NA,NA,NA,NA,NA,NA,NA,NA,NA,NA,"","","","","","","","","","","","","","1/11/2023 15:02","1","8/2/2022 11:47","","Banded","","","8/2/2022","805344",NA,NA,NA,NA,NA,NA,NA,NA,NA,NA,NA,NA,NA,NA,NA,NA,NA,NA,"",2022,"FMMP",31
"112117","1","299110977","NOCA","87","2","1","4","1","0","41","2022-08-05","07:40","KML","KML","N3","","FALSE","","","FALSE","FALSE","","","MBO","300","","","FMMP2022","","","","","","","","","","","","","","","","","","","","",NA,NA,NA,NA,NA,NA,NA,NA,NA,NA,NA,NA,NA,NA,NA,NA,NA,NA,NA,NA,NA,"","","","","","","","","","","","","","1/11/2023 15:02","1","8/16/2022 13:01","","Banded","","","8/5/2022","805584",NA,NA,NA,NA,NA,NA,NA,NA,NA,NA,NA,NA,NA,NA,NA,NA,NA,NA,"",2022,"FMMP",31
"112133","R","299110963","NOCA","84","2","1","5","1","0","41","2022-08-05","11:00","ACM","ACM","N3","","FALSE","","","FALSE","FALSE","","","MBO","300","7","89","FMMP2022","","","","","","","","","","","","","","","","","","","","",NA,NA,NA,NA,NA,NA,NA,NA,NA,NA,NA,NA,NA,NA,NA,NA,NA,NA,NA,NA,NA,"","","","","","","","","","","","","","1/11/2023 15:02","1","8/16/2022 14:13","","Repeat","","3","8/5/2022","805654",NA,NA,NA,NA,NA,NA,NA,NA,NA,NA,NA,NA,NA,NA,NA,NA,NA,NA,"",2022,"FMMP",31
"112143","1","299110984","NOCA","90","2","1","4","1","0","39.9","2022-08-06","06:40","ACM","ACM","C2","","FALSE","","","FALSE","FALSE","","","MBO","300","","","FMMP2022","","","","","","","","","","","","","","","","","","","","",NA,NA,NA,NA,NA,NA,NA,NA,NA,NA,NA,NA,NA,NA,NA,NA,NA,NA,NA,NA,NA,"","","","","","","","","","","","","","1/11/2023 15:02","1","8/16/2022 13:02","","Banded","","","8/6/2022","805591",NA,NA,NA,NA,NA,NA,NA,NA,NA,NA,NA,NA,NA,NA,NA,NA,NA,NA,"",2022,"FMMP",32
"112159","1","299110985","NOCA","89","2","1","5","1","0","40.1","2022-08-06","09:30","ACM","ACM","N1","","FALSE","","","FALSE","FALSE","","","MBO","300","","","FMMP2022","","","","","","","","","","","","","","","","","","","","",NA,NA,NA,NA,NA,NA,NA,NA,NA,NA,NA,NA,NA,NA,NA,NA,NA,NA,NA,NA,NA,"","","","","","","","","","","","","","1/11/2023 15:02","1","8/16/2022 13:03","","Banded","","","8/6/2022","805592",NA,NA,NA,NA,NA,NA,NA,NA,NA,NA,NA,NA,NA,NA,NA,NA,NA,NA,"",2022,"FMMP",32
"112166","1","299110986","NOCA","93","2","1","4","1","0","45","2022-08-07","06:20","ACM","ACM","N1","","FALSE","","","FALSE","FALSE","","","MBO","300","","","FMMP2022","","","","","","","","","","","","","","","","","","","","",NA,NA,NA,NA,NA,NA,NA,NA,NA,NA,NA,NA,NA,NA,NA,NA,NA,NA,NA,NA,NA,"","","","","","","","","","","","","","1/11/2023 15:02","1","8/16/2022 13:03","","Banded","","","8/7/2022","805593",NA,NA,NA,NA,NA,NA,NA,NA,NA,NA,NA,NA,NA,NA,NA,NA,NA,NA,"",2022,"FMMP",32
"112215","R","273116835","NOCA","90","1","1","5","B","0","48.1","2022-08-08","09:00","SLS","SLS","C2","","FALSE","","","TRUE","FALSE","","","MBO","300","7","89","FMMP2022","","","","","","","","","","","","","","","","","","","","",NA,NA,NA,NA,NA,NA,NA,NA,NA,NA,NA,NA,NA,NA,NA,NA,NA,NA,NA,NA,NA,"","","","","","","","","","","","","","1/11/2023 15:02","1","8/16/2022 14:13","","Return","","1013","8/8/2022","805667",NA,NA,NA,NA,NA,NA,NA,NA,NA,NA,NA,NA,NA,NA,NA,NA,NA,NA,"",2022,"FMMP",32
"112252","1","299110996","NOCA","96","2","1","5","1","0","36.5","2022-08-09","10:40","ACM","ACM","E2","","FALSE","","","TRUE","FALSE","","","MBO","300","","","FMMP2022","","","","","","","","","","","","","","","","","","","","",NA,NA,NA,NA,NA,NA,NA,NA,NA,NA,NA,NA,NA,NA,NA,NA,NA,NA,NA,NA,NA,"","","","","","","","","","","","","","1/11/2023 15:02","1","8/16/2022 13:05","","Banded","","","8/9/2022","805603",NA,NA,NA,NA,NA,NA,NA,NA,NA,NA,NA,NA,NA,NA,NA,NA,NA,NA,"",2022,"FMMP",32
"112259","1","299110997","NOCA","85","2","1","5","1","0","35.4","2022-08-10","06:20","ACM","ACM","N1","","FALSE","","","FALSE","FALSE","","","MBO","300","","","FMMP2022","","","","","","","","","","","","","","","","","","","","",NA,NA,NA,NA,NA,NA,NA,NA,NA,NA,NA,NA,NA,NA,NA,NA,NA,NA,NA,NA,NA,"","","","","","","","","","","","","","1/11/2023 15:02","1","8/16/2022 13:05","","Banded","","","8/10/2022","805604",NA,NA,NA,NA,NA,NA,NA,NA,NA,NA,NA,NA,NA,NA,NA,NA,NA,NA,"",2022,"FMMP",32
"112317","1","299119203","NOCA","87","2","1","5","1","0","36.4","2022-08-11","08:20","ACM","ACM","D3","","FALSE","","","FALSE","FALSE","","","MBO","300","","","FMMP2022","","","","","","","","","","","","","","","","","","","","",NA,NA,NA,NA,NA,NA,NA,NA,NA,NA,NA,NA,NA,NA,NA,NA,NA,NA,NA,NA,NA,"","","","","","","","","","","","","","1/11/2023 15:02","1","8/16/2022 13:09","","Banded","","","8/11/2022","805610",NA,NA,NA,NA,NA,NA,NA,NA,NA,NA,NA,NA,NA,NA,NA,NA,NA,NA,"",2022,"FMMP",32
"112341","1","299119206","NOCA","84","2","1","0","1","0","40.5","2022-08-12","08:00","SID","SID","B2","","FALSE","","","FALSE","FALSE","","","MBO","300","","","FMMP2022","","","","","","","","","","","","","","","","","","","","",NA,NA,NA,NA,NA,NA,NA,NA,NA,NA,NA,NA,NA,NA,NA,NA,NA,NA,NA,NA,NA,"","","","","","","","","","","","","","1/11/2023 15:02","1","8/16/2022 13:10","","Banded","","","8/12/2022","805613",NA,NA,NA,NA,NA,NA,NA,NA,NA,NA,NA,NA,NA,NA,NA,NA,NA,NA,"",2022,"FMMP",32
"112388","1","299119214","NOCA","86","2","1","4","1","0","41.6","2022-08-14","09:30","ALH","ALH","N3","","FALSE","","","FALSE","FALSE","","","MBO","300","","","FMMP2022","","","","","","","","","","","","","","","","","","","","",NA,NA,NA,NA,NA,NA,NA,NA,NA,NA,NA,NA,NA,NA,NA,NA,NA,NA,NA,NA,NA,"","","","","","","","","","","","","","1/11/2023 15:02","1","8/30/2022 8:58","","Banded","","","8/14/2022","805826",NA,NA,NA,NA,NA,NA,NA,NA,NA,NA,NA,NA,NA,NA,NA,NA,NA,NA,"",2022,"FMMP",33
"112405","R","299110963","NOCA","84","2","1","5","1","0","42.2","2022-08-15","10:10","SLS","SLS","C2","","FALSE","","","FALSE","FALSE","","","MBO","300","7","89","FMMP2022","","","","","","","","","","","","","","","","","","","","",NA,NA,NA,NA,NA,NA,NA,NA,NA,NA,NA,NA,NA,NA,NA,NA,NA,NA,NA,NA,NA,"","","","","","","","","","","","","","1/11/2023 15:02","1","8/30/2022 9:51","","Repeat","","10","8/15/2022","805867",NA,NA,NA,NA,NA,NA,NA,NA,NA,NA,NA,NA,NA,NA,NA,NA,NA,NA,"",2022,"FMMP",33
"112408","R","299110996","NOCA","83","2","1","5","1","0","37.2","2022-08-15","11:10","SLS","SLS","B2","","FALSE","","","FALSE","FALSE","","","MBO","300","7","89","FMMP2022","","","","","","","","","","","","","","","","","","","","",NA,NA,NA,NA,NA,NA,NA,NA,NA,NA,NA,NA,NA,NA,NA,NA,NA,NA,NA,NA,NA,"","","","","","","","","","","","","","1/11/2023 15:02","1","8/30/2022 9:51","","Repeat","","6","8/15/2022","805868",NA,NA,NA,NA,NA,NA,NA,NA,NA,NA,NA,NA,NA,NA,NA,NA,NA,NA,"",2022,"FMMP",33
"112485","R","299110997","NOCA","83","2","1","5","1","0","39.2","2022-08-19","08:50","CIB","CIB","D2","","FALSE","","","FALSE","FALSE","","","MBO","300","7","89","FMMP2022","","","","","","","","","","","","","","","","","","","","",NA,NA,NA,NA,NA,NA,NA,NA,NA,NA,NA,NA,NA,NA,NA,NA,NA,NA,NA,NA,NA,"","","","","","","","","","","","","","1/11/2023 15:02","1","8/30/2022 9:51","","Repeat","","9","8/19/2022","805881",NA,NA,NA,NA,NA,NA,NA,NA,NA,NA,NA,NA,NA,NA,NA,NA,NA,NA,"",2022,"FMMP",33
"112944","R","299110967","NOCA","88","2","1","4","1","0","41.6","2022-09-06","07:20","SID","SID","B3","","FALSE","","","FALSE","FALSE","","","MBO","300","7","89","FMMP2022","","","","","","","","","","","","","","","","","","","","",NA,NA,NA,NA,NA,NA,NA,NA,NA,NA,NA,NA,NA,NA,NA,NA,NA,NA,NA,NA,NA,"","","","","","","","","","","","","","1/11/2023 15:02","1","11/4/2022 10:46","","Repeat","","35","9/6/2022","807077",NA,NA,NA,NA,NA,NA,NA,NA,NA,NA,NA,NA,NA,NA,NA,NA,NA,NA,"",2022,"FMMP",36
"113700","1","299119275","NOCA","87","2","1","5","1","0","41.7","2022-09-24","07:50","STD","STD","C1","","FALSE","","","FALSE","FALSE","","","MBO","300","","","FMMP2022","","","","","","","","","","","","","","","","","","","","",NA,NA,NA,NA,NA,NA,NA,NA,NA,NA,NA,NA,NA,NA,NA,NA,NA,NA,NA,NA,NA,"","","","","","","","","","","","","","1/11/2023 15:02","1","11/3/2022 14:09","","Banded","","","9/24/2022","806595",NA,NA,NA,NA,NA,NA,NA,NA,NA,NA,NA,NA,NA,NA,NA,NA,NA,NA,"",2022,"FMMP",39
"114434","R","299110997","NOCA","89","2","1","5","1","0","43.3","2022-10-07","08:30","ACM","BF","D1","TAG 208","FALSE","","","FALSE","FALSE","","","MBO","381","7","89","FMMP2022","","","","","","","","","","","","","","","","","","","","",NA,NA,NA,NA,NA,NA,NA,NA,NA,NA,NA,NA,NA,NA,NA,NA,NA,NA,NA,NA,NA,"","","","","","","","","","","","","","1/11/2023 15:02","1","11/16/2022 10:58","","Repeat","","49","10/7/2022","808844",NA,NA,NA,NA,NA,NA,NA,NA,NA,NA,NA,NA,NA,NA,NA,NA,NA,NA,"",2022,"FMMP",40
"114509","1","299119285","NOCA","95","2","1","4","1","0","46.3","2022-10-09","07:20","LNA","STD","A2","TAG 207","FALSE","","","FALSE","FALSE","","","MBO","381","","","FMMP2022","","","","","","","","","","","","","","","","","","","","",NA,NA,NA,NA,NA,NA,NA,NA,NA,NA,NA,NA,NA,NA,NA,NA,NA,NA,NA,NA,NA,"","","","","","","","","","","","","","1/11/2023 15:02","1","11/14/2022 21:20","","Banded","","","10/9/2022","808696",NA,NA,NA,NA,NA,NA,NA,NA,NA,NA,NA,NA,NA,NA,NA,NA,NA,NA,"",2022,"FMMP",41
"114627","R","299103034","NOCA","95","1","S","4","1","0","50","2022-10-12","07:10","ACM","ACM","N1","TAG 206","FALSE","","","FALSE","FALSE","","","MBO","381","7","89","FMMP2022","","","","","","","","","","","","","","","","","","","","",NA,NA,NA,NA,NA,NA,NA,NA,NA,NA,NA,NA,NA,NA,NA,NA,NA,NA,NA,NA,NA,"","","","","","","","","","","","","","1/11/2023 15:02","1","11/16/2022 11:26","","Return","","169","10/12/2022","808880",NA,NA,NA,NA,NA,NA,NA,NA,NA,NA,NA,NA,NA,NA,NA,NA,NA,NA,"",2022,"FMMP",41
"114784","R","299119203","NOCA","91","2","S","5","1","0","41.4","2022-10-14","09:00","ACM","ACM","E1","TAG 209","FALSE","","","FALSE","FALSE","","","MBO","381","7","89","FMMP2022","","","","","","","","","","","","","","","","","","","","",NA,NA,NA,NA,NA,NA,NA,NA,NA,NA,NA,NA,NA,NA,NA,NA,NA,NA,NA,NA,NA,"","","","","","","","","","","","","","1/11/2023 15:02","1","11/16/2022 11:45","","Repeat","","64","10/14/2022","808919",NA,NA,NA,NA,NA,NA,NA,NA,NA,NA,NA,NA,NA,NA,NA,NA,NA,NA,"",2022,"FMMP",41
"114785","1","299119292","NOCA","90","2","1","5","1","0","45.1","2022-10-14","09:00","ACM","ACM","D4","TAG 210","FALSE","","","FALSE","FALSE","","","MBO","381","","","FMMP2022","","","","","","","","","","","","","","","","","","","","",NA,NA,NA,NA,NA,NA,NA,NA,NA,NA,NA,NA,NA,NA,NA,NA,NA,NA,NA,NA,NA,"","","","","","","","","","","","","","1/11/2023 15:02","1","11/14/2022 21:21","","Banded","","","10/14/2022","808703",NA,NA,NA,NA,NA,NA,NA,NA,NA,NA,NA,NA,NA,NA,NA,NA,NA,NA,"",2022,"FMMP",41
"114874","R","299110965","NOCA","98","0","1","4","1","1","45.7","2022-10-15","12:00","HPT","LNA","A2","","FALSE","","","TRUE","FALSE","","","MBO","300","7","89","FMMP2022","","","","","","","","","","","","","","","","","","","","",NA,NA,NA,NA,NA,NA,NA,NA,NA,NA,NA,NA,NA,NA,NA,NA,NA,NA,NA,NA,NA,"","","","","","","","","","","","","","1/11/2023 15:02","1","11/16/2022 11:45","","Repeat","","74","10/15/2022","808938",NA,NA,NA,NA,NA,NA,NA,NA,NA,NA,NA,NA,NA,NA,NA,NA,NA,NA,"",2022,"FMMP",42
"114935","1","299119295","NOCA","91","1","S","5","1","1","39.6","2022-10-17","08:50","ACM","ACM","H2","TAG 211","FALSE","","","FALSE","FALSE","","","MBO","381","","","FMMP2022","","","","","","","","","","","","","","","","","","","","",NA,NA,NA,NA,NA,NA,NA,NA,NA,NA,NA,NA,NA,NA,NA,NA,NA,NA,NA,NA,NA,"","","","","","","","","","","","","","1/11/2023 15:02","1","11/14/2022 21:21","","Banded","","","10/17/2022","808706",NA,NA,NA,NA,NA,NA,NA,NA,NA,NA,NA,NA,NA,NA,NA,NA,NA,NA,"",2022,"FMMP",42
"115163","1","299127705","NOCA","91","0","1","5","1","1","38.2","2022-10-22","08:10","LNA","LNA","N1","","FALSE","","","FALSE","FALSE","","","MBO","300","","","FMMP2022","","","","","","","","","","","","","","","","","","","","",NA,NA,NA,NA,NA,NA,NA,NA,NA,NA,NA,NA,NA,NA,NA,NA,NA,NA,NA,NA,NA,"","","","","","","","","","","","","","1/11/2023 15:02","1","11/14/2022 21:30","","Banded","","","10/22/2022","808716",NA,NA,NA,NA,NA,NA,NA,NA,NA,NA,NA,NA,NA,NA,NA,NA,NA,NA,"",2022,"FMMP",43
"115226","1","299127710","NOCA","88","2","1","4","1","0","38.2","2022-10-23","08:20","STD","MLR","N1","TAG 213","FALSE","","","FALSE","FALSE","","","MBO","381","","","FMMP2022","","","","","","","","","","","","","","","","","","","","",NA,NA,NA,NA,NA,NA,NA,NA,NA,NA,NA,NA,NA,NA,NA,NA,NA,NA,NA,NA,NA,"","","","","","","","","","","","","","1/11/2023 15:02","1","11/14/2022 21:31","","Banded","","","10/23/2022","808721",NA,NA,NA,NA,NA,NA,NA,NA,NA,NA,NA,NA,NA,NA,NA,NA,NA,NA,"",2022,"FMMP",43
"115276","R","299119203","NOCA","92","0","1","5","1","0","40.9","2022-10-23","12:20","STD","LNA","N3","TAG 209","FALSE","","","FALSE","FALSE","","","MBO","381","7","89","FMMP2022","","","","","","","","","","","","","","","","","","","","",NA,NA,NA,NA,NA,NA,NA,NA,NA,NA,NA,NA,NA,NA,NA,NA,NA,NA,NA,NA,NA,"","","","","","","","","","","","","","1/11/2023 15:02","1","11/16/2022 12:38","","Repeat","","9","10/23/2022","809017",NA,NA,NA,NA,NA,NA,NA,NA,NA,NA,NA,NA,NA,NA,NA,NA,NA,NA,"",2022,"FMMP",43
"115359","1","299127712","NOCA","92","2","S","5","1","1","43.4","2022-10-24","10:40","ACM","ACM","H1","TAG 212","FALSE","","","FALSE","FALSE","","","MBO","381","","","FMMP2022","","","","","","","","","","","","","","","","","","","","",NA,NA,NA,NA,NA,NA,NA,NA,NA,NA,NA,NA,NA,NA,NA,NA,NA,NA,NA,NA,NA,"","","","","","","","","","","","","","1/11/2023 15:02","1","11/14/2022 21:32","","Banded","","","10/24/2022","808723",NA,NA,NA,NA,NA,NA,NA,NA,NA,NA,NA,NA,NA,NA,NA,NA,NA,NA,"",2022,"FMMP",43
"115366","R","299102936","NOCA","95","1","S","4","1","1","49.1","2022-10-24","11:20","ACM","ACM","N1","TAG 214","FALSE","","","FALSE","FALSE","","","MBO","381","7","89","FMMP2022","","","","","","","","","","","","","","","","","","","","",NA,NA,NA,NA,NA,NA,NA,NA,NA,NA,NA,NA,NA,NA,NA,NA,NA,NA,NA,NA,NA,"","","","","","","","","","","","","","1/11/2023 15:02","1","11/16/2022 12:38","","Return","","379","10/24/2022","809019",NA,NA,NA,NA,NA,NA,NA,NA,NA,NA,NA,NA,NA,NA,NA,NA,NA,NA,"",2022,"FMMP",43
"115468","1","299127719","NOCA","88","0","1","5","1","1","41.4","2022-10-26","08:10","STD","STD","H2","TAG 215","FALSE","","","FALSE","FALSE","","","MBO","381","","","FMMP2022","","","","","","","","","","","","","","","","","","","","",NA,NA,NA,NA,NA,NA,NA,NA,NA,NA,NA,NA,NA,NA,NA,NA,NA,NA,NA,NA,NA,"","","","","","","","","","","","","","1/11/2023 15:02","1","11/14/2022 21:37","","Banded","","","10/26/2022","808730",NA,NA,NA,NA,NA,NA,NA,NA,NA,NA,NA,NA,NA,NA,NA,NA,NA,NA,"",2022,"FMMP",43
"115496","R","299127710","NOCA","83","2","1","4","1","0","40.6","2022-10-26","12:10","STD","STD","H1","TAG 213","FALSE","","","TRUE","FALSE","","","MBO","381","7","89","FMMP2022","","","","","","","","","","","","","","","","","","","","",NA,NA,NA,NA,NA,NA,NA,NA,NA,NA,NA,NA,NA,NA,NA,NA,NA,NA,NA,NA,NA,"","","","","","","","","","","","","","1/11/2023 15:02","1","11/16/2022 12:40","","Repeat","","3","10/26/2022","809068",NA,NA,NA,NA,NA,NA,NA,NA,NA,NA,NA,NA,NA,NA,NA,NA,NA,NA,"",2022,"FMMP",43
"115531","1","299127727","NOCA","83","2","1","5","1","0","40.8","2022-10-27","10:30","ALH","ALH","E2","TAG 216","FALSE","","","FALSE","FALSE","","","MBO","300","","","FMMP2022","","","","","","","","","","","","","","","","","","","","",NA,NA,NA,NA,NA,NA,NA,NA,NA,NA,NA,NA,NA,NA,NA,NA,NA,NA,NA,NA,NA,"","","","","","","","","","","","","","1/11/2023 15:02","1","11/14/2022 21:40","","Banded","","","10/27/2022","808738",NA,NA,NA,NA,NA,NA,NA,NA,NA,NA,NA,NA,NA,NA,NA,NA,NA,NA,"",2022,"FMMP",43
"115535","1","299127728","NOCA","90","2","1","4","1","0","46.9","2022-10-27","11:30","ALH","ALH","B3","TAG 217","FALSE","","","FALSE","FALSE","","","MBO","381","","","FMMP2022","","","","","","","","","","","","","","","","","","","","",NA,NA,NA,NA,NA,NA,NA,NA,NA,NA,NA,NA,NA,NA,NA,NA,NA,NA,NA,NA,NA,"","","","","","","","","","","","","","1/11/2023 15:02","1","11/14/2022 21:40","","Banded","","","10/27/2022","808739",NA,NA,NA,NA,NA,NA,NA,NA,NA,NA,NA,NA,NA,NA,NA,NA,NA,NA,"",2022,"FMMP",43
"115542","1","299127729","NOCA","94","0","1","4","1","0","44.7","2022-10-28","07:50","MPB","MDU","A1","TAG 218","FALSE","","","FALSE","FALSE","","","MBO","381","","","FMMP2022","","","","","","","","","","","","","","","","","","","","",NA,NA,NA,NA,NA,NA,NA,NA,NA,NA,NA,NA,NA,NA,NA,NA,NA,NA,NA,NA,NA,"","","","","","","","","","","","","","1/11/2023 15:02","1","11/14/2022 21:41","","Banded","","","10/28/2022","808740",NA,NA,NA,NA,NA,NA,NA,NA,NA,NA,NA,NA,NA,NA,NA,NA,NA,NA,"",2022,"FMMP",43
"115599","1","299127733","NOCA","90","0","1","5","1","0","41.1","2022-10-29","10:40","STD","STD","E2","","FALSE","","","FALSE","FALSE","","","MBO","300","","","FMMP2022","","","","","","","","","","","","","","","","","","","","",NA,NA,NA,NA,NA,NA,NA,NA,NA,NA,NA,NA,NA,NA,NA,NA,NA,NA,NA,NA,NA,"","","","","","","","","","","","","","1/11/2023 15:02","1","11/14/2022 21:41","","Banded","","","10/29/2022","808744",NA,NA,NA,NA,NA,NA,NA,NA,NA,NA,NA,NA,NA,NA,NA,NA,NA,NA,"",2022,"FMMP",44
"115612","1","299127734","NOCA","87","2","1","5","1","0","41.1","2022-10-29","11:40","STD","STD","N3","","FALSE","","","FALSE","FALSE","","","MBO","300","","","FMMP2022","","","","","","","","","","","","","","","","","","","","",NA,NA,NA,NA,NA,NA,NA,NA,NA,NA,NA,NA,NA,NA,NA,NA,NA,NA,NA,NA,NA,"","","","","","","","","","","","","","1/11/2023 15:02","1","11/14/2022 21:41","","Banded","","","10/29/2022","808745",NA,NA,NA,NA,NA,NA,NA,NA,NA,NA,NA,NA,NA,NA,NA,NA,NA,NA,"",2022,"FMMP",44
"115706","1","299127738","NOCA","89","2","1","4","1","0","46","2022-10-31","12:00","ACM","ACM","B3","TAG 219","FALSE","","","FALSE","FALSE","","","MBO","381","","","FMMP2022","","","","","","","","","","","","","","","","","","","","",NA,NA,NA,NA,NA,NA,NA,NA,NA,NA,NA,NA,NA,NA,NA,NA,NA,NA,NA,NA,NA,"","","","","","","","","","","","","","1/11/2023 15:02","1","11/14/2022 21:42","","Banded","","","10/31/2022","808749",NA,NA,NA,NA,NA,NA,NA,NA,NA,NA,NA,NA,NA,NA,NA,NA,NA,NA,"",2022,"FMMP",44
"115726","1","299127739","NOCA","95","2","1","4","1","0","49.1","2022-11-02","10:30","ACM","PAS","N1","TAG 220","FALSE","","","FALSE","FALSE","","","MBO","381","","","FMMP2022","","","","","","","","","","","","","","","","","","","","",NA,NA,NA,NA,NA,NA,NA,NA,NA,NA,NA,NA,NA,NA,NA,NA,NA,NA,NA,NA,NA,"","","","","","","","","","","","","","1/11/2023 15:02","1","11/14/2022 21:42","","Banded","","","11/2/2022","808750",NA,NA,NA,NA,NA,NA,NA,NA,NA,NA,NA,NA,NA,NA,NA,NA,NA,NA,"",2022,"FMMP",44
"115755","1","299127741","NOCA","90","0","1","5","1","0","43.2","2022-11-03","10:20","ALH","MLR","H1","TAG 221","FALSE","","","FALSE","FALSE","","","MBO","381","","","FMMP2022","","","","","","","","","","","","","","","","","","","","",NA,NA,NA,NA,NA,NA,NA,NA,NA,NA,NA,NA,NA,NA,NA,NA,NA,NA,NA,NA,NA,"","","","","","","","","","","","","","1/11/2023 15:02","1","11/14/2022 21:43","","Banded","","","11/3/2022","808752",NA,NA,NA,NA,NA,NA,NA,NA,NA,NA,NA,NA,NA,NA,NA,NA,NA,NA,"",2022,"FMMP",44
"115756","R","299103042","NOCA","92","0","1","5","1","0","46.9","2022-11-03","10:30","ALH","MLR","H2","","FALSE","","","FALSE","FALSE","","","MBO","300","7","89","FMMP2022","","","","","","","","","","","","","","","","","","","","",NA,NA,NA,NA,NA,NA,NA,NA,NA,NA,NA,NA,NA,NA,NA,NA,NA,NA,NA,NA,NA,"","","","","","","","","","","","","","1/11/2023 15:02","1","11/16/2022 12:38","","Return","","155","11/3/2022","809059",NA,NA,NA,NA,NA,NA,NA,NA,NA,NA,NA,NA,NA,NA,NA,NA,NA,NA,"",2022,"FMMP",44
"115757","1","299127742","NOCA","91","0","1","5","1","","","2022-11-03","10:40","ALH","MLR","B3","NO FAT NO WEIGHT","FALSE","","","TRUE","FALSE","","","MBO","300","","","FMMP2022","","","","","","","","","","","","","","","","","","","","",NA,NA,NA,NA,NA,NA,NA,NA,NA,NA,NA,NA,NA,NA,NA,NA,NA,NA,NA,NA,NA,"","","","","","","","","","","","","","1/11/2023 15:02","1","11/14/2022 21:43","","Banded","","","11/3/2022","808753",NA,NA,NA,NA,NA,NA,NA,NA,NA,NA,NA,NA,NA,NA,NA,NA,NA,NA,"",2022,"FMMP",44
"115760","1","299127743","NOCA","94","2","1","4","1","0","45.3","2022-11-03","11:10","SLS","MLR","H1","","FALSE","","","FALSE","FALSE","","","MBO","300","","","FMMP2022","","","","","","","","","","","","","","","","","","","","",NA,NA,NA,NA,NA,NA,NA,NA,NA,NA,NA,NA,NA,NA,NA,NA,NA,NA,NA,NA,NA,"","","","","","","","","","","","","","1/11/2023 15:02","1","11/14/2022 21:43","","Banded","","","11/3/2022","808754",NA,NA,NA,NA,NA,NA,NA,NA,NA,NA,NA,NA,NA,NA,NA,NA,NA,NA,"",2022,"FMMP",44
"115761","1","299127744","NOCA","91","0","1","4","1","1","44","2022-11-03","11:20","SLS","MLR","A1","TAG 222","FALSE","","","FALSE","FALSE","","","MBO","381","","","FMMP2022","","","","","","","","","","","","","","","","","","","","",NA,NA,NA,NA,NA,NA,NA,NA,NA,NA,NA,NA,NA,NA,NA,NA,NA,NA,NA,NA,NA,"","","","","","","","","","","","","","1/11/2023 15:02","1","11/14/2022 21:43","","Banded","","","11/3/2022","808755",NA,NA,NA,NA,NA,NA,NA,NA,NA,NA,NA,NA,NA,NA,NA,NA,NA,NA,"",2022,"FMMP",44
"115770","1","299127745","NOCA","94","2","S","4","1","0","44.4","2022-11-04","08:30","MPB","ROC","B2","TAG 224","FALSE","","","FALSE","FALSE","","","MBO","381","","","FMMP2022","","","","","","","","","","","","","","","","","","","","",NA,NA,NA,NA,NA,NA,NA,NA,NA,NA,NA,NA,NA,NA,NA,NA,NA,NA,NA,NA,NA,"","","","","","","","","","","","","","1/11/2023 15:02","1","11/14/2022 21:44","","Banded","","","11/4/2022","808756",NA,NA,NA,NA,NA,NA,NA,NA,NA,NA,NA,NA,NA,NA,NA,NA,NA,NA,"",2022,"FMMP",44
"115771","1","299127746","NOCA","86","2","S","0","1","2","37.1","2022-11-04","08:30","MPB","ROC","N1","","FALSE","","","FALSE","FALSE","","","MBO","300","","","FMMP2022","","","","","","","","","","","","","","","","","","","","",NA,NA,NA,NA,NA,NA,NA,NA,NA,NA,NA,NA,NA,NA,NA,NA,NA,NA,NA,NA,NA,"","","","","","","","","","","","","","1/11/2023 15:02","1","11/14/2022 21:44","","Banded","","","11/4/2022","808757",NA,NA,NA,NA,NA,NA,NA,NA,NA,NA,NA,NA,NA,NA,NA,NA,NA,NA,"",2022,"FMMP",44
"115829","1","299127747","NOCA","91","0","1","4","1","2","45.2","2022-11-09","09:10","ACM","ACM","N1","TAG 223","FALSE","","","FALSE","FALSE","","","MBO","381","","","WINTER2022-23","","","","","","","","","","","","","","","","","","","","",NA,NA,NA,NA,NA,NA,NA,NA,NA,NA,NA,NA,NA,NA,NA,NA,NA,NA,NA,NA,NA,"","","","","","","","","","","","","","1/11/2023 15:02","1","1/11/2023 9:53","","Banded","","","11/9/2022","809634",NA,NA,NA,NA,NA,NA,NA,NA,NA,NA,NA,NA,NA,NA,NA,NA,NA,NA,"",2022,"WINT",45
"115833","1","299127748","NOCA","95","2","1","4","1","0","46.1","2022-11-09","09:20","ACM","CIB","V3","TAG 225","FALSE","","","FALSE","FALSE","","","MBO","381","","","WINTER2022-23","","","","","","","","","","","","","","","","","","","","",NA,NA,NA,NA,NA,NA,NA,NA,NA,NA,NA,NA,NA,NA,NA,NA,NA,NA,NA,NA,NA,"","","","","","","","","","","","","","1/11/2023 15:02","1","1/11/2023 9:53","","Banded","","","11/9/2022","809635",NA,NA,NA,NA,NA,NA,NA,NA,NA,NA,NA,NA,NA,NA,NA,NA,NA,NA,"",2022,"WINT",45
"115889","1","299127750","NOCA","88","0","1","4","1","0","43.3","2022-11-09","11:30","ACM","ACM","V3","TAG 216","FALSE","","","FALSE","FALSE","","","MBO","381","","","WINTER2022-23","","","","","","","","","","","","","","","","","","","","",NA,NA,NA,NA,NA,NA,NA,NA,NA,NA,NA,NA,NA,NA,NA,NA,NA,NA,NA,NA,NA,"","","","","","","","","","","","","","1/11/2023 15:02","1","1/11/2023 9:54","","Banded","","","11/9/2022","809637",NA,NA,NA,NA,NA,NA,NA,NA,NA,NA,NA,NA,NA,NA,NA,NA,NA,NA,"",2022,"WINT",45
