Lon,Lat,Station_ID,Date,Year,Month,Day,Max_temp,Min_temp,Mean_temp,Total_precip,Snow_on_grnd,Speed_max_gust_wind,,,,,,,,,,
-73.93,45.43,SADB_1,2022-01-01,2022,1,1,1,-2.4,-0.7,2,8,0,,,,,,,,,,
-73.93,45.43,SADB_1,2022-01-02,2022,1,2,-2.3,-16.3,-9.3,5.1,10,0,,,,,,,,,,
-73.93,45.43,SADB_1,2022-01-03,2022,1,3,-12.3,-23.5,-17.9,0,12,0,,,,,,,,,,
-73.93,45.43,SADB_1,2022-01-04,2022,1,4,-2.7,-18.4,-10.6,0,12,0,,,,,,,,,,
-73.93,45.43,SADB_1,2022-01-05,2022,1,5,2,-7.9,-2.9,0.6,11,0,,,,,,,,,,
-73.93,45.43,SADB_1,2022-01-06,2022,1,6,1.7,-8.1,-3.2,0,10,0,,,,,,,,,,
-73.93,45.43,SADB_1,2022-01-07,2022,1,7,-6.5,-15.5,-11,1.3,10,0,,,,,,,,,,
-73.93,45.43,SADB_1,2022-01-08,2022,1,8,-9,-20,-14.5,0,11,0,,,,,,,,,,
-73.93,45.43,SADB_1,2022-01-09,2022,1,9,3,-11.2,-4.1,3.8,10,0,,,,,,,,,,
-73.93,45.43,SADB_1,2022-01-10,2022,1,10,-7.2,-21.2,-14.2,0.4,10,0,,,,,,,,,,
-73.93,45.43,SADB_1,2022-01-11,2022,1,11,-15.2,-25.3,-20.2,0.2,11,0,,,,,,,,,,
-73.93,45.43,SADB_1,2022-01-12,2022,1,12,-9,-17.3,-13.2,0.8,10,0,,,,,,,,,,
-73.93,45.43,SADB_1,2022-01-13,2022,1,13,-7.6,-10.2,-8.9,1.1,16,0,,,,,,,,,,
-73.93,45.43,SADB_1,2022-01-14,2022,1,14,-7,-23.8,-15.4,0.2,13,0,,,,,,,,,,
-73.93,45.43,SADB_1,2022-01-15,2022,1,15,-19.8,-26,-22.9,0.2,13,0,,,,,,,,,,
-73.93,45.43,SADB_1,2022-01-16,2022,1,16,-13.2,-28,-20.6,0,13,0,,,,,,,,,,
-73.93,45.43,SADB_1,2022-01-17,2022,1,17,-3.4,-16.4,-9.9,7.7,18,0,,,,,,,,,,
-73.93,45.43,SADB_1,2022-01-18,2022,1,18,-6.7,-21.7,-14.2,0,22,0,,,,,,,,,,
-73.93,45.43,SADB_1,2022-01-19,2022,1,19,-6.2,-20.5,-13.4,4,19,0,,,,,,,,,,
-73.93,45.43,SADB_1,2022-01-20,2022,1,20,-6.8,-24.3,-15.6,0.2,23,0,,,,,,,,,,
-73.93,45.43,SADB_1,2022-01-21,2022,1,21,-17.6,-29.5,-23.5,0.2,23,0,,,,,,,,,,
-73.93,45.43,SADB_1,2022-01-22,2022,1,22,-16,-32.4,-24.2,0,22,0,,,,,,,,,,
-73.93,45.43,SADB_1,2022-01-23,2022,1,23,-8.6,-24,-16.3,0,22,0,,,,,,,,,,
-73.93,45.43,SADB_1,2022-01-24,2022,1,24,-12.5,-27.6,-20,0.2,21,0,,,,,,,,,,
-73.93,45.43,SADB_1,2022-01-25,2022,1,25,-10.1,-18,-14.1,0.4,22,0,,,,,,,,,,
-73.93,45.43,SADB_1,2022-01-26,2022,1,26,-16.8,-28.1,-22.5,0.2,23,0,,,,,,,,,,
-73.93,45.43,SADB_1,2022-01-27,2022,1,27,-4.6,-26.9,-15.8,1.6,23,0,,,,,,,,,,
-73.93,45.43,SADB_1,2022-01-28,2022,1,28,-4.1,-24,-14,0.9,28,0,,,,,,,,,,
-73.93,45.43,SADB_1,2022-01-29,2022,1,29,-12.6,-25.1,-18.9,0,27,0,,,,,,,,,,
-73.93,45.43,SADB_1,2022-01-30,2022,1,30,-10.9,-20.7,-15.8,0,25,0,,,,,,,,,,
-73.93,45.43,SADB_1,2022-01-31,2022,1,31,-6.7,-17.8,-12.3,0,24,0,,,,,,,,,,
-73.93,45.43,SADB_1,2022-02-01,2022,2,1,-1.1,-18.1,-9.6,0,24,0,,,,,,,,,,
-73.93,45.43,SADB_1,2022-02-02,2022,2,2,5.1,-1.6,1.7,2.8,24,0,,,,,,,,,,
-73.93,45.43,SADB_1,2022-02-03,2022,2,3,1.4,-11.4,-5,8.6,21,0,,,,,,,,,,
-73.93,45.43,SADB_1,2022-02-04,2022,2,4,-11.1,-13.3,-12.2,2.7,33,0,,,,,,,,,,
-73.93,45.43,SADB_1,2022-02-05,2022,2,5,-11.9,-19.2,-15.6,0.2,30,0,,,,,,,,,,
-73.93,45.43,SADB_1,2022-02-06,2022,2,6,-7.6,-22.8,-15.2,0.2,30,0,,,,,,,,,,
-73.93,45.43,SADB_1,2022-02-07,2022,2,7,-0.6,-13.5,-7.1,0,29,0,,,,,,,,,,
-73.93,45.43,SADB_1,2022-02-08,2022,2,8,-1.6,-9.4,-5.5,0,29,0,,,,,,,,,,
-73.93,45.43,SADB_1,2022-02-09,2022,2,9,1,-10.3,-4.7,0,29,0,,,,,,,,,,
-73.93,45.43,SADB_1,2022-02-10,2022,2,10,3.6,-2.6,0.5,0,29,0,,,,,,,,,,
-73.93,45.43,SADB_1,2022-02-11,2022,2,11,6.9,0.1,3.5,2.2,26,0,,,,,,,,,,
-73.93,45.43,SADB_1,2022-02-12,2022,2,12,4.3,-15.8,-5.7,1.9,24,0,,,,,,,,,,
-73.93,45.43,SADB_1,2022-02-13,2022,2,13,-14.4,-20.9,-17.6,0.2,22,0,,,,,,,,,,
-73.93,45.43,SADB_1,2022-02-14,2022,2,14,-12.5,-18.7,-15.6,0,22,0,,,,,,,,,,
-73.93,45.43,SADB_1,2022-02-15,2022,2,15,-8.6,-17.2,-12.9,0.2,22,0,,,,,,,,,,
-73.93,45.43,SADB_1,2022-02-16,2022,2,16,8.4,-14.6,-3.1,0,22,0,,,,,,,,,,
-73.93,45.43,SADB_1,2022-02-17,2022,2,17,9,-4.2,2.4,28.3,19,0,,,,,,,,,,
-73.93,45.43,SADB_1,2022-02-18,2022,2,18,-4.2,-19.4,-11.8,9.8,28,0,,,,,,,,,,
-73.93,45.43,SADB_1,2022-02-19,2022,2,19,-1,-16.3,-8.6,4.4,31,0,,,,,,,,,,
-73.93,45.43,SADB_1,2022-02-20,2022,2,20,5.2,-19.6,-7.2,0.2,29,0,,,,,,,,,,
-73.93,45.43,SADB_1,2022-02-21,2022,2,21,5.1,-8.9,-1.9,0,27,0,,,,,,,,,,
-73.93,45.43,SADB_1,2022-02-22,2022,2,22,-1.6,-9.7,-5.6,4.3,26,0,,,,,,,,,,
-73.93,45.43,SADB_1,2022-02-23,2022,2,23,2.4,-13.4,-5.5,8,26,0,,,,,,,,,,
-73.93,45.43,SADB_1,2022-02-24,2022,2,24,-9.5,-17.3,-13.4,0,25,0,,,,,,,,,,
-73.93,45.43,SADB_1,2022-02-25,2022,2,25,-12,-16.7,-14.3,3.4,25,0,,,,,,,,,,
-73.93,45.43,SADB_1,2022-02-26,2022,2,26,-3.9,-18.8,-11.4,0,39,0,,,,,,,,,,
-73.93,45.43,SADB_1,2022-02-27,2022,2,27,-0.6,-14.2,-7.4,1,25,0,,,,,,,,,,
-73.93,45.43,SADB_1,2022-02-28,2022,2,28,-11.9,-19.1,-15.5,0,27,0,,,,,,,,,,
-73.93,45.43,SADB_1,2022-03-01,2022,3,1,-9,-18.6,-13.8,4.8,27,0,,,,,,,,,,
-73.93,45.43,SADB_1,2022-03-02,2022,3,2,-3.9,-13.5,-8.7,1.2,30,0,,,,,,,,,,
-73.93,45.43,SADB_1,2022-03-03,2022,3,3,-6.8,-19.4,-13.1,0.2,32,0,,,,,,,,,,
-73.93,45.43,SADB_1,2022-03-04,2022,3,4,-4.4,-18.5,-11.5,0,31,0,,,,,,,,,,
-73.93,45.43,SADB_1,2022-03-05,2022,3,5,-0.6,-13.6,-7.1,0,30,0,,,,,,,,,,
-73.93,45.43,SADB_1,2022-03-06,2022,3,6,13.3,-2.6,5.4,6.8,30,0,,,,,,,,,,
-73.93,45.43,SADB_1,2022-03-07,2022,3,7,4.4,-1.9,1.3,5.8,21,0,,,,,,,,,,
-73.93,45.43,SADB_1,2022-03-08,2022,3,8,-1.8,-7.8,-4.8,0.6,22,0,,,,,,,,,,
-73.93,45.43,SADB_1,2022-03-09,2022,3,9,3.2,-4.3,-0.6,0,21,0,,,,,,,,,,
-73.93,45.43,SADB_1,2022-03-10,2022,3,10,1.7,-2.6,-0.5,0,20,0,,,,,,,,,,
-73.93,45.43,SADB_1,2022-03-11,2022,3,11,1.2,-3.2,-1,4.8,20,0,,,,,,,,,,
-73.93,45.43,SADB_1,2022-03-12,2022,3,12,-0.6,-7.8,-4.2,2.4,30,0,,,,,,,,,,
-73.93,45.43,SADB_1,2022-03-13,2022,3,13,-3.9,-11.1,-7.5,0,28,0,,,,,,,,,,
-73.93,45.43,SADB_1,2022-03-14,2022,3,14,4.7,-5,-0.1,0.7,24,0,,,,,,,,,,
-73.93,45.43,SADB_1,2022-03-15,2022,3,15,2.3,-5.8,-1.8,0,21,0,,,,,,,,,,
-73.93,45.43,SADB_1,2022-03-16,2022,3,16,6.3,-6.6,-0.2,0,21,0,,,,,,,,,,
-73.93,45.43,SADB_1,2022-03-17,2022,3,17,16.1,-0.7,7.7,0,18,0,,,,,,,,,,
-73.93,45.43,SADB_1,2022-03-18,2022,3,18,9,0.1,4.5,0,13,0,,,,,,,,,,
-73.93,45.43,SADB_1,2022-03-19,2022,3,19,5.2,0.9,3,24.1,6,0,,,,,,,,,,
-73.93,45.43,SADB_1,2022-03-20,2022,3,20,5,0.8,2.9,2.7,2,0,,,,,,,,,,
-73.93,45.43,SADB_1,2022-03-21,2022,3,21,5.5,-0.8,2.3,0,0,0,,,,,,,,,,
-73.93,45.43,SADB_1,2022-03-22,2022,3,22,4.3,-3.5,0.4,0,0,0,,,,,,,,,,
-73.93,45.43,SADB_1,2022-03-23,2022,3,23,4.4,-5.7,-0.6,4,0,0,,,,,,,,,,
-73.93,45.43,SADB_1,2022-03-24,2022,3,24,8.1,1.3,4.7,20.7,0,0,,,,,,,,,,
-73.93,45.43,SADB_1,2022-03-25,2022,3,25,9.3,1.5,5.4,10.4,0,0,,,,,,,,,,
-73.93,45.43,SADB_1,2022-03-26,2022,3,26,6.8,1.7,4.3,0.2,0,0,,,,,,,,,,
-73.93,45.43,SADB_1,2022-03-27,2022,3,27,2.5,-9.8,-3.7,0.2,0,0,,,,,,,,,,
-73.93,45.43,SADB_1,2022-03-28,2022,3,28,-7.1,-11.9,-9.5,0,0,0,,,,,,,,,,
-73.93,45.43,SADB_1,2022-03-29,2022,3,29,-0.9,-7.5,-4.2,0,0,0,,,,,,,,,,
-73.93,45.43,SADB_1,2022-03-30,2022,3,30,3.6,-7.4,-1.9,0.5,0,0,,,,,,,,,,
-73.93,45.43,SADB_1,2022-03-31,2022,3,31,9.8,0.3,5,0.7,0,0,,,,,,,,,,
-73.93,45.43,SADB_1,2022-04-01,2022,4,1,7.1,0.1,3.6,0.3,0,0,,,,,,,,,,
-73.93,45.43,SADB_1,2022-04-02,2022,4,2,6.7,-2.5,2.1,0,0,0,,,,,,,,,,
-73.93,45.43,SADB_1,2022-04-03,2022,4,3,5.9,-0.7,2.6,0,0,0,,,,,,,,,,
-73.93,45.43,SADB_1,2022-04-04,2022,4,4,10.7,0,5.4,0,0,0,,,,,,,,,,
-73.93,45.43,SADB_1,2022-04-05,2022,4,5,12.5,-2.4,5.1,0,0,0,,,,,,,,,,
-73.93,45.43,SADB_1,2022-04-06,2022,4,6,14.3,0.5,7.4,0,0,0,,,,,,,,,,
-73.93,45.43,SADB_1,2022-04-07,2022,4,7,6.6,1.4,4,47.9,0,0,,,,,,,,,,
-73.93,45.43,SADB_1,2022-04-08,2022,4,8,6.6,0.8,3.7,8.2,0,0,,,,,,,,,,
-73.93,45.43,SADB_1,2022-04-09,2022,4,9,7.9,1.6,4.7,0,0,0,,,,,,,,,,
-73.93,45.43,SADB_1,2022-04-10,2022,4,10,8,1,4.5,0.4,0,0,,,,,,,,,,
-73.93,45.43,SADB_1,2022-04-11,2022,4,11,11.9,-0.9,5.5,0.2,0,0,,,,,,,,,,
-73.93,45.43,SADB_1,2022-04-12,2022,4,12,16.7,6.6,11.6,1.3,0,0,,,,,,,,,,
-73.93,45.43,SADB_1,2022-04-13,2022,4,13,11.8,6.6,9.2,2.2,0,0,,,,,,,,,,
-73.93,45.43,SADB_1,2022-04-14,2022,4,14,12,6.2,9.1,5.4,0,0,,,,,,,,,,
-73.93,45.43,SADB_1,2022-04-15,2022,4,15,14.5,2,8.3,6.9,0,0,,,,,,,,,,
-73.93,45.43,SADB_1,2022-04-16,2022,4,16,8.1,0.5,4.3,5.2,0,0,,,,,,,,,,
-73.93,45.43,SADB_1,2022-04-17,2022,4,17,7.3,-0.2,3.6,0,0,0,,,,,,,,,,
-73.93,45.43,SADB_1,2022-04-18,2022,4,18,10.7,-2.7,4,3.2,0,0,,,,,,,,,,
-73.93,45.43,SADB_1,2022-04-19,2022,4,19,4.6,0.2,2.4,24.5,6,0,,,,,,,,,,
-73.93,45.43,SADB_1,2022-04-20,2022,4,20,8.4,-0.5,3.9,0,0,0,,,,,,,,,,
-73.93,45.43,SADB_1,2022-04-21,2022,4,21,12.8,1.6,7.2,3,0,0,,,,,,,,,,
-73.93,45.43,SADB_1,2022-04-22,2022,4,22,12.1,1.1,6.6,0,0,0,,,,,,,,,,
-73.93,45.43,SADB_1,2022-04-23,2022,4,23,10.5,-0.5,5,0,0,0,,,,,,,,,,
-73.93,45.43,SADB_1,2022-04-24,2022,4,24,13.4,3.6,8.5,0,0,0,,,,,,,,,,
-73.93,45.43,SADB_1,2022-04-25,2022,4,25,18.4,5.8,12.1,0,0,0,,,,,,,,,,
-73.93,45.43,SADB_1,2022-04-26,2022,4,26,15.3,8.9,12.1,1.6,0,0,,,,,,,,,,
-73.93,45.43,SADB_1,2022-04-27,2022,4,27,8.9,1.5,5.2,11.7,0,0,,,,,,,,,,
-73.93,45.43,SADB_1,2022-04-28,2022,4,28,10.4,1.3,5.8,0,0,0,,,,,,,,,,
-73.93,45.43,SADB_1,2022-04-29,2022,4,29,13.6,1.1,7.4,0,0,0,,,,,,,,,,
-73.93,45.43,SADB_1,2022-04-30,2022,4,30,15.3,2.2,8.8,0,0,0,,,,,,,,,,
-73.93,45.43,SADB_1,2022-05-01,2022,5,1,18.8,2.1,10.5,0,0,0,,,,,,,,,,
-73.93,45.43,SADB_1,2022-05-02,2022,5,2,15.8,6.9,11.4,0,0,0,,,,,,,,,,
-73.93,45.43,SADB_1,2022-05-03,2022,5,3,17.8,10.6,14.2,1.1,0,0,,,,,,,,,,
-73.93,45.43,SADB_1,2022-05-04,2022,5,4,15.9,6.6,11.3,5,0,0,,,,,,,,,,
-73.93,45.43,SADB_1,2022-05-05,2022,5,5,17.3,4.7,11,0,0,0,,,,,,,,,,
-73.93,45.43,SADB_1,2022-05-06,2022,5,6,14.4,5.9,10.2,0,0,0,,,,,,,,,,
-73.93,45.43,SADB_1,2022-05-07,2022,5,7,14,3.1,8.6,0,0,0,,,,,,,,,,
-73.93,45.43,SADB_1,2022-05-08,2022,5,8,18.2,3.6,10.9,0,0,0,,,,,,,,,,
-73.93,45.43,SADB_1,2022-05-09,2022,5,9,22.9,6,14.4,0,0,0,,,,,,,,,,
-73.93,45.43,SADB_1,2022-05-10,2022,5,10,24.1,5.4,14.8,0,0,0,,,,,,,,,,
-73.93,45.43,SADB_1,2022-05-11,2022,5,11,27.9,6.3,17.1,0,0,0,,,,,,,,,,
-73.93,45.43,SADB_1,2022-05-12,2022,5,12,30.1,9.4,19.7,0,0,0,,,,,,,,,,
-73.93,45.43,SADB_1,2022-05-13,2022,5,13,31,12.3,21.6,0,0,0,,,,,,,,,,
-73.93,45.43,SADB_1,2022-05-14,2022,5,14,31.5,17.2,24.4,0,0,0,,,,,,,,,,
-73.93,45.43,SADB_1,2022-05-15,2022,5,15,22.7,16.2,19.4,12.9,0,0,,,,,,,,,,
-73.93,45.43,SADB_1,2022-05-16,2022,5,16,24,12.1,18.1,32.6,0,0,,,,,,,,,,
-73.93,45.43,SADB_1,2022-05-17,2022,5,17,16.1,9.9,13,1.3,0,0,,,,,,,,,,
-73.93,45.43,SADB_1,2022-05-18,2022,5,18,16.7,6.4,11.6,0,0,0,,,,,,,,,,
-73.93,45.43,SADB_1,2022-05-19,2022,5,19,12.6,5.2,8.9,5.8,0,0,,,,,,,,,,
-73.93,45.43,SADB_1,2022-05-20,2022,5,20,25.1,7.1,16.1,0,0,0,,,,,,,,,,
-73.93,45.43,SADB_1,2022-05-21,2022,5,21,31,18.3,24.6,0,0,0,,,,,,,,,,
-73.93,45.43,SADB_1,2022-05-22,2022,5,22,25.3,10.9,18.1,0.5,0,0,,,,,,,,,,
-73.93,45.43,SADB_1,2022-05-23,2022,5,23,15.5,5.7,10.6,0.2,0,0,,,,,,,,,,
-73.93,45.43,SADB_1,2022-05-24,2022,5,24,18,4.1,11,0,0,0,,,,,,,,,,
-73.93,45.43,SADB_1,2022-05-25,2022,5,25,22.1,5.5,13.8,0,0,0,,,,,,,,,,
-73.93,45.43,SADB_1,2022-05-26,2022,5,26,24.1,13.7,18.9,0.3,0,0,,,,,,,,,,
-73.93,45.43,SADB_1,2022-05-27,2022,5,27,21.9,16.9,19.4,21.1,0,0,,,,,,,,,,
-73.93,45.43,SADB_1,2022-05-28,2022,5,28,20.7,14.8,17.7,0.9,0,0,,,,,,,,,,
-73.93,45.43,SADB_1,2022-05-29,2022,5,29,25.2,13.2,19.2,0,0,0,,,,,,,,,,
-73.93,45.43,SADB_1,2022-05-30,2022,5,30,27.9,15.1,21.5,0,0,0,,,,,,,,,,
-73.93,45.43,SADB_1,2022-05-31,2022,5,31,22.5,13.1,17.8,0,0,0,,,,,,,,,,
-73.93,45.43,SADB_1,2022-06-01,2022,6,1,17.3,12.8,15.1,0.5,0,0,,,,,,,,,,
-73.93,45.43,SADB_1,2022-06-02,2022,6,2,21.7,11.6,16.7,0,0,0,,,,,,,,,,
-73.93,45.43,SADB_1,2022-06-03,2022,6,3,24.1,14.8,19.4,0,0,0,,,,,,,,,,
-73.93,45.43,SADB_1,2022-06-04,2022,6,4,21.9,11.5,16.7,0,0,0,,,,,,,,,,
-73.93,45.43,SADB_1,2022-06-05,2022,6,5,21.7,9.9,15.8,0,0,0,,,,,,,,,,
-73.93,45.43,SADB_1,2022-06-06,2022,6,6,24.2,8.5,16.4,0,0,0,,,,,,,,,,
-73.93,45.43,SADB_1,2022-06-07,2022,6,7,25.7,15.2,20.4,12.1,0,0,,,,,,,,,,
-73.93,45.43,SADB_1,2022-06-08,2022,6,8,23.4,15,19.2,0.2,0,0,,,,,,,,,,
-73.93,45.43,SADB_1,2022-06-09,2022,6,9,17.2,13.4,15.3,11.5,0,0,,,,,,,,,,
-73.93,45.43,SADB_1,2022-06-10,2022,6,10,20.4,13.8,17.1,0.3,0,0,,,,,,,,,,
-73.93,45.43,SADB_1,2022-06-11,2022,6,11,24.3,12.9,18.6,0,0,0,,,,,,,,,,
-73.93,45.43,SADB_1,2022-06-12,2022,6,12,24.9,11.6,18.3,0.2,0,0,,,,,,,,,,
-73.93,45.43,SADB_1,2022-06-13,2022,6,13,22.3,15,18.7,0,0,0,,,,,,,,,,
-73.93,45.43,SADB_1,2022-06-14,2022,6,14,26.6,13.3,20,0,0,0,,,,,,,,,,
-73.93,45.43,SADB_1,2022-06-15,2022,6,15,24.7,14.8,19.7,0,0,0,,,,,,,,,,
-73.93,45.43,SADB_1,2022-06-16,2022,6,16,27.3,17.9,22.6,25.9,0,0,,,,,,,,,,
-73.93,45.43,SADB_1,2022-06-17,2022,6,17,25.9,10.9,18.4,6.4,0,0,,,,,,,,,,
-73.93,45.43,SADB_1,2022-06-18,2022,6,18,16.1,9.5,12.8,2.4,0,0,,,,,,,,,,
-73.93,45.43,SADB_1,2022-06-19,2022,6,19,21.8,8.6,15.2,0,0,0,,,,,,,,,,
-73.93,45.43,SADB_1,2022-06-20,2022,6,20,24.6,11,17.8,0,0,0,,,,,,,,,,
-73.93,45.43,SADB_1,2022-06-21,2022,6,21,18.6,14.9,16.8,9.1,0,0,,,,,,,,,,
-73.93,45.43,SADB_1,2022-06-22,2022,6,22,24.4,14.7,19.5,53.4,0,0,,,,,,,,,,
-73.93,45.43,SADB_1,2022-06-23,2022,6,23,18.7,15.1,16.9,33.6,0,0,,,,,,,,,,
-73.93,45.43,SADB_1,2022-06-24,2022,6,24,27,14.5,20.7,0,0,0,,,,,,,,,,
-73.93,45.43,SADB_1,2022-06-25,2022,6,25,29.6,17.7,23.7,0,0,0,,,,,,,,,,
-73.93,45.43,SADB_1,2022-06-26,2022,6,26,32.7,17.2,25,3.8,0,0,,,,,,,,,,
-73.93,45.43,SADB_1,2022-06-27,2022,6,27,23.4,16.7,20,0.4,0,0,,,,,,,,,,
-73.93,45.43,SADB_1,2022-06-28,2022,6,28,23.4,15.9,19.7,0,0,0,,,,,,,,,,
-73.93,45.43,SADB_1,2022-06-29,2022,6,29,25.6,13.6,19.6,1.8,0,0,,,,,,,,,,
-73.93,45.43,SADB_1,2022-06-30,2022,6,30,23.1,12.1,17.6,0,0,0,,,,,,,,,,
-73.93,45.43,SADB_1,2022-07-01,2022,7,1,27.5,16.3,21.9,0.2,0,0,,,,,,,,,,
-73.93,45.43,SADB_1,2022-07-02,2022,7,2,26.2,17.1,21.7,0,0,0,,,,,,,,,,
-73.93,45.43,SADB_1,2022-07-03,2022,7,3,24.6,14.3,19.5,0,0,0,,,,,,,,,,
-73.93,45.43,SADB_1,2022-07-04,2022,7,4,25.6,13.1,19.4,0,0,0,,,,,,,,,,
-73.93,45.43,SADB_1,2022-07-05,2022,7,5,20.9,16,18.5,0.4,0,0,,,,,,,,,,
-73.93,45.43,SADB_1,2022-07-06,2022,7,6,24.3,12.1,18.2,0,0,0,,,,,,,,,,
-73.93,45.43,SADB_1,2022-07-07,2022,7,7,25.1,11.3,18.2,0,0,0,,,,,,,,,,
-73.93,45.43,SADB_1,2022-07-08,2022,7,8,25.9,14.7,20.3,0,0,0,,,,,,,,,,
-73.93,45.43,SADB_1,2022-07-09,2022,7,9,22.8,8.6,15.7,0,0,0,,,,,,,,,,
-73.93,45.43,SADB_1,2022-07-10,2022,7,10,26.8,12.5,19.6,0,0,0,,,,,,,,,,
-73.93,45.43,SADB_1,2022-07-11,2022,7,11,29.1,18.3,23.7,0,0,0,,,,,,,,,,
-73.93,45.43,SADB_1,2022-07-12,2022,7,12,27.8,18.1,22.9,8.7,0,0,,,,,,,,,,
-73.93,45.43,SADB_1,2022-07-13,2022,7,13,25.5,17.5,21.5,0,0,0,,,,,,,,,,
-73.93,45.43,SADB_1,2022-07-14,2022,7,14,22.8,14.2,18.5,0,0,0,,,,,,,,,,
-73.93,45.43,SADB_1,2022-07-15,2022,7,15,27.3,14.4,20.9,0,0,0,,,,,,,,,,
-73.93,45.43,SADB_1,2022-07-16,2022,7,16,28.6,18.3,23.5,0,0,0,,,,,,,,,,
-73.93,45.43,SADB_1,2022-07-17,2022,7,17,30.7,17.8,24.2,0,0,0,,,,,,,,,,
-73.93,45.43,SADB_1,2022-07-18,2022,7,18,25.6,16.8,21.2,42.8,0,0,,,,,,,,,,
-73.93,45.43,SADB_1,2022-07-19,2022,7,19,29,19.2,24.1,0,0,0,,,,,,,,,,
-73.93,45.43,SADB_1,2022-07-20,2022,7,20,30.1,18.7,24.4,0,0,0,,,,,,,,,,
-73.93,45.43,SADB_1,2022-07-21,2022,7,21,29.8,23,26.4,0,0,0,,,,,,,,,,
-73.93,45.43,SADB_1,2022-07-22,2022,7,22,29.1,20.2,24.6,0,0,0,,,,,,,,,,
-73.93,45.43,SADB_1,2022-07-23,2022,7,23,30.2,19.5,24.8,0,0,0,,,,,,,,,,
-73.93,45.43,SADB_1,2022-07-24,2022,7,24,28.9,21.2,25,18.5,0,0,,,,,,,,,,
-73.93,45.43,SADB_1,2022-07-25,2022,7,25,25.5,17.2,21.3,0,0,0,,,,,,,,,,
-73.93,45.43,SADB_1,2022-07-26,2022,7,26,24.5,16.1,20.3,0,0,0,,,,,,,,,,
-73.93,45.43,SADB_1,2022-07-27,2022,7,27,26.5,16.7,21.6,0,0,0,,,,,,,,,,
-73.93,45.43,SADB_1,2022-07-28,2022,7,28,28.5,15.6,22,3.2,0,0,,,,,,,,,,
-73.93,45.43,SADB_1,2022-07-29,2022,7,29,25,18.2,21.6,0,0,0,,,,,,,,,,
-73.93,45.43,SADB_1,2022-07-30,2022,7,30,22.9,16.3,19.6,0,0,0,,,,,,,,,,
-73.93,45.43,SADB_1,2022-07-31,2022,7,31,25.9,17.1,21.5,0,0,0,,,,,,,,,,
-73.93,45.43,SADB_1,2022-08-01,2022,8,1,29.5,18,23.8,0,0,0,,,,,,,,,,
-73.93,45.43,SADB_1,2022-08-02,2022,8,2,26.5,13.6,20.1,0,0,0,,,,,,,,,,
-73.93,45.43,SADB_1,2022-08-03,2022,8,3,26.1,11.8,18.9,0,0,0,,,,,,,,,,
-73.93,45.43,SADB_1,2022-08-04,2022,8,4,26.5,19.6,23,2.8,0,0,,,,,,,,,,
-73.93,45.43,SADB_1,2022-08-05,2022,8,5,28,16.7,22.3,0,0,0,,,,,,,,,,
-73.93,45.43,SADB_1,2022-08-06,2022,8,6,32,14.2,23.1,0,0,0,,,,,,,,,,
-73.93,45.43,SADB_1,2022-08-07,2022,8,7,31.6,18.1,24.9,7.9,0,0,,,,,,,,,,
-73.93,45.43,SADB_1,2022-08-08,2022,8,8,18.1,14.2,16.2,11.1,0,0,,,,,,,,,,
-73.93,45.43,SADB_1,2022-08-09,2022,8,9,18.8,14.2,16.5,12.9,0,0,,,,,,,,,,
-73.93,45.43,SADB_1,2022-08-10,2022,8,10,24.5,16.4,20.5,0,0,0,,,,,,,,,,
-73.93,45.43,SADB_1,2022-08-11,2022,8,11,25.1,15,20.1,0.3,0,0,,,,,,,,,,
-73.93,45.43,SADB_1,2022-08-12,2022,8,12,20,13.8,16.9,0,0,0,,,,,,,,,,
-73.93,45.43,SADB_1,2022-08-13,2022,8,13,24.3,11.1,17.7,0,0,0,,,,,,,,,,
-73.93,45.43,SADB_1,2022-08-14,2022,8,14,26.3,12.5,19.4,0,0,0,,,,,,,,,,
-73.93,45.43,SADB_1,2022-08-15,2022,8,15,26.9,12.2,19.5,0,0,0,,,,,,,,,,
-73.93,45.43,SADB_1,2022-08-16,2022,8,16,28.3,13.8,21.1,0,0,0,,,,,,,,,,
-73.93,45.43,SADB_1,2022-08-17,2022,8,17,26.8,16.5,21.7,0,0,0,,,,,,,,,,
-73.93,45.43,SADB_1,2022-08-18,2022,8,18,25.9,17.6,21.7,0,0,0,,,,,,,,,,
-73.93,45.43,SADB_1,2022-08-19,2022,8,19,29.7,17.2,23.4,0,0,0,,,,,,,,,,
-73.93,45.43,SADB_1,2022-08-20,2022,8,20,30.4,15.3,22.9,0,0,0,,,,,,,,,,
-73.93,45.43,SADB_1,2022-08-21,2022,8,21,29.6,16.4,23,14.7,0,0,,,,,,,,,,
-73.93,45.43,SADB_1,2022-08-22,2022,8,22,27.1,19.1,23.1,0,0,0,,,,,,,,,,
-73.93,45.43,SADB_1,2022-08-23,2022,8,23,24.6,17.8,21.2,14.1,0,0,,,,,,,,,,
-73.93,45.43,SADB_1,2022-08-24,2022,8,24,27.9,16.7,22.3,2.3,0,0,,,,,,,,,,
-73.93,45.43,SADB_1,2022-08-25,2022,8,25,23.6,16.1,19.9,0,0,0,,,,,,,,,,
-73.93,45.43,SADB_1,2022-08-26,2022,8,26,20.3,15.9,18.1,0,0,0,,,,,,,,,,
-73.93,45.43,SADB_1,2022-08-27,2022,8,27,22.1,13.2,17.7,0,0,0,,,,,,,,,,
-73.93,45.43,SADB_1,2022-08-28,2022,8,28,26.3,10.9,18.6,0,0,0,,,,,,,,,,
-73.93,45.43,SADB_1,2022-08-29,2022,8,29,31.8,16.1,23.9,9.3,0,0,,,,,,,,,,
-73.93,45.43,SADB_1,2022-08-30,2022,8,30,29.2,18.6,23.9,8.8,0,0,,,,,,,,,,
-73.93,45.43,SADB_1,2022-08-31,2022,8,31,22.6,14.5,18.6,0.5,0,0,,,,,,,,,,
-73.93,45.43,SADB_1,2022-09-01,2022,9,1,17,9.9,13.4,0.2,0,0,,,,,,,,,,
-73.93,45.43,SADB_1,2022-09-02,2022,9,2,25.3,7.9,16.6,0,0,0,,,,,,,,,,
-73.93,45.43,SADB_1,2022-09-03,2022,9,3,28.2,12.7,20.4,0.4,0,0,,,,,,,,,,
-73.93,45.43,SADB_1,2022-09-04,2022,9,4,19.6,11.4,15.5,2.4,0,0,,,,,,,,,,
-73.93,45.43,SADB_1,2022-09-05,2022,9,5,19.7,10.9,15.3,0,0,0,,,,,,,,,,
-73.93,45.43,SADB_1,2022-09-06,2022,9,6,20.7,12.8,16.8,0,0,0,,,,,,,,,,
-73.93,45.43,SADB_1,2022-09-07,2022,9,7,24.5,13.2,18.9,0,0,0,,,,,,,,,,
-73.93,45.43,SADB_1,2022-09-08,2022,9,8,27.3,13.5,20.4,0,0,0,,,,,,,,,,
-73.93,45.43,SADB_1,2022-09-09,2022,9,9,26.9,14.4,20.6,0,0,0,,,,,,,,,,
-73.93,45.43,SADB_1,2022-09-10,2022,9,10,28.8,14.7,21.7,0,0,0,,,,,,,,,,
-73.93,45.43,SADB_1,2022-09-11,2022,9,11,27.8,14.1,21,0,0,0,,,,,,,,,,
-73.93,45.43,SADB_1,2022-09-12,2022,9,12,26.6,15.3,21,0,0,0,,,,,,,,,,
-73.93,45.43,SADB_1,2022-09-13,2022,9,13,21.8,16.5,19.2,18.4,0,0,,,,,,,,,,
-73.93,45.43,SADB_1,2022-09-14,2022,9,14,22.2,10.8,16.5,6,0,0,,,,,,,,,,
-73.93,45.43,SADB_1,2022-09-15,2022,9,15,16.7,8.7,12.7,0,0,0,,,,,,,,,,
-73.93,45.43,SADB_1,2022-09-16,2022,9,16,17.4,6.6,12,0,0,0,,,,,,,,,,
-73.93,45.43,SADB_1,2022-09-17,2022,9,17,19.2,4.2,11.7,0,0,0,,,,,,,,,,
-73.93,45.43,SADB_1,2022-09-18,2022,9,18,14.6,11.8,13.2,32.7,0,0,,,,,,,,,,
-73.93,45.43,SADB_1,2022-09-19,2022,9,19,12,10.2,11.1,30.4,0,0,,,,,,,,,,
-73.93,45.43,SADB_1,2022-09-20,2022,9,20,15.3,11.2,13.3,0.4,0,0,,,,,,,,,,
-73.93,45.43,SADB_1,2022-09-21,2022,9,21,18.6,11.1,14.9,2.5,0,0,,,,,,,,,,
-73.93,45.43,SADB_1,2022-09-22,2022,9,22,18.4,8.4,13.4,2.3,0,0,,,,,,,,,,
-73.93,45.43,SADB_1,2022-09-23,2022,9,23,13.2,5.7,9.4,0,0,0,,,,,,,,,,
-73.93,45.43,SADB_1,2022-09-24,2022,9,24,18.6,5.5,12,0,0,0,,,,,,,,,,
-73.93,45.43,SADB_1,2022-09-25,2022,9,25,18,10.9,14.4,0,0,0,,,,,,,,,,
-73.93,45.43,SADB_1,2022-09-26,2022,9,26,18.2,11.6,14.9,1.4,0,0,,,,,,,,,,
-73.93,45.43,SADB_1,2022-09-27,2022,9,27,16.3,11.5,13.9,6.7,0,0,,,,,,,,,,
-73.93,45.43,SADB_1,2022-09-28,2022,9,28,,,,0,0,0,,,,,,,,,,
-73.93,45.43,SADB_1,2022-09-29,2022,9,29,,,,0,0,0,,,,,,,,,,
-73.93,45.43,SADB_1,2022-09-30,2022,9,30,17.4,3.7,10.6,0,0,0,,,,,,,,,,
-73.93,45.43,SADB_1,2022-10-01,2022,10,1,17,7.2,12.1,0,0,0,,,,,,,,,,
-73.93,45.43,SADB_1,2022-10-02,2022,10,2,12.7,0.9,6.8,0,0,0,,,,,,,,,,
-73.93,45.43,SADB_1,2022-10-03,2022,10,3,14.4,-0.4,7,0,0,0,,,,,,,,,,
-73.93,45.43,SADB_1,2022-10-04,2022,10,4,17.3,-0.2,8.5,0,0,0,,,,,,,,,,
-73.93,45.43,SADB_1,2022-10-05,2022,10,5,20.8,1.7,11.3,0,0,0,,,,,,,,,,
-73.93,45.43,SADB_1,2022-10-06,2022,10,6,22.5,8.7,15.6,0,0,0,,,,,,,,,,
-73.93,45.43,SADB_1,2022-10-07,2022,10,7,15.9,4.4,10.1,0,0,0,,,,,,,,,,
-73.93,45.43,SADB_1,2022-10-08,2022,10,8,9.4,1.2,5.3,0,0,0,,,,,,,,,,
-73.93,45.43,SADB_1,2022-10-09,2022,10,9,12.4,0.8,6.6,0.9,0,0,,,,,,,,,,
-73.93,45.43,SADB_1,2022-10-10,2022,10,10,11.4,-0.4,5.5,0,0,0,,,,,,,,,,
-73.93,45.43,SADB_1,2022-10-11,2022,10,11,16.6,-1.6,7.5,0,0,0,,,,,,,,,,
-73.93,45.43,SADB_1,2022-10-12,2022,10,12,21,3.7,12.4,0,0,0,,,,,,,,,,
-73.93,45.43,SADB_1,2022-10-13,2022,10,13,18.9,10.9,14.9,17,0,0,,,,,,,,,,
-73.93,45.43,SADB_1,2022-10-14,2022,10,14,15.9,3.7,9.8,7.3,0,0,,,,,,,,,,
-73.93,45.43,SADB_1,2022-10-15,2022,10,15,17.8,2.1,9.9,0,0,0,,,,,,,,,,
-73.93,45.43,SADB_1,2022-10-16,2022,10,16,14.1,5.1,9.6,0,0,0,,,,,,,,,,
-73.93,45.43,SADB_1,2022-10-17,2022,10,17,14.2,6.8,10.5,2.4,0,0,,,,,,,,,,
-73.93,45.43,SADB_1,2022-10-18,2022,10,18,13.1,2.3,7.7,0.3,0,0,,,,,,,,,,
-73.93,45.43,SADB_1,2022-10-19,2022,10,19,9.6,1.1,5.4,1.5,0,0,,,,,,,,,,
-73.93,45.43,SADB_1,2022-10-20,2022,10,20,7,4.9,5.9,1.2,0,0,,,,,,,,,,
-73.93,45.43,SADB_1,2022-10-21,2022,10,21,15.2,2.5,8.9,0,0,0,,,,,,,,,,
-73.93,45.43,SADB_1,2022-10-22,2022,10,22,22,3,12.5,0,0,0,,,,,,,,,,
-73.93,45.43,SADB_1,2022-10-23,2022,10,23,20.3,3.7,12,0,0,0,,,,,,,,,,
-73.93,45.43,SADB_1,2022-10-24,2022,10,24,19.3,6.5,12.9,0,0,0,,,,,,,,,,
-73.93,45.43,SADB_1,2022-10-25,2022,10,25,24.1,9.2,16.6,0,0,0,,,,,,,,,,
-73.93,45.43,SADB_1,2022-10-26,2022,10,26,23.5,14.9,19.2,7.2,0,0,,,,,,,,,,
-73.93,45.43,SADB_1,2022-10-27,2022,10,27,15.4,-0.4,7.5,0,0,0,,,,,,,,,,
-73.93,45.43,SADB_1,2022-10-28,2022,10,28,8.7,-2.2,3.3,0,0,0,,,,,,,,,,
-73.93,45.43,SADB_1,2022-10-29,2022,10,29,14.5,-2.2,6.1,0,0,0,,,,,,,,,,
-73.93,45.43,SADB_1,2022-10-30,2022,10,30,16.3,1.8,9,0,0,0,,,,,,,,,,
-73.93,45.43,SADB_1,2022-10-31,2022,10,31,15.8,3.1,9.4,0,0,0,,,,,,,,,,
-73.93,45.43,SADB_1,2022-11-01,2022,11,1,14.8,9.2,12,0,0,0,,,,,,,,,,
-73.93,45.43,SADB_1,2022-11-02,2022,11,2,14.7,1.6,8.2,0,0,0,,,,,,,,,,
-73.93,45.43,SADB_1,2022-11-03,2022,11,3,18.3,-0.2,9.1,0,0,0,,,,,,,,,,
-73.93,45.43,SADB_1,2022-11-04,2022,11,4,21.7,4.1,12.9,0,0,0,,,,,,,,,,
-73.93,45.43,SADB_1,2022-11-05,2022,11,5,24.2,8.2,16.2,0,0,0,,,,,,,,,,
-73.93,45.43,SADB_1,2022-11-06,2022,11,6,22.1,14.7,18.4,2.9,0,0,,,,,,,,,,
-73.93,45.43,SADB_1,2022-11-07,2022,11,7,15.2,6.2,10.7,0,0,0,,,,,,,,,,
-73.93,45.43,SADB_1,2022-11-08,2022,11,8,7.1,-3.6,1.8,0,0,0,,,,,,,,,,
-73.93,45.43,SADB_1,2022-11-09,2022,11,9,8.3,-4.4,1.9,0,0,0,,,,,,,,,,
-73.93,45.43,SADB_1,2022-11-10,2022,11,10,17.9,6.5,12.2,0,0,0,,,,,,,,,,
-73.93,45.43,SADB_1,2022-11-11,2022,11,11,16.7,7,11.8,41.6,0,0,,,,,,,,,,
-73.93,45.43,SADB_1,2022-11-12,2022,11,12,14.7,6.8,10.7,22.7,0,0,,,,,,,,,,
-73.93,45.43,SADB_1,2022-11-13,2022,11,13,6.9,-1.3,2.8,0.2,0,0,,,,,,,,,,
-73.93,45.43,SADB_1,2022-11-14,2022,11,14,2.6,-2.1,0.2,0,0,0,,,,,,,,,,
-73.93,45.43,SADB_1,2022-11-15,2022,11,15,1.5,-3,-0.8,0,0,0,,,,,,,,,,
-73.93,45.43,SADB_1,2022-11-16,2022,11,16,0.4,-1,-0.3,10.5,0,0,,,,,,,,,,
-73.93,45.43,SADB_1,2022-11-17,2022,11,17,-0.8,-6.5,-3.7,0,7,0,,,,,,,,,,
-73.93,45.43,SADB_1,2022-11-18,2022,11,18,-2.3,-9.8,-6,1.3,8,0,,,,,,,,,,
-73.93,45.43,SADB_1,2022-11-19,2022,11,19,0.8,-3.4,-1.3,0,8,0,,,,,,,,,,
-73.93,45.43,SADB_1,2022-11-20,2022,11,20,-1.3,-9.3,-5.3,0.5,9,0,,,,,,,,,,
-73.93,45.43,SADB_1,2022-11-21,2022,11,21,4.1,-9.8,-2.8,0,3,0,,,,,,,,,,
-73.93,45.43,SADB_1,2022-11-22,2022,11,22,1.4,-5.6,-2.1,0,3,0,,,,,,,,,,
-73.93,45.43,SADB_1,2022-11-23,2022,11,23,2,-4.9,-1.4,0.2,3,0,,,,,,,,,,
-73.93,45.43,SADB_1,2022-11-24,2022,11,24,2.6,-4.7,-1,0,2,0,,,,,,,,,,
-73.93,45.43,SADB_1,2022-11-25,2022,11,25,4.8,-3.3,0.7,3.8,0,0,,,,,,,,,,
-73.93,45.43,SADB_1,2022-11-26,2022,11,26,8.6,1.2,4.9,0,0,0,,,,,,,,,,
-73.93,45.43,SADB_1,2022-11-27,2022,11,27,10.5,2.8,6.7,3.2,0,0,,,,,,,,,,
-73.93,45.43,SADB_1,2022-11-28,2022,11,28,4.3,-1,1.7,0.7,0,0,,,,,,,,,,
-73.93,45.43,SADB_1,2022-11-29,2022,11,29,1.6,-2.1,-0.2,0,0,0,,,,,,,,,,
-73.93,45.43,SADB_1,2022-11-30,2022,11,30,8.4,0.8,4.6,15,0,0,,,,,,,,,,
-73.93,45.43,SADB_1,2022-12-01,2022,12,1,2.4,-2.4,0,0,0,0,,,,,,,,,,
-73.93,45.43,SADB_1,2022-12-02,2022,12,2,4,-4.3,-0.1,0,0,0,,,,,,,,,,
-73.93,45.43,SADB_1,2022-12-03,2022,12,3,10.6,-0.3,5.2,5,0,0,,,,,,,,,,
-73.93,45.43,SADB_1,2022-12-04,2022,12,4,1.5,-4.3,-1.4,0,0,0,,,,,,,,,,
-73.93,45.43,SADB_1,2022-12-05,2022,12,5,5.9,0.7,3.3,0,0,0,,,,,,,,,,
-73.93,45.43,SADB_1,2022-12-06,2022,12,6,7,2.6,4.8,13.3,0,0,,,,,,,,,,
-73.93,45.43,SADB_1,2022-12-07,2022,12,7,9.5,4.1,6.8,7.7,0,0,,,,,,,,,,
-73.93,45.43,SADB_1,2022-12-08,2022,12,8,4.9,-3.7,0.6,0.2,0,0,,,,,,,,,,
-73.93,45.43,SADB_1,2022-12-09,2022,12,9,-0.9,-9.3,-5.1,0,0,0,,,,,,,,,,
-73.93,45.43,SADB_1,2022-12-10,2022,12,10,-4.9,-10.4,-7.7,0,0,0,,,,,,,,,,
-73.93,45.43,SADB_1,2022-12-11,2022,12,11,-5,-8.3,-6.6,0,0,0,,,,,,,,,,
-73.93,45.43,SADB_1,2022-12-12,2022,12,12,-3.1,-10.4,-6.7,0,0,0,,,,,,,,,,
-73.93,45.43,SADB_1,2022-12-13,2022,12,13,0,-9.8,-4.9,0,0,0,,,,,,,,,,
-73.93,45.43,SADB_1,2022-12-14,2022,12,14,-0.5,-9.1,-4.8,0,0,0,,,,,,,,,,
-73.93,45.43,SADB_1,2022-12-15,2022,12,15,5.2,-1.1,2,0,0,0,,,,,,,,,,
-73.93,45.43,SADB_1,2022-12-16,2022,12,16,1.9,-0.8,0.5,8.4,1,0,,,,,,,,,,
-73.93,45.43,SADB_1,2022-12-17,2022,12,17,-0.2,-0.8,-0.5,9.8,25,0,,,,,,,,,,
-73.93,45.43,SADB_1,2022-12-18,2022,12,18,-0.7,-3.3,-2,0,30,0,,,,,,,,,,
-73.93,45.43,SADB_1,2022-12-19,2022,12,19,-0.4,-5,-2.7,0,27,0,,,,,,,,,,
-73.93,45.43,SADB_1,2022-12-20,2022,12,20,-1.8,-6.1,-4,0,25,0,,,,,,,,,,
-73.93,45.43,SADB_1,2022-12-21,2022,12,21,1,-9.4,-4.2,0,23,0,,,,,,,,,,
-73.93,45.43,SADB_1,2022-12-22,2022,12,22,-2.3,-10.3,-6.3,6.5,21,0,,,,,,,,,,
-73.93,45.43,SADB_1,2022-12-23,2022,12,23,6.7,-10.2,-1.8,26.4,29,0,,,,,,,,,,
-73.93,45.43,SADB_1,2022-12-24,2022,12,24,-7.8,-10.4,-9.1,0.4,21,0,,,,,,,,,,
-73.93,45.43,SADB_1,2022-12-25,2022,12,25,-3.9,-8,-6,1.2,21,0,,,,,,,,,,
-73.93,45.43,SADB_1,2022-12-26,2022,12,26,-3.2,-9.6,-6.4,0.2,25,0,,,,,,,,,,
-73.93,45.43,SADB_1,2022-12-27,2022,12,27,-4,-11.6,-7.8,1.1,25,0,,,,,,,,,,
-73.93,45.43,SADB_1,2022-12-28,2022,12,28,-0.5,-4,-2.2,5.3,24,0,,,,,,,,,,
-73.93,45.43,SADB_1,2022-12-29,2022,12,29,7.9,-4.3,1.8,0.2,26,0,,,,,,,,,,
-73.93,45.43,SADB_1,2022-12-30,2022,12,30,9,3.4,6.2,1.6,18,0,,,,,,,,,,
-73.93,45.43,SADB_1,2022-12-31,2022,12,31,8.3,2.7,5.5,14,9,0,,,,,,,,,,
-73.74,45.47,PETI,2022-01-01,2022,1,1,1.4,-2.4,-0.5,2.3,6,32,,,,,,,,,,
-73.74,45.47,PETI,2022-01-02,2022,1,2,-2.3,-16.8,-9.6,4.2,4,32,,,,,,,,,,
-73.74,45.47,PETI,2022-01-03,2022,1,3,-11.7,-20.8,-16.2,0,7,0,,,,,,,,,,
-73.74,45.47,PETI,2022-01-04,2022,1,4,-2.8,-16.4,-9.6,0,7,32,,,,,,,,,,
-73.74,45.47,PETI,2022-01-05,2022,1,5,2.3,-6.5,-2.1,0.6,7,73,,,,,,,,,,
-73.74,45.47,PETI,2022-01-06,2022,1,6,1.9,-7.3,-2.7,0,8,57,,,,,,,,,,
-73.74,45.47,PETI,2022-01-07,2022,1,7,-5.9,-14.9,-10.4,1.1,8,38,,,,,,,,,,
-73.74,45.47,PETI,2022-01-08,2022,1,8,-8.4,-19.7,-14,0.2,9,34,,,,,,,,,,
-73.74,45.47,PETI,2022-01-09,2022,1,9,3.3,-10.8,-3.8,4.4,8,71,,,,,,,,,,
-73.74,45.47,PETI,2022-01-10,2022,1,10,-7.1,-20.5,-13.8,0,10,56,,,,,,,,,,
-73.74,45.47,PETI,2022-01-11,2022,1,11,-15.2,-25,-20.1,0,10,0,,,,,,,,,,
-73.74,45.47,PETI,2022-01-12,2022,1,12,-8.8,-16.4,-12.6,1.5,9,38,,,,,,,,,,
-73.74,45.47,PETI,2022-01-13,2022,1,13,-7.1,-9.8,-8.5,0.9,13,0,,,,,,,,,,
-73.74,45.47,PETI,2022-01-14,2022,1,14,-6.7,-22.9,-14.8,0,12,39,,,,,,,,,,
-73.74,45.47,PETI,2022-01-15,2022,1,15,-19.1,-26,-22.6,0.2,11,0,,,,,,,,,,
-73.74,45.47,PETI,2022-01-16,2022,1,16,-12.8,-24.8,-18.8,0.3,11,0,,,,,,,,,,
-73.74,45.47,PETI,2022-01-17,2022,1,17,-3.3,-16.6,-10,8.8,11,52,,,,,,,,,,
-73.74,45.47,PETI,2022-01-18,2022,1,18,-6.6,-18.9,-12.8,0,14,44,,,,,,,,,,
-73.74,45.47,PETI,2022-01-19,2022,1,19,-6.4,-16.7,-11.6,4.5,11,42,,,,,,,,,,
-73.74,45.47,PETI,2022-01-20,2022,1,20,-6.2,-22.9,-14.6,0,14,39,,,,,,,,,,
-73.74,45.47,PETI,2022-01-21,2022,1,21,-16.1,-26.1,-21.1,0.3,14,0,,,,,,,,,,
-73.74,45.47,PETI,2022-01-22,2022,1,22,-16,-26.7,-21.4,0,14,0,,,,,,,,,,
-73.74,45.47,PETI,2022-01-23,2022,1,23,-8.1,-20.9,-14.5,0,15,31,,,,,,,,,,
-73.74,45.47,PETI,2022-01-24,2022,1,24,-12.1,-25.7,-18.9,0.2,14,0,,,,,,,,,,
-73.74,45.47,PETI,2022-01-25,2022,1,25,-9.8,-18.2,-14,0.5,15,0,,,,,,,,,,
-73.74,45.47,PETI,2022-01-26,2022,1,26,-16.8,-25.6,-21.2,0,16,0,,,,,,,,,,
-73.74,45.47,PETI,2022-01-27,2022,1,27,-5.7,-22,-13.9,1.7,17,0,,,,,,,,,,
-73.74,45.47,PETI,2022-01-28,2022,1,28,-3.9,-21.2,-12.5,1,23,39,,,,,,,,,,
-73.74,45.47,PETI,2022-01-29,2022,1,29,-12.3,-21,-16.7,0,20,42,,,,,,,,,,
-73.74,45.47,PETI,2022-01-30,2022,1,30,-10.3,-19.6,-15,0,16,0,,,,,,,,,,
-73.74,45.47,PETI,2022-01-31,2022,1,31,-5.9,-17.6,-11.8,0.2,16,0,,,,,,,,,,
-73.74,45.47,PETI,2022-02-01,2022,2,1,-0.8,-17.1,-9,0,16,52,,,,,,,,,,
-73.74,45.47,PETI,2022-02-02,2022,2,2,4.6,-1.3,1.6,2.8,15,43,,,,,,,,,,
-73.74,45.47,PETI,2022-02-03,2022,2,3,1.4,-11.2,-4.9,7.7,14,36,,,,,,,,,,
-73.74,45.47,PETI,2022-02-04,2022,2,4,-11.2,-13.5,-12.3,2.4,26,46,,,,,,,,,,
-73.74,45.47,PETI,2022-02-05,2022,2,5,-11.9,-19.2,-15.5,0,18,40,,,,,,,,,,
-73.74,45.47,PETI,2022-02-06,2022,2,6,-6.2,-21.3,-13.7,0.2,20,34,,,,,,,,,,
-73.74,45.47,PETI,2022-02-07,2022,2,7,-0.5,-11.7,-6.1,0.3,20,0,,,,,,,,,,
-73.74,45.47,PETI,2022-02-08,2022,2,8,-1.9,-8.4,-5.2,0,20,0,,,,,,,,,,
-73.74,45.47,PETI,2022-02-09,2022,2,9,1.9,-8.9,-3.5,0,20,37,,,,,,,,,,
-73.74,45.47,PETI,2022-02-10,2022,2,10,3.5,0.9,2.2,0.9,20,39,,,,,,,,,,
-73.74,45.47,PETI,2022-02-11,2022,2,11,5.2,0,2.6,1.5,17,39,,,,,,,,,,
-73.74,45.47,PETI,2022-02-12,2022,2,12,4.2,-15,-5.4,2.1,16,55,,,,,,,,,,
-73.74,45.47,PETI,2022-02-13,2022,2,13,-14.1,-20.4,-17.3,0.2,14,33,,,,,,,,,,
-73.74,45.47,PETI,2022-02-14,2022,2,14,-11.9,-17.2,-14.5,0,14,33,,,,,,,,,,
-73.74,45.47,PETI,2022-02-15,2022,2,15,-8.4,-16.4,-12.4,0,14,0,,,,,,,,,,
-73.74,45.47,PETI,2022-02-16,2022,2,16,3.8,-13.2,-4.7,0,14,52,,,,,,,,,,
-73.74,45.47,PETI,2022-02-17,2022,2,17,5.8,-4.3,0.7,34.5,12,52,,,,,,,,,,
-73.74,45.47,PETI,2022-02-18,2022,2,18,-4.3,-16,-10.1,8.6,14,67,,,,,,,,,,
-73.74,45.47,PETI,2022-02-19,2022,2,19,-0.8,-14.9,-7.9,3.6,18,71,,,,,,,,,,
-73.74,45.47,PETI,2022-02-20,2022,2,20,4.7,-17,-6.2,0.2,15,52,,,,,,,,,,
-73.74,45.47,PETI,2022-02-21,2022,2,21,4.6,-8.6,-2,0,11,46,,,,,,,,,,
-73.74,45.47,PETI,2022-02-22,2022,2,22,-1.5,-9.5,-5.5,4.4,11,46,,,,,,,,,,
-73.74,45.47,PETI,2022-02-23,2022,2,23,3.6,-12.9,-4.6,9.9,12,71,,,,,,,,,,
-73.74,45.47,PETI,2022-02-24,2022,2,24,-8.9,-16.4,-12.6,1,12,0,,,,,,,,,,
-73.74,45.47,PETI,2022-02-25,2022,2,25,-10.6,-15.2,-12.9,5.9,12,47,,,,,,,,,,
-73.74,45.47,PETI,2022-02-26,2022,2,26,-3.6,-17.7,-10.6,0,14,39,,,,,,,,,,
-73.74,45.47,PETI,2022-02-27,2022,2,27,0,-13.9,-7,0.2,13,59,,,,,,,,,,
-73.74,45.47,PETI,2022-02-28,2022,2,28,-11,-18.3,-14.7,0,18,36,,,,,,,,,,
-73.74,45.47,PETI,2022-03-01,2022,3,1,-8.2,-14.8,-11.5,6.6,18,0,,,,,,,,,,
-73.74,45.47,PETI,2022-03-02,2022,3,2,-3.2,-12.3,-7.8,0.8,24,31,,,,,,,,,,
-73.74,45.47,PETI,2022-03-03,2022,3,3,-6.3,-15.5,-10.9,0,24,45,,,,,,,,,,
-73.74,45.47,PETI,2022-03-04,2022,3,4,-3.7,-17.1,-10.4,0,21,44,,,,,,,,,,
-73.74,45.47,PETI,2022-03-05,2022,3,5,-0.2,-15.4,-7.8,0.9,21,0,,,,,,,,,,
-73.74,45.47,PETI,2022-03-06,2022,3,6,12.3,-2.7,4.8,7.1,22,66,,,,,,,,,,
-73.74,45.47,PETI,2022-03-07,2022,3,7,4.9,-1.5,1.7,6.8,12,53,,,,,,,,,,
-73.74,45.47,PETI,2022-03-08,2022,3,8,-1.5,-5.6,-3.5,0.3,15,54,,,,,,,,,,
-73.74,45.47,PETI,2022-03-09,2022,3,9,3.6,-4.3,-0.4,0.4,14,38,,,,,,,,,,
-73.74,45.47,PETI,2022-03-10,2022,3,10,2.4,-3.4,-0.5,0.3,13,40,,,,,,,,,,
-73.74,45.47,PETI,2022-03-11,2022,3,11,2.1,-2.6,-0.3,3.7,12,0,,,,,,,,,,
-73.74,45.47,PETI,2022-03-12,2022,3,12,-0.4,-7.1,-3.7,2.3,18,51,,,,,,,,,,
-73.74,45.47,PETI,2022-03-13,2022,3,13,-3.6,-10.3,-6.9,0.3,16,51,,,,,,,,,,
-73.74,45.47,PETI,2022-03-14,2022,3,14,5.2,-4.9,0.2,0.5,14,47,,,,,,,,,,
-73.74,45.47,PETI,2022-03-15,2022,3,15,2.5,-4,-0.7,0.3,10,0,,,,,,,,,,
-73.74,45.47,PETI,2022-03-16,2022,3,16,7.3,-5.6,0.8,0.8,10,35,,,,,,,,,,
-73.74,45.47,PETI,2022-03-17,2022,3,17,15.3,1.7,8.5,1.8,4,0,,,,,,,,,,
-73.74,45.47,PETI,2022-03-18,2022,3,18,9.5,1.5,5.5,1,1,33,,,,,,,,,,
-73.74,45.47,PETI,2022-03-19,2022,3,19,5.9,1.4,3.7,19.8,2,42,,,,,,,,,,
-73.74,45.47,PETI,2022-03-20,2022,3,20,5.6,1.2,3.4,2.7,2,45,,,,,,,,,,
-73.74,45.47,PETI,2022-03-21,2022,3,21,6.7,-0.9,2.9,0,2,49,,,,,,,,,,
-73.74,45.47,PETI,2022-03-22,2022,3,22,4.5,-3.5,0.5,0,2,43,,,,,,,,,,
-73.74,45.47,PETI,2022-03-23,2022,3,23,4.6,-5.6,-0.5,3.8,2,35,,,,,,,,,,
-73.74,45.47,PETI,2022-03-24,2022,3,24,8.4,1.3,4.9,21,2,52,,,,,,,,,,
-73.74,45.47,PETI,2022-03-25,2022,3,25,9.1,1.8,5.5,10.3,2,31,,,,,,,,,,
-73.74,45.47,PETI,2022-03-26,2022,3,26,7.3,1.7,4.5,0,2,32,,,,,,,,,,
-73.74,45.47,PETI,2022-03-27,2022,3,27,2.8,-9.5,-3.3,0.4,1,48,,,,,,,,,,
-73.74,45.47,PETI,2022-03-28,2022,3,28,-6.9,-11.8,-9.4,0.2,1,39,,,,,,,,,,
-73.74,45.47,PETI,2022-03-29,2022,3,29,-0.6,-7.4,-4,0,1,47,,,,,,,,,,
-73.74,45.47,PETI,2022-03-30,2022,3,30,3.6,-7.6,-2,0.6,1,0,,,,,,,,,,
-73.74,45.47,PETI,2022-03-31,2022,3,31,10.3,0.7,5.5,1.2,1,38,,,,,,,,,,
-73.74,45.47,PETI,2022-04-01,2022,4,1,7.1,0,3.5,0.2,1,43,,,,,,,,,,
-73.74,45.47,PETI,2022-04-02,2022,4,2,6.6,-2.9,1.9,0,1,49,,,,,,,,,,
-73.74,45.47,PETI,2022-04-03,2022,4,3,5.4,0.4,2.9,0,1,35,,,,,,,,,,
-73.74,45.47,PETI,2022-04-04,2022,4,4,11.5,-1.7,4.9,0,0,38,,,,,,,,,,
-73.74,45.47,PETI,2022-04-05,2022,4,5,12.4,-2.1,5.2,1.8,0,0,,,,,,,,,,
-73.74,45.47,PETI,2022-04-06,2022,4,6,13.6,0.9,7.3,0.2,0,38,,,,,,,,,,
-73.74,45.47,PETI,2022-04-07,2022,4,7,7.8,1.8,4.8,42.4,0,34,,,,,,,,,,
-73.74,45.47,PETI,2022-04-08,2022,4,8,7.2,1.6,4.4,8.5,0,39,,,,,,,,,,
-73.74,45.47,PETI,2022-04-09,2022,4,9,7.8,2.1,5,0.4,0,0,,,,,,,,,,
-73.74,45.47,PETI,2022-04-10,2022,4,10,9.6,1.3,5.5,0,0,45,,,,,,,,,,
-73.74,45.47,PETI,2022-04-11,2022,4,11,12.8,-1.3,5.7,0,0,0,,,,,,,,,,
-73.74,45.47,PETI,2022-04-12,2022,4,12,16.9,7.1,12,1.8,0,51,,,,,,,,,,
-73.74,45.47,PETI,2022-04-13,2022,4,13,12.3,6.4,9.3,7.9,0,37,,,,,,,,,,
-73.74,45.47,PETI,2022-04-14,2022,4,14,11.4,6.4,8.9,4.9,0,40,,,,,,,,,,
-73.74,45.47,PETI,2022-04-15,2022,4,15,15.1,2.7,8.9,7.8,0,71,,,,,,,,,,
-73.74,45.47,PETI,2022-04-16,2022,4,16,8,0.5,4.2,5.6,0,40,,,,,,,,,,
-73.74,45.47,PETI,2022-04-17,2022,4,17,7.6,-1.5,3,0,0,50,,,,,,,,,,
-73.74,45.47,PETI,2022-04-18,2022,4,18,10.9,-2.2,4.3,3.6,0,52,,,,,,,,,,
-73.74,45.47,PETI,2022-04-19,2022,4,19,4.8,0.3,2.6,29.3,6,52,,,,,,,,,,
-73.74,45.47,PETI,2022-04-20,2022,4,20,8.4,1.9,5.2,0,0,58,,,,,,,,,,
-73.74,45.47,PETI,2022-04-21,2022,4,21,11.7,1.7,6.7,1.8,0,53,,,,,,,,,,
-73.74,45.47,PETI,2022-04-22,2022,4,22,12.4,2.7,7.6,0,0,45,,,,,,,,,,
-73.74,45.47,PETI,2022-04-23,2022,4,23,10.2,-0.4,4.9,0,0,0,,,,,,,,,,
-73.74,45.47,PETI,2022-04-24,2022,4,24,13.5,3.6,8.5,0,0,38,,,,,,,,,,
-73.74,45.47,PETI,2022-04-25,2022,4,25,19.3,6.6,13,0,0,44,,,,,,,,,,
-73.74,45.47,PETI,2022-04-26,2022,4,26,15.2,9.5,12.4,2.4,0,40,,,,,,,,,,
-73.74,45.47,PETI,2022-04-27,2022,4,27,9.5,1.6,5.6,11.7,0,52,,,,,,,,,,
-73.74,45.47,PETI,2022-04-28,2022,4,28,10.6,1.5,6.1,0,0,46,,,,,,,,,,
-73.74,45.47,PETI,2022-04-29,2022,4,29,14.1,0.2,7.1,0,0,46,,,,,,,,,,
-73.74,45.47,PETI,2022-04-30,2022,4,30,15.2,3,9.1,0.2,0,0,,,,,,,,,,
-73.74,45.47,PETI,2022-05-01,2022,5,1,19.7,3.4,11.5,0,0,36,,,,,,,,,,
-73.74,45.47,PETI,2022-05-02,2022,5,2,17.1,6.9,12,0,0,40,,,,,,,,,,
-73.74,45.47,PETI,2022-05-03,2022,5,3,18.6,10.4,14.5,2.2,0,0,,,,,,,,,,
-73.74,45.47,PETI,2022-05-04,2022,5,4,16.7,8.5,12.6,4.5,0,35,,,,,,,,,,
-73.74,45.47,PETI,2022-05-05,2022,5,5,17.6,4.6,11.1,0,0,37,,,,,,,,,,
-73.74,45.47,PETI,2022-05-06,2022,5,6,15,6.8,10.9,0,0,39,,,,,,,,,,
-73.74,45.47,PETI,2022-05-07,2022,5,7,14.4,3.4,8.9,0,0,40,,,,,,,,,,
-73.74,45.47,PETI,2022-05-08,2022,5,8,18.5,4.3,11.4,0,0,33,,,,,,,,,,
-73.74,45.47,PETI,2022-05-09,2022,5,9,23.8,6.6,15.2,0,0,38,,,,,,,,,,
-73.74,45.47,PETI,2022-05-10,2022,5,10,25.1,11.3,18.2,0,0,0,,,,,,,,,,
-73.74,45.47,PETI,2022-05-11,2022,5,11,27.9,11.3,19.6,0,0,0,,,,,,,,,,
-73.74,45.47,PETI,2022-05-12,2022,5,12,30.7,12.7,21.7,0,0,0,,,,,,,,,,
-73.74,45.47,PETI,2022-05-13,2022,5,13,31.3,14.5,22.9,0,0,37,,,,,,,,,,
-73.74,45.47,PETI,2022-05-14,2022,5,14,31.3,16.7,24,0,0,41,,,,,,,,,,
-73.74,45.47,PETI,2022-05-15,2022,5,15,23.7,17.3,20.5,0,0,0,,,,,,,,,,
-73.74,45.47,PETI,2022-05-16,2022,5,16,25.1,12.8,19,9.4,0,50,,,,,,,,,,
-73.74,45.47,PETI,2022-05-17,2022,5,17,16.9,9.4,13.2,0,0,52,,,,,,,,,,
-73.74,45.47,PETI,2022-05-18,2022,5,18,17,5.5,11.2,0,0,39,,,,,,,,,,
-73.74,45.47,PETI,2022-05-19,2022,5,19,13.7,7.7,10.7,5,0,0,,,,,,,,,,
-73.74,45.47,PETI,2022-05-20,2022,5,20,26.2,8.8,17.5,0,0,45,,,,,,,,,,
-73.74,45.47,PETI,2022-05-21,2022,5,21,31.4,18.8,25.1,0,0,58,,,,,,,,,,
-73.74,45.47,PETI,2022-05-22,2022,5,22,25.4,10.8,18.1,0.2,0,48,,,,,,,,,,
-73.74,45.47,PETI,2022-05-23,2022,5,23,16.2,6.8,11.5,0,0,0,,,,,,,,,,
-73.74,45.47,PETI,2022-05-24,2022,5,24,18.3,6.5,12.4,0,0,0,,,,,,,,,,
-73.74,45.47,PETI,2022-05-25,2022,5,25,23.1,6.8,15,0,0,0,,,,,,,,,,
-73.74,45.47,PETI,2022-05-26,2022,5,26,23.5,15.1,19.3,0,0,32,,,,,,,,,,
-73.74,45.47,PETI,2022-05-27,2022,5,27,21.6,16.8,19.2,29.6,0,34,,,,,,,,,,
-73.74,45.47,PETI,2022-05-28,2022,5,28,20.8,16.1,18.4,0.7,0,34,,,,,,,,,,
-73.74,45.47,PETI,2022-05-29,2022,5,29,25.6,13.9,19.8,0,0,31,,,,,,,,,,
-73.74,45.47,PETI,2022-05-30,2022,5,30,27.6,16.5,22.1,0,0,36,,,,,,,,,,
-73.74,45.47,PETI,2022-05-31,2022,5,31,19.7,12.9,16.3,0,0,37,,,,,,,,,,
-73.74,45.47,PETI,2022-06-01,2022,6,1,17.7,13.4,15.5,1.6,0,33,,,,,,,,,,
-73.74,45.47,PETI,2022-06-02,2022,6,2,21.8,11.2,16.5,0,0,32,,,,,,,,,,
-73.74,45.47,PETI,2022-06-03,2022,6,3,24.4,16.1,20.2,0.8,0,34,,,,,,,,,,
-73.74,45.47,PETI,2022-06-04,2022,6,4,22.4,12.5,17.4,0,0,49,,,,,,,,,,
-73.74,45.47,PETI,2022-06-05,2022,6,5,21.6,10.7,16.1,0.2,0,41,,,,,,,,,,
-73.74,45.47,PETI,2022-06-06,2022,6,6,24.8,12.6,18.7,0,0,0,,,,,,,,,,
-73.74,45.47,PETI,2022-06-07,2022,6,7,25.5,16.7,21.1,13,0,42,,,,,,,,,,
-73.74,45.47,PETI,2022-06-08,2022,6,8,23.9,16.6,20.3,1.7,0,39,,,,,,,,,,
-73.74,45.47,PETI,2022-06-09,2022,6,9,17.7,13.8,15.8,11.9,0,0,,,,,,,,,,
-73.74,45.47,PETI,2022-06-10,2022,6,10,21.2,14.2,17.7,0.3,0,46,,,,,,,,,,
-73.74,45.47,PETI,2022-06-11,2022,6,11,24.9,13.6,19.3,0,0,34,,,,,,,,,,
-73.74,45.47,PETI,2022-06-12,2022,6,12,25,14.6,19.8,0.6,0,34,,,,,,,,,,
-73.74,45.47,PETI,2022-06-13,2022,6,13,23.1,13.5,18.3,0,0,39,,,,,,,,,,
-73.74,45.47,PETI,2022-06-14,2022,6,14,26.9,13.6,20.2,0,0,0,,,,,,,,,,
-73.74,45.47,PETI,2022-06-15,2022,6,15,24.6,15.1,19.8,0,0,0,,,,,,,,,,
-73.74,45.47,PETI,2022-06-16,2022,6,16,27,18.7,22.9,38.3,0,48,,,,,,,,,,
-73.74,45.47,PETI,2022-06-17,2022,6,17,27,10.3,18.6,8.2,0,60,,,,,,,,,,
-73.74,45.47,PETI,2022-06-18,2022,6,18,15.2,9.6,12.4,2.7,0,45,,,,,,,,,,
-73.74,45.47,PETI,2022-06-19,2022,6,19,22.3,8.2,15.2,0,0,47,,,,,,,,,,
-73.74,45.47,PETI,2022-06-20,2022,6,20,25.3,10.8,18.1,0,0,33,,,,,,,,,,
-73.74,45.47,PETI,2022-06-21,2022,6,21,19.6,14.8,17.2,8.9,0,31,,,,,,,,,,
-73.74,45.47,PETI,2022-06-22,2022,6,22,24.4,14.5,19.4,41.2,0,54,,,,,,,,,,
-73.74,45.47,PETI,2022-06-23,2022,6,23,18.4,15.2,16.8,28.4,0,33,,,,,,,,,,
-73.74,45.47,PETI,2022-06-24,2022,6,24,26.9,15.9,21.4,0.2,0,0,,,,,,,,,,
-73.74,45.47,PETI,2022-06-25,2022,6,25,29.1,18.7,23.9,0,0,0,,,,,,,,,,
-73.74,45.47,PETI,2022-06-26,2022,6,26,32.3,18.6,25.4,3.6,0,34,,,,,,,,,,
-73.74,45.47,PETI,2022-06-27,2022,6,27,24.4,16.3,20.4,0.3,0,55,,,,,,,,,,
-73.74,45.47,PETI,2022-06-28,2022,6,28,23.8,15.9,19.9,0,0,33,,,,,,,,,,
-73.74,45.47,PETI,2022-06-29,2022,6,29,25.7,13.7,19.7,8.4,0,50,,,,,,,,,,
-73.74,45.47,PETI,2022-06-30,2022,6,30,23.1,13.3,18.2,0.6,0,0,,,,,,,,,,
-73.74,45.47,PETI,2022-07-01,2022,7,1,27.1,18.5,22.8,0,0,39,,,,,,,,,,
-73.74,45.47,PETI,2022-07-02,2022,7,2,26.7,18.2,22.4,0,0,39,,,,,,,,,,
-73.74,45.47,PETI,2022-07-03,2022,7,3,24.9,15,20,0.8,0,49,,,,,,,,,,
-73.74,45.47,PETI,2022-07-04,2022,7,4,25.7,12.7,19.2,0,0,39,,,,,,,,,,
-73.74,45.47,PETI,2022-07-05,2022,7,5,21.3,16.1,18.7,0.2,0,0,,,,,,,,,,
-73.74,45.47,PETI,2022-07-06,2022,7,6,24.5,15.7,20.1,0.9,0,0,,,,,,,,,,
-73.74,45.47,PETI,2022-07-07,2022,7,7,24.8,13.5,19.2,0,0,0,,,,,,,,,,
-73.74,45.47,PETI,2022-07-08,2022,7,8,26.5,15.3,20.9,0.2,0,44,,,,,,,,,,
-73.74,45.47,PETI,2022-07-09,2022,7,9,23.2,10.8,17,0.3,0,34,,,,,,,,,,
-73.74,45.47,PETI,2022-07-10,2022,7,10,27.2,12.5,19.8,0.8,0,35,,,,,,,,,,
-73.74,45.47,PETI,2022-07-11,2022,7,11,29.4,19.5,24.4,0,0,41,,,,,,,,,,
-73.74,45.47,PETI,2022-07-12,2022,7,12,28.6,18.5,23.6,12.7,0,47,,,,,,,,,,
-73.74,45.47,PETI,2022-07-13,2022,7,13,25.7,17.8,21.8,0.9,0,36,,,,,,,,,,
-73.74,45.47,PETI,2022-07-14,2022,7,14,23.7,16.4,20,1.3,0,0,,,,,,,,,,
-73.74,45.47,PETI,2022-07-15,2022,7,15,27.7,15.2,21.5,0,0,32,,,,,,,,,,
-73.74,45.47,PETI,2022-07-16,2022,7,16,29.1,20.3,24.7,0,0,36,,,,,,,,,,
-73.74,45.47,PETI,2022-07-17,2022,7,17,30.5,18.8,24.6,0,0,0,,,,,,,,,,
-73.74,45.47,PETI,2022-07-18,2022,7,18,26.4,19.5,22.9,44.8,0,0,,,,,,,,,,
-73.74,45.47,PETI,2022-07-19,2022,7,19,29.7,19.5,24.6,0.6,0,41,,,,,,,,,,
-73.74,45.47,PETI,2022-07-20,2022,7,20,29.8,19.9,24.9,0.2,0,31,,,,,,,,,,
-73.74,45.47,PETI,2022-07-21,2022,7,21,31,24.1,27.6,0,0,50,,,,,,,,,,
-73.74,45.47,PETI,2022-07-22,2022,7,22,30,21.3,25.7,0,0,39,,,,,,,,,,
-73.74,45.47,PETI,2022-07-23,2022,7,23,30.9,21.2,26.1,0,0,38,,,,,,,,,,
-73.74,45.47,PETI,2022-07-24,2022,7,24,29.3,21,25.1,12,0,52,,,,,,,,,,
-73.74,45.47,PETI,2022-07-25,2022,7,25,26.7,18.1,22.4,0.4,0,59,,,,,,,,,,
-73.74,45.47,PETI,2022-07-26,2022,7,26,25.4,17.3,21.4,0,0,40,,,,,,,,,,
-73.74,45.47,PETI,2022-07-27,2022,7,27,26.9,17.8,22.3,0.4,0,0,,,,,,,,,,
-73.74,45.47,PETI,2022-07-28,2022,7,28,29.2,19,24.1,6.1,0,53,,,,,,,,,,
-73.74,45.47,PETI,2022-07-29,2022,7,29,25.9,19.2,22.6,0.2,0,40,,,,,,,,,,
-73.74,45.47,PETI,2022-07-30,2022,7,30,23.8,17.2,20.5,0,0,40,,,,,,,,,,
-73.74,45.47,PETI,2022-07-31,2022,7,31,25.9,18.1,22,0,0,36,,,,,,,,,,
-73.74,45.47,PETI,2022-08-01,2022,8,1,29.5,20.3,24.9,0,0,0,,,,,,,,,,
-73.74,45.47,PETI,2022-08-02,2022,8,2,27.3,14.2,20.8,0.6,0,39,,,,,,,,,,
-73.74,45.47,PETI,2022-08-03,2022,8,3,26.8,12.1,19.5,1.4,0,0,,,,,,,,,,
-73.74,45.47,PETI,2022-08-04,2022,8,4,26.6,21.4,24,1.1,0,0,,,,,,,,,,
-73.74,45.47,PETI,2022-08-05,2022,8,5,28.3,21.5,24.9,0.3,0,31,,,,,,,,,,
-73.74,45.47,PETI,2022-08-06,2022,8,6,32.1,16.3,24.2,0.5,0,0,,,,,,,,,,
-73.74,45.47,PETI,2022-08-07,2022,8,7,32.6,18.9,25.8,11.9,0,45,,,,,,,,,,
-73.74,45.47,PETI,2022-08-08,2022,8,8,19,14.7,16.9,11.4,0,37,,,,,,,,,,
-73.74,45.47,PETI,2022-08-09,2022,8,9,18.9,14.3,16.6,17.1,0,0,,,,,,,,,,
-73.74,45.47,PETI,2022-08-10,2022,8,10,24.7,16.7,20.7,0,0,0,,,,,,,,,,
-73.74,45.47,PETI,2022-08-11,2022,8,11,25.9,13.8,19.9,2.2,0,44,,,,,,,,,,
-73.74,45.47,PETI,2022-08-12,2022,8,12,20.2,13.1,16.7,0.2,0,0,,,,,,,,,,
-73.74,45.47,PETI,2022-08-13,2022,8,13,24.7,11.9,18.3,1.3,0,0,,,,,,,,,,
-73.74,45.47,PETI,2022-08-14,2022,8,14,26.4,14.6,20.5,0.9,0,0,,,,,,,,,,
-73.74,45.47,PETI,2022-08-15,2022,8,15,27.5,15.2,21.3,2.4,0,0,,,,,,,,,,
-73.74,45.47,PETI,2022-08-16,2022,8,16,28.7,16.5,22.6,0,0,55,,,,,,,,,,
-73.74,45.47,PETI,2022-08-17,2022,8,17,26.9,17.6,22.3,0,0,35,,,,,,,,,,
-73.74,45.47,PETI,2022-08-18,2022,8,18,23.8,17.7,20.8,0,0,36,,,,,,,,,,
-73.74,45.47,PETI,2022-08-19,2022,8,19,29.6,18.3,24,0,0,34,,,,,,,,,,
-73.74,45.47,PETI,2022-08-20,2022,8,20,30.1,18.1,24.1,0.2,0,0,,,,,,,,,,
-73.74,45.47,PETI,2022-08-21,2022,8,21,29.7,20,24.9,23.8,0,74,,,,,,,,,,
-73.74,45.47,PETI,2022-08-22,2022,8,22,27.3,20.5,23.9,1,0,0,,,,,,,,,,
-73.74,45.47,PETI,2022-08-23,2022,8,23,24.5,18.4,21.4,10.2,0,0,,,,,,,,,,
-73.74,45.47,PETI,2022-08-24,2022,8,24,,,,,0,0,,,,,,,,,,
-73.74,45.47,PETI,2022-08-25,2022,8,25,24.2,17.3,20.8,0,0,0,,,,,,,,,,
-73.74,45.47,PETI,2022-08-26,2022,8,26,20.8,16.5,18.7,0,0,0,,,,,,,,,,
-73.74,45.47,PETI,2022-08-27,2022,8,27,22.3,15.5,18.9,0,0,0,,,,,,,,,,
-73.74,45.47,PETI,2022-08-28,2022,8,28,26.5,12.6,19.5,0.5,0,0,,,,,,,,,,
-73.74,45.47,PETI,2022-08-29,2022,8,29,31.8,19.5,25.7,4.8,0,48,,,,,,,,,,
-73.74,45.47,PETI,2022-08-30,2022,8,30,29.9,19,24.4,10.4,0,42,,,,,,,,,,
-73.74,45.47,PETI,2022-08-31,2022,8,31,23.2,15.2,19.2,0,0,45,,,,,,,,,,
-73.74,45.47,PETI,2022-09-01,2022,9,1,17.4,12.6,15,0,0,41,,,,,,,,,,
-73.74,45.47,PETI,2022-09-02,2022,9,2,24.6,10.5,17.6,0,0,0,,,,,,,,,,
-73.74,45.47,PETI,2022-09-03,2022,9,3,27.6,16,21.8,1.1,0,32,,,,,,,,,,
-73.74,45.47,PETI,2022-09-04,2022,9,4,20.1,12.2,16.1,2.2,0,41,,,,,,,,,,
-73.74,45.47,PETI,2022-09-05,2022,9,5,19.9,11.2,15.5,0,0,0,,,,,,,,,,
-73.74,45.47,PETI,2022-09-06,2022,9,6,21.1,12.7,16.9,0,0,33,,,,,,,,,,
-73.74,45.47,PETI,2022-09-07,2022,9,7,24.9,13.8,19.4,0,0,0,,,,,,,,,,
-73.74,45.47,PETI,2022-09-08,2022,9,8,26.8,14.5,20.7,0.6,0,0,,,,,,,,,,
-73.74,45.47,PETI,2022-09-09,2022,9,9,26.6,15.7,21.1,0.4,0,0,,,,,,,,,,
-73.74,45.47,PETI,2022-09-10,2022,9,10,28.7,15.9,22.3,0.6,0,0,,,,,,,,,,
-73.74,45.47,PETI,2022-09-11,2022,9,11,28.3,16.4,22.3,0.4,0,0,,,,,,,,,,
-73.74,45.47,PETI,2022-09-12,2022,9,12,27.2,17.7,22.5,0,0,0,,,,,,,,,,
-73.74,45.47,PETI,2022-09-13,2022,9,13,22.8,16.9,19.8,22.8,0,40,,,,,,,,,,
-73.74,45.47,PETI,2022-09-14,2022,9,14,22.7,10.2,16.5,2.2,0,44,,,,,,,,,,
-73.74,45.47,PETI,2022-09-15,2022,9,15,17.4,7.8,12.6,0,0,38,,,,,,,,,,
-73.74,45.47,PETI,2022-09-16,2022,9,16,18,9.8,13.9,0,0,32,,,,,,,,,,
-73.74,45.47,PETI,2022-09-17,2022,9,17,19.5,6.1,12.8,0.4,0,0,,,,,,,,,,
-73.74,45.47,PETI,2022-09-18,2022,9,18,15.7,12.2,13.9,30.1,0,35,,,,,,,,,,
-73.74,45.47,PETI,2022-09-19,2022,9,19,12.7,10.4,11.5,36.1,0,36,,,,,,,,,,
-73.74,45.47,PETI,2022-09-20,2022,9,20,16,11.1,13.6,0.2,0,0,,,,,,,,,,
-73.74,45.47,PETI,2022-09-21,2022,9,21,18.6,11.5,15.1,1.3,0,38,,,,,,,,,,
-73.74,45.47,PETI,2022-09-22,2022,9,22,19.1,8.8,14,1.9,0,43,,,,,,,,,,
-73.74,45.47,PETI,2022-09-23,2022,9,23,,,,0,0,0,,,,,,,,,,
-73.74,45.47,PETI,2022-09-24,2022,9,24,19,6.2,12.6,0,0,38,,,,,,,,,,
-73.74,45.47,PETI,2022-09-25,2022,9,25,17.4,11.6,14.5,0,0,0,,,,,,,,,,
-73.74,45.47,PETI,2022-09-26,2022,9,26,18.3,12.3,15.3,2.3,0,0,,,,,,,,,,
-73.74,45.47,PETI,2022-09-27,2022,9,27,16.4,11.4,13.9,8.3,0,42,,,,,,,,,,
-73.74,45.47,PETI,2022-09-28,2022,9,28,17.3,10.3,13.8,0,0,35,,,,,,,,,,
-73.74,45.47,PETI,2022-09-29,2022,9,29,13.8,5.1,9.5,0,0,0,,,,,,,,,,
-73.74,45.47,PETI,2022-09-30,2022,9,30,16.9,5,10.9,0,0,0,,,,,,,,,,
-73.74,45.47,PETI,2022-10-01,2022,10,1,17.3,7.7,12.5,0.2,0,44,,,,,,,,,,
-73.74,45.47,PETI,2022-10-02,2022,10,2,12.8,2.2,7.5,0,0,43,,,,,,,,,,
-73.74,45.47,PETI,2022-10-03,2022,10,3,14.9,1.5,8.2,0,0,0,,,,,,,,,,
-73.74,45.47,PETI,2022-10-04,2022,10,4,17.5,1.5,9.5,0,0,0,,,,,,,,,,
-73.74,45.47,PETI,2022-10-05,2022,10,5,20.2,1.7,11,0.2,0,0,,,,,,,,,,
-73.74,45.47,PETI,2022-10-06,2022,10,6,22.8,10.6,16.7,0.3,0,0,,,,,,,,,,
-73.74,45.47,PETI,2022-10-07,2022,10,7,16.5,3.7,10.1,0,0,45,,,,,,,,,,
-73.74,45.47,PETI,2022-10-08,2022,10,8,9.8,1.6,5.7,0,0,54,,,,,,,,,,
-73.74,45.47,PETI,2022-10-09,2022,10,9,13.1,1.7,7.4,1.2,0,39,,,,,,,,,,
-73.74,45.47,PETI,2022-10-10,2022,10,10,11.4,1.2,6.3,0,0,0,,,,,,,,,,
-73.74,45.47,PETI,2022-10-11,2022,10,11,16,3,9.5,0,0,0,,,,,,,,,,
-73.74,45.47,PETI,2022-10-12,2022,10,12,20.3,7.3,13.8,0.2,0,36,,,,,,,,,,
-73.74,45.47,PETI,2022-10-13,2022,10,13,18.7,11.2,14.9,17.9,0,59,,,,,,,,,,
-73.74,45.47,PETI,2022-10-14,2022,10,14,16.1,6,11,8.6,0,0,,,,,,,,,,
-73.74,45.47,PETI,2022-10-15,2022,10,15,18,4,11,0,0,51,,,,,,,,,,
-73.74,45.47,PETI,2022-10-16,2022,10,16,14.3,5.2,9.8,0,0,0,,,,,,,,,,
-73.74,45.47,PETI,2022-10-17,2022,10,17,15.4,8.2,11.8,2.2,0,44,,,,,,,,,,
-73.74,45.47,PETI,2022-10-18,2022,10,18,12.6,3.4,8,2.3,0,0,,,,,,,,,,
-73.74,45.47,PETI,2022-10-19,2022,10,19,10.5,1.1,5.8,0,0,40,,,,,,,,,,
-73.74,45.47,PETI,2022-10-20,2022,10,20,7.6,4.7,6.2,1.1,0,56,,,,,,,,,,
-73.74,45.47,PETI,2022-10-21,2022,10,21,14.8,5.2,10,0,0,38,,,,,,,,,,
-73.74,45.47,PETI,2022-10-22,2022,10,22,22,5,13.5,0,0,0,,,,,,,,,,
-73.74,45.47,PETI,2022-10-23,2022,10,23,20.9,5.8,13.3,0.2,0,0,,,,,,,,,,
-73.74,45.47,PETI,2022-10-24,2022,10,24,20,9.2,14.6,0,0,0,,,,,,,,,,
-73.74,45.47,PETI,2022-10-25,2022,10,25,25,11.5,18.2,0,0,35,,,,,,,,,,
-73.74,45.47,PETI,2022-10-26,2022,10,26,24.2,14.9,19.5,3,0,44,,,,,,,,,,
-73.74,45.47,PETI,2022-10-27,2022,10,27,15.6,0.5,8.1,0,0,55,,,,,,,,,,
-73.74,45.47,PETI,2022-10-28,2022,10,28,9.3,-1.2,4,0,0,0,,,,,,,,,,
-73.74,45.47,PETI,2022-10-29,2022,10,29,14.4,-0.9,6.7,0,0,0,,,,,,,,,,
-73.74,45.47,PETI,2022-10-30,2022,10,30,16.5,4.2,10.4,0,0,0,,,,,,,,,,
-73.74,45.47,PETI,2022-10-31,2022,10,31,15.5,3.7,9.6,0,0,0,,,,,,,,,,
-73.74,45.47,PETI,2022-11-01,2022,11,1,14.6,9.3,11.9,2.1,0,0,,,,,,,,,,
-73.74,45.47,PETI,2022-11-02,2022,11,2,14.5,3.4,8.9,0,0,0,,,,,,,,,,
-73.74,45.47,PETI,2022-11-03,2022,11,3,17.2,2.9,10,0,0,0,,,,,,,,,,
-73.74,45.47,PETI,2022-11-04,2022,11,4,20.5,6.9,13.7,0,0,0,,,,,,,,,,
-73.74,45.47,PETI,2022-11-05,2022,11,5,24.2,10.5,17.4,0,0,37,,,,,,,,,,
-73.74,45.47,PETI,2022-11-06,2022,11,6,21.4,15.2,18.3,6.6,0,41,,,,,,,,,,
-73.74,45.47,PETI,2022-11-07,2022,11,7,15.4,6.8,11.1,0,0,61,,,,,,,,,,
-73.74,45.47,PETI,2022-11-08,2022,11,8,7.4,-3,2.2,0,0,39,,,,,,,,,,
-73.74,45.47,PETI,2022-11-09,2022,11,9,8.9,-3.6,2.7,0,0,0,,,,,,,,,,
-73.74,45.47,PETI,2022-11-10,2022,11,10,17.2,7.6,12.4,0,0,0,,,,,,,,,,
-73.74,45.47,PETI,2022-11-11,2022,11,11,16.8,7.1,12,38.8,0,0,,,,,,,,,,
-73.74,45.47,PETI,2022-11-12,2022,11,12,14.8,6.8,10.8,26.6,0,44,,,,,,,,,,
-73.74,45.47,PETI,2022-11-13,2022,11,13,7.1,-1.9,2.6,0.2,0,37,,,,,,,,,,
-73.74,45.47,PETI,2022-11-14,2022,11,14,2.2,-2.2,0,0,0,40,,,,,,,,,,
-73.74,45.47,PETI,2022-11-15,2022,11,15,1.3,-3.9,-1.3,0,0,0,,,,,,,,,,
-73.74,45.47,PETI,2022-11-16,2022,11,16,0.7,-0.8,-0.1,9.9,0,33,,,,,,,,,,
-73.74,45.47,PETI,2022-11-17,2022,11,17,-0.6,-5.8,-3.2,0,7,51,,,,,,,,,,
-73.74,45.47,PETI,2022-11-18,2022,11,18,-2.1,-7.3,-4.7,1.1,6,46,,,,,,,,,,
-73.74,45.47,PETI,2022-11-19,2022,11,19,1.5,-3,-0.8,0.8,8,50,,,,,,,,,,
-73.74,45.47,PETI,2022-11-20,2022,11,20,-1,-8.9,-4.9,0.2,5,68,,,,,,,,,,
-73.74,45.47,PETI,2022-11-21,2022,11,21,4.2,-9.7,-2.8,0,4,56,,,,,,,,,,
-73.74,45.47,PETI,2022-11-22,2022,11,22,0.8,-6.4,-2.8,0,3,48,,,,,,,,,,
-73.74,45.47,PETI,2022-11-23,2022,11,23,2.4,-4.1,-0.9,0,3,0,,,,,,,,,,
-73.74,45.47,PETI,2022-11-24,2022,11,24,2.8,-4.5,-0.9,0,3,0,,,,,,,,,,
-73.74,45.47,PETI,2022-11-25,2022,11,25,5.5,-2.8,1.3,4,2,43,,,,,,,,,,
-73.74,45.47,PETI,2022-11-26,2022,11,26,8.6,0.8,4.7,0,0,37,,,,,,,,,,
-73.74,45.47,PETI,2022-11-27,2022,11,27,10.7,2.9,6.8,3.2,0,32,,,,,,,,,,
-73.74,45.47,PETI,2022-11-28,2022,11,28,5.4,-1.2,2.1,0.5,0,37,,,,,,,,,,
-73.74,45.47,PETI,2022-11-29,2022,11,29,1.5,-2,-0.2,0,0,31,,,,,,,,,,
-73.74,45.47,PETI,2022-11-30,2022,11,30,8.5,0.8,4.6,15.6,0,66,,,,,,,,,,
-73.74,45.47,PETI,2022-12-01,2022,12,1,1.8,-3.6,-0.9,0.3,0,58,,,,,,,,,,
-73.74,45.47,PETI,2022-12-02,2022,12,2,4.2,-3.9,0.1,0,0,43,,,,,,,,,,
-73.74,45.47,PETI,2022-12-03,2022,12,3,10.4,-0.8,4.8,6.6,0,74,,,,,,,,,,
-73.74,45.47,PETI,2022-12-04,2022,12,4,1.1,-5.1,-2,0.2,0,43,,,,,,,,,,
-73.74,45.47,PETI,2022-12-05,2022,12,5,5.9,0.4,3.1,0,0,42,,,,,,,,,,
-73.74,45.47,PETI,2022-12-06,2022,12,6,8.2,2.7,5.5,15.2,0,33,,,,,,,,,,
-73.74,45.47,PETI,2022-12-07,2022,12,7,10,4.5,7.3,7.9,0,0,,,,,,,,,,
-73.74,45.47,PETI,2022-12-08,2022,12,8,5.6,-2.3,1.6,0.2,0,0,,,,,,,,,,
-73.74,45.47,PETI,2022-12-09,2022,12,9,-1.1,-9.1,-5.1,0.2,0,36,,,,,,,,,,
-73.74,45.47,PETI,2022-12-10,2022,12,10,-4.7,-10.3,-7.5,0,0,44,,,,,,,,,,
-73.74,45.47,PETI,2022-12-11,2022,12,11,-4.3,-8.3,-6.3,0,0,36,,,,,,,,,,
-73.74,45.47,PETI,2022-12-12,2022,12,12,-2.8,-9.9,-6.3,0,0,31,,,,,,,,,,
-73.74,45.47,PETI,2022-12-13,2022,12,13,0.4,-9,-4.3,0,0,38,,,,,,,,,,
-73.74,45.47,PETI,2022-12-14,2022,12,14,2.9,-9.3,-3.2,0,0,0,,,,,,,,,,
-73.74,45.47,PETI,2022-12-15,2022,12,15,5.6,0.8,3.2,0,0,38,,,,,,,,,,
-73.74,45.47,PETI,2022-12-16,2022,12,16,2.2,-0.8,0.7,11.4,1,38,,,,,,,,,,
-73.74,45.47,PETI,2022-12-17,2022,12,17,-0.1,-0.6,-0.4,8.8,20,0,,,,,,,,,,
-73.74,45.47,PETI,2022-12-18,2022,12,18,-0.5,-2.4,-1.4,0,28,0,,,,,,,,,,
-73.74,45.47,PETI,2022-12-19,2022,12,19,0.3,-4.1,-1.9,0.3,25,0,,,,,,,,,,
-73.74,45.47,PETI,2022-12-20,2022,12,20,-1.8,-5,-3.4,0,23,0,,,,,,,,,,
-73.74,45.47,PETI,2022-12-21,2022,12,21,1.5,-8.5,-3.5,0,21,36,,,,,,,,,,
-73.74,45.47,PETI,2022-12-22,2022,12,22,-2.1,-8.5,-5.3,3.6,19,36,,,,,,,,,,
-73.74,45.47,PETI,2022-12-23,2022,12,23,8.3,-9.7,-0.7,20.2,21,88,,,,,,,,,,
-73.74,45.47,PETI,2022-12-24,2022,12,24,-7,-9.7,-8.4,0.2,11,74,,,,,,,,,,
-73.74,45.47,PETI,2022-12-25,2022,12,25,-3.3,-7.6,-5.4,0.5,10,59,,,,,,,,,,
-73.74,45.47,PETI,2022-12-26,2022,12,26,-2.8,-8.8,-5.8,0.2,14,39,,,,,,,,,,
-73.74,45.47,PETI,2022-12-27,2022,12,27,-3.2,-9.4,-6.3,1.1,14,34,,,,,,,,,,
-73.74,45.47,PETI,2022-12-28,2022,12,28,0.1,-3.9,-1.9,4.5,16,0,,,,,,,,,,
-73.74,45.47,PETI,2022-12-29,2022,12,29,6.1,-2.9,1.6,0.5,18,0,,,,,,,,,,
-73.74,45.47,PETI,2022-12-30,2022,12,30,8.4,3.2,5.8,1,10,0,,,,,,,,,,
-73.74,45.47,PETI,2022-12-31,2022,12,31,7.7,3.7,5.7,13.3,1,0,,,,,,,,,,
-73.93,45.43,SADB_1,2023-01-01,2023,1,1,4,0.5,2.3,3.5,2,0,,,,,,,,,,
-73.93,45.43,SADB_1,2023-01-02,2023,1,2,3.7,0,1.9,0.5,1,0,,,,,,,,,,
-73.93,45.43,SADB_1,2023-01-03,2023,1,3,3.9,0.3,2.1,0,0,0,,,,,,,,,,
-73.93,45.43,SADB_1,2023-01-04,2023,1,4,2.7,-3.8,-0.6,8.1,0,0,,,,,,,,,,
-73.93,45.43,SADB_1,2023-01-05,2023,1,5,-2.6,-4.7,-3.7,0.3,0,0,,,,,,,,,,
-73.93,45.43,SADB_1,2023-01-06,2023,1,6,1,-4.4,-1.7,5.1,0,0,,,,,,,,,,
-73.93,45.43,SADB_1,2023-01-07,2023,1,7,0.3,-8,-3.9,0,0,0,,,,,,,,,,
-73.93,45.43,SADB_1,2023-01-08,2023,1,8,-2.9,-9.1,-6,0.2,0,0,,,,,,,,,,
-73.93,45.43,SADB_1,2023-01-09,2023,1,9,0,-5.2,-2.6,0.2,0,0,,,,,,,,,,
-73.93,45.43,SADB_1,2023-01-10,2023,1,10,-3.4,-11.1,-7.2,0.2,0,0,,,,,,,,,,
-73.93,45.43,SADB_1,2023-01-11,2023,1,11,-7.7,-14,-10.8,0,0,0,,,,,,,,,,
-73.93,45.43,SADB_1,2023-01-12,2023,1,12,-2.4,-8.7,-5.5,11.7,0,0,,,,,,,,,,
-73.93,45.43,SADB_1,2023-01-13,2023,1,13,-0.7,-5.5,-3.1,10.7,14,0,,,,,,,,,,
-73.93,45.43,SADB_1,2023-01-14,2023,1,14,-5.4,-15.3,-10.4,0.3,26,0,,,,,,,,,,
-73.93,45.43,SADB_1,2023-01-15,2023,1,15,-5.5,-17.6,-11.5,0.7,24,0,,,,,,,,,,
-73.93,45.43,SADB_1,2023-01-16,2023,1,16,-5.9,-19.3,-12.6,0,23,0,,,,,,,,,,
-73.93,45.43,SADB_1,2023-01-17,2023,1,17,-2.3,-12.4,-7.3,0.9,22,0,,,,,,,,,,
-73.93,45.43,SADB_1,2023-01-18,2023,1,18,1.1,-4.3,-1.6,1.5,22,0,,,,,,,,,,
-73.93,45.43,SADB_1,2023-01-19,2023,1,19,0,-3.4,-1.7,4.5,21,0,,,,,,,,,,
-73.93,45.43,SADB_1,2023-01-20,2023,1,20,-1.7,-8.3,-5,2.7,28,0,,,,,,,,,,
-73.93,45.43,SADB_1,2023-01-21,2023,1,21,-1.1,-6.1,-3.6,0.5,31,0,,,,,,,,,,
-73.93,45.43,SADB_1,2023-01-22,2023,1,22,-0.4,-2.9,-1.7,1.5,30,0,,,,,,,,,,
-73.93,45.43,SADB_1,2023-01-23,2023,1,23,-0.6,-2.8,-1.7,0.2,30,0,,,,,,,,,,
-73.93,45.43,SADB_1,2023-01-24,2023,1,24,1.8,-10.6,-4.4,0.5,28,0,,,,,,,,,,
-73.93,45.43,SADB_1,2023-01-25,2023,1,25,-5.9,-12.7,-9.3,13.1,26,0,,,,,,,,,,
-73.93,45.43,SADB_1,2023-01-26,2023,1,26,-4,-8,-6,3.5,44,0,,,,,,,,,,
-73.93,45.43,SADB_1,2023-01-27,2023,1,27,-2.5,-13.4,-8,0.7,43,0,,,,,,,,,,
-73.93,45.43,SADB_1,2023-01-28,2023,1,28,2.6,-8,-2.7,1.2,42,0,,,,,,,,,,
-73.93,45.43,SADB_1,2023-01-29,2023,1,29,-3.9,-11.6,-7.7,7.6,42,0,,,,,,,,,,
-73.93,45.43,SADB_1,2023-01-30,2023,1,30,-8,-10.5,-9.3,2.4,45,0,,,,,,,,,,
-73.93,45.43,SADB_1,2023-01-31,2023,1,31,-8.9,-23.5,-16.2,0.4,50,0,,,,,,,,,,
-73.93,45.43,SADB_1,2023-02-01,2023,2,1,-5.9,-29.1,-17.5,2.1,48,0,,,,,,,,,,
-73.93,45.43,SADB_1,2023-02-02,2023,2,2,-0.7,-14.4,-7.5,0.5,47,0,,,,,,,,,,
-73.93,45.43,SADB_1,2023-02-03,2023,2,3,-14.2,-28.3,-21.3,0.7,44,0,,,,,,,,,,
-73.93,45.43,SADB_1,2023-02-04,2023,2,4,-15.5,-30.2,-22.9,0,43,0,,,,,,,,,,
-73.93,45.43,SADB_1,2023-02-05,2023,2,5,-7.6,-18.6,-13.1,1.8,43,0,,,,,,,,,,
-73.93,45.43,SADB_1,2023-02-06,2023,2,6,-1.7,-15.1,-8.4,0,44,0,,,,,,,,,,
-73.93,45.43,SADB_1,2023-02-07,2023,2,7,1.3,-17.2,-7.9,1.8,43,0,,,,,,,,,,
-73.93,45.43,SADB_1,2023-02-08,2023,2,8,4.2,-4.8,-0.3,0,45,0,,,,,,,,,,
-73.93,45.43,SADB_1,2023-02-09,2023,2,9,2.1,-8.1,-3,15,41,0,,,,,,,,,,
-73.93,45.43,SADB_1,2023-02-10,2023,2,10,5.7,-2.7,1.5,2,39,0,,,,,,,,,,
-73.93,45.43,SADB_1,2023-02-11,2023,2,11,-0.8,-7,-3.9,0.4,36,0,,,,,,,,,,
-73.93,45.43,SADB_1,2023-02-12,2023,2,12,1.8,-6.6,-2.4,0,35,0,,,,,,,,,,
-73.93,45.43,SADB_1,2023-02-13,2023,2,13,4.6,-6.5,-0.9,0,35,0,,,,,,,,,,
-73.93,45.43,SADB_1,2023-02-14,2023,2,14,5.4,-3.8,0.8,0,34,0,,,,,,,,,,
-73.93,45.43,SADB_1,2023-02-15,2023,2,15,10.1,-3.6,3.2,3,33,0,,,,,,,,,,
-73.93,45.43,SADB_1,2023-02-16,2023,2,16,6.5,-2.3,2.1,0,26,0,,,,,,,,,,
-73.93,45.43,SADB_1,2023-02-17,2023,2,17,-2.3,-12.7,-7.5,9.6,24,0,,,,,,,,,,
-73.93,45.43,SADB_1,2023-02-18,2023,2,18,-0.1,-14.6,-7.4,0,26,0,,,,,,,,,,
-73.93,45.43,SADB_1,2023-02-19,2023,2,19,5.4,-4,0.7,0,25,0,,,,,,,,,,
-73.93,45.43,SADB_1,2023-02-20,2023,2,20,5.5,-9.2,-1.9,0,25,0,,,,,,,,,,
-73.93,45.43,SADB_1,2023-02-21,2023,2,21,-5.6,-14.6,-10.1,1.1,24,0,,,,,,,,,,
-73.93,45.43,SADB_1,2023-02-22,2023,2,22,-5.9,-11.8,-8.9,0,25,0,,,,,,,,,,
-73.93,45.43,SADB_1,2023-02-23,2023,2,23,-9.5,-12.6,-11.1,2.4,24,0,,,,,,,,,,
-73.93,45.43,SADB_1,2023-02-24,2023,2,24,-10.5,-19.2,-14.9,0.2,24,0,,,,,,,,,,
-73.93,45.43,SADB_1,2023-02-25,2023,2,25,-12.5,-23.4,-18,0.7,24,0,,,,,,,,,,
-73.93,45.43,SADB_1,2023-02-26,2023,2,26,-8,-18.7,-13.4,1.1,25,0,,,,,,,,,,
-73.93,45.43,SADB_1,2023-02-27,2023,2,27,-5.4,-17.8,-11.6,0,27,0,,,,,,,,,,
-73.93,45.43,SADB_1,2023-02-28,2023,2,28,0.6,-6.8,-3.1,11.3,28,0,,,,,,,,,,
-73.93,45.43,SADB_1,2023-03-01,2023,3,1,2.8,-4.9,-1,0,38,0,,,,,,,,,,
-73.93,45.43,SADB_1,2023-03-02,2023,3,2,1.1,-5.8,-2.3,2.2,37,0,,,,,,,,,,
-73.93,45.43,SADB_1,2023-03-03,2023,3,3,-2.7,-14.2,-8.5,0.2,38,0,,,,,,,,,,
-73.93,45.43,SADB_1,2023-03-04,2023,3,4,-1.2,-7.4,-4.3,9.3,47,0,,,,,,,,,,
-73.93,45.43,SADB_1,2023-03-05,2023,3,5,4.3,-4.3,0,0,53,0,,,,,,,,,,
-73.93,45.43,SADB_1,2023-03-06,2023,3,6,4.2,-3.6,0.3,0,46,0,,,,,,,,,,
-73.93,45.43,SADB_1,2023-03-07,2023,3,7,-2,-6.7,-4.4,0,43,0,,,,,,,,,,
-73.93,45.43,SADB_1,2023-03-08,2023,3,8,0.4,-5.5,-2.5,0,43,0,,,,,,,,,,
-73.93,45.43,SADB_1,2023-03-09,2023,3,9,0.9,-5.3,-2.2,0,42,0,,,,,,,,,,
-73.93,45.43,SADB_1,2023-03-10,2023,3,10,-0.9,-11,-6,0,40,0,,,,,,,,,,
-73.93,45.43,SADB_1,2023-03-11,2023,3,11,3.3,-7.5,-2.1,0,40,0,,,,,,,,,,
-73.93,45.43,SADB_1,2023-03-12,2023,3,12,3.6,-10.7,-3.5,0,39,0,,,,,,,,,,
-73.93,45.43,SADB_1,2023-03-13,2023,3,13,3.7,-4.3,-0.3,0,38,0,,,,,,,,,,
-73.93,45.43,SADB_1,2023-03-14,2023,3,14,2.8,0.3,1.6,4,37,0,,,,,,,,,,
-73.93,45.43,SADB_1,2023-03-15,2023,3,15,5.4,-1.4,2,0,34,0,,,,,,,,,,
-73.93,45.43,SADB_1,2023-03-16,2023,3,16,1.7,-1.1,0.3,0.4,32,0,,,,,,,,,,
-73.93,45.43,SADB_1,2023-03-17,2023,3,17,6.2,1.1,3.7,11,32,0,,,,,,,,,,
-73.93,45.43,SADB_1,2023-03-18,2023,3,18,3.2,-3.6,-0.2,0,28,0,,,,,,,,,,
-73.93,45.43,SADB_1,2023-03-19,2023,3,19,-3.5,-7.1,-5.3,0,27,0,,,,,,,,,,
-73.93,45.43,SADB_1,2023-03-20,2023,3,20,4,-3.9,0.1,0,26,0,,,,,,,,,,
-73.93,45.43,SADB_1,2023-03-21,2023,3,21,3.9,-3.6,0.1,0,25,0,,,,,,,,,,
-73.93,45.43,SADB_1,2023-03-22,2023,3,22,1,-6,-2.5,0,24,0,,,,,,,,,,
-73.93,45.43,SADB_1,2023-03-23,2023,3,23,2,-1,0.5,8.8,24,0,,,,,,,,,,
-73.93,45.43,SADB_1,2023-03-24,2023,3,24,3.2,-4.5,-0.6,0,23,0,,,,,,,,,,
-73.93,45.43,SADB_1,2023-03-25,2023,3,25,2.3,-5.6,-1.7,12.7,22,0,,,,,,,,,,
-73.93,45.43,SADB_1,2023-03-26,2023,3,26,4.8,1.8,3.3,0.2,25,0,,,,,,,,,,
-73.93,45.43,SADB_1,2023-03-27,2023,3,27,6.9,-1.9,2.5,0,22,0,,,,,,,,,,
-73.93,45.43,SADB_1,2023-03-28,2023,3,28,2.7,-5.5,-1.4,0,19,0,,,,,,,,,,
-73.93,45.43,SADB_1,2023-03-29,2023,3,29,9.1,-7.3,0.9,1.1,18,0,,,,,,,,,,
-73.93,45.43,SADB_1,2023-03-30,2023,3,30,-0.3,-8.1,-4.2,0.2,13,0,,,,,,,,,,
-73.93,45.43,SADB_1,2023-03-31,2023,3,31,3.3,-5.8,-1.2,3.6,12,0,,,,,,,,,,
-73.93,45.43,SADB_1,2023-04-01,2023,4,1,8.9,1,4.9,10.1,14,0,,,,,,,,,,
-73.93,45.43,SADB_1,2023-04-02,2023,4,2,1.1,-7.9,-3.4,0,6,0,,,,,,,,,,
-73.93,45.43,SADB_1,2023-04-03,2023,4,3,7.1,-2.8,2.1,0,5,0,,,,,,,,,,
-73.93,45.43,SADB_1,2023-04-04,2023,4,4,10.1,-2.5,3.8,0,4,0,,,,,,,,,,
-73.93,45.43,SADB_1,2023-04-05,2023,4,5,0.2,-2.6,-1.2,21.1,0,0,,,,,,,,,,
-73.93,45.43,SADB_1,2023-04-06,2023,4,6,,,,0,0,0,,,,,,,,,,
-73.93,45.43,SADB_1,2023-04-07,2023,4,7,3.8,-2.5,0.6,0,0,0,,,,,,,,,,
-73.93,45.43,SADB_1,2023-04-08,2023,4,8,5.5,-4.4,0.5,0,0,0,,,,,,,,,,
-73.93,45.43,SADB_1,2023-04-09,2023,4,9,10.3,-3.3,3.5,0,0,0,,,,,,,,,,
-73.93,45.43,SADB_1,2023-04-10,2023,4,10,17.4,1.2,9.3,0,0,0,,,,,,,,,,
-73.93,45.43,SADB_1,2023-04-11,2023,4,11,16.7,9.7,13.2,0,0,0,,,,,,,,,,
-73.93,45.43,SADB_1,2023-04-12,2023,4,12,16,7.7,11.9,0,0,0,,,,,,,,,,
-73.93,45.43,SADB_1,2023-04-13,2023,4,13,27,3.6,15.3,0,0,0,,,,,,,,,,
-73.93,45.43,SADB_1,2023-04-14,2023,4,14,20.1,10.4,15.2,0,0,0,,,,,,,,,,
-73.93,45.43,SADB_1,2023-04-15,2023,4,15,24,7.1,15.6,0,0,0,,,,,,,,,,
-73.93,45.43,SADB_1,2023-04-16,2023,4,16,24.6,6.6,15.6,0,0,0,,,,,,,,,,
-73.93,45.43,SADB_1,2023-04-17,2023,4,17,12.4,6,9.2,10.9,0,0,,,,,,,,,,
-73.93,45.43,SADB_1,2023-04-18,2023,4,18,9.7,2.8,6.3,0,0,0,,,,,,,,,,
-73.93,45.43,SADB_1,2023-04-19,2023,4,19,5.9,1.8,3.9,0.2,0,0,,,,,,,,,,
-73.93,45.43,SADB_1,2023-04-20,2023,4,20,9.5,0.6,5,0,0,0,,,,,,,,,,
-73.93,45.43,SADB_1,2023-04-21,2023,4,21,15.7,2.7,9.2,0,0,0,,,,,,,,,,
-73.93,45.43,SADB_1,2023-04-22,2023,4,22,19.5,7.6,13.5,0,0,0,,,,,,,,,,
-73.93,45.43,SADB_1,2023-04-23,2023,4,23,11.3,6.9,9.1,22.4,0,0,,,,,,,,,,
-73.93,45.43,SADB_1,2023-04-24,2023,4,24,8.6,3.2,5.9,1.5,0,0,,,,,,,,,,
-73.93,45.43,SADB_1,2023-04-25,2023,4,25,10.8,2.8,6.8,0,0,0,,,,,,,,,,
-73.93,45.43,SADB_1,2023-04-26,2023,4,26,9.2,-0.2,4.5,1,0,0,,,,,,,,,,
-73.93,45.43,SADB_1,2023-04-27,2023,4,27,13,-0.3,6.4,0.2,0,0,,,,,,,,,,
-73.93,45.43,SADB_1,2023-04-28,2023,4,28,18.6,1,9.8,0,0,0,,,,,,,,,,
-73.93,45.43,SADB_1,2023-04-29,2023,4,29,15.1,7.6,11.3,5.6,0,0,,,,,,,,,,
-73.93,45.43,SADB_1,2023-04-30,2023,4,30,14.6,7.3,10.9,10,0,0,,,,,,,,,,
-73.93,45.43,SADB_1,2023-05-01,2023,5,1,12.4,6.1,9.2,18,0,0,,,,,,,,,,
-73.93,45.43,SADB_1,2023-05-02,2023,5,2,13.5,5.9,9.7,7.7,0,0,,,,,,,,,,
-73.93,45.43,SADB_1,2023-05-03,2023,5,3,9.5,6.3,7.9,0.5,0,0,,,,,,,,,,
-73.93,45.43,SADB_1,2023-05-04,2023,5,4,12,5.9,8.9,0,0,0,,,,,,,,,,
-73.93,45.43,SADB_1,2023-05-05,2023,5,5,17.1,6,11.5,0,0,0,,,,,,,,,,
-73.93,45.43,SADB_1,2023-05-06,2023,5,6,22.7,7.3,15,0,0,0,,,,,,,,,,
-73.93,45.43,SADB_1,2023-05-07,2023,5,7,22.6,9.1,15.9,0,0,0,,,,,,,,,,
-73.93,45.43,SADB_1,2023-05-08,2023,5,8,17.6,7,12.3,0,0,0,,,,,,,,,,
-73.93,45.43,SADB_1,2023-05-09,2023,5,9,16.7,2.6,9.6,0,0,0,,,,,,,,,,
-73.93,45.43,SADB_1,2023-05-10,2023,5,10,23,4.6,13.8,0,0,0,,,,,,,,,,
-73.93,45.43,SADB_1,2023-05-11,2023,5,11,25.9,10.4,18.2,0,0,0,,,,,,,,,,
-73.93,45.43,SADB_1,2023-05-12,2023,5,12,26,14.2,20.1,0,0,0,,,,,,,,,,
-73.93,45.43,SADB_1,2023-05-13,2023,5,13,20.4,6.4,13.4,0,0,0,,,,,,,,,,
-73.93,45.43,SADB_1,2023-05-14,2023,5,14,17.8,4.7,11.3,0,0,0,,,,,,,,,,
-73.93,45.43,SADB_1,2023-05-15,2023,5,15,22.1,8.1,15.1,0,0,0,,,,,,,,,,
-73.93,45.43,SADB_1,2023-05-16,2023,5,16,16,3.7,9.8,3.2,0,0,,,,,,,,,,
-73.93,45.43,SADB_1,2023-05-17,2023,5,17,9.4,1.4,5.4,0,0,0,,,,,,,,,,
-73.93,45.43,SADB_1,2023-05-18,2023,5,18,15.5,0.2,7.9,0,0,0,,,,,,,,,,
-73.93,45.43,SADB_1,2023-05-19,2023,5,19,24.6,3,13.8,0,0,0,,,,,,,,,,
-73.93,45.43,SADB_1,2023-05-20,2023,5,20,21.2,13.9,17.6,5.4,0,0,,,,,,,,,,
-73.93,45.43,SADB_1,2023-05-21,2023,5,21,22.7,9.1,15.9,0.2,0,0,,,,,,,,,,
-73.93,45.43,SADB_1,2023-05-22,2023,5,22,15.5,3.3,9.4,0,0,0,,,,,,,,,,
-73.93,45.43,SADB_1,2023-05-23,2023,5,23,23.1,1.6,12.3,0,0,0,,,,,,,,,,
-73.93,45.43,SADB_1,2023-05-24,2023,5,24,15.1,7.3,11.2,6.1,0,0,,,,,,,,,,
-73.93,45.43,SADB_1,2023-05-25,2023,5,25,18.7,5.3,12,0,0,0,,,,,,,,,,
-73.93,45.43,SADB_1,2023-05-26,2023,5,26,22.4,3.9,13.2,0,0,0,,,,,,,,,,
-73.93,45.43,SADB_1,2023-05-27,2023,5,27,28,11.2,19.6,0,0,0,,,,,,,,,,
-73.93,45.43,SADB_1,2023-05-28,2023,5,28,31.5,13.9,22.7,0,0,0,,,,,,,,,,
-73.93,45.43,SADB_1,2023-05-29,2023,5,29,23,8.6,15.8,0,0,0,,,,,,,,,,
-73.93,45.43,SADB_1,2023-05-30,2023,5,30,28.2,8.3,18.2,0,0,0,,,,,,,,,,
-73.93,45.43,SADB_1,2023-05-31,2023,5,31,31.9,13.6,22.8,0,0,0,,,,,,,,,,
-73.93,45.43,SADB_1,2023-06-01,2023,6,1,34.8,16.5,25.6,0,0,0,,,,,,,,,,
-73.93,45.43,SADB_1,2023-06-02,2023,6,2,31.6,13.4,22.5,0,0,0,,,,,,,,,,
-73.93,45.43,SADB_1,2023-06-03,2023,6,3,20.4,8.3,14.3,0,0,0,,,,,,,,,,
-73.93,45.43,SADB_1,2023-06-04,2023,6,4,20,4.8,12.4,0,0,0,,,,,,,,,,
-73.93,45.43,SADB_1,2023-06-05,2023,6,5,22.7,7.1,14.9,0,0,0,,,,,,,,,,
-73.93,45.43,SADB_1,2023-06-06,2023,6,6,20.1,12.6,16.4,0.2,0,0,,,,,,,,,,
-73.93,45.43,SADB_1,2023-06-07,2023,6,7,16.4,10.8,13.6,1.1,0,0,,,,,,,,,,
-73.93,45.43,SADB_1,2023-06-08,2023,6,8,18.7,9.7,14.2,0.2,0,0,,,,,,,,,,
-73.93,45.43,SADB_1,2023-06-09,2023,6,9,18.4,11.1,14.7,0,0,0,,,,,,,,,,
-73.93,45.43,SADB_1,2023-06-10,2023,6,10,23.1,11.3,17.2,0,0,0,,,,,,,,,,
-73.93,45.43,SADB_1,2023-06-11,2023,6,11,26.5,14.1,20.3,0,0,0,,,,,,,,,,
-73.93,45.43,SADB_1,2023-06-12,2023,6,12,28.9,16.7,22.8,0,0,0,,,,,,,,,,
-73.93,45.43,SADB_1,2023-06-13,2023,6,13,21.7,13.1,17.4,14.3,0,0,,,,,,,,,,
-73.93,45.43,SADB_1,2023-06-14,2023,6,14,23.6,9.9,16.8,0,0,0,,,,,,,,,,
-73.93,45.43,SADB_1,2023-06-15,2023,6,15,25.6,13.5,19.5,19.1,0,0,,,,,,,,,,
-73.93,45.43,SADB_1,2023-06-16,2023,6,16,24,15.7,19.8,0,0,0,,,,,,,,,,
-73.93,45.43,SADB_1,2023-06-17,2023,6,17,16.8,13.4,15.1,8.9,0,0,,,,,,,,,,
-73.93,45.43,SADB_1,2023-06-18,2023,6,18,20,12.2,16.1,0,0,0,,,,,,,,,,
-73.93,45.43,SADB_1,2023-06-19,2023,6,19,21.4,11.8,16.6,0,0,0,,,,,,,,,,
-73.93,45.43,SADB_1,2023-06-20,2023,6,20,24.7,10.2,17.4,0,0,0,,,,,,,,,,
-73.93,45.43,SADB_1,2023-06-21,2023,6,21,26.4,13.4,19.9,0,0,0,,,,,,,,,,
-73.93,45.43,SADB_1,2023-06-22,2023,6,22,27.8,12.7,20.2,0,0,0,,,,,,,,,,
-73.93,45.43,SADB_1,2023-06-23,2023,6,23,30.2,13.2,21.7,0,0,0,,,,,,,,,,
-73.93,45.43,SADB_1,2023-06-24,2023,6,24,25.2,19.9,22.5,0,0,0,,,,,,,,,,
-73.93,45.43,SADB_1,2023-06-25,2023,6,25,25.6,18,21.8,0,0,0,,,,,,,,,,
-73.93,45.43,SADB_1,2023-06-26,2023,6,26,30,19.1,24.6,0,0,0,,,,,,,,,,
-73.93,45.43,SADB_1,2023-06-27,2023,6,27,26.4,19.7,23,3.1,0,0,,,,,,,,,,
-73.93,45.43,SADB_1,2023-06-28,2023,6,28,23,16.5,19.7,0.7,0,0,,,,,,,,,,
-73.93,45.43,SADB_1,2023-06-29,2023,6,29,24.4,16.8,20.6,15.7,0,0,,,,,,,,,,
-73.93,45.43,SADB_1,2023-06-30,2023,6,30,27.3,16.3,21.8,1.5,0,0,,,,,,,,,,
-73.93,45.43,SADB_1,2023-07-01,2023,7,1,23.9,16.8,20.4,28.8,0,0,,,,,,,,,,
-73.93,45.43,SADB_1,2023-07-02,2023,7,2,26.2,18.8,22.5,2,0,0,,,,,,,,,,
-73.93,45.43,SADB_1,2023-07-03,2023,7,3,28.2,19.5,23.8,0,0,0,,,,,,,,,,
-73.93,45.43,SADB_1,2023-07-04,2023,7,4,28.4,18.4,23.4,0,0,0,,,,,,,,,,
-73.93,45.43,SADB_1,2023-07-05,2023,7,5,31.4,18.5,25,0,0,0,,,,,,,,,,
-73.93,45.43,SADB_1,2023-07-06,2023,7,6,,,,,0,0,,,,,,,,,,
-73.93,45.43,SADB_1,2023-07-07,2023,7,7,28.3,19.8,24.1,0,0,0,,,,,,,,,,
-73.93,45.43,SADB_1,2023-07-08,2023,7,8,28.9,20.6,24.8,0,0,0,,,,,,,,,,
-73.93,45.43,SADB_1,2023-07-09,2023,7,9,26.7,20,23.3,1.2,0,0,,,,,,,,,,
-73.93,45.43,SADB_1,2023-07-10,2023,7,10,21.8,19.5,20.7,9.5,0,0,,,,,,,,,,
-73.93,45.43,SADB_1,2023-07-11,2023,7,11,28.9,18.6,23.7,11.1,0,0,,,,,,,,,,
-73.93,45.43,SADB_1,2023-07-12,2023,7,12,25.1,15.6,20.4,0,0,0,,,,,,,,,,
-73.93,45.43,SADB_1,2023-07-13,2023,7,13,27.3,15.7,21.5,25.3,0,0,,,,,,,,,,
-73.93,45.43,SADB_1,2023-07-14,2023,7,14,25.7,14.6,20.1,0,0,0,,,,,,,,,,
-73.93,45.43,SADB_1,2023-07-15,2023,7,15,27.5,16.3,21.9,0,0,0,,,,,,,,,,
-73.93,45.43,SADB_1,2023-07-16,2023,7,16,27,20.2,23.6,3.8,0,0,,,,,,,,,,
-73.93,45.43,SADB_1,2023-07-17,2023,7,17,27.7,18.5,23.1,0,0,0,,,,,,,,,,
-73.93,45.43,SADB_1,2023-07-18,2023,7,18,26.5,18.3,22.4,14,0,0,,,,,,,,,,
-73.93,45.43,SADB_1,2023-07-19,2023,7,19,25.8,16.4,21.1,0,0,0,,,,,,,,,,
-73.93,45.43,SADB_1,2023-07-20,2023,7,20,27.1,15.2,21.1,0,0,0,,,,,,,,,,
-73.93,45.43,SADB_1,2023-07-21,2023,7,21,24.7,17.9,21.3,29.7,0,0,,,,,,,,,,
-73.93,45.43,SADB_1,2023-07-22,2023,7,22,24,16.5,20.2,0,0,0,,,,,,,,,,
-73.93,45.43,SADB_1,2023-07-23,2023,7,23,27.6,15.7,21.6,0,0,0,,,,,,,,,,
-73.93,45.43,SADB_1,2023-07-24,2023,7,24,27.9,16.6,22.2,0,0,0,,,,,,,,,,
-73.93,45.43,SADB_1,2023-07-25,2023,7,25,26.1,18.7,22.4,0,0,0,,,,,,,,,,
-73.93,45.43,SADB_1,2023-07-26,2023,7,26,28.3,19.6,23.9,0.3,0,0,,,,,,,,,,
-73.93,45.43,SADB_1,2023-07-27,2023,7,27,25.4,19.1,22.3,26.4,0,0,,,,,,,,,,
-73.93,45.43,SADB_1,2023-07-28,2023,7,28,27.4,20.4,23.9,29.9,0,0,,,,,,,,,,
-73.93,45.43,SADB_1,2023-07-29,2023,7,29,20.4,12.5,16.5,0.5,0,0,,,,,,,,,,
-73.93,45.43,SADB_1,2023-07-30,2023,7,30,23.9,11.2,17.6,14.4,0,0,,,,,,,,,,
-73.93,45.43,SADB_1,2023-07-31,2023,7,31,22.5,13.5,18,0.4,0,0,,,,,,,,,,
-73.93,45.43,SADB_1,2023-08-01,2023,8,1,21.6,10.8,16.2,0,0,0,,,,,,,,,,
-73.93,45.43,SADB_1,2023-08-02,2023,8,2,24,10.7,17.3,0,0,0,,,,,,,,,,
-73.93,45.43,SADB_1,2023-08-03,2023,8,3,24.9,15.9,20.4,7.5,0,0,,,,,,,,,,
-73.93,45.43,SADB_1,2023-08-04,2023,8,4,25.1,15.3,20.2,7.5,0,0,,,,,,,,,,
-73.93,45.43,SADB_1,2023-08-05,2023,8,5,24.5,14.6,19.5,0,0,0,,,,,,,,,,
-73.93,45.43,SADB_1,2023-08-06,2023,8,6,25.7,15.2,20.5,0,0,0,,,,,,,,,,
-73.93,45.43,SADB_1,2023-08-07,2023,8,7,21.5,15.3,18.4,3.9,0,0,,,,,,,,,,
-73.93,45.43,SADB_1,2023-08-08,2023,8,8,25.2,18.3,21.8,18.5,0,0,,,,,,,,,,
-73.93,45.43,SADB_1,2023-08-09,2023,8,9,27.1,16.4,21.8,0,0,0,,,,,,,,,,
-73.93,45.43,SADB_1,2023-08-10,2023,8,10,26.5,15.9,21.2,14.8,0,0,,,,,,,,,,
-73.93,45.43,SADB_1,2023-08-11,2023,8,11,23,14.4,18.7,0,0,0,,,,,,,,,,
-73.93,45.43,SADB_1,2023-08-12,2023,8,12,24.3,12.1,18.2,16.4,0,0,,,,,,,,,,
-73.93,45.43,SADB_1,2023-08-13,2023,8,13,24.7,16.9,20.8,0,0,0,,,,,,,,,,
-73.93,45.43,SADB_1,2023-08-14,2023,8,14,23.8,15.3,19.6,0,0,0,,,,,,,,,,
-73.93,45.43,SADB_1,2023-08-15,2023,8,15,25.8,14,19.9,0,0,0,,,,,,,,,,
-73.93,45.43,SADB_1,2023-08-16,2023,8,16,25.4,17.1,21.2,0,0,0,,,,,,,,,,
-73.93,45.43,SADB_1,2023-08-17,2023,8,17,27.7,15.5,21.6,0,0,0,,,,,,,,,,
-73.93,45.43,SADB_1,2023-08-18,2023,8,18,23.9,15.2,19.6,8.7,0,0,,,,,,,,,,
-73.93,45.43,SADB_1,2023-08-19,2023,8,19,19.4,14.3,16.8,4.9,0,0,,,,,,,,,,
-73.93,45.43,SADB_1,2023-08-20,2023,8,20,25.2,15.5,20.4,0,0,0,,,,,,,,,,
-73.93,45.43,SADB_1,2023-08-21,2023,8,21,21.8,11.9,16.9,0,0,0,,,,,,,,,,
-73.93,45.43,SADB_1,2023-08-22,2023,8,22,24.3,11.5,17.9,0,0,0,,,,,,,,,,
-73.93,45.43,SADB_1,2023-08-23,2023,8,23,25.3,10.5,17.9,0,0,0,,,,,,,,,,
-73.93,45.43,SADB_1,2023-08-24,2023,8,24,25.4,11,18.2,8.1,0,0,,,,,,,,,,
-73.93,45.43,SADB_1,2023-08-25,2023,8,25,20.8,16.3,18.5,0.8,0,0,,,,,,,,,,
-73.93,45.43,SADB_1,2023-08-26,2023,8,26,25.2,15.3,20.2,0,0,0,,,,,,,,,,
-73.93,45.43,SADB_1,2023-08-27,2023,8,27,23.1,12.4,17.8,0,0,0,,,,,,,,,,
-73.93,45.43,SADB_1,2023-08-28,2023,8,28,24.5,11.3,17.9,0,0,0,,,,,,,,,,
-73.93,45.43,SADB_1,2023-08-29,2023,8,29,25.4,14.2,19.8,1.3,0,0,,,,,,,,,,
-73.93,45.43,SADB_1,2023-08-30,2023,8,30,22.8,12.7,17.8,22.2,0,0,,,,,,,,,,
-73.93,45.43,SADB_1,2023-08-31,2023,8,31,20.5,10.2,15.3,0,0,0,,,,,,,,,,
-73.93,45.43,SADB_1,2023-09-01,2023,9,1,23.1,12.3,17.7,0,0,0,,,,,,,,,,
-73.93,45.43,SADB_1,2023-09-02,2023,9,2,24.3,11.3,17.8,0,0,0,,,,,,,,,,
-73.93,45.43,SADB_1,2023-09-03,2023,9,3,27.9,18.3,23.1,0,0,0,,,,,,,,,,
-73.93,45.43,SADB_1,2023-09-04,2023,9,4,29.5,18.8,24.2,0,0,0,,,,,,,,,,
-73.93,45.43,SADB_1,2023-09-05,2023,9,5,31.1,20.6,25.9,0,0,0,,,,,,,,,,
-73.93,45.43,SADB_1,2023-09-06,2023,9,6,31.6,21.5,26.5,0,0,0,,,,,,,,,,
-73.93,45.43,SADB_1,2023-09-07,2023,9,7,28.9,22,25.5,0,0,0,,,,,,,,,,
-73.93,45.43,SADB_1,2023-09-08,2023,9,8,26.9,16.9,21.9,0,0,0,,,,,,,,,,
-73.93,45.43,SADB_1,2023-09-09,2023,9,9,22.3,13.5,17.9,0,0,0,,,,,,,,,,
-73.93,45.43,SADB_1,2023-09-10,2023,9,10,17.8,13.7,15.7,14.2,0,0,,,,,,,,,,
-73.93,45.43,SADB_1,2023-09-11,2023,9,11,23.3,11.5,17.4,0,0,0,,,,,,,,,,
-73.93,45.43,SADB_1,2023-09-12,2023,9,12,21.4,13.9,17.7,0,0,0,,,,,,,,,,
-73.93,45.43,SADB_1,2023-09-13,2023,9,13,23.5,14.1,18.8,9.8,0,0,,,,,,,,,,
-73.93,45.43,SADB_1,2023-09-14,2023,9,14,16.4,11.2,13.8,0,0,0,,,,,,,,,,
-73.93,45.43,SADB_1,2023-09-15,2023,9,15,21.1,9,15.1,0,0,0,,,,,,,,,,
-73.93,45.43,SADB_1,2023-09-16,2023,9,16,22.6,11.2,16.9,0,0,0,,,,,,,,,,
-73.93,45.43,SADB_1,2023-09-17,2023,9,17,23.1,11.4,17.2,0,0,0,,,,,,,,,,
-73.93,45.43,SADB_1,2023-09-18,2023,9,18,18.8,15,16.9,0,0,0,,,,,,,,,,
-73.93,45.43,SADB_1,2023-09-19,2023,9,19,17.1,12.4,14.8,1.6,0,0,,,,,,,,,,
-73.93,45.43,SADB_1,2023-09-20,2023,9,20,19.6,9.5,14.6,0,0,0,,,,,,,,,,
-73.93,45.43,SADB_1,2023-09-21,2023,9,21,,,,0,0,0,,,,,,,,,,
-73.93,45.43,SADB_1,2023-09-22,2023,9,22,,,,0,0,0,,,,,,,,,,
-73.93,45.43,SADB_1,2023-09-23,2023,9,23,21.7,8,14.9,0,0,0,,,,,,,,,,
-73.93,45.43,SADB_1,2023-09-24,2023,9,24,23.1,12.8,17.9,0,0,0,,,,,,,,,,
-73.93,45.43,SADB_1,2023-09-25,2023,9,25,20.2,11.4,15.8,0,0,0,,,,,,,,,,
-73.93,45.43,SADB_1,2023-09-26,2023,9,26,18.4,5.5,12,0,0,0,,,,,,,,,,
-73.93,45.43,SADB_1,2023-09-27,2023,9,27,20.5,4.2,12.4,0.5,0,0,,,,,,,,,,
-73.93,45.43,SADB_1,2023-09-28,2023,9,28,20.5,6.4,13.5,0,0,0,,,,,,,,,,
-73.93,45.43,SADB_1,2023-09-29,2023,9,29,19.3,8.8,14,0.2,0,0,,,,,,,,,,
-73.93,45.43,SADB_1,2023-09-30,2023,9,30,22.8,9.4,16.1,0,0,0,,,,,,,,,,
-73.93,45.43,SADB_1,2023-10-01,2023,10,1,24.7,10.7,17.7,0,0,0,,,,,,,,,,
-73.93,45.43,SADB_1,2023-10-02,2023,10,2,23.2,7.9,15.6,0.3,0,0,,,,,,,,,,
-73.93,45.43,SADB_1,2023-10-03,2023,10,3,27.2,16.6,21.9,0,0,0,,,,,,,,,,
-73.93,45.43,SADB_1,2023-10-04,2023,10,4,29.6,15,22.3,0,0,0,,,,,,,,,,
-73.93,45.43,SADB_1,2023-10-05,2023,10,5,28.7,14.4,21.6,0,0,0,,,,,,,,,,
-73.93,45.43,SADB_1,2023-10-06,2023,10,6,24,16.2,20.1,27.5,0,0,,,,,,,,,,
-73.93,45.43,SADB_1,2023-10-07,2023,10,7,17.1,9.1,13.1,59.3,0,0,,,,,,,,,,
-73.93,45.43,SADB_1,2023-10-08,2023,10,8,15.1,6.8,11,4.2,0,0,,,,,,,,,,
-73.93,45.43,SADB_1,2023-10-09,2023,10,9,12.2,7,9.6,1.4,0,0,,,,,,,,,,
-73.93,45.43,SADB_1,2023-10-10,2023,10,10,12.1,7.9,10,0.2,0,0,,,,,,,,,,
-73.93,45.43,SADB_1,2023-10-11,2023,10,11,12.7,7.2,9.9,2.1,0,0,,,,,,,,,,
-73.93,45.43,SADB_1,2023-10-12,2023,10,12,14.5,6.6,10.6,0,0,0,,,,,,,,,,
-73.93,45.43,SADB_1,2023-10-13,2023,10,13,15.8,5.6,10.7,0,0,0,,,,,,,,,,
-73.93,45.43,SADB_1,2023-10-14,2023,10,14,14.6,6.4,10.5,0,0,0,,,,,,,,,,
-73.93,45.43,SADB_1,2023-10-15,2023,10,15,13,7.1,10,0,0,0,,,,,,,,,,
-73.93,45.43,SADB_1,2023-10-16,2023,10,16,14.6,6.6,10.6,0,0,0,,,,,,,,,,
-73.93,45.43,SADB_1,2023-10-17,2023,10,17,13.6,6.9,10.3,0.4,0,0,,,,,,,,,,
-73.93,45.43,SADB_1,2023-10-18,2023,10,18,15,7,11,0,0,0,,,,,,,,,,
-73.93,45.43,SADB_1,2023-10-19,2023,10,19,16.9,9.8,13.3,0,0,0,,,,,,,,,,
-73.93,45.43,SADB_1,2023-10-20,2023,10,20,18.9,11.8,15.4,0,0,0,,,,,,,,,,
-73.93,45.43,SADB_1,2023-10-21,2023,10,21,14.2,8.3,11.2,12.3,0,0,,,,,,,,,,
-73.93,45.43,SADB_1,2023-10-22,2023,10,22,9,5.8,7.4,8.7,0,0,,,,,,,,,,
-73.93,45.43,SADB_1,2023-10-23,2023,10,23,10.3,1.9,6.1,0,0,0,,,,,,,,,,
-73.93,45.43,SADB_1,2023-10-24,2023,10,24,11.3,2.2,6.7,3.9,0,0,,,,,,,,,,
-73.93,45.43,SADB_1,2023-10-25,2023,10,25,19.7,10.1,14.9,3.6,0,0,,,,,,,,,,
-73.93,45.43,SADB_1,2023-10-26,2023,10,26,17.7,14.7,16.2,6.3,0,0,,,,,,,,,,
-73.93,45.43,SADB_1,2023-10-27,2023,10,27,20.3,14.5,17.4,0,0,0,,,,,,,,,,
-73.93,45.43,SADB_1,2023-10-28,2023,10,28,20.2,3.7,12,0,0,0,,,,,,,,,,
-73.93,45.43,SADB_1,2023-10-29,2023,10,29,6,3.6,4.8,0,0,0,,,,,,,,,,
-73.93,45.43,SADB_1,2023-10-30,2023,10,30,4.4,0.2,2.3,7.9,0,0,,,,,,,,,,
-73.93,45.43,SADB_1,2023-10-31,2023,10,31,4.7,-2.5,1.1,0,0,0,,,,,,,,,,
-73.93,45.43,SADB_1,2023-11-01,2023,11,1,2.3,-1.9,0.2,0,0,0,,,,,,,,,,
-73.93,45.43,SADB_1,2023-11-02,2023,11,2,8.3,-3,2.6,0,0,0,,,,,,,,,,
-73.93,45.43,SADB_1,2023-11-03,2023,11,3,13.2,5.7,9.5,0,0,0,,,,,,,,,,
-73.93,45.43,SADB_1,2023-11-04,2023,11,4,9.9,1.6,5.7,0,0,0,,,,,,,,,,
-73.93,45.43,SADB_1,2023-11-05,2023,11,5,8.4,-0.1,4.2,0,0,0,,,,,,,,,,
-73.93,45.43,SADB_1,2023-11-06,2023,11,6,8.2,-3.2,2.5,1.1,0,0,,,,,,,,,,
-73.93,45.43,SADB_1,2023-11-07,2023,11,7,11,-0.2,5.4,6.8,0,0,,,,,,,,,,
-73.93,45.43,SADB_1,2023-11-08,2023,11,8,4.2,-2.1,1,0,0,0,,,,,,,,,,
-73.93,45.43,SADB_1,2023-11-09,2023,11,9,3,-1.7,0.6,5.7,0,0,,,,,,,,,,
-73.93,45.43,SADB_1,2023-11-10,2023,11,10,6.9,1.2,4,0,1,0,,,,,,,,,,
-73.93,45.43,SADB_1,2023-11-11,2023,11,11,2.5,0,1.3,0,0,0,,,,,,,,,,
-73.93,45.43,SADB_1,2023-11-12,2023,11,12,0.8,-5.4,-2.3,0,0,0,,,,,,,,,,
-73.93,45.43,SADB_1,2023-11-13,2023,11,13,1.1,-7,-2.9,1.8,0,0,,,,,,,,,,
-73.93,45.43,SADB_1,2023-11-14,2023,11,14,3.6,-0.6,1.5,0.4,0,0,,,,,,,,,,
-73.93,45.43,SADB_1,2023-11-15,2023,11,15,11,0.1,5.5,0.4,0,0,,,,,,,,,,
-73.93,45.43,SADB_1,2023-11-16,2023,11,16,12,1.8,6.9,0,0,0,,,,,,,,,,
-73.93,45.43,SADB_1,2023-11-17,2023,11,17,18,2.9,10.5,6.5,0,0,,,,,,,,,,
-73.93,45.43,SADB_1,2023-11-18,2023,11,18,3.5,-0.2,1.7,0,0,0,,,,,,,,,,
-73.93,45.43,SADB_1,2023-11-19,2023,11,19,5.7,-3.1,1.3,0,0,0,,,,,,,,,,
-73.93,45.43,SADB_1,2023-11-20,2023,11,20,0.3,-7.8,-3.8,0,0,0,,,,,,,,,,
-73.93,45.43,SADB_1,2023-11-21,2023,11,21,2.7,-8,-2.7,10.7,0,0,,,,,,,,,,
-73.93,45.43,SADB_1,2023-11-22,2023,11,22,5.9,1.4,3.7,8.2,0,0,,,,,,,,,,
-73.93,45.43,SADB_1,2023-11-23,2023,11,23,4.8,0.9,2.8,0,0,0,,,,,,,,,,
-73.93,45.43,SADB_1,2023-11-24,2023,11,24,1.8,-7,-2.6,0,0,0,,,,,,,,,,
-73.93,45.43,SADB_1,2023-11-25,2023,11,25,3.8,-9,-2.6,0,0,0,,,,,,,,,,
-73.93,45.43,SADB_1,2023-11-26,2023,11,26,4.6,-0.9,1.8,7.1,0,0,,,,,,,,,,
-73.93,45.43,SADB_1,2023-11-27,2023,11,27,5.6,0.2,2.9,2,0,0,,,,,,,,,,
-73.93,45.43,SADB_1,2023-11-28,2023,11,28,0.2,-5.6,-2.7,0,0,0,,,,,,,,,,
-73.93,45.43,SADB_1,2023-11-29,2023,11,29,-0.2,-7.9,-4.1,0,0,0,,,,,,,,,,
-73.93,45.43,SADB_1,2023-11-30,2023,11,30,7.7,-0.3,3.7,0,0,0,,,,,,,,,,
-73.93,45.43,SADB_1,2023-12-01,2023,12,1,8.2,2.8,5.5,3.6,0,0,,,,,,,,,,
-73.93,45.43,SADB_1,2023-12-02,2023,12,2,2.8,-0.4,1.2,2.7,0,0,,,,,,,,,,
-73.93,45.43,SADB_1,2023-12-03,2023,12,3,0.1,-2,-1,12.9,0,0,,,,,,,,,,
-73.93,45.43,SADB_1,2023-12-04,2023,12,4,-1.5,-4.8,-3.2,6.1,19,0,,,,,,,,,,
-73.93,45.43,SADB_1,2023-12-05,2023,12,5,-3.9,-9.3,-6.6,0.2,19,0,,,,,,,,,,
-73.93,45.43,SADB_1,2023-12-06,2023,12,6,-6.4,-11.9,-9.1,2.5,17,0,,,,,,,,,,
-73.93,45.43,SADB_1,2023-12-07,2023,12,7,-7.3,-12.5,-9.9,1,16,0,,,,,,,,,,
-73.93,45.43,SADB_1,2023-12-08,2023,12,8,-3.6,-7.7,-5.6,0,15,0,,,,,,,,,,
-73.93,45.43,SADB_1,2023-12-09,2023,12,9,1.3,-6.3,-2.5,0,14,0,,,,,,,,,,
-73.93,45.43,SADB_1,2023-12-10,2023,12,10,5,1,3,8.7,10,0,,,,,,,,,,
-73.93,45.43,SADB_1,2023-12-11,2023,12,11,2.3,-5.1,-1.4,8.4,6,0,,,,,,,,,,
-73.93,45.43,SADB_1,2023-12-12,2023,12,12,4,-5.6,-0.8,1,5,0,,,,,,,,,,
-73.93,45.43,SADB_1,2023-12-13,2023,12,13,1,-5.8,-2.4,0,5,0,,,,,,,,,,
-73.93,45.43,SADB_1,2023-12-14,2023,12,14,3.3,-7.4,-2,0,5,0,,,,,,,,,,
-73.93,45.43,SADB_1,2023-12-15,2023,12,15,7.7,3.1,5.4,0,5,0,,,,,,,,,,
-73.93,45.43,SADB_1,2023-12-16,2023,12,16,3.8,-1.9,1,0.2,1,0,,,,,,,,,,
-73.93,45.43,SADB_1,2023-12-17,2023,12,17,8,-1.4,3.3,8.4,1,0,,,,,,,,,,
-73.93,45.43,SADB_1,2023-12-18,2023,12,18,8.3,4.8,6.6,46.4,0,0,,,,,,,,,,
-73.93,45.43,SADB_1,2023-12-19,2023,12,19,4.8,-5.9,-0.5,1.5,0,0,,,,,,,,,,
-73.93,45.43,SADB_1,2023-12-20,2023,12,20,-1.8,-8.2,-5,0.2,2,0,,,,,,,,,,
-73.93,45.43,SADB_1,2023-12-21,2023,12,21,-4.7,-9.5,-7.1,0.2,2,0,,,,,,,,,,
-73.93,45.43,SADB_1,2023-12-22,2023,12,22,-4.3,-10.9,-7.6,0.2,2,0,,,,,,,,,,
-73.93,45.43,SADB_1,2023-12-23,2023,12,23,-1.5,-8.7,-5.1,0,1,0,,,,,,,,,,
-73.93,45.43,SADB_1,2023-12-24,2023,12,24,1.4,-1.6,-0.1,0,2,0,,,,,,,,,,
-73.93,45.43,SADB_1,2023-12-25,2023,12,25,4.9,0.4,2.6,0,0,0,,,,,,,,,,
-73.93,45.43,SADB_1,2023-12-26,2023,12,26,7.5,1,4.2,0,0,0,,,,,,,,,,
-73.93,45.43,SADB_1,2023-12-27,2023,12,27,4.1,1.1,2.6,2.8,0,0,,,,,,,,,,
-73.93,45.43,SADB_1,2023-12-28,2023,12,28,3.2,0.9,2,0.8,0,0,,,,,,,,,,
-73.93,45.43,SADB_1,2023-12-29,2023,12,29,2.5,1.1,1.8,7.7,0,0,,,,,,,,,,
-73.93,45.43,SADB_1,2023-12-30,2023,12,30,1.1,-4.2,-1.5,0.9,0,0,,,,,,,,,,
-73.93,45.43,SADB_1,2023-12-31,2023,12,31,-4,-5.3,-4.6,0,0,0,,,,,,,,,,
-73.74,45.47,PETI,2023-01-01,2023,1,1,4.3,0.6,2.5,2.8,0,0,,,,,,,,,,
-73.74,45.47,PETI,2023-01-02,2023,1,2,4.2,0.6,2.4,0.5,0,0,,,,,,,,,,
-73.74,45.47,PETI,2023-01-03,2023,1,3,4.6,0.9,2.8,0,0,0,,,,,,,,,,
-73.74,45.47,PETI,2023-01-04,2023,1,4,3,-3.8,-0.4,8.7,0,49,,,,,,,,,,
-73.74,45.47,PETI,2023-01-05,2023,1,5,-2.6,-4.9,-3.8,0.6,0,47,,,,,,,,,,
-73.74,45.47,PETI,2023-01-06,2023,1,6,1.8,-4.3,-1.3,3.2,0,0,,,,,,,,,,
-73.74,45.47,PETI,2023-01-07,2023,1,7,0.3,-8,-3.9,0.2,0,33,,,,,,,,,,
-73.74,45.47,PETI,2023-01-08,2023,1,8,-3.1,-9,-6,0.2,0,31,,,,,,,,,,
-73.74,45.47,PETI,2023-01-09,2023,1,9,0.2,-4.9,-2.3,0,0,44,,,,,,,,,,
-73.74,45.47,PETI,2023-01-10,2023,1,10,-2.8,-10.2,-6.5,0.2,0,36,,,,,,,,,,
-73.74,45.47,PETI,2023-01-11,2023,1,11,-7.8,-12.4,-10.1,0.2,0,0,,,,,,,,,,
-73.74,45.47,PETI,2023-01-12,2023,1,12,-0.8,-7.9,-4.4,11.8,0,0,,,,,,,,,,
-73.74,45.47,PETI,2023-01-13,2023,1,13,-0.9,-5.2,-3,8.8,10,34,,,,,,,,,,
-73.74,45.47,PETI,2023-01-14,2023,1,14,-4.4,-14,-9.2,0.5,20,0,,,,,,,,,,
-73.74,45.47,PETI,2023-01-15,2023,1,15,-4,-13.7,-8.8,0.7,19,0,,,,,,,,,,
-73.74,45.47,PETI,2023-01-16,2023,1,16,-4.5,-15.7,-10.1,0.5,18,0,,,,,,,,,,
-73.74,45.47,PETI,2023-01-17,2023,1,17,-1.7,-11.2,-6.4,0.6,18,0,,,,,,,,,,
-73.74,45.47,PETI,2023-01-18,2023,1,18,1.8,-4.3,-1.3,1.6,18,0,,,,,,,,,,
-73.74,45.47,PETI,2023-01-19,2023,1,19,0.2,-4.1,-1.9,4.9,17,41,,,,,,,,,,
-73.74,45.47,PETI,2023-01-20,2023,1,20,-1.4,-7,-4.2,3.3,22,40,,,,,,,,,,
-73.74,45.47,PETI,2023-01-21,2023,1,21,-1,-4,-2.5,0.2,23,0,,,,,,,,,,
-73.74,45.47,PETI,2023-01-22,2023,1,22,1.3,-2.5,-0.6,1.2,22,0,,,,,,,,,,
-73.74,45.47,PETI,2023-01-23,2023,1,23,-0.3,-2.6,-1.4,0.2,22,38,,,,,,,,,,
-73.74,45.47,PETI,2023-01-24,2023,1,24,1.8,-7.5,-2.8,0.2,22,52,,,,,,,,,,
-73.74,45.47,PETI,2023-01-25,2023,1,25,-5.7,-11.4,-8.5,13.4,22,37,,,,,,,,,,
-73.74,45.47,PETI,2023-01-26,2023,1,26,-3.7,-6.7,-5.2,4.2,34,42,,,,,,,,,,
-73.74,45.47,PETI,2023-01-27,2023,1,27,-1.5,-12.3,-6.9,0.7,32,0,,,,,,,,,,
-73.74,45.47,PETI,2023-01-28,2023,1,28,3,-4,-0.5,1,34,57,,,,,,,,,,
-73.74,45.47,PETI,2023-01-29,2023,1,29,-2.6,-10.6,-6.6,7.6,33,38,,,,,,,,,,
-73.74,45.47,PETI,2023-01-30,2023,1,30,-7.6,-10.7,-9.1,2.7,34,0,,,,,,,,,,
-73.74,45.47,PETI,2023-01-31,2023,1,31,-7.6,-19.1,-13.4,1.2,41,32,,,,,,,,,,
-73.74,45.47,PETI,2023-02-01,2023,2,1,-5.4,-22,-13.7,0.5,38,0,,,,,,,,,,
-73.74,45.47,PETI,2023-02-02,2023,2,2,-0.6,-14.7,-7.6,0,40,71,,,,,,,,,,
-73.74,45.47,PETI,2023-02-03,2023,2,3,-14.7,-27.6,-21.2,0.7,37,54,,,,,,,,,,
-73.74,45.47,PETI,2023-02-04,2023,2,4,-14.1,-29.1,-21.6,0.2,37,36,,,,,,,,,,
-73.74,45.47,PETI,2023-02-05,2023,2,5,-7.3,-18,-12.6,1,37,0,,,,,,,,,,
-73.74,45.47,PETI,2023-02-06,2023,2,6,-2.3,-12.9,-7.6,0.2,37,0,,,,,,,,,,
-73.74,45.47,PETI,2023-02-07,2023,2,7,2.4,-14.6,-6.1,0.8,37,33,,,,,,,,,,
-73.74,45.47,PETI,2023-02-08,2023,2,8,4.3,-3,0.7,0,37,37,,,,,,,,,,
-73.74,45.47,PETI,2023-02-09,2023,2,9,2.5,-6.2,-1.9,16.6,33,32,,,,,,,,,,
-73.74,45.47,PETI,2023-02-10,2023,2,10,5.4,-2.8,1.3,2.1,32,58,,,,,,,,,,
-73.74,45.47,PETI,2023-02-11,2023,2,11,-0.5,-7.6,-4.1,0.5,28,38,,,,,,,,,,
-73.74,45.47,PETI,2023-02-12,2023,2,12,1.8,-5.2,-1.7,0,27,0,,,,,,,,,,
-73.74,45.47,PETI,2023-02-13,2023,2,13,4.8,-4.8,0,0,26,0,,,,,,,,,,
-73.74,45.47,PETI,2023-02-14,2023,2,14,5.2,-2,1.6,0,25,33,,,,,,,,,,
-73.74,45.47,PETI,2023-02-15,2023,2,15,9.5,-1.1,4.2,2.6,25,52,,,,,,,,,,
-73.74,45.47,PETI,2023-02-16,2023,2,16,6.8,-2.5,2.2,0,15,53,,,,,,,,,,
-73.74,45.47,PETI,2023-02-17,2023,2,17,-2.5,-11.3,-6.9,9.1,13,60,,,,,,,,,,
-73.74,45.47,PETI,2023-02-18,2023,2,18,0.5,-12.7,-6.1,0,14,36,,,,,,,,,,
-73.74,45.47,PETI,2023-02-19,2023,2,19,4.8,-4.5,0.1,0,13,44,,,,,,,,,,
-73.74,45.47,PETI,2023-02-20,2023,2,20,4.9,-9.1,-2.1,0,13,44,,,,,,,,,,
-73.74,45.47,PETI,2023-02-21,2023,2,21,-5.1,-14,-9.6,0.7,13,33,,,,,,,,,,
-73.74,45.47,PETI,2023-02-22,2023,2,22,-6,-11.5,-8.7,0,13,38,,,,,,,,,,
-73.74,45.47,PETI,2023-02-23,2023,2,23,-9.2,-12.3,-10.8,2.7,12,48,,,,,,,,,,
-73.74,45.47,PETI,2023-02-24,2023,2,24,-10.3,-16.4,-13.4,0,16,38,,,,,,,,,,
-73.74,45.47,PETI,2023-02-25,2023,2,25,-12.3,-20,-16.2,0.9,15,0,,,,,,,,,,
-73.74,45.47,PETI,2023-02-26,2023,2,26,-7.6,-15.3,-11.5,0.2,15,0,,,,,,,,,,
-73.74,45.47,PETI,2023-02-27,2023,2,27,-5,-16.2,-10.6,0,16,0,,,,,,,,,,
-73.74,45.47,PETI,2023-02-28,2023,2,28,1.1,-6.3,-2.6,10.8,16,48,,,,,,,,,,
-73.74,45.47,PETI,2023-03-01,2023,3,1,2.3,-2.7,-0.2,0,27,32,,,,,,,,,,
-73.74,45.47,PETI,2023-03-02,2023,3,2,1.3,-4.6,-1.6,2,26,32,,,,,,,,,,
-73.74,45.47,PETI,2023-03-03,2023,3,3,-2.5,-10,-6.2,0.2,27,34,,,,,,,,,,
-73.74,45.47,PETI,2023-03-04,2023,3,4,-1.1,-6.7,-3.9,7.7,28,38,,,,,,,,,,
-73.74,45.47,PETI,2023-03-05,2023,3,5,4.6,-3.9,0.3,0,33,0,,,,,,,,,,
-73.74,45.47,PETI,2023-03-06,2023,3,6,4.5,-5.5,-0.5,0,28,51,,,,,,,,,,
-73.74,45.47,PETI,2023-03-07,2023,3,7,-1.5,-5.9,-3.7,0,27,33,,,,,,,,,,
-73.74,45.47,PETI,2023-03-08,2023,3,8,0.5,-5.5,-2.5,0,27,33,,,,,,,,,,
-73.74,45.47,PETI,2023-03-09,2023,3,9,1.1,-5.2,-2,0,26,0,,,,,,,,,,
-73.74,45.47,PETI,2023-03-10,2023,3,10,-0.3,-8.9,-4.6,0,25,0,,,,,,,,,,
-73.74,45.47,PETI,2023-03-11,2023,3,11,3.3,-6.8,-1.7,0,25,33,,,,,,,,,,
-73.74,45.47,PETI,2023-03-12,2023,3,12,4.6,-6.8,-1.1,0,25,0,,,,,,,,,,
-73.74,45.47,PETI,2023-03-13,2023,3,13,4.4,-0.4,2,0.2,24,35,,,,,,,,,,
-73.74,45.47,PETI,2023-03-14,2023,3,14,3.1,0.6,1.9,4.5,20,47,,,,,,,,,,
-73.74,45.47,PETI,2023-03-15,2023,3,15,6.8,-0.9,3,0,18,43,,,,,,,,,,
-73.74,45.47,PETI,2023-03-16,2023,3,16,2.6,-0.7,0.9,0,15,34,,,,,,,,,,
-73.74,45.47,PETI,2023-03-17,2023,3,17,6.6,1.3,4,12.4,14,49,,,,,,,,,,
-73.74,45.47,PETI,2023-03-18,2023,3,18,3.8,-2.7,0.6,0,6,60,,,,,,,,,,
-73.74,45.47,PETI,2023-03-19,2023,3,19,-2.7,-6,-4.4,0,3,58,,,,,,,,,,
-73.74,45.47,PETI,2023-03-20,2023,3,20,5.3,-4.2,0.5,0,3,45,,,,,,,,,,
-73.74,45.47,PETI,2023-03-21,2023,3,21,5.5,-2.2,1.6,0,0,0,,,,,,,,,,
-73.74,45.47,PETI,2023-03-22,2023,3,22,1.5,-5.3,-1.9,0,0,36,,,,,,,,,,
-73.74,45.47,PETI,2023-03-23,2023,3,23,3,-0.1,1.4,9,0,0,,,,,,,,,,
-73.74,45.47,PETI,2023-03-24,2023,3,24,5,-1.4,1.8,0,0,45,,,,,,,,,,
-73.74,45.47,PETI,2023-03-25,2023,3,25,3.5,-1.5,1,15.7,0,54,,,,,,,,,,
-73.74,45.47,PETI,2023-03-26,2023,3,26,5,1.7,3.3,0.2,2,50,,,,,,,,,,
-73.74,45.47,PETI,2023-03-27,2023,3,27,7.2,-1.6,2.8,0,0,0,,,,,,,,,,
-73.74,45.47,PETI,2023-03-28,2023,3,28,4.3,-2.8,0.8,0,0,0,,,,,,,,,,
-73.74,45.47,PETI,2023-03-29,2023,3,29,9.7,-4.5,2.6,0.5,0,61,,,,,,,,,,
-73.74,45.47,PETI,2023-03-30,2023,3,30,0.6,-7.8,-3.6,0,0,55,,,,,,,,,,
-73.74,45.47,PETI,2023-03-31,2023,3,31,4,-4,0,5.1,0,35,,,,,,,,,,
-73.74,45.47,PETI,2023-04-01,2023,4,1,11.8,1.4,6.6,10.4,0,41,,,,,,,,,,
-73.74,45.47,PETI,2023-04-02,2023,4,2,1.4,-7.4,-3,0,0,49,,,,,,,,,,
-73.74,45.47,PETI,2023-04-03,2023,4,3,8.7,-3.2,2.7,0,0,47,,,,,,,,,,
-73.74,45.47,PETI,2023-04-04,2023,4,4,10.7,-1.1,4.8,0,0,46,,,,,,,,,,
-73.74,45.47,PETI,2023-04-05,2023,4,5,0.5,-2.5,-1,21.4,0,114,,,,,,,,,,
-73.74,45.47,PETI,2023-04-06,2023,4,6,10,-0.2,4.9,17,0,0,,,,,,,,,,
-73.74,45.47,PETI,2023-04-07,2023,4,7,4.5,-2.9,0.8,0,0,70,,,,,,,,,,
-73.74,45.47,PETI,2023-04-08,2023,4,8,5.7,-5.1,0.3,0,0,40,,,,,,,,,,
-73.74,45.47,PETI,2023-04-09,2023,4,9,10.4,-2.8,3.8,0,0,36,,,,,,,,,,
-73.74,45.47,PETI,2023-04-10,2023,4,10,18.2,1.1,9.7,0,0,41,,,,,,,,,,
-73.74,45.47,PETI,2023-04-11,2023,4,11,17.7,9.8,13.8,0,0,60,,,,,,,,,,
-73.74,45.47,PETI,2023-04-12,2023,4,12,16.4,7.7,12,0,0,39,,,,,,,,,,
-73.74,45.47,PETI,2023-04-13,2023,4,13,27.8,5.8,16.8,0,0,37,,,,,,,,,,
-73.74,45.47,PETI,2023-04-14,2023,4,14,20,10,15,0,0,0,,,,,,,,,,
-73.74,45.47,PETI,2023-04-15,2023,4,15,23.9,7.1,15.5,0,0,34,,,,,,,,,,
-73.74,45.47,PETI,2023-04-16,2023,4,16,24.1,7,15.6,0,0,34,,,,,,,,,,
-73.74,45.47,PETI,2023-04-17,2023,4,17,12.8,6.4,9.6,11.5,0,42,,,,,,,,,,
-73.74,45.47,PETI,2023-04-18,2023,4,18,10.4,3.4,6.9,0,0,42,,,,,,,,,,
-73.74,45.47,PETI,2023-04-19,2023,4,19,6.5,2.1,4.3,0,0,39,,,,,,,,,,
-73.74,45.47,PETI,2023-04-20,2023,4,20,9.5,-0.4,4.5,0,0,35,,,,,,,,,,
-73.74,45.47,PETI,2023-04-21,2023,4,21,15.2,2.7,9,0,0,37,,,,,,,,,,
-73.74,45.47,PETI,2023-04-22,2023,4,22,19.4,7.4,13.4,0,0,63,,,,,,,,,,
-73.74,45.47,PETI,2023-04-23,2023,4,23,11.8,6.7,9.3,15.5,0,36,,,,,,,,,,
-73.74,45.47,PETI,2023-04-24,2023,4,24,8.8,4.8,6.8,1.5,0,0,,,,,,,,,,
-73.74,45.47,PETI,2023-04-25,2023,4,25,11.4,3.8,7.6,1.6,0,35,,,,,,,,,,
-73.74,45.47,PETI,2023-04-26,2023,4,26,10.6,1.3,6,1.9,0,34,,,,,,,,,,
-73.74,45.47,PETI,2023-04-27,2023,4,27,13.7,0.3,7,0.2,0,0,,,,,,,,,,
-73.74,45.47,PETI,2023-04-28,2023,4,28,19.6,3.5,11.5,0,0,0,,,,,,,,,,
-73.74,45.47,PETI,2023-04-29,2023,4,29,15.7,8,11.8,5.8,0,46,,,,,,,,,,
-73.74,45.47,PETI,2023-04-30,2023,4,30,15.7,7.6,11.6,9.7,0,49,,,,,,,,,,
-73.74,45.47,PETI,2023-05-01,2023,5,1,11.9,6.7,9.3,13.7,0,54,,,,,,,,,,
-73.74,45.47,PETI,2023-05-02,2023,5,2,13.8,6,9.9,3.8,0,44,,,,,,,,,,
-73.74,45.47,PETI,2023-05-03,2023,5,3,9.8,6.3,8.1,1.2,0,51,,,,,,,,,,
-73.74,45.47,PETI,2023-05-04,2023,5,4,12.3,5.9,9.1,0,0,39,,,,,,,,,,
-73.74,45.47,PETI,2023-05-05,2023,5,5,17.7,6,11.8,0,0,0,,,,,,,,,,
-73.74,45.47,PETI,2023-05-06,2023,5,6,23.2,8.1,15.6,0,0,39,,,,,,,,,,
-73.74,45.47,PETI,2023-05-07,2023,5,7,22.8,10.1,16.5,0,0,41,,,,,,,,,,
-73.74,45.47,PETI,2023-05-08,2023,5,8,17.6,7.2,12.4,0.4,0,36,,,,,,,,,,
-73.74,45.47,PETI,2023-05-09,2023,5,9,16.3,4.1,10.2,0,0,33,,,,,,,,,,
-73.74,45.47,PETI,2023-05-10,2023,5,10,23.1,7,15,0,0,44,,,,,,,,,,
-73.74,45.47,PETI,2023-05-11,2023,5,11,24.7,11.2,17.9,0,0,34,,,,,,,,,,
-73.74,45.47,PETI,2023-05-12,2023,5,12,26.1,14.6,20.3,0,0,45,,,,,,,,,,
-73.74,45.47,PETI,2023-05-13,2023,5,13,20.3,6.8,13.5,0,0,53,,,,,,,,,,
-73.74,45.47,PETI,2023-05-14,2023,5,14,18.1,3.7,10.9,0,0,43,,,,,,,,,,
-73.74,45.47,PETI,2023-05-15,2023,5,15,22.1,9,15.6,0,0,51,,,,,,,,,,
-73.74,45.47,PETI,2023-05-16,2023,5,16,15.5,3,9.2,4.5,0,49,,,,,,,,,,
-73.74,45.47,PETI,2023-05-17,2023,5,17,9.5,0.8,5.2,0,0,42,,,,,,,,,,
-73.74,45.47,PETI,2023-05-18,2023,5,18,15.6,-0.3,7.6,0,0,31,,,,,,,,,,
-73.74,45.47,PETI,2023-05-19,2023,5,19,23.6,6.8,15.2,0,0,35,,,,,,,,,,
-73.74,45.47,PETI,2023-05-20,2023,5,20,22.6,14.3,18.4,3.2,0,41,,,,,,,,,,
-73.74,45.47,PETI,2023-05-21,2023,5,21,22.7,9.8,16.2,0,0,41,,,,,,,,,,
-73.74,45.47,PETI,2023-05-22,2023,5,22,16.3,5.2,10.8,0,0,34,,,,,,,,,,
-73.74,45.47,PETI,2023-05-23,2023,5,23,22.7,4.7,13.7,0,0,0,,,,,,,,,,
-73.74,45.47,PETI,2023-05-24,2023,5,24,16.4,7.3,11.9,7.2,0,41,,,,,,,,,,
-73.74,45.47,PETI,2023-05-25,2023,5,25,18.5,4.9,11.7,0,0,0,,,,,,,,,,
-73.74,45.47,PETI,2023-05-26,2023,5,26,22.2,5.7,13.9,0,0,35,,,,,,,,,,
-73.74,45.47,PETI,2023-05-27,2023,5,27,26.9,12.2,19.5,0,0,36,,,,,,,,,,
-73.74,45.47,PETI,2023-05-28,2023,5,28,31.3,15.3,23.3,0,0,38,,,,,,,,,,
-73.74,45.47,PETI,2023-05-29,2023,5,29,23.1,12.9,18,0,0,33,,,,,,,,,,
-73.74,45.47,PETI,2023-05-30,2023,5,30,27.9,10.7,19.3,0,0,0,,,,,,,,,,
-73.74,45.47,PETI,2023-05-31,2023,5,31,31.2,14.4,22.8,0.8,0,0,,,,,,,,,,
-73.74,45.47,PETI,2023-06-01,2023,6,1,34.4,18.2,26.3,0,0,59,,,,,,,,,,
-73.74,45.47,PETI,2023-06-02,2023,6,2,32,13.4,22.7,0,0,50,,,,,,,,,,
-73.74,45.47,PETI,2023-06-03,2023,6,3,20.5,11.4,15.9,0,0,53,,,,,,,,,,
-73.74,45.47,PETI,2023-06-04,2023,6,4,20.2,7.9,14.1,0,0,48,,,,,,,,,,
-73.74,45.47,PETI,2023-06-05,2023,6,5,22.8,9.9,16.4,0,0,0,,,,,,,,,,
-73.74,45.47,PETI,2023-06-06,2023,6,6,21,12.4,16.7,0.3,0,52,,,,,,,,,,
-73.74,45.47,PETI,2023-06-07,2023,6,7,16.5,10.8,13.7,3.7,0,38,,,,,,,,,,
-73.74,45.47,PETI,2023-06-08,2023,6,8,18.6,10,14.3,0.5,0,32,,,,,,,,,,
-73.74,45.47,PETI,2023-06-09,2023,6,9,19.2,11.4,15.3,0,0,0,,,,,,,,,,
-73.74,45.47,PETI,2023-06-10,2023,6,10,22.8,12.5,17.6,0,0,0,,,,,,,,,,
-73.74,45.47,PETI,2023-06-11,2023,6,11,26.3,14.4,20.3,0,0,0,,,,,,,,,,
-73.74,45.47,PETI,2023-06-12,2023,6,12,29.4,18.9,24.2,0.3,0,35,,,,,,,,,,
-73.74,45.47,PETI,2023-06-13,2023,6,13,22.4,15.5,19,13.8,0,40,,,,,,,,,,
-73.74,45.47,PETI,2023-06-14,2023,6,14,24.1,12.3,18.2,0,0,0,,,,,,,,,,
-73.74,45.47,PETI,2023-06-15,2023,6,15,25.2,16.2,20.7,3.4,0,71,,,,,,,,,,
-73.74,45.47,PETI,2023-06-16,2023,6,16,23.5,16.1,19.8,0,0,0,,,,,,,,,,
-73.74,45.47,PETI,2023-06-17,2023,6,17,16.9,13.6,15.3,5.3,0,38,,,,,,,,,,
-73.74,45.47,PETI,2023-06-18,2023,6,18,20.1,12.9,16.5,0,0,0,,,,,,,,,,
-73.74,45.47,PETI,2023-06-19,2023,6,19,21.7,13.3,17.5,0,0,0,,,,,,,,,,
-73.74,45.47,PETI,2023-06-20,2023,6,20,25.4,12.2,18.8,0,0,0,,,,,,,,,,
-73.74,45.47,PETI,2023-06-21,2023,6,21,27.2,14.4,20.8,0.2,0,0,,,,,,,,,,
-73.74,45.47,PETI,2023-06-22,2023,6,22,29.3,16.4,22.9,0.3,0,0,,,,,,,,,,
-73.74,45.47,PETI,2023-06-23,2023,6,23,30.9,16.5,23.7,0.2,0,0,,,,,,,,,,
-73.74,45.47,PETI,2023-06-24,2023,6,24,24.9,20.7,22.8,22.5,0,0,,,,,,,,,,
-73.74,45.47,PETI,2023-06-25,2023,6,25,25.8,18.7,22.2,0,0,0,,,,,,,,,,
-73.74,45.47,PETI,2023-06-26,2023,6,26,30.4,19.1,24.7,0,0,44,,,,,,,,,,
-73.74,45.47,PETI,2023-06-27,2023,6,27,26.9,19.6,23.3,7.2,0,36,,,,,,,,,,
-73.74,45.47,PETI,2023-06-28,2023,6,28,22.9,16.9,19.9,8.1,0,37,,,,,,,,,,
-73.74,45.47,PETI,2023-06-29,2023,6,29,23.8,16.8,20.3,4.7,0,0,,,,,,,,,,
-73.74,45.47,PETI,2023-06-30,2023,6,30,27.9,17.7,22.8,0,0,0,,,,,,,,,,
-73.74,45.47,PETI,2023-07-01,2023,7,1,25.4,19.8,22.6,27.2,0,88,,,,,,,,,,
-73.74,45.47,PETI,2023-07-02,2023,7,2,26.6,19.9,23.3,2.1,0,0,,,,,,,,,,
-73.74,45.47,PETI,2023-07-03,2023,7,3,28.1,20.2,24.1,0,0,0,,,,,,,,,,
-73.74,45.47,PETI,2023-07-04,2023,7,4,28.6,19.6,24.1,3.8,0,42,,,,,,,,,,
-73.74,45.47,PETI,2023-07-05,2023,7,5,30.8,20.4,25.6,0.2,0,0,,,,,,,,,,
-73.74,45.47,PETI,2023-07-06,2023,7,6,32.6,22.8,27.7,0,0,40,,,,,,,,,,
-73.74,45.47,PETI,2023-07-07,2023,7,7,27.8,20.9,24.3,0.5,0,0,,,,,,,,,,
-73.74,45.47,PETI,2023-07-08,2023,7,8,28.8,21.2,25,0,0,0,,,,,,,,,,
-73.74,45.47,PETI,2023-07-09,2023,7,9,28,20,24,3.8,0,33,,,,,,,,,,
-73.74,45.47,PETI,2023-07-10,2023,7,10,22.2,19.6,20.9,10.2,0,0,,,,,,,,,,
-73.74,45.47,PETI,2023-07-11,2023,7,11,29.4,19.2,24.3,5.5,0,43,,,,,,,,,,
-73.74,45.47,PETI,2023-07-12,2023,7,12,25.7,18.1,21.9,0,0,32,,,,,,,,,,
-73.74,45.47,PETI,2023-07-13,2023,7,13,27.6,18.4,23,36.1,0,110,,,,,,,,,,
-73.74,45.47,PETI,2023-07-14,2023,7,14,26,16.5,21.3,0,0,0,,,,,,,,,,
-73.74,45.47,PETI,2023-07-15,2023,7,15,28.3,17.2,22.8,0.3,0,0,,,,,,,,,,
-73.74,45.47,PETI,2023-07-16,2023,7,16,27.8,20.7,24.2,12.7,0,0,,,,,,,,,,
-73.74,45.47,PETI,2023-07-17,2023,7,17,28.9,21.5,25.2,0,0,41,,,,,,,,,,
-73.74,45.47,PETI,2023-07-18,2023,7,18,26.8,18.7,22.8,10.2,0,31,,,,,,,,,,
-73.74,45.47,PETI,2023-07-19,2023,7,19,26,17.7,21.8,0,0,32,,,,,,,,,,
-73.74,45.47,PETI,2023-07-20,2023,7,20,27.3,16.4,21.8,0.3,0,0,,,,,,,,,,
-73.74,45.47,PETI,2023-07-21,2023,7,21,25.8,18,21.9,26,0,125,,,,,,,,,,
-73.74,45.47,PETI,2023-07-22,2023,7,22,24.6,17.7,21.2,0,0,43,,,,,,,,,,
-73.74,45.47,PETI,2023-07-23,2023,7,23,27.7,16.9,22.3,0,0,0,,,,,,,,,,
-73.74,45.47,PETI,2023-07-24,2023,7,24,28.4,19.6,24,0,0,36,,,,,,,,,,
-73.74,45.47,PETI,2023-07-25,2023,7,25,27.1,19.5,23.3,0,0,0,,,,,,,,,,
-73.74,45.47,PETI,2023-07-26,2023,7,26,29.2,20.6,24.9,0,0,38,,,,,,,,,,
-73.74,45.47,PETI,2023-07-27,2023,7,27,25.3,19.4,22.3,27.6,0,0,,,,,,,,,,
-73.74,45.47,PETI,2023-07-28,2023,7,28,28.1,19.6,23.9,23.4,0,37,,,,,,,,,,
-73.74,45.47,PETI,2023-07-29,2023,7,29,19.6,12.8,16.2,0.2,0,0,,,,,,,,,,
-73.74,45.47,PETI,2023-07-30,2023,7,30,24.9,10.6,17.8,6.6,0,41,,,,,,,,,,
-73.74,45.47,PETI,2023-07-31,2023,7,31,22.3,12.7,17.5,3.2,0,35,,,,,,,,,,
-73.74,45.47,PETI,2023-08-01,2023,8,1,21.3,10,15.6,0,0,0,,,,,,,,,,
-73.74,45.47,PETI,2023-08-02,2023,8,2,24.1,10.9,17.5,0,0,0,,,,,,,,,,
-73.74,45.47,PETI,2023-08-03,2023,8,3,25,16.7,20.8,7.2,0,165,,,,,,,,,,
-73.74,45.47,PETI,2023-08-04,2023,8,4,25.7,17,21.4,3.1,0,36,,,,,,,,,,
-73.74,45.47,PETI,2023-08-05,2023,8,5,25.2,14.9,20,0,0,0,,,,,,,,,,
-73.74,45.47,PETI,2023-08-06,2023,8,6,26.5,16.4,21.5,0,0,32,,,,,,,,,,
-73.74,45.47,PETI,2023-08-07,2023,8,7,22.1,18.9,20.5,2.8,0,36,,,,,,,,,,
-73.74,45.47,PETI,2023-08-08,2023,8,8,26.2,17.8,22,6.6,0,31,,,,,,,,,,
-73.74,45.47,PETI,2023-08-09,2023,8,9,27.7,16.6,22.1,0,0,33,,,,,,,,,,
-73.74,45.47,PETI,2023-08-10,2023,8,10,26.9,15.6,21.3,15.2,0,49,,,,,,,,,,
-73.74,45.47,PETI,2023-08-11,2023,8,11,23.5,16.2,19.8,0,0,42,,,,,,,,,,
-73.74,45.47,PETI,2023-08-12,2023,8,12,24.8,15.1,19.9,20.3,0,47,,,,,,,,,,
-73.74,45.47,PETI,2023-08-13,2023,8,13,25.4,18.3,21.8,0,0,45,,,,,,,,,,
-73.74,45.47,PETI,2023-08-14,2023,8,14,24.4,16.5,20.4,0,0,0,,,,,,,,,,
-73.74,45.47,PETI,2023-08-15,2023,8,15,26.5,15.9,21.2,0.5,0,0,,,,,,,,,,
-73.74,45.47,PETI,2023-08-16,2023,8,16,25,18.9,21.9,0.4,0,0,,,,,,,,,,
-73.74,45.47,PETI,2023-08-17,2023,8,17,28.5,18,23.3,0.2,0,41,,,,,,,,,,
-73.74,45.47,PETI,2023-08-18,2023,8,18,24.2,16.1,20.2,6.4,0,45,,,,,,,,,,
-73.74,45.47,PETI,2023-08-19,2023,8,19,20,14.5,17.3,6.7,0,36,,,,,,,,,,
-73.74,45.47,PETI,2023-08-20,2023,8,20,25.8,16,20.9,0,0,39,,,,,,,,,,
-73.74,45.47,PETI,2023-08-21,2023,8,21,22,14.5,18.3,0,0,33,,,,,,,,,,
-73.74,45.47,PETI,2023-08-22,2023,8,22,24.3,13,18.7,0,0,0,,,,,,,,,,
-73.74,45.47,PETI,2023-08-23,2023,8,23,25.6,11.8,18.7,0.5,0,0,,,,,,,,,,
-73.74,45.47,PETI,2023-08-24,2023,8,24,26.3,15.4,20.8,4.1,0,43,,,,,,,,,,
-73.74,45.47,PETI,2023-08-25,2023,8,25,20.5,16.1,18.3,1.1,0,0,,,,,,,,,,
-73.74,45.47,PETI,2023-08-26,2023,8,26,24.9,14.6,19.7,0.8,0,34,,,,,,,,,,
-73.74,45.47,PETI,2023-08-27,2023,8,27,23.5,13.6,18.5,0.2,0,0,,,,,,,,,,
-73.74,45.47,PETI,2023-08-28,2023,8,28,25.1,12.7,18.9,0,0,0,,,,,,,,,,
-73.74,45.47,PETI,2023-08-29,2023,8,29,25.9,17.1,21.5,0,0,0,,,,,,,,,,
-73.74,45.47,PETI,2023-08-30,2023,8,30,22.9,12.6,17.8,30.3,0,58,,,,,,,,,,
-73.74,45.47,PETI,2023-08-31,2023,8,31,20.9,9.6,15.2,0,0,0,,,,,,,,,,
-73.74,45.47,PETI,2023-09-01,2023,9,1,23.4,12.8,18.1,0,0,0,,,,,,,,,,
-73.74,45.47,PETI,2023-09-02,2023,9,2,25,15.5,20.3,0,0,46,,,,,,,,,,
-73.74,45.47,PETI,2023-09-03,2023,9,3,27.9,18.9,23.4,0,0,31,,,,,,,,,,
-73.74,45.47,PETI,2023-09-04,2023,9,4,29.7,19.5,24.6,0,0,0,,,,,,,,,,
-73.74,45.47,PETI,2023-09-05,2023,9,5,30.8,22.2,26.5,0,0,0,,,,,,,,,,
-73.74,45.47,PETI,2023-09-06,2023,9,6,31.4,22.5,26.9,0,0,0,,,,,,,,,,
-73.74,45.47,PETI,2023-09-07,2023,9,7,30.2,22,26.1,0,0,35,,,,,,,,,,
-73.74,45.47,PETI,2023-09-08,2023,9,8,26.8,17.7,22.3,0,0,36,,,,,,,,,,
-73.74,45.47,PETI,2023-09-09,2023,9,9,21.8,14.4,18.1,0,0,0,,,,,,,,,,
-73.74,45.47,PETI,2023-09-10,2023,9,10,19.5,14.5,17,11.2,0,0,,,,,,,,,,
-73.74,45.47,PETI,2023-09-11,2023,9,11,23.3,13.4,18.3,0,0,0,,,,,,,,,,
-73.74,45.47,PETI,2023-09-12,2023,9,12,22.2,14.4,18.3,0,0,0,,,,,,,,,,
-73.74,45.47,PETI,2023-09-13,2023,9,13,24.1,15.3,19.7,8.5,0,39,,,,,,,,,,
-73.74,45.47,PETI,2023-09-14,2023,9,14,17.3,10.4,13.9,0,0,38,,,,,,,,,,
-73.74,45.47,PETI,2023-09-15,2023,9,15,21.8,8.1,14.9,0,0,0,,,,,,,,,,
-73.74,45.47,PETI,2023-09-16,2023,9,16,23.4,11.8,17.6,0,0,33,,,,,,,,,,
-73.74,45.47,PETI,2023-09-17,2023,9,17,23.5,12.4,17.9,0,0,0,,,,,,,,,,
-73.74,45.47,PETI,2023-09-18,2023,9,18,18.8,15.2,17,0.5,0,0,,,,,,,,,,
-73.74,45.47,PETI,2023-09-19,2023,9,19,17,14.2,15.6,0.9,0,36,,,,,,,,,,
-73.74,45.47,PETI,2023-09-20,2023,9,20,20,11.4,15.7,0,0,0,,,,,,,,,,
-73.74,45.47,PETI,2023-09-21,2023,9,21,21.1,9.2,15.2,0,0,0,,,,,,,,,,
-73.74,45.47,PETI,2023-09-22,2023,9,22,22.6,9.5,16.1,0.5,0,0,,,,,,,,,,
-73.74,45.47,PETI,2023-09-23,2023,9,23,22,10,16,0.2,0,0,,,,,,,,,,
-73.74,45.47,PETI,2023-09-24,2023,9,24,23.5,13.5,18.5,0,0,0,,,,,,,,,,
-73.74,45.47,PETI,2023-09-25,2023,9,25,20.5,12.1,16.3,0,0,43,,,,,,,,,,
-73.74,45.47,PETI,2023-09-26,2023,9,26,19,8.9,13.9,0.2,0,31,,,,,,,,,,
-73.74,45.47,PETI,2023-09-27,2023,9,27,21.1,6.5,13.8,0,0,0,,,,,,,,,,
-73.74,45.47,PETI,2023-09-28,2023,9,28,21.5,8.8,15.1,0,0,0,,,,,,,,,,
-73.74,45.47,PETI,2023-09-29,2023,9,29,20.1,11.3,15.7,0,0,0,,,,,,,,,,
-73.74,45.47,PETI,2023-09-30,2023,9,30,23.8,10.7,17.3,0.5,0,0,,,,,,,,,,
-73.74,45.47,PETI,2023-10-01,2023,10,1,25,12.6,18.8,0,0,0,,,,,,,,,,
-73.74,45.47,PETI,2023-10-02,2023,10,2,23.2,9.3,16.3,0.6,0,0,,,,,,,,,,
-73.74,45.47,PETI,2023-10-03,2023,10,3,26.8,16.9,21.9,0,0,0,,,,,,,,,,
-73.74,45.47,PETI,2023-10-04,2023,10,4,29.7,17.8,23.7,0,0,0,,,,,,,,,,
-73.74,45.47,PETI,2023-10-05,2023,10,5,28.6,17.6,23.1,0,0,31,,,,,,,,,,
-73.74,45.47,PETI,2023-10-06,2023,10,6,23.4,17.2,20.3,31.3,0,41,,,,,,,,,,
-73.74,45.47,PETI,2023-10-07,2023,10,7,17.4,9.4,13.4,63,0,54,,,,,,,,,,
-73.74,45.47,PETI,2023-10-08,2023,10,8,14.6,8.2,11.4,5.1,0,61,,,,,,,,,,
-73.74,45.47,PETI,2023-10-09,2023,10,9,13,8.1,10.5,0.4,0,46,,,,,,,,,,
-73.74,45.47,PETI,2023-10-10,2023,10,10,12.2,9.2,10.7,0.2,0,33,,,,,,,,,,
-73.74,45.47,PETI,2023-10-11,2023,10,11,12.2,8.5,10.3,1.8,0,0,,,,,,,,,,
-73.74,45.47,PETI,2023-10-12,2023,10,12,13.9,7.4,10.7,0,0,36,,,,,,,,,,
-73.74,45.47,PETI,2023-10-13,2023,10,13,16.9,6.1,11.5,0,0,31,,,,,,,,,,
-73.74,45.47,PETI,2023-10-14,2023,10,14,15,6.3,10.6,0,0,0,,,,,,,,,,
-73.74,45.47,PETI,2023-10-15,2023,10,15,12.7,6.3,9.5,0,0,0,,,,,,,,,,
-73.74,45.47,PETI,2023-10-16,2023,10,16,14.9,7.4,11.1,0,0,39,,,,,,,,,,
-73.74,45.47,PETI,2023-10-17,2023,10,17,14.2,7.5,10.8,0.8,0,0,,,,,,,,,,
-73.74,45.47,PETI,2023-10-18,2023,10,18,,,,,0,0,,,,,,,,,,
-73.74,45.47,PETI,2023-10-19,2023,10,19,16.6,11,13.8,0.4,0,0,,,,,,,,,,
-73.74,45.47,PETI,2023-10-20,2023,10,20,19,11.9,15.5,0,0,46,,,,,,,,,,
-73.74,45.47,PETI,2023-10-21,2023,10,21,14.5,8.6,11.6,14.6,0,37,,,,,,,,,,
-73.74,45.47,PETI,2023-10-22,2023,10,22,8.9,6,7.4,8.4,0,41,,,,,,,,,,
-73.74,45.47,PETI,2023-10-23,2023,10,23,10.2,4.7,7.5,1.4,0,0,,,,,,,,,,
-73.74,45.47,PETI,2023-10-24,2023,10,24,11.5,4.4,8,4.6,0,0,,,,,,,,,,
-73.74,45.47,PETI,2023-10-25,2023,10,25,19.5,10.3,14.9,3.3,0,40,,,,,,,,,,
-73.74,45.47,PETI,2023-10-26,2023,10,26,17.6,14.5,16.1,5.8,0,0,,,,,,,,,,
-73.74,45.47,PETI,2023-10-27,2023,10,27,20.1,14.3,17.2,0.3,0,34,,,,,,,,,,
-73.74,45.47,PETI,2023-10-28,2023,10,28,20.3,4,12.1,0.3,0,57,,,,,,,,,,
-73.74,45.47,PETI,2023-10-29,2023,10,29,5.9,3.5,4.7,1,0,0,,,,,,,,,,
-73.74,45.47,PETI,2023-10-30,2023,10,30,4.6,0.4,2.5,8,0,31,,,,,,,,,,
-73.74,45.47,PETI,2023-10-31,2023,10,31,4.5,-1.3,1.6,1.5,0,0,,,,,,,,,,
-73.74,45.47,PETI,2023-11-01,2023,11,1,2.4,-1.9,0.2,0.8,0,31,,,,,,,,,,
-73.74,45.47,PETI,2023-11-02,2023,11,2,8.2,-0.9,3.6,0.8,0,39,,,,,,,,,,
-73.74,45.47,PETI,2023-11-03,2023,11,3,13.5,4.6,9.1,1.1,0,49,,,,,,,,,,
-73.74,45.47,PETI,2023-11-04,2023,11,4,10.3,4.7,7.5,1,0,45,,,,,,,,,,
-73.74,45.47,PETI,2023-11-05,2023,11,5,8.5,0,4.3,1.3,0,0,,,,,,,,,,
-73.74,45.47,PETI,2023-11-06,2023,11,6,8.1,-3.4,2.4,0.3,0,41,,,,,,,,,,
-73.74,45.47,PETI,2023-11-07,2023,11,7,11.4,-0.1,5.6,8.7,0,74,,,,,,,,,,
-73.74,45.47,PETI,2023-11-08,2023,11,8,4.5,-1.8,1.3,3.2,0,37,,,,,,,,,,
-73.74,45.47,PETI,2023-11-09,2023,11,9,3.7,-1.5,1.1,5.3,0,0,,,,,,,,,,
-73.74,45.47,PETI,2023-11-10,2023,11,10,7.1,0.6,3.8,0.7,0,37,,,,,,,,,,
-73.74,45.47,PETI,2023-11-11,2023,11,11,2.4,-1.1,0.7,0.2,0,0,,,,,,,,,,
-73.74,45.47,PETI,2023-11-12,2023,11,12,0.7,-3.5,-1.4,0,0,0,,,,,,,,,,
-73.74,45.47,PETI,2023-11-13,2023,11,13,1.4,-5.8,-2.2,0.7,0,0,,,,,,,,,,
-73.74,45.47,PETI,2023-11-14,2023,11,14,3.9,-0.3,1.8,0,0,0,,,,,,,,,,
-73.74,45.47,PETI,2023-11-15,2023,11,15,10,1.1,5.5,0.8,0,0,,,,,,,,,,
-73.74,45.47,PETI,2023-11-16,2023,11,16,11.7,2,6.8,1,0,0,,,,,,,,,,
-73.74,45.47,PETI,2023-11-17,2023,11,17,14.3,3.2,8.8,6.4,0,49,,,,,,,,,,
-73.74,45.47,PETI,2023-11-18,2023,11,18,3.8,0.9,2.4,0.9,0,33,,,,,,,,,,
-73.74,45.47,PETI,2023-11-19,2023,11,19,5.3,-3.7,0.8,0.5,0,44,,,,,,,,,,
-73.74,45.47,PETI,2023-11-20,2023,11,20,0.3,-5.8,-2.8,1.5,0,0,,,,,,,,,,
-73.74,45.47,PETI,2023-11-21,2023,11,21,2.8,-6.4,-1.8,11.2,0,46,,,,,,,,,,
-73.74,45.47,PETI,2023-11-22,2023,11,22,6.3,1.2,3.8,11,0,38,,,,,,,,,,
-73.74,45.47,PETI,2023-11-23,2023,11,23,5.4,1.3,3.3,0.4,0,0,,,,,,,,,,
-73.74,45.47,PETI,2023-11-24,2023,11,24,1.7,-8.1,-3.2,1,0,42,,,,,,,,,,
-73.74,45.47,PETI,2023-11-25,2023,11,25,3.5,-8.4,-2.5,1.7,0,38,,,,,,,,,,
-73.74,45.47,PETI,2023-11-26,2023,11,26,4.9,-1.5,1.7,8.6,0,43,,,,,,,,,,
-73.74,45.47,PETI,2023-11-27,2023,11,27,5.5,0.5,3,4.3,0,48,,,,,,,,,,
-73.74,45.47,PETI,2023-11-28,2023,11,28,0.6,-5.3,-2.4,0.2,0,51,,,,,,,,,,
-73.74,45.47,PETI,2023-11-29,2023,11,29,0.8,-7.9,-3.6,1,0,47,,,,,,,,,,
-73.74,45.47,PETI,2023-11-30,2023,11,30,6.9,-0.1,3.4,0,0,43,,,,,,,,,,
-73.74,45.47,PETI,2023-12-01,2023,12,1,8.4,3,5.7,4,0,0,,,,,,,,,,
-73.74,45.47,PETI,2023-12-02,2023,12,2,3,-0.4,1.3,2.5,0,0,,,,,,,,,,
-73.74,45.47,PETI,2023-12-03,2023,12,3,0.1,-1.7,-0.8,9.7,0,35,,,,,,,,,,
-73.74,45.47,PETI,2023-12-04,2023,12,4,-1,-3.8,-2.4,7.2,19,34,,,,,,,,,,
-73.74,45.47,PETI,2023-12-05,2023,12,5,-3.8,-8.3,-6,0.4,20,0,,,,,,,,,,
-73.74,45.47,PETI,2023-12-06,2023,12,6,-6.5,-11.7,-9.1,2.3,17,0,,,,,,,,,,
-73.74,45.47,PETI,2023-12-07,2023,12,7,-7.1,-11.6,-9.3,0.5,16,0,,,,,,,,,,
-73.74,45.47,PETI,2023-12-08,2023,12,8,-3.5,-7.4,-5.5,0,15,0,,,,,,,,,,
-73.74,45.47,PETI,2023-12-09,2023,12,9,6,-6.3,-0.1,0,14,0,,,,,,,,,,
-73.74,45.47,PETI,2023-12-10,2023,12,10,6.3,1.9,4.1,14.3,9,33,,,,,,,,,,
-73.74,45.47,PETI,2023-12-11,2023,12,11,1.9,-4.8,-1.4,9.2,3,41,,,,,,,,,,
-73.74,45.47,PETI,2023-12-12,2023,12,12,4.3,-5.4,-0.5,0.4,2,42,,,,,,,,,,
-73.74,45.47,PETI,2023-12-13,2023,12,13,1.1,-6.9,-2.9,1,1,47,,,,,,,,,,
-73.74,45.47,PETI,2023-12-14,2023,12,14,2.8,-7.5,-2.3,0.8,1,37,,,,,,,,,,
-73.74,45.47,PETI,2023-12-15,2023,12,15,8.1,2.6,5.4,0,1,46,,,,,,,,,,
-73.74,45.47,PETI,2023-12-16,2023,12,16,4.9,-1.5,1.7,1,0,0,,,,,,,,,,
-73.74,45.47,PETI,2023-12-17,2023,12,17,8.4,-0.6,3.9,13.8,0,47,,,,,,,,,,
-73.74,45.47,PETI,2023-12-18,2023,12,18,9.4,5.3,7.3,51.2,1,37,,,,,,,,,,
-73.74,45.47,PETI,2023-12-19,2023,12,19,5.3,-5.6,-0.2,1.7,0,37,,,,,,,,,,
-73.74,45.47,PETI,2023-12-20,2023,12,20,-1.2,-5.9,-3.5,0,0,41,,,,,,,,,,
-73.74,45.47,PETI,2023-12-21,2023,12,21,-3.9,-9.2,-6.5,1,0,39,,,,,,,,,,
-73.74,45.47,PETI,2023-12-22,2023,12,22,-4.1,-10.1,-7.1,2.2,0,0,,,,,,,,,,
-73.74,45.47,PETI,2023-12-23,2023,12,23,-0.8,-8.4,-4.6,0,0,0,,,,,,,,,,
-73.74,45.47,PETI,2023-12-24,2023,12,24,2.1,-1.5,0.3,0,0,0,,,,,,,,,,
-73.74,45.47,PETI,2023-12-25,2023,12,25,5.4,1.1,3.2,1.2,0,0,,,,,,,,,,
-73.74,45.47,PETI,2023-12-26,2023,12,26,7.2,3.1,5.1,1,0,0,,,,,,,,,,
-73.74,45.47,PETI,2023-12-27,2023,12,27,4.3,1.1,2.7,2.9,0,0,,,,,,,,,,
-73.74,45.47,PETI,2023-12-28,2023,12,28,3.5,0.9,2.2,1.2,0,33,,,,,,,,,,
-73.74,45.47,PETI,2023-12-29,2023,12,29,2.4,1.1,1.8,5.9,0,0,,,,,,,,,,
-73.74,45.47,PETI,2023-12-30,2023,12,30,1.4,-4.2,-1.4,1.7,0,0,,,,,,,,,,
-73.74,45.47,PETI,2023-12-31,2023,12,31,-4.1,-5.2,-4.7,0.2,0,0,,,,,,,,,,
-73.93,45.43,SADB_1,2024-01-01,2024,1,1,-4.4,-7.5,-5.9,0.3,0,0,,,,,,,,,,
-73.93,45.43,SADB_1,2024-01-02,2024,1,2,0.9,-5,-2,0,0,0,,,,,,,,,,
-73.93,45.43,SADB_1,2024-01-03,2024,1,3,2,-0.3,0.9,0,0,0,,,,,,,,,,
-73.93,45.43,SADB_1,2024-01-04,2024,1,4,1.5,-11.4,-4.9,1,0,0,,,,,,,,,,
-73.93,45.43,SADB_1,2024-01-05,2024,1,5,-1.7,-13,-7.4,0,0,0,,,,,,,,,,
-73.93,45.43,SADB_1,2024-01-06,2024,1,6,-2.6,-10,-6.3,2,0,0,,,,,,,,,,
-73.93,45.43,SADB_1,2024-01-07,2024,1,7,-6.2,-8.9,-7.5,6.9,10,0,,,,,,,,,,
-73.93,45.43,SADB_1,2024-01-08,2024,1,8,-2.3,-9.7,-6,0,13,0,,,,,,,,,,
-73.93,45.43,SADB_1,2024-01-09,2024,1,9,1.7,-7.1,-2.7,13.7,12,0,,,,,,,,,,
-73.93,45.43,SADB_1,2024-01-10,2024,1,10,5.9,-3,1.5,9,16,0,,,,,,,,,,
-73.93,45.43,SADB_1,2024-01-11,2024,1,11,-3,-6.8,-4.9,0,8,0,,,,,,,,,,
-73.93,45.43,SADB_1,2024-01-12,2024,1,12,-2.3,-8.8,-5.6,0.6,8,0,,,,,,,,,,
-73.93,45.43,SADB_1,2024-01-13,2024,1,13,2,-6.7,-2.4,13.1,12,0,,,,,,,,,,
-73.93,45.43,SADB_1,2024-01-14,2024,1,14,-1.8,-6.5,-4.1,0.7,17,0,,,,,,,,,,
-73.93,45.43,SADB_1,2024-01-15,2024,1,15,-5.1,-8.2,-6.6,0,17,0,,,,,,,,,,
-73.93,45.43,SADB_1,2024-01-16,2024,1,16,-6.3,-13.1,-9.7,2.8,17,0,,,,,,,,,,
-73.93,45.43,SADB_1,2024-01-17,2024,1,17,-8.4,-14.4,-11.4,1,20,0,,,,,,,,,,
-73.93,45.43,SADB_1,2024-01-18,2024,1,18,-6.5,-11.4,-8.9,0,19,0,,,,,,,,,,
-73.93,45.43,SADB_1,2024-01-19,2024,1,19,-9.9,-17.2,-13.5,0,19,0,,,,,,,,,,
-73.93,45.43,SADB_1,2024-01-20,2024,1,20,-10.7,-17.5,-14.1,0,19,0,,,,,,,,,,
-73.93,45.43,SADB_1,2024-01-21,2024,1,21,-11.5,-15,-13.2,0,20,0,,,,,,,,,,
-73.93,45.43,SADB_1,2024-01-22,2024,1,22,-0.3,-15.4,-7.8,0,19,0,,,,,,,,,,
-73.93,45.43,SADB_1,2024-01-23,2024,1,23,-0.1,-9.2,-4.7,0,19,0,,,,,,,,,,
-73.93,45.43,SADB_1,2024-01-24,2024,1,24,-3.8,-11.1,-7.5,0,20,0,,,,,,,,,,
-73.93,45.43,SADB_1,2024-01-25,2024,1,25,0.6,-4.1,-1.8,0,21,0,,,,,,,,,,
-73.93,45.43,SADB_1,2024-01-26,2024,1,26,0.6,-0.8,-0.1,0,20,0,,,,,,,,,,
-73.93,45.43,SADB_1,2024-01-27,2024,1,27,1.3,-0.7,0.3,0,19,0,,,,,,,,,,
-73.93,45.43,SADB_1,2024-01-28,2024,1,28,2.1,-0.6,0.7,0,18,0,,,,,,,,,,
-73.93,45.43,SADB_1,2024-01-29,2024,1,29,0.1,-3.4,-1.6,0,18,0,,,,,,,,,,
-73.93,45.43,SADB_1,2024-01-30,2024,1,30,-3.4,-9.7,-6.5,0,18,0,,,,,,,,,,
-73.93,45.43,SADB_1,2024-01-31,2024,1,31,2.7,-7.7,-2.5,0,18,0,,,,,,,,,,
-73.93,45.43,SADB_1,2024-02-01,2024,2,1,2.9,0.3,1.6,1.6,18,0,,,,,,,,,,
-73.93,45.43,SADB_1,2024-02-02,2024,2,2,1,-4.5,-1.7,0,18,0,,,,,,,,,,
-73.93,45.43,SADB_1,2024-02-03,2024,2,3,-2.8,-9.5,-6.1,0,17,0,,,,,,,,,,
-73.93,45.43,SADB_1,2024-02-04,2024,2,4,0.5,-12.3,-5.9,0,17,0,,,,,,,,,,
-73.93,45.43,SADB_1,2024-02-05,2024,2,5,1.1,-11.9,-5.4,0,17,0,,,,,,,,,,
-73.93,45.43,SADB_1,2024-02-06,2024,2,6,0.9,-10.5,-4.8,0,17,0,,,,,,,,,,
-73.93,45.43,SADB_1,2024-02-07,2024,2,7,-0.6,-11.7,-6.1,0,17,0,,,,,,,,,,
-73.93,45.43,SADB_1,2024-02-08,2024,2,8,5.3,-3,1.2,0,17,0,,,,,,,,,,
-73.93,45.43,SADB_1,2024-02-09,2024,2,9,6.9,-1.1,2.9,0,17,0,,,,,,,,,,
-73.93,45.43,SADB_1,2024-02-10,2024,2,10,7.6,2,4.8,0.4,14,0,,,,,,,,,,
-73.93,45.43,SADB_1,2024-02-11,2024,2,11,3.2,1.2,2.2,0,9,0,,,,,,,,,,
-73.93,45.43,SADB_1,2024-02-12,2024,2,12,1.6,-4.7,-1.5,0,8,0,,,,,,,,,,
-73.93,45.43,SADB_1,2024-02-13,2024,2,13,2.1,-7.4,-2.7,0,7,0,,,,,,,,,,
-73.93,45.43,SADB_1,2024-02-14,2024,2,14,-4.5,-10.6,-7.6,0,8,0,,,,,,,,,,
-73.93,45.43,SADB_1,2024-02-15,2024,2,15,-3.4,-10.2,-6.8,0,8,0,,,,,,,,,,
-73.93,45.43,SADB_1,2024-02-16,2024,2,16,-2.1,-8.8,-5.5,0,13,0,,,,,,,,,,
-73.93,45.43,SADB_1,2024-02-17,2024,2,17,-7.9,-15.2,-11.6,0,14,0,,,,,,,,,,
-73.93,45.43,SADB_1,2024-02-18,2024,2,18,-1.6,-15.8,-8.7,0,13,0,,,,,,,,,,
-73.93,45.43,SADB_1,2024-02-19,2024,2,19,-6.5,-16.9,-11.7,0,11,0,,,,,,,,,,
-73.93,45.43,SADB_1,2024-02-20,2024,2,20,-6.2,-15.2,-10.7,0,12,0,,,,,,,,,,
-73.93,45.43,SADB_1,2024-02-21,2024,2,21,4.3,-13.4,-4.5,0,12,0,,,,,,,,,,
-73.93,45.43,SADB_1,2024-02-22,2024,2,22,3.1,0.2,1.7,0.5,12,0,,,,,,,,,,
-73.93,45.43,SADB_1,2024-02-23,2024,2,23,5.6,-10,-2.2,0,9,0,,,,,,,,,,
-73.93,45.43,SADB_1,2024-02-24,2024,2,24,-8.7,-15.6,-12.1,0,6,0,,,,,,,,,,
-73.93,45.43,SADB_1,2024-02-25,2024,2,25,1.6,-14.3,-6.3,0,5,0,,,,,,,,,,
-73.93,45.43,SADB_1,2024-02-26,2024,2,26,4.7,-3.1,0.8,0,5,0,,,,,,,,,,
-73.93,45.43,SADB_1,2024-02-27,2024,2,27,14.6,-2.9,5.9,0,3,0,,,,,,,,,,
-73.93,45.43,SADB_1,2024-02-28,2024,2,28,15.1,-11.9,1.6,0,0,0,,,,,,,,,,
-73.93,45.43,SADB_1,2024-02-29,2024,2,29,-8.6,-12.4,-10.5,0,0,0,,,,,,,,,,
-73.93,45.43,SADB_1,2024-03-01,2024,3,1,0.3,-12.2,-6,0,0,0,,,,,,,,,,
-73.93,45.43,SADB_1,2024-03-02,2024,3,2,3.1,-7,-1.9,0,0,0,,,,,,,,,,
-73.93,45.43,SADB_1,2024-03-03,2024,3,3,9.3,0,4.6,0,0,0,,,,,,,,,,
-73.93,45.43,SADB_1,2024-03-04,2024,3,4,9.6,-0.5,4.6,0,0,0,,,,,,,,,,
-73.93,45.43,SADB_1,2024-03-05,2024,3,5,14,-1.3,6.3,0,0,0,,,,,,,,,,
-73.93,45.43,SADB_1,2024-03-06,2024,3,6,5.9,3.4,4.6,4,0,0,,,,,,,,,,
-73.93,45.43,SADB_1,2024-03-07,2024,3,7,8.7,-1.8,3.5,0,0,0,,,,,,,,,,
-73.93,45.43,SADB_1,2024-03-08,2024,3,8,7.2,-2.1,2.5,0,0,0,,,,,,,,,,
-73.93,45.43,SADB_1,2024-03-09,2024,3,9,7.6,-0.6,3.5,0,0,0,,,,,,,,,,
-73.93,45.43,SADB_1,2024-03-10,2024,3,10,3.6,-2.8,0.4,0,1,0,,,,,,,,,,
-73.93,45.43,SADB_1,2024-03-11,2024,3,11,4,-3,0.5,0,1,0,,,,,,,,,,
-73.93,45.43,SADB_1,2024-03-12,2024,3,12,8.8,-1.9,3.5,0,0,0,,,,,,,,,,
-73.93,45.43,SADB_1,2024-03-13,2024,3,13,7.3,-2.4,2.4,0,0,0,,,,,,,,,,
-73.93,45.43,SADB_1,2024-03-14,2024,3,14,12.4,-0.4,6,0,0,0,,,,,,,,,,
-73.93,45.43,SADB_1,2024-03-15,2024,3,15,11.8,4,7.9,3.8,0,0,,,,,,,,,,
-73.93,45.43,SADB_1,2024-03-16,2024,3,16,7,1.7,4.4,2.6,0,0,,,,,,,,,,
-73.93,45.43,SADB_1,2024-03-17,2024,3,17,8.1,1.4,4.8,4.2,0,0,,,,,,,,,,
-73.93,45.43,SADB_1,2024-03-18,2024,3,18,3.4,-1.4,1,0,0,0,,,,,,,,,,
-73.93,45.43,SADB_1,2024-03-19,2024,3,19,1.1,-4.1,-1.5,0,0,0,,,,,,,,,,
-73.93,45.43,SADB_1,2024-03-20,2024,3,20,4.2,-4.8,-0.3,0,2,0,,,,,,,,,,
-73.93,45.43,SADB_1,2024-03-21,2024,3,21,-3.1,-9.1,-6.1,0,0,0,,,,,,,,,,
-73.93,45.43,SADB_1,2024-03-22,2024,3,22,-3.6,-11.2,-7.4,0,0,0,,,,,,,,,,
-73.93,45.43,SADB_1,2024-03-23,2024,3,23,-4.2,-12.6,-8.4,0,0,0,,,,,,,,,,
-73.93,45.43,SADB_1,2024-03-24,2024,3,24,0.8,-11,-5.1,0,7,0,,,,,,,,,,
-73.93,45.43,SADB_1,2024-03-25,2024,3,25,6.9,-7.3,-0.2,0,2,0,,,,,,,,,,
-73.93,45.43,SADB_1,2024-03-26,2024,3,26,11.6,-0.5,5.5,0,0,0,,,,,,,,,,
-73.93,45.43,SADB_1,2024-03-27,2024,3,27,14.2,4.5,9.3,2.2,0,0,,,,,,,,,,
-73.93,45.43,SADB_1,2024-03-28,2024,3,28,9.1,1.9,5.5,0,0,0,,,,,,,,,,
-73.93,45.43,SADB_1,2024-03-29,2024,3,29,8.7,-0.3,4.2,0,0,0,,,,,,,,,,
-73.93,45.43,SADB_1,2024-03-30,2024,3,30,6.5,-0.4,3.1,0,0,0,,,,,,,,,,
-73.93,45.43,SADB_1,2024-03-31,2024,3,31,10.2,0.8,5.5,0,0,0,,,,,,,,,,
-73.93,45.43,SADB_1,2024-04-01,2024,4,1,10,-2.8,3.6,0,0,0,,,,,,,,,,
-73.93,45.43,SADB_1,2024-04-02,2024,4,2,11,-4,3.5,0,0,0,,,,,,,,,,
-73.93,45.43,SADB_1,2024-04-03,2024,4,3,9.9,0.1,5,10.6,0,0,,,,,,,,,,
-73.93,45.43,SADB_1,2024-04-04,2024,4,4,1,-1.6,-0.3,0,11,0,,,,,,,,,,
-73.93,45.43,SADB_1,2024-04-05,2024,4,5,4.7,0.6,2.7,3.8,8,0,,,,,,,,,,
-73.93,45.43,SADB_1,2024-04-06,2024,4,6,7,0.1,3.5,0,2,0,,,,,,,,,,
-73.93,45.43,SADB_1,2024-04-07,2024,4,7,12.4,-2.3,5,0,0,0,,,,,,,,,,
-73.93,45.43,SADB_1,2024-04-08,2024,4,8,17.6,2.9,10.3,0,0,0,,,,,,,,,,
-73.93,45.43,SADB_1,2024-04-09,2024,4,9,18,1.8,9.9,0,0,0,,,,,,,,,,
-73.93,45.43,SADB_1,2024-04-10,2024,4,10,17.3,4.9,11.1,0,0,0,,,,,,,,,,
-73.93,45.43,SADB_1,2024-04-11,2024,4,11,12.8,4.3,8.5,14.8,0,0,,,,,,,,,,
-73.93,45.43,SADB_1,2024-04-12,2024,4,12,21.3,9.2,15.2,17.4,0,0,,,,,,,,,,
-73.93,45.43,SADB_1,2024-04-13,2024,4,13,10.3,3.6,6.9,1.8,0,0,,,,,,,,,,
-73.93,45.43,SADB_1,2024-04-14,2024,4,14,11.3,3,7.1,1.8,0,0,,,,,,,,,,
-73.93,45.43,SADB_1,2024-04-15,2024,4,15,14.5,5.8,10.1,0.6,0,0,,,,,,,,,,
-73.93,45.43,SADB_1,2024-04-16,2024,4,16,11.8,2.9,7.3,0,0,0,,,,,,,,,,
-73.93,45.43,SADB_1,2024-04-17,2024,4,17,9.8,0.4,5.1,0,0,0,,,,,,,,,,
-73.93,45.43,SADB_1,2024-04-18,2024,4,18,9.7,5.2,7.4,5.4,0,0,,,,,,,,,,
-73.93,45.43,SADB_1,2024-04-19,2024,4,19,13.1,6.6,9.8,0.6,0,0,,,,,,,,,,
-73.93,45.43,SADB_1,2024-04-20,2024,4,20,10.2,4,7.1,0,0,0,,,,,,,,,,
-73.93,45.43,SADB_1,2024-04-21,2024,4,21,8.7,0.3,4.5,0.2,0,0,,,,,,,,,,
-73.93,45.43,SADB_1,2024-04-22,2024,4,22,8.9,-2.1,3.4,0,0,0,,,,,,,,,,
-73.93,45.43,SADB_1,2024-04-23,2024,4,23,19.2,0.1,9.6,2.8,0,0,,,,,,,,,,
-73.93,45.43,SADB_1,2024-04-24,2024,4,24,9.7,-1.6,4.1,0,0,0,,,,,,,,,,
-73.93,45.43,SADB_1,2024-04-25,2024,4,25,8.4,-3.3,2.6,0,0,0,,,,,,,,,,
-73.93,45.43,SADB_1,2024-04-26,2024,4,26,13.9,-2.4,5.8,0,0,0,,,,,,,,,,
-73.93,45.43,SADB_1,2024-04-27,2024,4,27,18.5,0.1,9.3,0,0,0,,,,,,,,,,
-73.93,45.43,SADB_1,2024-04-28,2024,4,28,17.6,7.8,12.7,22.4,0,0,,,,,,,,,,
-73.93,45.43,SADB_1,2024-04-29,2024,4,29,13,5.4,9.2,0.2,0,0,,,,,,,,,,
-73.93,45.43,SADB_1,2024-04-30,2024,4,30,8.5,4.3,6.4,22.4,0,0,,,,,,,,,,
-73.93,45.43,SADB_1,2024-05-01,2024,5,1,15.3,6.1,10.7,0.2,0,0,,,,,,,,,,
-73.93,45.43,SADB_1,2024-05-02,2024,5,2,14.6,8.6,11.6,8.4,0,0,,,,,,,,,,
-73.93,45.43,SADB_1,2024-05-03,2024,5,3,19.3,8.5,13.9,0,0,0,,,,,,,,,,
-73.93,45.43,SADB_1,2024-05-04,2024,5,4,19.5,8.7,14.1,0.6,0,0,,,,,,,,,,
-73.93,45.43,SADB_1,2024-05-05,2024,5,5,13.6,10.1,11.9,11.2,0,0,,,,,,,,,,
-73.93,45.43,SADB_1,2024-05-06,2024,5,6,21.7,8.9,15.3,0.8,0,0,,,,,,,,,,
-73.93,45.43,SADB_1,2024-05-07,2024,5,7,21.3,6.2,13.8,0,0,0,,,,,,,,,,
-73.93,45.43,SADB_1,2024-05-08,2024,5,8,13.6,8.6,11.1,5.6,0,0,,,,,,,,,,
-73.93,45.43,SADB_1,2024-05-09,2024,5,9,15,5.5,10.3,0.6,0,0,,,,,,,,,,
-73.93,45.43,SADB_1,2024-05-10,2024,5,10,17.2,6.1,11.7,0.2,0,0,,,,,,,,,,
-73.93,45.43,SADB_1,2024-05-11,2024,5,11,19.3,4.2,11.8,0,0,0,,,,,,,,,,
-73.93,45.43,SADB_1,2024-05-12,2024,5,12,16.2,10.3,13.2,0.6,0,0,,,,,,,,,,
-73.93,45.43,SADB_1,2024-05-13,2024,5,13,19.1,11.2,15.2,0.6,0,0,,,,,,,,,,
-73.93,45.43,SADB_1,2024-05-14,2024,5,14,21.1,13.4,17.3,6,0,0,,,,,,,,,,
-73.93,45.43,SADB_1,2024-05-15,2024,5,15,20.7,11.7,16.2,1.6,0,0,,,,,,,,,,
-73.93,45.43,SADB_1,2024-05-16,2024,5,16,23.5,13.2,18.4,0,0,0,,,,,,,,,,
-73.93,45.43,SADB_1,2024-05-17,2024,5,17,25.9,12.6,19.3,0,0,0,,,,,,,,,,
-73.93,45.43,SADB_1,2024-05-18,2024,5,18,23.5,14.9,19.2,0,0,0,,,,,,,,,,
-73.93,45.43,SADB_1,2024-05-19,2024,5,19,25.6,13.3,19.4,0,0,0,,,,,,,,,,
-73.93,45.43,SADB_1,2024-05-20,2024,5,20,28.6,13.4,21,0,0,0,,,,,,,,,,
-73.93,45.43,SADB_1,2024-05-21,2024,5,21,26.1,14.5,20.3,6.2,0,0,,,,,,,,,,
-73.93,45.43,SADB_1,2024-05-22,2024,5,22,30.4,14.9,22.6,0.4,0,0,,,,,,,,,,
-73.93,45.43,SADB_1,2024-05-23,2024,5,23,25.1,17.3,21.2,0.2,0,0,,,,,,,,,,
-73.93,45.43,SADB_1,2024-05-24,2024,5,24,18.4,8.8,13.6,0,0,0,,,,,,,,,,
-73.93,45.43,SADB_1,2024-05-25,2024,5,25,21.1,6.9,14,1,0,0,,,,,,,,,,
-73.93,45.43,SADB_1,2024-05-26,2024,5,26,24.5,10.8,17.7,0,0,0,,,,,,,,,,
-73.93,45.43,SADB_1,2024-05-27,2024,5,27,25.4,17.7,21.5,15.2,0,0,,,,,,,,,,
-73.93,45.43,SADB_1,2024-05-28,2024,5,28,21.2,13,17.1,1,0,0,,,,,,,,,,
-73.93,45.43,SADB_1,2024-05-29,2024,5,29,18,9.8,13.9,0,0,0,,,,,,,,,,
-73.93,45.43,SADB_1,2024-05-30,2024,5,30,21.2,5.6,13.4,0,0,0,,,,,,,,,,
-73.93,45.43,SADB_1,2024-05-31,2024,5,31,23.9,9.5,16.7,0,0,0,,,,,,,,,,
-73.93,45.43,SADB_1,2024-06-01,2024,6,1,27.5,11.2,19.3,0,0,0,,,,,,,,,,
-73.93,45.43,SADB_1,2024-06-02,2024,6,2,27.4,12.1,19.8,0,0,0,,,,,,,,,,
-73.93,45.43,SADB_1,2024-06-03,2024,6,3,29.8,14.7,22.2,0,0,0,,,,,,,,,,
-73.93,45.43,SADB_1,2024-06-04,2024,6,4,30.8,12.9,21.9,0,0,0,,,,,,,,,,
-73.93,45.43,SADB_1,2024-06-05,2024,6,5,29.8,17.5,23.7,0,0,0,,,,,,,,,,
-73.93,45.43,SADB_1,2024-06-06,2024,6,6,25.8,15.9,20.9,27.4,0,0,,,,,,,,,,
-73.93,45.43,SADB_1,2024-06-07,2024,6,7,22.3,15.4,18.9,3.4,0,0,,,,,,,,,,
-73.93,45.43,SADB_1,2024-06-08,2024,6,8,20.4,14.6,17.5,1,0,0,,,,,,,,,,
-73.93,45.43,SADB_1,2024-06-09,2024,6,9,19.2,14.2,16.7,10.2,0,0,,,,,,,,,,
-73.93,45.43,SADB_1,2024-06-10,2024,6,10,,,,0,0,0,,,,,,,,,,
-73.93,45.43,SADB_1,2024-06-11,2024,6,11,18.1,11.4,14.7,0,0,0,,,,,,,,,,
-73.93,45.43,SADB_1,2024-06-12,2024,6,12,20.3,11.7,16,0,0,0,,,,,,,,,,
-73.93,45.43,SADB_1,2024-06-13,2024,6,13,28.2,11.4,19.8,5,0,0,,,,,,,,,,
-73.93,45.43,SADB_1,2024-06-14,2024,6,14,23.9,12.4,18.2,0.2,0,0,,,,,,,,,,
-73.93,45.43,SADB_1,2024-06-15,2024,6,15,19.9,9.2,14.5,0,0,0,,,,,,,,,,
-73.93,45.43,SADB_1,2024-06-16,2024,6,16,22.2,7.2,14.7,0,0,0,,,,,,,,,,
-73.93,45.43,SADB_1,2024-06-17,2024,6,17,29.7,15.1,22.4,0,0,0,,,,,,,,,,
-73.93,45.43,SADB_1,2024-06-18,2024,6,18,32.1,19.7,25.9,0,0,0,,,,,,,,,,
-73.93,45.43,SADB_1,2024-06-19,2024,6,19,32.7,21.3,27,0,0,0,,,,,,,,,,
-73.93,45.43,SADB_1,2024-06-20,2024,6,20,31.8,20.8,26.3,4.4,0,0,,,,,,,,,,
-73.93,45.43,SADB_1,2024-06-21,2024,6,21,23.6,15.4,19.5,0,0,0,,,,,,,,,,
-73.93,45.43,SADB_1,2024-06-22,2024,6,22,23.6,16.5,20.1,0.2,0,0,,,,,,,,,,
-73.93,45.43,SADB_1,2024-06-23,2024,6,23,26.8,15.7,21.3,44.6,0,0,,,,,,,,,,
-73.93,45.43,SADB_1,2024-06-24,2024,6,24,25.5,15.1,20.3,6,0,0,,,,,,,,,,
-73.93,45.43,SADB_1,2024-06-25,2024,6,25,27.4,17.4,22.4,0.2,0,0,,,,,,,,,,
-73.93,45.43,SADB_1,2024-06-26,2024,6,26,26.6,16.7,21.6,11,0,0,,,,,,,,,,
-73.93,45.43,SADB_1,2024-06-27,2024,6,27,19.1,11.1,15.1,2.2,0,0,,,,,,,,,,
-73.93,45.43,SADB_1,2024-06-28,2024,6,28,22.9,8.1,15.5,0,0,0,,,,,,,,,,
-73.93,45.43,SADB_1,2024-06-29,2024,6,29,22.5,16.6,19.5,7,0,0,,,,,,,,,,
-73.93,45.43,SADB_1,2024-06-30,2024,6,30,26.2,17.3,21.8,0,0,0,,,,,,,,,,
-73.93,45.43,SADB_1,2024-07-01,2024,7,1,24.7,14.4,19.6,0,0,0,,,,,,,,,,
-73.93,45.43,SADB_1,2024-07-02,2024,7,2,27.9,15.3,21.6,0,0,0,,,,,,,,,,
-73.93,45.43,SADB_1,2024-07-03,2024,7,3,29,14.5,21.8,4.6,0,0,,,,,,,,,,
-73.93,45.43,SADB_1,2024-07-04,2024,7,4,28.8,21.3,25.1,0,0,0,,,,,,,,,,
-73.93,45.43,SADB_1,2024-07-05,2024,7,5,28.7,20,24.3,0,0,0,,,,,,,,,,
-73.93,45.43,SADB_1,2024-07-06,2024,7,6,27.4,17.7,22.6,1.8,0,0,,,,,,,,,,
-73.93,45.43,SADB_1,2024-07-07,2024,7,7,27.9,17.3,22.6,0.4,0,0,,,,,,,,,,
-73.93,45.43,SADB_1,2024-07-08,2024,7,8,29.2,20.1,24.6,0,0,0,,,,,,,,,,
-73.93,45.43,SADB_1,2024-07-09,2024,7,9,29.1,19,24,0.6,0,0,,,,,,,,,,
-73.93,45.43,SADB_1,2024-07-10,2024,7,10,25.1,18.9,22,57,0,0,,,,,,,,,,
-73.93,45.43,SADB_1,2024-07-11,2024,7,11,21.2,18.8,20,1.6,0,0,,,,,,,,,,
-73.93,45.43,SADB_1,2024-07-12,2024,7,12,26.7,18.9,22.8,0.2,0,0,,,,,,,,,,
-73.93,45.43,SADB_1,2024-07-13,2024,7,13,28.1,20.5,24.3,0,0,0,,,,,,,,,,
-73.93,45.43,SADB_1,2024-07-14,2024,7,14,28.8,19.7,24.2,0,0,0,,,,,,,,,,
-73.93,45.43,SADB_1,2024-07-15,2024,7,15,30.6,21,25.8,1.8,0,0,,,,,,,,,,
-73.93,45.43,SADB_1,2024-07-16,2024,7,16,28.4,20.3,24.4,2.2,0,0,,,,,,,,,,
-73.93,45.43,SADB_1,2024-07-17,2024,7,17,27.5,20.6,24.1,0,0,0,,,,,,,,,,
-73.93,45.43,SADB_1,2024-07-18,2024,7,18,23.4,16.1,19.7,0,0,0,,,,,,,,,,
-73.93,45.43,SADB_1,2024-07-19,2024,7,19,25.5,14.6,20.1,0,0,0,,,,,,,,,,
-73.93,45.43,SADB_1,2024-07-20,2024,7,20,27,17,22,5.6,0,0,,,,,,,,,,
-73.93,45.43,SADB_1,2024-07-21,2024,7,21,24.1,12.9,18.5,0,0,0,,,,,,,,,,
-73.93,45.43,SADB_1,2024-07-22,2024,7,22,26.6,12.5,19.5,0,0,0,,,,,,,,,,
-73.93,45.43,SADB_1,2024-07-23,2024,7,23,26.8,16.8,21.8,0,0,0,,,,,,,,,,
-73.93,45.43,SADB_1,2024-07-24,2024,7,24,26.9,16.9,21.9,19.4,0,0,,,,,,,,,,
-73.93,45.43,SADB_1,2024-07-25,2024,7,25,21.5,17.2,19.4,0.6,0,0,,,,,,,,,,
-73.93,45.43,SADB_1,2024-07-26,2024,7,26,26.7,14.6,20.7,0.2,0,0,,,,,,,,,,
-73.93,45.43,SADB_1,2024-07-27,2024,7,27,27.8,16.1,21.9,0,0,0,,,,,,,,,,
-73.93,45.43,SADB_1,2024-07-28,2024,7,28,28.1,17,22.6,0,0,0,,,,,,,,,,
-73.93,45.43,SADB_1,2024-07-29,2024,7,29,28.8,16.6,22.7,0,0,0,,,,,,,,,,
-73.93,45.43,SADB_1,2024-07-30,2024,7,30,29.8,20.5,25.1,1,0,0,,,,,,,,,,
-73.93,45.43,SADB_1,2024-07-31,2024,7,31,27.4,21.7,24.5,15.6,0,0,,,,,,,,,,
-73.93,45.43,SADB_1,2024-08-01,2024,8,1,30.7,21.3,26,0,0,0,,,,,,,,,,
-73.93,45.43,SADB_1,2024-08-02,2024,8,2,30.9,22.6,26.8,0,0,0,,,,,,,,,,
-73.93,45.43,SADB_1,2024-08-03,2024,8,3,30.3,21.7,26,0,0,0,,,,,,,,,,
-73.93,45.43,SADB_1,2024-08-04,2024,8,4,,,,0,0,0,,,,,,,,,,
-73.93,45.43,SADB_1,2024-08-05,2024,8,5,22,13.2,17.6,4,0,0,,,,,,,,,,
-73.93,45.43,SADB_1,2024-08-06,2024,8,6,23.1,12.5,17.8,0,0,0,,,,,,,,,,
-73.93,45.43,SADB_1,2024-08-07,2024,8,7,24.7,11.4,18,0,0,0,,,,,,,,,,
-73.93,45.43,SADB_1,2024-08-08,2024,8,8,26.4,11.1,18.7,4.4,0,0,,,,,,,,,,
-73.93,45.43,SADB_1,2024-08-09,2024,8,9,21.6,18.3,20,146.4,0,0,,,,,,,,,,
-73.93,45.43,SADB_1,2024-08-10,2024,8,10,25.2,17.3,21.2,0.2,0,0,,,,,,,,,,
-73.93,45.43,SADB_1,2024-08-11,2024,8,11,23.6,15.5,19.6,1.8,0,0,,,,,,,,,,
-73.93,45.43,SADB_1,2024-08-12,2024,8,12,22.2,14.2,18.2,0.2,0,0,,,,,,,,,,
-73.93,45.43,SADB_1,2024-08-13,2024,8,13,26.6,15.4,21,0.2,0,0,,,,,,,,,,
-73.93,45.43,SADB_1,2024-08-14,2024,8,14,28.5,17.7,23.1,0,0,0,,,,,,,,,,
-73.93,45.43,SADB_1,2024-08-15,2024,8,15,28.1,18.5,23.3,0,0,0,,,,,,,,,,
-73.93,45.43,SADB_1,2024-08-16,2024,8,16,28.5,17.7,23.1,0,0,0,,,,,,,,,,
-73.93,45.43,SADB_1,2024-08-17,2024,8,17,26,20.4,23.2,0,0,0,,,,,,,,,,
-73.93,45.43,SADB_1,2024-08-18,2024,8,18,26.4,20.7,23.5,0.4,0,0,,,,,,,,,,
-73.93,45.43,SADB_1,2024-08-19,2024,8,19,22.1,12.2,17.1,22.4,0,0,,,,,,,,,,
-73.93,45.43,SADB_1,2024-08-20,2024,8,20,19.2,12,15.6,8.2,0,0,,,,,,,,,,
-73.93,45.43,SADB_1,2024-08-21,2024,8,21,15.1,13,14,21.2,0,0,,,,,,,,,,
-73.93,45.43,SADB_1,2024-08-22,2024,8,22,19.4,13.6,16.5,0.8,0,0,,,,,,,,,,
-73.93,45.43,SADB_1,2024-08-23,2024,8,23,25.2,12.1,18.7,0,0,0,,,,,,,,,,
-73.93,45.43,SADB_1,2024-08-24,2024,8,24,25.5,16.2,20.8,0,0,0,,,,,,,,,,
-73.93,45.43,SADB_1,2024-08-25,2024,8,25,26.4,15.9,21.2,22.8,0,0,,,,,,,,,,
-73.93,45.43,SADB_1,2024-08-26,2024,8,26,27,16.1,21.5,0.2,0,0,,,,,,,,,,
-73.93,45.43,SADB_1,2024-08-27,2024,8,27,28.3,16.1,22.2,6.4,0,0,,,,,,,,,,
-73.93,45.43,SADB_1,2024-08-28,2024,8,28,22,12.1,17.1,0.2,0,0,,,,,,,,,,
-73.93,45.43,SADB_1,2024-08-29,2024,8,29,21.9,10.2,16.1,0,0,0,,,,,,,,,,
-73.93,45.43,SADB_1,2024-08-30,2024,8,30,24.5,9.9,17.2,0,0,0,,,,,,,,,,
-73.93,45.43,SADB_1,2024-08-31,2024,8,31,21.4,16.6,19,17,0,0,,,,,,,,,,
-73.93,45.43,SADB_1,2024-09-01,2024,9,1,25.9,11.2,18.5,8.2,0,0,,,,,,,,,,
-73.93,45.43,SADB_1,2024-09-02,2024,9,2,16.8,9.5,13.2,0.2,0,0,,,,,,,,,,
-73.93,45.43,SADB_1,2024-09-03,2024,9,3,21.9,9,15.5,0,0,0,,,,,,,,,,
-73.93,45.43,SADB_1,2024-09-04,2024,9,4,24,13.7,18.9,0,0,0,,,,,,,,,,
-73.93,45.43,SADB_1,2024-09-05,2024,9,5,26.1,11.3,18.7,0,0,0,,,,,,,,,,
-73.93,45.43,SADB_1,2024-09-06,2024,9,6,24.1,12.7,18.4,0,0,0,,,,,,,,,,
-73.93,45.43,SADB_1,2024-09-07,2024,9,7,21.4,8.4,14.9,15.2,0,0,,,,,,,,,,
-73.93,45.43,SADB_1,2024-09-08,2024,9,8,13.3,6.6,10,0,0,0,,,,,,,,,,
-73.93,45.43,SADB_1,2024-09-09,2024,9,9,20.7,10,15.3,0,0,0,,,,,,,,,,
-73.93,45.43,SADB_1,2024-09-10,2024,9,10,,,,0,0,0,,,,,,,,,,
-73.93,45.43,SADB_1,2024-09-11,2024,9,11,23.6,12.6,18.1,0,0,0,,,,,,,,,,
-73.93,45.43,SADB_1,2024-09-12,2024,9,12,24,13.1,18.6,0,0,0,,,,,,,,,,
-73.93,45.43,SADB_1,2024-09-13,2024,9,13,26.9,12.2,19.6,0,0,0,,,,,,,,,,
-73.93,45.43,SADB_1,2024-09-14,2024,9,14,27,13.3,20.1,0,0,0,,,,,,,,,,
-73.93,45.43,SADB_1,2024-09-15,2024,9,15,28.2,13.3,20.8,0.2,0,0,,,,,,,,,,
-73.93,45.43,SADB_1,2024-09-16,2024,9,16,28.1,14.7,21.4,0,0,0,,,,,,,,,,
-73.93,45.43,SADB_1,2024-09-17,2024,9,17,28.1,15.1,21.6,0,0,0,,,,,,,,,,
-73.93,45.43,SADB_1,2024-09-18,2024,9,18,27.2,13.1,20.1,0,0,0,,,,,,,,,,
-73.93,45.43,SADB_1,2024-09-19,2024,9,19,26.8,14.5,20.6,0,0,0,,,,,,,,,,
-73.93,45.43,SADB_1,2024-09-20,2024,9,20,24.9,14.7,19.8,0,0,0,,,,,,,,,,
-73.93,45.43,SADB_1,2024-09-21,2024,9,21,23.1,14.9,19,0,0,0,,,,,,,,,,
-73.93,45.43,SADB_1,2024-09-22,2024,9,22,22.9,12.9,17.9,0,0,0,,,,,,,,,,
-73.93,45.43,SADB_1,2024-09-23,2024,9,23,17.1,13.8,15.4,2.8,0,0,,,,,,,,,,
-73.93,45.43,SADB_1,2024-09-24,2024,9,24,20.3,13.4,16.9,0.2,0,0,,,,,,,,,,
-73.93,45.43,SADB_1,2024-09-25,2024,9,25,16,13.1,14.5,4.6,0,0,,,,,,,,,,
-73.93,45.43,SADB_1,2024-09-26,2024,9,26,21.6,11.8,16.7,4.8,0,0,,,,,,,,,,
-73.93,45.43,SADB_1,2024-09-27,2024,9,27,,,,,0,0,,,,,,,,,,
-73.93,45.43,SADB_1,2024-09-28,2024,9,28,21.3,9.1,15.2,0,0,0,,,,,,,,,,
-73.93,45.43,SADB_1,2024-09-29,2024,9,29,22.1,12.2,17.2,0.2,0,0,,,,,,,,,,
-73.93,45.43,SADB_1,2024-09-30,2024,9,30,22.1,11.1,16.6,0,0,0,,,,,,,,,,
-73.93,45.43,SADB_1,2024-10-01,2024,10,1,22.9,9.5,16.2,0,0,0,,,,,,,,,,
-73.93,45.43,SADB_1,2024-10-02,2024,10,2,18.3,10.8,14.6,5.8,0,0,,,,,,,,,,
-73.93,45.43,SADB_1,2024-10-03,2024,10,3,20.1,9.8,15,0.4,0,0,,,,,,,,,,
-73.93,45.43,SADB_1,2024-10-04,2024,10,4,21.8,9.4,15.6,1,0,0,,,,,,,,,,
-73.93,45.43,SADB_1,2024-10-05,2024,10,5,18.6,6.5,12.6,0,0,0,,,,,,,,,,
-73.93,45.43,SADB_1,2024-10-06,2024,10,6,18.4,7.8,13.1,1.4,0,0,,,,,,,,,,
-73.93,45.43,SADB_1,2024-10-07,2024,10,7,17.4,4.8,11.1,0,0,0,,,,,,,,,,
-73.93,45.43,SADB_1,2024-10-08,2024,10,8,,,,0,0,0,,,,,,,,,,
-73.93,45.43,SADB_1,2024-10-09,2024,10,9,12.5,6.2,9.4,0,0,0,,,,,,,,,,
-73.93,45.43,SADB_1,2024-10-10,2024,10,10,11.5,6.9,9.2,0,0,0,,,,,,,,,,
-73.93,45.43,SADB_1,2024-10-11,2024,10,11,15.8,7.6,11.7,1.6,0,0,,,,,,,,,,
-73.93,45.43,SADB_1,2024-10-12,2024,10,12,15.5,2.6,9,0.8,0,0,,,,,,,,,,
-73.93,45.43,SADB_1,2024-10-13,2024,10,13,11.1,2.7,6.9,0,0,0,,,,,,,,,,
-73.93,45.43,SADB_1,2024-10-14,2024,10,14,8,5.6,6.8,0.4,0,0,,,,,,,,,,
-73.93,45.43,SADB_1,2024-10-15,2024,10,15,9.9,3.4,6.7,3.4,0,0,,,,,,,,,,
-73.93,45.43,SADB_1,2024-10-16,2024,10,16,10.5,2.3,6.4,0,0,0,,,,,,,,,,
-73.93,45.43,SADB_1,2024-10-17,2024,10,17,13.7,0.8,7.3,0.2,0,0,,,,,,,,,,
-73.93,45.43,SADB_1,2024-10-18,2024,10,18,17,2.8,9.9,0,0,0,,,,,,,,,,
-73.93,45.43,SADB_1,2024-10-19,2024,10,19,18.8,7,12.9,0,0,0,,,,,,,,,,
-73.93,45.43,SADB_1,2024-10-20,2024,10,20,20.3,7.9,14.1,0,0,0,,,,,,,,,,
-73.93,45.43,SADB_1,2024-10-21,2024,10,21,22.9,10.5,16.7,0,0,0,,,,,,,,,,
-73.93,45.43,SADB_1,2024-10-22,2024,10,22,21.4,9.2,15.3,0,0,0,,,,,,,,,,
-73.93,45.43,SADB_1,2024-10-23,2024,10,23,24.3,9.4,16.9,1,0,0,,,,,,,,,,
-73.93,45.43,SADB_1,2024-10-24,2024,10,24,12.3,1.8,7.1,0.2,0,0,,,,,,,,,,
-73.93,45.43,SADB_1,2024-10-25,2024,10,25,11,-1,5,0,0,0,,,,,,,,,,
-73.93,45.43,SADB_1,2024-10-26,2024,10,26,11.1,1.7,6.4,0,0,0,,,,,,,,,,
-73.93,45.43,SADB_1,2024-10-27,2024,10,27,7.7,-3.3,2.2,0,0,0,,,,,,,,,,
-73.93,45.43,SADB_1,2024-10-28,2024,10,28,6.4,-6,0.2,0,0,0,,,,,,,,,,
-73.93,45.43,SADB_1,2024-10-29,2024,10,29,12.5,-0.1,6.2,8.4,0,0,,,,,,,,,,
-73.93,45.43,SADB_1,2024-10-30,2024,10,30,22.3,9.9,16.1,0.2,0,0,,,,,,,,,,
-73.93,45.43,SADB_1,2024-10-31,2024,10,31,24.8,18.5,21.6,0,0,0,,,,,,,,,,
-73.93,45.43,SADB_1,2024-11-01,2024,11,1,19.6,4.3,12,0.6,0,0,,,,,,,,,,
-73.93,45.43,SADB_1,2024-11-02,2024,11,2,5.3,-1.5,1.9,0,0,0,,,,,,,,,,
-73.93,45.43,SADB_1,2024-11-03,2024,11,3,5.7,-4.6,0.5,0,0,0,,,,,,,,,,
-73.93,45.43,SADB_1,2024-11-04,2024,11,4,8.2,-1,3.6,0,0,0,,,,,,,,,,
-73.93,45.43,SADB_1,2024-11-05,2024,11,5,19.3,7.7,13.5,0.2,0,0,,,,,,,,,,
-73.93,45.43,SADB_1,2024-11-06,2024,11,6,21.8,11.1,16.4,0,0,0,,,,,,,,,,
-73.93,45.43,SADB_1,2024-11-07,2024,11,7,11.2,6.4,8.8,0.2,0,0,,,,,,,,,,
-73.93,45.43,SADB_1,2024-11-08,2024,11,8,12.7,4.2,8.5,0.4,0,0,,,,,,,,,,
-73.93,45.43,SADB_1,2024-11-09,2024,11,9,7.7,-0.4,3.7,0.2,0,0,,,,,,,,,,
-73.93,45.43,SADB_1,2024-11-10,2024,11,10,9,-1.9,3.5,0,0,0,,,,,,,,,,
-73.93,45.43,SADB_1,2024-11-11,2024,11,11,13.4,5.8,9.6,14,0,0,,,,,,,,,,
-73.93,45.43,SADB_1,2024-11-12,2024,11,12,6.2,-1.6,2.3,0,0,0,,,,,,,,,,
-73.93,45.43,SADB_1,2024-11-13,2024,11,13,3.2,-2.5,0.4,0,0,0,,,,,,,,,,
-73.93,45.43,SADB_1,2024-11-14,2024,11,14,4,-3.2,0.4,0,0,0,,,,,,,,,,
-73.93,45.43,SADB_1,2024-11-15,2024,11,15,9.6,-2.7,3.4,0,0,0,,,,,,,,,,
-73.93,45.43,SADB_1,2024-11-16,2024,11,16,13.7,0.5,7.1,0,0,0,,,,,,,,,,
-73.93,45.43,SADB_1,2024-11-17,2024,11,17,7.5,-0.2,3.6,0,0,0,,,,,,,,,,
-73.93,45.43,SADB_1,2024-11-18,2024,11,18,10.6,1.2,5.9,1.2,0,0,,,,,,,,,,
-73.93,45.43,SADB_1,2024-11-19,2024,11,19,10.6,0.1,5.3,0,0,0,,,,,,,,,,
-73.93,45.43,SADB_1,2024-11-20,2024,11,20,8.2,1.1,4.7,0,0,0,,,,,,,,,,
-73.93,45.43,SADB_1,2024-11-21,2024,11,21,7.8,5,6.4,3.6,0,0,,,,,,,,,,
-73.93,45.43,SADB_1,2024-11-22,2024,11,22,7.9,3.9,5.9,3.2,0,0,,,,,,,,,,
-73.93,45.43,SADB_1,2024-11-23,2024,11,23,7.2,4.2,5.7,0,0,0,,,,,,,,,,
-73.93,45.43,SADB_1,2024-11-24,2024,11,24,5.2,-0.8,2.2,0,0,0,,,,,,,,,,
-73.93,45.43,SADB_1,2024-11-25,2024,11,25,4.2,-3.3,0.4,0,0,0,,,,,,,,,,
-73.93,45.43,SADB_1,2024-11-26,2024,11,26,4.6,-3.1,0.8,0,0,0,,,,,,,,,,
-73.93,45.43,SADB_1,2024-11-27,2024,11,27,5.9,1.7,3.8,0,0,0,,,,,,,,,,
-73.93,45.43,SADB_1,2024-11-28,2024,11,28,3,0.4,1.7,3.4,0,0,,,,,,,,,,
-73.93,45.43,SADB_1,2024-11-29,2024,11,29,3.1,-2.1,0.5,0,0,0,,,,,,,,,,
-73.93,45.43,SADB_1,2024-11-30,2024,11,30,2.1,-1.1,0.5,0,0,0,,,,,,,,,,
-73.93,45.43,SADB_1,2024-12-01,2024,12,1,0,-3.4,-1.7,0,0,0,,,,,,,,,,
-73.93,45.43,SADB_1,2024-12-02,2024,12,2,-1.4,-5.3,-3.3,0,0,0,,,,,,,,,,
-73.93,45.43,SADB_1,2024-12-03,2024,12,3,0,-5,-2.5,0,0,0,,,,,,,,,,
-73.93,45.43,SADB_1,2024-12-04,2024,12,4,0,-6,-3,0,0,0,,,,,,,,,,
-73.93,45.43,SADB_1,2024-12-05,2024,12,5,1,-4.2,-1.6,0,5,0,,,,,,,,,,
-73.93,45.43,SADB_1,2024-12-06,2024,12,6,-4,-8.5,-6.2,0,4,0,,,,,,,,,,
-73.93,45.43,SADB_1,2024-12-07,2024,12,7,-2.3,-8.7,-5.5,0,4,0,,,,,,,,,,
-73.93,45.43,SADB_1,2024-12-08,2024,12,8,2.8,-3.4,-0.3,0,16,0,,,,,,,,,,
-73.93,45.43,SADB_1,2024-12-09,2024,12,9,-3.4,-7.2,-5.3,0,9,0,,,,,,,,,,
-73.93,45.43,SADB_1,2024-12-10,2024,12,10,2.9,-3.5,-0.3,0,14,0,,,,,,,,,,
-73.93,45.43,SADB_1,2024-12-11,2024,12,11,3.8,0.4,2.1,28.4,11,0,,,,,,,,,,
-73.93,45.43,SADB_1,2024-12-12,2024,12,12,1.7,-8.3,-3.3,0,9,0,,,,,,,,,,
-73.93,45.43,SADB_1,2024-12-13,2024,12,13,-4.4,-9.6,-7,0,8,0,,,,,,,,,,
-73.93,45.43,SADB_1,2024-12-14,2024,12,14,-5.8,-15,-10.4,0,8,0,,,,,,,,,,
-73.93,45.43,SADB_1,2024-12-15,2024,12,15,-6.8,-15.2,-11,0,8,0,,,,,,,,,,
-73.93,45.43,SADB_1,2024-12-16,2024,12,16,5.2,-6.9,-0.8,0,8,0,,,,,,,,,,
-73.93,45.43,SADB_1,2024-12-17,2024,12,17,7.8,2.5,5.1,6.4,7,0,,,,,,,,,,
-73.93,45.43,SADB_1,2024-12-18,2024,12,18,3.7,0.3,2,1.6,0,0,,,,,,,,,,
-73.93,45.43,SADB_1,2024-12-19,2024,12,19,0.8,-9.5,-4.3,0,0,0,,,,,,,,,,
-73.93,45.43,SADB_1,2024-12-20,2024,12,20,-7.6,-11.2,-9.4,0,0,0,,,,,,,,,,
-73.93,45.43,SADB_1,2024-12-21,2024,12,21,-8.4,-16.2,-12.3,0,1,0,,,,,,,,,,
-73.93,45.43,SADB_1,2024-12-22,2024,12,22,-12.2,-16.7,-14.4,0,1,0,,,,,,,,,,
-73.93,45.43,SADB_1,2024-12-23,2024,12,23,-7.5,-16.8,-12.2,0,2,0,,,,,,,,,,
-73.93,45.43,SADB_1,2024-12-24,2024,12,24,-5.8,-11.6,-8.7,0,12,0,,,,,,,,,,
-73.93,45.43,SADB_1,2024-12-25,2024,12,25,-5.9,-18.4,-12.2,0,11,0,,,,,,,,,,
-73.93,45.43,SADB_1,2024-12-26,2024,12,26,-8,-20.7,-14.4,0,10,0,,,,,,,,,,
-73.93,45.43,SADB_1,2024-12-27,2024,12,27,-5.7,-18.4,-12.1,0,9,0,,,,,,,,,,
-73.93,45.43,SADB_1,2024-12-28,2024,12,28,-2.8,-8.7,-5.7,0,10,0,,,,,,,,,,
-73.93,45.43,SADB_1,2024-12-29,2024,12,29,3.2,-3.7,-0.2,0,9,0,,,,,,,,,,
-73.93,45.43,SADB_1,2024-12-30,2024,12,30,10.9,2.3,6.6,4,0,0,,,,,,,,,,
-73.93,45.43,SADB_1,2024-12-31,2024,12,31,6.1,1.5,3.8,0,0,0,,,,,,,,,,
-73.74,45.47,PETI,2024-01-01,2024,1,1,-4.1,-7.5,-5.8,2.4,0,0,,,,,,,,,,
-73.74,45.47,PETI,2024-01-02,2024,1,2,1.1,-4.6,-1.8,0,0,39,,,,,,,,,,
-73.74,45.47,PETI,2024-01-03,2024,1,3,2.5,-0.1,1.2,0,0,32,,,,,,,,,,
-73.74,45.47,PETI,2024-01-04,2024,1,4,1.8,-11.4,-4.8,1.1,0,40,,,,,,,,,,
-73.74,45.47,PETI,2024-01-05,2024,1,5,-1.2,-12.5,-6.9,0,0,31,,,,,,,,,,
-73.74,45.47,PETI,2024-01-06,2024,1,6,-2.7,-9.9,-6.3,1.5,0,40,,,,,,,,,,
-73.74,45.47,PETI,2024-01-07,2024,1,7,-5.9,-8.7,-7.3,7.5,6,36,,,,,,,,,,
-73.74,45.47,PETI,2024-01-08,2024,1,8,-2.3,-7.9,-5.1,0.4,8,0,,,,,,,,,,
-73.74,45.47,PETI,2024-01-09,2024,1,9,2.2,-7.2,-2.5,18.7,7,39,,,,,,,,,,
-73.74,45.47,PETI,2024-01-10,2024,1,10,6.4,-2.6,1.9,12.6,14,60,,,,,,,,,,
-73.74,45.47,PETI,2024-01-11,2024,1,11,-2.6,-6.1,-4.3,0,6,49,,,,,,,,,,
-73.74,45.47,PETI,2024-01-12,2024,1,12,-1.9,-8.2,-5,3.5,6,45,,,,,,,,,,
-73.74,45.47,PETI,2024-01-13,2024,1,13,2.3,-6.7,-2.2,13.2,6,65,,,,,,,,,,
-73.74,45.47,PETI,2024-01-14,2024,1,14,-1,-6.6,-3.8,1,10,74,,,,,,,,,,
-73.74,45.47,PETI,2024-01-15,2024,1,15,-4.5,-7.3,-5.9,0.2,12,43,,,,,,,,,,
-73.74,45.47,PETI,2024-01-16,2024,1,16,-5.9,-11.2,-8.5,2.4,11,0,,,,,,,,,,
-73.74,45.47,PETI,2024-01-17,2024,1,17,-8,-13.3,-10.7,1.4,14,47,,,,,,,,,,
-73.74,45.47,PETI,2024-01-18,2024,1,18,-6.1,-10.3,-8.2,0.6,14,0,,,,,,,,,,
-73.74,45.47,PETI,2024-01-19,2024,1,19,-9.1,-16.5,-12.8,2.2,14,0,,,,,,,,,,
-73.74,45.47,PETI,2024-01-20,2024,1,20,-10.5,-17,-13.7,1,14,0,,,,,,,,,,
-73.74,45.47,PETI,2024-01-21,2024,1,21,-9.2,-13.7,-11.5,0.4,15,37,,,,,,,,,,
-73.74,45.47,PETI,2024-01-22,2024,1,22,-0.4,-11.6,-6,0,15,47,,,,,,,,,,
-73.74,45.47,PETI,2024-01-23,2024,1,23,-0.2,-9.4,-4.8,0.2,14,32,,,,,,,,,,
-73.74,45.47,PETI,2024-01-24,2024,1,24,-4.2,-10.3,-7.2,2.3,14,0,,,,,,,,,,
-73.74,45.47,PETI,2024-01-25,2024,1,25,1.1,-4.5,-1.7,6.5,16,0,,,,,,,,,,
-73.74,45.47,PETI,2024-01-26,2024,1,26,0.8,-0.6,0.1,6.8,14,33,,,,,,,,,,
-73.74,45.47,PETI,2024-01-27,2024,1,27,4.1,-0.9,1.6,2.4,14,0,,,,,,,,,,
-73.74,45.47,PETI,2024-01-28,2024,1,28,2.3,-0.1,1.1,0,13,0,,,,,,,,,,
-73.74,45.47,PETI,2024-01-29,2024,1,29,0.2,-4.2,-2,0,12,0,,,,,,,,,,
-73.74,45.47,PETI,2024-01-30,2024,1,30,-4.2,-9.9,-7,0.7,12,33,,,,,,,,,,
-73.74,45.47,PETI,2024-01-31,2024,1,31,2.5,-7.2,-2.4,0,12,0,,,,,,,,,,
-73.74,45.47,PETI,2024-02-01,2024,2,1,2.9,0.5,1.7,1.3,12,32,,,,,,,,,,
-73.74,45.47,PETI,2024-02-02,2024,2,2,0.8,-4.7,-1.9,0.7,12,0,,,,,,,,,,
-73.74,45.47,PETI,2024-02-03,2024,2,3,-2.7,-7.6,-5.2,0.8,11,0,,,,,,,,,,
-73.74,45.47,PETI,2024-02-04,2024,2,4,0,-10.4,-5.2,4.7,11,0,,,,,,,,,,
-73.74,45.47,PETI,2024-02-05,2024,2,5,1.5,-10.5,-4.5,6,11,0,,,,,,,,,,
-73.74,45.47,PETI,2024-02-06,2024,2,6,0.1,-7.3,-3.6,2.2,11,0,,,,,,,,,,
-73.74,45.47,PETI,2024-02-07,2024,2,7,-0.2,-9.9,-5,1.7,11,0,,,,,,,,,,
-73.74,45.47,PETI,2024-02-08,2024,2,8,5.5,-1,2.3,1.9,12,0,,,,,,,,,,
-73.74,45.47,PETI,2024-02-09,2024,2,9,6.8,-0.8,3,9.2,11,0,,,,,,,,,,
-73.74,45.47,PETI,2024-02-10,2024,2,10,7.8,2.3,5.1,1.2,7,0,,,,,,,,,,
-73.74,45.47,PETI,2024-02-11,2024,2,11,3.8,1.5,2.7,0,2,37,,,,,,,,,,
-73.74,45.47,PETI,2024-02-12,2024,2,12,2.1,-3.5,-0.7,0.2,0,0,,,,,,,,,,
-73.74,45.47,PETI,2024-02-13,2024,2,13,3.4,-6.8,-1.7,4.6,0,39,,,,,,,,,,
-73.74,45.47,PETI,2024-02-14,2024,2,14,-4.3,-10.7,-7.5,0.7,0,53,,,,,,,,,,
-73.74,45.47,PETI,2024-02-15,2024,2,15,-3.1,-10.2,-6.6,3,0,0,,,,,,,,,,
-73.74,45.47,PETI,2024-02-16,2024,2,16,-2.1,-8.4,-5.2,2,7,40,,,,,,,,,,
-73.74,45.47,PETI,2024-02-17,2024,2,17,-7.6,-14.1,-10.8,0.9,8,44,,,,,,,,,,
-73.74,45.47,PETI,2024-02-18,2024,2,18,-1.1,-14,-7.6,1.8,5,53,,,,,,,,,,
-73.74,45.47,PETI,2024-02-19,2024,2,19,-6.2,-14.5,-10.3,1.9,10,38,,,,,,,,,,
-73.74,45.47,PETI,2024-02-20,2024,2,20,-4.9,-13,-8.9,3.6,8,0,,,,,,,,,,
-73.74,45.47,PETI,2024-02-21,2024,2,21,4.4,-12.4,-4,0.8,7,35,,,,,,,,,,
-73.74,45.47,PETI,2024-02-22,2024,2,22,3.3,0.2,1.8,0.5,4,32,,,,,,,,,,
-73.74,45.47,PETI,2024-02-23,2024,2,23,7,-9.9,-1.5,0.8,1,37,,,,,,,,,,
-73.74,45.47,PETI,2024-02-24,2024,2,24,-7.9,-15.6,-11.7,0.7,0,33,,,,,,,,,,
-73.74,45.47,PETI,2024-02-25,2024,2,25,1.3,-12.1,-5.4,1.6,0,0,,,,,,,,,,
-73.74,45.47,PETI,2024-02-26,2024,2,26,5.5,-1.2,2.1,3.3,0,40,,,,,,,,,,
-73.74,45.47,PETI,2024-02-27,2024,2,27,15.1,-0.9,7.1,0.8,0,42,,,,,,,,,,
-73.74,45.47,PETI,2024-02-28,2024,2,28,14.1,-11.9,1.1,8.7,0,80,,,,,,,,,,
-73.74,45.47,PETI,2024-02-29,2024,2,29,-8,-12.5,-10.2,0.5,0,64,,,,,,,,,,
-73.74,45.47,PETI,2024-03-01,2024,3,1,0.1,-12.3,-6.1,0.6,0,0,,,,,,,,,,
-73.74,45.47,PETI,2024-03-02,2024,3,2,4.5,-5.8,-0.6,2.8,0,0,,,,,,,,,,
-73.74,45.47,PETI,2024-03-03,2024,3,3,9.5,0.4,4.9,2.7,0,0,,,,,,,,,,
-73.74,45.47,PETI,2024-03-04,2024,3,4,9.3,0,4.6,0.5,0,0,,,,,,,,,,
-73.74,45.47,PETI,2024-03-05,2024,3,5,14.1,0.4,7.3,1,0,31,,,,,,,,,,
-73.74,45.47,PETI,2024-03-06,2024,3,6,6.6,3.7,5.2,5.2,0,38,,,,,,,,,,
-73.74,45.47,PETI,2024-03-07,2024,3,7,8.6,0.5,4.5,2.4,0,46,,,,,,,,,,
-73.74,45.47,PETI,2024-03-08,2024,3,8,7,-1.8,2.6,0.9,0,0,,,,,,,,,,
-73.74,45.47,PETI,2024-03-09,2024,3,9,7.9,0.8,4.4,11.3,0,58,,,,,,,,,,
-73.74,45.47,PETI,2024-03-10,2024,3,10,3.1,-3.2,0,17.4,3,49,,,,,,,,,,
-73.74,45.47,PETI,2024-03-11,2024,3,11,3.2,-3.1,0,0.7,4,69,,,,,,,,,,
-73.74,45.47,PETI,2024-03-12,2024,3,12,8.7,-1.9,3.4,0,0,41,,,,,,,,,,
-73.74,45.47,PETI,2024-03-13,2024,3,13,7.1,-1.9,2.6,0.4,0,0,,,,,,,,,,
-73.74,45.47,PETI,2024-03-14,2024,3,14,11.8,0,5.9,0.2,0,0,,,,,,,,,,
-73.74,45.47,PETI,2024-03-15,2024,3,15,11.9,3.7,7.8,2,0,0,,,,,,,,,,
-73.74,45.47,PETI,2024-03-16,2024,3,16,6.8,1.4,4.1,2.5,0,0,,,,,,,,,,
-73.74,45.47,PETI,2024-03-17,2024,3,17,8.1,2,5,4.6,0,85,,,,,,,,,,
-73.74,45.47,PETI,2024-03-18,2024,3,18,3.5,-1,1.2,1.7,0,40,,,,,,,,,,
-73.74,45.47,PETI,2024-03-19,2024,3,19,1.3,-4.1,-1.4,0.8,0,39,,,,,,,,,,
-73.74,45.47,PETI,2024-03-20,2024,3,20,4.9,-4.7,0.1,1.3,2,41,,,,,,,,,,
-73.74,45.47,PETI,2024-03-21,2024,3,21,-3.2,-9.1,-6.2,0.2,0,60,,,,,,,,,,
-73.74,45.47,PETI,2024-03-22,2024,3,22,-3.6,-11.3,-7.4,0.2,0,43,,,,,,,,,,
-73.74,45.47,PETI,2024-03-23,2024,3,23,-3.9,-11.1,-7.5,3.3,0,41,,,,,,,,,,
-73.74,45.47,PETI,2024-03-24,2024,3,24,1,-10.8,-4.9,0.9,0,34,,,,,,,,,,
-73.74,45.47,PETI,2024-03-25,2024,3,25,7.6,-4.8,1.4,1,0,35,,,,,,,,,,
-73.74,45.47,PETI,2024-03-26,2024,3,26,11.9,0.2,6,0.8,0,38,,,,,,,,,,
-73.74,45.47,PETI,2024-03-27,2024,3,27,13.9,4.9,9.4,1.9,0,53,,,,,,,,,,
-73.74,45.47,PETI,2024-03-28,2024,3,28,9.2,2.8,6,0.2,0,35,,,,,,,,,,
-73.74,45.47,PETI,2024-03-29,2024,3,29,9.8,-1.2,4.3,1.2,0,53,,,,,,,,,,
-73.74,45.47,PETI,2024-03-30,2024,3,30,6.6,-0.8,2.9,0,0,52,,,,,,,,,,
-73.74,45.47,PETI,2024-03-31,2024,3,31,9.9,2.2,6.1,0.9,0,42,,,,,,,,,,
-73.74,45.47,PETI,2024-04-01,2024,4,1,11.1,-0.3,5.4,0.5,0,51,,,,,,,,,,
-73.74,45.47,PETI,2024-04-02,2024,4,2,11.4,-1.7,4.8,1.1,0,42,,,,,,,,,,
-73.74,45.47,PETI,2024-04-03,2024,4,3,10.1,0.3,5.2,15.6,0,62,,,,,,,,,,
-73.74,45.47,PETI,2024-04-04,2024,4,4,1.5,-1.7,-0.1,16.3,7,59,,,,,,,,,,
-73.74,45.47,PETI,2024-04-05,2024,4,5,5.3,0.9,3.1,5.6,4,34,,,,,,,,,,
-73.74,45.47,PETI,2024-04-06,2024,4,6,8,1.6,4.8,0.3,0,38,,,,,,,,,,
-73.74,45.47,PETI,2024-04-07,2024,4,7,11.8,-1.6,5.1,0.7,0,0,,,,,,,,,,
-73.74,45.47,PETI,2024-04-08,2024,4,8,18,3.2,10.6,1.2,0,31,,,,,,,,,,
-73.74,45.47,PETI,2024-04-09,2024,4,9,18.1,4.2,11.1,0.9,0,31,,,,,,,,,,
-73.74,45.47,PETI,2024-04-10,2024,4,10,18.3,5.4,11.8,0,0,33,,,,,,,,,,
-73.74,45.47,PETI,2024-04-11,2024,4,11,13.2,7.7,10.4,12.1,0,42,,,,,,,,,,
-73.74,45.47,PETI,2024-04-12,2024,4,12,22.2,9.3,15.7,15.1,0,61,,,,,,,,,,
-73.74,45.47,PETI,2024-04-13,2024,4,13,10.6,3.5,7,1.9,0,47,,,,,,,,,,
-73.74,45.47,PETI,2024-04-14,2024,4,14,11.3,2.8,7,1.4,0,35,,,,,,,,,,
-73.74,45.47,PETI,2024-04-15,2024,4,15,14.8,5.3,10,1.1,0,48,,,,,,,,,,
-73.74,45.47,PETI,2024-04-16,2024,4,16,12.2,3,7.6,0.6,0,39,,,,,,,,,,
-73.74,45.47,PETI,2024-04-17,2024,4,17,9.5,1.4,5.5,0,0,33,,,,,,,,,,
-73.74,45.47,PETI,2024-04-18,2024,4,18,11.1,5.5,8.3,5.3,0,46,,,,,,,,,,
-73.74,45.47,PETI,2024-04-19,2024,4,19,13,6.4,9.7,1.7,0,50,,,,,,,,,,
-73.74,45.47,PETI,2024-04-20,2024,4,20,10.9,4.4,7.7,0.4,0,39,,,,,,,,,,
-73.74,45.47,PETI,2024-04-21,2024,4,21,8.9,-0.2,4.3,0,0,50,,,,,,,,,,
-73.74,45.47,PETI,2024-04-22,2024,4,22,8.8,-2.9,2.9,0.4,0,39,,,,,,,,,,
-73.74,45.47,PETI,2024-04-23,2024,4,23,19.8,1.1,10.5,2.7,0,59,,,,,,,,,,
-73.74,45.47,PETI,2024-04-24,2024,4,24,10,-1.9,4,13.2,0,54,,,,,,,,,,
-73.74,45.47,PETI,2024-04-25,2024,4,25,8.7,-4.3,2.2,1,0,0,,,,,,,,,,
-73.74,45.47,PETI,2024-04-26,2024,4,26,13.9,-1,6.4,1.2,0,0,,,,,,,,,,
-73.74,45.47,PETI,2024-04-27,2024,4,27,19.9,5,12.5,0.6,0,41,,,,,,,,,,
-73.74,45.47,PETI,2024-04-28,2024,4,28,17.6,7.4,12.5,7.2,0,49,,,,,,,,,,
-73.74,45.47,PETI,2024-04-29,2024,4,29,13.6,5.5,9.6,0.2,0,36,,,,,,,,,,
-73.74,45.47,PETI,2024-04-30,2024,4,30,9,4.8,6.9,25.6,0,43,,,,,,,,,,
-73.74,45.47,PETI,2024-05-01,2024,5,1,15.4,5,10.2,0.4,0,0,,,,,,,,,,
-73.74,45.47,PETI,2024-05-02,2024,5,2,13.6,8.4,11,4.3,0,67,,,,,,,,,,
-73.74,45.47,PETI,2024-05-03,2024,5,3,19.7,8.8,14.2,0.2,0,31,,,,,,,,,,
-73.74,45.47,PETI,2024-05-04,2024,5,4,19.3,9.2,14.3,1,0,32,,,,,,,,,,
-73.74,45.47,PETI,2024-05-05,2024,5,5,14.2,10.1,12.1,11.5,0,47,,,,,,,,,,
-73.74,45.47,PETI,2024-05-06,2024,5,6,22.2,10.6,16.4,1.9,0,38,,,,,,,,,,
-73.74,45.47,PETI,2024-05-07,2024,5,7,21.6,7.4,14.5,1.4,0,36,,,,,,,,,,
-73.74,45.47,PETI,2024-05-08,2024,5,8,14.5,9,11.7,5.7,0,44,,,,,,,,,,
-73.74,45.47,PETI,2024-05-09,2024,5,9,15.1,7.1,11.1,0.9,0,39,,,,,,,,,,
-73.74,45.47,PETI,2024-05-10,2024,5,10,18,6.8,12.4,1.6,0,0,,,,,,,,,,
-73.74,45.47,PETI,2024-05-11,2024,5,11,19.7,5.9,12.8,0.5,0,0,,,,,,,,,,
-73.74,45.47,PETI,2024-05-12,2024,5,12,16.5,11.1,13.8,0.4,0,0,,,,,,,,,,
-73.74,45.47,PETI,2024-05-13,2024,5,13,19.7,10.9,15.3,0,0,33,,,,,,,,,,
-73.74,45.47,PETI,2024-05-14,2024,5,14,21.2,13.3,17.3,4.3,0,0,,,,,,,,,,
-73.74,45.47,PETI,2024-05-15,2024,5,15,21.3,12.2,16.7,2.3,0,0,,,,,,,,,,
-73.74,45.47,PETI,2024-05-16,2024,5,16,24.1,13.7,18.9,0.2,0,0,,,,,,,,,,
-73.74,45.47,PETI,2024-05-17,2024,5,17,26.1,14.5,20.3,0.6,0,0,,,,,,,,,,
-73.74,45.47,PETI,2024-05-18,2024,5,18,23.9,17.1,20.5,0.4,0,38,,,,,,,,,,
-73.74,45.47,PETI,2024-05-19,2024,5,19,26,14.9,20.4,0.4,0,0,,,,,,,,,,
-73.74,45.47,PETI,2024-05-20,2024,5,20,29.2,15,22.1,0.2,0,0,,,,,,,,,,
-73.74,45.47,PETI,2024-05-21,2024,5,21,26.8,16.9,21.8,4,0,67,,,,,,,,,,
-73.74,45.47,PETI,2024-05-22,2024,5,22,30.5,17.1,23.8,4.1,0,50,,,,,,,,,,
-73.74,45.47,PETI,2024-05-23,2024,5,23,25.3,18,21.7,1.7,0,48,,,,,,,,,,
-73.74,45.47,PETI,2024-05-24,2024,5,24,18.9,9.9,14.4,0,0,49,,,,,,,,,,
-73.74,45.47,PETI,2024-05-25,2024,5,25,21.2,7.8,14.5,0.6,0,0,,,,,,,,,,
-73.74,45.47,PETI,2024-05-26,2024,5,26,25,11.7,18.3,0.5,0,31,,,,,,,,,,
-73.74,45.47,PETI,2024-05-27,2024,5,27,25.3,18.3,21.8,22.9,0,64,,,,,,,,,,
-73.74,45.47,PETI,2024-05-28,2024,5,28,22.2,13.3,17.7,0.3,0,48,,,,,,,,,,
-73.74,45.47,PETI,2024-05-29,2024,5,29,19,10,14.5,0.8,0,32,,,,,,,,,,
-73.74,45.47,PETI,2024-05-30,2024,5,30,21.3,7.7,14.5,0.7,0,36,,,,,,,,,,
-73.74,45.47,PETI,2024-05-31,2024,5,31,24.4,10.4,17.4,0.9,0,40,,,,,,,,,,
-73.74,45.47,PETI,2024-06-01,2024,6,1,27.3,12.4,19.8,0.7,0,0,,,,,,,,,,
-73.74,45.47,PETI,2024-06-02,2024,6,2,27.6,13.4,20.5,1.7,0,0,,,,,,,,,,
-73.74,45.47,PETI,2024-06-03,2024,6,3,30.4,16.4,23.4,0.4,0,0,,,,,,,,,,
-73.74,45.47,PETI,2024-06-04,2024,6,4,30.8,15.7,23.3,1.3,0,0,,,,,,,,,,
-73.74,45.47,PETI,2024-06-05,2024,6,5,30.2,19.2,24.7,0.5,0,0,,,,,,,,,,
-73.74,45.47,PETI,2024-06-06,2024,6,6,26.9,16.1,21.5,20.2,0,53,,,,,,,,,,
-73.74,45.47,PETI,2024-06-07,2024,6,7,22.1,15.7,18.9,4.3,0,44,,,,,,,,,,
-73.74,45.47,PETI,2024-06-08,2024,6,8,21.8,15.2,18.5,4.8,0,53,,,,,,,,,,
-73.74,45.47,PETI,2024-06-09,2024,6,9,19.2,13.5,16.3,6,0,43,,,,,,,,,,
-73.74,45.47,PETI,2024-06-10,2024,6,10,17.7,12.8,15.2,2.2,0,37,,,,,,,,,,
-73.74,45.47,PETI,2024-06-11,2024,6,11,17.9,12.1,15,0,0,0,,,,,,,,,,
-73.74,45.47,PETI,2024-06-12,2024,6,12,20.4,12.9,16.7,0,0,0,,,,,,,,,,
-73.74,45.47,PETI,2024-06-13,2024,6,13,27.4,12.9,20.2,4.3,0,46,,,,,,,,,,
-73.74,45.47,PETI,2024-06-14,2024,6,14,24.6,12.2,18.4,0.4,0,40,,,,,,,,,,
-73.74,45.47,PETI,2024-06-15,2024,6,15,20.2,9.5,14.8,0.3,0,39,,,,,,,,,,
-73.74,45.47,PETI,2024-06-16,2024,6,16,22.6,9,15.8,0.6,0,0,,,,,,,,,,
-73.74,45.47,PETI,2024-06-17,2024,6,17,29.9,17.4,23.7,0.3,0,0,,,,,,,,,,
-73.74,45.47,PETI,2024-06-18,2024,6,18,32.5,20.9,26.7,0,0,0,,,,,,,,,,
-73.74,45.47,PETI,2024-06-19,2024,6,19,33.6,23.7,28.7,0.2,0,40,,,,,,,,,,
-73.74,45.47,PETI,2024-06-20,2024,6,20,32.3,22.1,27.2,1.3,0,41,,,,,,,,,,
-73.74,45.47,PETI,2024-06-21,2024,6,21,24.1,19,21.5,0,0,33,,,,,,,,,,
-73.74,45.47,PETI,2024-06-22,2024,6,22,24.4,17.6,21,0,0,0,,,,,,,,,,
-73.74,45.47,PETI,2024-06-23,2024,6,23,27.6,16,21.8,50.7,0,53,,,,,,,,,,
-73.74,45.47,PETI,2024-06-24,2024,6,24,25.8,15.2,20.5,5.9,0,47,,,,,,,,,,
-73.74,45.47,PETI,2024-06-25,2024,6,25,28.5,16.2,22.4,0.2,0,47,,,,,,,,,,
-73.74,45.47,PETI,2024-06-26,2024,6,26,27.5,17.1,22.3,11.4,0,41,,,,,,,,,,
-73.74,45.47,PETI,2024-06-27,2024,6,27,19.8,10.1,15,1.6,0,52,,,,,,,,,,
-73.74,45.47,PETI,2024-06-28,2024,6,28,23,8.5,15.7,0,0,0,,,,,,,,,,
-73.74,45.47,PETI,2024-06-29,2024,6,29,22.5,16.5,19.5,6.7,0,38,,,,,,,,,,
-73.74,45.47,PETI,2024-06-30,2024,6,30,26.8,17.5,22.2,0.5,0,48,,,,,,,,,,
-73.74,45.47,PETI,2024-07-01,2024,7,1,26,15.7,20.9,0.4,0,31,,,,,,,,,,
-73.74,45.47,PETI,2024-07-02,2024,7,2,28,15.6,21.8,0.7,0,0,,,,,,,,,,
-73.74,45.47,PETI,2024-07-03,2024,7,3,28.6,18.1,23.3,3.5,0,48,,,,,,,,,,
-73.74,45.47,PETI,2024-07-04,2024,7,4,29.1,21.8,25.4,0,0,32,,,,,,,,,,
-73.74,45.47,PETI,2024-07-05,2024,7,5,29.7,21,25.3,0,0,0,,,,,,,,,,
-73.74,45.47,PETI,2024-07-06,2024,7,6,27.3,18.9,23.1,1.9,0,37,,,,,,,,,,
-73.74,45.47,PETI,2024-07-07,2024,7,7,28.6,18.4,23.5,0.5,0,0,,,,,,,,,,
-73.74,45.47,PETI,2024-07-08,2024,7,8,29.7,21,25.3,0,0,0,,,,,,,,,,
-73.74,45.47,PETI,2024-07-09,2024,7,9,29.6,22.3,25.9,0,0,38,,,,,,,,,,
-73.74,45.47,PETI,2024-07-10,2024,7,10,26.1,19.4,22.8,77,0,43,,,,,,,,,,
-73.74,45.47,PETI,2024-07-11,2024,7,11,21.2,19.1,20.2,0,0,32,,,,,,,,,,
-73.74,45.47,PETI,2024-07-12,2024,7,12,26.9,19.5,23.2,0,0,0,,,,,,,,,,
-73.74,45.47,PETI,2024-07-13,2024,7,13,28.8,21.3,25,0,0,0,,,,,,,,,,
-73.74,45.47,PETI,2024-07-14,2024,7,14,29.4,20.7,25,0,0,31,,,,,,,,,,
-73.74,45.47,PETI,2024-07-15,2024,7,15,30.8,21.5,26.2,0,0,51,,,,,,,,,,
-73.74,45.47,PETI,2024-07-16,2024,7,16,28.8,20.8,24.8,0.5,0,0,,,,,,,,,,
-73.74,45.47,PETI,2024-07-17,2024,7,17,28,21.6,24.8,0,0,36,,,,,,,,,,
-73.74,45.47,PETI,2024-07-18,2024,7,18,23.9,17.4,20.7,0,0,43,,,,,,,,,,
-73.74,45.47,PETI,2024-07-19,2024,7,19,26,16.1,21,0,0,33,,,,,,,,,,
-73.74,45.47,PETI,2024-07-20,2024,7,20,27.6,17.7,22.7,3.2,0,44,,,,,,,,,,
-73.74,45.47,PETI,2024-07-21,2024,7,21,24.4,14.7,19.5,0,0,36,,,,,,,,,,
-73.74,45.47,PETI,2024-07-22,2024,7,22,27.1,13.8,20.4,0,0,0,,,,,,,,,,
-73.74,45.47,PETI,2024-07-23,2024,7,23,27.4,17.9,22.6,0,0,31,,,,,,,,,,
-73.74,45.47,PETI,2024-07-24,2024,7,24,27.4,18.5,22.9,11.9,0,72,,,,,,,,,,
-73.74,45.47,PETI,2024-07-25,2024,7,25,22.7,17.4,20.1,0.5,0,48,,,,,,,,,,
-73.74,45.47,PETI,2024-07-26,2024,7,26,27.4,16,21.7,0,0,40,,,,,,,,,,
-73.74,45.47,PETI,2024-07-27,2024,7,27,28.4,15.9,22.2,0,0,0,,,,,,,,,,
-73.74,45.47,PETI,2024-07-28,2024,7,28,28.4,19.1,23.8,0,0,0,,,,,,,,,,
-73.74,45.47,PETI,2024-07-29,2024,7,29,29.8,18.8,24.3,0,0,0,,,,,,,,,,
-73.74,45.47,PETI,2024-07-30,2024,7,30,30.2,21.6,25.9,0,0,0,,,,,,,,,,
-73.74,45.47,PETI,2024-07-31,2024,7,31,27.8,22.7,25.3,9,0,0,,,,,,,,,,
-73.74,45.47,PETI,2024-08-01,2024,8,1,31.2,22.4,26.8,0,0,0,,,,,,,,,,
-73.74,45.47,PETI,2024-08-02,2024,8,2,31.3,23.5,27.4,0,0,0,,,,,,,,,,
-73.74,45.47,PETI,2024-08-03,2024,8,3,31.1,23.7,27.4,0,0,35,,,,,,,,,,
-73.74,45.47,PETI,2024-08-04,2024,8,4,30.6,18.8,24.7,1,0,32,,,,,,,,,,
-73.74,45.47,PETI,2024-08-05,2024,8,5,22.4,14.5,18.4,4,0,0,,,,,,,,,,
-73.74,45.47,PETI,2024-08-06,2024,8,6,23.8,13.5,18.6,0.3,0,0,,,,,,,,,,
-73.74,45.47,PETI,2024-08-07,2024,8,7,25.5,12.9,19.2,0,0,0,,,,,,,,,,
-73.74,45.47,PETI,2024-08-08,2024,8,8,27.4,15.3,21.3,3.4,0,39,,,,,,,,,,
-73.74,45.47,PETI,2024-08-09,2024,8,9,22.2,18.1,20.1,150.2,0,78,,,,,,,,,,
-73.74,45.47,PETI,2024-08-10,2024,8,10,26.3,18.6,22.4,0.2,0,46,,,,,,,,,,
-73.74,45.47,PETI,2024-08-11,2024,8,11,24.3,16.6,20.4,0.9,0,41,,,,,,,,,,
-73.74,45.47,PETI,2024-08-12,2024,8,12,22.8,14.8,18.8,0,0,32,,,,,,,,,,
-73.74,45.47,PETI,2024-08-13,2024,8,13,27.8,16.2,22,0,0,32,,,,,,,,,,
-73.74,45.47,PETI,2024-08-14,2024,8,14,29.7,18.4,24,0,0,34,,,,,,,,,,
-73.74,45.47,PETI,2024-08-15,2024,8,15,27.8,19.4,23.6,0,0,0,,,,,,,,,,
-73.74,45.47,PETI,2024-08-16,2024,8,16,28.6,20.3,24.5,0,0,0,,,,,,,,,,
-73.74,45.47,PETI,2024-08-17,2024,8,17,27.3,21.2,24.3,0.6,0,39,,,,,,,,,,
-73.74,45.47,PETI,2024-08-18,2024,8,18,26.4,20.5,23.5,0.4,0,37,,,,,,,,,,
-73.74,45.47,PETI,2024-08-19,2024,8,19,23.3,11.6,17.4,20.4,0,44,,,,,,,,,,
-73.74,45.47,PETI,2024-08-20,2024,8,20,19.2,11.8,15.5,1.7,0,0,,,,,,,,,,
-73.74,45.47,PETI,2024-08-21,2024,8,21,15.5,12.9,14.2,21.2,0,32,,,,,,,,,,
-73.74,45.47,PETI,2024-08-22,2024,8,22,20.1,13.7,16.9,0.6,0,0,,,,,,,,,,
-73.74,45.47,PETI,2024-08-23,2024,8,23,25.3,14.1,19.7,0,0,31,,,,,,,,,,
-73.74,45.47,PETI,2024-08-24,2024,8,24,25.7,17,21.4,0,0,0,,,,,,,,,,
-73.74,45.47,PETI,2024-08-25,2024,8,25,25.6,17.4,21.5,1.2,0,0,,,,,,,,,,
-73.74,45.47,PETI,2024-08-26,2024,8,26,27.3,16.3,21.8,0,0,0,,,,,,,,,,
-73.74,45.47,PETI,2024-08-27,2024,8,27,28.1,19.6,23.9,6.3,0,43,,,,,,,,,,
-73.74,45.47,PETI,2024-08-28,2024,8,28,22.2,13.9,18.1,0.2,0,45,,,,,,,,,,
-73.74,45.47,PETI,2024-08-29,2024,8,29,22.3,11.3,16.8,0,0,0,,,,,,,,,,
-73.74,45.47,PETI,2024-08-30,2024,8,30,25.3,13,19.2,0,0,35,,,,,,,,,,
-73.74,45.47,PETI,2024-08-31,2024,8,31,21.7,18.3,20,9.5,0,0,,,,,,,,,,
-73.74,45.47,PETI,2024-09-01,2024,9,1,26.9,11.1,19,6.6,0,55,,,,,,,,,,
-73.74,45.47,PETI,2024-09-02,2024,9,2,17.3,10.2,13.7,0.2,0,38,,,,,,,,,,
-73.74,45.47,PETI,2024-09-03,2024,9,3,22.3,9,15.7,0,0,34,,,,,,,,,,
-73.74,45.47,PETI,2024-09-04,2024,9,4,24.5,15,19.8,0,0,0,,,,,,,,,,
-73.74,45.47,PETI,2024-09-05,2024,9,5,26.3,15.2,20.7,0,0,0,,,,,,,,,,
-73.74,45.47,PETI,2024-09-06,2024,9,6,24.6,15.7,20.1,0,0,33,,,,,,,,,,
-73.74,45.47,PETI,2024-09-07,2024,9,7,22,9.8,15.9,16.4,0,52,,,,,,,,,,
-73.74,45.47,PETI,2024-09-08,2024,9,8,13.6,7.4,10.5,0,0,47,,,,,,,,,,
-73.74,45.47,PETI,2024-09-09,2024,9,9,21.1,10.3,15.7,0,0,38,,,,,,,,,,
-73.74,45.47,PETI,2024-09-10,2024,9,10,20.4,7,13.7,0,0,38,,,,,,,,,,
-73.74,45.47,PETI,2024-09-11,2024,9,11,23.5,12.7,18.1,0,0,0,,,,,,,,,,
-73.74,45.47,PETI,2024-09-12,2024,9,12,24.6,15.6,20.1,0,0,0,,,,,,,,,,
-73.74,45.47,PETI,2024-09-13,2024,9,13,26.9,13.9,20.4,0,0,0,,,,,,,,,,
-73.74,45.47,PETI,2024-09-14,2024,9,14,27.5,15.4,21.5,0,0,0,,,,,,,,,,
-73.74,45.47,PETI,2024-09-15,2024,9,15,27.8,15.6,21.7,0,0,0,,,,,,,,,,
-73.74,45.47,PETI,2024-09-16,2024,9,16,28.1,16.8,22.4,0,0,0,,,,,,,,,,
-73.74,45.47,PETI,2024-09-17,2024,9,17,28.5,17.6,23.1,0,0,0,,,,,,,,,,
-73.74,45.47,PETI,2024-09-18,2024,9,18,27.8,15.7,21.7,0,0,0,,,,,,,,,,
-73.74,45.47,PETI,2024-09-19,2024,9,19,27.2,16,21.6,0,0,0,,,,,,,,,,
-73.74,45.47,PETI,2024-09-20,2024,9,20,25.7,15,20.3,0,0,31,,,,,,,,,,
-73.74,45.47,PETI,2024-09-21,2024,9,21,23.3,15.7,19.5,0,0,0,,,,,,,,,,
-73.74,45.47,PETI,2024-09-22,2024,9,22,23.1,13,18.1,0.2,0,32,,,,,,,,,,
-73.74,45.47,PETI,2024-09-23,2024,9,23,17,13.7,15.3,8.6,0,39,,,,,,,,,,
-73.74,45.47,PETI,2024-09-24,2024,9,24,21.2,14.6,17.9,0.5,0,34,,,,,,,,,,
-73.74,45.47,PETI,2024-09-25,2024,9,25,16,13,14.5,10.4,0,42,,,,,,,,,,
-73.74,45.47,PETI,2024-09-26,2024,9,26,22.3,14.5,18.4,7.6,0,39,,,,,,,,,,
-73.74,45.47,PETI,2024-09-27,2024,9,27,20.7,12.5,16.6,0,0,0,,,,,,,,,,
-73.74,45.47,PETI,2024-09-28,2024,9,28,21.6,11.2,16.4,0,0,0,,,,,,,,,,
-73.74,45.47,PETI,2024-09-29,2024,9,29,21.4,12.3,16.9,0.2,0,0,,,,,,,,,,
-73.74,45.47,PETI,2024-09-30,2024,9,30,22.3,13.2,17.8,0.2,0,0,,,,,,,,,,
-73.74,45.47,PETI,2024-10-01,2024,10,1,23.1,10.9,17,0,0,36,,,,,,,,,,
-73.74,45.47,PETI,2024-10-02,2024,10,2,19.9,11.4,15.7,2.8,0,34,,,,,,,,,,
-73.74,45.47,PETI,2024-10-03,2024,10,3,,,,0,0,0,,,,,,,,,,
-73.74,45.47,PETI,2024-10-04,2024,10,4,22.7,11.5,17.1,0,0,36,,,,,,,,,,
-73.74,45.47,PETI,2024-10-05,2024,10,5,19.1,8.8,13.9,1,0,0,,,,,,,,,,
-73.74,45.47,PETI,2024-10-06,2024,10,6,19.1,7.1,13.1,1.4,0,41,,,,,,,,,,
-73.74,45.47,PETI,2024-10-07,2024,10,7,17.5,6.4,12,3.8,0,38,,,,,,,,,,
-73.74,45.47,PETI,2024-10-08,2024,10,8,14.4,4.5,9.4,2,0,0,,,,,,,,,,
-73.74,45.47,PETI,2024-10-09,2024,10,9,13,6.4,9.7,2.1,0,34,,,,,,,,,,
-73.74,45.47,PETI,2024-10-10,2024,10,10,12.2,7.1,9.6,1,0,38,,,,,,,,,,
-73.74,45.47,PETI,2024-10-11,2024,10,11,16,8.6,12.3,1.3,0,47,,,,,,,,,,
-73.74,45.47,PETI,2024-10-12,2024,10,12,15.7,4.1,9.9,2.9,0,60,,,,,,,,,,
-73.74,45.47,PETI,2024-10-13,2024,10,13,10.7,4.4,7.5,2.6,0,0,,,,,,,,,,
-73.74,45.47,PETI,2024-10-14,2024,10,14,7.7,4.1,5.9,3.2,0,38,,,,,,,,,,
-73.74,45.47,PETI,2024-10-15,2024,10,15,10.2,3.9,7,1.8,0,50,,,,,,,,,,
-73.74,45.47,PETI,2024-10-16,2024,10,16,10.4,3,6.7,3,0,35,,,,,,,,,,
-73.74,45.47,PETI,2024-10-17,2024,10,17,13.3,0,6.7,3.6,0,0,,,,,,,,,,
-73.74,45.47,PETI,2024-10-18,2024,10,18,16.6,4,10.3,3.9,0,0,,,,,,,,,,
-73.74,45.47,PETI,2024-10-19,2024,10,19,18.4,6.7,12.5,3.1,0,0,,,,,,,,,,
-73.74,45.47,PETI,2024-10-20,2024,10,20,20.2,7.8,14,3.6,0,37,,,,,,,,,,
-73.74,45.47,PETI,2024-10-21,2024,10,21,23.1,11.5,17.3,2.2,0,31,,,,,,,,,,
-73.74,45.47,PETI,2024-10-22,2024,10,22,22,10.8,16.4,3.1,0,0,,,,,,,,,,
-73.74,45.47,PETI,2024-10-23,2024,10,23,,,,0,0,0,,,,,,,,,,
-73.74,45.47,PETI,2024-10-24,2024,10,24,12.4,2.6,7.5,0,0,0,,,,,,,,,,
-73.74,45.47,PETI,2024-10-25,2024,10,25,,,,0,0,0,,,,,,,,,,
-73.74,45.47,PETI,2024-10-26,2024,10,26,11.9,2.6,7.2,0,0,55,,,,,,,,,,
-73.74,45.47,PETI,2024-10-27,2024,10,27,8.1,-2.7,2.7,0,0,49,,,,,,,,,,
-73.74,45.47,PETI,2024-10-28,2024,10,28,6.9,-4.4,1.2,0,0,0,,,,,,,,,,
-73.74,45.47,PETI,2024-10-29,2024,10,29,12.2,2.3,7.3,6,0,34,,,,,,,,,,
-73.74,45.47,PETI,2024-10-30,2024,10,30,22.6,10.1,16.4,0,0,33,,,,,,,,,,
-73.74,45.47,PETI,2024-10-31,2024,10,31,24.3,18.5,21.4,0,0,53,,,,,,,,,,
-73.74,45.47,PETI,2024-11-01,2024,11,1,19.2,4.2,11.7,0,0,60,,,,,,,,,,
-73.74,45.47,PETI,2024-11-02,2024,11,2,4.8,-2.1,1.3,0,0,0,,,,,,,,,,
-73.74,45.47,PETI,2024-11-03,2024,11,3,5.6,-5.2,0.2,0,0,0,,,,,,,,,,
-73.74,45.47,PETI,2024-11-04,2024,11,4,8.2,2.5,5.4,5.3,0,34,,,,,,,,,,
-73.74,45.47,PETI,2024-11-05,2024,11,5,18.3,7.6,12.9,0.2,0,0,,,,,,,,,,
-73.74,45.47,PETI,2024-11-06,2024,11,6,21.7,11,16.4,0,0,57,,,,,,,,,,
-73.74,45.47,PETI,2024-11-07,2024,11,7,11.2,6.6,8.9,0,0,36,,,,,,,,,,
-73.74,45.47,PETI,2024-11-08,2024,11,8,12,3.8,7.9,0.7,0,71,,,,,,,,,,
-73.74,45.47,PETI,2024-11-09,2024,11,9,8.2,1.6,4.9,0,0,36,,,,,,,,,,
-73.74,45.47,PETI,2024-11-10,2024,11,10,9.9,0.7,5.3,0,0,0,,,,,,,,,,
-73.74,45.47,PETI,2024-11-11,2024,11,11,13.3,5.8,9.6,18.2,0,47,,,,,,,,,,
-73.74,45.47,PETI,2024-11-12,2024,11,12,6.7,-1.4,2.6,0,0,45,,,,,,,,,,
-73.74,45.47,PETI,2024-11-13,2024,11,13,3.5,-2.6,0.5,0,0,0,,,,,,,,,,
-73.74,45.47,PETI,2024-11-14,2024,11,14,4.4,-2.8,0.8,0,0,0,,,,,,,,,,
-73.74,45.47,PETI,2024-11-15,2024,11,15,9.6,-2.8,3.4,0,0,0,,,,,,,,,,
-73.74,45.47,PETI,2024-11-16,2024,11,16,14.3,1.3,7.8,0,0,34,,,,,,,,,,
-73.74,45.47,PETI,2024-11-17,2024,11,17,8.3,-2.1,3.1,0,0,0,,,,,,,,,,
-73.74,45.47,PETI,2024-11-18,2024,11,18,10.7,1.1,5.9,0.8,0,0,,,,,,,,,,
-73.74,45.47,PETI,2024-11-19,2024,11,19,10.9,0.9,5.9,0,0,0,,,,,,,,,,
-73.74,45.47,PETI,2024-11-20,2024,11,20,8,3.7,5.9,0,0,35,,,,,,,,,,
-73.74,45.47,PETI,2024-11-21,2024,11,21,8.1,5.4,6.8,1.7,0,44,,,,,,,,,,
-73.74,45.47,PETI,2024-11-22,2024,11,22,7.7,3.7,5.7,4.1,0,57,,,,,,,,,,
-73.74,45.47,PETI,2024-11-23,2024,11,23,7.3,4,5.7,0,0,36,,,,,,,,,,
-73.74,45.47,PETI,2024-11-24,2024,11,24,5.3,-0.1,2.6,0,0,58,,,,,,,,,,
-73.74,45.47,PETI,2024-11-25,2024,11,25,4.3,-1.5,1.4,0,0,32,,,,,,,,,,
-73.74,45.47,PETI,2024-11-26,2024,11,26,5.1,-1,2.1,5.7,0,35,,,,,,,,,,
-73.74,45.47,PETI,2024-11-27,2024,11,27,5.7,2,3.9,0,0,48,,,,,,,,,,
-73.74,45.47,PETI,2024-11-28,2024,11,28,3.4,0.6,2,4.2,0,0,,,,,,,,,,
-73.74,45.47,PETI,2024-11-29,2024,11,29,3.6,-1.8,0.9,0,0,42,,,,,,,,,,
-73.74,45.47,PETI,2024-11-30,2024,11,30,2.3,-0.9,0.7,0.2,0,41,,,,,,,,,,
-73.74,45.47,PETI,2024-12-01,2024,12,1,0.5,-3.2,-1.4,0,0,38,,,,,,,,,,
-73.74,45.47,PETI,2024-12-02,2024,12,2,-0.5,-4.9,-2.7,0.2,0,0,,,,,,,,,,
-73.74,45.47,PETI,2024-12-03,2024,12,3,0.1,-5.2,-2.6,0.2,0,0,,,,,,,,,,
-73.74,45.47,PETI,2024-12-04,2024,12,4,-0.2,-6.2,-3.2,1.8,0,46,,,,,,,,,,
-73.74,45.47,PETI,2024-12-05,2024,12,5,1.4,-4.2,-1.4,1.9,1,53,,,,,,,,,,
-73.74,45.47,PETI,2024-12-06,2024,12,6,-4.1,-8.4,-6.2,0.2,1,53,,,,,,,,,,
-73.74,45.47,PETI,2024-12-07,2024,12,7,-2.5,-8.3,-5.4,2.4,1,0,,,,,,,,,,
-73.74,45.47,PETI,2024-12-08,2024,12,8,3,-3.5,-0.3,5.4,11,42,,,,,,,,,,
-73.74,45.47,PETI,2024-12-09,2024,12,9,-3.2,-7.1,-5.2,2.7,9,43,,,,,,,,,,
-73.74,45.47,PETI,2024-12-10,2024,12,10,3.4,-3.2,0.1,9.7,9,31,,,,,,,,,,
-73.74,45.47,PETI,2024-12-11,2024,12,11,5.9,1.1,3.5,26.4,5,42,,,,,,,,,,
-73.74,45.47,PETI,2024-12-12,2024,12,12,1.9,-7.2,-2.6,0,0,63,,,,,,,,,,
-73.74,45.47,PETI,2024-12-13,2024,12,13,-3.9,-8.1,-6,0,1,40,,,,,,,,,,
-73.74,45.47,PETI,2024-12-14,2024,12,14,-5.7,-11.5,-8.6,0,1,0,,,,,,,,,,
-73.74,45.47,PETI,2024-12-15,2024,12,15,-5.8,-12.7,-9.3,0,1,0,,,,,,,,,,
-73.74,45.47,PETI,2024-12-16,2024,12,16,5.6,-6.7,-0.5,0.5,1,44,,,,,,,,,,
-73.74,45.47,PETI,2024-12-17,2024,12,17,8.3,2.9,5.6,6,0,49,,,,,,,,,,
-73.74,45.47,PETI,2024-12-18,2024,12,18,3.7,0.5,2.1,4,0,0,,,,,,,,,,
-73.74,45.47,PETI,2024-12-19,2024,12,19,0.9,-9.3,-4.2,0.2,0,36,,,,,,,,,,
-73.74,45.47,PETI,2024-12-20,2024,12,20,-6.7,-10.7,-8.7,0.2,0,32,,,,,,,,,,
-73.74,45.47,PETI,2024-12-21,2024,12,21,-8,-16.2,-12.1,0.2,0,37,,,,,,,,,,
-73.74,45.47,PETI,2024-12-22,2024,12,22,-11.2,-16.9,-14,0.2,0,0,,,,,,,,,,
-73.74,45.47,PETI,2024-12-23,2024,12,23,-6.9,-16,-11.4,5.2,0,0,,,,,,,,,,
-73.74,45.47,PETI,2024-12-24,2024,12,24,-6.4,-11.4,-8.9,4.9,8,0,,,,,,,,,,
-73.74,45.47,PETI,2024-12-25,2024,12,25,-5.4,-15.8,-10.6,0,8,0,,,,,,,,,,
-73.74,45.47,PETI,2024-12-26,2024,12,26,-7.5,-17.8,-12.7,0.2,7,0,,,,,,,,,,
-73.74,45.47,PETI,2024-12-27,2024,12,27,-6.3,-14.8,-10.5,0,7,0,,,,,,,,,,
-73.74,45.47,PETI,2024-12-28,2024,12,28,-2.3,-8.7,-5.5,0,7,0,,,,,,,,,,
-73.74,45.47,PETI,2024-12-29,2024,12,29,7.9,-3.1,2.4,5.3,6,0,,,,,,,,,,
-73.74,45.47,PETI,2024-12-30,2024,12,30,11.4,3.2,7.3,5.6,0,45,,,,,,,,,,
-73.74,45.47,PETI,2024-12-31,2024,12,31,6.3,1.8,4.1,0,0,39,,,,,,,,,,
-73.93,45.43,SADB_1,2025-01-01,2025,1,1,1.7,0.3,1,6,0,0,,,,,,,,,,
-73.93,45.43,SADB_1,2025-01-02,2025,1,2,0.6,-3.9,-1.6,0,0,0,,,,,,,,,,
-73.93,45.43,SADB_1,2025-01-03,2025,1,3,-3.7,-10,-6.8,0,0,0,,,,,,,,,,
-73.93,45.43,SADB_1,2025-01-04,2025,1,4,-9.4,-12.5,-11,0,0,0,,,,,,,,,,
-73.93,45.43,SADB_1,2025-01-05,2025,1,5,-9.8,-13.7,-11.7,0,0,0,,,,,,,,,,
-73.93,45.43,SADB_1,2025-01-06,2025,1,6,-9.5,-15.5,-12.5,0,0,0,,,,,,,,,,
-73.93,45.43,SADB_1,2025-01-07,2025,1,7,-6.3,-11.8,-9.1,0,2,0,,,,,,,,,,
-73.93,45.43,SADB_1,2025-01-08,2025,1,8,-11.2,-14.4,-12.8,0,3,0,,,,,,,,,,
-73.93,45.43,SADB_1,2025-01-09,2025,1,9,-6.1,-12.2,-9.1,0,10,0,,,,,,,,,,
-73.93,45.43,SADB_1,2025-01-10,2025,1,10,-6.2,-11.6,-8.9,0,9,0,,,,,,,,,,
-73.93,45.43,SADB_1,2025-01-11,2025,1,11,-5.4,-8,-6.7,0,9,0,,,,,,,,,,
-73.93,45.43,SADB_1,2025-01-12,2025,1,12,-3.9,-10.5,-7.2,0,9,0,,,,,,,,,,
-73.93,45.43,SADB_1,2025-01-13,2025,1,13,-1.3,-5.9,-3.6,0,9,0,,,,,,,,,,
-73.93,45.43,SADB_1,2025-01-14,2025,1,14,-2.1,-8.1,-5.1,0,13,0,,,,,,,,,,
-73.93,45.43,SADB_1,2025-01-15,2025,1,15,-5.8,-12.5,-9.1,0,9,0,,,,,,,,,,
-73.93,45.43,SADB_1,2025-01-16,2025,1,16,-4,-10.8,-7.4,0,8,0,,,,,,,,,,
-73.93,45.43,SADB_1,2025-01-17,2025,1,17,-0.3,-9.1,-4.7,0,8,0,,,,,,,,,,
-73.93,45.43,SADB_1,2025-01-18,2025,1,18,3.2,-2.7,0.3,0,8,0,,,,,,,,,,
-73.93,45.43,SADB_1,2025-01-19,2025,1,19,-2.7,-12.4,-7.6,0,5,0,,,,,,,,,,
-73.93,45.43,SADB_1,2025-01-20,2025,1,20,-11.7,-19.3,-15.5,0,5,0,,,,,,,,,,
-73.93,45.43,SADB_1,2025-01-21,2025,1,21,-11.2,-18,-14.6,0,5,0,,,,,,,,,,
-73.93,45.43,SADB_1,2025-01-22,2025,1,22,-10,-18.8,-14.4,0,5,0,,,,,,,,,,
-73.93,45.43,SADB_1,2025-01-23,2025,1,23,-6,-10.7,-8.3,0,6,0,,,,,,,,,,
-73.93,45.43,SADB_1,2025-01-24,2025,1,24,-8,-19.1,-13.6,0,9,0,,,,,,,,,,
-73.93,45.43,SADB_1,2025-01-25,2025,1,25,-3.8,-23,-13.4,0,8,0,,,,,,,,,,
-73.93,45.43,SADB_1,2025-01-26,2025,1,26,0,-6.8,-3.4,0,13,0,,,,,,,,,,
-73.93,45.43,SADB_1,2025-01-27,2025,1,27,1.8,-5,-1.6,0,8,0,,,,,,,,,,
-73.93,45.43,SADB_1,2025-01-28,2025,1,28,-1.4,-15.7,-8.5,0,11,0,,,,,,,,,,
-73.93,45.43,SADB_1,2025-01-29,2025,1,29,-8.1,-15.1,-11.6,0,12,0,,,,,,,,,,
-73.93,45.43,SADB_1,2025-01-30,2025,1,30,-10.8,-20.1,-15.5,0,14,0,,,,,,,,,,
-73.93,45.43,SADB_1,2025-01-31,2025,1,31,-1.9,-12,-6.9,0,14,0,,,,,,,,,,
-73.93,45.43,SADB_1,2025-02-01,2025,2,1,-8.1,-20.4,-14.3,0,13,0,,,,,,,,,,
-73.93,45.43,SADB_1,2025-02-02,2025,2,2,-11.4,-25.5,-18.4,0,13,0,,,,,,,,,,
-73.93,45.43,SADB_1,2025-02-03,2025,2,3,-0.2,-12.7,-6.5,0,15,0,,,,,,,,,,
-73.93,45.43,SADB_1,2025-02-04,2025,2,4,-4,-14.3,-9.1,0,20,0,,,,,,,,,,
-73.93,45.43,SADB_1,2025-02-05,2025,2,5,-13.1,-21,-17,0,19,0,,,,,,,,,,
-73.93,45.43,SADB_1,2025-02-06,2025,2,6,0.4,-20.9,-10.3,0,19,0,,,,,,,,,,
-73.93,45.43,SADB_1,2025-02-07,2025,2,7,0.5,-9.4,-4.4,0,24,0,,,,,,,,,,
-73.93,45.43,SADB_1,2025-02-08,2025,2,8,-5.3,-12.5,-8.9,0,23,0,,,,,,,,,,
-73.93,45.43,SADB_1,2025-02-09,2025,2,9,-3.2,-9.6,-6.4,0,24,0,,,,,,,,,,
-73.93,45.43,SADB_1,2025-02-10,2025,2,10,-6.3,-11.6,-9,0,24,0,,,,,,,,,,
-73.93,45.43,SADB_1,2025-02-11,2025,2,11,-3.6,-15.3,-9.5,0,23,0,,,,,,,,,,
-73.93,45.43,SADB_1,2025-02-12,2025,2,12,,,,0,22,0,,,,,,,,,,
-73.93,45.43,SADB_1,2025-02-13,2025,2,13,-3.2,-12,-7.6,0,26,0,,,,,,,,,,
-73.93,45.43,SADB_1,2025-02-14,2025,2,14,-7,-15.7,-11.3,0,30,0,,,,,,,,,,
-73.93,45.43,SADB_1,2025-02-15,2025,2,15,-7.8,-16.7,-12.2,0.7,32,0,,,,,,,,,,
-73.93,45.43,SADB_1,2025-02-16,2025,2,16,-9.2,-10.6,-9.9,13.6,32,0,,,,,,,,,,
-73.93,45.43,SADB_1,2025-02-17,2025,2,17,-9.6,-14.4,-12,0.8,54,0,,,,,,,,,,
-73.93,45.43,SADB_1,2025-02-18,2025,2,18,-12.8,-15.7,-14.2,0,40,0,,,,,,,,,,
-73.93,45.43,SADB_1,2025-02-19,2025,2,19,-11,-18,-14.5,0.2,50,0,,,,,,,,,,
-73.93,45.43,SADB_1,2025-02-20,2025,2,20,-6.9,-17.9,-12.4,0,50,0,,,,,,,,,,
-73.93,45.43,SADB_1,2025-02-21,2025,2,21,-7.7,-12.4,-10,0,50,0,,,,,,,,,,
-73.93,45.43,SADB_1,2025-02-22,2025,2,22,-2,-15,-8.5,0,49,0,,,,,,,,,,
-73.93,45.43,SADB_1,2025-02-23,2025,2,23,-1,-6.2,-3.6,0.2,50,0,,,,,,,,,,
-73.93,45.43,SADB_1,2025-02-24,2025,2,24,7.8,-6.2,0.8,0,49,0,,,,,,,,,,
-73.93,45.43,SADB_1,2025-02-25,2025,2,25,6.2,1.8,4,2.9,42,0,,,,,,,,,,
-73.93,45.43,SADB_1,2025-02-26,2025,2,26,2,-6.6,-2.3,0,38,0,,,,,,,,,,
-73.93,45.43,SADB_1,2025-02-27,2025,2,27,1.9,-8,-3,4.6,36,0,,,,,,,,,,
-73.93,45.43,SADB_1,2025-02-28,2025,2,28,1.9,-11.2,-4.6,3.8,41,0,,,,,,,,,,
-73.93,45.43,SADB_1,2025-03-01,2025,3,1,-1.8,-14.5,-8.1,4.7,46,0,,,,,,,,,,
-73.93,45.43,SADB_1,2025-03-02,2025,3,2,-13.7,-21.7,-17.7,0,45,0,,,,,,,,,,
-73.93,45.43,SADB_1,2025-03-03,2025,3,3,-5.2,-26.1,-15.6,0,39,0,,,,,,,,,,
-73.93,45.43,SADB_1,2025-03-04,2025,3,4,3.1,-6.6,-1.7,5.4,39,0,,,,,,,,,,
-73.93,45.43,SADB_1,2025-03-05,2025,3,5,8.7,0.5,4.6,4.4,43,0,,,,,,,,,,
-73.93,45.43,SADB_1,2025-03-06,2025,3,6,7.5,-7.4,0.1,0.9,32,0,,,,,,,,,,
-73.93,45.43,SADB_1,2025-03-07,2025,3,7,0.1,-8.1,-4,0.2,28,0,,,,,,,,,,
-73.93,45.43,SADB_1,2025-03-08,2025,3,8,-2.1,-7.3,-4.7,0,28,0,,,,,,,,,,
-73.93,45.43,SADB_1,2025-03-09,2025,3,9,2,-6.5,-2.3,1.4,28,0,,,,,,,,,,
-73.93,45.43,SADB_1,2025-03-10,2025,3,10,3.4,-4.8,-0.7,0.6,31,0,,,,,,,,,,
-73.93,45.43,SADB_1,2025-03-11,2025,3,11,12.7,-4.3,4.2,0,29,0,,,,,,,,,,
-73.93,45.43,SADB_1,2025-03-12,2025,3,12,-2.3,-10.6,-6.5,0,24,0,,,,,,,,,,
-73.93,45.43,SADB_1,2025-03-13,2025,3,13,6,-10.6,-2.3,0,24,0,,,,,,,,,,
-73.93,45.43,SADB_1,2025-03-14,2025,3,14,10.2,-8.4,0.9,0,24,0,,,,,,,,,,
-73.93,45.43,SADB_1,2025-03-15,2025,3,15,15.7,-0.7,7.5,0.3,22,0,,,,,,,,,,
-73.93,45.43,SADB_1,2025-03-16,2025,3,16,15.9,6.4,11.2,4.7,17,0,,,,,,,,,,
-73.93,45.43,SADB_1,2025-03-17,2025,3,17,9.1,-2.5,3.3,0,2,0,,,,,,,,,,
-73.93,45.43,SADB_1,2025-03-18,2025,3,18,6.4,-6.3,0.1,0.2,0,0,,,,,,,,,,
-73.93,45.43,SADB_1,2025-03-19,2025,3,19,15.1,-0.9,7.1,0,0,0,,,,,,,,,,
-73.93,45.43,SADB_1,2025-03-20,2025,3,20,18.7,6.2,12.5,0,0,0,,,,,,,,,,
-73.93,45.43,SADB_1,2025-03-21,2025,3,21,6.5,-2.1,2.2,0,0,0,,,,,,,,,,
-73.93,45.43,SADB_1,2025-03-22,2025,3,22,11.9,-7.5,2.2,0.5,0,0,,,,,,,,,,
-73.93,45.43,SADB_1,2025-03-23,2025,3,23,-1.2,-9.8,-5.5,0,0,0,,,,,,,,,,
-73.93,45.43,SADB_1,2025-03-24,2025,3,24,3.8,-4.2,-0.2,6.2,0,0,,,,,,,,,,
-73.93,45.43,SADB_1,2025-03-25,2025,3,25,3.8,0.5,2.1,1,0,0,,,,,,,,,,
-73.93,45.43,SADB_1,2025-03-26,2025,3,26,4,-0.8,1.6,0.5,0,0,,,,,,,,,,
-73.93,45.43,SADB_1,2025-03-27,2025,3,27,7.5,-2,2.8,0,0,0,,,,,,,,,,
-73.93,45.43,SADB_1,2025-03-28,2025,3,28,3.3,-4.8,-0.8,1.9,0,0,,,,,,,,,,
-73.93,45.43,SADB_1,2025-03-29,2025,3,29,1.5,-5.4,-2,1.7,9,0,,,,,,,,,,
-73.93,45.43,SADB_1,2025-03-30,2025,3,30,1,-1.8,-0.4,16.9,6,0,,,,,,,,,,
-73.93,45.43,SADB_1,2025-03-31,2025,3,31,11.8,0.5,6.1,4.8,3,0,,,,,,,,,,
-73.93,45.43,SADB_1,2025-04-01,2025,4,1,2.3,-5.6,-1.6,0,0,0,,,,,,,,,,
-73.93,45.43,SADB_1,2025-04-02,2025,4,2,,,,0,0,0,,,,,,,,,,
-73.93,45.43,SADB_1,2025-04-03,2025,4,3,19.5,0.9,10.2,23.1,0,0,,,,,,,,,,
-73.93,45.43,SADB_1,2025-04-04,2025,4,4,10.8,1.8,6.3,0,0,0,,,,,,,,,,
-73.93,45.43,SADB_1,2025-04-05,2025,4,5,6.8,1.8,4.3,11,0,0,,,,,,,,,,
-73.93,45.43,SADB_1,2025-04-06,2025,4,6,8.7,-1.1,3.8,0.2,0,0,,,,,,,,,,
-73.93,45.43,SADB_1,2025-04-07,2025,4,7,7.7,-3.3,2.2,0,0,0,,,,,,,,,,
-73.93,45.43,SADB_1,2025-04-08,2025,4,8,3.7,-5.4,-0.9,5.5,0,0,,,,,,,,,,
-73.93,45.43,SADB_1,2025-04-09,2025,4,9,1.9,-7.9,-3,0,4,0,,,,,,,,,,
-73.93,45.43,SADB_1,2025-04-10,2025,4,10,7.4,-3.2,2.1,0,0,0,,,,,,,,,,
-73.93,45.43,SADB_1,2025-04-11,2025,4,11,7.6,2.5,5,2.8,0,0,,,,,,,,,,
-73.93,45.43,SADB_1,2025-04-12,2025,4,12,10.6,1.9,6.2,0,0,0,,,,,,,,,,
-73.93,45.43,SADB_1,2025-04-13,2025,4,13,14.8,3.8,9.3,0,0,0,,,,,,,,,,
-73.93,45.43,SADB_1,2025-04-14,2025,4,14,16.1,-0.7,7.7,0,0,0,,,,,,,,,,
-73.93,45.43,SADB_1,2025-04-15,2025,4,15,15,3.6,9.3,1.5,0,0,,,,,,,,,,
-73.93,45.43,SADB_1,2025-04-16,2025,4,16,3.7,-0.6,1.5,1.1,0,0,,,,,,,,,,
-73.93,45.43,SADB_1,2025-04-17,2025,4,17,9.5,0,4.8,0,0,0,,,,,,,,,,
-73.93,45.43,SADB_1,2025-04-18,2025,4,18,14.1,-1.7,6.2,0.7,0,0,,,,,,,,,,
-73.93,45.43,SADB_1,2025-04-19,2025,4,19,20.6,6.5,13.5,8.7,0,0,,,,,,,,,,
-73.93,45.43,SADB_1,2025-04-20,2025,4,20,10.3,-0.2,5.1,0,0,0,,,,,,,,,,
-73.93,45.43,SADB_1,2025-04-21,2025,4,21,12.7,-1.7,5.5,6.1,0,0,,,,,,,,,,
-73.93,45.43,SADB_1,2025-04-22,2025,4,22,11.2,6.3,8.7,0,0,0,,,,,,,,,,
-73.93,45.43,SADB_1,2025-04-23,2025,4,23,14.8,3.2,9,0,0,0,,,,,,,,,,
-73.93,45.43,SADB_1,2025-04-24,2025,4,24,18.2,0.4,9.3,0,0,0,,,,,,,,,,
-73.93,45.43,SADB_1,2025-04-25,2025,4,25,16.6,5.4,11,0,0,0,,,,,,,,,,
-73.93,45.43,SADB_1,2025-04-26,2025,4,26,10.6,5.3,8,9.4,0,0,,,,,,,,,,
-73.93,45.43,SADB_1,2025-04-27,2025,4,27,17.8,2.4,10.1,7.7,0,0,,,,,,,,,,
-73.93,45.43,SADB_1,2025-04-28,2025,4,28,21,5.7,13.4,0,0,0,,,,,,,,,,
-73.93,45.43,SADB_1,2025-04-29,2025,4,29,26.5,7.9,17.2,1,0,0,,,,,,,,,,
-73.93,45.43,SADB_1,2025-04-30,2025,4,30,10.7,1.1,5.9,0.2,0,0,,,,,,,,,,
-73.93,45.43,SADB_1,2025-05-01,2025,5,1,16.1,-0.1,8,0.2,0,0,,,,,,,,,,
-73.93,45.43,SADB_1,2025-05-02,2025,5,2,21.9,10,15.9,2.4,0,0,,,,,,,,,,
-73.93,45.43,SADB_1,2025-05-03,2025,5,3,15.4,8.6,12,0,0,0,,,,,,,,,,
-73.93,45.43,SADB_1,2025-05-04,2025,5,4,19.2,6.6,12.9,0,0,0,,,,,,,,,,
-73.93,45.43,SADB_1,2025-05-05,2025,5,5,23.7,9.5,16.6,0,0,0,,,,,,,,,,
-73.93,45.43,SADB_1,2025-05-06,2025,5,6,22.5,12.8,17.7,11.3,0,0,,,,,,,,,,
-73.93,45.43,SADB_1,2025-05-07,2025,5,7,,,,0,0,0,,,,,,,,,,
-73.93,45.43,SADB_1,2025-05-08,2025,5,8,10.4,6.1,8.2,0.2,0,0,,,,,,,,,,
-73.93,45.43,SADB_1,2025-05-09,2025,5,9,8.2,5.6,6.9,8.2,0,0,,,,,,,,,,
-73.93,45.43,SADB_1,2025-05-10,2025,5,10,19.3,7.1,13.2,3.6,0,0,,,,,,,,,,
-73.93,45.43,SADB_1,2025-05-11,2025,5,11,16.6,3.2,9.9,0,0,0,,,,,,,,,,
-73.93,45.43,SADB_1,2025-05-12,2025,5,12,22.4,9.8,16.1,0,0,0,,,,,,,,,,
-73.93,45.43,SADB_1,2025-05-13,2025,5,13,26.1,7.5,16.8,0,0,0,,,,,,,,,,
-73.93,45.43,SADB_1,2025-05-14,2025,5,14,26.9,9.4,18.2,0,0,0,,,,,,,,,,
-73.93,45.43,SADB_1,2025-05-15,2025,5,15,25.9,16.3,21.1,0,0,0,,,,,,,,,,
-73.93,45.43,SADB_1,2025-05-16,2025,5,16,27.8,13.8,20.8,1,0,0,,,,,,,,,,
-73.93,45.43,SADB_1,2025-05-17,2025,5,17,19.3,12.6,16,13.2,0,0,,,,,,,,,,
-73.93,45.43,SADB_1,2025-05-18,2025,5,18,15,7.4,11.2,14.2,0,0,,,,,,,,,,
-73.93,45.43,SADB_1,2025-05-19,2025,5,19,10.1,6.9,8.5,0,0,0,,,,,,,,,,
-73.93,45.43,SADB_1,2025-05-20,2025,5,20,12.3,6.3,9.3,0,0,0,,,,,,,,,,
-73.93,45.43,SADB_1,2025-05-21,2025,5,21,16.1,8.6,12.4,0.7,0,0,,,,,,,,,,
-73.93,45.43,SADB_1,2025-05-22,2025,5,22,11.2,8.1,9.7,1.9,0,0,,,,,,,,,,
-73.93,45.43,SADB_1,2025-05-23,2025,5,23,10.6,7.2,8.9,5.4,0,0,,,,,,,,,,
-73.93,45.43,SADB_1,2025-05-24,2025,5,24,11.9,6.4,9.2,3,0,0,,,,,,,,,,
-73.93,45.43,SADB_1,2025-05-25,2025,5,25,17.9,7.8,12.8,1.6,0,0,,,,,,,,,,
-73.74,45.47,PETI,2025-01-01,2025,1,1,2.1,0.4,1.2,5.9,0,46,,,,,,,,,,
-73.74,45.47,PETI,2025-01-02,2025,1,2,0.9,-3.7,-1.4,0,0,63,,,,,,,,,,
-73.74,45.47,PETI,2025-01-03,2025,1,3,-3.6,-9.7,-6.7,0.2,0,54,,,,,,,,,,
-73.74,45.47,PETI,2025-01-04,2025,1,4,-9.3,-12.5,-10.9,0.7,0,43,,,,,,,,,,
-73.74,45.47,PETI,2025-01-05,2025,1,5,-9.8,-14.5,-12.1,0.4,0,36,,,,,,,,,,
-73.74,45.47,PETI,2025-01-06,2025,1,6,-9.4,-15.9,-12.7,0,0,33,,,,,,,,,,
-73.74,45.47,PETI,2025-01-07,2025,1,7,-6.3,-11.8,-9.1,1.5,0,48,,,,,,,,,,
-73.74,45.47,PETI,2025-01-08,2025,1,8,-11.1,-14.2,-12.7,1.7,0,43,,,,,,,,,,
-73.74,45.47,PETI,2025-01-09,2025,1,9,-6.1,-11.8,-9,0.2,3,50,,,,,,,,,,
-73.74,45.47,PETI,2025-01-10,2025,1,10,-5.8,-11,-8.4,0,3,36,,,,,,,,,,
-73.74,45.47,PETI,2025-01-11,2025,1,11,-5,-7.9,-6.4,2,4,0,,,,,,,,,,
-73.74,45.47,PETI,2025-01-12,2025,1,12,-3.6,-11.9,-7.7,0.3,4,0,,,,,,,,,,
-73.74,45.47,PETI,2025-01-13,2025,1,13,-1.1,-5.2,-3.2,4.2,5,42,,,,,,,,,,
-73.74,45.47,PETI,2025-01-14,2025,1,14,-2.3,-7.8,-5,0.2,9,48,,,,,,,,,,
-73.74,45.47,PETI,2025-01-15,2025,1,15,-5.5,-12.2,-8.9,0.2,7,31,,,,,,,,,,
-73.74,45.47,PETI,2025-01-16,2025,1,16,-3.7,-10.4,-7.1,0.2,7,0,,,,,,,,,,
-73.74,45.47,PETI,2025-01-17,2025,1,17,-0.4,-8.7,-4.6,0.2,8,33,,,,,,,,,,
-73.74,45.47,PETI,2025-01-18,2025,1,18,2.6,-1,0.8,3.2,6,38,,,,,,,,,,
-73.74,45.47,PETI,2025-01-19,2025,1,19,-1,-11,-6,0.2,5,35,,,,,,,,,,
-73.74,45.47,PETI,2025-01-20,2025,1,20,-10.8,-16.9,-13.9,0.2,5,31,,,,,,,,,,
-73.74,45.47,PETI,2025-01-21,2025,1,21,-10.5,-15.8,-13.1,0,5,33,,,,,,,,,,
-73.74,45.47,PETI,2025-01-22,2025,1,22,-9.6,-16.8,-13.2,0,5,0,,,,,,,,,,
-73.74,45.47,PETI,2025-01-23,2025,1,23,-5.5,-10.4,-8,1.7,5,0,,,,,,,,,,
-73.74,45.47,PETI,2025-01-24,2025,1,24,-8.3,-17,-12.7,0.2,7,0,,,,,,,,,,
-73.74,45.47,PETI,2025-01-25,2025,1,25,-3.4,-19.9,-11.6,0.4,6,41,,,,,,,,,,
-73.74,45.47,PETI,2025-01-26,2025,1,26,0.2,-6.3,-3.1,0,10,58,,,,,,,,,,
-73.74,45.47,PETI,2025-01-27,2025,1,27,2.1,-5.3,-1.6,1,8,75,,,,,,,,,,
-73.74,45.47,PETI,2025-01-28,2025,1,28,-1.3,-15.6,-8.4,0.8,7,47,,,,,,,,,,
-73.74,45.47,PETI,2025-01-29,2025,1,29,-8.2,-14.5,-11.4,3.3,10,38,,,,,,,,,,
-73.74,45.47,PETI,2025-01-30,2025,1,30,-9.4,-19.1,-14.2,0.9,16,33,,,,,,,,,,
-73.74,45.47,PETI,2025-01-31,2025,1,31,-2.5,-11.6,-7,0.2,15,43,,,,,,,,,,
-73.74,45.47,PETI,2025-02-01,2025,2,1,-8.6,-19.4,-14,0,13,43,,,,,,,,,,
-73.74,45.47,PETI,2025-02-02,2025,2,2,-11.5,-22.6,-17,1.1,13,31,,,,,,,,,,
-73.74,45.47,PETI,2025-02-03,2025,2,3,-0.2,-12.1,-6.1,5.5,15,32,,,,,,,,,,
-73.74,45.47,PETI,2025-02-04,2025,2,4,-3.9,-14.5,-9.2,0,19,44,,,,,,,,,,
-73.74,45.47,PETI,2025-02-05,2025,2,5,-12.7,-18.7,-15.7,0.3,14,32,,,,,,,,,,
-73.74,45.47,PETI,2025-02-06,2025,2,6,0.9,-17.8,-8.4,5.5,14,48,,,,,,,,,,
-73.74,45.47,PETI,2025-02-07,2025,2,7,0.4,-8.5,-4,1.4,22,60,,,,,,,,,,
-73.74,45.47,PETI,2025-02-08,2025,2,8,-5.2,-9.8,-7.5,0.2,18,0,,,,,,,,,,
-73.74,45.47,PETI,2025-02-09,2025,2,9,-3.3,-9.5,-6.4,1.7,20,0,,,,,,,,,,
-73.74,45.47,PETI,2025-02-10,2025,2,10,-6,-11.1,-8.6,0,21,0,,,,,,,,,,
-73.74,45.47,PETI,2025-02-11,2025,2,11,-3.6,-12.5,-8,0,20,48,,,,,,,,,,
-73.74,45.47,PETI,2025-02-12,2025,2,12,-10.6,-16.8,-13.7,0,17,37,,,,,,,,,,
-73.74,45.47,PETI,2025-02-13,2025,2,13,-2.9,-11.8,-7.4,22.1,23,60,,,,,,,,,,
-73.74,45.47,PETI,2025-02-14,2025,2,14,-6.9,-14.7,-10.8,0,31,48,,,,,,,,,,
-73.74,45.47,PETI,2025-02-15,2025,2,15,-7.7,-14,-10.9,0.4,30,36,,,,,,,,,,
-73.74,45.47,PETI,2025-02-16,2025,2,16,-9.2,-10.5,-9.8,16.2,30,62,,,,,,,,,,
-73.74,45.47,PETI,2025-02-17,2025,2,17,-9.6,-14.2,-11.9,1,44,69,,,,,,,,,,
-73.74,45.47,PETI,2025-02-18,2025,2,18,-12.7,-15.3,-14,0,27,48,,,,,,,,,,
-73.74,45.47,PETI,2025-02-19,2025,2,19,-10.1,-17.1,-13.6,0,27,35,,,,,,,,,,
-73.74,45.47,PETI,2025-02-20,2025,2,20,-6.6,-17.5,-12.1,0,27,0,,,,,,,,,,
-73.74,45.47,PETI,2025-02-21,2025,2,21,-7.7,-12.1,-9.9,0,27,41,,,,,,,,,,
-73.74,45.47,PETI,2025-02-22,2025,2,22,-1.7,-14.5,-8.1,0,27,0,,,,,,,,,,
-73.74,45.47,PETI,2025-02-23,2025,2,23,-0.8,-5.9,-3.4,0,27,32,,,,,,,,,,
-73.74,45.47,PETI,2025-02-24,2025,2,24,6.8,-4.4,1.2,0,26,44,,,,,,,,,,
-73.74,45.47,PETI,2025-02-25,2025,2,25,6,1.9,3.9,3.1,24,39,,,,,,,,,,
-73.74,45.47,PETI,2025-02-26,2025,2,26,2.3,-4,-0.9,0,19,0,,,,,,,,,,
-73.74,45.47,PETI,2025-02-27,2025,2,27,1.9,-4.7,-1.4,4.9,18,32,,,,,,,,,,
-73.74,45.47,PETI,2025-02-28,2025,2,28,2,-10.1,-4.1,4.4,20,51,,,,,,,,,,
-73.74,45.47,PETI,2025-03-01,2025,3,1,-1.4,-13.7,-7.5,3,23,46,,,,,,,,,,
-73.74,45.47,PETI,2025-03-02,2025,3,2,-12.9,-19.5,-16.2,0.2,23,41,,,,,,,,,,
-73.74,45.47,PETI,2025-03-03,2025,3,3,-5.1,-21.7,-13.4,0,20,0,,,,,,,,,,
-73.74,45.47,PETI,2025-03-04,2025,3,4,3.4,-5.5,-1,4.6,20,35,,,,,,,,,,
-73.74,45.47,PETI,2025-03-05,2025,3,5,8.6,0.9,4.8,6.4,22,47,,,,,,,,,,
-73.74,45.47,PETI,2025-03-06,2025,3,6,7,-7.1,-0.1,0.9,10,57,,,,,,,,,,
-73.74,45.47,PETI,2025-03-07,2025,3,7,0.6,-7.9,-3.6,0,5,64,,,,,,,,,,
-73.74,45.47,PETI,2025-03-08,2025,3,8,-1.6,-7.3,-4.5,0,4,58,,,,,,,,,,
-73.74,45.47,PETI,2025-03-09,2025,3,9,2.6,-5.7,-1.5,1.5,4,37,,,,,,,,,,
-73.74,45.47,PETI,2025-03-10,2025,3,10,3,-4.6,-0.8,0.7,5,0,,,,,,,,,,
-73.74,45.47,PETI,2025-03-11,2025,3,11,14.6,-3.8,5.4,0,4,53,,,,,,,,,,
-73.74,45.47,PETI,2025-03-12,2025,3,12,-1.8,-7.7,-4.7,0,1,0,,,,,,,,,,
-73.74,45.47,PETI,2025-03-13,2025,3,13,6.5,-8.1,-0.8,0,1,0,,,,,,,,,,
-73.74,45.47,PETI,2025-03-14,2025,3,14,11.1,-6,2.5,0,1,0,,,,,,,,,,
-73.74,45.47,PETI,2025-03-15,2025,3,15,16.4,0.2,8.3,0,1,0,,,,,,,,,,
-73.74,45.47,PETI,2025-03-16,2025,3,16,16.5,7.5,12,5.2,1,49,,,,,,,,,,
-73.74,45.47,PETI,2025-03-17,2025,3,17,9.6,-3.9,2.9,0.2,1,32,,,,,,,,,,
-73.74,45.47,PETI,2025-03-18,2025,3,18,7.1,-5.7,0.7,0,1,0,,,,,,,,,,
-73.74,45.47,PETI,2025-03-19,2025,3,19,19.3,-0.5,9.4,0,1,34,,,,,,,,,,
-73.74,45.47,PETI,2025-03-20,2025,3,20,19.6,6.2,12.9,0.2,1,48,,,,,,,,,,
-73.74,45.47,PETI,2025-03-21,2025,3,21,6.9,-1.5,2.7,0.2,1,49,,,,,,,,,,
-73.74,45.47,PETI,2025-03-22,2025,3,22,11.8,-7.5,2.2,1.2,1,59,,,,,,,,,,
-73.74,45.47,PETI,2025-03-23,2025,3,23,-1.2,-10,-5.6,0.2,0,36,,,,,,,,,,
-73.74,45.47,PETI,2025-03-24,2025,3,24,3.7,-4.7,-0.5,5.7,0,36,,,,,,,,,,
-73.74,45.47,PETI,2025-03-25,2025,3,25,4.4,0.9,2.6,0.5,0,38,,,,,,,,,,
-73.74,45.47,PETI,2025-03-26,2025,3,26,4.7,-0.2,2.3,0.2,0,38,,,,,,,,,,
-73.74,45.47,PETI,2025-03-27,2025,3,27,7.7,-2,2.8,0.8,0,48,,,,,,,,,,
-73.74,45.47,PETI,2025-03-28,2025,3,28,3.7,-4.5,-0.4,1,0,44,,,,,,,,,,
-73.74,45.47,PETI,2025-03-29,2025,3,29,1.6,-5.2,-1.8,1.5,0,46,,,,,,,,,,
-73.74,45.47,PETI,2025-03-30,2025,3,30,2.2,-1.8,0.2,20.8,0,35,,,,,,,,,,
-73.74,45.47,PETI,2025-03-31,2025,3,31,13.8,0.4,7.1,5.7,0,43,,,,,,,,,,
-73.74,45.47,PETI,2025-04-01,2025,4,1,2.7,-6.4,-1.9,0.2,0,49,,,,,,,,,,
-73.74,45.47,PETI,2025-04-02,2025,4,2,1.8,-7.2,-2.7,1.2,0,38,,,,,,,,,,
-73.74,45.47,PETI,2025-04-03,2025,4,3,19.1,0.8,10,24.2,0,68,,,,,,,,,,
-73.74,45.47,PETI,2025-04-04,2025,4,4,10.8,3.4,7.1,0,0,44,,,,,,,,,,
-73.74,45.47,PETI,2025-04-05,2025,4,5,7.5,2,4.7,10.7,0,52,,,,,,,,,,
-73.74,45.47,PETI,2025-04-06,2025,4,6,8.3,0.4,4.3,0.7,0,49,,,,,,,,,,
-73.74,45.47,PETI,2025-04-07,2025,4,7,8,-0.7,3.6,0,0,0,,,,,,,,,,
-73.74,45.47,PETI,2025-04-08,2025,4,8,4.3,-5.9,-0.8,6,0,44,,,,,,,,,,
-73.74,45.47,PETI,2025-04-09,2025,4,9,1.9,-7,-2.5,0,3,42,,,,,,,,,,
-73.74,45.47,PETI,2025-04-10,2025,4,10,7.6,-2.8,2.4,0,0,0,,,,,,,,,,
-73.74,45.47,PETI,2025-04-11,2025,4,11,7.8,2.9,5.3,1.5,0,0,,,,,,,,,,
-73.74,45.47,PETI,2025-04-12,2025,4,12,10.6,2.3,6.4,0.2,0,0,,,,,,,,,,
-73.74,45.47,PETI,2025-04-13,2025,4,13,15.3,5,10.1,0,0,33,,,,,,,,,,
-73.74,45.47,PETI,2025-04-14,2025,4,14,16.4,1.1,8.8,0,0,0,,,,,,,,,,
-73.74,45.47,PETI,2025-04-15,2025,4,15,15.1,4.2,9.6,2.7,0,56,,,,,,,,,,
-73.74,45.47,PETI,2025-04-16,2025,4,16,,,,0,0,0,,,,,,,,,,
-73.74,45.47,PETI,2025-04-17,2025,4,17,9.7,0.1,4.9,0,0,49,,,,,,,,,,
-73.74,45.47,PETI,2025-04-18,2025,4,18,14.8,-0.2,7.3,0,0,39,,,,,,,,,,
-73.74,45.47,PETI,2025-04-19,2025,4,19,20.3,6.9,13.6,3.6,0,60,,,,,,,,,,
-73.74,45.47,PETI,2025-04-20,2025,4,20,10.7,2.3,6.5,0.2,0,56,,,,,,,,,,
-73.74,45.47,PETI,2025-04-21,2025,4,21,13.5,0.7,7.1,6.6,0,40,,,,,,,,,,
-73.74,45.47,PETI,2025-04-22,2025,4,22,11.3,7.2,9.3,0,0,53,,,,,,,,,,
-73.74,45.47,PETI,2025-04-23,2025,4,23,15,4.2,9.6,0.2,0,40,,,,,,,,,,
-73.74,45.47,PETI,2025-04-24,2025,4,24,18.6,2.3,10.5,0,0,0,,,,,,,,,,
-73.74,45.47,PETI,2025-04-25,2025,4,25,,,,0,0,0,,,,,,,,,,
-73.74,45.47,PETI,2025-04-26,2025,4,26,10.8,5.7,8.2,9.2,0,36,,,,,,,,,,
-73.74,45.47,PETI,2025-04-27,2025,4,27,18.2,2.2,10.2,10.2,0,48,,,,,,,,,,
-73.74,45.47,PETI,2025-04-28,2025,4,28,21,5.3,13.2,0,0,34,,,,,,,,,,
-73.74,45.47,PETI,2025-04-29,2025,4,29,,,,0,0,0,,,,,,,,,,
-73.74,45.47,PETI,2025-04-30,2025,4,30,,,,0,0,0,,,,,,,,,,
-73.74,45.47,PETI,2025-05-01,2025,5,1,16.5,3.8,10.1,0.7,0,0,,,,,,,,,,
-73.74,45.47,PETI,2025-05-02,2025,5,2,,,,0,0,0,,,,,,,,,,
-73.74,45.47,PETI,2025-05-03,2025,5,3,14.7,9.2,12,0,0,0,,,,,,,,,,
-73.74,45.47,PETI,2025-05-04,2025,5,4,,,,0,0,0,,,,,,,,,,
-73.74,45.47,PETI,2025-05-05,2025,5,5,23.9,9.6,16.8,0,0,38,,,,,,,,,,
-73.74,45.47,PETI,2025-05-06,2025,5,6,23.2,13.6,18.4,8.8,0,47,,,,,,,,,,
-73.74,45.47,PETI,2025-05-07,2025,5,7,19.9,9.7,14.8,0,0,40,,,,,,,,,,
-73.74,45.47,PETI,2025-05-08,2025,5,8,10.5,6.3,8.4,0,0,31,,,,,,,,,,
-73.74,45.47,PETI,2025-05-09,2025,5,9,8.6,5.5,7,8.5,0,31,,,,,,,,,,
-73.74,45.47,PETI,2025-05-10,2025,5,10,18.6,7.1,12.9,6,0,36,,,,,,,,,,
-73.74,45.47,PETI,2025-05-11,2025,5,11,17.5,3.2,10.3,0,0,34,,,,,,,,,,
-73.74,45.47,PETI,2025-05-12,2025,5,12,21.2,10.6,15.9,0,0,31,,,,,,,,,,
-73.74,45.47,PETI,2025-05-13,2025,5,13,26.5,11.2,18.9,0,0,33,,,,,,,,,,
-73.74,45.47,PETI,2025-05-14,2025,5,14,27.7,12.6,20.1,0,0,31,,,,,,,,,,
-73.74,45.47,PETI,2025-05-15,2025,5,15,26.2,17.6,21.9,0,0,0,,,,,,,,,,
-73.74,45.47,PETI,2025-05-16,2025,5,16,29.1,16.8,23,10,0,47,,,,,,,,,,
-73.74,45.47,PETI,2025-05-17,2025,5,17,21,13,17,12.6,0,40,,,,,,,,,,
-73.74,45.47,PETI,2025-05-18,2025,5,18,15,7.6,11.3,13.4,0,46,,,,,,,,,,
-73.74,45.47,PETI,2025-05-19,2025,5,19,10.9,6.8,8.8,0,0,40,,,,,,,,,,
-73.74,45.47,PETI,2025-05-20,2025,5,20,12.2,6.6,9.4,0,0,0,,,,,,,,,,
-73.74,45.47,PETI,2025-05-21,2025,5,21,17.1,9.2,13.1,0.2,0,36,,,,,,,,,,
-73.74,45.47,PETI,2025-05-22,2025,5,22,11.7,8.5,10.1,3.1,0,43,,,,,,,,,,
-73.74,45.47,PETI,2025-05-23,2025,5,23,10.6,7.3,8.9,5.4,0,0,,,,,,,,,,
-73.74,45.47,PETI,2025-05-24,2025,5,24,11.9,6.7,9.3,8.5,0,0,,,,,,,,,,
-73.74,45.47,PETI,2025-05-25,2025,5,25,18.3,7,12.7,2.7,0,32,,,,,,,,,,
,,,,,,,,,,,,,,,,,,,,,,
,,,,,,,,,,,,,,,,,,,,,,
,,,,,,,,,,,,,,,,,,,,,,
,,,,,,,,,,,,,,,,,,,,,,
,,,,,,,,,,,,,,,,,,,,,,
,,,,,,,,,,,,,,,,,,,,,,
,,,,,,,,,,,,,,,,,,,,,,
,,,,,,,,,,,,,,,,,,,,,,
,,,,,,,,,,,,,,,,,,,,,,
,,,,,,,,,,,,,,,,,,,,,,
,,,,,,,,,,,,,,,,,,,,,,
,,,,,,,,,,,,,,,,,,,,,,
,,,,,,,,,,,,,,,,,,,,,,
,,,,,,,,,,,,,,,,,,,,,,
,,,,,,,,,,,,,,,,,,,,,,
,,,,,,,,,,,,,,,,,,,,,,
,,,,,,,,,,,,,,,,,,,,,,
,,,,,,,,,,,,,,,,,,,,,,
,,,,,,,,,,,,,,,,,,,,,,
,,,,,,,,,,,,,,,,,,,,,,
,,,,,,,,,,,,,,,,,,,,,,
,,,,,,,,,,,,,,,,,,,,,,
,,,,,,,,,,,,,,,,,,,,,,
,,,,,,,,,,,,,,,,,,,,,,
,,,,,,,,,,,,,,,,,,,,,,
,,,,,,,,,,,,,,,,,,,,,,
,,,,,,,,,,,,,,,,,,,,,,
,,,,,,,,,,,,,,,,,,,,,,
,,,,,,,,,,,,,,,,,,,,,,
,,,,,,,,,,,,,,,,,,,,,,
,,,,,,,,,,,,,,,,,,,,,,
,,,,,,,,,,,,,,,,,,,,,,
,,,,,,,,,,,,,,,,,,,,,,
,,,,,,,,,,,,,,,,,,,,,,
,,,,,,,,,,,,,,,,,,,,,,
,,,,,,,,,,,,,,,,,,,,,,
,,,,,,,,,,,,,,,,,,,,,,
,,,,,,,,,,,,,,,,,,,,,,
,,,,,,,,,,,,,,,,,,,,,,
,,,,,,,,,,,,,,,,,,,,,,
,,,,,,,,,,,,,,,,,,,,,,
,,,,,,,,,,,,,,,,,,,,,,
,,,,,,,,,,,,,,,,,,,,,,
,,,,,,,,,,,,,,,,,,,,,,
,,,,,,,,,,,,,,,,,,,,,,
,,,,,,,,,,,,,,,,,,,,,,
,,,,,,,,,,,,,,,,,,,,,,
,,,,,,,,,,,,,,,,,,,,,,
,,,,,,,,,,,,,,,,,,,,,,
,,,,,,,,,,,,,,,,,,,,,,
,,,,,,,,,,,,,,,,,,,,,,
,,,,,,,,,,,,,,,,,,,,,,
,,,,,,,,,,,,,,,,,,,,,,
,,,,,,,,,,,,,,,,,,,,,,
,,,,,,,,,,,,,,,,,,,,,,
,,,,,,,,,,,,,,,,,,,,,,
,,,,,,,,,,,,,,,,,,,,,,
,,,,,,,,,,,,,,,,,,,,,,
,,,,,,,,,,,,,,,,,,,,,,
,,,,,,,,,,,,,,,,,,,,,,
,,,,,,,,,,,,,,,,,,,,,,
,,,,,,,,,,,,,,,,,,,,,,
,,,,,,,,,,,,,,,,,,,,,,
,,,,,,,,,,,,,,,,,,,,,,
,,,,,,,,,,,,,,,,,,,,,,
,,,,,,,,,,,,,,,,,,,,,,
,,,,,,,,,,,,,,,,,,,,,,
,,,,,,,,,,,,,,,,,,,,,,
,,,,,,,,,,,,,,,,,,,,,,
,,,,,,,,,,,,,,,,,,,,,,
,,,,,,,,,,,,,,,,,,,,,,
,,,,,,,,,,,,,,,,,,,,,,
,,,,,,,,,,,,,,,,,,,,,,
,,,,,,,,,,,,,,,,,,,,,,
,,,,,,,,,,,,,,,,,,,,,,
,,,,,,,,,,,,,,,,,,,,,,
,,,,,,,,,,,,,,,,,,,,,,
,,,,,,,,,,,,,,,,,,,,,,
,,,,,,,,,,,,,,,,,,,,,,
,,,,,,,,,,,,,,,,,,,,,,
,,,,,,,,,,,,,,,,,,,,,,
,,,,,,,,,,,,,,,,,,,,,,
,,,,,,,,,,,,,,,,,,,,,,
,,,,,,,,,,,,,,,,,,,,,,
,,,,,,,,,,,,,,,,,,,,,,
,,,,,,,,,,,,,,,,,,,,,,
,,,,,,,,,,,,,,,,,,,,,,
,,,,,,,,,,,,,,,,,,,,,,
,,,,,,,,,,,,,,,,,,,,,,
,,,,,,,,,,,,,,,,,,,,,,
,,,,,,,,,,,,,,,,,,,,,,
,,,,,,,,,,,,,,,,,,,,,,
,,,,,,,,,,,,,,,,,,,,,,
,,,,,,,,,,,,,,,,,,,,,,
,,,,,,,,,,,,,,,,,,,,,,
,,,,,,,,,,,,,,,,,,,,,,
,,,,,,,,,,,,,,,,,,,,,,
,,,,,,,,,,,,,,,,,,,,,,
,,,,,,,,,,,,,,,,,,,,,,
,,,,,,,,,,,,,,,,,,,,,,
,,,,,,,,,,,,,,,,,,,,,,
,,,,,,,,,,,,,,,,,,,,,,
,,,,,,,,,,,,,,,,,,,,,,
,,,,,,,,,,,,,,,,,,,,,,
,,,,,,,,,,,,,,,,,,,,,,
,,,,,,,,,,,,,,,,,,,,,,
,,,,,,,,,,,,,,,,,,,,,,
,,,,,,,,,,,,,,,,,,,,,,
,,,,,,,,,,,,,,,,,,,,,,
,,,,,,,,,,,,,,,,,,,,,,
,,,,,,,,,,,,,,,,,,,,,,
,,,,,,,,,,,,,,,,,,,,,,
,,,,,,,,,,,,,,,,,,,,,,
,,,,,,,,,,,,,,,,,,,,,,
,,,,,,,,,,,,,,,,,,,,,,
,,,,,,,,,,,,,,,,,,,,,,
,,,,,,,,,,,,,,,,,,,,,,
,,,,,,,,,,,,,,,,,,,,,,
,,,,,,,,,,,,,,,,,,,,,,
,,,,,,,,,,,,,,,,,,,,,,
,,,,,,,,,,,,,,,,,,,,,,
,,,,,,,,,,,,,,,,,,,,,,
,,,,,,,,,,,,,,,,,,,,,,
,,,,,,,,,,,,,,,,,,,,,,
,,,,,,,,,,,,,,,,,,,,,,
,,,,,,,,,,,,,,,,,,,,,,
,,,,,,,,,,,,,,,,,,,,,,
,,,,,,,,,,,,,,,,,,,,,,
,,,,,,,,,,,,,,,,,,,,,,
,,,,,,,,,,,,,,,,,,,,,,
,,,,,,,,,,,,,,,,,,,,,,
,,,,,,,,,,,,,,,,,,,,,,
,,,,,,,,,,,,,,,,,,,,,,
,,,,,,,,,,,,,,,,,,,,,,
,,,,,,,,,,,,,,,,,,,,,,
,,,,,,,,,,,,,,,,,,,,,,
,,,,,,,,,,,,,,,,,,,,,,
,,,,,,,,,,,,,,,,,,,,,,
,,,,,,,,,,,,,,,,,,,,,,
,,,,,,,,,,,,,,,,,,,,,,
,,,,,,,,,,,,,,,,,,,,,,
,,,,,,,,,,,,,,,,,,,,,,
,,,,,,,,,,,,,,,,,,,,,,
,,,,,,,,,,,,,,,,,,,,,,
,,,,,,,,,,,,,,,,,,,,,,
,,,,,,,,,,,,,,,,,,,,,,
,,,,,,,,,,,,,,,,,,,,,,
,,,,,,,,,,,,,,,,,,,,,,
,,,,,,,,,,,,,,,,,,,,,,
,,,,,,,,,,,,,,,,,,,,,,
,,,,,,,,,,,,,,,,,,,,,,
,,,,,,,,,,,,,,,,,,,,,,
,,,,,,,,,,,,,,,,,,,,,,
,,,,,,,,,,,,,,,,,,,,,,
,,,,,,,,,,,,,,,,,,,,,,
,,,,,,,,,,,,,,,,,,,,,,
,,,,,,,,,,,,,,,,,,,,,,
,,,,,,,,,,,,,,,,,,,,,,
,,,,,,,,,,,,,,,,,,,,,,
,,,,,,,,,,,,,,,,,,,,,,
,,,,,,,,,,,,,,,,,,,,,,
,,,,,,,,,,,,,,,,,,,,,,
,,,,,,,,,,,,,,,,,,,,,,
,,,,,,,,,,,,,,,,,,,,,,
,,,,,,,,,,,,,,,,,,,,,,
,,,,,,,,,,,,,,,,,,,,,,
,,,,,,,,,,,,,,,,,,,,,,
,,,,,,,,,,,,,,,,,,,,,,
,,,,,,,,,,,,,,,,,,,,,,
,,,,,,,,,,,,,,,,,,,,,,
,,,,,,,,,,,,,,,,,,,,,,
,,,,,,,,,,,,,,,,,,,,,,
,,,,,,,,,,,,,,,,,,,,,,
,,,,,,,,,,,,,,,,,,,,,,
,,,,,,,,,,,,,,,,,,,,,,
,,,,,,,,,,,,,,,,,,,,,,
,,,,,,,,,,,,,,,,,,,,,,
,,,,,,,,,,,,,,,,,,,,,,
,,,,,,,,,,,,,,,,,,,,,,
,,,,,,,,,,,,,,,,,,,,,,
,,,,,,,,,,,,,,,,,,,,,,
,,,,,,,,,,,,,,,,,,,,,,
,,,,,,,,,,,,,,,,,,,,,,
,,,,,,,,,,,,,,,,,,,,,,
,,,,,,,,,,,,,,,,,,,,,,
,,,,,,,,,,,,,,,,,,,,,,
,,,,,,,,,,,,,,,,,,,,,,
,,,,,,,,,,,,,,,,,,,,,,
,,,,,,,,,,,,,,,,,,,,,,
,,,,,,,,,,,,,,,,,,,,,,
,,,,,,,,,,,,,,,,,,,,,,
,,,,,,,,,,,,,,,,,,,,,,
,,,,,,,,,,,,,,,,,,,,,,
,,,,,,,,,,,,,,,,,,,,,,
,,,,,,,,,,,,,,,,,,,,,,
,,,,,,,,,,,,,,,,,,,,,,
,,,,,,,,,,,,,,,,,,,,,,
,,,,,,,,,,,,,,,,,,,,,,
,,,,,,,,,,,,,,,,,,,,,,
,,,,,,,,,,,,,,,,,,,,,,
,,,,,,,,,,,,,,,,,,,,,,
,,,,,,,,,,,,,,,,,,,,,,
,,,,,,,,,,,,,,,,,,,,,,
,,,,,,,,,,,,,,,,,,,,,,
,,,,,,,,,,,,,,,,,,,,,,
,,,,,,,,,,,,,,,,,,,,,,
,,,,,,,,,,,,,,,,,,,,,,
,,,,,,,,,,,,,,,,,,,,,,
,,,,,,,,,,,,,,,,,,,,,,
,,,,,,,,,,,,,,,,,,,,,,
,,,,,,,,,,,,,,,,,,,,,,
,,,,,,,,,,,,,,,,,,,,,,
,,,,,,,,,,,,,,,,,,,,,,
,,,,,,,,,,,,,,,,,,,,,,
,,,,,,,,,,,,,,,,,,,,,,
,,,,,,,,,,,,,,,,,,,,,,
,,,,,,,,,,,,,,,,,,,,,,
,,,,,,,,,,,,,,,,,,,,,,
,,,,,,,,,,,,,,,,,,,,,,
,,,,,,,,,,,,,,,,,,,,,,